[2026-04-03T00:01:41.204+0000] {processor.py:161} INFO - Started process (PID=45598) to work on /opt/airflow/dags/isr_pipeline.py
[2026-04-03T00:01:41.207+0000] {processor.py:830} INFO - Processing file /opt/airflow/dags/isr_pipeline.py for tasks to queue
[2026-04-03T00:01:41.209+0000] {logging_mixin.py:188} INFO - [2026-04-03T00:01:41.208+0000] {dagbag.py:540} INFO - Filling up the DagBag from /opt/airflow/dags/isr_pipeline.py
[2026-04-03T00:01:41.231+0000] {processor.py:840} INFO - DAG(s) 'isr_pipeline' retrieved from /opt/airflow/dags/isr_pipeline.py
[2026-04-03T00:01:41.290+0000] {logging_mixin.py:188} INFO - [2026-04-03T00:01:41.290+0000] {dag.py:3096} INFO - Sync 1 DAGs
[2026-04-03T00:01:41.341+0000] {processor.py:183} INFO - Processing /opt/airflow/dags/isr_pipeline.py took 0.155 seconds
[2026-04-03T00:02:11.574+0000] {processor.py:161} INFO - Started process (PID=45603) to work on /opt/airflow/dags/isr_pipeline.py
[2026-04-03T00:02:11.581+0000] {processor.py:830} INFO - Processing file /opt/airflow/dags/isr_pipeline.py for tasks to queue
[2026-04-03T00:02:11.588+0000] {logging_mixin.py:188} INFO - [2026-04-03T00:02:11.586+0000] {dagbag.py:540} INFO - Filling up the DagBag from /opt/airflow/dags/isr_pipeline.py
[2026-04-03T00:02:11.676+0000] {processor.py:840} INFO - DAG(s) 'isr_pipeline' retrieved from /opt/airflow/dags/isr_pipeline.py
[2026-04-03T00:02:11.860+0000] {logging_mixin.py:188} INFO - [2026-04-03T00:02:11.859+0000] {dag.py:3096} INFO - Sync 1 DAGs
[2026-04-03T00:02:12.094+0000] {processor.py:183} INFO - Processing /opt/airflow/dags/isr_pipeline.py took 0.559 seconds
[2026-04-03T00:02:42.505+0000] {processor.py:161} INFO - Started process (PID=45608) to work on /opt/airflow/dags/isr_pipeline.py
[2026-04-03T00:02:42.512+0000] {processor.py:830} INFO - Processing file /opt/airflow/dags/isr_pipeline.py for tasks to queue
[2026-04-03T00:02:42.520+0000] {logging_mixin.py:188} INFO - [2026-04-03T00:02:42.518+0000] {dagbag.py:540} INFO - Filling up the DagBag from /opt/airflow/dags/isr_pipeline.py
[2026-04-03T00:02:42.611+0000] {processor.py:840} INFO - DAG(s) 'isr_pipeline' retrieved from /opt/airflow/dags/isr_pipeline.py
[2026-04-03T00:02:42.797+0000] {logging_mixin.py:188} INFO - [2026-04-03T00:02:42.796+0000] {dag.py:3096} INFO - Sync 1 DAGs
[2026-04-03T00:02:43.026+0000] {processor.py:183} INFO - Processing /opt/airflow/dags/isr_pipeline.py took 0.560 seconds
[2026-04-03T00:03:13.536+0000] {processor.py:161} INFO - Started process (PID=45613) to work on /opt/airflow/dags/isr_pipeline.py
[2026-04-03T00:03:13.544+0000] {processor.py:830} INFO - Processing file /opt/airflow/dags/isr_pipeline.py for tasks to queue
[2026-04-03T00:03:13.552+0000] {logging_mixin.py:188} INFO - [2026-04-03T00:03:13.550+0000] {dagbag.py:540} INFO - Filling up the DagBag from /opt/airflow/dags/isr_pipeline.py
[2026-04-03T00:03:13.648+0000] {processor.py:840} INFO - DAG(s) 'isr_pipeline' retrieved from /opt/airflow/dags/isr_pipeline.py
[2026-04-03T00:03:13.833+0000] {logging_mixin.py:188} INFO - [2026-04-03T00:03:13.832+0000] {dag.py:3096} INFO - Sync 1 DAGs
[2026-04-03T00:03:14.070+0000] {processor.py:183} INFO - Processing /opt/airflow/dags/isr_pipeline.py took 0.571 seconds
[2026-04-03T00:03:44.329+0000] {processor.py:161} INFO - Started process (PID=45618) to work on /opt/airflow/dags/isr_pipeline.py
[2026-04-03T00:03:44.336+0000] {processor.py:830} INFO - Processing file /opt/airflow/dags/isr_pipeline.py for tasks to queue
[2026-04-03T00:03:44.344+0000] {logging_mixin.py:188} INFO - [2026-04-03T00:03:44.342+0000] {dagbag.py:540} INFO - Filling up the DagBag from /opt/airflow/dags/isr_pipeline.py
[2026-04-03T00:03:44.432+0000] {processor.py:840} INFO - DAG(s) 'isr_pipeline' retrieved from /opt/airflow/dags/isr_pipeline.py
[2026-04-03T00:03:44.616+0000] {logging_mixin.py:188} INFO - [2026-04-03T00:03:44.615+0000] {dag.py:3096} INFO - Sync 1 DAGs
[2026-04-03T00:03:44.846+0000] {processor.py:183} INFO - Processing /opt/airflow/dags/isr_pipeline.py took 0.555 seconds
[2026-04-03T00:04:15.373+0000] {processor.py:161} INFO - Started process (PID=45623) to work on /opt/airflow/dags/isr_pipeline.py
[2026-04-03T00:04:15.383+0000] {processor.py:830} INFO - Processing file /opt/airflow/dags/isr_pipeline.py for tasks to queue
[2026-04-03T00:04:15.391+0000] {logging_mixin.py:188} INFO - [2026-04-03T00:04:15.389+0000] {dagbag.py:540} INFO - Filling up the DagBag from /opt/airflow/dags/isr_pipeline.py
[2026-04-03T00:04:15.479+0000] {processor.py:840} INFO - DAG(s) 'isr_pipeline' retrieved from /opt/airflow/dags/isr_pipeline.py
[2026-04-03T00:04:15.661+0000] {logging_mixin.py:188} INFO - [2026-04-03T00:04:15.660+0000] {dag.py:3096} INFO - Sync 1 DAGs
[2026-04-03T00:04:15.884+0000] {processor.py:183} INFO - Processing /opt/airflow/dags/isr_pipeline.py took 0.550 seconds
[2026-04-03T00:04:46.327+0000] {processor.py:161} INFO - Started process (PID=45628) to work on /opt/airflow/dags/isr_pipeline.py
[2026-04-03T00:04:46.334+0000] {processor.py:830} INFO - Processing file /opt/airflow/dags/isr_pipeline.py for tasks to queue
[2026-04-03T00:04:46.342+0000] {logging_mixin.py:188} INFO - [2026-04-03T00:04:46.339+0000] {dagbag.py:540} INFO - Filling up the DagBag from /opt/airflow/dags/isr_pipeline.py
[2026-04-03T00:04:46.438+0000] {processor.py:840} INFO - DAG(s) 'isr_pipeline' retrieved from /opt/airflow/dags/isr_pipeline.py
[2026-04-03T00:04:46.626+0000] {logging_mixin.py:188} INFO - [2026-04-03T00:04:46.625+0000] {dag.py:3096} INFO - Sync 1 DAGs
[2026-04-03T00:04:46.845+0000] {processor.py:183} INFO - Processing /opt/airflow/dags/isr_pipeline.py took 0.554 seconds
[2026-04-03T00:05:17.416+0000] {processor.py:161} INFO - Started process (PID=45633) to work on /opt/airflow/dags/isr_pipeline.py
[2026-04-03T00:05:17.423+0000] {processor.py:830} INFO - Processing file /opt/airflow/dags/isr_pipeline.py for tasks to queue
[2026-04-03T00:05:17.430+0000] {logging_mixin.py:188} INFO - [2026-04-03T00:05:17.428+0000] {dagbag.py:540} INFO - Filling up the DagBag from /opt/airflow/dags/isr_pipeline.py
[2026-04-03T00:05:17.517+0000] {processor.py:840} INFO - DAG(s) 'isr_pipeline' retrieved from /opt/airflow/dags/isr_pipeline.py
[2026-04-03T00:05:17.716+0000] {logging_mixin.py:188} INFO - [2026-04-03T00:05:17.714+0000] {dag.py:3096} INFO - Sync 1 DAGs
[2026-04-03T00:05:17.962+0000] {processor.py:183} INFO - Processing /opt/airflow/dags/isr_pipeline.py took 0.585 seconds
[2026-04-03T00:05:48.497+0000] {processor.py:161} INFO - Started process (PID=45638) to work on /opt/airflow/dags/isr_pipeline.py
[2026-04-03T00:05:48.505+0000] {processor.py:830} INFO - Processing file /opt/airflow/dags/isr_pipeline.py for tasks to queue
[2026-04-03T00:05:48.513+0000] {logging_mixin.py:188} INFO - [2026-04-03T00:05:48.511+0000] {dagbag.py:540} INFO - Filling up the DagBag from /opt/airflow/dags/isr_pipeline.py
[2026-04-03T00:05:48.603+0000] {processor.py:840} INFO - DAG(s) 'isr_pipeline' retrieved from /opt/airflow/dags/isr_pipeline.py
[2026-04-03T00:05:48.789+0000] {logging_mixin.py:188} INFO - [2026-04-03T00:05:48.787+0000] {dag.py:3096} INFO - Sync 1 DAGs
[2026-04-03T00:05:49.009+0000] {processor.py:183} INFO - Processing /opt/airflow/dags/isr_pipeline.py took 0.551 seconds
[2026-04-03T00:06:19.623+0000] {processor.py:161} INFO - Started process (PID=45643) to work on /opt/airflow/dags/isr_pipeline.py
[2026-04-03T00:06:19.637+0000] {processor.py:830} INFO - Processing file /opt/airflow/dags/isr_pipeline.py for tasks to queue
[2026-04-03T00:06:19.666+0000] {logging_mixin.py:188} INFO - [2026-04-03T00:06:19.663+0000] {dagbag.py:540} INFO - Filling up the DagBag from /opt/airflow/dags/isr_pipeline.py
[2026-04-03T00:06:19.831+0000] {processor.py:840} INFO - DAG(s) 'isr_pipeline' retrieved from /opt/airflow/dags/isr_pipeline.py
[2026-04-03T00:06:20.203+0000] {logging_mixin.py:188} INFO - [2026-04-03T00:06:20.202+0000] {dag.py:3096} INFO - Sync 1 DAGs
[2026-04-03T00:06:20.570+0000] {processor.py:183} INFO - Processing /opt/airflow/dags/isr_pipeline.py took 1.069 seconds
[2026-04-03T00:06:51.106+0000] {processor.py:161} INFO - Started process (PID=45648) to work on /opt/airflow/dags/isr_pipeline.py
[2026-04-03T00:06:51.115+0000] {processor.py:830} INFO - Processing file /opt/airflow/dags/isr_pipeline.py for tasks to queue
[2026-04-03T00:06:51.125+0000] {logging_mixin.py:188} INFO - [2026-04-03T00:06:51.123+0000] {dagbag.py:540} INFO - Filling up the DagBag from /opt/airflow/dags/isr_pipeline.py
[2026-04-03T00:06:51.217+0000] {processor.py:840} INFO - DAG(s) 'isr_pipeline' retrieved from /opt/airflow/dags/isr_pipeline.py
[2026-04-03T00:06:51.491+0000] {logging_mixin.py:188} INFO - [2026-04-03T00:06:51.490+0000] {dag.py:3096} INFO - Sync 1 DAGs
[2026-04-03T00:06:51.722+0000] {processor.py:183} INFO - Processing /opt/airflow/dags/isr_pipeline.py took 0.657 seconds
[2026-04-03T00:07:22.246+0000] {processor.py:161} INFO - Started process (PID=45653) to work on /opt/airflow/dags/isr_pipeline.py
[2026-04-03T00:07:22.253+0000] {processor.py:830} INFO - Processing file /opt/airflow/dags/isr_pipeline.py for tasks to queue
[2026-04-03T00:07:22.260+0000] {logging_mixin.py:188} INFO - [2026-04-03T00:07:22.258+0000] {dagbag.py:540} INFO - Filling up the DagBag from /opt/airflow/dags/isr_pipeline.py
[2026-04-03T00:07:22.347+0000] {processor.py:840} INFO - DAG(s) 'isr_pipeline' retrieved from /opt/airflow/dags/isr_pipeline.py
[2026-04-03T00:07:22.540+0000] {logging_mixin.py:188} INFO - [2026-04-03T00:07:22.539+0000] {dag.py:3096} INFO - Sync 1 DAGs
[2026-04-03T00:07:22.757+0000] {processor.py:183} INFO - Processing /opt/airflow/dags/isr_pipeline.py took 0.549 seconds
[2026-04-03T00:07:53.269+0000] {processor.py:161} INFO - Started process (PID=45658) to work on /opt/airflow/dags/isr_pipeline.py
[2026-04-03T00:07:53.276+0000] {processor.py:830} INFO - Processing file /opt/airflow/dags/isr_pipeline.py for tasks to queue
[2026-04-03T00:07:53.284+0000] {logging_mixin.py:188} INFO - [2026-04-03T00:07:53.281+0000] {dagbag.py:540} INFO - Filling up the DagBag from /opt/airflow/dags/isr_pipeline.py
[2026-04-03T00:07:53.390+0000] {processor.py:840} INFO - DAG(s) 'isr_pipeline' retrieved from /opt/airflow/dags/isr_pipeline.py
[2026-04-03T00:07:53.579+0000] {logging_mixin.py:188} INFO - [2026-04-03T00:07:53.578+0000] {dag.py:3096} INFO - Sync 1 DAGs
[2026-04-03T00:07:53.811+0000] {processor.py:183} INFO - Processing /opt/airflow/dags/isr_pipeline.py took 0.580 seconds
[2026-04-03T00:08:24.210+0000] {processor.py:161} INFO - Started process (PID=45663) to work on /opt/airflow/dags/isr_pipeline.py
[2026-04-03T00:08:24.218+0000] {processor.py:830} INFO - Processing file /opt/airflow/dags/isr_pipeline.py for tasks to queue
[2026-04-03T00:08:24.225+0000] {logging_mixin.py:188} INFO - [2026-04-03T00:08:24.223+0000] {dagbag.py:540} INFO - Filling up the DagBag from /opt/airflow/dags/isr_pipeline.py
[2026-04-03T00:08:24.315+0000] {processor.py:840} INFO - DAG(s) 'isr_pipeline' retrieved from /opt/airflow/dags/isr_pipeline.py
[2026-04-03T00:08:24.513+0000] {logging_mixin.py:188} INFO - [2026-04-03T00:08:24.512+0000] {dag.py:3096} INFO - Sync 1 DAGs
[2026-04-03T00:08:24.745+0000] {processor.py:183} INFO - Processing /opt/airflow/dags/isr_pipeline.py took 0.573 seconds
[2026-04-03T00:08:55.245+0000] {processor.py:161} INFO - Started process (PID=45668) to work on /opt/airflow/dags/isr_pipeline.py
[2026-04-03T00:08:55.252+0000] {processor.py:830} INFO - Processing file /opt/airflow/dags/isr_pipeline.py for tasks to queue
[2026-04-03T00:08:55.259+0000] {logging_mixin.py:188} INFO - [2026-04-03T00:08:55.257+0000] {dagbag.py:540} INFO - Filling up the DagBag from /opt/airflow/dags/isr_pipeline.py
[2026-04-03T00:08:55.360+0000] {processor.py:840} INFO - DAG(s) 'isr_pipeline' retrieved from /opt/airflow/dags/isr_pipeline.py
[2026-04-03T00:08:55.571+0000] {logging_mixin.py:188} INFO - [2026-04-03T00:08:55.570+0000] {dag.py:3096} INFO - Sync 1 DAGs
[2026-04-03T00:08:55.797+0000] {processor.py:183} INFO - Processing /opt/airflow/dags/isr_pipeline.py took 0.590 seconds
[2026-04-03T00:09:26.481+0000] {processor.py:161} INFO - Started process (PID=45673) to work on /opt/airflow/dags/isr_pipeline.py
[2026-04-03T00:09:26.489+0000] {processor.py:830} INFO - Processing file /opt/airflow/dags/isr_pipeline.py for tasks to queue
[2026-04-03T00:09:26.501+0000] {logging_mixin.py:188} INFO - [2026-04-03T00:09:26.499+0000] {dagbag.py:540} INFO - Filling up the DagBag from /opt/airflow/dags/isr_pipeline.py
[2026-04-03T00:09:26.600+0000] {processor.py:840} INFO - DAG(s) 'isr_pipeline' retrieved from /opt/airflow/dags/isr_pipeline.py
[2026-04-03T00:09:26.793+0000] {logging_mixin.py:188} INFO - [2026-04-03T00:09:26.791+0000] {dag.py:3096} INFO - Sync 1 DAGs
[2026-04-03T00:09:27.018+0000] {processor.py:183} INFO - Processing /opt/airflow/dags/isr_pipeline.py took 0.577 seconds
[2026-04-03T00:09:57.499+0000] {processor.py:161} INFO - Started process (PID=45678) to work on /opt/airflow/dags/isr_pipeline.py
[2026-04-03T00:09:57.511+0000] {processor.py:830} INFO - Processing file /opt/airflow/dags/isr_pipeline.py for tasks to queue
[2026-04-03T00:09:57.518+0000] {logging_mixin.py:188} INFO - [2026-04-03T00:09:57.516+0000] {dagbag.py:540} INFO - Filling up the DagBag from /opt/airflow/dags/isr_pipeline.py
[2026-04-03T00:09:57.616+0000] {processor.py:840} INFO - DAG(s) 'isr_pipeline' retrieved from /opt/airflow/dags/isr_pipeline.py
[2026-04-03T00:09:57.794+0000] {logging_mixin.py:188} INFO - [2026-04-03T00:09:57.792+0000] {dag.py:3096} INFO - Sync 1 DAGs
[2026-04-03T00:09:58.001+0000] {processor.py:183} INFO - Processing /opt/airflow/dags/isr_pipeline.py took 0.539 seconds
[2026-04-03T00:10:28.504+0000] {processor.py:161} INFO - Started process (PID=45683) to work on /opt/airflow/dags/isr_pipeline.py
[2026-04-03T00:10:28.512+0000] {processor.py:830} INFO - Processing file /opt/airflow/dags/isr_pipeline.py for tasks to queue
[2026-04-03T00:10:28.520+0000] {logging_mixin.py:188} INFO - [2026-04-03T00:10:28.518+0000] {dagbag.py:540} INFO - Filling up the DagBag from /opt/airflow/dags/isr_pipeline.py
[2026-04-03T00:10:28.633+0000] {processor.py:840} INFO - DAG(s) 'isr_pipeline' retrieved from /opt/airflow/dags/isr_pipeline.py
[2026-04-03T00:10:28.819+0000] {logging_mixin.py:188} INFO - [2026-04-03T00:10:28.818+0000] {dag.py:3096} INFO - Sync 1 DAGs
[2026-04-03T00:10:29.030+0000] {processor.py:183} INFO - Processing /opt/airflow/dags/isr_pipeline.py took 0.570 seconds
[2026-04-03T00:10:59.237+0000] {processor.py:161} INFO - Started process (PID=45688) to work on /opt/airflow/dags/isr_pipeline.py
[2026-04-03T00:10:59.245+0000] {processor.py:830} INFO - Processing file /opt/airflow/dags/isr_pipeline.py for tasks to queue
[2026-04-03T00:10:59.252+0000] {logging_mixin.py:188} INFO - [2026-04-03T00:10:59.250+0000] {dagbag.py:540} INFO - Filling up the DagBag from /opt/airflow/dags/isr_pipeline.py
[2026-04-03T00:10:59.342+0000] {processor.py:840} INFO - DAG(s) 'isr_pipeline' retrieved from /opt/airflow/dags/isr_pipeline.py
[2026-04-03T00:10:59.535+0000] {logging_mixin.py:188} INFO - [2026-04-03T00:10:59.533+0000] {dag.py:3096} INFO - Sync 1 DAGs
[2026-04-03T00:10:59.739+0000] {processor.py:183} INFO - Processing /opt/airflow/dags/isr_pipeline.py took 0.544 seconds
[2026-04-03T00:41:12.083+0000] {processor.py:161} INFO - Started process (PID=45693) to work on /opt/airflow/dags/isr_pipeline.py
[2026-04-03T00:41:12.099+0000] {processor.py:830} INFO - Processing file /opt/airflow/dags/isr_pipeline.py for tasks to queue
[2026-04-03T00:41:12.104+0000] {logging_mixin.py:188} INFO - [2026-04-03T00:41:12.102+0000] {dagbag.py:540} INFO - Filling up the DagBag from /opt/airflow/dags/isr_pipeline.py
[2026-04-03T00:41:12.143+0000] {processor.py:840} INFO - DAG(s) 'isr_pipeline' retrieved from /opt/airflow/dags/isr_pipeline.py
[2026-04-03T00:41:12.195+0000] {logging_mixin.py:188} INFO - [2026-04-03T00:41:12.195+0000] {dag.py:3096} INFO - Sync 1 DAGs
[2026-04-03T00:41:12.251+0000] {processor.py:183} INFO - Processing /opt/airflow/dags/isr_pipeline.py took 0.184 seconds
[2026-04-03T00:41:42.617+0000] {processor.py:161} INFO - Started process (PID=45698) to work on /opt/airflow/dags/isr_pipeline.py
[2026-04-03T00:41:42.622+0000] {processor.py:830} INFO - Processing file /opt/airflow/dags/isr_pipeline.py for tasks to queue
[2026-04-03T00:41:42.630+0000] {logging_mixin.py:188} INFO - [2026-04-03T00:41:42.628+0000] {dagbag.py:540} INFO - Filling up the DagBag from /opt/airflow/dags/isr_pipeline.py
[2026-04-03T00:41:42.727+0000] {processor.py:840} INFO - DAG(s) 'isr_pipeline' retrieved from /opt/airflow/dags/isr_pipeline.py
[2026-04-03T00:41:42.920+0000] {logging_mixin.py:188} INFO - [2026-04-03T00:41:42.919+0000] {dag.py:3096} INFO - Sync 1 DAGs
[2026-04-03T00:41:43.144+0000] {processor.py:183} INFO - Processing /opt/airflow/dags/isr_pipeline.py took 0.563 seconds
[2026-04-03T00:42:13.497+0000] {processor.py:161} INFO - Started process (PID=45703) to work on /opt/airflow/dags/isr_pipeline.py
[2026-04-03T00:42:13.499+0000] {processor.py:830} INFO - Processing file /opt/airflow/dags/isr_pipeline.py for tasks to queue
[2026-04-03T00:42:13.501+0000] {logging_mixin.py:188} INFO - [2026-04-03T00:42:13.500+0000] {dagbag.py:540} INFO - Filling up the DagBag from /opt/airflow/dags/isr_pipeline.py
[2026-04-03T00:42:13.520+0000] {processor.py:840} INFO - DAG(s) 'isr_pipeline' retrieved from /opt/airflow/dags/isr_pipeline.py
[2026-04-03T00:42:13.560+0000] {logging_mixin.py:188} INFO - [2026-04-03T00:42:13.560+0000] {dag.py:3096} INFO - Sync 1 DAGs
[2026-04-03T00:42:13.605+0000] {processor.py:183} INFO - Processing /opt/airflow/dags/isr_pipeline.py took 0.117 seconds
[2026-04-03T00:42:43.706+0000] {processor.py:161} INFO - Started process (PID=45708) to work on /opt/airflow/dags/isr_pipeline.py
[2026-04-03T00:42:43.708+0000] {processor.py:830} INFO - Processing file /opt/airflow/dags/isr_pipeline.py for tasks to queue
[2026-04-03T00:42:43.709+0000] {logging_mixin.py:188} INFO - [2026-04-03T00:42:43.709+0000] {dagbag.py:540} INFO - Filling up the DagBag from /opt/airflow/dags/isr_pipeline.py
[2026-04-03T00:42:43.727+0000] {processor.py:840} INFO - DAG(s) 'isr_pipeline' retrieved from /opt/airflow/dags/isr_pipeline.py
[2026-04-03T00:42:43.766+0000] {logging_mixin.py:188} INFO - [2026-04-03T00:42:43.765+0000] {dag.py:3096} INFO - Sync 1 DAGs
[2026-04-03T00:42:43.810+0000] {processor.py:183} INFO - Processing /opt/airflow/dags/isr_pipeline.py took 0.112 seconds
[2026-04-03T00:43:14.043+0000] {processor.py:161} INFO - Started process (PID=45713) to work on /opt/airflow/dags/isr_pipeline.py
[2026-04-03T00:43:14.045+0000] {processor.py:830} INFO - Processing file /opt/airflow/dags/isr_pipeline.py for tasks to queue
[2026-04-03T00:43:14.046+0000] {logging_mixin.py:188} INFO - [2026-04-03T00:43:14.046+0000] {dagbag.py:540} INFO - Filling up the DagBag from /opt/airflow/dags/isr_pipeline.py
[2026-04-03T00:43:14.065+0000] {processor.py:840} INFO - DAG(s) 'isr_pipeline' retrieved from /opt/airflow/dags/isr_pipeline.py
[2026-04-03T00:43:14.104+0000] {logging_mixin.py:188} INFO - [2026-04-03T00:43:14.104+0000] {dag.py:3096} INFO - Sync 1 DAGs
[2026-04-03T00:43:14.149+0000] {processor.py:183} INFO - Processing /opt/airflow/dags/isr_pipeline.py took 0.114 seconds
[2026-04-03T00:43:44.300+0000] {processor.py:161} INFO - Started process (PID=45718) to work on /opt/airflow/dags/isr_pipeline.py
[2026-04-03T00:43:44.302+0000] {processor.py:830} INFO - Processing file /opt/airflow/dags/isr_pipeline.py for tasks to queue
[2026-04-03T00:43:44.304+0000] {logging_mixin.py:188} INFO - [2026-04-03T00:43:44.304+0000] {dagbag.py:540} INFO - Filling up the DagBag from /opt/airflow/dags/isr_pipeline.py
[2026-04-03T00:43:44.325+0000] {processor.py:840} INFO - DAG(s) 'isr_pipeline' retrieved from /opt/airflow/dags/isr_pipeline.py
[2026-04-03T00:43:44.366+0000] {logging_mixin.py:188} INFO - [2026-04-03T00:43:44.366+0000] {dag.py:3096} INFO - Sync 1 DAGs
[2026-04-03T00:43:44.412+0000] {processor.py:183} INFO - Processing /opt/airflow/dags/isr_pipeline.py took 0.120 seconds
[2026-04-03T00:44:14.555+0000] {processor.py:161} INFO - Started process (PID=45723) to work on /opt/airflow/dags/isr_pipeline.py
[2026-04-03T00:44:14.557+0000] {processor.py:830} INFO - Processing file /opt/airflow/dags/isr_pipeline.py for tasks to queue
[2026-04-03T00:44:14.559+0000] {logging_mixin.py:188} INFO - [2026-04-03T00:44:14.558+0000] {dagbag.py:540} INFO - Filling up the DagBag from /opt/airflow/dags/isr_pipeline.py
[2026-04-03T00:44:14.578+0000] {processor.py:840} INFO - DAG(s) 'isr_pipeline' retrieved from /opt/airflow/dags/isr_pipeline.py
[2026-04-03T00:44:14.617+0000] {logging_mixin.py:188} INFO - [2026-04-03T00:44:14.616+0000] {dag.py:3096} INFO - Sync 1 DAGs
[2026-04-03T00:44:14.664+0000] {processor.py:183} INFO - Processing /opt/airflow/dags/isr_pipeline.py took 0.117 seconds
[2026-04-03T00:44:44.828+0000] {processor.py:161} INFO - Started process (PID=45728) to work on /opt/airflow/dags/isr_pipeline.py
[2026-04-03T00:44:44.829+0000] {processor.py:830} INFO - Processing file /opt/airflow/dags/isr_pipeline.py for tasks to queue
[2026-04-03T00:44:44.831+0000] {logging_mixin.py:188} INFO - [2026-04-03T00:44:44.831+0000] {dagbag.py:540} INFO - Filling up the DagBag from /opt/airflow/dags/isr_pipeline.py
[2026-04-03T00:44:44.850+0000] {processor.py:840} INFO - DAG(s) 'isr_pipeline' retrieved from /opt/airflow/dags/isr_pipeline.py
[2026-04-03T00:44:44.891+0000] {logging_mixin.py:188} INFO - [2026-04-03T00:44:44.891+0000] {dag.py:3096} INFO - Sync 1 DAGs
[2026-04-03T00:44:44.937+0000] {processor.py:183} INFO - Processing /opt/airflow/dags/isr_pipeline.py took 0.118 seconds
[2026-04-03T00:45:15.147+0000] {processor.py:161} INFO - Started process (PID=45733) to work on /opt/airflow/dags/isr_pipeline.py
[2026-04-03T00:45:15.148+0000] {processor.py:830} INFO - Processing file /opt/airflow/dags/isr_pipeline.py for tasks to queue
[2026-04-03T00:45:15.150+0000] {logging_mixin.py:188} INFO - [2026-04-03T00:45:15.150+0000] {dagbag.py:540} INFO - Filling up the DagBag from /opt/airflow/dags/isr_pipeline.py
[2026-04-03T00:45:15.170+0000] {processor.py:840} INFO - DAG(s) 'isr_pipeline' retrieved from /opt/airflow/dags/isr_pipeline.py
[2026-04-03T00:45:15.209+0000] {logging_mixin.py:188} INFO - [2026-04-03T00:45:15.208+0000] {dag.py:3096} INFO - Sync 1 DAGs
[2026-04-03T00:45:15.252+0000] {processor.py:183} INFO - Processing /opt/airflow/dags/isr_pipeline.py took 0.112 seconds
[2026-04-03T00:45:45.366+0000] {processor.py:161} INFO - Started process (PID=45738) to work on /opt/airflow/dags/isr_pipeline.py
[2026-04-03T00:45:45.368+0000] {processor.py:830} INFO - Processing file /opt/airflow/dags/isr_pipeline.py for tasks to queue
[2026-04-03T00:45:45.369+0000] {logging_mixin.py:188} INFO - [2026-04-03T00:45:45.369+0000] {dagbag.py:540} INFO - Filling up the DagBag from /opt/airflow/dags/isr_pipeline.py
[2026-04-03T00:45:45.391+0000] {processor.py:840} INFO - DAG(s) 'isr_pipeline' retrieved from /opt/airflow/dags/isr_pipeline.py
[2026-04-03T00:45:45.430+0000] {logging_mixin.py:188} INFO - [2026-04-03T00:45:45.430+0000] {dag.py:3096} INFO - Sync 1 DAGs
[2026-04-03T00:45:45.474+0000] {processor.py:183} INFO - Processing /opt/airflow/dags/isr_pipeline.py took 0.116 seconds
[2026-04-03T00:46:15.699+0000] {processor.py:161} INFO - Started process (PID=45743) to work on /opt/airflow/dags/isr_pipeline.py
[2026-04-03T00:46:15.701+0000] {processor.py:830} INFO - Processing file /opt/airflow/dags/isr_pipeline.py for tasks to queue
[2026-04-03T00:46:15.702+0000] {logging_mixin.py:188} INFO - [2026-04-03T00:46:15.702+0000] {dagbag.py:540} INFO - Filling up the DagBag from /opt/airflow/dags/isr_pipeline.py
[2026-04-03T00:46:15.721+0000] {processor.py:840} INFO - DAG(s) 'isr_pipeline' retrieved from /opt/airflow/dags/isr_pipeline.py
[2026-04-03T00:46:15.759+0000] {logging_mixin.py:188} INFO - [2026-04-03T00:46:15.759+0000] {dag.py:3096} INFO - Sync 1 DAGs
[2026-04-03T00:46:15.803+0000] {processor.py:183} INFO - Processing /opt/airflow/dags/isr_pipeline.py took 0.111 seconds
[2026-04-03T00:46:45.947+0000] {processor.py:161} INFO - Started process (PID=45748) to work on /opt/airflow/dags/isr_pipeline.py
[2026-04-03T00:46:45.949+0000] {processor.py:830} INFO - Processing file /opt/airflow/dags/isr_pipeline.py for tasks to queue
[2026-04-03T00:46:45.951+0000] {logging_mixin.py:188} INFO - [2026-04-03T00:46:45.950+0000] {dagbag.py:540} INFO - Filling up the DagBag from /opt/airflow/dags/isr_pipeline.py
[2026-04-03T00:46:45.971+0000] {processor.py:840} INFO - DAG(s) 'isr_pipeline' retrieved from /opt/airflow/dags/isr_pipeline.py
[2026-04-03T00:46:46.017+0000] {logging_mixin.py:188} INFO - [2026-04-03T00:46:46.017+0000] {dag.py:3096} INFO - Sync 1 DAGs
[2026-04-03T00:46:46.064+0000] {processor.py:183} INFO - Processing /opt/airflow/dags/isr_pipeline.py took 0.126 seconds
[2026-04-03T00:47:16.219+0000] {processor.py:161} INFO - Started process (PID=45753) to work on /opt/airflow/dags/isr_pipeline.py
[2026-04-03T00:47:16.222+0000] {processor.py:830} INFO - Processing file /opt/airflow/dags/isr_pipeline.py for tasks to queue
[2026-04-03T00:47:16.224+0000] {logging_mixin.py:188} INFO - [2026-04-03T00:47:16.223+0000] {dagbag.py:540} INFO - Filling up the DagBag from /opt/airflow/dags/isr_pipeline.py
[2026-04-03T00:47:16.242+0000] {processor.py:840} INFO - DAG(s) 'isr_pipeline' retrieved from /opt/airflow/dags/isr_pipeline.py
[2026-04-03T00:47:16.282+0000] {logging_mixin.py:188} INFO - [2026-04-03T00:47:16.282+0000] {dag.py:3096} INFO - Sync 1 DAGs
[2026-04-03T00:47:16.328+0000] {processor.py:183} INFO - Processing /opt/airflow/dags/isr_pipeline.py took 0.118 seconds
[2026-04-03T00:47:46.490+0000] {processor.py:161} INFO - Started process (PID=45758) to work on /opt/airflow/dags/isr_pipeline.py
[2026-04-03T00:47:46.492+0000] {processor.py:830} INFO - Processing file /opt/airflow/dags/isr_pipeline.py for tasks to queue
[2026-04-03T00:47:46.493+0000] {logging_mixin.py:188} INFO - [2026-04-03T00:47:46.493+0000] {dagbag.py:540} INFO - Filling up the DagBag from /opt/airflow/dags/isr_pipeline.py
[2026-04-03T00:47:46.511+0000] {processor.py:840} INFO - DAG(s) 'isr_pipeline' retrieved from /opt/airflow/dags/isr_pipeline.py
[2026-04-03T00:47:46.552+0000] {logging_mixin.py:188} INFO - [2026-04-03T00:47:46.552+0000] {dag.py:3096} INFO - Sync 1 DAGs
[2026-04-03T00:47:46.596+0000] {processor.py:183} INFO - Processing /opt/airflow/dags/isr_pipeline.py took 0.114 seconds
[2026-04-03T00:48:16.852+0000] {processor.py:161} INFO - Started process (PID=45763) to work on /opt/airflow/dags/isr_pipeline.py
[2026-04-03T00:48:16.854+0000] {processor.py:830} INFO - Processing file /opt/airflow/dags/isr_pipeline.py for tasks to queue
[2026-04-03T00:48:16.855+0000] {logging_mixin.py:188} INFO - [2026-04-03T00:48:16.855+0000] {dagbag.py:540} INFO - Filling up the DagBag from /opt/airflow/dags/isr_pipeline.py
[2026-04-03T00:48:16.874+0000] {processor.py:840} INFO - DAG(s) 'isr_pipeline' retrieved from /opt/airflow/dags/isr_pipeline.py
[2026-04-03T00:48:16.912+0000] {logging_mixin.py:188} INFO - [2026-04-03T00:48:16.912+0000] {dag.py:3096} INFO - Sync 1 DAGs
[2026-04-03T00:48:16.957+0000] {processor.py:183} INFO - Processing /opt/airflow/dags/isr_pipeline.py took 0.113 seconds
[2026-04-03T00:48:47.087+0000] {processor.py:161} INFO - Started process (PID=45768) to work on /opt/airflow/dags/isr_pipeline.py
[2026-04-03T00:48:47.089+0000] {processor.py:830} INFO - Processing file /opt/airflow/dags/isr_pipeline.py for tasks to queue
[2026-04-03T00:48:47.091+0000] {logging_mixin.py:188} INFO - [2026-04-03T00:48:47.090+0000] {dagbag.py:540} INFO - Filling up the DagBag from /opt/airflow/dags/isr_pipeline.py
[2026-04-03T00:48:47.109+0000] {processor.py:840} INFO - DAG(s) 'isr_pipeline' retrieved from /opt/airflow/dags/isr_pipeline.py
[2026-04-03T00:48:47.151+0000] {logging_mixin.py:188} INFO - [2026-04-03T00:48:47.150+0000] {dag.py:3096} INFO - Sync 1 DAGs
[2026-04-03T00:48:47.197+0000] {processor.py:183} INFO - Processing /opt/airflow/dags/isr_pipeline.py took 0.122 seconds
[2026-04-03T00:49:17.361+0000] {processor.py:161} INFO - Started process (PID=45773) to work on /opt/airflow/dags/isr_pipeline.py
[2026-04-03T00:49:17.363+0000] {processor.py:830} INFO - Processing file /opt/airflow/dags/isr_pipeline.py for tasks to queue
[2026-04-03T00:49:17.364+0000] {logging_mixin.py:188} INFO - [2026-04-03T00:49:17.364+0000] {dagbag.py:540} INFO - Filling up the DagBag from /opt/airflow/dags/isr_pipeline.py
[2026-04-03T00:49:17.382+0000] {processor.py:840} INFO - DAG(s) 'isr_pipeline' retrieved from /opt/airflow/dags/isr_pipeline.py
[2026-04-03T00:49:17.420+0000] {logging_mixin.py:188} INFO - [2026-04-03T00:49:17.420+0000] {dag.py:3096} INFO - Sync 1 DAGs
[2026-04-03T00:49:17.465+0000] {processor.py:183} INFO - Processing /opt/airflow/dags/isr_pipeline.py took 0.111 seconds
[2026-04-03T00:49:47.574+0000] {processor.py:161} INFO - Started process (PID=45778) to work on /opt/airflow/dags/isr_pipeline.py
[2026-04-03T00:49:47.575+0000] {processor.py:830} INFO - Processing file /opt/airflow/dags/isr_pipeline.py for tasks to queue
[2026-04-03T00:49:47.577+0000] {logging_mixin.py:188} INFO - [2026-04-03T00:49:47.577+0000] {dagbag.py:540} INFO - Filling up the DagBag from /opt/airflow/dags/isr_pipeline.py
[2026-04-03T00:49:47.595+0000] {processor.py:840} INFO - DAG(s) 'isr_pipeline' retrieved from /opt/airflow/dags/isr_pipeline.py
[2026-04-03T00:49:47.633+0000] {logging_mixin.py:188} INFO - [2026-04-03T00:49:47.633+0000] {dag.py:3096} INFO - Sync 1 DAGs
[2026-04-03T00:49:47.678+0000] {processor.py:183} INFO - Processing /opt/airflow/dags/isr_pipeline.py took 0.113 seconds
[2026-04-03T00:50:17.863+0000] {processor.py:161} INFO - Started process (PID=45783) to work on /opt/airflow/dags/isr_pipeline.py
[2026-04-03T00:50:17.865+0000] {processor.py:830} INFO - Processing file /opt/airflow/dags/isr_pipeline.py for tasks to queue
[2026-04-03T00:50:17.866+0000] {logging_mixin.py:188} INFO - [2026-04-03T00:50:17.866+0000] {dagbag.py:540} INFO - Filling up the DagBag from /opt/airflow/dags/isr_pipeline.py
[2026-04-03T00:50:17.885+0000] {processor.py:840} INFO - DAG(s) 'isr_pipeline' retrieved from /opt/airflow/dags/isr_pipeline.py
[2026-04-03T00:50:17.922+0000] {logging_mixin.py:188} INFO - [2026-04-03T00:50:17.922+0000] {dag.py:3096} INFO - Sync 1 DAGs
[2026-04-03T00:50:17.966+0000] {processor.py:183} INFO - Processing /opt/airflow/dags/isr_pipeline.py took 0.111 seconds
[2026-04-03T00:50:48.073+0000] {processor.py:161} INFO - Started process (PID=45788) to work on /opt/airflow/dags/isr_pipeline.py
[2026-04-03T00:50:48.075+0000] {processor.py:830} INFO - Processing file /opt/airflow/dags/isr_pipeline.py for tasks to queue
[2026-04-03T00:50:48.077+0000] {logging_mixin.py:188} INFO - [2026-04-03T00:50:48.076+0000] {dagbag.py:540} INFO - Filling up the DagBag from /opt/airflow/dags/isr_pipeline.py
[2026-04-03T00:50:48.095+0000] {processor.py:840} INFO - DAG(s) 'isr_pipeline' retrieved from /opt/airflow/dags/isr_pipeline.py
[2026-04-03T00:50:48.134+0000] {logging_mixin.py:188} INFO - [2026-04-03T00:50:48.134+0000] {dag.py:3096} INFO - Sync 1 DAGs
[2026-04-03T00:50:48.177+0000] {processor.py:183} INFO - Processing /opt/airflow/dags/isr_pipeline.py took 0.112 seconds
[2026-04-03T00:51:18.422+0000] {processor.py:161} INFO - Started process (PID=45793) to work on /opt/airflow/dags/isr_pipeline.py
[2026-04-03T00:51:18.425+0000] {processor.py:830} INFO - Processing file /opt/airflow/dags/isr_pipeline.py for tasks to queue
[2026-04-03T00:51:18.427+0000] {logging_mixin.py:188} INFO - [2026-04-03T00:51:18.426+0000] {dagbag.py:540} INFO - Filling up the DagBag from /opt/airflow/dags/isr_pipeline.py
[2026-04-03T00:51:18.445+0000] {processor.py:840} INFO - DAG(s) 'isr_pipeline' retrieved from /opt/airflow/dags/isr_pipeline.py
[2026-04-03T00:51:18.483+0000] {logging_mixin.py:188} INFO - [2026-04-03T00:51:18.482+0000] {dag.py:3096} INFO - Sync 1 DAGs
[2026-04-03T00:51:18.526+0000] {processor.py:183} INFO - Processing /opt/airflow/dags/isr_pipeline.py took 0.111 seconds
[2026-04-03T00:51:48.609+0000] {processor.py:161} INFO - Started process (PID=45798) to work on /opt/airflow/dags/isr_pipeline.py
[2026-04-03T00:51:48.611+0000] {processor.py:830} INFO - Processing file /opt/airflow/dags/isr_pipeline.py for tasks to queue
[2026-04-03T00:51:48.613+0000] {logging_mixin.py:188} INFO - [2026-04-03T00:51:48.612+0000] {dagbag.py:540} INFO - Filling up the DagBag from /opt/airflow/dags/isr_pipeline.py
[2026-04-03T00:51:48.631+0000] {processor.py:840} INFO - DAG(s) 'isr_pipeline' retrieved from /opt/airflow/dags/isr_pipeline.py
[2026-04-03T00:51:48.670+0000] {logging_mixin.py:188} INFO - [2026-04-03T00:51:48.670+0000] {dag.py:3096} INFO - Sync 1 DAGs
[2026-04-03T00:51:48.714+0000] {processor.py:183} INFO - Processing /opt/airflow/dags/isr_pipeline.py took 0.113 seconds
[2026-04-03T00:52:18.974+0000] {processor.py:161} INFO - Started process (PID=45803) to work on /opt/airflow/dags/isr_pipeline.py
[2026-04-03T00:52:18.976+0000] {processor.py:830} INFO - Processing file /opt/airflow/dags/isr_pipeline.py for tasks to queue
[2026-04-03T00:52:18.977+0000] {logging_mixin.py:188} INFO - [2026-04-03T00:52:18.977+0000] {dagbag.py:540} INFO - Filling up the DagBag from /opt/airflow/dags/isr_pipeline.py
[2026-04-03T00:52:18.998+0000] {processor.py:840} INFO - DAG(s) 'isr_pipeline' retrieved from /opt/airflow/dags/isr_pipeline.py
[2026-04-03T00:52:19.036+0000] {logging_mixin.py:188} INFO - [2026-04-03T00:52:19.036+0000] {dag.py:3096} INFO - Sync 1 DAGs
[2026-04-03T00:52:19.083+0000] {processor.py:183} INFO - Processing /opt/airflow/dags/isr_pipeline.py took 0.116 seconds
[2026-04-03T00:52:49.165+0000] {processor.py:161} INFO - Started process (PID=45808) to work on /opt/airflow/dags/isr_pipeline.py
[2026-04-03T00:52:49.166+0000] {processor.py:830} INFO - Processing file /opt/airflow/dags/isr_pipeline.py for tasks to queue
[2026-04-03T00:52:49.168+0000] {logging_mixin.py:188} INFO - [2026-04-03T00:52:49.167+0000] {dagbag.py:540} INFO - Filling up the DagBag from /opt/airflow/dags/isr_pipeline.py
[2026-04-03T00:52:49.185+0000] {processor.py:840} INFO - DAG(s) 'isr_pipeline' retrieved from /opt/airflow/dags/isr_pipeline.py
[2026-04-03T00:52:49.224+0000] {logging_mixin.py:188} INFO - [2026-04-03T00:52:49.223+0000] {dag.py:3096} INFO - Sync 1 DAGs
[2026-04-03T00:52:49.268+0000] {processor.py:183} INFO - Processing /opt/airflow/dags/isr_pipeline.py took 0.111 seconds
[2026-04-03T00:53:19.353+0000] {processor.py:161} INFO - Started process (PID=45813) to work on /opt/airflow/dags/isr_pipeline.py
[2026-04-03T00:53:19.354+0000] {processor.py:830} INFO - Processing file /opt/airflow/dags/isr_pipeline.py for tasks to queue
[2026-04-03T00:53:19.356+0000] {logging_mixin.py:188} INFO - [2026-04-03T00:53:19.355+0000] {dagbag.py:540} INFO - Filling up the DagBag from /opt/airflow/dags/isr_pipeline.py
[2026-04-03T00:53:19.374+0000] {processor.py:840} INFO - DAG(s) 'isr_pipeline' retrieved from /opt/airflow/dags/isr_pipeline.py
[2026-04-03T00:53:19.413+0000] {logging_mixin.py:188} INFO - [2026-04-03T00:53:19.413+0000] {dag.py:3096} INFO - Sync 1 DAGs
[2026-04-03T00:53:19.457+0000] {processor.py:183} INFO - Processing /opt/airflow/dags/isr_pipeline.py took 0.111 seconds
[2026-04-03T00:53:49.593+0000] {processor.py:161} INFO - Started process (PID=45818) to work on /opt/airflow/dags/isr_pipeline.py
[2026-04-03T00:53:49.594+0000] {processor.py:830} INFO - Processing file /opt/airflow/dags/isr_pipeline.py for tasks to queue
[2026-04-03T00:53:49.596+0000] {logging_mixin.py:188} INFO - [2026-04-03T00:53:49.595+0000] {dagbag.py:540} INFO - Filling up the DagBag from /opt/airflow/dags/isr_pipeline.py
[2026-04-03T00:53:49.613+0000] {processor.py:840} INFO - DAG(s) 'isr_pipeline' retrieved from /opt/airflow/dags/isr_pipeline.py
[2026-04-03T00:53:49.651+0000] {logging_mixin.py:188} INFO - [2026-04-03T00:53:49.650+0000] {dag.py:3096} INFO - Sync 1 DAGs
[2026-04-03T00:53:49.694+0000] {processor.py:183} INFO - Processing /opt/airflow/dags/isr_pipeline.py took 0.110 seconds
[2026-04-03T00:54:19.942+0000] {processor.py:161} INFO - Started process (PID=45823) to work on /opt/airflow/dags/isr_pipeline.py
[2026-04-03T00:54:19.943+0000] {processor.py:830} INFO - Processing file /opt/airflow/dags/isr_pipeline.py for tasks to queue
[2026-04-03T00:54:19.945+0000] {logging_mixin.py:188} INFO - [2026-04-03T00:54:19.944+0000] {dagbag.py:540} INFO - Filling up the DagBag from /opt/airflow/dags/isr_pipeline.py
[2026-04-03T00:54:19.962+0000] {processor.py:840} INFO - DAG(s) 'isr_pipeline' retrieved from /opt/airflow/dags/isr_pipeline.py
[2026-04-03T00:54:20.000+0000] {logging_mixin.py:188} INFO - [2026-04-03T00:54:20.000+0000] {dag.py:3096} INFO - Sync 1 DAGs
[2026-04-03T00:54:20.045+0000] {processor.py:183} INFO - Processing /opt/airflow/dags/isr_pipeline.py took 0.110 seconds
[2026-04-03T00:54:50.129+0000] {processor.py:161} INFO - Started process (PID=45828) to work on /opt/airflow/dags/isr_pipeline.py
[2026-04-03T00:54:50.131+0000] {processor.py:830} INFO - Processing file /opt/airflow/dags/isr_pipeline.py for tasks to queue
[2026-04-03T00:54:50.132+0000] {logging_mixin.py:188} INFO - [2026-04-03T00:54:50.132+0000] {dagbag.py:540} INFO - Filling up the DagBag from /opt/airflow/dags/isr_pipeline.py
[2026-04-03T00:54:50.151+0000] {processor.py:840} INFO - DAG(s) 'isr_pipeline' retrieved from /opt/airflow/dags/isr_pipeline.py
[2026-04-03T00:54:50.189+0000] {logging_mixin.py:188} INFO - [2026-04-03T00:54:50.189+0000] {dag.py:3096} INFO - Sync 1 DAGs
[2026-04-03T00:54:50.236+0000] {processor.py:183} INFO - Processing /opt/airflow/dags/isr_pipeline.py took 0.115 seconds
[2026-04-03T00:55:20.458+0000] {processor.py:161} INFO - Started process (PID=45833) to work on /opt/airflow/dags/isr_pipeline.py
[2026-04-03T00:55:20.459+0000] {processor.py:830} INFO - Processing file /opt/airflow/dags/isr_pipeline.py for tasks to queue
[2026-04-03T00:55:20.461+0000] {logging_mixin.py:188} INFO - [2026-04-03T00:55:20.460+0000] {dagbag.py:540} INFO - Filling up the DagBag from /opt/airflow/dags/isr_pipeline.py
[2026-04-03T00:55:20.479+0000] {processor.py:840} INFO - DAG(s) 'isr_pipeline' retrieved from /opt/airflow/dags/isr_pipeline.py
[2026-04-03T00:55:20.516+0000] {logging_mixin.py:188} INFO - [2026-04-03T00:55:20.516+0000] {dag.py:3096} INFO - Sync 1 DAGs
[2026-04-03T00:55:20.560+0000] {processor.py:183} INFO - Processing /opt/airflow/dags/isr_pipeline.py took 0.110 seconds
[2026-04-03T00:55:50.672+0000] {processor.py:161} INFO - Started process (PID=45838) to work on /opt/airflow/dags/isr_pipeline.py
[2026-04-03T00:55:50.674+0000] {processor.py:830} INFO - Processing file /opt/airflow/dags/isr_pipeline.py for tasks to queue
[2026-04-03T00:55:50.676+0000] {logging_mixin.py:188} INFO - [2026-04-03T00:55:50.675+0000] {dagbag.py:540} INFO - Filling up the DagBag from /opt/airflow/dags/isr_pipeline.py
[2026-04-03T00:55:50.693+0000] {processor.py:840} INFO - DAG(s) 'isr_pipeline' retrieved from /opt/airflow/dags/isr_pipeline.py
[2026-04-03T00:55:50.734+0000] {logging_mixin.py:188} INFO - [2026-04-03T00:55:50.733+0000] {dag.py:3096} INFO - Sync 1 DAGs
[2026-04-03T00:55:50.780+0000] {processor.py:183} INFO - Processing /opt/airflow/dags/isr_pipeline.py took 0.115 seconds
[2026-04-03T00:56:20.961+0000] {processor.py:161} INFO - Started process (PID=45843) to work on /opt/airflow/dags/isr_pipeline.py
[2026-04-03T00:56:20.962+0000] {processor.py:830} INFO - Processing file /opt/airflow/dags/isr_pipeline.py for tasks to queue
[2026-04-03T00:56:20.964+0000] {logging_mixin.py:188} INFO - [2026-04-03T00:56:20.963+0000] {dagbag.py:540} INFO - Filling up the DagBag from /opt/airflow/dags/isr_pipeline.py
[2026-04-03T00:56:20.983+0000] {processor.py:840} INFO - DAG(s) 'isr_pipeline' retrieved from /opt/airflow/dags/isr_pipeline.py
[2026-04-03T00:56:21.026+0000] {logging_mixin.py:188} INFO - [2026-04-03T00:56:21.026+0000] {dag.py:3096} INFO - Sync 1 DAGs
[2026-04-03T00:56:21.071+0000] {processor.py:183} INFO - Processing /opt/airflow/dags/isr_pipeline.py took 0.118 seconds
[2026-04-03T00:56:51.207+0000] {processor.py:161} INFO - Started process (PID=45848) to work on /opt/airflow/dags/isr_pipeline.py
[2026-04-03T00:56:51.209+0000] {processor.py:830} INFO - Processing file /opt/airflow/dags/isr_pipeline.py for tasks to queue
[2026-04-03T00:56:51.210+0000] {logging_mixin.py:188} INFO - [2026-04-03T00:56:51.210+0000] {dagbag.py:540} INFO - Filling up the DagBag from /opt/airflow/dags/isr_pipeline.py
[2026-04-03T00:56:51.228+0000] {processor.py:840} INFO - DAG(s) 'isr_pipeline' retrieved from /opt/airflow/dags/isr_pipeline.py
[2026-04-03T00:56:51.266+0000] {logging_mixin.py:188} INFO - [2026-04-03T00:56:51.266+0000] {dag.py:3096} INFO - Sync 1 DAGs
[2026-04-03T00:56:51.311+0000] {processor.py:183} INFO - Processing /opt/airflow/dags/isr_pipeline.py took 0.113 seconds
[2026-04-03T00:57:21.520+0000] {processor.py:161} INFO - Started process (PID=45853) to work on /opt/airflow/dags/isr_pipeline.py
[2026-04-03T00:57:21.521+0000] {processor.py:830} INFO - Processing file /opt/airflow/dags/isr_pipeline.py for tasks to queue
[2026-04-03T00:57:21.523+0000] {logging_mixin.py:188} INFO - [2026-04-03T00:57:21.522+0000] {dagbag.py:540} INFO - Filling up the DagBag from /opt/airflow/dags/isr_pipeline.py
[2026-04-03T00:57:21.543+0000] {processor.py:840} INFO - DAG(s) 'isr_pipeline' retrieved from /opt/airflow/dags/isr_pipeline.py
[2026-04-03T00:57:21.580+0000] {logging_mixin.py:188} INFO - [2026-04-03T00:57:21.580+0000] {dag.py:3096} INFO - Sync 1 DAGs
[2026-04-03T00:57:21.624+0000] {processor.py:183} INFO - Processing /opt/airflow/dags/isr_pipeline.py took 0.112 seconds
[2026-04-03T00:57:51.789+0000] {processor.py:161} INFO - Started process (PID=45858) to work on /opt/airflow/dags/isr_pipeline.py
[2026-04-03T00:57:51.790+0000] {processor.py:830} INFO - Processing file /opt/airflow/dags/isr_pipeline.py for tasks to queue
[2026-04-03T00:57:51.792+0000] {logging_mixin.py:188} INFO - [2026-04-03T00:57:51.792+0000] {dagbag.py:540} INFO - Filling up the DagBag from /opt/airflow/dags/isr_pipeline.py
[2026-04-03T00:57:51.811+0000] {processor.py:840} INFO - DAG(s) 'isr_pipeline' retrieved from /opt/airflow/dags/isr_pipeline.py
[2026-04-03T00:57:51.848+0000] {logging_mixin.py:188} INFO - [2026-04-03T00:57:51.848+0000] {dag.py:3096} INFO - Sync 1 DAGs
[2026-04-03T00:57:51.891+0000] {processor.py:183} INFO - Processing /opt/airflow/dags/isr_pipeline.py took 0.112 seconds
[2026-04-03T00:58:22.085+0000] {processor.py:161} INFO - Started process (PID=45863) to work on /opt/airflow/dags/isr_pipeline.py
[2026-04-03T00:58:22.086+0000] {processor.py:830} INFO - Processing file /opt/airflow/dags/isr_pipeline.py for tasks to queue
[2026-04-03T00:58:22.088+0000] {logging_mixin.py:188} INFO - [2026-04-03T00:58:22.087+0000] {dagbag.py:540} INFO - Filling up the DagBag from /opt/airflow/dags/isr_pipeline.py
[2026-04-03T00:58:22.106+0000] {processor.py:840} INFO - DAG(s) 'isr_pipeline' retrieved from /opt/airflow/dags/isr_pipeline.py
[2026-04-03T00:58:22.144+0000] {logging_mixin.py:188} INFO - [2026-04-03T00:58:22.144+0000] {dag.py:3096} INFO - Sync 1 DAGs
[2026-04-03T00:58:22.188+0000] {processor.py:183} INFO - Processing /opt/airflow/dags/isr_pipeline.py took 0.112 seconds
[2026-04-03T00:58:52.391+0000] {processor.py:161} INFO - Started process (PID=45868) to work on /opt/airflow/dags/isr_pipeline.py
[2026-04-03T00:58:52.392+0000] {processor.py:830} INFO - Processing file /opt/airflow/dags/isr_pipeline.py for tasks to queue
[2026-04-03T00:58:52.394+0000] {logging_mixin.py:188} INFO - [2026-04-03T00:58:52.394+0000] {dagbag.py:540} INFO - Filling up the DagBag from /opt/airflow/dags/isr_pipeline.py
[2026-04-03T00:58:52.412+0000] {processor.py:840} INFO - DAG(s) 'isr_pipeline' retrieved from /opt/airflow/dags/isr_pipeline.py
[2026-04-03T00:58:52.450+0000] {logging_mixin.py:188} INFO - [2026-04-03T00:58:52.450+0000] {dag.py:3096} INFO - Sync 1 DAGs
[2026-04-03T00:58:52.494+0000] {processor.py:183} INFO - Processing /opt/airflow/dags/isr_pipeline.py took 0.111 seconds
[2026-04-03T00:59:22.649+0000] {processor.py:161} INFO - Started process (PID=45873) to work on /opt/airflow/dags/isr_pipeline.py
[2026-04-03T00:59:22.651+0000] {processor.py:830} INFO - Processing file /opt/airflow/dags/isr_pipeline.py for tasks to queue
[2026-04-03T00:59:22.652+0000] {logging_mixin.py:188} INFO - [2026-04-03T00:59:22.652+0000] {dagbag.py:540} INFO - Filling up the DagBag from /opt/airflow/dags/isr_pipeline.py
[2026-04-03T00:59:22.670+0000] {processor.py:840} INFO - DAG(s) 'isr_pipeline' retrieved from /opt/airflow/dags/isr_pipeline.py
[2026-04-03T00:59:22.708+0000] {logging_mixin.py:188} INFO - [2026-04-03T00:59:22.708+0000] {dag.py:3096} INFO - Sync 1 DAGs
[2026-04-03T00:59:22.752+0000] {processor.py:183} INFO - Processing /opt/airflow/dags/isr_pipeline.py took 0.112 seconds
[2026-04-03T00:59:52.955+0000] {processor.py:161} INFO - Started process (PID=45878) to work on /opt/airflow/dags/isr_pipeline.py
[2026-04-03T00:59:52.957+0000] {processor.py:830} INFO - Processing file /opt/airflow/dags/isr_pipeline.py for tasks to queue
[2026-04-03T00:59:52.959+0000] {logging_mixin.py:188} INFO - [2026-04-03T00:59:52.958+0000] {dagbag.py:540} INFO - Filling up the DagBag from /opt/airflow/dags/isr_pipeline.py
[2026-04-03T00:59:52.977+0000] {processor.py:840} INFO - DAG(s) 'isr_pipeline' retrieved from /opt/airflow/dags/isr_pipeline.py
[2026-04-03T00:59:53.014+0000] {logging_mixin.py:188} INFO - [2026-04-03T00:59:53.014+0000] {dag.py:3096} INFO - Sync 1 DAGs
[2026-04-03T00:59:53.057+0000] {processor.py:183} INFO - Processing /opt/airflow/dags/isr_pipeline.py took 0.109 seconds
[2026-04-03T01:00:23.147+0000] {processor.py:161} INFO - Started process (PID=45883) to work on /opt/airflow/dags/isr_pipeline.py
[2026-04-03T01:00:23.148+0000] {processor.py:830} INFO - Processing file /opt/airflow/dags/isr_pipeline.py for tasks to queue
[2026-04-03T01:00:23.150+0000] {logging_mixin.py:188} INFO - [2026-04-03T01:00:23.149+0000] {dagbag.py:540} INFO - Filling up the DagBag from /opt/airflow/dags/isr_pipeline.py
[2026-04-03T01:00:23.168+0000] {processor.py:840} INFO - DAG(s) 'isr_pipeline' retrieved from /opt/airflow/dags/isr_pipeline.py
[2026-04-03T01:00:23.207+0000] {logging_mixin.py:188} INFO - [2026-04-03T01:00:23.207+0000] {dag.py:3096} INFO - Sync 1 DAGs
[2026-04-03T01:00:23.253+0000] {processor.py:183} INFO - Processing /opt/airflow/dags/isr_pipeline.py took 0.114 seconds
[2026-04-03T01:00:53.510+0000] {processor.py:161} INFO - Started process (PID=45888) to work on /opt/airflow/dags/isr_pipeline.py
[2026-04-03T01:00:53.512+0000] {processor.py:830} INFO - Processing file /opt/airflow/dags/isr_pipeline.py for tasks to queue
[2026-04-03T01:00:53.513+0000] {logging_mixin.py:188} INFO - [2026-04-03T01:00:53.513+0000] {dagbag.py:540} INFO - Filling up the DagBag from /opt/airflow/dags/isr_pipeline.py
[2026-04-03T01:00:53.531+0000] {processor.py:840} INFO - DAG(s) 'isr_pipeline' retrieved from /opt/airflow/dags/isr_pipeline.py
[2026-04-03T01:00:53.568+0000] {logging_mixin.py:188} INFO - [2026-04-03T01:00:53.568+0000] {dag.py:3096} INFO - Sync 1 DAGs
[2026-04-03T01:00:53.612+0000] {processor.py:183} INFO - Processing /opt/airflow/dags/isr_pipeline.py took 0.110 seconds
[2026-04-03T01:01:23.759+0000] {processor.py:161} INFO - Started process (PID=45893) to work on /opt/airflow/dags/isr_pipeline.py
[2026-04-03T01:01:23.760+0000] {processor.py:830} INFO - Processing file /opt/airflow/dags/isr_pipeline.py for tasks to queue
[2026-04-03T01:01:23.762+0000] {logging_mixin.py:188} INFO - [2026-04-03T01:01:23.761+0000] {dagbag.py:540} INFO - Filling up the DagBag from /opt/airflow/dags/isr_pipeline.py
[2026-04-03T01:01:23.780+0000] {processor.py:840} INFO - DAG(s) 'isr_pipeline' retrieved from /opt/airflow/dags/isr_pipeline.py
[2026-04-03T01:01:23.818+0000] {logging_mixin.py:188} INFO - [2026-04-03T01:01:23.818+0000] {dag.py:3096} INFO - Sync 1 DAGs
[2026-04-03T01:01:23.864+0000] {processor.py:183} INFO - Processing /opt/airflow/dags/isr_pipeline.py took 0.113 seconds
[2026-04-03T01:01:54.011+0000] {processor.py:161} INFO - Started process (PID=45898) to work on /opt/airflow/dags/isr_pipeline.py
[2026-04-03T01:01:54.013+0000] {processor.py:830} INFO - Processing file /opt/airflow/dags/isr_pipeline.py for tasks to queue
[2026-04-03T01:01:54.015+0000] {logging_mixin.py:188} INFO - [2026-04-03T01:01:54.014+0000] {dagbag.py:540} INFO - Filling up the DagBag from /opt/airflow/dags/isr_pipeline.py
[2026-04-03T01:01:54.033+0000] {processor.py:840} INFO - DAG(s) 'isr_pipeline' retrieved from /opt/airflow/dags/isr_pipeline.py
[2026-04-03T01:01:54.072+0000] {logging_mixin.py:188} INFO - [2026-04-03T01:01:54.071+0000] {dag.py:3096} INFO - Sync 1 DAGs
[2026-04-03T01:01:54.117+0000] {processor.py:183} INFO - Processing /opt/airflow/dags/isr_pipeline.py took 0.115 seconds
[2026-04-03T01:02:24.298+0000] {processor.py:161} INFO - Started process (PID=45903) to work on /opt/airflow/dags/isr_pipeline.py
[2026-04-03T01:02:24.299+0000] {processor.py:830} INFO - Processing file /opt/airflow/dags/isr_pipeline.py for tasks to queue
[2026-04-03T01:02:24.301+0000] {logging_mixin.py:188} INFO - [2026-04-03T01:02:24.300+0000] {dagbag.py:540} INFO - Filling up the DagBag from /opt/airflow/dags/isr_pipeline.py
[2026-04-03T01:02:24.319+0000] {processor.py:840} INFO - DAG(s) 'isr_pipeline' retrieved from /opt/airflow/dags/isr_pipeline.py
[2026-04-03T01:02:24.355+0000] {logging_mixin.py:188} INFO - [2026-04-03T01:02:24.355+0000] {dag.py:3096} INFO - Sync 1 DAGs
[2026-04-03T01:02:24.398+0000] {processor.py:183} INFO - Processing /opt/airflow/dags/isr_pipeline.py took 0.108 seconds
[2026-04-03T01:02:54.513+0000] {processor.py:161} INFO - Started process (PID=45908) to work on /opt/airflow/dags/isr_pipeline.py
[2026-04-03T01:02:54.515+0000] {processor.py:830} INFO - Processing file /opt/airflow/dags/isr_pipeline.py for tasks to queue
[2026-04-03T01:02:54.517+0000] {logging_mixin.py:188} INFO - [2026-04-03T01:02:54.516+0000] {dagbag.py:540} INFO - Filling up the DagBag from /opt/airflow/dags/isr_pipeline.py
[2026-04-03T01:02:54.534+0000] {processor.py:840} INFO - DAG(s) 'isr_pipeline' retrieved from /opt/airflow/dags/isr_pipeline.py
[2026-04-03T01:02:54.573+0000] {logging_mixin.py:188} INFO - [2026-04-03T01:02:54.573+0000] {dag.py:3096} INFO - Sync 1 DAGs
[2026-04-03T01:02:54.617+0000] {processor.py:183} INFO - Processing /opt/airflow/dags/isr_pipeline.py took 0.112 seconds
[2026-04-03T01:03:24.832+0000] {processor.py:161} INFO - Started process (PID=45913) to work on /opt/airflow/dags/isr_pipeline.py
[2026-04-03T01:03:24.834+0000] {processor.py:830} INFO - Processing file /opt/airflow/dags/isr_pipeline.py for tasks to queue
[2026-04-03T01:03:24.836+0000] {logging_mixin.py:188} INFO - [2026-04-03T01:03:24.836+0000] {dagbag.py:540} INFO - Filling up the DagBag from /opt/airflow/dags/isr_pipeline.py
[2026-04-03T01:03:24.857+0000] {processor.py:840} INFO - DAG(s) 'isr_pipeline' retrieved from /opt/airflow/dags/isr_pipeline.py
[2026-04-03T01:03:24.911+0000] {logging_mixin.py:188} INFO - [2026-04-03T01:03:24.911+0000] {dag.py:3096} INFO - Sync 1 DAGs
[2026-04-03T01:03:24.956+0000] {processor.py:183} INFO - Processing /opt/airflow/dags/isr_pipeline.py took 0.131 seconds
[2026-04-03T01:03:55.093+0000] {processor.py:161} INFO - Started process (PID=45918) to work on /opt/airflow/dags/isr_pipeline.py
[2026-04-03T01:03:55.095+0000] {processor.py:830} INFO - Processing file /opt/airflow/dags/isr_pipeline.py for tasks to queue
[2026-04-03T01:03:55.097+0000] {logging_mixin.py:188} INFO - [2026-04-03T01:03:55.096+0000] {dagbag.py:540} INFO - Filling up the DagBag from /opt/airflow/dags/isr_pipeline.py
[2026-04-03T01:03:55.115+0000] {processor.py:840} INFO - DAG(s) 'isr_pipeline' retrieved from /opt/airflow/dags/isr_pipeline.py
[2026-04-03T01:03:55.154+0000] {logging_mixin.py:188} INFO - [2026-04-03T01:03:55.154+0000] {dag.py:3096} INFO - Sync 1 DAGs
[2026-04-03T01:03:55.199+0000] {processor.py:183} INFO - Processing /opt/airflow/dags/isr_pipeline.py took 0.115 seconds
[2026-04-03T01:04:25.406+0000] {processor.py:161} INFO - Started process (PID=45923) to work on /opt/airflow/dags/isr_pipeline.py
[2026-04-03T01:04:25.408+0000] {processor.py:830} INFO - Processing file /opt/airflow/dags/isr_pipeline.py for tasks to queue
[2026-04-03T01:04:25.409+0000] {logging_mixin.py:188} INFO - [2026-04-03T01:04:25.409+0000] {dagbag.py:540} INFO - Filling up the DagBag from /opt/airflow/dags/isr_pipeline.py
[2026-04-03T01:04:25.428+0000] {processor.py:840} INFO - DAG(s) 'isr_pipeline' retrieved from /opt/airflow/dags/isr_pipeline.py
[2026-04-03T01:04:25.465+0000] {logging_mixin.py:188} INFO - [2026-04-03T01:04:25.465+0000] {dag.py:3096} INFO - Sync 1 DAGs
[2026-04-03T01:04:25.509+0000] {processor.py:183} INFO - Processing /opt/airflow/dags/isr_pipeline.py took 0.110 seconds
[2026-04-03T01:04:55.656+0000] {processor.py:161} INFO - Started process (PID=45928) to work on /opt/airflow/dags/isr_pipeline.py
[2026-04-03T01:04:55.659+0000] {processor.py:830} INFO - Processing file /opt/airflow/dags/isr_pipeline.py for tasks to queue
[2026-04-03T01:04:55.660+0000] {logging_mixin.py:188} INFO - [2026-04-03T01:04:55.660+0000] {dagbag.py:540} INFO - Filling up the DagBag from /opt/airflow/dags/isr_pipeline.py
[2026-04-03T01:04:55.678+0000] {processor.py:840} INFO - DAG(s) 'isr_pipeline' retrieved from /opt/airflow/dags/isr_pipeline.py
[2026-04-03T01:04:55.717+0000] {logging_mixin.py:188} INFO - [2026-04-03T01:04:55.717+0000] {dag.py:3096} INFO - Sync 1 DAGs
[2026-04-03T01:04:55.760+0000] {processor.py:183} INFO - Processing /opt/airflow/dags/isr_pipeline.py took 0.113 seconds
[2026-04-03T01:05:25.948+0000] {processor.py:161} INFO - Started process (PID=45933) to work on /opt/airflow/dags/isr_pipeline.py
[2026-04-03T01:05:25.955+0000] {processor.py:830} INFO - Processing file /opt/airflow/dags/isr_pipeline.py for tasks to queue
[2026-04-03T01:05:25.976+0000] {logging_mixin.py:188} INFO - [2026-04-03T01:05:25.975+0000] {dagbag.py:540} INFO - Filling up the DagBag from /opt/airflow/dags/isr_pipeline.py
[2026-04-03T01:05:25.996+0000] {processor.py:840} INFO - DAG(s) 'isr_pipeline' retrieved from /opt/airflow/dags/isr_pipeline.py
[2026-04-03T01:05:26.039+0000] {logging_mixin.py:188} INFO - [2026-04-03T01:05:26.039+0000] {dag.py:3096} INFO - Sync 1 DAGs
[2026-04-03T01:05:26.083+0000] {processor.py:183} INFO - Processing /opt/airflow/dags/isr_pipeline.py took 0.144 seconds
[2026-04-03T01:05:56.163+0000] {processor.py:161} INFO - Started process (PID=45938) to work on /opt/airflow/dags/isr_pipeline.py
[2026-04-03T01:05:56.165+0000] {processor.py:830} INFO - Processing file /opt/airflow/dags/isr_pipeline.py for tasks to queue
[2026-04-03T01:05:56.167+0000] {logging_mixin.py:188} INFO - [2026-04-03T01:05:56.166+0000] {dagbag.py:540} INFO - Filling up the DagBag from /opt/airflow/dags/isr_pipeline.py
[2026-04-03T01:05:56.184+0000] {processor.py:840} INFO - DAG(s) 'isr_pipeline' retrieved from /opt/airflow/dags/isr_pipeline.py
[2026-04-03T01:05:56.223+0000] {logging_mixin.py:188} INFO - [2026-04-03T01:05:56.223+0000] {dag.py:3096} INFO - Sync 1 DAGs
[2026-04-03T01:05:56.269+0000] {processor.py:183} INFO - Processing /opt/airflow/dags/isr_pipeline.py took 0.114 seconds
[2026-04-03T01:06:26.380+0000] {processor.py:161} INFO - Started process (PID=45943) to work on /opt/airflow/dags/isr_pipeline.py
[2026-04-03T01:06:26.382+0000] {processor.py:830} INFO - Processing file /opt/airflow/dags/isr_pipeline.py for tasks to queue
[2026-04-03T01:06:26.383+0000] {logging_mixin.py:188} INFO - [2026-04-03T01:06:26.383+0000] {dagbag.py:540} INFO - Filling up the DagBag from /opt/airflow/dags/isr_pipeline.py
[2026-04-03T01:06:26.401+0000] {processor.py:840} INFO - DAG(s) 'isr_pipeline' retrieved from /opt/airflow/dags/isr_pipeline.py
[2026-04-03T01:06:26.441+0000] {logging_mixin.py:188} INFO - [2026-04-03T01:06:26.441+0000] {dag.py:3096} INFO - Sync 1 DAGs
[2026-04-03T01:06:26.486+0000] {processor.py:183} INFO - Processing /opt/airflow/dags/isr_pipeline.py took 0.114 seconds
[2026-04-03T01:36:35.197+0000] {processor.py:161} INFO - Started process (PID=45949) to work on /opt/airflow/dags/isr_pipeline.py
[2026-04-03T01:36:35.200+0000] {processor.py:830} INFO - Processing file /opt/airflow/dags/isr_pipeline.py for tasks to queue
[2026-04-03T01:36:35.204+0000] {logging_mixin.py:188} INFO - [2026-04-03T01:36:35.203+0000] {dagbag.py:540} INFO - Filling up the DagBag from /opt/airflow/dags/isr_pipeline.py
[2026-04-03T01:36:35.250+0000] {processor.py:840} INFO - DAG(s) 'isr_pipeline' retrieved from /opt/airflow/dags/isr_pipeline.py
[2026-04-03T01:36:35.300+0000] {logging_mixin.py:188} INFO - [2026-04-03T01:36:35.300+0000] {dag.py:3096} INFO - Sync 1 DAGs
[2026-04-03T01:36:35.349+0000] {processor.py:183} INFO - Processing /opt/airflow/dags/isr_pipeline.py took 0.183 seconds
[2026-04-03T01:37:05.908+0000] {processor.py:161} INFO - Started process (PID=45954) to work on /opt/airflow/dags/isr_pipeline.py
[2026-04-03T01:37:05.916+0000] {processor.py:830} INFO - Processing file /opt/airflow/dags/isr_pipeline.py for tasks to queue
[2026-04-03T01:37:05.923+0000] {logging_mixin.py:188} INFO - [2026-04-03T01:37:05.921+0000] {dagbag.py:540} INFO - Filling up the DagBag from /opt/airflow/dags/isr_pipeline.py
[2026-04-03T01:37:06.010+0000] {processor.py:840} INFO - DAG(s) 'isr_pipeline' retrieved from /opt/airflow/dags/isr_pipeline.py
[2026-04-03T01:37:06.213+0000] {logging_mixin.py:188} INFO - [2026-04-03T01:37:06.211+0000] {dag.py:3096} INFO - Sync 1 DAGs
[2026-04-03T01:37:06.473+0000] {processor.py:183} INFO - Processing /opt/airflow/dags/isr_pipeline.py took 0.600 seconds
[2026-04-03T01:37:35.958+0000] {processor.py:161} INFO - Started process (PID=45962) to work on /opt/airflow/dags/isr_pipeline.py
[2026-04-03T01:37:35.965+0000] {processor.py:830} INFO - Processing file /opt/airflow/dags/isr_pipeline.py for tasks to queue
[2026-04-03T01:37:35.972+0000] {logging_mixin.py:188} INFO - [2026-04-03T01:37:35.970+0000] {dagbag.py:540} INFO - Filling up the DagBag from /opt/airflow/dags/isr_pipeline.py
[2026-04-03T01:37:36.064+0000] {processor.py:840} INFO - DAG(s) 'isr_pipeline' retrieved from /opt/airflow/dags/isr_pipeline.py
[2026-04-03T01:37:36.269+0000] {logging_mixin.py:188} INFO - [2026-04-03T01:37:36.267+0000] {dag.py:3096} INFO - Sync 1 DAGs
[2026-04-03T01:37:36.492+0000] {processor.py:183} INFO - Processing /opt/airflow/dags/isr_pipeline.py took 0.568 seconds
[2026-04-03T01:38:07.046+0000] {processor.py:161} INFO - Started process (PID=45967) to work on /opt/airflow/dags/isr_pipeline.py
[2026-04-03T01:38:07.054+0000] {processor.py:830} INFO - Processing file /opt/airflow/dags/isr_pipeline.py for tasks to queue
[2026-04-03T01:38:07.061+0000] {logging_mixin.py:188} INFO - [2026-04-03T01:38:07.059+0000] {dagbag.py:540} INFO - Filling up the DagBag from /opt/airflow/dags/isr_pipeline.py
[2026-04-03T01:38:07.156+0000] {processor.py:840} INFO - DAG(s) 'isr_pipeline' retrieved from /opt/airflow/dags/isr_pipeline.py
[2026-04-03T01:38:07.395+0000] {logging_mixin.py:188} INFO - [2026-04-03T01:38:07.393+0000] {dag.py:3096} INFO - Sync 1 DAGs
[2026-04-03T01:38:07.649+0000] {processor.py:183} INFO - Processing /opt/airflow/dags/isr_pipeline.py took 0.656 seconds
[2026-04-03T01:38:38.151+0000] {processor.py:161} INFO - Started process (PID=45972) to work on /opt/airflow/dags/isr_pipeline.py
[2026-04-03T01:38:38.159+0000] {processor.py:830} INFO - Processing file /opt/airflow/dags/isr_pipeline.py for tasks to queue
[2026-04-03T01:38:38.166+0000] {logging_mixin.py:188} INFO - [2026-04-03T01:38:38.164+0000] {dagbag.py:540} INFO - Filling up the DagBag from /opt/airflow/dags/isr_pipeline.py
[2026-04-03T01:38:38.252+0000] {processor.py:840} INFO - DAG(s) 'isr_pipeline' retrieved from /opt/airflow/dags/isr_pipeline.py
[2026-04-03T01:38:38.438+0000] {logging_mixin.py:188} INFO - [2026-04-03T01:38:38.437+0000] {dag.py:3096} INFO - Sync 1 DAGs
[2026-04-03T01:38:38.649+0000] {processor.py:183} INFO - Processing /opt/airflow/dags/isr_pipeline.py took 0.535 seconds
[2026-04-03T01:39:09.172+0000] {processor.py:161} INFO - Started process (PID=45977) to work on /opt/airflow/dags/isr_pipeline.py
[2026-04-03T01:39:09.180+0000] {processor.py:830} INFO - Processing file /opt/airflow/dags/isr_pipeline.py for tasks to queue
[2026-04-03T01:39:09.188+0000] {logging_mixin.py:188} INFO - [2026-04-03T01:39:09.186+0000] {dagbag.py:540} INFO - Filling up the DagBag from /opt/airflow/dags/isr_pipeline.py
[2026-04-03T01:39:09.281+0000] {processor.py:840} INFO - DAG(s) 'isr_pipeline' retrieved from /opt/airflow/dags/isr_pipeline.py
[2026-04-03T01:39:09.475+0000] {logging_mixin.py:188} INFO - [2026-04-03T01:39:09.474+0000] {dag.py:3096} INFO - Sync 1 DAGs
[2026-04-03T01:39:09.677+0000] {processor.py:183} INFO - Processing /opt/airflow/dags/isr_pipeline.py took 0.543 seconds
[2026-04-03T01:39:40.224+0000] {processor.py:161} INFO - Started process (PID=45982) to work on /opt/airflow/dags/isr_pipeline.py
[2026-04-03T01:39:40.231+0000] {processor.py:830} INFO - Processing file /opt/airflow/dags/isr_pipeline.py for tasks to queue
[2026-04-03T01:39:40.242+0000] {logging_mixin.py:188} INFO - [2026-04-03T01:39:40.240+0000] {dagbag.py:540} INFO - Filling up the DagBag from /opt/airflow/dags/isr_pipeline.py
[2026-04-03T01:39:40.335+0000] {processor.py:840} INFO - DAG(s) 'isr_pipeline' retrieved from /opt/airflow/dags/isr_pipeline.py
[2026-04-03T01:39:40.521+0000] {logging_mixin.py:188} INFO - [2026-04-03T01:39:40.520+0000] {dag.py:3096} INFO - Sync 1 DAGs
[2026-04-03T01:39:40.729+0000] {processor.py:183} INFO - Processing /opt/airflow/dags/isr_pipeline.py took 0.544 seconds
[2026-04-03T01:40:11.198+0000] {processor.py:161} INFO - Started process (PID=45987) to work on /opt/airflow/dags/isr_pipeline.py
[2026-04-03T01:40:11.206+0000] {processor.py:830} INFO - Processing file /opt/airflow/dags/isr_pipeline.py for tasks to queue
[2026-04-03T01:40:11.213+0000] {logging_mixin.py:188} INFO - [2026-04-03T01:40:11.211+0000] {dagbag.py:540} INFO - Filling up the DagBag from /opt/airflow/dags/isr_pipeline.py
[2026-04-03T01:40:11.321+0000] {processor.py:840} INFO - DAG(s) 'isr_pipeline' retrieved from /opt/airflow/dags/isr_pipeline.py
[2026-04-03T01:40:11.511+0000] {logging_mixin.py:188} INFO - [2026-04-03T01:40:11.510+0000] {dag.py:3096} INFO - Sync 1 DAGs
[2026-04-03T01:40:11.720+0000] {processor.py:183} INFO - Processing /opt/airflow/dags/isr_pipeline.py took 0.557 seconds
[2026-04-03T01:40:42.230+0000] {processor.py:161} INFO - Started process (PID=45992) to work on /opt/airflow/dags/isr_pipeline.py
[2026-04-03T01:40:42.239+0000] {processor.py:830} INFO - Processing file /opt/airflow/dags/isr_pipeline.py for tasks to queue
[2026-04-03T01:40:42.248+0000] {logging_mixin.py:188} INFO - [2026-04-03T01:40:42.246+0000] {dagbag.py:540} INFO - Filling up the DagBag from /opt/airflow/dags/isr_pipeline.py
[2026-04-03T01:40:42.342+0000] {processor.py:840} INFO - DAG(s) 'isr_pipeline' retrieved from /opt/airflow/dags/isr_pipeline.py
[2026-04-03T01:40:42.533+0000] {logging_mixin.py:188} INFO - [2026-04-03T01:40:42.532+0000] {dag.py:3096} INFO - Sync 1 DAGs
[2026-04-03T01:40:42.759+0000] {processor.py:183} INFO - Processing /opt/airflow/dags/isr_pipeline.py took 0.568 seconds
[2026-04-03T01:41:13.305+0000] {processor.py:161} INFO - Started process (PID=45997) to work on /opt/airflow/dags/isr_pipeline.py
[2026-04-03T01:41:13.312+0000] {processor.py:830} INFO - Processing file /opt/airflow/dags/isr_pipeline.py for tasks to queue
[2026-04-03T01:41:13.319+0000] {logging_mixin.py:188} INFO - [2026-04-03T01:41:13.317+0000] {dagbag.py:540} INFO - Filling up the DagBag from /opt/airflow/dags/isr_pipeline.py
[2026-04-03T01:41:13.414+0000] {processor.py:840} INFO - DAG(s) 'isr_pipeline' retrieved from /opt/airflow/dags/isr_pipeline.py
[2026-04-03T01:41:13.602+0000] {logging_mixin.py:188} INFO - [2026-04-03T01:41:13.601+0000] {dag.py:3096} INFO - Sync 1 DAGs
[2026-04-03T01:41:13.812+0000] {processor.py:183} INFO - Processing /opt/airflow/dags/isr_pipeline.py took 0.546 seconds
[2026-04-03T01:41:44.213+0000] {processor.py:161} INFO - Started process (PID=46002) to work on /opt/airflow/dags/isr_pipeline.py
[2026-04-03T01:41:44.220+0000] {processor.py:830} INFO - Processing file /opt/airflow/dags/isr_pipeline.py for tasks to queue
[2026-04-03T01:41:44.228+0000] {logging_mixin.py:188} INFO - [2026-04-03T01:41:44.226+0000] {dagbag.py:540} INFO - Filling up the DagBag from /opt/airflow/dags/isr_pipeline.py
[2026-04-03T01:41:44.315+0000] {processor.py:840} INFO - DAG(s) 'isr_pipeline' retrieved from /opt/airflow/dags/isr_pipeline.py
[2026-04-03T01:41:44.496+0000] {logging_mixin.py:188} INFO - [2026-04-03T01:41:44.495+0000] {dag.py:3096} INFO - Sync 1 DAGs
[2026-04-03T01:41:44.701+0000] {processor.py:183} INFO - Processing /opt/airflow/dags/isr_pipeline.py took 0.524 seconds
[2026-04-03T01:42:15.225+0000] {processor.py:161} INFO - Started process (PID=46007) to work on /opt/airflow/dags/isr_pipeline.py
[2026-04-03T01:42:15.232+0000] {processor.py:830} INFO - Processing file /opt/airflow/dags/isr_pipeline.py for tasks to queue
[2026-04-03T01:42:15.242+0000] {logging_mixin.py:188} INFO - [2026-04-03T01:42:15.240+0000] {dagbag.py:540} INFO - Filling up the DagBag from /opt/airflow/dags/isr_pipeline.py
[2026-04-03T01:42:15.332+0000] {processor.py:840} INFO - DAG(s) 'isr_pipeline' retrieved from /opt/airflow/dags/isr_pipeline.py
[2026-04-03T01:42:15.518+0000] {logging_mixin.py:188} INFO - [2026-04-03T01:42:15.517+0000] {dag.py:3096} INFO - Sync 1 DAGs
[2026-04-03T01:42:15.725+0000] {processor.py:183} INFO - Processing /opt/airflow/dags/isr_pipeline.py took 0.539 seconds
[2026-04-03T01:42:46.053+0000] {processor.py:161} INFO - Started process (PID=46012) to work on /opt/airflow/dags/isr_pipeline.py
[2026-04-03T01:42:46.061+0000] {processor.py:830} INFO - Processing file /opt/airflow/dags/isr_pipeline.py for tasks to queue
[2026-04-03T01:42:46.070+0000] {logging_mixin.py:188} INFO - [2026-04-03T01:42:46.067+0000] {dagbag.py:540} INFO - Filling up the DagBag from /opt/airflow/dags/isr_pipeline.py
[2026-04-03T01:42:46.159+0000] {processor.py:840} INFO - DAG(s) 'isr_pipeline' retrieved from /opt/airflow/dags/isr_pipeline.py
[2026-04-03T01:42:46.345+0000] {logging_mixin.py:188} INFO - [2026-04-03T01:42:46.343+0000] {dag.py:3096} INFO - Sync 1 DAGs
[2026-04-03T01:42:46.553+0000] {processor.py:183} INFO - Processing /opt/airflow/dags/isr_pipeline.py took 0.537 seconds
[2026-04-03T01:43:17.088+0000] {processor.py:161} INFO - Started process (PID=46017) to work on /opt/airflow/dags/isr_pipeline.py
[2026-04-03T01:43:17.095+0000] {processor.py:830} INFO - Processing file /opt/airflow/dags/isr_pipeline.py for tasks to queue
[2026-04-03T01:43:17.102+0000] {logging_mixin.py:188} INFO - [2026-04-03T01:43:17.101+0000] {dagbag.py:540} INFO - Filling up the DagBag from /opt/airflow/dags/isr_pipeline.py
[2026-04-03T01:43:17.195+0000] {processor.py:840} INFO - DAG(s) 'isr_pipeline' retrieved from /opt/airflow/dags/isr_pipeline.py
[2026-04-03T01:43:17.398+0000] {logging_mixin.py:188} INFO - [2026-04-03T01:43:17.397+0000] {dag.py:3096} INFO - Sync 1 DAGs
[2026-04-03T01:43:17.721+0000] {processor.py:183} INFO - Processing /opt/airflow/dags/isr_pipeline.py took 0.675 seconds
[2026-04-03T01:43:48.239+0000] {processor.py:161} INFO - Started process (PID=46022) to work on /opt/airflow/dags/isr_pipeline.py
[2026-04-03T01:43:48.248+0000] {processor.py:830} INFO - Processing file /opt/airflow/dags/isr_pipeline.py for tasks to queue
[2026-04-03T01:43:48.255+0000] {logging_mixin.py:188} INFO - [2026-04-03T01:43:48.253+0000] {dagbag.py:540} INFO - Filling up the DagBag from /opt/airflow/dags/isr_pipeline.py
[2026-04-03T01:43:48.343+0000] {processor.py:840} INFO - DAG(s) 'isr_pipeline' retrieved from /opt/airflow/dags/isr_pipeline.py
[2026-04-03T01:43:48.531+0000] {logging_mixin.py:188} INFO - [2026-04-03T01:43:48.529+0000] {dag.py:3096} INFO - Sync 1 DAGs
[2026-04-03T01:43:48.740+0000] {processor.py:183} INFO - Processing /opt/airflow/dags/isr_pipeline.py took 0.539 seconds
[2026-04-03T01:44:19.206+0000] {processor.py:161} INFO - Started process (PID=46027) to work on /opt/airflow/dags/isr_pipeline.py
[2026-04-03T01:44:19.214+0000] {processor.py:830} INFO - Processing file /opt/airflow/dags/isr_pipeline.py for tasks to queue
[2026-04-03T01:44:19.220+0000] {logging_mixin.py:188} INFO - [2026-04-03T01:44:19.218+0000] {dagbag.py:540} INFO - Filling up the DagBag from /opt/airflow/dags/isr_pipeline.py
[2026-04-03T01:44:19.307+0000] {processor.py:840} INFO - DAG(s) 'isr_pipeline' retrieved from /opt/airflow/dags/isr_pipeline.py
[2026-04-03T01:44:19.488+0000] {logging_mixin.py:188} INFO - [2026-04-03T01:44:19.487+0000] {dag.py:3096} INFO - Sync 1 DAGs
[2026-04-03T01:44:19.695+0000] {processor.py:183} INFO - Processing /opt/airflow/dags/isr_pipeline.py took 0.525 seconds
[2026-04-03T01:44:50.204+0000] {processor.py:161} INFO - Started process (PID=46032) to work on /opt/airflow/dags/isr_pipeline.py
[2026-04-03T01:44:50.212+0000] {processor.py:830} INFO - Processing file /opt/airflow/dags/isr_pipeline.py for tasks to queue
[2026-04-03T01:44:50.219+0000] {logging_mixin.py:188} INFO - [2026-04-03T01:44:50.217+0000] {dagbag.py:540} INFO - Filling up the DagBag from /opt/airflow/dags/isr_pipeline.py
[2026-04-03T01:44:50.310+0000] {processor.py:840} INFO - DAG(s) 'isr_pipeline' retrieved from /opt/airflow/dags/isr_pipeline.py
[2026-04-03T01:44:50.498+0000] {logging_mixin.py:188} INFO - [2026-04-03T01:44:50.497+0000] {dag.py:3096} INFO - Sync 1 DAGs
[2026-04-03T01:44:50.706+0000] {processor.py:183} INFO - Processing /opt/airflow/dags/isr_pipeline.py took 0.541 seconds
[2026-04-03T01:45:20.933+0000] {processor.py:161} INFO - Started process (PID=46037) to work on /opt/airflow/dags/isr_pipeline.py
[2026-04-03T01:45:20.941+0000] {processor.py:830} INFO - Processing file /opt/airflow/dags/isr_pipeline.py for tasks to queue
[2026-04-03T01:45:20.949+0000] {logging_mixin.py:188} INFO - [2026-04-03T01:45:20.947+0000] {dagbag.py:540} INFO - Filling up the DagBag from /opt/airflow/dags/isr_pipeline.py
[2026-04-03T01:45:21.032+0000] {processor.py:840} INFO - DAG(s) 'isr_pipeline' retrieved from /opt/airflow/dags/isr_pipeline.py
[2026-04-03T01:45:21.216+0000] {logging_mixin.py:188} INFO - [2026-04-03T01:45:21.215+0000] {dag.py:3096} INFO - Sync 1 DAGs
[2026-04-03T01:45:21.424+0000] {processor.py:183} INFO - Processing /opt/airflow/dags/isr_pipeline.py took 0.528 seconds
[2026-04-03T01:45:51.916+0000] {processor.py:161} INFO - Started process (PID=46042) to work on /opt/airflow/dags/isr_pipeline.py
[2026-04-03T01:45:51.925+0000] {processor.py:830} INFO - Processing file /opt/airflow/dags/isr_pipeline.py for tasks to queue
[2026-04-03T01:45:51.932+0000] {logging_mixin.py:188} INFO - [2026-04-03T01:45:51.930+0000] {dagbag.py:540} INFO - Filling up the DagBag from /opt/airflow/dags/isr_pipeline.py
[2026-04-03T01:45:52.021+0000] {processor.py:840} INFO - DAG(s) 'isr_pipeline' retrieved from /opt/airflow/dags/isr_pipeline.py
[2026-04-03T01:45:52.214+0000] {logging_mixin.py:188} INFO - [2026-04-03T01:45:52.213+0000] {dag.py:3096} INFO - Sync 1 DAGs
[2026-04-03T01:45:52.440+0000] {processor.py:183} INFO - Processing /opt/airflow/dags/isr_pipeline.py took 0.561 seconds
[2026-04-03T01:46:22.871+0000] {processor.py:161} INFO - Started process (PID=46047) to work on /opt/airflow/dags/isr_pipeline.py
[2026-04-03T01:46:22.878+0000] {processor.py:830} INFO - Processing file /opt/airflow/dags/isr_pipeline.py for tasks to queue
[2026-04-03T01:46:22.885+0000] {logging_mixin.py:188} INFO - [2026-04-03T01:46:22.883+0000] {dagbag.py:540} INFO - Filling up the DagBag from /opt/airflow/dags/isr_pipeline.py
[2026-04-03T01:46:22.973+0000] {processor.py:840} INFO - DAG(s) 'isr_pipeline' retrieved from /opt/airflow/dags/isr_pipeline.py
[2026-04-03T01:46:23.157+0000] {logging_mixin.py:188} INFO - [2026-04-03T01:46:23.156+0000] {dag.py:3096} INFO - Sync 1 DAGs
[2026-04-03T01:46:23.365+0000] {processor.py:183} INFO - Processing /opt/airflow/dags/isr_pipeline.py took 0.531 seconds
[2026-04-03T01:46:53.898+0000] {processor.py:161} INFO - Started process (PID=46052) to work on /opt/airflow/dags/isr_pipeline.py
[2026-04-03T01:46:53.905+0000] {processor.py:830} INFO - Processing file /opt/airflow/dags/isr_pipeline.py for tasks to queue
[2026-04-03T01:46:53.913+0000] {logging_mixin.py:188} INFO - [2026-04-03T01:46:53.911+0000] {dagbag.py:540} INFO - Filling up the DagBag from /opt/airflow/dags/isr_pipeline.py
[2026-04-03T01:46:54.012+0000] {processor.py:840} INFO - DAG(s) 'isr_pipeline' retrieved from /opt/airflow/dags/isr_pipeline.py
[2026-04-03T01:46:54.214+0000] {logging_mixin.py:188} INFO - [2026-04-03T01:46:54.213+0000] {dag.py:3096} INFO - Sync 1 DAGs
[2026-04-03T01:46:54.441+0000] {processor.py:183} INFO - Processing /opt/airflow/dags/isr_pipeline.py took 0.580 seconds
[2026-04-03T01:47:24.945+0000] {processor.py:161} INFO - Started process (PID=46057) to work on /opt/airflow/dags/isr_pipeline.py
[2026-04-03T01:47:24.953+0000] {processor.py:830} INFO - Processing file /opt/airflow/dags/isr_pipeline.py for tasks to queue
[2026-04-03T01:47:24.960+0000] {logging_mixin.py:188} INFO - [2026-04-03T01:47:24.958+0000] {dagbag.py:540} INFO - Filling up the DagBag from /opt/airflow/dags/isr_pipeline.py
[2026-04-03T01:47:25.050+0000] {processor.py:840} INFO - DAG(s) 'isr_pipeline' retrieved from /opt/airflow/dags/isr_pipeline.py
[2026-04-03T01:47:25.252+0000] {logging_mixin.py:188} INFO - [2026-04-03T01:47:25.250+0000] {dag.py:3096} INFO - Sync 1 DAGs
[2026-04-03T01:47:25.464+0000] {processor.py:183} INFO - Processing /opt/airflow/dags/isr_pipeline.py took 0.557 seconds
[2026-04-03T01:47:56.118+0000] {processor.py:161} INFO - Started process (PID=46062) to work on /opt/airflow/dags/isr_pipeline.py
[2026-04-03T01:47:56.125+0000] {processor.py:830} INFO - Processing file /opt/airflow/dags/isr_pipeline.py for tasks to queue
[2026-04-03T01:47:56.134+0000] {logging_mixin.py:188} INFO - [2026-04-03T01:47:56.132+0000] {dagbag.py:540} INFO - Filling up the DagBag from /opt/airflow/dags/isr_pipeline.py
[2026-04-03T01:47:56.227+0000] {processor.py:840} INFO - DAG(s) 'isr_pipeline' retrieved from /opt/airflow/dags/isr_pipeline.py
[2026-04-03T01:47:56.424+0000] {logging_mixin.py:188} INFO - [2026-04-03T01:47:56.422+0000] {dag.py:3096} INFO - Sync 1 DAGs
[2026-04-03T01:47:56.648+0000] {processor.py:183} INFO - Processing /opt/airflow/dags/isr_pipeline.py took 0.573 seconds
[2026-04-03T02:18:24.190+0000] {processor.py:161} INFO - Started process (PID=46067) to work on /opt/airflow/dags/isr_pipeline.py
[2026-04-03T02:18:24.192+0000] {processor.py:830} INFO - Processing file /opt/airflow/dags/isr_pipeline.py for tasks to queue
[2026-04-03T02:18:24.198+0000] {logging_mixin.py:188} INFO - [2026-04-03T02:18:24.196+0000] {dagbag.py:540} INFO - Filling up the DagBag from /opt/airflow/dags/isr_pipeline.py
[2026-04-03T02:18:24.230+0000] {processor.py:840} INFO - DAG(s) 'isr_pipeline' retrieved from /opt/airflow/dags/isr_pipeline.py
[2026-04-03T02:18:24.280+0000] {logging_mixin.py:188} INFO - [2026-04-03T02:18:24.280+0000] {dag.py:3096} INFO - Sync 1 DAGs
[2026-04-03T02:18:24.323+0000] {processor.py:183} INFO - Processing /opt/airflow/dags/isr_pipeline.py took 0.155 seconds
[2026-04-03T02:18:54.621+0000] {processor.py:161} INFO - Started process (PID=46072) to work on /opt/airflow/dags/isr_pipeline.py
[2026-04-03T02:18:54.628+0000] {processor.py:830} INFO - Processing file /opt/airflow/dags/isr_pipeline.py for tasks to queue
[2026-04-03T02:18:54.636+0000] {logging_mixin.py:188} INFO - [2026-04-03T02:18:54.634+0000] {dagbag.py:540} INFO - Filling up the DagBag from /opt/airflow/dags/isr_pipeline.py
[2026-04-03T02:18:54.731+0000] {processor.py:840} INFO - DAG(s) 'isr_pipeline' retrieved from /opt/airflow/dags/isr_pipeline.py
[2026-04-03T02:18:54.924+0000] {logging_mixin.py:188} INFO - [2026-04-03T02:18:54.923+0000] {dag.py:3096} INFO - Sync 1 DAGs
[2026-04-03T02:18:55.135+0000] {processor.py:183} INFO - Processing /opt/airflow/dags/isr_pipeline.py took 0.558 seconds
[2026-04-03T02:35:30.905+0000] {processor.py:161} INFO - Started process (PID=46078) to work on /opt/airflow/dags/isr_pipeline.py
[2026-04-03T02:35:30.909+0000] {processor.py:830} INFO - Processing file /opt/airflow/dags/isr_pipeline.py for tasks to queue
[2026-04-03T02:35:30.912+0000] {logging_mixin.py:188} INFO - [2026-04-03T02:35:30.911+0000] {dagbag.py:540} INFO - Filling up the DagBag from /opt/airflow/dags/isr_pipeline.py
[2026-04-03T02:35:30.937+0000] {processor.py:840} INFO - DAG(s) 'isr_pipeline' retrieved from /opt/airflow/dags/isr_pipeline.py
[2026-04-03T02:35:30.981+0000] {logging_mixin.py:188} INFO - [2026-04-03T02:35:30.980+0000] {dag.py:3096} INFO - Sync 1 DAGs
[2026-04-03T02:35:31.167+0000] {processor.py:183} INFO - Processing /opt/airflow/dags/isr_pipeline.py took 0.273 seconds
[2026-04-03T02:36:01.645+0000] {processor.py:161} INFO - Started process (PID=46083) to work on /opt/airflow/dags/isr_pipeline.py
[2026-04-03T02:36:01.652+0000] {processor.py:830} INFO - Processing file /opt/airflow/dags/isr_pipeline.py for tasks to queue
[2026-04-03T02:36:01.658+0000] {logging_mixin.py:188} INFO - [2026-04-03T02:36:01.657+0000] {dagbag.py:540} INFO - Filling up the DagBag from /opt/airflow/dags/isr_pipeline.py
[2026-04-03T02:36:01.746+0000] {processor.py:840} INFO - DAG(s) 'isr_pipeline' retrieved from /opt/airflow/dags/isr_pipeline.py
[2026-04-03T02:36:01.939+0000] {logging_mixin.py:188} INFO - [2026-04-03T02:36:01.938+0000] {dag.py:3096} INFO - Sync 1 DAGs
[2026-04-03T02:36:02.182+0000] {processor.py:183} INFO - Processing /opt/airflow/dags/isr_pipeline.py took 0.577 seconds
[2026-04-03T02:36:32.640+0000] {processor.py:161} INFO - Started process (PID=46088) to work on /opt/airflow/dags/isr_pipeline.py
[2026-04-03T02:36:32.648+0000] {processor.py:830} INFO - Processing file /opt/airflow/dags/isr_pipeline.py for tasks to queue
[2026-04-03T02:36:32.656+0000] {logging_mixin.py:188} INFO - [2026-04-03T02:36:32.654+0000] {dagbag.py:540} INFO - Filling up the DagBag from /opt/airflow/dags/isr_pipeline.py
[2026-04-03T02:36:32.743+0000] {processor.py:840} INFO - DAG(s) 'isr_pipeline' retrieved from /opt/airflow/dags/isr_pipeline.py
[2026-04-03T02:36:32.928+0000] {logging_mixin.py:188} INFO - [2026-04-03T02:36:32.927+0000] {dag.py:3096} INFO - Sync 1 DAGs
[2026-04-03T02:36:33.159+0000] {processor.py:183} INFO - Processing /opt/airflow/dags/isr_pipeline.py took 0.554 seconds
[2026-04-03T02:37:03.684+0000] {processor.py:161} INFO - Started process (PID=46093) to work on /opt/airflow/dags/isr_pipeline.py
[2026-04-03T02:37:03.694+0000] {processor.py:830} INFO - Processing file /opt/airflow/dags/isr_pipeline.py for tasks to queue
[2026-04-03T02:37:03.701+0000] {logging_mixin.py:188} INFO - [2026-04-03T02:37:03.699+0000] {dagbag.py:540} INFO - Filling up the DagBag from /opt/airflow/dags/isr_pipeline.py
[2026-04-03T02:37:03.794+0000] {processor.py:840} INFO - DAG(s) 'isr_pipeline' retrieved from /opt/airflow/dags/isr_pipeline.py
[2026-04-03T02:37:03.977+0000] {logging_mixin.py:188} INFO - [2026-04-03T02:37:03.976+0000] {dag.py:3096} INFO - Sync 1 DAGs
[2026-04-03T02:37:04.198+0000] {processor.py:183} INFO - Processing /opt/airflow/dags/isr_pipeline.py took 0.554 seconds
[2026-04-03T02:37:34.453+0000] {processor.py:161} INFO - Started process (PID=46098) to work on /opt/airflow/dags/isr_pipeline.py
[2026-04-03T02:37:34.460+0000] {processor.py:830} INFO - Processing file /opt/airflow/dags/isr_pipeline.py for tasks to queue
[2026-04-03T02:37:34.469+0000] {logging_mixin.py:188} INFO - [2026-04-03T02:37:34.466+0000] {dagbag.py:540} INFO - Filling up the DagBag from /opt/airflow/dags/isr_pipeline.py
[2026-04-03T02:37:34.557+0000] {processor.py:840} INFO - DAG(s) 'isr_pipeline' retrieved from /opt/airflow/dags/isr_pipeline.py
[2026-04-03T02:37:34.745+0000] {logging_mixin.py:188} INFO - [2026-04-03T02:37:34.744+0000] {dag.py:3096} INFO - Sync 1 DAGs
[2026-04-03T02:37:34.949+0000] {processor.py:183} INFO - Processing /opt/airflow/dags/isr_pipeline.py took 0.535 seconds
[2026-04-03T02:38:05.493+0000] {processor.py:161} INFO - Started process (PID=46103) to work on /opt/airflow/dags/isr_pipeline.py
[2026-04-03T02:38:05.501+0000] {processor.py:830} INFO - Processing file /opt/airflow/dags/isr_pipeline.py for tasks to queue
[2026-04-03T02:38:05.508+0000] {logging_mixin.py:188} INFO - [2026-04-03T02:38:05.506+0000] {dagbag.py:540} INFO - Filling up the DagBag from /opt/airflow/dags/isr_pipeline.py
[2026-04-03T02:38:05.591+0000] {processor.py:840} INFO - DAG(s) 'isr_pipeline' retrieved from /opt/airflow/dags/isr_pipeline.py
[2026-04-03T02:38:05.785+0000] {logging_mixin.py:188} INFO - [2026-04-03T02:38:05.784+0000] {dag.py:3096} INFO - Sync 1 DAGs
[2026-04-03T02:38:06.014+0000] {processor.py:183} INFO - Processing /opt/airflow/dags/isr_pipeline.py took 0.560 seconds
[2026-04-03T02:38:36.408+0000] {processor.py:161} INFO - Started process (PID=46108) to work on /opt/airflow/dags/isr_pipeline.py
[2026-04-03T02:38:36.415+0000] {processor.py:830} INFO - Processing file /opt/airflow/dags/isr_pipeline.py for tasks to queue
[2026-04-03T02:38:36.424+0000] {logging_mixin.py:188} INFO - [2026-04-03T02:38:36.422+0000] {dagbag.py:540} INFO - Filling up the DagBag from /opt/airflow/dags/isr_pipeline.py
[2026-04-03T02:38:36.508+0000] {processor.py:840} INFO - DAG(s) 'isr_pipeline' retrieved from /opt/airflow/dags/isr_pipeline.py
[2026-04-03T02:38:36.701+0000] {logging_mixin.py:188} INFO - [2026-04-03T02:38:36.700+0000] {dag.py:3096} INFO - Sync 1 DAGs
[2026-04-03T02:38:36.924+0000] {processor.py:183} INFO - Processing /opt/airflow/dags/isr_pipeline.py took 0.554 seconds
[2026-04-03T02:39:07.444+0000] {processor.py:161} INFO - Started process (PID=46113) to work on /opt/airflow/dags/isr_pipeline.py
[2026-04-03T02:39:07.451+0000] {processor.py:830} INFO - Processing file /opt/airflow/dags/isr_pipeline.py for tasks to queue
[2026-04-03T02:39:07.459+0000] {logging_mixin.py:188} INFO - [2026-04-03T02:39:07.456+0000] {dagbag.py:540} INFO - Filling up the DagBag from /opt/airflow/dags/isr_pipeline.py
[2026-04-03T02:39:07.546+0000] {processor.py:840} INFO - DAG(s) 'isr_pipeline' retrieved from /opt/airflow/dags/isr_pipeline.py
[2026-04-03T02:39:07.745+0000] {logging_mixin.py:188} INFO - [2026-04-03T02:39:07.743+0000] {dag.py:3096} INFO - Sync 1 DAGs
[2026-04-03T02:39:07.971+0000] {processor.py:183} INFO - Processing /opt/airflow/dags/isr_pipeline.py took 0.565 seconds
[2026-04-03T02:39:38.230+0000] {processor.py:161} INFO - Started process (PID=46118) to work on /opt/airflow/dags/isr_pipeline.py
[2026-04-03T02:39:38.239+0000] {processor.py:830} INFO - Processing file /opt/airflow/dags/isr_pipeline.py for tasks to queue
[2026-04-03T02:39:38.248+0000] {logging_mixin.py:188} INFO - [2026-04-03T02:39:38.246+0000] {dagbag.py:540} INFO - Filling up the DagBag from /opt/airflow/dags/isr_pipeline.py
[2026-04-03T02:39:38.341+0000] {processor.py:840} INFO - DAG(s) 'isr_pipeline' retrieved from /opt/airflow/dags/isr_pipeline.py
[2026-04-03T02:39:38.533+0000] {logging_mixin.py:188} INFO - [2026-04-03T02:39:38.532+0000] {dag.py:3096} INFO - Sync 1 DAGs
[2026-04-03T02:39:38.746+0000] {processor.py:183} INFO - Processing /opt/airflow/dags/isr_pipeline.py took 0.555 seconds
[2026-04-03T02:40:09.276+0000] {processor.py:161} INFO - Started process (PID=46123) to work on /opt/airflow/dags/isr_pipeline.py
[2026-04-03T02:40:09.284+0000] {processor.py:830} INFO - Processing file /opt/airflow/dags/isr_pipeline.py for tasks to queue
[2026-04-03T02:40:09.292+0000] {logging_mixin.py:188} INFO - [2026-04-03T02:40:09.290+0000] {dagbag.py:540} INFO - Filling up the DagBag from /opt/airflow/dags/isr_pipeline.py
[2026-04-03T02:40:09.381+0000] {processor.py:840} INFO - DAG(s) 'isr_pipeline' retrieved from /opt/airflow/dags/isr_pipeline.py
[2026-04-03T02:40:09.572+0000] {logging_mixin.py:188} INFO - [2026-04-03T02:40:09.571+0000] {dag.py:3096} INFO - Sync 1 DAGs
[2026-04-03T02:40:09.793+0000] {processor.py:183} INFO - Processing /opt/airflow/dags/isr_pipeline.py took 0.556 seconds
[2026-04-03T02:40:40.225+0000] {processor.py:161} INFO - Started process (PID=46128) to work on /opt/airflow/dags/isr_pipeline.py
[2026-04-03T02:40:40.232+0000] {processor.py:830} INFO - Processing file /opt/airflow/dags/isr_pipeline.py for tasks to queue
[2026-04-03T02:40:40.240+0000] {logging_mixin.py:188} INFO - [2026-04-03T02:40:40.238+0000] {dagbag.py:540} INFO - Filling up the DagBag from /opt/airflow/dags/isr_pipeline.py
[2026-04-03T02:40:40.330+0000] {processor.py:840} INFO - DAG(s) 'isr_pipeline' retrieved from /opt/airflow/dags/isr_pipeline.py
[2026-04-03T02:40:40.520+0000] {logging_mixin.py:188} INFO - [2026-04-03T02:40:40.519+0000] {dag.py:3096} INFO - Sync 1 DAGs
[2026-04-03T02:40:40.756+0000] {processor.py:183} INFO - Processing /opt/airflow/dags/isr_pipeline.py took 0.567 seconds
[2026-04-03T02:41:11.310+0000] {processor.py:161} INFO - Started process (PID=46133) to work on /opt/airflow/dags/isr_pipeline.py
[2026-04-03T02:41:11.317+0000] {processor.py:830} INFO - Processing file /opt/airflow/dags/isr_pipeline.py for tasks to queue
[2026-04-03T02:41:11.325+0000] {logging_mixin.py:188} INFO - [2026-04-03T02:41:11.323+0000] {dagbag.py:540} INFO - Filling up the DagBag from /opt/airflow/dags/isr_pipeline.py
[2026-04-03T02:41:11.419+0000] {processor.py:840} INFO - DAG(s) 'isr_pipeline' retrieved from /opt/airflow/dags/isr_pipeline.py
[2026-04-03T02:41:11.621+0000] {logging_mixin.py:188} INFO - [2026-04-03T02:41:11.620+0000] {dag.py:3096} INFO - Sync 1 DAGs
[2026-04-03T02:41:11.841+0000] {processor.py:183} INFO - Processing /opt/airflow/dags/isr_pipeline.py took 0.570 seconds
[2026-04-03T02:41:42.338+0000] {processor.py:161} INFO - Started process (PID=46138) to work on /opt/airflow/dags/isr_pipeline.py
[2026-04-03T02:41:42.346+0000] {processor.py:830} INFO - Processing file /opt/airflow/dags/isr_pipeline.py for tasks to queue
[2026-04-03T02:41:42.354+0000] {logging_mixin.py:188} INFO - [2026-04-03T02:41:42.352+0000] {dagbag.py:540} INFO - Filling up the DagBag from /opt/airflow/dags/isr_pipeline.py
[2026-04-03T02:41:42.444+0000] {processor.py:840} INFO - DAG(s) 'isr_pipeline' retrieved from /opt/airflow/dags/isr_pipeline.py
[2026-04-03T02:41:42.655+0000] {logging_mixin.py:188} INFO - [2026-04-03T02:41:42.654+0000] {dag.py:3096} INFO - Sync 1 DAGs
[2026-04-03T02:41:42.873+0000] {processor.py:183} INFO - Processing /opt/airflow/dags/isr_pipeline.py took 0.574 seconds
[2026-04-03T02:42:13.302+0000] {processor.py:161} INFO - Started process (PID=46143) to work on /opt/airflow/dags/isr_pipeline.py
[2026-04-03T02:42:13.310+0000] {processor.py:830} INFO - Processing file /opt/airflow/dags/isr_pipeline.py for tasks to queue
[2026-04-03T02:42:13.318+0000] {logging_mixin.py:188} INFO - [2026-04-03T02:42:13.315+0000] {dagbag.py:540} INFO - Filling up the DagBag from /opt/airflow/dags/isr_pipeline.py
[2026-04-03T02:42:13.407+0000] {processor.py:840} INFO - DAG(s) 'isr_pipeline' retrieved from /opt/airflow/dags/isr_pipeline.py
[2026-04-03T02:42:13.605+0000] {logging_mixin.py:188} INFO - [2026-04-03T02:42:13.604+0000] {dag.py:3096} INFO - Sync 1 DAGs
[2026-04-03T02:42:13.880+0000] {processor.py:183} INFO - Processing /opt/airflow/dags/isr_pipeline.py took 0.615 seconds
[2026-04-03T02:42:44.396+0000] {processor.py:161} INFO - Started process (PID=46148) to work on /opt/airflow/dags/isr_pipeline.py
[2026-04-03T02:42:44.404+0000] {processor.py:830} INFO - Processing file /opt/airflow/dags/isr_pipeline.py for tasks to queue
[2026-04-03T02:42:44.413+0000] {logging_mixin.py:188} INFO - [2026-04-03T02:42:44.410+0000] {dagbag.py:540} INFO - Filling up the DagBag from /opt/airflow/dags/isr_pipeline.py
[2026-04-03T02:42:44.507+0000] {processor.py:840} INFO - DAG(s) 'isr_pipeline' retrieved from /opt/airflow/dags/isr_pipeline.py
[2026-04-03T02:42:44.691+0000] {logging_mixin.py:188} INFO - [2026-04-03T02:42:44.690+0000] {dag.py:3096} INFO - Sync 1 DAGs
[2026-04-03T02:42:44.907+0000] {processor.py:183} INFO - Processing /opt/airflow/dags/isr_pipeline.py took 0.548 seconds
[2026-04-03T02:43:15.379+0000] {processor.py:161} INFO - Started process (PID=46153) to work on /opt/airflow/dags/isr_pipeline.py
[2026-04-03T02:43:15.387+0000] {processor.py:830} INFO - Processing file /opt/airflow/dags/isr_pipeline.py for tasks to queue
[2026-04-03T02:43:15.395+0000] {logging_mixin.py:188} INFO - [2026-04-03T02:43:15.393+0000] {dagbag.py:540} INFO - Filling up the DagBag from /opt/airflow/dags/isr_pipeline.py
[2026-04-03T02:43:15.490+0000] {processor.py:840} INFO - DAG(s) 'isr_pipeline' retrieved from /opt/airflow/dags/isr_pipeline.py
[2026-04-03T02:43:15.678+0000] {logging_mixin.py:188} INFO - [2026-04-03T02:43:15.676+0000] {dag.py:3096} INFO - Sync 1 DAGs
[2026-04-03T02:43:15.896+0000] {processor.py:183} INFO - Processing /opt/airflow/dags/isr_pipeline.py took 0.556 seconds
[2026-04-03T02:43:46.408+0000] {processor.py:161} INFO - Started process (PID=46158) to work on /opt/airflow/dags/isr_pipeline.py
[2026-04-03T02:43:46.417+0000] {processor.py:830} INFO - Processing file /opt/airflow/dags/isr_pipeline.py for tasks to queue
[2026-04-03T02:43:46.424+0000] {logging_mixin.py:188} INFO - [2026-04-03T02:43:46.423+0000] {dagbag.py:540} INFO - Filling up the DagBag from /opt/airflow/dags/isr_pipeline.py
[2026-04-03T02:43:46.519+0000] {processor.py:840} INFO - DAG(s) 'isr_pipeline' retrieved from /opt/airflow/dags/isr_pipeline.py
[2026-04-03T02:43:46.706+0000] {logging_mixin.py:188} INFO - [2026-04-03T02:43:46.703+0000] {dag.py:3096} INFO - Sync 1 DAGs
[2026-04-03T02:43:46.934+0000] {processor.py:183} INFO - Processing /opt/airflow/dags/isr_pipeline.py took 0.563 seconds
[2026-04-03T02:44:17.487+0000] {processor.py:161} INFO - Started process (PID=46163) to work on /opt/airflow/dags/isr_pipeline.py
[2026-04-03T02:44:17.496+0000] {processor.py:830} INFO - Processing file /opt/airflow/dags/isr_pipeline.py for tasks to queue
[2026-04-03T02:44:17.505+0000] {logging_mixin.py:188} INFO - [2026-04-03T02:44:17.503+0000] {dagbag.py:540} INFO - Filling up the DagBag from /opt/airflow/dags/isr_pipeline.py
[2026-04-03T02:44:17.594+0000] {processor.py:840} INFO - DAG(s) 'isr_pipeline' retrieved from /opt/airflow/dags/isr_pipeline.py
[2026-04-03T02:44:17.785+0000] {logging_mixin.py:188} INFO - [2026-04-03T02:44:17.784+0000] {dag.py:3096} INFO - Sync 1 DAGs
[2026-04-03T02:44:17.995+0000] {processor.py:183} INFO - Processing /opt/airflow/dags/isr_pipeline.py took 0.546 seconds
[2026-04-03T02:44:48.490+0000] {processor.py:161} INFO - Started process (PID=46168) to work on /opt/airflow/dags/isr_pipeline.py
[2026-04-03T02:44:48.499+0000] {processor.py:830} INFO - Processing file /opt/airflow/dags/isr_pipeline.py for tasks to queue
[2026-04-03T02:44:48.506+0000] {logging_mixin.py:188} INFO - [2026-04-03T02:44:48.504+0000] {dagbag.py:540} INFO - Filling up the DagBag from /opt/airflow/dags/isr_pipeline.py
[2026-04-03T02:44:48.595+0000] {processor.py:840} INFO - DAG(s) 'isr_pipeline' retrieved from /opt/airflow/dags/isr_pipeline.py
[2026-04-03T02:44:48.784+0000] {logging_mixin.py:188} INFO - [2026-04-03T02:44:48.783+0000] {dag.py:3096} INFO - Sync 1 DAGs
[2026-04-03T02:44:48.990+0000] {processor.py:183} INFO - Processing /opt/airflow/dags/isr_pipeline.py took 0.543 seconds
[2026-04-03T02:45:19.479+0000] {processor.py:161} INFO - Started process (PID=46173) to work on /opt/airflow/dags/isr_pipeline.py
[2026-04-03T02:45:19.487+0000] {processor.py:830} INFO - Processing file /opt/airflow/dags/isr_pipeline.py for tasks to queue
[2026-04-03T02:45:19.494+0000] {logging_mixin.py:188} INFO - [2026-04-03T02:45:19.492+0000] {dagbag.py:540} INFO - Filling up the DagBag from /opt/airflow/dags/isr_pipeline.py
[2026-04-03T02:45:19.589+0000] {processor.py:840} INFO - DAG(s) 'isr_pipeline' retrieved from /opt/airflow/dags/isr_pipeline.py
[2026-04-03T02:45:19.768+0000] {logging_mixin.py:188} INFO - [2026-04-03T02:45:19.767+0000] {dag.py:3096} INFO - Sync 1 DAGs
[2026-04-03T02:45:19.974+0000] {processor.py:183} INFO - Processing /opt/airflow/dags/isr_pipeline.py took 0.531 seconds
[2026-04-03T02:45:50.572+0000] {processor.py:161} INFO - Started process (PID=46178) to work on /opt/airflow/dags/isr_pipeline.py
[2026-04-03T02:45:50.579+0000] {processor.py:830} INFO - Processing file /opt/airflow/dags/isr_pipeline.py for tasks to queue
[2026-04-03T02:45:50.587+0000] {logging_mixin.py:188} INFO - [2026-04-03T02:45:50.585+0000] {dagbag.py:540} INFO - Filling up the DagBag from /opt/airflow/dags/isr_pipeline.py
[2026-04-03T02:45:50.673+0000] {processor.py:840} INFO - DAG(s) 'isr_pipeline' retrieved from /opt/airflow/dags/isr_pipeline.py
[2026-04-03T02:45:50.873+0000] {logging_mixin.py:188} INFO - [2026-04-03T02:45:50.871+0000] {dag.py:3096} INFO - Sync 1 DAGs
[2026-04-03T02:45:51.108+0000] {processor.py:183} INFO - Processing /opt/airflow/dags/isr_pipeline.py took 0.577 seconds
[2026-04-03T02:46:21.616+0000] {processor.py:161} INFO - Started process (PID=46183) to work on /opt/airflow/dags/isr_pipeline.py
[2026-04-03T02:46:21.624+0000] {processor.py:830} INFO - Processing file /opt/airflow/dags/isr_pipeline.py for tasks to queue
[2026-04-03T02:46:21.631+0000] {logging_mixin.py:188} INFO - [2026-04-03T02:46:21.629+0000] {dagbag.py:540} INFO - Filling up the DagBag from /opt/airflow/dags/isr_pipeline.py
[2026-04-03T02:46:21.717+0000] {processor.py:840} INFO - DAG(s) 'isr_pipeline' retrieved from /opt/airflow/dags/isr_pipeline.py
[2026-04-03T02:46:21.902+0000] {logging_mixin.py:188} INFO - [2026-04-03T02:46:21.901+0000] {dag.py:3096} INFO - Sync 1 DAGs
[2026-04-03T02:46:22.111+0000] {processor.py:183} INFO - Processing /opt/airflow/dags/isr_pipeline.py took 0.532 seconds
[2026-04-03T02:46:52.571+0000] {processor.py:161} INFO - Started process (PID=46188) to work on /opt/airflow/dags/isr_pipeline.py
[2026-04-03T02:46:52.578+0000] {processor.py:830} INFO - Processing file /opt/airflow/dags/isr_pipeline.py for tasks to queue
[2026-04-03T02:46:52.586+0000] {logging_mixin.py:188} INFO - [2026-04-03T02:46:52.583+0000] {dagbag.py:540} INFO - Filling up the DagBag from /opt/airflow/dags/isr_pipeline.py
[2026-04-03T02:46:52.669+0000] {processor.py:840} INFO - DAG(s) 'isr_pipeline' retrieved from /opt/airflow/dags/isr_pipeline.py
[2026-04-03T02:46:52.847+0000] {logging_mixin.py:188} INFO - [2026-04-03T02:46:52.846+0000] {dag.py:3096} INFO - Sync 1 DAGs
[2026-04-03T02:46:53.052+0000] {processor.py:183} INFO - Processing /opt/airflow/dags/isr_pipeline.py took 0.516 seconds
[2026-04-03T02:47:23.618+0000] {processor.py:161} INFO - Started process (PID=46193) to work on /opt/airflow/dags/isr_pipeline.py
[2026-04-03T02:47:23.628+0000] {processor.py:830} INFO - Processing file /opt/airflow/dags/isr_pipeline.py for tasks to queue
[2026-04-03T02:47:23.646+0000] {logging_mixin.py:188} INFO - [2026-04-03T02:47:23.641+0000] {dagbag.py:540} INFO - Filling up the DagBag from /opt/airflow/dags/isr_pipeline.py
[2026-04-03T02:47:23.758+0000] {processor.py:840} INFO - DAG(s) 'isr_pipeline' retrieved from /opt/airflow/dags/isr_pipeline.py
[2026-04-03T02:47:23.945+0000] {logging_mixin.py:188} INFO - [2026-04-03T02:47:23.943+0000] {dag.py:3096} INFO - Sync 1 DAGs
[2026-04-03T02:47:24.167+0000] {processor.py:183} INFO - Processing /opt/airflow/dags/isr_pipeline.py took 0.590 seconds
[2026-04-03T02:47:54.686+0000] {processor.py:161} INFO - Started process (PID=46198) to work on /opt/airflow/dags/isr_pipeline.py
[2026-04-03T02:47:54.693+0000] {processor.py:830} INFO - Processing file /opt/airflow/dags/isr_pipeline.py for tasks to queue
[2026-04-03T02:47:54.701+0000] {logging_mixin.py:188} INFO - [2026-04-03T02:47:54.698+0000] {dagbag.py:540} INFO - Filling up the DagBag from /opt/airflow/dags/isr_pipeline.py
[2026-04-03T02:47:54.792+0000] {processor.py:840} INFO - DAG(s) 'isr_pipeline' retrieved from /opt/airflow/dags/isr_pipeline.py
[2026-04-03T02:47:54.976+0000] {logging_mixin.py:188} INFO - [2026-04-03T02:47:54.974+0000] {dag.py:3096} INFO - Sync 1 DAGs
[2026-04-03T02:47:55.188+0000] {processor.py:183} INFO - Processing /opt/airflow/dags/isr_pipeline.py took 0.539 seconds
[2026-04-03T02:48:25.670+0000] {processor.py:161} INFO - Started process (PID=46203) to work on /opt/airflow/dags/isr_pipeline.py
[2026-04-03T02:48:25.677+0000] {processor.py:830} INFO - Processing file /opt/airflow/dags/isr_pipeline.py for tasks to queue
[2026-04-03T02:48:25.684+0000] {logging_mixin.py:188} INFO - [2026-04-03T02:48:25.682+0000] {dagbag.py:540} INFO - Filling up the DagBag from /opt/airflow/dags/isr_pipeline.py
[2026-04-03T02:48:25.771+0000] {processor.py:840} INFO - DAG(s) 'isr_pipeline' retrieved from /opt/airflow/dags/isr_pipeline.py
[2026-04-03T02:48:25.959+0000] {logging_mixin.py:188} INFO - [2026-04-03T02:48:25.958+0000] {dag.py:3096} INFO - Sync 1 DAGs
[2026-04-03T02:48:26.172+0000] {processor.py:183} INFO - Processing /opt/airflow/dags/isr_pipeline.py took 0.537 seconds
[2026-04-03T02:48:56.730+0000] {processor.py:161} INFO - Started process (PID=46208) to work on /opt/airflow/dags/isr_pipeline.py
[2026-04-03T02:48:56.740+0000] {processor.py:830} INFO - Processing file /opt/airflow/dags/isr_pipeline.py for tasks to queue
[2026-04-03T02:48:56.757+0000] {logging_mixin.py:188} INFO - [2026-04-03T02:48:56.751+0000] {dagbag.py:540} INFO - Filling up the DagBag from /opt/airflow/dags/isr_pipeline.py
[2026-04-03T02:48:56.870+0000] {processor.py:840} INFO - DAG(s) 'isr_pipeline' retrieved from /opt/airflow/dags/isr_pipeline.py
[2026-04-03T02:48:57.089+0000] {logging_mixin.py:188} INFO - [2026-04-03T02:48:57.088+0000] {dag.py:3096} INFO - Sync 1 DAGs
[2026-04-03T02:48:57.317+0000] {processor.py:183} INFO - Processing /opt/airflow/dags/isr_pipeline.py took 0.626 seconds
[2026-04-03T03:01:01.174+0000] {processor.py:161} INFO - Started process (PID=46215) to work on /opt/airflow/dags/isr_pipeline.py
[2026-04-03T03:01:01.183+0000] {processor.py:830} INFO - Processing file /opt/airflow/dags/isr_pipeline.py for tasks to queue
[2026-04-03T03:01:01.186+0000] {logging_mixin.py:188} INFO - [2026-04-03T03:01:01.185+0000] {dagbag.py:540} INFO - Filling up the DagBag from /opt/airflow/dags/isr_pipeline.py
[2026-04-03T03:01:01.220+0000] {processor.py:840} INFO - DAG(s) 'isr_pipeline' retrieved from /opt/airflow/dags/isr_pipeline.py
[2026-04-03T03:01:01.280+0000] {logging_mixin.py:188} INFO - [2026-04-03T03:01:01.280+0000] {dag.py:3096} INFO - Sync 1 DAGs
[2026-04-03T03:01:01.354+0000] {processor.py:183} INFO - Processing /opt/airflow/dags/isr_pipeline.py took 0.195 seconds
[2026-04-03T03:01:31.947+0000] {processor.py:161} INFO - Started process (PID=46220) to work on /opt/airflow/dags/isr_pipeline.py
[2026-04-03T03:01:31.953+0000] {processor.py:830} INFO - Processing file /opt/airflow/dags/isr_pipeline.py for tasks to queue
[2026-04-03T03:01:31.960+0000] {logging_mixin.py:188} INFO - [2026-04-03T03:01:31.958+0000] {dagbag.py:540} INFO - Filling up the DagBag from /opt/airflow/dags/isr_pipeline.py
[2026-04-03T03:01:32.053+0000] {processor.py:840} INFO - DAG(s) 'isr_pipeline' retrieved from /opt/airflow/dags/isr_pipeline.py
[2026-04-03T03:01:32.235+0000] {logging_mixin.py:188} INFO - [2026-04-03T03:01:32.234+0000] {dag.py:3096} INFO - Sync 1 DAGs
[2026-04-03T03:01:32.442+0000] {processor.py:183} INFO - Processing /opt/airflow/dags/isr_pipeline.py took 0.530 seconds
[2026-04-03T03:19:00.242+0000] {processor.py:161} INFO - Started process (PID=46229) to work on /opt/airflow/dags/isr_pipeline.py
[2026-04-03T03:19:00.244+0000] {processor.py:830} INFO - Processing file /opt/airflow/dags/isr_pipeline.py for tasks to queue
[2026-04-03T03:19:00.246+0000] {logging_mixin.py:188} INFO - [2026-04-03T03:19:00.245+0000] {dagbag.py:540} INFO - Filling up the DagBag from /opt/airflow/dags/isr_pipeline.py
[2026-04-03T03:19:00.268+0000] {processor.py:840} INFO - DAG(s) 'isr_pipeline' retrieved from /opt/airflow/dags/isr_pipeline.py
[2026-04-03T03:19:00.308+0000] {logging_mixin.py:188} INFO - [2026-04-03T03:19:00.307+0000] {dag.py:3096} INFO - Sync 1 DAGs
[2026-04-03T03:19:00.351+0000] {processor.py:183} INFO - Processing /opt/airflow/dags/isr_pipeline.py took 0.119 seconds
[2026-04-03T03:19:30.576+0000] {processor.py:161} INFO - Started process (PID=46234) to work on /opt/airflow/dags/isr_pipeline.py
[2026-04-03T03:19:30.584+0000] {processor.py:830} INFO - Processing file /opt/airflow/dags/isr_pipeline.py for tasks to queue
[2026-04-03T03:19:30.591+0000] {logging_mixin.py:188} INFO - [2026-04-03T03:19:30.589+0000] {dagbag.py:540} INFO - Filling up the DagBag from /opt/airflow/dags/isr_pipeline.py
[2026-04-03T03:19:30.678+0000] {processor.py:840} INFO - DAG(s) 'isr_pipeline' retrieved from /opt/airflow/dags/isr_pipeline.py
[2026-04-03T03:19:30.874+0000] {logging_mixin.py:188} INFO - [2026-04-03T03:19:30.873+0000] {dag.py:3096} INFO - Sync 1 DAGs
[2026-04-03T03:19:31.708+0000] {processor.py:183} INFO - Processing /opt/airflow/dags/isr_pipeline.py took 1.170 seconds
[2026-04-03T03:20:02.001+0000] {processor.py:161} INFO - Started process (PID=46239) to work on /opt/airflow/dags/isr_pipeline.py
[2026-04-03T03:20:02.008+0000] {processor.py:830} INFO - Processing file /opt/airflow/dags/isr_pipeline.py for tasks to queue
[2026-04-03T03:20:02.016+0000] {logging_mixin.py:188} INFO - [2026-04-03T03:20:02.014+0000] {dagbag.py:540} INFO - Filling up the DagBag from /opt/airflow/dags/isr_pipeline.py
[2026-04-03T03:20:02.101+0000] {processor.py:840} INFO - DAG(s) 'isr_pipeline' retrieved from /opt/airflow/dags/isr_pipeline.py
[2026-04-03T03:20:02.869+0000] {logging_mixin.py:188} INFO - [2026-04-03T03:20:02.868+0000] {dag.py:3096} INFO - Sync 1 DAGs
[2026-04-03T03:20:03.040+0000] {processor.py:183} INFO - Processing /opt/airflow/dags/isr_pipeline.py took 1.078 seconds
[2026-04-03T03:20:33.753+0000] {processor.py:161} INFO - Started process (PID=46244) to work on /opt/airflow/dags/isr_pipeline.py
[2026-04-03T03:20:33.762+0000] {processor.py:830} INFO - Processing file /opt/airflow/dags/isr_pipeline.py for tasks to queue
[2026-04-03T03:20:33.770+0000] {logging_mixin.py:188} INFO - [2026-04-03T03:20:33.768+0000] {dagbag.py:540} INFO - Filling up the DagBag from /opt/airflow/dags/isr_pipeline.py
[2026-04-03T03:20:33.859+0000] {processor.py:840} INFO - DAG(s) 'isr_pipeline' retrieved from /opt/airflow/dags/isr_pipeline.py
[2026-04-03T03:20:34.032+0000] {logging_mixin.py:188} INFO - [2026-04-03T03:20:34.031+0000] {dag.py:3096} INFO - Sync 1 DAGs
[2026-04-03T03:20:34.370+0000] {processor.py:183} INFO - Processing /opt/airflow/dags/isr_pipeline.py took 0.651 seconds
[2026-04-03T03:21:04.881+0000] {processor.py:161} INFO - Started process (PID=46249) to work on /opt/airflow/dags/isr_pipeline.py
[2026-04-03T03:21:04.888+0000] {processor.py:830} INFO - Processing file /opt/airflow/dags/isr_pipeline.py for tasks to queue
[2026-04-03T03:21:04.896+0000] {logging_mixin.py:188} INFO - [2026-04-03T03:21:04.894+0000] {dagbag.py:540} INFO - Filling up the DagBag from /opt/airflow/dags/isr_pipeline.py
[2026-04-03T03:21:04.987+0000] {processor.py:840} INFO - DAG(s) 'isr_pipeline' retrieved from /opt/airflow/dags/isr_pipeline.py
[2026-04-03T03:21:05.167+0000] {logging_mixin.py:188} INFO - [2026-04-03T03:21:05.166+0000] {dag.py:3096} INFO - Sync 1 DAGs
[2026-04-03T03:21:05.374+0000] {processor.py:183} INFO - Processing /opt/airflow/dags/isr_pipeline.py took 0.532 seconds
[2026-04-03T03:21:35.982+0000] {processor.py:161} INFO - Started process (PID=46254) to work on /opt/airflow/dags/isr_pipeline.py
[2026-04-03T03:21:35.990+0000] {processor.py:830} INFO - Processing file /opt/airflow/dags/isr_pipeline.py for tasks to queue
[2026-04-03T03:21:35.999+0000] {logging_mixin.py:188} INFO - [2026-04-03T03:21:35.996+0000] {dagbag.py:540} INFO - Filling up the DagBag from /opt/airflow/dags/isr_pipeline.py
[2026-04-03T03:21:36.103+0000] {processor.py:840} INFO - DAG(s) 'isr_pipeline' retrieved from /opt/airflow/dags/isr_pipeline.py
[2026-04-03T03:21:36.304+0000] {logging_mixin.py:188} INFO - [2026-04-03T03:21:36.303+0000] {dag.py:3096} INFO - Sync 1 DAGs
[2026-04-03T03:21:36.521+0000] {processor.py:183} INFO - Processing /opt/airflow/dags/isr_pipeline.py took 0.579 seconds
[2026-04-03T03:22:06.837+0000] {processor.py:161} INFO - Started process (PID=46259) to work on /opt/airflow/dags/isr_pipeline.py
[2026-04-03T03:22:06.844+0000] {processor.py:830} INFO - Processing file /opt/airflow/dags/isr_pipeline.py for tasks to queue
[2026-04-03T03:22:06.852+0000] {logging_mixin.py:188} INFO - [2026-04-03T03:22:06.850+0000] {dagbag.py:540} INFO - Filling up the DagBag from /opt/airflow/dags/isr_pipeline.py
[2026-04-03T03:22:06.943+0000] {processor.py:840} INFO - DAG(s) 'isr_pipeline' retrieved from /opt/airflow/dags/isr_pipeline.py
[2026-04-03T03:22:07.129+0000] {logging_mixin.py:188} INFO - [2026-04-03T03:22:07.127+0000] {dag.py:3096} INFO - Sync 1 DAGs
[2026-04-03T03:22:07.338+0000] {processor.py:183} INFO - Processing /opt/airflow/dags/isr_pipeline.py took 0.540 seconds
[2026-04-03T03:22:37.844+0000] {processor.py:161} INFO - Started process (PID=46264) to work on /opt/airflow/dags/isr_pipeline.py
[2026-04-03T03:22:37.854+0000] {processor.py:830} INFO - Processing file /opt/airflow/dags/isr_pipeline.py for tasks to queue
[2026-04-03T03:22:37.866+0000] {logging_mixin.py:188} INFO - [2026-04-03T03:22:37.864+0000] {dagbag.py:540} INFO - Filling up the DagBag from /opt/airflow/dags/isr_pipeline.py
[2026-04-03T03:22:37.962+0000] {processor.py:840} INFO - DAG(s) 'isr_pipeline' retrieved from /opt/airflow/dags/isr_pipeline.py
[2026-04-03T03:22:38.146+0000] {logging_mixin.py:188} INFO - [2026-04-03T03:22:38.145+0000] {dag.py:3096} INFO - Sync 1 DAGs
[2026-04-03T03:22:38.356+0000] {processor.py:183} INFO - Processing /opt/airflow/dags/isr_pipeline.py took 0.553 seconds
[2026-04-03T03:23:08.688+0000] {processor.py:161} INFO - Started process (PID=46269) to work on /opt/airflow/dags/isr_pipeline.py
[2026-04-03T03:23:08.697+0000] {processor.py:830} INFO - Processing file /opt/airflow/dags/isr_pipeline.py for tasks to queue
[2026-04-03T03:23:08.705+0000] {logging_mixin.py:188} INFO - [2026-04-03T03:23:08.703+0000] {dagbag.py:540} INFO - Filling up the DagBag from /opt/airflow/dags/isr_pipeline.py
[2026-04-03T03:23:08.802+0000] {processor.py:840} INFO - DAG(s) 'isr_pipeline' retrieved from /opt/airflow/dags/isr_pipeline.py
[2026-04-03T03:23:08.976+0000] {logging_mixin.py:188} INFO - [2026-04-03T03:23:08.975+0000] {dag.py:3096} INFO - Sync 1 DAGs
[2026-04-03T03:23:09.205+0000] {processor.py:183} INFO - Processing /opt/airflow/dags/isr_pipeline.py took 0.555 seconds
[2026-04-03T03:23:39.677+0000] {processor.py:161} INFO - Started process (PID=46274) to work on /opt/airflow/dags/isr_pipeline.py
[2026-04-03T03:23:39.685+0000] {processor.py:830} INFO - Processing file /opt/airflow/dags/isr_pipeline.py for tasks to queue
[2026-04-03T03:23:39.693+0000] {logging_mixin.py:188} INFO - [2026-04-03T03:23:39.691+0000] {dagbag.py:540} INFO - Filling up the DagBag from /opt/airflow/dags/isr_pipeline.py
[2026-04-03T03:23:39.792+0000] {processor.py:840} INFO - DAG(s) 'isr_pipeline' retrieved from /opt/airflow/dags/isr_pipeline.py
[2026-04-03T03:23:39.978+0000] {logging_mixin.py:188} INFO - [2026-04-03T03:23:39.977+0000] {dag.py:3096} INFO - Sync 1 DAGs
[2026-04-03T03:23:40.190+0000] {processor.py:183} INFO - Processing /opt/airflow/dags/isr_pipeline.py took 0.553 seconds
[2026-04-03T03:24:10.586+0000] {processor.py:161} INFO - Started process (PID=46279) to work on /opt/airflow/dags/isr_pipeline.py
[2026-04-03T03:24:10.593+0000] {processor.py:830} INFO - Processing file /opt/airflow/dags/isr_pipeline.py for tasks to queue
[2026-04-03T03:24:10.601+0000] {logging_mixin.py:188} INFO - [2026-04-03T03:24:10.599+0000] {dagbag.py:540} INFO - Filling up the DagBag from /opt/airflow/dags/isr_pipeline.py
[2026-04-03T03:24:10.690+0000] {processor.py:840} INFO - DAG(s) 'isr_pipeline' retrieved from /opt/airflow/dags/isr_pipeline.py
[2026-04-03T03:24:10.878+0000] {logging_mixin.py:188} INFO - [2026-04-03T03:24:10.877+0000] {dag.py:3096} INFO - Sync 1 DAGs
[2026-04-03T03:24:11.098+0000] {processor.py:183} INFO - Processing /opt/airflow/dags/isr_pipeline.py took 0.549 seconds
[2026-04-03T03:24:41.623+0000] {processor.py:161} INFO - Started process (PID=46284) to work on /opt/airflow/dags/isr_pipeline.py
[2026-04-03T03:24:41.631+0000] {processor.py:830} INFO - Processing file /opt/airflow/dags/isr_pipeline.py for tasks to queue
[2026-04-03T03:24:41.638+0000] {logging_mixin.py:188} INFO - [2026-04-03T03:24:41.636+0000] {dagbag.py:540} INFO - Filling up the DagBag from /opt/airflow/dags/isr_pipeline.py
[2026-04-03T03:24:41.737+0000] {processor.py:840} INFO - DAG(s) 'isr_pipeline' retrieved from /opt/airflow/dags/isr_pipeline.py
[2026-04-03T03:24:41.932+0000] {logging_mixin.py:188} INFO - [2026-04-03T03:24:41.930+0000] {dag.py:3096} INFO - Sync 1 DAGs
[2026-04-03T03:24:42.139+0000] {processor.py:183} INFO - Processing /opt/airflow/dags/isr_pipeline.py took 0.554 seconds
[2026-04-03T03:25:12.648+0000] {processor.py:161} INFO - Started process (PID=46289) to work on /opt/airflow/dags/isr_pipeline.py
[2026-04-03T03:25:12.656+0000] {processor.py:830} INFO - Processing file /opt/airflow/dags/isr_pipeline.py for tasks to queue
[2026-04-03T03:25:12.663+0000] {logging_mixin.py:188} INFO - [2026-04-03T03:25:12.661+0000] {dagbag.py:540} INFO - Filling up the DagBag from /opt/airflow/dags/isr_pipeline.py
[2026-04-03T03:25:12.753+0000] {processor.py:840} INFO - DAG(s) 'isr_pipeline' retrieved from /opt/airflow/dags/isr_pipeline.py
[2026-04-03T03:25:12.946+0000] {logging_mixin.py:188} INFO - [2026-04-03T03:25:12.945+0000] {dag.py:3096} INFO - Sync 1 DAGs
[2026-04-03T03:25:13.156+0000] {processor.py:183} INFO - Processing /opt/airflow/dags/isr_pipeline.py took 0.547 seconds
[2026-04-03T03:25:43.673+0000] {processor.py:161} INFO - Started process (PID=46294) to work on /opt/airflow/dags/isr_pipeline.py
[2026-04-03T03:25:43.680+0000] {processor.py:830} INFO - Processing file /opt/airflow/dags/isr_pipeline.py for tasks to queue
[2026-04-03T03:25:43.690+0000] {logging_mixin.py:188} INFO - [2026-04-03T03:25:43.688+0000] {dagbag.py:540} INFO - Filling up the DagBag from /opt/airflow/dags/isr_pipeline.py
[2026-04-03T03:25:43.781+0000] {processor.py:840} INFO - DAG(s) 'isr_pipeline' retrieved from /opt/airflow/dags/isr_pipeline.py
[2026-04-03T03:25:43.966+0000] {logging_mixin.py:188} INFO - [2026-04-03T03:25:43.965+0000] {dag.py:3096} INFO - Sync 1 DAGs
[2026-04-03T03:25:44.182+0000] {processor.py:183} INFO - Processing /opt/airflow/dags/isr_pipeline.py took 0.545 seconds
[2026-04-03T03:26:14.669+0000] {processor.py:161} INFO - Started process (PID=46299) to work on /opt/airflow/dags/isr_pipeline.py
[2026-04-03T03:26:14.677+0000] {processor.py:830} INFO - Processing file /opt/airflow/dags/isr_pipeline.py for tasks to queue
[2026-04-03T03:26:14.685+0000] {logging_mixin.py:188} INFO - [2026-04-03T03:26:14.683+0000] {dagbag.py:540} INFO - Filling up the DagBag from /opt/airflow/dags/isr_pipeline.py
[2026-04-03T03:26:14.775+0000] {processor.py:840} INFO - DAG(s) 'isr_pipeline' retrieved from /opt/airflow/dags/isr_pipeline.py
[2026-04-03T03:26:14.963+0000] {logging_mixin.py:188} INFO - [2026-04-03T03:26:14.962+0000] {dag.py:3096} INFO - Sync 1 DAGs
[2026-04-03T03:26:15.178+0000] {processor.py:183} INFO - Processing /opt/airflow/dags/isr_pipeline.py took 0.548 seconds
[2026-04-03T03:26:45.410+0000] {processor.py:161} INFO - Started process (PID=46304) to work on /opt/airflow/dags/isr_pipeline.py
[2026-04-03T03:26:45.417+0000] {processor.py:830} INFO - Processing file /opt/airflow/dags/isr_pipeline.py for tasks to queue
[2026-04-03T03:26:45.424+0000] {logging_mixin.py:188} INFO - [2026-04-03T03:26:45.422+0000] {dagbag.py:540} INFO - Filling up the DagBag from /opt/airflow/dags/isr_pipeline.py
[2026-04-03T03:26:45.519+0000] {processor.py:840} INFO - DAG(s) 'isr_pipeline' retrieved from /opt/airflow/dags/isr_pipeline.py
[2026-04-03T03:26:45.709+0000] {logging_mixin.py:188} INFO - [2026-04-03T03:26:45.708+0000] {dag.py:3096} INFO - Sync 1 DAGs
[2026-04-03T03:26:45.950+0000] {processor.py:183} INFO - Processing /opt/airflow/dags/isr_pipeline.py took 0.579 seconds
[2026-04-03T03:27:16.434+0000] {processor.py:161} INFO - Started process (PID=46309) to work on /opt/airflow/dags/isr_pipeline.py
[2026-04-03T03:27:16.441+0000] {processor.py:830} INFO - Processing file /opt/airflow/dags/isr_pipeline.py for tasks to queue
[2026-04-03T03:27:16.448+0000] {logging_mixin.py:188} INFO - [2026-04-03T03:27:16.446+0000] {dagbag.py:540} INFO - Filling up the DagBag from /opt/airflow/dags/isr_pipeline.py
[2026-04-03T03:27:16.535+0000] {processor.py:840} INFO - DAG(s) 'isr_pipeline' retrieved from /opt/airflow/dags/isr_pipeline.py
[2026-04-03T03:27:16.718+0000] {logging_mixin.py:188} INFO - [2026-04-03T03:27:16.717+0000] {dag.py:3096} INFO - Sync 1 DAGs
[2026-04-03T03:27:16.940+0000] {processor.py:183} INFO - Processing /opt/airflow/dags/isr_pipeline.py took 0.545 seconds
[2026-04-03T03:27:47.343+0000] {processor.py:161} INFO - Started process (PID=46314) to work on /opt/airflow/dags/isr_pipeline.py
[2026-04-03T03:27:47.350+0000] {processor.py:830} INFO - Processing file /opt/airflow/dags/isr_pipeline.py for tasks to queue
[2026-04-03T03:27:47.357+0000] {logging_mixin.py:188} INFO - [2026-04-03T03:27:47.355+0000] {dagbag.py:540} INFO - Filling up the DagBag from /opt/airflow/dags/isr_pipeline.py
[2026-04-03T03:27:47.442+0000] {processor.py:840} INFO - DAG(s) 'isr_pipeline' retrieved from /opt/airflow/dags/isr_pipeline.py
[2026-04-03T03:27:47.619+0000] {logging_mixin.py:188} INFO - [2026-04-03T03:27:47.618+0000] {dag.py:3096} INFO - Sync 1 DAGs
[2026-04-03T03:27:47.830+0000] {processor.py:183} INFO - Processing /opt/airflow/dags/isr_pipeline.py took 0.523 seconds
[2026-04-03T03:28:18.315+0000] {processor.py:161} INFO - Started process (PID=46319) to work on /opt/airflow/dags/isr_pipeline.py
[2026-04-03T03:28:18.323+0000] {processor.py:830} INFO - Processing file /opt/airflow/dags/isr_pipeline.py for tasks to queue
[2026-04-03T03:28:18.333+0000] {logging_mixin.py:188} INFO - [2026-04-03T03:28:18.331+0000] {dagbag.py:540} INFO - Filling up the DagBag from /opt/airflow/dags/isr_pipeline.py
[2026-04-03T03:28:18.424+0000] {processor.py:840} INFO - DAG(s) 'isr_pipeline' retrieved from /opt/airflow/dags/isr_pipeline.py
[2026-04-03T03:28:18.612+0000] {logging_mixin.py:188} INFO - [2026-04-03T03:28:18.611+0000] {dag.py:3096} INFO - Sync 1 DAGs
[2026-04-03T03:28:18.826+0000] {processor.py:183} INFO - Processing /opt/airflow/dags/isr_pipeline.py took 0.554 seconds
[2026-04-03T03:28:49.128+0000] {processor.py:161} INFO - Started process (PID=46324) to work on /opt/airflow/dags/isr_pipeline.py
[2026-04-03T03:28:49.136+0000] {processor.py:830} INFO - Processing file /opt/airflow/dags/isr_pipeline.py for tasks to queue
[2026-04-03T03:28:49.143+0000] {logging_mixin.py:188} INFO - [2026-04-03T03:28:49.141+0000] {dagbag.py:540} INFO - Filling up the DagBag from /opt/airflow/dags/isr_pipeline.py
[2026-04-03T03:28:49.231+0000] {processor.py:840} INFO - DAG(s) 'isr_pipeline' retrieved from /opt/airflow/dags/isr_pipeline.py
[2026-04-03T03:28:49.417+0000] {logging_mixin.py:188} INFO - [2026-04-03T03:28:49.416+0000] {dag.py:3096} INFO - Sync 1 DAGs
[2026-04-03T03:28:49.635+0000] {processor.py:183} INFO - Processing /opt/airflow/dags/isr_pipeline.py took 0.546 seconds
[2026-04-03T03:29:20.184+0000] {processor.py:161} INFO - Started process (PID=46329) to work on /opt/airflow/dags/isr_pipeline.py
[2026-04-03T03:29:20.191+0000] {processor.py:830} INFO - Processing file /opt/airflow/dags/isr_pipeline.py for tasks to queue
[2026-04-03T03:29:20.198+0000] {logging_mixin.py:188} INFO - [2026-04-03T03:29:20.196+0000] {dagbag.py:540} INFO - Filling up the DagBag from /opt/airflow/dags/isr_pipeline.py
[2026-04-03T03:29:20.287+0000] {processor.py:840} INFO - DAG(s) 'isr_pipeline' retrieved from /opt/airflow/dags/isr_pipeline.py
[2026-04-03T03:29:20.474+0000] {logging_mixin.py:188} INFO - [2026-04-03T03:29:20.473+0000] {dag.py:3096} INFO - Sync 1 DAGs
[2026-04-03T03:29:20.689+0000] {processor.py:183} INFO - Processing /opt/airflow/dags/isr_pipeline.py took 0.545 seconds
[2026-04-03T03:29:51.064+0000] {processor.py:161} INFO - Started process (PID=46334) to work on /opt/airflow/dags/isr_pipeline.py
[2026-04-03T03:29:51.075+0000] {processor.py:830} INFO - Processing file /opt/airflow/dags/isr_pipeline.py for tasks to queue
[2026-04-03T03:29:51.084+0000] {logging_mixin.py:188} INFO - [2026-04-03T03:29:51.081+0000] {dagbag.py:540} INFO - Filling up the DagBag from /opt/airflow/dags/isr_pipeline.py
[2026-04-03T03:29:51.176+0000] {processor.py:840} INFO - DAG(s) 'isr_pipeline' retrieved from /opt/airflow/dags/isr_pipeline.py
[2026-04-03T03:29:51.356+0000] {logging_mixin.py:188} INFO - [2026-04-03T03:29:51.355+0000] {dag.py:3096} INFO - Sync 1 DAGs
[2026-04-03T03:29:51.564+0000] {processor.py:183} INFO - Processing /opt/airflow/dags/isr_pipeline.py took 0.539 seconds
[2026-04-03T03:30:22.069+0000] {processor.py:161} INFO - Started process (PID=46339) to work on /opt/airflow/dags/isr_pipeline.py
[2026-04-03T03:30:22.077+0000] {processor.py:830} INFO - Processing file /opt/airflow/dags/isr_pipeline.py for tasks to queue
[2026-04-03T03:30:22.084+0000] {logging_mixin.py:188} INFO - [2026-04-03T03:30:22.082+0000] {dagbag.py:540} INFO - Filling up the DagBag from /opt/airflow/dags/isr_pipeline.py
[2026-04-03T03:30:22.174+0000] {processor.py:840} INFO - DAG(s) 'isr_pipeline' retrieved from /opt/airflow/dags/isr_pipeline.py
[2026-04-03T03:30:22.368+0000] {logging_mixin.py:188} INFO - [2026-04-03T03:30:22.367+0000] {dag.py:3096} INFO - Sync 1 DAGs
[2026-04-03T03:30:22.576+0000] {processor.py:183} INFO - Processing /opt/airflow/dags/isr_pipeline.py took 0.545 seconds
[2026-04-03T03:30:52.939+0000] {processor.py:161} INFO - Started process (PID=46344) to work on /opt/airflow/dags/isr_pipeline.py
[2026-04-03T03:30:52.946+0000] {processor.py:830} INFO - Processing file /opt/airflow/dags/isr_pipeline.py for tasks to queue
[2026-04-03T03:30:52.953+0000] {logging_mixin.py:188} INFO - [2026-04-03T03:30:52.951+0000] {dagbag.py:540} INFO - Filling up the DagBag from /opt/airflow/dags/isr_pipeline.py
[2026-04-03T03:30:53.042+0000] {processor.py:840} INFO - DAG(s) 'isr_pipeline' retrieved from /opt/airflow/dags/isr_pipeline.py
[2026-04-03T03:30:53.221+0000] {logging_mixin.py:188} INFO - [2026-04-03T03:30:53.220+0000] {dag.py:3096} INFO - Sync 1 DAGs
[2026-04-03T03:30:53.433+0000] {processor.py:183} INFO - Processing /opt/airflow/dags/isr_pipeline.py took 0.534 seconds
[2026-04-03T03:31:23.943+0000] {processor.py:161} INFO - Started process (PID=46349) to work on /opt/airflow/dags/isr_pipeline.py
[2026-04-03T03:31:23.952+0000] {processor.py:830} INFO - Processing file /opt/airflow/dags/isr_pipeline.py for tasks to queue
[2026-04-03T03:31:23.960+0000] {logging_mixin.py:188} INFO - [2026-04-03T03:31:23.958+0000] {dagbag.py:540} INFO - Filling up the DagBag from /opt/airflow/dags/isr_pipeline.py
[2026-04-03T03:31:24.048+0000] {processor.py:840} INFO - DAG(s) 'isr_pipeline' retrieved from /opt/airflow/dags/isr_pipeline.py
[2026-04-03T03:31:24.231+0000] {logging_mixin.py:188} INFO - [2026-04-03T03:31:24.229+0000] {dag.py:3096} INFO - Sync 1 DAGs
[2026-04-03T03:31:24.443+0000] {processor.py:183} INFO - Processing /opt/airflow/dags/isr_pipeline.py took 0.538 seconds
[2026-04-03T03:31:54.791+0000] {processor.py:161} INFO - Started process (PID=46354) to work on /opt/airflow/dags/isr_pipeline.py
[2026-04-03T03:31:54.799+0000] {processor.py:830} INFO - Processing file /opt/airflow/dags/isr_pipeline.py for tasks to queue
[2026-04-03T03:31:54.808+0000] {logging_mixin.py:188} INFO - [2026-04-03T03:31:54.806+0000] {dagbag.py:540} INFO - Filling up the DagBag from /opt/airflow/dags/isr_pipeline.py
[2026-04-03T03:31:54.904+0000] {processor.py:840} INFO - DAG(s) 'isr_pipeline' retrieved from /opt/airflow/dags/isr_pipeline.py
[2026-04-03T03:31:55.093+0000] {logging_mixin.py:188} INFO - [2026-04-03T03:31:55.092+0000] {dag.py:3096} INFO - Sync 1 DAGs
[2026-04-03T03:31:55.306+0000] {processor.py:183} INFO - Processing /opt/airflow/dags/isr_pipeline.py took 0.557 seconds
[2026-04-03T04:02:16.355+0000] {processor.py:161} INFO - Started process (PID=46365) to work on /opt/airflow/dags/isr_pipeline.py
[2026-04-03T04:02:16.356+0000] {processor.py:830} INFO - Processing file /opt/airflow/dags/isr_pipeline.py for tasks to queue
[2026-04-03T04:02:16.357+0000] {logging_mixin.py:188} INFO - [2026-04-03T04:02:16.357+0000] {dagbag.py:540} INFO - Filling up the DagBag from /opt/airflow/dags/isr_pipeline.py
[2026-04-03T04:02:16.376+0000] {processor.py:840} INFO - DAG(s) 'isr_pipeline' retrieved from /opt/airflow/dags/isr_pipeline.py
[2026-04-03T04:02:16.419+0000] {logging_mixin.py:188} INFO - [2026-04-03T04:02:16.419+0000] {dag.py:3096} INFO - Sync 1 DAGs
[2026-04-03T04:02:16.462+0000] {processor.py:183} INFO - Processing /opt/airflow/dags/isr_pipeline.py took 0.115 seconds
[2026-04-03T04:02:46.649+0000] {processor.py:161} INFO - Started process (PID=46370) to work on /opt/airflow/dags/isr_pipeline.py
[2026-04-03T04:02:46.655+0000] {processor.py:830} INFO - Processing file /opt/airflow/dags/isr_pipeline.py for tasks to queue
[2026-04-03T04:02:46.663+0000] {logging_mixin.py:188} INFO - [2026-04-03T04:02:46.661+0000] {dagbag.py:540} INFO - Filling up the DagBag from /opt/airflow/dags/isr_pipeline.py
[2026-04-03T04:02:46.752+0000] {processor.py:840} INFO - DAG(s) 'isr_pipeline' retrieved from /opt/airflow/dags/isr_pipeline.py
[2026-04-03T04:02:46.949+0000] {logging_mixin.py:188} INFO - [2026-04-03T04:02:46.947+0000] {dag.py:3096} INFO - Sync 1 DAGs
[2026-04-03T04:02:47.164+0000] {processor.py:183} INFO - Processing /opt/airflow/dags/isr_pipeline.py took 0.550 seconds
[2026-04-03T04:03:17.661+0000] {processor.py:161} INFO - Started process (PID=46375) to work on /opt/airflow/dags/isr_pipeline.py
[2026-04-03T04:03:17.669+0000] {processor.py:830} INFO - Processing file /opt/airflow/dags/isr_pipeline.py for tasks to queue
[2026-04-03T04:03:17.677+0000] {logging_mixin.py:188} INFO - [2026-04-03T04:03:17.675+0000] {dagbag.py:540} INFO - Filling up the DagBag from /opt/airflow/dags/isr_pipeline.py
[2026-04-03T04:03:17.774+0000] {processor.py:840} INFO - DAG(s) 'isr_pipeline' retrieved from /opt/airflow/dags/isr_pipeline.py
[2026-04-03T04:03:17.994+0000] {logging_mixin.py:188} INFO - [2026-04-03T04:03:17.992+0000] {dag.py:3096} INFO - Sync 1 DAGs
[2026-04-03T04:03:18.202+0000] {processor.py:183} INFO - Processing /opt/airflow/dags/isr_pipeline.py took 0.581 seconds
[2026-04-03T04:03:48.423+0000] {processor.py:161} INFO - Started process (PID=46380) to work on /opt/airflow/dags/isr_pipeline.py
[2026-04-03T04:03:48.430+0000] {processor.py:830} INFO - Processing file /opt/airflow/dags/isr_pipeline.py for tasks to queue
[2026-04-03T04:03:48.437+0000] {logging_mixin.py:188} INFO - [2026-04-03T04:03:48.435+0000] {dagbag.py:540} INFO - Filling up the DagBag from /opt/airflow/dags/isr_pipeline.py
[2026-04-03T04:03:48.524+0000] {processor.py:840} INFO - DAG(s) 'isr_pipeline' retrieved from /opt/airflow/dags/isr_pipeline.py
[2026-04-03T04:03:48.716+0000] {logging_mixin.py:188} INFO - [2026-04-03T04:03:48.715+0000] {dag.py:3096} INFO - Sync 1 DAGs
[2026-04-03T04:03:48.934+0000] {processor.py:183} INFO - Processing /opt/airflow/dags/isr_pipeline.py took 0.551 seconds
[2026-04-03T04:04:19.433+0000] {processor.py:161} INFO - Started process (PID=46385) to work on /opt/airflow/dags/isr_pipeline.py
[2026-04-03T04:04:19.440+0000] {processor.py:830} INFO - Processing file /opt/airflow/dags/isr_pipeline.py for tasks to queue
[2026-04-03T04:04:19.449+0000] {logging_mixin.py:188} INFO - [2026-04-03T04:04:19.446+0000] {dagbag.py:540} INFO - Filling up the DagBag from /opt/airflow/dags/isr_pipeline.py
[2026-04-03T04:04:19.546+0000] {processor.py:840} INFO - DAG(s) 'isr_pipeline' retrieved from /opt/airflow/dags/isr_pipeline.py
[2026-04-03T04:04:19.733+0000] {logging_mixin.py:188} INFO - [2026-04-03T04:04:19.732+0000] {dag.py:3096} INFO - Sync 1 DAGs
[2026-04-03T04:04:19.961+0000] {processor.py:183} INFO - Processing /opt/airflow/dags/isr_pipeline.py took 0.566 seconds
[2026-04-03T04:04:50.446+0000] {processor.py:161} INFO - Started process (PID=46390) to work on /opt/airflow/dags/isr_pipeline.py
[2026-04-03T04:04:50.453+0000] {processor.py:830} INFO - Processing file /opt/airflow/dags/isr_pipeline.py for tasks to queue
[2026-04-03T04:04:50.463+0000] {logging_mixin.py:188} INFO - [2026-04-03T04:04:50.459+0000] {dagbag.py:540} INFO - Filling up the DagBag from /opt/airflow/dags/isr_pipeline.py
[2026-04-03T04:04:50.556+0000] {processor.py:840} INFO - DAG(s) 'isr_pipeline' retrieved from /opt/airflow/dags/isr_pipeline.py
[2026-04-03T04:04:50.739+0000] {logging_mixin.py:188} INFO - [2026-04-03T04:04:50.737+0000] {dag.py:3096} INFO - Sync 1 DAGs
[2026-04-03T04:04:50.970+0000] {processor.py:183} INFO - Processing /opt/airflow/dags/isr_pipeline.py took 0.560 seconds
[2026-04-03T04:05:21.521+0000] {processor.py:161} INFO - Started process (PID=46395) to work on /opt/airflow/dags/isr_pipeline.py
[2026-04-03T04:05:21.529+0000] {processor.py:830} INFO - Processing file /opt/airflow/dags/isr_pipeline.py for tasks to queue
[2026-04-03T04:05:21.537+0000] {logging_mixin.py:188} INFO - [2026-04-03T04:05:21.535+0000] {dagbag.py:540} INFO - Filling up the DagBag from /opt/airflow/dags/isr_pipeline.py
[2026-04-03T04:05:21.627+0000] {processor.py:840} INFO - DAG(s) 'isr_pipeline' retrieved from /opt/airflow/dags/isr_pipeline.py
[2026-04-03T04:05:21.840+0000] {logging_mixin.py:188} INFO - [2026-04-03T04:05:21.838+0000] {dag.py:3096} INFO - Sync 1 DAGs
[2026-04-03T04:05:22.047+0000] {processor.py:183} INFO - Processing /opt/airflow/dags/isr_pipeline.py took 0.570 seconds
[2026-04-03T04:05:52.565+0000] {processor.py:161} INFO - Started process (PID=46400) to work on /opt/airflow/dags/isr_pipeline.py
[2026-04-03T04:05:52.572+0000] {processor.py:830} INFO - Processing file /opt/airflow/dags/isr_pipeline.py for tasks to queue
[2026-04-03T04:05:52.580+0000] {logging_mixin.py:188} INFO - [2026-04-03T04:05:52.578+0000] {dagbag.py:540} INFO - Filling up the DagBag from /opt/airflow/dags/isr_pipeline.py
[2026-04-03T04:05:52.668+0000] {processor.py:840} INFO - DAG(s) 'isr_pipeline' retrieved from /opt/airflow/dags/isr_pipeline.py
[2026-04-03T04:05:52.868+0000] {logging_mixin.py:188} INFO - [2026-04-03T04:05:52.867+0000] {dag.py:3096} INFO - Sync 1 DAGs
[2026-04-03T04:05:53.072+0000] {processor.py:183} INFO - Processing /opt/airflow/dags/isr_pipeline.py took 0.545 seconds
[2026-04-03T04:06:23.519+0000] {processor.py:161} INFO - Started process (PID=46405) to work on /opt/airflow/dags/isr_pipeline.py
[2026-04-03T04:06:23.526+0000] {processor.py:830} INFO - Processing file /opt/airflow/dags/isr_pipeline.py for tasks to queue
[2026-04-03T04:06:23.534+0000] {logging_mixin.py:188} INFO - [2026-04-03T04:06:23.531+0000] {dagbag.py:540} INFO - Filling up the DagBag from /opt/airflow/dags/isr_pipeline.py
[2026-04-03T04:06:23.624+0000] {processor.py:840} INFO - DAG(s) 'isr_pipeline' retrieved from /opt/airflow/dags/isr_pipeline.py
[2026-04-03T04:06:23.819+0000] {logging_mixin.py:188} INFO - [2026-04-03T04:06:23.818+0000] {dag.py:3096} INFO - Sync 1 DAGs
[2026-04-03T04:06:24.025+0000] {processor.py:183} INFO - Processing /opt/airflow/dags/isr_pipeline.py took 0.543 seconds
[2026-04-03T04:06:54.543+0000] {processor.py:161} INFO - Started process (PID=46410) to work on /opt/airflow/dags/isr_pipeline.py
[2026-04-03T04:06:54.550+0000] {processor.py:830} INFO - Processing file /opt/airflow/dags/isr_pipeline.py for tasks to queue
[2026-04-03T04:06:54.558+0000] {logging_mixin.py:188} INFO - [2026-04-03T04:06:54.556+0000] {dagbag.py:540} INFO - Filling up the DagBag from /opt/airflow/dags/isr_pipeline.py
[2026-04-03T04:06:54.653+0000] {processor.py:840} INFO - DAG(s) 'isr_pipeline' retrieved from /opt/airflow/dags/isr_pipeline.py
[2026-04-03T04:06:54.850+0000] {logging_mixin.py:188} INFO - [2026-04-03T04:06:54.849+0000] {dag.py:3096} INFO - Sync 1 DAGs
[2026-04-03T04:06:55.065+0000] {processor.py:183} INFO - Processing /opt/airflow/dags/isr_pipeline.py took 0.560 seconds
[2026-04-03T04:07:25.658+0000] {processor.py:161} INFO - Started process (PID=46415) to work on /opt/airflow/dags/isr_pipeline.py
[2026-04-03T04:07:25.665+0000] {processor.py:830} INFO - Processing file /opt/airflow/dags/isr_pipeline.py for tasks to queue
[2026-04-03T04:07:25.673+0000] {logging_mixin.py:188} INFO - [2026-04-03T04:07:25.671+0000] {dagbag.py:540} INFO - Filling up the DagBag from /opt/airflow/dags/isr_pipeline.py
[2026-04-03T04:07:25.785+0000] {processor.py:840} INFO - DAG(s) 'isr_pipeline' retrieved from /opt/airflow/dags/isr_pipeline.py
[2026-04-03T04:07:25.985+0000] {logging_mixin.py:188} INFO - [2026-04-03T04:07:25.984+0000] {dag.py:3096} INFO - Sync 1 DAGs
[2026-04-03T04:07:26.210+0000] {processor.py:183} INFO - Processing /opt/airflow/dags/isr_pipeline.py took 0.603 seconds
[2026-04-03T04:07:56.618+0000] {processor.py:161} INFO - Started process (PID=46420) to work on /opt/airflow/dags/isr_pipeline.py
[2026-04-03T04:07:56.625+0000] {processor.py:830} INFO - Processing file /opt/airflow/dags/isr_pipeline.py for tasks to queue
[2026-04-03T04:07:56.634+0000] {logging_mixin.py:188} INFO - [2026-04-03T04:07:56.632+0000] {dagbag.py:540} INFO - Filling up the DagBag from /opt/airflow/dags/isr_pipeline.py
[2026-04-03T04:07:56.756+0000] {processor.py:840} INFO - DAG(s) 'isr_pipeline' retrieved from /opt/airflow/dags/isr_pipeline.py
[2026-04-03T04:07:56.947+0000] {logging_mixin.py:188} INFO - [2026-04-03T04:07:56.946+0000] {dag.py:3096} INFO - Sync 1 DAGs
[2026-04-03T04:07:57.155+0000] {processor.py:183} INFO - Processing /opt/airflow/dags/isr_pipeline.py took 0.583 seconds
[2026-04-03T04:08:27.664+0000] {processor.py:161} INFO - Started process (PID=46425) to work on /opt/airflow/dags/isr_pipeline.py
[2026-04-03T04:08:27.671+0000] {processor.py:830} INFO - Processing file /opt/airflow/dags/isr_pipeline.py for tasks to queue
[2026-04-03T04:08:27.679+0000] {logging_mixin.py:188} INFO - [2026-04-03T04:08:27.677+0000] {dagbag.py:540} INFO - Filling up the DagBag from /opt/airflow/dags/isr_pipeline.py
[2026-04-03T04:08:27.766+0000] {processor.py:840} INFO - DAG(s) 'isr_pipeline' retrieved from /opt/airflow/dags/isr_pipeline.py
[2026-04-03T04:08:27.956+0000] {logging_mixin.py:188} INFO - [2026-04-03T04:08:27.955+0000] {dag.py:3096} INFO - Sync 1 DAGs
[2026-04-03T04:08:28.169+0000] {processor.py:183} INFO - Processing /opt/airflow/dags/isr_pipeline.py took 0.543 seconds
[2026-04-03T04:08:58.414+0000] {processor.py:161} INFO - Started process (PID=46430) to work on /opt/airflow/dags/isr_pipeline.py
[2026-04-03T04:08:58.422+0000] {processor.py:830} INFO - Processing file /opt/airflow/dags/isr_pipeline.py for tasks to queue
[2026-04-03T04:08:58.429+0000] {logging_mixin.py:188} INFO - [2026-04-03T04:08:58.427+0000] {dagbag.py:540} INFO - Filling up the DagBag from /opt/airflow/dags/isr_pipeline.py
[2026-04-03T04:08:58.522+0000] {processor.py:840} INFO - DAG(s) 'isr_pipeline' retrieved from /opt/airflow/dags/isr_pipeline.py
[2026-04-03T04:08:58.736+0000] {logging_mixin.py:188} INFO - [2026-04-03T04:08:58.735+0000] {dag.py:3096} INFO - Sync 1 DAGs
[2026-04-03T04:08:58.944+0000] {processor.py:183} INFO - Processing /opt/airflow/dags/isr_pipeline.py took 0.567 seconds
[2026-04-03T04:09:29.510+0000] {processor.py:161} INFO - Started process (PID=46435) to work on /opt/airflow/dags/isr_pipeline.py
[2026-04-03T04:09:29.521+0000] {processor.py:830} INFO - Processing file /opt/airflow/dags/isr_pipeline.py for tasks to queue
[2026-04-03T04:09:29.540+0000] {logging_mixin.py:188} INFO - [2026-04-03T04:09:29.535+0000] {dagbag.py:540} INFO - Filling up the DagBag from /opt/airflow/dags/isr_pipeline.py
[2026-04-03T04:09:29.633+0000] {processor.py:840} INFO - DAG(s) 'isr_pipeline' retrieved from /opt/airflow/dags/isr_pipeline.py
[2026-04-03T04:09:29.828+0000] {logging_mixin.py:188} INFO - [2026-04-03T04:09:29.827+0000] {dag.py:3096} INFO - Sync 1 DAGs
[2026-04-03T04:09:30.041+0000] {processor.py:183} INFO - Processing /opt/airflow/dags/isr_pipeline.py took 0.571 seconds
[2026-04-03T04:10:00.391+0000] {processor.py:161} INFO - Started process (PID=46440) to work on /opt/airflow/dags/isr_pipeline.py
[2026-04-03T04:10:00.398+0000] {processor.py:830} INFO - Processing file /opt/airflow/dags/isr_pipeline.py for tasks to queue
[2026-04-03T04:10:00.405+0000] {logging_mixin.py:188} INFO - [2026-04-03T04:10:00.403+0000] {dagbag.py:540} INFO - Filling up the DagBag from /opt/airflow/dags/isr_pipeline.py
[2026-04-03T04:10:00.497+0000] {processor.py:840} INFO - DAG(s) 'isr_pipeline' retrieved from /opt/airflow/dags/isr_pipeline.py
[2026-04-03T04:10:00.700+0000] {logging_mixin.py:188} INFO - [2026-04-03T04:10:00.699+0000] {dag.py:3096} INFO - Sync 1 DAGs
[2026-04-03T04:10:00.918+0000] {processor.py:183} INFO - Processing /opt/airflow/dags/isr_pipeline.py took 0.568 seconds
[2026-04-03T04:10:31.438+0000] {processor.py:161} INFO - Started process (PID=46445) to work on /opt/airflow/dags/isr_pipeline.py
[2026-04-03T04:10:31.446+0000] {processor.py:830} INFO - Processing file /opt/airflow/dags/isr_pipeline.py for tasks to queue
[2026-04-03T04:10:31.454+0000] {logging_mixin.py:188} INFO - [2026-04-03T04:10:31.452+0000] {dagbag.py:540} INFO - Filling up the DagBag from /opt/airflow/dags/isr_pipeline.py
[2026-04-03T04:10:31.544+0000] {processor.py:840} INFO - DAG(s) 'isr_pipeline' retrieved from /opt/airflow/dags/isr_pipeline.py
[2026-04-03T04:10:31.737+0000] {logging_mixin.py:188} INFO - [2026-04-03T04:10:31.736+0000] {dag.py:3096} INFO - Sync 1 DAGs
[2026-04-03T04:10:31.942+0000] {processor.py:183} INFO - Processing /opt/airflow/dags/isr_pipeline.py took 0.541 seconds
[2026-04-03T04:11:02.226+0000] {processor.py:161} INFO - Started process (PID=46450) to work on /opt/airflow/dags/isr_pipeline.py
[2026-04-03T04:11:02.234+0000] {processor.py:830} INFO - Processing file /opt/airflow/dags/isr_pipeline.py for tasks to queue
[2026-04-03T04:11:02.242+0000] {logging_mixin.py:188} INFO - [2026-04-03T04:11:02.239+0000] {dagbag.py:540} INFO - Filling up the DagBag from /opt/airflow/dags/isr_pipeline.py
[2026-04-03T04:11:02.333+0000] {processor.py:840} INFO - DAG(s) 'isr_pipeline' retrieved from /opt/airflow/dags/isr_pipeline.py
[2026-04-03T04:11:02.534+0000] {logging_mixin.py:188} INFO - [2026-04-03T04:11:02.533+0000] {dag.py:3096} INFO - Sync 1 DAGs
[2026-04-03T04:11:02.773+0000] {processor.py:183} INFO - Processing /opt/airflow/dags/isr_pipeline.py took 0.585 seconds
[2026-04-03T04:11:33.319+0000] {processor.py:161} INFO - Started process (PID=46455) to work on /opt/airflow/dags/isr_pipeline.py
[2026-04-03T04:11:33.327+0000] {processor.py:830} INFO - Processing file /opt/airflow/dags/isr_pipeline.py for tasks to queue
[2026-04-03T04:11:33.336+0000] {logging_mixin.py:188} INFO - [2026-04-03T04:11:33.333+0000] {dagbag.py:540} INFO - Filling up the DagBag from /opt/airflow/dags/isr_pipeline.py
[2026-04-03T04:11:33.440+0000] {processor.py:840} INFO - DAG(s) 'isr_pipeline' retrieved from /opt/airflow/dags/isr_pipeline.py
[2026-04-03T04:11:33.652+0000] {logging_mixin.py:188} INFO - [2026-04-03T04:11:33.651+0000] {dag.py:3096} INFO - Sync 1 DAGs
[2026-04-03T04:11:33.888+0000] {processor.py:183} INFO - Processing /opt/airflow/dags/isr_pipeline.py took 0.609 seconds
[2026-04-03T04:12:04.130+0000] {processor.py:161} INFO - Started process (PID=46460) to work on /opt/airflow/dags/isr_pipeline.py
[2026-04-03T04:12:04.137+0000] {processor.py:830} INFO - Processing file /opt/airflow/dags/isr_pipeline.py for tasks to queue
[2026-04-03T04:12:04.144+0000] {logging_mixin.py:188} INFO - [2026-04-03T04:12:04.142+0000] {dagbag.py:540} INFO - Filling up the DagBag from /opt/airflow/dags/isr_pipeline.py
[2026-04-03T04:12:04.239+0000] {processor.py:840} INFO - DAG(s) 'isr_pipeline' retrieved from /opt/airflow/dags/isr_pipeline.py
[2026-04-03T04:12:04.429+0000] {logging_mixin.py:188} INFO - [2026-04-03T04:12:04.427+0000] {dag.py:3096} INFO - Sync 1 DAGs
[2026-04-03T04:12:04.654+0000] {processor.py:183} INFO - Processing /opt/airflow/dags/isr_pipeline.py took 0.565 seconds
[2026-04-03T04:12:34.857+0000] {processor.py:161} INFO - Started process (PID=46465) to work on /opt/airflow/dags/isr_pipeline.py
[2026-04-03T04:12:34.866+0000] {processor.py:830} INFO - Processing file /opt/airflow/dags/isr_pipeline.py for tasks to queue
[2026-04-03T04:12:34.873+0000] {logging_mixin.py:188} INFO - [2026-04-03T04:12:34.871+0000] {dagbag.py:540} INFO - Filling up the DagBag from /opt/airflow/dags/isr_pipeline.py
[2026-04-03T04:12:34.966+0000] {processor.py:840} INFO - DAG(s) 'isr_pipeline' retrieved from /opt/airflow/dags/isr_pipeline.py
[2026-04-03T04:12:35.156+0000] {logging_mixin.py:188} INFO - [2026-04-03T04:12:35.154+0000] {dag.py:3096} INFO - Sync 1 DAGs
[2026-04-03T04:12:35.356+0000] {processor.py:183} INFO - Processing /opt/airflow/dags/isr_pipeline.py took 0.542 seconds
[2026-04-03T04:13:05.878+0000] {processor.py:161} INFO - Started process (PID=46470) to work on /opt/airflow/dags/isr_pipeline.py
[2026-04-03T04:13:05.885+0000] {processor.py:830} INFO - Processing file /opt/airflow/dags/isr_pipeline.py for tasks to queue
[2026-04-03T04:13:05.897+0000] {logging_mixin.py:188} INFO - [2026-04-03T04:13:05.895+0000] {dagbag.py:540} INFO - Filling up the DagBag from /opt/airflow/dags/isr_pipeline.py
[2026-04-03T04:13:05.996+0000] {processor.py:840} INFO - DAG(s) 'isr_pipeline' retrieved from /opt/airflow/dags/isr_pipeline.py
[2026-04-03T04:13:06.203+0000] {logging_mixin.py:188} INFO - [2026-04-03T04:13:06.202+0000] {dag.py:3096} INFO - Sync 1 DAGs
[2026-04-03T04:13:06.471+0000] {processor.py:183} INFO - Processing /opt/airflow/dags/isr_pipeline.py took 0.633 seconds
[2026-04-03T04:13:36.818+0000] {processor.py:161} INFO - Started process (PID=46475) to work on /opt/airflow/dags/isr_pipeline.py
[2026-04-03T04:13:36.828+0000] {processor.py:830} INFO - Processing file /opt/airflow/dags/isr_pipeline.py for tasks to queue
[2026-04-03T04:13:36.846+0000] {logging_mixin.py:188} INFO - [2026-04-03T04:13:36.841+0000] {dagbag.py:540} INFO - Filling up the DagBag from /opt/airflow/dags/isr_pipeline.py
[2026-04-03T04:13:36.933+0000] {processor.py:840} INFO - DAG(s) 'isr_pipeline' retrieved from /opt/airflow/dags/isr_pipeline.py
[2026-04-03T04:13:37.119+0000] {logging_mixin.py:188} INFO - [2026-04-03T04:13:37.118+0000] {dag.py:3096} INFO - Sync 1 DAGs
[2026-04-03T04:13:37.334+0000] {processor.py:183} INFO - Processing /opt/airflow/dags/isr_pipeline.py took 0.555 seconds
[2026-04-03T04:14:07.838+0000] {processor.py:161} INFO - Started process (PID=46480) to work on /opt/airflow/dags/isr_pipeline.py
[2026-04-03T04:14:07.847+0000] {processor.py:830} INFO - Processing file /opt/airflow/dags/isr_pipeline.py for tasks to queue
[2026-04-03T04:14:07.854+0000] {logging_mixin.py:188} INFO - [2026-04-03T04:14:07.852+0000] {dagbag.py:540} INFO - Filling up the DagBag from /opt/airflow/dags/isr_pipeline.py
[2026-04-03T04:14:07.942+0000] {processor.py:840} INFO - DAG(s) 'isr_pipeline' retrieved from /opt/airflow/dags/isr_pipeline.py
[2026-04-03T04:14:08.131+0000] {logging_mixin.py:188} INFO - [2026-04-03T04:14:08.130+0000] {dag.py:3096} INFO - Sync 1 DAGs
[2026-04-03T04:14:08.353+0000] {processor.py:183} INFO - Processing /opt/airflow/dags/isr_pipeline.py took 0.553 seconds
[2026-04-03T04:14:38.641+0000] {processor.py:161} INFO - Started process (PID=46485) to work on /opt/airflow/dags/isr_pipeline.py
[2026-04-03T04:14:38.648+0000] {processor.py:830} INFO - Processing file /opt/airflow/dags/isr_pipeline.py for tasks to queue
[2026-04-03T04:14:38.656+0000] {logging_mixin.py:188} INFO - [2026-04-03T04:14:38.654+0000] {dagbag.py:540} INFO - Filling up the DagBag from /opt/airflow/dags/isr_pipeline.py
[2026-04-03T04:14:38.744+0000] {processor.py:840} INFO - DAG(s) 'isr_pipeline' retrieved from /opt/airflow/dags/isr_pipeline.py
[2026-04-03T04:14:38.925+0000] {logging_mixin.py:188} INFO - [2026-04-03T04:14:38.924+0000] {dag.py:3096} INFO - Sync 1 DAGs
[2026-04-03T04:14:39.169+0000] {processor.py:183} INFO - Processing /opt/airflow/dags/isr_pipeline.py took 0.566 seconds
[2026-04-03T04:15:09.714+0000] {processor.py:161} INFO - Started process (PID=46490) to work on /opt/airflow/dags/isr_pipeline.py
[2026-04-03T04:15:09.724+0000] {processor.py:830} INFO - Processing file /opt/airflow/dags/isr_pipeline.py for tasks to queue
[2026-04-03T04:15:09.732+0000] {logging_mixin.py:188} INFO - [2026-04-03T04:15:09.730+0000] {dagbag.py:540} INFO - Filling up the DagBag from /opt/airflow/dags/isr_pipeline.py
[2026-04-03T04:15:09.818+0000] {processor.py:840} INFO - DAG(s) 'isr_pipeline' retrieved from /opt/airflow/dags/isr_pipeline.py
[2026-04-03T04:15:10.016+0000] {logging_mixin.py:188} INFO - [2026-04-03T04:15:10.015+0000] {dag.py:3096} INFO - Sync 1 DAGs
[2026-04-03T04:15:10.248+0000] {processor.py:183} INFO - Processing /opt/airflow/dags/isr_pipeline.py took 0.574 seconds
[2026-04-03T04:15:40.501+0000] {processor.py:161} INFO - Started process (PID=46495) to work on /opt/airflow/dags/isr_pipeline.py
[2026-04-03T04:15:40.508+0000] {processor.py:830} INFO - Processing file /opt/airflow/dags/isr_pipeline.py for tasks to queue
[2026-04-03T04:15:40.517+0000] {logging_mixin.py:188} INFO - [2026-04-03T04:15:40.515+0000] {dagbag.py:540} INFO - Filling up the DagBag from /opt/airflow/dags/isr_pipeline.py
[2026-04-03T04:15:40.606+0000] {processor.py:840} INFO - DAG(s) 'isr_pipeline' retrieved from /opt/airflow/dags/isr_pipeline.py
[2026-04-03T04:15:40.788+0000] {logging_mixin.py:188} INFO - [2026-04-03T04:15:40.786+0000] {dag.py:3096} INFO - Sync 1 DAGs
[2026-04-03T04:15:40.999+0000] {processor.py:183} INFO - Processing /opt/airflow/dags/isr_pipeline.py took 0.538 seconds
[2026-04-03T04:45:39.526+0000] {processor.py:161} INFO - Started process (PID=46500) to work on /opt/airflow/dags/isr_pipeline.py
[2026-04-03T04:45:39.528+0000] {processor.py:830} INFO - Processing file /opt/airflow/dags/isr_pipeline.py for tasks to queue
[2026-04-03T04:45:39.530+0000] {logging_mixin.py:188} INFO - [2026-04-03T04:45:39.530+0000] {dagbag.py:540} INFO - Filling up the DagBag from /opt/airflow/dags/isr_pipeline.py
[2026-04-03T04:45:39.554+0000] {processor.py:840} INFO - DAG(s) 'isr_pipeline' retrieved from /opt/airflow/dags/isr_pipeline.py
[2026-04-03T04:45:39.607+0000] {logging_mixin.py:188} INFO - [2026-04-03T04:45:39.607+0000] {dag.py:3096} INFO - Sync 1 DAGs
[2026-04-03T04:45:39.771+0000] {processor.py:183} INFO - Processing /opt/airflow/dags/isr_pipeline.py took 0.255 seconds
[2026-04-03T04:46:10.144+0000] {processor.py:161} INFO - Started process (PID=46506) to work on /opt/airflow/dags/isr_pipeline.py
[2026-04-03T04:46:10.151+0000] {processor.py:830} INFO - Processing file /opt/airflow/dags/isr_pipeline.py for tasks to queue
[2026-04-03T04:46:10.159+0000] {logging_mixin.py:188} INFO - [2026-04-03T04:46:10.157+0000] {dagbag.py:540} INFO - Filling up the DagBag from /opt/airflow/dags/isr_pipeline.py
[2026-04-03T04:46:10.252+0000] {processor.py:840} INFO - DAG(s) 'isr_pipeline' retrieved from /opt/airflow/dags/isr_pipeline.py
[2026-04-03T04:46:10.440+0000] {logging_mixin.py:188} INFO - [2026-04-03T04:46:10.439+0000] {dag.py:3096} INFO - Sync 1 DAGs
[2026-04-03T04:46:10.676+0000] {processor.py:183} INFO - Processing /opt/airflow/dags/isr_pipeline.py took 0.571 seconds
[2026-04-03T04:46:41.262+0000] {processor.py:161} INFO - Started process (PID=46511) to work on /opt/airflow/dags/isr_pipeline.py
[2026-04-03T04:46:41.269+0000] {processor.py:830} INFO - Processing file /opt/airflow/dags/isr_pipeline.py for tasks to queue
[2026-04-03T04:46:41.278+0000] {logging_mixin.py:188} INFO - [2026-04-03T04:46:41.276+0000] {dagbag.py:540} INFO - Filling up the DagBag from /opt/airflow/dags/isr_pipeline.py
[2026-04-03T04:46:41.364+0000] {processor.py:840} INFO - DAG(s) 'isr_pipeline' retrieved from /opt/airflow/dags/isr_pipeline.py
[2026-04-03T04:46:41.568+0000] {logging_mixin.py:188} INFO - [2026-04-03T04:46:41.567+0000] {dag.py:3096} INFO - Sync 1 DAGs
[2026-04-03T04:46:41.792+0000] {processor.py:183} INFO - Processing /opt/airflow/dags/isr_pipeline.py took 0.567 seconds
[2026-04-03T04:47:12.295+0000] {processor.py:161} INFO - Started process (PID=46516) to work on /opt/airflow/dags/isr_pipeline.py
[2026-04-03T04:47:12.303+0000] {processor.py:830} INFO - Processing file /opt/airflow/dags/isr_pipeline.py for tasks to queue
[2026-04-03T04:47:12.310+0000] {logging_mixin.py:188} INFO - [2026-04-03T04:47:12.308+0000] {dagbag.py:540} INFO - Filling up the DagBag from /opt/airflow/dags/isr_pipeline.py
[2026-04-03T04:47:12.395+0000] {processor.py:840} INFO - DAG(s) 'isr_pipeline' retrieved from /opt/airflow/dags/isr_pipeline.py
[2026-04-03T04:47:12.591+0000] {logging_mixin.py:188} INFO - [2026-04-03T04:47:12.590+0000] {dag.py:3096} INFO - Sync 1 DAGs
[2026-04-03T04:47:12.813+0000] {processor.py:183} INFO - Processing /opt/airflow/dags/isr_pipeline.py took 0.557 seconds
[2026-04-03T04:47:43.184+0000] {processor.py:161} INFO - Started process (PID=46521) to work on /opt/airflow/dags/isr_pipeline.py
[2026-04-03T04:47:43.191+0000] {processor.py:830} INFO - Processing file /opt/airflow/dags/isr_pipeline.py for tasks to queue
[2026-04-03T04:47:43.199+0000] {logging_mixin.py:188} INFO - [2026-04-03T04:47:43.197+0000] {dagbag.py:540} INFO - Filling up the DagBag from /opt/airflow/dags/isr_pipeline.py
[2026-04-03T04:47:43.286+0000] {processor.py:840} INFO - DAG(s) 'isr_pipeline' retrieved from /opt/airflow/dags/isr_pipeline.py
[2026-04-03T04:47:43.469+0000] {logging_mixin.py:188} INFO - [2026-04-03T04:47:43.468+0000] {dag.py:3096} INFO - Sync 1 DAGs
[2026-04-03T04:47:43.682+0000] {processor.py:183} INFO - Processing /opt/airflow/dags/isr_pipeline.py took 0.537 seconds
[2026-04-03T04:48:14.166+0000] {processor.py:161} INFO - Started process (PID=46526) to work on /opt/airflow/dags/isr_pipeline.py
[2026-04-03T04:48:14.173+0000] {processor.py:830} INFO - Processing file /opt/airflow/dags/isr_pipeline.py for tasks to queue
[2026-04-03T04:48:14.180+0000] {logging_mixin.py:188} INFO - [2026-04-03T04:48:14.178+0000] {dagbag.py:540} INFO - Filling up the DagBag from /opt/airflow/dags/isr_pipeline.py
[2026-04-03T04:48:14.266+0000] {processor.py:840} INFO - DAG(s) 'isr_pipeline' retrieved from /opt/airflow/dags/isr_pipeline.py
[2026-04-03T04:48:14.446+0000] {logging_mixin.py:188} INFO - [2026-04-03T04:48:14.445+0000] {dag.py:3096} INFO - Sync 1 DAGs
[2026-04-03T04:48:14.668+0000] {processor.py:183} INFO - Processing /opt/airflow/dags/isr_pipeline.py took 0.541 seconds
[2026-04-03T04:48:45.085+0000] {processor.py:161} INFO - Started process (PID=46531) to work on /opt/airflow/dags/isr_pipeline.py
[2026-04-03T04:48:45.091+0000] {processor.py:830} INFO - Processing file /opt/airflow/dags/isr_pipeline.py for tasks to queue
[2026-04-03T04:48:45.099+0000] {logging_mixin.py:188} INFO - [2026-04-03T04:48:45.097+0000] {dagbag.py:540} INFO - Filling up the DagBag from /opt/airflow/dags/isr_pipeline.py
[2026-04-03T04:48:45.185+0000] {processor.py:840} INFO - DAG(s) 'isr_pipeline' retrieved from /opt/airflow/dags/isr_pipeline.py
[2026-04-03T04:48:45.361+0000] {logging_mixin.py:188} INFO - [2026-04-03T04:48:45.360+0000] {dag.py:3096} INFO - Sync 1 DAGs
[2026-04-03T04:48:45.572+0000] {processor.py:183} INFO - Processing /opt/airflow/dags/isr_pipeline.py took 0.522 seconds
[2026-04-03T04:49:16.129+0000] {processor.py:161} INFO - Started process (PID=46536) to work on /opt/airflow/dags/isr_pipeline.py
[2026-04-03T04:49:16.136+0000] {processor.py:830} INFO - Processing file /opt/airflow/dags/isr_pipeline.py for tasks to queue
[2026-04-03T04:49:16.144+0000] {logging_mixin.py:188} INFO - [2026-04-03T04:49:16.142+0000] {dagbag.py:540} INFO - Filling up the DagBag from /opt/airflow/dags/isr_pipeline.py
[2026-04-03T04:49:16.236+0000] {processor.py:840} INFO - DAG(s) 'isr_pipeline' retrieved from /opt/airflow/dags/isr_pipeline.py
[2026-04-03T04:49:16.426+0000] {logging_mixin.py:188} INFO - [2026-04-03T04:49:16.425+0000] {dag.py:3096} INFO - Sync 1 DAGs
[2026-04-03T04:49:16.685+0000] {processor.py:183} INFO - Processing /opt/airflow/dags/isr_pipeline.py took 0.594 seconds
[2026-04-03T04:49:46.906+0000] {processor.py:161} INFO - Started process (PID=46541) to work on /opt/airflow/dags/isr_pipeline.py
[2026-04-03T04:49:46.914+0000] {processor.py:830} INFO - Processing file /opt/airflow/dags/isr_pipeline.py for tasks to queue
[2026-04-03T04:49:46.921+0000] {logging_mixin.py:188} INFO - [2026-04-03T04:49:46.919+0000] {dagbag.py:540} INFO - Filling up the DagBag from /opt/airflow/dags/isr_pipeline.py
[2026-04-03T04:49:47.013+0000] {processor.py:840} INFO - DAG(s) 'isr_pipeline' retrieved from /opt/airflow/dags/isr_pipeline.py
[2026-04-03T04:49:47.197+0000] {logging_mixin.py:188} INFO - [2026-04-03T04:49:47.196+0000] {dag.py:3096} INFO - Sync 1 DAGs
[2026-04-03T04:49:47.406+0000] {processor.py:183} INFO - Processing /opt/airflow/dags/isr_pipeline.py took 0.538 seconds
[2026-04-03T04:50:17.883+0000] {processor.py:161} INFO - Started process (PID=46546) to work on /opt/airflow/dags/isr_pipeline.py
[2026-04-03T04:50:17.891+0000] {processor.py:830} INFO - Processing file /opt/airflow/dags/isr_pipeline.py for tasks to queue
[2026-04-03T04:50:17.898+0000] {logging_mixin.py:188} INFO - [2026-04-03T04:50:17.896+0000] {dagbag.py:540} INFO - Filling up the DagBag from /opt/airflow/dags/isr_pipeline.py
[2026-04-03T04:50:17.986+0000] {processor.py:840} INFO - DAG(s) 'isr_pipeline' retrieved from /opt/airflow/dags/isr_pipeline.py
[2026-04-03T04:50:18.179+0000] {logging_mixin.py:188} INFO - [2026-04-03T04:50:18.178+0000] {dag.py:3096} INFO - Sync 1 DAGs
[2026-04-03T04:50:18.390+0000] {processor.py:183} INFO - Processing /opt/airflow/dags/isr_pipeline.py took 0.547 seconds
[2026-04-03T04:50:49.042+0000] {processor.py:161} INFO - Started process (PID=46551) to work on /opt/airflow/dags/isr_pipeline.py
[2026-04-03T04:50:49.049+0000] {processor.py:830} INFO - Processing file /opt/airflow/dags/isr_pipeline.py for tasks to queue
[2026-04-03T04:50:49.057+0000] {logging_mixin.py:188} INFO - [2026-04-03T04:50:49.055+0000] {dagbag.py:540} INFO - Filling up the DagBag from /opt/airflow/dags/isr_pipeline.py
[2026-04-03T04:50:49.148+0000] {processor.py:840} INFO - DAG(s) 'isr_pipeline' retrieved from /opt/airflow/dags/isr_pipeline.py
[2026-04-03T04:50:49.334+0000] {logging_mixin.py:188} INFO - [2026-04-03T04:50:49.333+0000] {dag.py:3096} INFO - Sync 1 DAGs
[2026-04-03T04:50:49.561+0000] {processor.py:183} INFO - Processing /opt/airflow/dags/isr_pipeline.py took 0.569 seconds
[2026-04-03T04:51:20.079+0000] {processor.py:161} INFO - Started process (PID=46556) to work on /opt/airflow/dags/isr_pipeline.py
[2026-04-03T04:51:20.088+0000] {processor.py:830} INFO - Processing file /opt/airflow/dags/isr_pipeline.py for tasks to queue
[2026-04-03T04:51:20.095+0000] {logging_mixin.py:188} INFO - [2026-04-03T04:51:20.093+0000] {dagbag.py:540} INFO - Filling up the DagBag from /opt/airflow/dags/isr_pipeline.py
[2026-04-03T04:51:20.194+0000] {processor.py:840} INFO - DAG(s) 'isr_pipeline' retrieved from /opt/airflow/dags/isr_pipeline.py
[2026-04-03T04:51:20.384+0000] {logging_mixin.py:188} INFO - [2026-04-03T04:51:20.383+0000] {dag.py:3096} INFO - Sync 1 DAGs
[2026-04-03T04:51:20.598+0000] {processor.py:183} INFO - Processing /opt/airflow/dags/isr_pipeline.py took 0.556 seconds
[2026-04-03T04:51:50.889+0000] {processor.py:161} INFO - Started process (PID=46561) to work on /opt/airflow/dags/isr_pipeline.py
[2026-04-03T04:51:50.897+0000] {processor.py:830} INFO - Processing file /opt/airflow/dags/isr_pipeline.py for tasks to queue
[2026-04-03T04:51:50.904+0000] {logging_mixin.py:188} INFO - [2026-04-03T04:51:50.902+0000] {dagbag.py:540} INFO - Filling up the DagBag from /opt/airflow/dags/isr_pipeline.py
[2026-04-03T04:51:50.994+0000] {processor.py:840} INFO - DAG(s) 'isr_pipeline' retrieved from /opt/airflow/dags/isr_pipeline.py
[2026-04-03T04:51:51.177+0000] {logging_mixin.py:188} INFO - [2026-04-03T04:51:51.176+0000] {dag.py:3096} INFO - Sync 1 DAGs
[2026-04-03T04:51:51.390+0000] {processor.py:183} INFO - Processing /opt/airflow/dags/isr_pipeline.py took 0.542 seconds
[2026-04-03T04:52:21.894+0000] {processor.py:161} INFO - Started process (PID=46566) to work on /opt/airflow/dags/isr_pipeline.py
[2026-04-03T04:52:21.902+0000] {processor.py:830} INFO - Processing file /opt/airflow/dags/isr_pipeline.py for tasks to queue
[2026-04-03T04:52:21.910+0000] {logging_mixin.py:188} INFO - [2026-04-03T04:52:21.908+0000] {dagbag.py:540} INFO - Filling up the DagBag from /opt/airflow/dags/isr_pipeline.py
[2026-04-03T04:52:21.998+0000] {processor.py:840} INFO - DAG(s) 'isr_pipeline' retrieved from /opt/airflow/dags/isr_pipeline.py
[2026-04-03T04:52:22.183+0000] {logging_mixin.py:188} INFO - [2026-04-03T04:52:22.182+0000] {dag.py:3096} INFO - Sync 1 DAGs
[2026-04-03T04:52:22.393+0000] {processor.py:183} INFO - Processing /opt/airflow/dags/isr_pipeline.py took 0.536 seconds
[2026-04-03T04:52:52.799+0000] {processor.py:161} INFO - Started process (PID=46571) to work on /opt/airflow/dags/isr_pipeline.py
[2026-04-03T04:52:52.806+0000] {processor.py:830} INFO - Processing file /opt/airflow/dags/isr_pipeline.py for tasks to queue
[2026-04-03T04:52:52.815+0000] {logging_mixin.py:188} INFO - [2026-04-03T04:52:52.813+0000] {dagbag.py:540} INFO - Filling up the DagBag from /opt/airflow/dags/isr_pipeline.py
[2026-04-03T04:52:52.905+0000] {processor.py:840} INFO - DAG(s) 'isr_pipeline' retrieved from /opt/airflow/dags/isr_pipeline.py
[2026-04-03T04:52:53.085+0000] {logging_mixin.py:188} INFO - [2026-04-03T04:52:53.083+0000] {dag.py:3096} INFO - Sync 1 DAGs
[2026-04-03T04:52:53.290+0000] {processor.py:183} INFO - Processing /opt/airflow/dags/isr_pipeline.py took 0.529 seconds
[2026-04-03T04:53:23.827+0000] {processor.py:161} INFO - Started process (PID=46576) to work on /opt/airflow/dags/isr_pipeline.py
[2026-04-03T04:53:23.835+0000] {processor.py:830} INFO - Processing file /opt/airflow/dags/isr_pipeline.py for tasks to queue
[2026-04-03T04:53:23.842+0000] {logging_mixin.py:188} INFO - [2026-04-03T04:53:23.840+0000] {dagbag.py:540} INFO - Filling up the DagBag from /opt/airflow/dags/isr_pipeline.py
[2026-04-03T04:53:23.927+0000] {processor.py:840} INFO - DAG(s) 'isr_pipeline' retrieved from /opt/airflow/dags/isr_pipeline.py
[2026-04-03T04:53:24.109+0000] {logging_mixin.py:188} INFO - [2026-04-03T04:53:24.108+0000] {dag.py:3096} INFO - Sync 1 DAGs
[2026-04-03T04:53:24.322+0000] {processor.py:183} INFO - Processing /opt/airflow/dags/isr_pipeline.py took 0.534 seconds
[2026-04-03T04:53:54.595+0000] {processor.py:161} INFO - Started process (PID=46581) to work on /opt/airflow/dags/isr_pipeline.py
[2026-04-03T04:53:54.605+0000] {processor.py:830} INFO - Processing file /opt/airflow/dags/isr_pipeline.py for tasks to queue
[2026-04-03T04:53:54.613+0000] {logging_mixin.py:188} INFO - [2026-04-03T04:53:54.611+0000] {dagbag.py:540} INFO - Filling up the DagBag from /opt/airflow/dags/isr_pipeline.py
[2026-04-03T04:53:54.705+0000] {processor.py:840} INFO - DAG(s) 'isr_pipeline' retrieved from /opt/airflow/dags/isr_pipeline.py
[2026-04-03T04:53:54.892+0000] {logging_mixin.py:188} INFO - [2026-04-03T04:53:54.891+0000] {dag.py:3096} INFO - Sync 1 DAGs
[2026-04-03T04:53:55.096+0000] {processor.py:183} INFO - Processing /opt/airflow/dags/isr_pipeline.py took 0.540 seconds
[2026-04-03T04:54:25.619+0000] {processor.py:161} INFO - Started process (PID=46586) to work on /opt/airflow/dags/isr_pipeline.py
[2026-04-03T04:54:25.628+0000] {processor.py:830} INFO - Processing file /opt/airflow/dags/isr_pipeline.py for tasks to queue
[2026-04-03T04:54:25.637+0000] {logging_mixin.py:188} INFO - [2026-04-03T04:54:25.635+0000] {dagbag.py:540} INFO - Filling up the DagBag from /opt/airflow/dags/isr_pipeline.py
[2026-04-03T04:54:25.731+0000] {processor.py:840} INFO - DAG(s) 'isr_pipeline' retrieved from /opt/airflow/dags/isr_pipeline.py
[2026-04-03T04:54:25.929+0000] {logging_mixin.py:188} INFO - [2026-04-03T04:54:25.928+0000] {dag.py:3096} INFO - Sync 1 DAGs
[2026-04-03T04:54:26.191+0000] {processor.py:183} INFO - Processing /opt/airflow/dags/isr_pipeline.py took 0.612 seconds
[2026-04-03T04:54:56.591+0000] {processor.py:161} INFO - Started process (PID=46591) to work on /opt/airflow/dags/isr_pipeline.py
[2026-04-03T04:54:56.599+0000] {processor.py:830} INFO - Processing file /opt/airflow/dags/isr_pipeline.py for tasks to queue
[2026-04-03T04:54:56.607+0000] {logging_mixin.py:188} INFO - [2026-04-03T04:54:56.605+0000] {dagbag.py:540} INFO - Filling up the DagBag from /opt/airflow/dags/isr_pipeline.py
[2026-04-03T04:54:56.696+0000] {processor.py:840} INFO - DAG(s) 'isr_pipeline' retrieved from /opt/airflow/dags/isr_pipeline.py
[2026-04-03T04:54:56.875+0000] {logging_mixin.py:188} INFO - [2026-04-03T04:54:56.874+0000] {dag.py:3096} INFO - Sync 1 DAGs
[2026-04-03T04:54:57.077+0000] {processor.py:183} INFO - Processing /opt/airflow/dags/isr_pipeline.py took 0.523 seconds
[2026-04-03T04:55:27.594+0000] {processor.py:161} INFO - Started process (PID=46596) to work on /opt/airflow/dags/isr_pipeline.py
[2026-04-03T04:55:27.603+0000] {processor.py:830} INFO - Processing file /opt/airflow/dags/isr_pipeline.py for tasks to queue
[2026-04-03T04:55:27.611+0000] {logging_mixin.py:188} INFO - [2026-04-03T04:55:27.609+0000] {dagbag.py:540} INFO - Filling up the DagBag from /opt/airflow/dags/isr_pipeline.py
[2026-04-03T04:55:27.700+0000] {processor.py:840} INFO - DAG(s) 'isr_pipeline' retrieved from /opt/airflow/dags/isr_pipeline.py
[2026-04-03T04:55:27.888+0000] {logging_mixin.py:188} INFO - [2026-04-03T04:55:27.886+0000] {dag.py:3096} INFO - Sync 1 DAGs
[2026-04-03T04:55:28.090+0000] {processor.py:183} INFO - Processing /opt/airflow/dags/isr_pipeline.py took 0.534 seconds
[2026-04-03T04:55:58.525+0000] {processor.py:161} INFO - Started process (PID=46601) to work on /opt/airflow/dags/isr_pipeline.py
[2026-04-03T04:55:58.533+0000] {processor.py:830} INFO - Processing file /opt/airflow/dags/isr_pipeline.py for tasks to queue
[2026-04-03T04:55:58.541+0000] {logging_mixin.py:188} INFO - [2026-04-03T04:55:58.539+0000] {dagbag.py:540} INFO - Filling up the DagBag from /opt/airflow/dags/isr_pipeline.py
[2026-04-03T04:55:58.635+0000] {processor.py:840} INFO - DAG(s) 'isr_pipeline' retrieved from /opt/airflow/dags/isr_pipeline.py
[2026-04-03T04:55:58.814+0000] {logging_mixin.py:188} INFO - [2026-04-03T04:55:58.813+0000] {dag.py:3096} INFO - Sync 1 DAGs
[2026-04-03T04:55:59.020+0000] {processor.py:183} INFO - Processing /opt/airflow/dags/isr_pipeline.py took 0.530 seconds
[2026-04-03T04:56:29.550+0000] {processor.py:161} INFO - Started process (PID=46606) to work on /opt/airflow/dags/isr_pipeline.py
[2026-04-03T04:56:29.557+0000] {processor.py:830} INFO - Processing file /opt/airflow/dags/isr_pipeline.py for tasks to queue
[2026-04-03T04:56:29.568+0000] {logging_mixin.py:188} INFO - [2026-04-03T04:56:29.565+0000] {dagbag.py:540} INFO - Filling up the DagBag from /opt/airflow/dags/isr_pipeline.py
[2026-04-03T04:56:29.656+0000] {processor.py:840} INFO - DAG(s) 'isr_pipeline' retrieved from /opt/airflow/dags/isr_pipeline.py
[2026-04-03T04:56:29.842+0000] {logging_mixin.py:188} INFO - [2026-04-03T04:56:29.841+0000] {dag.py:3096} INFO - Sync 1 DAGs
[2026-04-03T04:56:30.071+0000] {processor.py:183} INFO - Processing /opt/airflow/dags/isr_pipeline.py took 0.562 seconds
[2026-04-03T05:02:03.438+0000] {processor.py:161} INFO - Started process (PID=46611) to work on /opt/airflow/dags/isr_pipeline.py
[2026-04-03T05:02:03.439+0000] {processor.py:830} INFO - Processing file /opt/airflow/dags/isr_pipeline.py for tasks to queue
[2026-04-03T05:02:03.442+0000] {logging_mixin.py:188} INFO - [2026-04-03T05:02:03.441+0000] {dagbag.py:540} INFO - Filling up the DagBag from /opt/airflow/dags/isr_pipeline.py
[2026-04-03T05:02:03.469+0000] {processor.py:840} INFO - DAG(s) 'isr_pipeline' retrieved from /opt/airflow/dags/isr_pipeline.py
[2026-04-03T05:02:03.512+0000] {logging_mixin.py:188} INFO - [2026-04-03T05:02:03.512+0000] {dag.py:3096} INFO - Sync 1 DAGs
[2026-04-03T05:02:03.696+0000] {processor.py:183} INFO - Processing /opt/airflow/dags/isr_pipeline.py took 0.267 seconds
[2026-04-03T05:02:34.033+0000] {processor.py:161} INFO - Started process (PID=46616) to work on /opt/airflow/dags/isr_pipeline.py
[2026-04-03T05:02:34.039+0000] {processor.py:830} INFO - Processing file /opt/airflow/dags/isr_pipeline.py for tasks to queue
[2026-04-03T05:02:34.048+0000] {logging_mixin.py:188} INFO - [2026-04-03T05:02:34.045+0000] {dagbag.py:540} INFO - Filling up the DagBag from /opt/airflow/dags/isr_pipeline.py
[2026-04-03T05:02:34.145+0000] {processor.py:840} INFO - DAG(s) 'isr_pipeline' retrieved from /opt/airflow/dags/isr_pipeline.py
[2026-04-03T05:02:34.340+0000] {logging_mixin.py:188} INFO - [2026-04-03T05:02:34.339+0000] {dag.py:3096} INFO - Sync 1 DAGs
[2026-04-03T05:02:34.545+0000] {processor.py:183} INFO - Processing /opt/airflow/dags/isr_pipeline.py took 0.555 seconds
[2026-04-03T05:03:05.232+0000] {processor.py:161} INFO - Started process (PID=46621) to work on /opt/airflow/dags/isr_pipeline.py
[2026-04-03T05:03:05.233+0000] {processor.py:830} INFO - Processing file /opt/airflow/dags/isr_pipeline.py for tasks to queue
[2026-04-03T05:03:05.235+0000] {logging_mixin.py:188} INFO - [2026-04-03T05:03:05.235+0000] {dagbag.py:540} INFO - Filling up the DagBag from /opt/airflow/dags/isr_pipeline.py
[2026-04-03T05:03:05.253+0000] {processor.py:840} INFO - DAG(s) 'isr_pipeline' retrieved from /opt/airflow/dags/isr_pipeline.py
[2026-04-03T05:03:05.290+0000] {logging_mixin.py:188} INFO - [2026-04-03T05:03:05.290+0000] {dag.py:3096} INFO - Sync 1 DAGs
[2026-04-03T05:03:05.333+0000] {processor.py:183} INFO - Processing /opt/airflow/dags/isr_pipeline.py took 0.109 seconds
[2026-04-03T05:03:35.671+0000] {processor.py:161} INFO - Started process (PID=46626) to work on /opt/airflow/dags/isr_pipeline.py
[2026-04-03T05:03:35.678+0000] {processor.py:830} INFO - Processing file /opt/airflow/dags/isr_pipeline.py for tasks to queue
[2026-04-03T05:03:35.693+0000] {logging_mixin.py:188} INFO - [2026-04-03T05:03:35.688+0000] {dagbag.py:540} INFO - Filling up the DagBag from /opt/airflow/dags/isr_pipeline.py
[2026-04-03T05:03:35.787+0000] {processor.py:840} INFO - DAG(s) 'isr_pipeline' retrieved from /opt/airflow/dags/isr_pipeline.py
[2026-04-03T05:03:35.966+0000] {logging_mixin.py:188} INFO - [2026-04-03T05:03:35.964+0000] {dag.py:3096} INFO - Sync 1 DAGs
[2026-04-03T05:03:36.168+0000] {processor.py:183} INFO - Processing /opt/airflow/dags/isr_pipeline.py took 0.537 seconds
[2026-04-03T05:26:34.643+0000] {processor.py:161} INFO - Started process (PID=46631) to work on /opt/airflow/dags/isr_pipeline.py
[2026-04-03T05:26:34.873+0000] {processor.py:830} INFO - Processing file /opt/airflow/dags/isr_pipeline.py for tasks to queue
[2026-04-03T05:26:34.879+0000] {logging_mixin.py:188} INFO - [2026-04-03T05:26:34.878+0000] {dagbag.py:540} INFO - Filling up the DagBag from /opt/airflow/dags/isr_pipeline.py
[2026-04-03T05:26:34.907+0000] {processor.py:840} INFO - DAG(s) 'isr_pipeline' retrieved from /opt/airflow/dags/isr_pipeline.py
[2026-04-03T05:26:34.954+0000] {logging_mixin.py:188} INFO - [2026-04-03T05:26:34.954+0000] {dag.py:3096} INFO - Sync 1 DAGs
[2026-04-03T05:26:35.045+0000] {processor.py:183} INFO - Processing /opt/airflow/dags/isr_pipeline.py took 0.418 seconds
[2026-04-03T05:27:05.603+0000] {processor.py:161} INFO - Started process (PID=46636) to work on /opt/airflow/dags/isr_pipeline.py
[2026-04-03T05:27:05.611+0000] {processor.py:830} INFO - Processing file /opt/airflow/dags/isr_pipeline.py for tasks to queue
[2026-04-03T05:27:05.619+0000] {logging_mixin.py:188} INFO - [2026-04-03T05:27:05.617+0000] {dagbag.py:540} INFO - Filling up the DagBag from /opt/airflow/dags/isr_pipeline.py
[2026-04-03T05:27:05.709+0000] {processor.py:840} INFO - DAG(s) 'isr_pipeline' retrieved from /opt/airflow/dags/isr_pipeline.py
[2026-04-03T05:27:05.905+0000] {logging_mixin.py:188} INFO - [2026-04-03T05:27:05.904+0000] {dag.py:3096} INFO - Sync 1 DAGs
[2026-04-03T05:27:06.130+0000] {processor.py:183} INFO - Processing /opt/airflow/dags/isr_pipeline.py took 0.566 seconds
[2026-04-03T05:27:36.529+0000] {processor.py:161} INFO - Started process (PID=46641) to work on /opt/airflow/dags/isr_pipeline.py
[2026-04-03T05:27:36.542+0000] {processor.py:830} INFO - Processing file /opt/airflow/dags/isr_pipeline.py for tasks to queue
[2026-04-03T05:27:36.549+0000] {logging_mixin.py:188} INFO - [2026-04-03T05:27:36.548+0000] {dagbag.py:540} INFO - Filling up the DagBag from /opt/airflow/dags/isr_pipeline.py
[2026-04-03T05:27:36.635+0000] {processor.py:840} INFO - DAG(s) 'isr_pipeline' retrieved from /opt/airflow/dags/isr_pipeline.py
[2026-04-03T05:27:36.816+0000] {logging_mixin.py:188} INFO - [2026-04-03T05:27:36.815+0000] {dag.py:3096} INFO - Sync 1 DAGs
[2026-04-03T05:27:37.043+0000] {processor.py:183} INFO - Processing /opt/airflow/dags/isr_pipeline.py took 0.554 seconds
[2026-04-03T05:28:07.586+0000] {processor.py:161} INFO - Started process (PID=46646) to work on /opt/airflow/dags/isr_pipeline.py
[2026-04-03T05:28:07.593+0000] {processor.py:830} INFO - Processing file /opt/airflow/dags/isr_pipeline.py for tasks to queue
[2026-04-03T05:28:07.602+0000] {logging_mixin.py:188} INFO - [2026-04-03T05:28:07.599+0000] {dagbag.py:540} INFO - Filling up the DagBag from /opt/airflow/dags/isr_pipeline.py
[2026-04-03T05:28:07.700+0000] {processor.py:840} INFO - DAG(s) 'isr_pipeline' retrieved from /opt/airflow/dags/isr_pipeline.py
[2026-04-03T05:28:07.885+0000] {logging_mixin.py:188} INFO - [2026-04-03T05:28:07.884+0000] {dag.py:3096} INFO - Sync 1 DAGs
[2026-04-03T05:28:08.095+0000] {processor.py:183} INFO - Processing /opt/airflow/dags/isr_pipeline.py took 0.548 seconds
[2026-04-03T05:28:38.343+0000] {processor.py:161} INFO - Started process (PID=46651) to work on /opt/airflow/dags/isr_pipeline.py
[2026-04-03T05:28:38.350+0000] {processor.py:830} INFO - Processing file /opt/airflow/dags/isr_pipeline.py for tasks to queue
[2026-04-03T05:28:38.358+0000] {logging_mixin.py:188} INFO - [2026-04-03T05:28:38.356+0000] {dagbag.py:540} INFO - Filling up the DagBag from /opt/airflow/dags/isr_pipeline.py
[2026-04-03T05:28:38.453+0000] {processor.py:840} INFO - DAG(s) 'isr_pipeline' retrieved from /opt/airflow/dags/isr_pipeline.py
[2026-04-03T05:28:38.645+0000] {logging_mixin.py:188} INFO - [2026-04-03T05:28:38.644+0000] {dag.py:3096} INFO - Sync 1 DAGs
[2026-04-03T05:28:38.852+0000] {processor.py:183} INFO - Processing /opt/airflow/dags/isr_pipeline.py took 0.548 seconds
[2026-04-03T05:29:09.388+0000] {processor.py:161} INFO - Started process (PID=46656) to work on /opt/airflow/dags/isr_pipeline.py
[2026-04-03T05:29:09.397+0000] {processor.py:830} INFO - Processing file /opt/airflow/dags/isr_pipeline.py for tasks to queue
[2026-04-03T05:29:09.404+0000] {logging_mixin.py:188} INFO - [2026-04-03T05:29:09.402+0000] {dagbag.py:540} INFO - Filling up the DagBag from /opt/airflow/dags/isr_pipeline.py
[2026-04-03T05:29:09.496+0000] {processor.py:840} INFO - DAG(s) 'isr_pipeline' retrieved from /opt/airflow/dags/isr_pipeline.py
[2026-04-03T05:29:09.682+0000] {logging_mixin.py:188} INFO - [2026-04-03T05:29:09.681+0000] {dag.py:3096} INFO - Sync 1 DAGs
[2026-04-03T05:29:09.896+0000] {processor.py:183} INFO - Processing /opt/airflow/dags/isr_pipeline.py took 0.547 seconds
[2026-04-03T05:29:40.285+0000] {processor.py:161} INFO - Started process (PID=46661) to work on /opt/airflow/dags/isr_pipeline.py
[2026-04-03T05:29:40.292+0000] {processor.py:830} INFO - Processing file /opt/airflow/dags/isr_pipeline.py for tasks to queue
[2026-04-03T05:29:40.300+0000] {logging_mixin.py:188} INFO - [2026-04-03T05:29:40.298+0000] {dagbag.py:540} INFO - Filling up the DagBag from /opt/airflow/dags/isr_pipeline.py
[2026-04-03T05:29:40.389+0000] {processor.py:840} INFO - DAG(s) 'isr_pipeline' retrieved from /opt/airflow/dags/isr_pipeline.py
[2026-04-03T05:29:40.568+0000] {logging_mixin.py:188} INFO - [2026-04-03T05:29:40.567+0000] {dag.py:3096} INFO - Sync 1 DAGs
[2026-04-03T05:29:40.789+0000] {processor.py:183} INFO - Processing /opt/airflow/dags/isr_pipeline.py took 0.541 seconds
[2026-04-03T05:30:11.359+0000] {processor.py:161} INFO - Started process (PID=46666) to work on /opt/airflow/dags/isr_pipeline.py
[2026-04-03T05:30:11.367+0000] {processor.py:830} INFO - Processing file /opt/airflow/dags/isr_pipeline.py for tasks to queue
[2026-04-03T05:30:11.374+0000] {logging_mixin.py:188} INFO - [2026-04-03T05:30:11.372+0000] {dagbag.py:540} INFO - Filling up the DagBag from /opt/airflow/dags/isr_pipeline.py
[2026-04-03T05:30:11.469+0000] {processor.py:840} INFO - DAG(s) 'isr_pipeline' retrieved from /opt/airflow/dags/isr_pipeline.py
[2026-04-03T05:30:11.654+0000] {logging_mixin.py:188} INFO - [2026-04-03T05:30:11.653+0000] {dag.py:3096} INFO - Sync 1 DAGs
[2026-04-03T05:30:11.861+0000] {processor.py:183} INFO - Processing /opt/airflow/dags/isr_pipeline.py took 0.542 seconds
[2026-04-03T05:30:42.369+0000] {processor.py:161} INFO - Started process (PID=46671) to work on /opt/airflow/dags/isr_pipeline.py
[2026-04-03T05:30:42.376+0000] {processor.py:830} INFO - Processing file /opt/airflow/dags/isr_pipeline.py for tasks to queue
[2026-04-03T05:30:42.383+0000] {logging_mixin.py:188} INFO - [2026-04-03T05:30:42.381+0000] {dagbag.py:540} INFO - Filling up the DagBag from /opt/airflow/dags/isr_pipeline.py
[2026-04-03T05:30:42.471+0000] {processor.py:840} INFO - DAG(s) 'isr_pipeline' retrieved from /opt/airflow/dags/isr_pipeline.py
[2026-04-03T05:30:42.653+0000] {logging_mixin.py:188} INFO - [2026-04-03T05:30:42.652+0000] {dag.py:3096} INFO - Sync 1 DAGs
[2026-04-03T05:30:42.862+0000] {processor.py:183} INFO - Processing /opt/airflow/dags/isr_pipeline.py took 0.532 seconds
[2026-04-03T05:31:13.372+0000] {processor.py:161} INFO - Started process (PID=46676) to work on /opt/airflow/dags/isr_pipeline.py
[2026-04-03T05:31:13.380+0000] {processor.py:830} INFO - Processing file /opt/airflow/dags/isr_pipeline.py for tasks to queue
[2026-04-03T05:31:13.388+0000] {logging_mixin.py:188} INFO - [2026-04-03T05:31:13.386+0000] {dagbag.py:540} INFO - Filling up the DagBag from /opt/airflow/dags/isr_pipeline.py
[2026-04-03T05:31:13.476+0000] {processor.py:840} INFO - DAG(s) 'isr_pipeline' retrieved from /opt/airflow/dags/isr_pipeline.py
[2026-04-03T05:31:13.659+0000] {logging_mixin.py:188} INFO - [2026-04-03T05:31:13.658+0000] {dag.py:3096} INFO - Sync 1 DAGs
[2026-04-03T05:31:13.866+0000] {processor.py:183} INFO - Processing /opt/airflow/dags/isr_pipeline.py took 0.533 seconds
[2026-04-03T05:31:44.162+0000] {processor.py:161} INFO - Started process (PID=46681) to work on /opt/airflow/dags/isr_pipeline.py
[2026-04-03T05:31:44.170+0000] {processor.py:830} INFO - Processing file /opt/airflow/dags/isr_pipeline.py for tasks to queue
[2026-04-03T05:31:44.179+0000] {logging_mixin.py:188} INFO - [2026-04-03T05:31:44.175+0000] {dagbag.py:540} INFO - Filling up the DagBag from /opt/airflow/dags/isr_pipeline.py
[2026-04-03T05:31:44.275+0000] {processor.py:840} INFO - DAG(s) 'isr_pipeline' retrieved from /opt/airflow/dags/isr_pipeline.py
[2026-04-03T05:31:44.456+0000] {logging_mixin.py:188} INFO - [2026-04-03T05:31:44.455+0000] {dag.py:3096} INFO - Sync 1 DAGs
[2026-04-03T05:31:44.688+0000] {processor.py:183} INFO - Processing /opt/airflow/dags/isr_pipeline.py took 0.564 seconds
[2026-04-03T05:32:15.298+0000] {processor.py:161} INFO - Started process (PID=46686) to work on /opt/airflow/dags/isr_pipeline.py
[2026-04-03T05:32:15.305+0000] {processor.py:830} INFO - Processing file /opt/airflow/dags/isr_pipeline.py for tasks to queue
[2026-04-03T05:32:15.313+0000] {logging_mixin.py:188} INFO - [2026-04-03T05:32:15.311+0000] {dagbag.py:540} INFO - Filling up the DagBag from /opt/airflow/dags/isr_pipeline.py
[2026-04-03T05:32:15.397+0000] {processor.py:840} INFO - DAG(s) 'isr_pipeline' retrieved from /opt/airflow/dags/isr_pipeline.py
[2026-04-03T05:32:15.579+0000] {logging_mixin.py:188} INFO - [2026-04-03T05:32:15.578+0000] {dag.py:3096} INFO - Sync 1 DAGs
[2026-04-03T05:32:15.786+0000] {processor.py:183} INFO - Processing /opt/airflow/dags/isr_pipeline.py took 0.526 seconds
[2026-04-03T05:32:46.021+0000] {processor.py:161} INFO - Started process (PID=46691) to work on /opt/airflow/dags/isr_pipeline.py
[2026-04-03T05:32:46.030+0000] {processor.py:830} INFO - Processing file /opt/airflow/dags/isr_pipeline.py for tasks to queue
[2026-04-03T05:32:46.037+0000] {logging_mixin.py:188} INFO - [2026-04-03T05:32:46.035+0000] {dagbag.py:540} INFO - Filling up the DagBag from /opt/airflow/dags/isr_pipeline.py
[2026-04-03T05:32:46.129+0000] {processor.py:840} INFO - DAG(s) 'isr_pipeline' retrieved from /opt/airflow/dags/isr_pipeline.py
[2026-04-03T05:32:46.359+0000] {logging_mixin.py:188} INFO - [2026-04-03T05:32:46.357+0000] {dag.py:3096} INFO - Sync 1 DAGs
[2026-04-03T05:32:46.590+0000] {processor.py:183} INFO - Processing /opt/airflow/dags/isr_pipeline.py took 0.609 seconds
[2026-04-03T05:33:17.118+0000] {processor.py:161} INFO - Started process (PID=46696) to work on /opt/airflow/dags/isr_pipeline.py
[2026-04-03T05:33:17.125+0000] {processor.py:830} INFO - Processing file /opt/airflow/dags/isr_pipeline.py for tasks to queue
[2026-04-03T05:33:17.132+0000] {logging_mixin.py:188} INFO - [2026-04-03T05:33:17.130+0000] {dagbag.py:540} INFO - Filling up the DagBag from /opt/airflow/dags/isr_pipeline.py
[2026-04-03T05:33:17.222+0000] {processor.py:840} INFO - DAG(s) 'isr_pipeline' retrieved from /opt/airflow/dags/isr_pipeline.py
[2026-04-03T05:33:17.434+0000] {logging_mixin.py:188} INFO - [2026-04-03T05:33:17.432+0000] {dag.py:3096} INFO - Sync 1 DAGs
[2026-04-03T05:33:17.648+0000] {processor.py:183} INFO - Processing /opt/airflow/dags/isr_pipeline.py took 0.576 seconds
[2026-04-03T05:33:48.027+0000] {processor.py:161} INFO - Started process (PID=46701) to work on /opt/airflow/dags/isr_pipeline.py
[2026-04-03T05:33:48.035+0000] {processor.py:830} INFO - Processing file /opt/airflow/dags/isr_pipeline.py for tasks to queue
[2026-04-03T05:33:48.044+0000] {logging_mixin.py:188} INFO - [2026-04-03T05:33:48.042+0000] {dagbag.py:540} INFO - Filling up the DagBag from /opt/airflow/dags/isr_pipeline.py
[2026-04-03T05:33:48.128+0000] {processor.py:840} INFO - DAG(s) 'isr_pipeline' retrieved from /opt/airflow/dags/isr_pipeline.py
[2026-04-03T05:33:48.307+0000] {logging_mixin.py:188} INFO - [2026-04-03T05:33:48.306+0000] {dag.py:3096} INFO - Sync 1 DAGs
[2026-04-03T05:33:48.519+0000] {processor.py:183} INFO - Processing /opt/airflow/dags/isr_pipeline.py took 0.536 seconds
[2026-04-03T05:34:19.056+0000] {processor.py:161} INFO - Started process (PID=46706) to work on /opt/airflow/dags/isr_pipeline.py
[2026-04-03T05:34:19.063+0000] {processor.py:830} INFO - Processing file /opt/airflow/dags/isr_pipeline.py for tasks to queue
[2026-04-03T05:34:19.070+0000] {logging_mixin.py:188} INFO - [2026-04-03T05:34:19.069+0000] {dagbag.py:540} INFO - Filling up the DagBag from /opt/airflow/dags/isr_pipeline.py
[2026-04-03T05:34:19.160+0000] {processor.py:840} INFO - DAG(s) 'isr_pipeline' retrieved from /opt/airflow/dags/isr_pipeline.py
[2026-04-03T05:34:19.342+0000] {logging_mixin.py:188} INFO - [2026-04-03T05:34:19.341+0000] {dag.py:3096} INFO - Sync 1 DAGs
[2026-04-03T05:34:19.561+0000] {processor.py:183} INFO - Processing /opt/airflow/dags/isr_pipeline.py took 0.545 seconds
[2026-04-03T05:34:49.851+0000] {processor.py:161} INFO - Started process (PID=46711) to work on /opt/airflow/dags/isr_pipeline.py
[2026-04-03T05:34:49.863+0000] {processor.py:830} INFO - Processing file /opt/airflow/dags/isr_pipeline.py for tasks to queue
[2026-04-03T05:34:49.874+0000] {logging_mixin.py:188} INFO - [2026-04-03T05:34:49.871+0000] {dagbag.py:540} INFO - Filling up the DagBag from /opt/airflow/dags/isr_pipeline.py
[2026-04-03T05:34:49.986+0000] {processor.py:840} INFO - DAG(s) 'isr_pipeline' retrieved from /opt/airflow/dags/isr_pipeline.py
[2026-04-03T05:34:50.182+0000] {logging_mixin.py:188} INFO - [2026-04-03T05:34:50.181+0000] {dag.py:3096} INFO - Sync 1 DAGs
[2026-04-03T05:34:50.439+0000] {processor.py:183} INFO - Processing /opt/airflow/dags/isr_pipeline.py took 0.659 seconds
[2026-04-03T05:35:20.965+0000] {processor.py:161} INFO - Started process (PID=46716) to work on /opt/airflow/dags/isr_pipeline.py
[2026-04-03T05:35:20.974+0000] {processor.py:830} INFO - Processing file /opt/airflow/dags/isr_pipeline.py for tasks to queue
[2026-04-03T05:35:20.982+0000] {logging_mixin.py:188} INFO - [2026-04-03T05:35:20.980+0000] {dagbag.py:540} INFO - Filling up the DagBag from /opt/airflow/dags/isr_pipeline.py
[2026-04-03T05:35:21.075+0000] {processor.py:840} INFO - DAG(s) 'isr_pipeline' retrieved from /opt/airflow/dags/isr_pipeline.py
[2026-04-03T05:35:21.275+0000] {logging_mixin.py:188} INFO - [2026-04-03T05:35:21.274+0000] {dag.py:3096} INFO - Sync 1 DAGs
[2026-04-03T05:35:21.493+0000] {processor.py:183} INFO - Processing /opt/airflow/dags/isr_pipeline.py took 0.570 seconds
[2026-04-03T05:35:51.830+0000] {processor.py:161} INFO - Started process (PID=46721) to work on /opt/airflow/dags/isr_pipeline.py
[2026-04-03T05:35:51.838+0000] {processor.py:830} INFO - Processing file /opt/airflow/dags/isr_pipeline.py for tasks to queue
[2026-04-03T05:35:51.847+0000] {logging_mixin.py:188} INFO - [2026-04-03T05:35:51.845+0000] {dagbag.py:540} INFO - Filling up the DagBag from /opt/airflow/dags/isr_pipeline.py
[2026-04-03T05:35:51.936+0000] {processor.py:840} INFO - DAG(s) 'isr_pipeline' retrieved from /opt/airflow/dags/isr_pipeline.py
[2026-04-03T05:35:52.117+0000] {logging_mixin.py:188} INFO - [2026-04-03T05:35:52.116+0000] {dag.py:3096} INFO - Sync 1 DAGs
[2026-04-03T05:35:52.325+0000] {processor.py:183} INFO - Processing /opt/airflow/dags/isr_pipeline.py took 0.534 seconds
[2026-04-03T05:36:22.854+0000] {processor.py:161} INFO - Started process (PID=46726) to work on /opt/airflow/dags/isr_pipeline.py
[2026-04-03T05:36:22.862+0000] {processor.py:830} INFO - Processing file /opt/airflow/dags/isr_pipeline.py for tasks to queue
[2026-04-03T05:36:22.869+0000] {logging_mixin.py:188} INFO - [2026-04-03T05:36:22.867+0000] {dagbag.py:540} INFO - Filling up the DagBag from /opt/airflow/dags/isr_pipeline.py
[2026-04-03T05:36:22.968+0000] {processor.py:840} INFO - DAG(s) 'isr_pipeline' retrieved from /opt/airflow/dags/isr_pipeline.py
[2026-04-03T05:36:23.158+0000] {logging_mixin.py:188} INFO - [2026-04-03T05:36:23.156+0000] {dag.py:3096} INFO - Sync 1 DAGs
[2026-04-03T05:36:23.369+0000] {processor.py:183} INFO - Processing /opt/airflow/dags/isr_pipeline.py took 0.555 seconds
[2026-04-03T06:03:05.653+0000] {processor.py:161} INFO - Started process (PID=46739) to work on /opt/airflow/dags/isr_pipeline.py
[2026-04-03T06:03:05.655+0000] {processor.py:830} INFO - Processing file /opt/airflow/dags/isr_pipeline.py for tasks to queue
[2026-04-03T06:03:05.657+0000] {logging_mixin.py:188} INFO - [2026-04-03T06:03:05.656+0000] {dagbag.py:540} INFO - Filling up the DagBag from /opt/airflow/dags/isr_pipeline.py
[2026-04-03T06:03:05.677+0000] {processor.py:840} INFO - DAG(s) 'isr_pipeline' retrieved from /opt/airflow/dags/isr_pipeline.py
[2026-04-03T06:03:05.725+0000] {logging_mixin.py:188} INFO - [2026-04-03T06:03:05.724+0000] {dag.py:3096} INFO - Sync 1 DAGs
[2026-04-03T06:03:05.770+0000] {processor.py:183} INFO - Processing /opt/airflow/dags/isr_pipeline.py took 0.123 seconds
[2026-04-03T06:03:36.148+0000] {processor.py:161} INFO - Started process (PID=46744) to work on /opt/airflow/dags/isr_pipeline.py
[2026-04-03T06:03:36.156+0000] {processor.py:830} INFO - Processing file /opt/airflow/dags/isr_pipeline.py for tasks to queue
[2026-04-03T06:03:36.165+0000] {logging_mixin.py:188} INFO - [2026-04-03T06:03:36.162+0000] {dagbag.py:540} INFO - Filling up the DagBag from /opt/airflow/dags/isr_pipeline.py
[2026-04-03T06:03:36.266+0000] {processor.py:840} INFO - DAG(s) 'isr_pipeline' retrieved from /opt/airflow/dags/isr_pipeline.py
[2026-04-03T06:03:36.473+0000] {logging_mixin.py:188} INFO - [2026-04-03T06:03:36.472+0000] {dag.py:3096} INFO - Sync 1 DAGs
[2026-04-03T06:03:36.681+0000] {processor.py:183} INFO - Processing /opt/airflow/dags/isr_pipeline.py took 0.586 seconds
[2026-04-03T06:20:08.368+0000] {processor.py:161} INFO - Started process (PID=46749) to work on /opt/airflow/dags/isr_pipeline.py
[2026-04-03T06:20:08.370+0000] {processor.py:830} INFO - Processing file /opt/airflow/dags/isr_pipeline.py for tasks to queue
[2026-04-03T06:20:08.373+0000] {logging_mixin.py:188} INFO - [2026-04-03T06:20:08.373+0000] {dagbag.py:540} INFO - Filling up the DagBag from /opt/airflow/dags/isr_pipeline.py
[2026-04-03T06:20:08.408+0000] {processor.py:840} INFO - DAG(s) 'isr_pipeline' retrieved from /opt/airflow/dags/isr_pipeline.py
[2026-04-03T06:20:08.483+0000] {logging_mixin.py:188} INFO - [2026-04-03T06:20:08.482+0000] {dag.py:3096} INFO - Sync 1 DAGs
[2026-04-03T06:20:08.535+0000] {processor.py:183} INFO - Processing /opt/airflow/dags/isr_pipeline.py took 0.188 seconds
[2026-04-03T06:20:39.115+0000] {processor.py:161} INFO - Started process (PID=46754) to work on /opt/airflow/dags/isr_pipeline.py
[2026-04-03T06:20:39.122+0000] {processor.py:830} INFO - Processing file /opt/airflow/dags/isr_pipeline.py for tasks to queue
[2026-04-03T06:20:39.130+0000] {logging_mixin.py:188} INFO - [2026-04-03T06:20:39.128+0000] {dagbag.py:540} INFO - Filling up the DagBag from /opt/airflow/dags/isr_pipeline.py
[2026-04-03T06:20:39.219+0000] {processor.py:840} INFO - DAG(s) 'isr_pipeline' retrieved from /opt/airflow/dags/isr_pipeline.py
[2026-04-03T06:20:39.393+0000] {logging_mixin.py:188} INFO - [2026-04-03T06:20:39.392+0000] {dag.py:3096} INFO - Sync 1 DAGs
[2026-04-03T06:20:39.607+0000] {processor.py:183} INFO - Processing /opt/airflow/dags/isr_pipeline.py took 0.530 seconds
[2026-04-03T06:21:10.153+0000] {processor.py:161} INFO - Started process (PID=46759) to work on /opt/airflow/dags/isr_pipeline.py
[2026-04-03T06:21:10.161+0000] {processor.py:830} INFO - Processing file /opt/airflow/dags/isr_pipeline.py for tasks to queue
[2026-04-03T06:21:10.169+0000] {logging_mixin.py:188} INFO - [2026-04-03T06:21:10.167+0000] {dagbag.py:540} INFO - Filling up the DagBag from /opt/airflow/dags/isr_pipeline.py
[2026-04-03T06:21:10.260+0000] {processor.py:840} INFO - DAG(s) 'isr_pipeline' retrieved from /opt/airflow/dags/isr_pipeline.py
[2026-04-03T06:21:10.447+0000] {logging_mixin.py:188} INFO - [2026-04-03T06:21:10.446+0000] {dag.py:3096} INFO - Sync 1 DAGs
[2026-04-03T06:21:10.677+0000] {processor.py:183} INFO - Processing /opt/airflow/dags/isr_pipeline.py took 0.565 seconds
[2026-04-03T06:21:40.967+0000] {processor.py:161} INFO - Started process (PID=46764) to work on /opt/airflow/dags/isr_pipeline.py
[2026-04-03T06:21:40.975+0000] {processor.py:830} INFO - Processing file /opt/airflow/dags/isr_pipeline.py for tasks to queue
[2026-04-03T06:21:40.983+0000] {logging_mixin.py:188} INFO - [2026-04-03T06:21:40.981+0000] {dagbag.py:540} INFO - Filling up the DagBag from /opt/airflow/dags/isr_pipeline.py
[2026-04-03T06:21:41.079+0000] {processor.py:840} INFO - DAG(s) 'isr_pipeline' retrieved from /opt/airflow/dags/isr_pipeline.py
[2026-04-03T06:21:41.260+0000] {logging_mixin.py:188} INFO - [2026-04-03T06:21:41.259+0000] {dag.py:3096} INFO - Sync 1 DAGs
[2026-04-03T06:21:41.477+0000] {processor.py:183} INFO - Processing /opt/airflow/dags/isr_pipeline.py took 0.556 seconds
[2026-04-03T06:22:11.991+0000] {processor.py:161} INFO - Started process (PID=46769) to work on /opt/airflow/dags/isr_pipeline.py
[2026-04-03T06:22:11.998+0000] {processor.py:830} INFO - Processing file /opt/airflow/dags/isr_pipeline.py for tasks to queue
[2026-04-03T06:22:12.008+0000] {logging_mixin.py:188} INFO - [2026-04-03T06:22:12.005+0000] {dagbag.py:540} INFO - Filling up the DagBag from /opt/airflow/dags/isr_pipeline.py
[2026-04-03T06:22:12.104+0000] {processor.py:840} INFO - DAG(s) 'isr_pipeline' retrieved from /opt/airflow/dags/isr_pipeline.py
[2026-04-03T06:22:12.288+0000] {logging_mixin.py:188} INFO - [2026-04-03T06:22:12.287+0000] {dag.py:3096} INFO - Sync 1 DAGs
[2026-04-03T06:22:12.509+0000] {processor.py:183} INFO - Processing /opt/airflow/dags/isr_pipeline.py took 0.560 seconds
[2026-04-03T06:22:42.913+0000] {processor.py:161} INFO - Started process (PID=46774) to work on /opt/airflow/dags/isr_pipeline.py
[2026-04-03T06:22:42.920+0000] {processor.py:830} INFO - Processing file /opt/airflow/dags/isr_pipeline.py for tasks to queue
[2026-04-03T06:22:42.928+0000] {logging_mixin.py:188} INFO - [2026-04-03T06:22:42.926+0000] {dagbag.py:540} INFO - Filling up the DagBag from /opt/airflow/dags/isr_pipeline.py
[2026-04-03T06:22:43.030+0000] {processor.py:840} INFO - DAG(s) 'isr_pipeline' retrieved from /opt/airflow/dags/isr_pipeline.py
[2026-04-03T06:22:43.214+0000] {logging_mixin.py:188} INFO - [2026-04-03T06:22:43.213+0000] {dag.py:3096} INFO - Sync 1 DAGs
[2026-04-03T06:22:43.419+0000] {processor.py:183} INFO - Processing /opt/airflow/dags/isr_pipeline.py took 0.549 seconds
[2026-04-03T06:23:13.935+0000] {processor.py:161} INFO - Started process (PID=46779) to work on /opt/airflow/dags/isr_pipeline.py
[2026-04-03T06:23:13.943+0000] {processor.py:830} INFO - Processing file /opt/airflow/dags/isr_pipeline.py for tasks to queue
[2026-04-03T06:23:13.951+0000] {logging_mixin.py:188} INFO - [2026-04-03T06:23:13.949+0000] {dagbag.py:540} INFO - Filling up the DagBag from /opt/airflow/dags/isr_pipeline.py
[2026-04-03T06:23:14.042+0000] {processor.py:840} INFO - DAG(s) 'isr_pipeline' retrieved from /opt/airflow/dags/isr_pipeline.py
[2026-04-03T06:23:14.234+0000] {logging_mixin.py:188} INFO - [2026-04-03T06:23:14.232+0000] {dag.py:3096} INFO - Sync 1 DAGs
[2026-04-03T06:23:14.443+0000] {processor.py:183} INFO - Processing /opt/airflow/dags/isr_pipeline.py took 0.548 seconds
[2026-04-03T06:23:44.801+0000] {processor.py:161} INFO - Started process (PID=46784) to work on /opt/airflow/dags/isr_pipeline.py
[2026-04-03T06:23:44.808+0000] {processor.py:830} INFO - Processing file /opt/airflow/dags/isr_pipeline.py for tasks to queue
[2026-04-03T06:23:44.817+0000] {logging_mixin.py:188} INFO - [2026-04-03T06:23:44.814+0000] {dagbag.py:540} INFO - Filling up the DagBag from /opt/airflow/dags/isr_pipeline.py
[2026-04-03T06:23:44.917+0000] {processor.py:840} INFO - DAG(s) 'isr_pipeline' retrieved from /opt/airflow/dags/isr_pipeline.py
[2026-04-03T06:23:45.108+0000] {logging_mixin.py:188} INFO - [2026-04-03T06:23:45.107+0000] {dag.py:3096} INFO - Sync 1 DAGs
[2026-04-03T06:23:45.325+0000] {processor.py:183} INFO - Processing /opt/airflow/dags/isr_pipeline.py took 0.563 seconds
[2026-04-03T06:24:15.913+0000] {processor.py:161} INFO - Started process (PID=46789) to work on /opt/airflow/dags/isr_pipeline.py
[2026-04-03T06:24:15.921+0000] {processor.py:830} INFO - Processing file /opt/airflow/dags/isr_pipeline.py for tasks to queue
[2026-04-03T06:24:15.931+0000] {logging_mixin.py:188} INFO - [2026-04-03T06:24:15.928+0000] {dagbag.py:540} INFO - Filling up the DagBag from /opt/airflow/dags/isr_pipeline.py
[2026-04-03T06:24:16.022+0000] {processor.py:840} INFO - DAG(s) 'isr_pipeline' retrieved from /opt/airflow/dags/isr_pipeline.py
[2026-04-03T06:24:16.234+0000] {logging_mixin.py:188} INFO - [2026-04-03T06:24:16.232+0000] {dag.py:3096} INFO - Sync 1 DAGs
[2026-04-03T06:24:16.444+0000] {processor.py:183} INFO - Processing /opt/airflow/dags/isr_pipeline.py took 0.571 seconds
[2026-04-03T06:24:46.659+0000] {processor.py:161} INFO - Started process (PID=46794) to work on /opt/airflow/dags/isr_pipeline.py
[2026-04-03T06:24:46.666+0000] {processor.py:830} INFO - Processing file /opt/airflow/dags/isr_pipeline.py for tasks to queue
[2026-04-03T06:24:46.674+0000] {logging_mixin.py:188} INFO - [2026-04-03T06:24:46.672+0000] {dagbag.py:540} INFO - Filling up the DagBag from /opt/airflow/dags/isr_pipeline.py
[2026-04-03T06:24:46.763+0000] {processor.py:840} INFO - DAG(s) 'isr_pipeline' retrieved from /opt/airflow/dags/isr_pipeline.py
[2026-04-03T06:24:46.953+0000] {logging_mixin.py:188} INFO - [2026-04-03T06:24:46.952+0000] {dag.py:3096} INFO - Sync 1 DAGs
[2026-04-03T06:24:47.173+0000] {processor.py:183} INFO - Processing /opt/airflow/dags/isr_pipeline.py took 0.559 seconds
[2026-04-03T06:25:17.790+0000] {processor.py:161} INFO - Started process (PID=46799) to work on /opt/airflow/dags/isr_pipeline.py
[2026-04-03T06:25:17.798+0000] {processor.py:830} INFO - Processing file /opt/airflow/dags/isr_pipeline.py for tasks to queue
[2026-04-03T06:25:17.806+0000] {logging_mixin.py:188} INFO - [2026-04-03T06:25:17.803+0000] {dagbag.py:540} INFO - Filling up the DagBag from /opt/airflow/dags/isr_pipeline.py
[2026-04-03T06:25:17.904+0000] {processor.py:840} INFO - DAG(s) 'isr_pipeline' retrieved from /opt/airflow/dags/isr_pipeline.py
[2026-04-03T06:25:18.102+0000] {logging_mixin.py:188} INFO - [2026-04-03T06:25:18.101+0000] {dag.py:3096} INFO - Sync 1 DAGs
[2026-04-03T06:25:18.330+0000] {processor.py:183} INFO - Processing /opt/airflow/dags/isr_pipeline.py took 0.580 seconds
[2026-04-03T06:25:48.656+0000] {processor.py:161} INFO - Started process (PID=46804) to work on /opt/airflow/dags/isr_pipeline.py
[2026-04-03T06:25:48.663+0000] {processor.py:830} INFO - Processing file /opt/airflow/dags/isr_pipeline.py for tasks to queue
[2026-04-03T06:25:48.671+0000] {logging_mixin.py:188} INFO - [2026-04-03T06:25:48.669+0000] {dagbag.py:540} INFO - Filling up the DagBag from /opt/airflow/dags/isr_pipeline.py
[2026-04-03T06:25:48.771+0000] {processor.py:840} INFO - DAG(s) 'isr_pipeline' retrieved from /opt/airflow/dags/isr_pipeline.py
[2026-04-03T06:25:48.952+0000] {logging_mixin.py:188} INFO - [2026-04-03T06:25:48.951+0000] {dag.py:3096} INFO - Sync 1 DAGs
[2026-04-03T06:25:49.169+0000] {processor.py:183} INFO - Processing /opt/airflow/dags/isr_pipeline.py took 0.554 seconds
[2026-04-03T06:26:19.668+0000] {processor.py:161} INFO - Started process (PID=46809) to work on /opt/airflow/dags/isr_pipeline.py
[2026-04-03T06:26:19.675+0000] {processor.py:830} INFO - Processing file /opt/airflow/dags/isr_pipeline.py for tasks to queue
[2026-04-03T06:26:19.683+0000] {logging_mixin.py:188} INFO - [2026-04-03T06:26:19.681+0000] {dagbag.py:540} INFO - Filling up the DagBag from /opt/airflow/dags/isr_pipeline.py
[2026-04-03T06:26:19.774+0000] {processor.py:840} INFO - DAG(s) 'isr_pipeline' retrieved from /opt/airflow/dags/isr_pipeline.py
[2026-04-03T06:26:19.965+0000] {logging_mixin.py:188} INFO - [2026-04-03T06:26:19.964+0000] {dag.py:3096} INFO - Sync 1 DAGs
[2026-04-03T06:26:20.189+0000] {processor.py:183} INFO - Processing /opt/airflow/dags/isr_pipeline.py took 0.562 seconds
[2026-04-03T06:26:50.551+0000] {processor.py:161} INFO - Started process (PID=46814) to work on /opt/airflow/dags/isr_pipeline.py
[2026-04-03T06:26:50.559+0000] {processor.py:830} INFO - Processing file /opt/airflow/dags/isr_pipeline.py for tasks to queue
[2026-04-03T06:26:50.568+0000] {logging_mixin.py:188} INFO - [2026-04-03T06:26:50.566+0000] {dagbag.py:540} INFO - Filling up the DagBag from /opt/airflow/dags/isr_pipeline.py
[2026-04-03T06:26:50.653+0000] {processor.py:840} INFO - DAG(s) 'isr_pipeline' retrieved from /opt/airflow/dags/isr_pipeline.py
[2026-04-03T06:26:50.829+0000] {logging_mixin.py:188} INFO - [2026-04-03T06:26:50.828+0000] {dag.py:3096} INFO - Sync 1 DAGs
[2026-04-03T06:26:51.038+0000] {processor.py:183} INFO - Processing /opt/airflow/dags/isr_pipeline.py took 0.528 seconds
[2026-04-03T06:27:21.595+0000] {processor.py:161} INFO - Started process (PID=46819) to work on /opt/airflow/dags/isr_pipeline.py
[2026-04-03T06:27:21.603+0000] {processor.py:830} INFO - Processing file /opt/airflow/dags/isr_pipeline.py for tasks to queue
[2026-04-03T06:27:21.610+0000] {logging_mixin.py:188} INFO - [2026-04-03T06:27:21.608+0000] {dagbag.py:540} INFO - Filling up the DagBag from /opt/airflow/dags/isr_pipeline.py
[2026-04-03T06:27:21.734+0000] {processor.py:840} INFO - DAG(s) 'isr_pipeline' retrieved from /opt/airflow/dags/isr_pipeline.py
[2026-04-03T06:27:21.930+0000] {logging_mixin.py:188} INFO - [2026-04-03T06:27:21.927+0000] {dag.py:3096} INFO - Sync 1 DAGs
[2026-04-03T06:27:22.160+0000] {processor.py:183} INFO - Processing /opt/airflow/dags/isr_pipeline.py took 0.607 seconds
[2026-04-03T06:27:52.698+0000] {processor.py:161} INFO - Started process (PID=46824) to work on /opt/airflow/dags/isr_pipeline.py
[2026-04-03T06:27:52.705+0000] {processor.py:830} INFO - Processing file /opt/airflow/dags/isr_pipeline.py for tasks to queue
[2026-04-03T06:27:52.712+0000] {logging_mixin.py:188} INFO - [2026-04-03T06:27:52.710+0000] {dagbag.py:540} INFO - Filling up the DagBag from /opt/airflow/dags/isr_pipeline.py
[2026-04-03T06:27:52.798+0000] {processor.py:840} INFO - DAG(s) 'isr_pipeline' retrieved from /opt/airflow/dags/isr_pipeline.py
[2026-04-03T06:27:52.982+0000] {logging_mixin.py:188} INFO - [2026-04-03T06:27:52.981+0000] {dag.py:3096} INFO - Sync 1 DAGs
[2026-04-03T06:27:53.195+0000] {processor.py:183} INFO - Processing /opt/airflow/dags/isr_pipeline.py took 0.539 seconds
[2026-04-03T06:28:23.675+0000] {processor.py:161} INFO - Started process (PID=46829) to work on /opt/airflow/dags/isr_pipeline.py
[2026-04-03T06:28:23.682+0000] {processor.py:830} INFO - Processing file /opt/airflow/dags/isr_pipeline.py for tasks to queue
[2026-04-03T06:28:23.690+0000] {logging_mixin.py:188} INFO - [2026-04-03T06:28:23.688+0000] {dagbag.py:540} INFO - Filling up the DagBag from /opt/airflow/dags/isr_pipeline.py
[2026-04-03T06:28:23.778+0000] {processor.py:840} INFO - DAG(s) 'isr_pipeline' retrieved from /opt/airflow/dags/isr_pipeline.py
[2026-04-03T06:28:23.958+0000] {logging_mixin.py:188} INFO - [2026-04-03T06:28:23.956+0000] {dag.py:3096} INFO - Sync 1 DAGs
[2026-04-03T06:28:24.173+0000] {processor.py:183} INFO - Processing /opt/airflow/dags/isr_pipeline.py took 0.536 seconds
[2026-04-03T06:28:54.702+0000] {processor.py:161} INFO - Started process (PID=46834) to work on /opt/airflow/dags/isr_pipeline.py
[2026-04-03T06:28:54.710+0000] {processor.py:830} INFO - Processing file /opt/airflow/dags/isr_pipeline.py for tasks to queue
[2026-04-03T06:28:54.717+0000] {logging_mixin.py:188} INFO - [2026-04-03T06:28:54.715+0000] {dagbag.py:540} INFO - Filling up the DagBag from /opt/airflow/dags/isr_pipeline.py
[2026-04-03T06:28:54.807+0000] {processor.py:840} INFO - DAG(s) 'isr_pipeline' retrieved from /opt/airflow/dags/isr_pipeline.py
[2026-04-03T06:28:54.986+0000] {logging_mixin.py:188} INFO - [2026-04-03T06:28:54.985+0000] {dag.py:3096} INFO - Sync 1 DAGs
[2026-04-03T06:28:55.190+0000] {processor.py:183} INFO - Processing /opt/airflow/dags/isr_pipeline.py took 0.526 seconds
[2026-04-03T06:29:25.736+0000] {processor.py:161} INFO - Started process (PID=46839) to work on /opt/airflow/dags/isr_pipeline.py
[2026-04-03T06:29:25.743+0000] {processor.py:830} INFO - Processing file /opt/airflow/dags/isr_pipeline.py for tasks to queue
[2026-04-03T06:29:25.750+0000] {logging_mixin.py:188} INFO - [2026-04-03T06:29:25.748+0000] {dagbag.py:540} INFO - Filling up the DagBag from /opt/airflow/dags/isr_pipeline.py
[2026-04-03T06:29:25.851+0000] {processor.py:840} INFO - DAG(s) 'isr_pipeline' retrieved from /opt/airflow/dags/isr_pipeline.py
[2026-04-03T06:29:26.042+0000] {logging_mixin.py:188} INFO - [2026-04-03T06:29:26.041+0000] {dag.py:3096} INFO - Sync 1 DAGs
[2026-04-03T06:29:26.251+0000] {processor.py:183} INFO - Processing /opt/airflow/dags/isr_pipeline.py took 0.554 seconds
[2026-04-03T06:29:56.778+0000] {processor.py:161} INFO - Started process (PID=46844) to work on /opt/airflow/dags/isr_pipeline.py
[2026-04-03T06:29:56.785+0000] {processor.py:830} INFO - Processing file /opt/airflow/dags/isr_pipeline.py for tasks to queue
[2026-04-03T06:29:56.793+0000] {logging_mixin.py:188} INFO - [2026-04-03T06:29:56.791+0000] {dagbag.py:540} INFO - Filling up the DagBag from /opt/airflow/dags/isr_pipeline.py
[2026-04-03T06:29:56.893+0000] {processor.py:840} INFO - DAG(s) 'isr_pipeline' retrieved from /opt/airflow/dags/isr_pipeline.py
[2026-04-03T06:29:57.095+0000] {logging_mixin.py:188} INFO - [2026-04-03T06:29:57.094+0000] {dag.py:3096} INFO - Sync 1 DAGs
[2026-04-03T06:29:57.310+0000] {processor.py:183} INFO - Processing /opt/airflow/dags/isr_pipeline.py took 0.571 seconds
[2026-04-03T06:30:27.944+0000] {processor.py:161} INFO - Started process (PID=46849) to work on /opt/airflow/dags/isr_pipeline.py
[2026-04-03T06:30:27.951+0000] {processor.py:830} INFO - Processing file /opt/airflow/dags/isr_pipeline.py for tasks to queue
[2026-04-03T06:30:27.958+0000] {logging_mixin.py:188} INFO - [2026-04-03T06:30:27.956+0000] {dagbag.py:540} INFO - Filling up the DagBag from /opt/airflow/dags/isr_pipeline.py
[2026-04-03T06:30:28.058+0000] {processor.py:840} INFO - DAG(s) 'isr_pipeline' retrieved from /opt/airflow/dags/isr_pipeline.py
[2026-04-03T06:30:28.240+0000] {logging_mixin.py:188} INFO - [2026-04-03T06:30:28.239+0000] {dag.py:3096} INFO - Sync 1 DAGs
[2026-04-03T06:30:28.452+0000] {processor.py:183} INFO - Processing /opt/airflow/dags/isr_pipeline.py took 0.549 seconds
[2026-04-03T06:30:58.955+0000] {processor.py:161} INFO - Started process (PID=46854) to work on /opt/airflow/dags/isr_pipeline.py
[2026-04-03T06:30:58.967+0000] {processor.py:830} INFO - Processing file /opt/airflow/dags/isr_pipeline.py for tasks to queue
[2026-04-03T06:30:58.977+0000] {logging_mixin.py:188} INFO - [2026-04-03T06:30:58.974+0000] {dagbag.py:540} INFO - Filling up the DagBag from /opt/airflow/dags/isr_pipeline.py
[2026-04-03T06:30:59.070+0000] {processor.py:840} INFO - DAG(s) 'isr_pipeline' retrieved from /opt/airflow/dags/isr_pipeline.py
[2026-04-03T06:30:59.286+0000] {logging_mixin.py:188} INFO - [2026-04-03T06:30:59.285+0000] {dag.py:3096} INFO - Sync 1 DAGs
[2026-04-03T06:30:59.509+0000] {processor.py:183} INFO - Processing /opt/airflow/dags/isr_pipeline.py took 0.596 seconds
[2026-04-03T06:31:29.918+0000] {processor.py:161} INFO - Started process (PID=46859) to work on /opt/airflow/dags/isr_pipeline.py
[2026-04-03T06:31:29.926+0000] {processor.py:830} INFO - Processing file /opt/airflow/dags/isr_pipeline.py for tasks to queue
[2026-04-03T06:31:29.933+0000] {logging_mixin.py:188} INFO - [2026-04-03T06:31:29.931+0000] {dagbag.py:540} INFO - Filling up the DagBag from /opt/airflow/dags/isr_pipeline.py
[2026-04-03T06:31:30.030+0000] {processor.py:840} INFO - DAG(s) 'isr_pipeline' retrieved from /opt/airflow/dags/isr_pipeline.py
[2026-04-03T06:31:30.213+0000] {logging_mixin.py:188} INFO - [2026-04-03T06:31:30.212+0000] {dag.py:3096} INFO - Sync 1 DAGs
[2026-04-03T06:31:30.434+0000] {processor.py:183} INFO - Processing /opt/airflow/dags/isr_pipeline.py took 0.569 seconds
[2026-04-03T06:32:00.648+0000] {processor.py:161} INFO - Started process (PID=46864) to work on /opt/airflow/dags/isr_pipeline.py
[2026-04-03T06:32:00.655+0000] {processor.py:830} INFO - Processing file /opt/airflow/dags/isr_pipeline.py for tasks to queue
[2026-04-03T06:32:00.662+0000] {logging_mixin.py:188} INFO - [2026-04-03T06:32:00.660+0000] {dagbag.py:540} INFO - Filling up the DagBag from /opt/airflow/dags/isr_pipeline.py
[2026-04-03T06:32:00.748+0000] {processor.py:840} INFO - DAG(s) 'isr_pipeline' retrieved from /opt/airflow/dags/isr_pipeline.py
[2026-04-03T06:32:00.934+0000] {logging_mixin.py:188} INFO - [2026-04-03T06:32:00.933+0000] {dag.py:3096} INFO - Sync 1 DAGs
[2026-04-03T06:32:01.142+0000] {processor.py:183} INFO - Processing /opt/airflow/dags/isr_pipeline.py took 0.532 seconds
[2026-04-03T06:32:31.695+0000] {processor.py:161} INFO - Started process (PID=46869) to work on /opt/airflow/dags/isr_pipeline.py
[2026-04-03T06:32:31.704+0000] {processor.py:830} INFO - Processing file /opt/airflow/dags/isr_pipeline.py for tasks to queue
[2026-04-03T06:32:31.712+0000] {logging_mixin.py:188} INFO - [2026-04-03T06:32:31.710+0000] {dagbag.py:540} INFO - Filling up the DagBag from /opt/airflow/dags/isr_pipeline.py
[2026-04-03T06:32:31.803+0000] {processor.py:840} INFO - DAG(s) 'isr_pipeline' retrieved from /opt/airflow/dags/isr_pipeline.py
[2026-04-03T06:32:32.024+0000] {logging_mixin.py:188} INFO - [2026-04-03T06:32:32.023+0000] {dag.py:3096} INFO - Sync 1 DAGs
[2026-04-03T06:32:32.242+0000] {processor.py:183} INFO - Processing /opt/airflow/dags/isr_pipeline.py took 0.589 seconds
[2026-04-03T07:02:35.887+0000] {processor.py:161} INFO - Started process (PID=46876) to work on /opt/airflow/dags/isr_pipeline.py
[2026-04-03T07:02:35.889+0000] {processor.py:830} INFO - Processing file /opt/airflow/dags/isr_pipeline.py for tasks to queue
[2026-04-03T07:02:35.890+0000] {logging_mixin.py:188} INFO - [2026-04-03T07:02:35.890+0000] {dagbag.py:540} INFO - Filling up the DagBag from /opt/airflow/dags/isr_pipeline.py
[2026-04-03T07:02:35.918+0000] {processor.py:840} INFO - DAG(s) 'isr_pipeline' retrieved from /opt/airflow/dags/isr_pipeline.py
[2026-04-03T07:02:35.960+0000] {logging_mixin.py:188} INFO - [2026-04-03T07:02:35.960+0000] {dag.py:3096} INFO - Sync 1 DAGs
[2026-04-03T07:02:36.125+0000] {processor.py:183} INFO - Processing /opt/airflow/dags/isr_pipeline.py took 0.246 seconds
[2026-04-03T07:03:06.322+0000] {processor.py:161} INFO - Started process (PID=46881) to work on /opt/airflow/dags/isr_pipeline.py
[2026-04-03T07:03:06.328+0000] {processor.py:830} INFO - Processing file /opt/airflow/dags/isr_pipeline.py for tasks to queue
[2026-04-03T07:03:06.337+0000] {logging_mixin.py:188} INFO - [2026-04-03T07:03:06.335+0000] {dagbag.py:540} INFO - Filling up the DagBag from /opt/airflow/dags/isr_pipeline.py
[2026-04-03T07:03:06.431+0000] {processor.py:840} INFO - DAG(s) 'isr_pipeline' retrieved from /opt/airflow/dags/isr_pipeline.py
[2026-04-03T07:03:06.625+0000] {logging_mixin.py:188} INFO - [2026-04-03T07:03:06.623+0000] {dag.py:3096} INFO - Sync 1 DAGs
[2026-04-03T07:03:06.833+0000] {processor.py:183} INFO - Processing /opt/airflow/dags/isr_pipeline.py took 0.549 seconds
[2026-04-03T07:03:37.328+0000] {processor.py:161} INFO - Started process (PID=46886) to work on /opt/airflow/dags/isr_pipeline.py
[2026-04-03T07:03:37.335+0000] {processor.py:830} INFO - Processing file /opt/airflow/dags/isr_pipeline.py for tasks to queue
[2026-04-03T07:03:37.343+0000] {logging_mixin.py:188} INFO - [2026-04-03T07:03:37.341+0000] {dagbag.py:540} INFO - Filling up the DagBag from /opt/airflow/dags/isr_pipeline.py
[2026-04-03T07:03:37.430+0000] {processor.py:840} INFO - DAG(s) 'isr_pipeline' retrieved from /opt/airflow/dags/isr_pipeline.py
[2026-04-03T07:03:37.616+0000] {logging_mixin.py:188} INFO - [2026-04-03T07:03:37.615+0000] {dag.py:3096} INFO - Sync 1 DAGs
[2026-04-03T07:03:37.827+0000] {processor.py:183} INFO - Processing /opt/airflow/dags/isr_pipeline.py took 0.540 seconds
[2026-04-03T07:04:08.320+0000] {processor.py:161} INFO - Started process (PID=46891) to work on /opt/airflow/dags/isr_pipeline.py
[2026-04-03T07:04:08.327+0000] {processor.py:830} INFO - Processing file /opt/airflow/dags/isr_pipeline.py for tasks to queue
[2026-04-03T07:04:08.335+0000] {logging_mixin.py:188} INFO - [2026-04-03T07:04:08.333+0000] {dagbag.py:540} INFO - Filling up the DagBag from /opt/airflow/dags/isr_pipeline.py
[2026-04-03T07:04:08.422+0000] {processor.py:840} INFO - DAG(s) 'isr_pipeline' retrieved from /opt/airflow/dags/isr_pipeline.py
[2026-04-03T07:04:08.602+0000] {logging_mixin.py:188} INFO - [2026-04-03T07:04:08.601+0000] {dag.py:3096} INFO - Sync 1 DAGs
[2026-04-03T07:04:08.807+0000] {processor.py:183} INFO - Processing /opt/airflow/dags/isr_pipeline.py took 0.537 seconds
[2026-04-03T07:04:39.327+0000] {processor.py:161} INFO - Started process (PID=46896) to work on /opt/airflow/dags/isr_pipeline.py
[2026-04-03T07:04:39.336+0000] {processor.py:830} INFO - Processing file /opt/airflow/dags/isr_pipeline.py for tasks to queue
[2026-04-03T07:04:39.344+0000] {logging_mixin.py:188} INFO - [2026-04-03T07:04:39.342+0000] {dagbag.py:540} INFO - Filling up the DagBag from /opt/airflow/dags/isr_pipeline.py
[2026-04-03T07:04:39.450+0000] {processor.py:840} INFO - DAG(s) 'isr_pipeline' retrieved from /opt/airflow/dags/isr_pipeline.py
[2026-04-03T07:04:39.647+0000] {logging_mixin.py:188} INFO - [2026-04-03T07:04:39.646+0000] {dag.py:3096} INFO - Sync 1 DAGs
[2026-04-03T07:04:39.863+0000] {processor.py:183} INFO - Processing /opt/airflow/dags/isr_pipeline.py took 0.576 seconds
[2026-04-03T07:05:10.399+0000] {processor.py:161} INFO - Started process (PID=46901) to work on /opt/airflow/dags/isr_pipeline.py
[2026-04-03T07:05:10.407+0000] {processor.py:830} INFO - Processing file /opt/airflow/dags/isr_pipeline.py for tasks to queue
[2026-04-03T07:05:10.414+0000] {logging_mixin.py:188} INFO - [2026-04-03T07:05:10.412+0000] {dagbag.py:540} INFO - Filling up the DagBag from /opt/airflow/dags/isr_pipeline.py
[2026-04-03T07:05:10.504+0000] {processor.py:840} INFO - DAG(s) 'isr_pipeline' retrieved from /opt/airflow/dags/isr_pipeline.py
[2026-04-03T07:05:10.701+0000] {logging_mixin.py:188} INFO - [2026-04-03T07:05:10.700+0000] {dag.py:3096} INFO - Sync 1 DAGs
[2026-04-03T07:05:10.923+0000] {processor.py:183} INFO - Processing /opt/airflow/dags/isr_pipeline.py took 0.565 seconds
[2026-04-03T07:05:41.401+0000] {processor.py:161} INFO - Started process (PID=46906) to work on /opt/airflow/dags/isr_pipeline.py
[2026-04-03T07:05:41.409+0000] {processor.py:830} INFO - Processing file /opt/airflow/dags/isr_pipeline.py for tasks to queue
[2026-04-03T07:05:41.416+0000] {logging_mixin.py:188} INFO - [2026-04-03T07:05:41.414+0000] {dagbag.py:540} INFO - Filling up the DagBag from /opt/airflow/dags/isr_pipeline.py
[2026-04-03T07:05:41.507+0000] {processor.py:840} INFO - DAG(s) 'isr_pipeline' retrieved from /opt/airflow/dags/isr_pipeline.py
[2026-04-03T07:05:41.690+0000] {logging_mixin.py:188} INFO - [2026-04-03T07:05:41.689+0000] {dag.py:3096} INFO - Sync 1 DAGs
[2026-04-03T07:05:41.895+0000] {processor.py:183} INFO - Processing /opt/airflow/dags/isr_pipeline.py took 0.531 seconds
[2026-04-03T07:06:12.377+0000] {processor.py:161} INFO - Started process (PID=46911) to work on /opt/airflow/dags/isr_pipeline.py
[2026-04-03T07:06:12.384+0000] {processor.py:830} INFO - Processing file /opt/airflow/dags/isr_pipeline.py for tasks to queue
[2026-04-03T07:06:12.392+0000] {logging_mixin.py:188} INFO - [2026-04-03T07:06:12.390+0000] {dagbag.py:540} INFO - Filling up the DagBag from /opt/airflow/dags/isr_pipeline.py
[2026-04-03T07:06:12.482+0000] {processor.py:840} INFO - DAG(s) 'isr_pipeline' retrieved from /opt/airflow/dags/isr_pipeline.py
[2026-04-03T07:06:12.669+0000] {logging_mixin.py:188} INFO - [2026-04-03T07:06:12.668+0000] {dag.py:3096} INFO - Sync 1 DAGs
[2026-04-03T07:06:12.877+0000] {processor.py:183} INFO - Processing /opt/airflow/dags/isr_pipeline.py took 0.542 seconds
[2026-04-03T07:06:43.170+0000] {processor.py:161} INFO - Started process (PID=46916) to work on /opt/airflow/dags/isr_pipeline.py
[2026-04-03T07:06:43.177+0000] {processor.py:830} INFO - Processing file /opt/airflow/dags/isr_pipeline.py for tasks to queue
[2026-04-03T07:06:43.185+0000] {logging_mixin.py:188} INFO - [2026-04-03T07:06:43.183+0000] {dagbag.py:540} INFO - Filling up the DagBag from /opt/airflow/dags/isr_pipeline.py
[2026-04-03T07:06:43.277+0000] {processor.py:840} INFO - DAG(s) 'isr_pipeline' retrieved from /opt/airflow/dags/isr_pipeline.py
[2026-04-03T07:06:43.471+0000] {logging_mixin.py:188} INFO - [2026-04-03T07:06:43.470+0000] {dag.py:3096} INFO - Sync 1 DAGs
[2026-04-03T07:06:43.686+0000] {processor.py:183} INFO - Processing /opt/airflow/dags/isr_pipeline.py took 0.556 seconds
[2026-04-03T07:07:14.208+0000] {processor.py:161} INFO - Started process (PID=46921) to work on /opt/airflow/dags/isr_pipeline.py
[2026-04-03T07:07:14.216+0000] {processor.py:830} INFO - Processing file /opt/airflow/dags/isr_pipeline.py for tasks to queue
[2026-04-03T07:07:14.225+0000] {logging_mixin.py:188} INFO - [2026-04-03T07:07:14.223+0000] {dagbag.py:540} INFO - Filling up the DagBag from /opt/airflow/dags/isr_pipeline.py
[2026-04-03T07:07:14.312+0000] {processor.py:840} INFO - DAG(s) 'isr_pipeline' retrieved from /opt/airflow/dags/isr_pipeline.py
[2026-04-03T07:07:14.496+0000] {logging_mixin.py:188} INFO - [2026-04-03T07:07:14.495+0000] {dag.py:3096} INFO - Sync 1 DAGs
[2026-04-03T07:07:14.708+0000] {processor.py:183} INFO - Processing /opt/airflow/dags/isr_pipeline.py took 0.542 seconds
[2026-04-03T07:07:45.301+0000] {processor.py:161} INFO - Started process (PID=46926) to work on /opt/airflow/dags/isr_pipeline.py
[2026-04-03T07:07:45.311+0000] {processor.py:830} INFO - Processing file /opt/airflow/dags/isr_pipeline.py for tasks to queue
[2026-04-03T07:07:45.319+0000] {logging_mixin.py:188} INFO - [2026-04-03T07:07:45.317+0000] {dagbag.py:540} INFO - Filling up the DagBag from /opt/airflow/dags/isr_pipeline.py
[2026-04-03T07:07:45.406+0000] {processor.py:840} INFO - DAG(s) 'isr_pipeline' retrieved from /opt/airflow/dags/isr_pipeline.py
[2026-04-03T07:07:45.599+0000] {logging_mixin.py:188} INFO - [2026-04-03T07:07:45.598+0000] {dag.py:3096} INFO - Sync 1 DAGs
[2026-04-03T07:07:45.820+0000] {processor.py:183} INFO - Processing /opt/airflow/dags/isr_pipeline.py took 0.562 seconds
[2026-04-03T07:08:16.337+0000] {processor.py:161} INFO - Started process (PID=46931) to work on /opt/airflow/dags/isr_pipeline.py
[2026-04-03T07:08:16.345+0000] {processor.py:830} INFO - Processing file /opt/airflow/dags/isr_pipeline.py for tasks to queue
[2026-04-03T07:08:16.352+0000] {logging_mixin.py:188} INFO - [2026-04-03T07:08:16.350+0000] {dagbag.py:540} INFO - Filling up the DagBag from /opt/airflow/dags/isr_pipeline.py
[2026-04-03T07:08:16.437+0000] {processor.py:840} INFO - DAG(s) 'isr_pipeline' retrieved from /opt/airflow/dags/isr_pipeline.py
[2026-04-03T07:08:16.624+0000] {logging_mixin.py:188} INFO - [2026-04-03T07:08:16.623+0000] {dag.py:3096} INFO - Sync 1 DAGs
[2026-04-03T07:08:16.837+0000] {processor.py:183} INFO - Processing /opt/airflow/dags/isr_pipeline.py took 0.539 seconds
[2026-04-03T07:08:47.359+0000] {processor.py:161} INFO - Started process (PID=46936) to work on /opt/airflow/dags/isr_pipeline.py
[2026-04-03T07:08:47.367+0000] {processor.py:830} INFO - Processing file /opt/airflow/dags/isr_pipeline.py for tasks to queue
[2026-04-03T07:08:47.374+0000] {logging_mixin.py:188} INFO - [2026-04-03T07:08:47.372+0000] {dagbag.py:540} INFO - Filling up the DagBag from /opt/airflow/dags/isr_pipeline.py
[2026-04-03T07:08:47.462+0000] {processor.py:840} INFO - DAG(s) 'isr_pipeline' retrieved from /opt/airflow/dags/isr_pipeline.py
[2026-04-03T07:08:47.646+0000] {logging_mixin.py:188} INFO - [2026-04-03T07:08:47.645+0000] {dag.py:3096} INFO - Sync 1 DAGs
[2026-04-03T07:08:47.857+0000] {processor.py:183} INFO - Processing /opt/airflow/dags/isr_pipeline.py took 0.538 seconds
[2026-04-03T07:09:18.334+0000] {processor.py:161} INFO - Started process (PID=46941) to work on /opt/airflow/dags/isr_pipeline.py
[2026-04-03T07:09:18.341+0000] {processor.py:830} INFO - Processing file /opt/airflow/dags/isr_pipeline.py for tasks to queue
[2026-04-03T07:09:18.348+0000] {logging_mixin.py:188} INFO - [2026-04-03T07:09:18.346+0000] {dagbag.py:540} INFO - Filling up the DagBag from /opt/airflow/dags/isr_pipeline.py
[2026-04-03T07:09:18.447+0000] {processor.py:840} INFO - DAG(s) 'isr_pipeline' retrieved from /opt/airflow/dags/isr_pipeline.py
[2026-04-03T07:09:18.626+0000] {logging_mixin.py:188} INFO - [2026-04-03T07:09:18.625+0000] {dag.py:3096} INFO - Sync 1 DAGs
[2026-04-03T07:09:18.835+0000] {processor.py:183} INFO - Processing /opt/airflow/dags/isr_pipeline.py took 0.538 seconds
[2026-04-03T07:09:49.375+0000] {processor.py:161} INFO - Started process (PID=46946) to work on /opt/airflow/dags/isr_pipeline.py
[2026-04-03T07:09:49.383+0000] {processor.py:830} INFO - Processing file /opt/airflow/dags/isr_pipeline.py for tasks to queue
[2026-04-03T07:09:49.393+0000] {logging_mixin.py:188} INFO - [2026-04-03T07:09:49.391+0000] {dagbag.py:540} INFO - Filling up the DagBag from /opt/airflow/dags/isr_pipeline.py
[2026-04-03T07:09:49.497+0000] {processor.py:840} INFO - DAG(s) 'isr_pipeline' retrieved from /opt/airflow/dags/isr_pipeline.py
[2026-04-03T07:09:49.700+0000] {logging_mixin.py:188} INFO - [2026-04-03T07:09:49.699+0000] {dag.py:3096} INFO - Sync 1 DAGs
[2026-04-03T07:09:49.921+0000] {processor.py:183} INFO - Processing /opt/airflow/dags/isr_pipeline.py took 0.587 seconds
[2026-04-03T07:10:20.176+0000] {processor.py:161} INFO - Started process (PID=46951) to work on /opt/airflow/dags/isr_pipeline.py
[2026-04-03T07:10:20.184+0000] {processor.py:830} INFO - Processing file /opt/airflow/dags/isr_pipeline.py for tasks to queue
[2026-04-03T07:10:20.192+0000] {logging_mixin.py:188} INFO - [2026-04-03T07:10:20.190+0000] {dagbag.py:540} INFO - Filling up the DagBag from /opt/airflow/dags/isr_pipeline.py
[2026-04-03T07:10:20.280+0000] {processor.py:840} INFO - DAG(s) 'isr_pipeline' retrieved from /opt/airflow/dags/isr_pipeline.py
[2026-04-03T07:10:20.463+0000] {logging_mixin.py:188} INFO - [2026-04-03T07:10:20.461+0000] {dag.py:3096} INFO - Sync 1 DAGs
[2026-04-03T07:10:20.688+0000] {processor.py:183} INFO - Processing /opt/airflow/dags/isr_pipeline.py took 0.551 seconds
[2026-04-03T07:10:51.203+0000] {processor.py:161} INFO - Started process (PID=46956) to work on /opt/airflow/dags/isr_pipeline.py
[2026-04-03T07:10:51.210+0000] {processor.py:830} INFO - Processing file /opt/airflow/dags/isr_pipeline.py for tasks to queue
[2026-04-03T07:10:51.217+0000] {logging_mixin.py:188} INFO - [2026-04-03T07:10:51.215+0000] {dagbag.py:540} INFO - Filling up the DagBag from /opt/airflow/dags/isr_pipeline.py
[2026-04-03T07:10:51.304+0000] {processor.py:840} INFO - DAG(s) 'isr_pipeline' retrieved from /opt/airflow/dags/isr_pipeline.py
[2026-04-03T07:10:51.490+0000] {logging_mixin.py:188} INFO - [2026-04-03T07:10:51.489+0000] {dag.py:3096} INFO - Sync 1 DAGs
[2026-04-03T07:10:51.698+0000] {processor.py:183} INFO - Processing /opt/airflow/dags/isr_pipeline.py took 0.535 seconds
[2026-04-03T07:11:22.105+0000] {processor.py:161} INFO - Started process (PID=46961) to work on /opt/airflow/dags/isr_pipeline.py
[2026-04-03T07:11:22.115+0000] {processor.py:830} INFO - Processing file /opt/airflow/dags/isr_pipeline.py for tasks to queue
[2026-04-03T07:11:22.132+0000] {logging_mixin.py:188} INFO - [2026-04-03T07:11:22.125+0000] {dagbag.py:540} INFO - Filling up the DagBag from /opt/airflow/dags/isr_pipeline.py
[2026-04-03T07:11:22.231+0000] {processor.py:840} INFO - DAG(s) 'isr_pipeline' retrieved from /opt/airflow/dags/isr_pipeline.py
[2026-04-03T07:11:22.418+0000] {logging_mixin.py:188} INFO - [2026-04-03T07:11:22.417+0000] {dag.py:3096} INFO - Sync 1 DAGs
[2026-04-03T07:11:22.644+0000] {processor.py:183} INFO - Processing /opt/airflow/dags/isr_pipeline.py took 0.579 seconds
[2026-04-03T07:11:53.181+0000] {processor.py:161} INFO - Started process (PID=46966) to work on /opt/airflow/dags/isr_pipeline.py
[2026-04-03T07:11:53.188+0000] {processor.py:830} INFO - Processing file /opt/airflow/dags/isr_pipeline.py for tasks to queue
[2026-04-03T07:11:53.196+0000] {logging_mixin.py:188} INFO - [2026-04-03T07:11:53.193+0000] {dagbag.py:540} INFO - Filling up the DagBag from /opt/airflow/dags/isr_pipeline.py
[2026-04-03T07:11:53.283+0000] {processor.py:840} INFO - DAG(s) 'isr_pipeline' retrieved from /opt/airflow/dags/isr_pipeline.py
[2026-04-03T07:11:53.466+0000] {logging_mixin.py:188} INFO - [2026-04-03T07:11:53.465+0000] {dag.py:3096} INFO - Sync 1 DAGs
[2026-04-03T07:11:53.679+0000] {processor.py:183} INFO - Processing /opt/airflow/dags/isr_pipeline.py took 0.538 seconds
[2026-04-03T07:12:23.895+0000] {processor.py:161} INFO - Started process (PID=46971) to work on /opt/airflow/dags/isr_pipeline.py
[2026-04-03T07:12:23.903+0000] {processor.py:830} INFO - Processing file /opt/airflow/dags/isr_pipeline.py for tasks to queue
[2026-04-03T07:12:23.910+0000] {logging_mixin.py:188} INFO - [2026-04-03T07:12:23.908+0000] {dagbag.py:540} INFO - Filling up the DagBag from /opt/airflow/dags/isr_pipeline.py
[2026-04-03T07:12:24.002+0000] {processor.py:840} INFO - DAG(s) 'isr_pipeline' retrieved from /opt/airflow/dags/isr_pipeline.py
[2026-04-03T07:12:24.187+0000] {logging_mixin.py:188} INFO - [2026-04-03T07:12:24.186+0000] {dag.py:3096} INFO - Sync 1 DAGs
[2026-04-03T07:12:24.398+0000] {processor.py:183} INFO - Processing /opt/airflow/dags/isr_pipeline.py took 0.544 seconds
[2026-04-03T07:12:54.968+0000] {processor.py:161} INFO - Started process (PID=46976) to work on /opt/airflow/dags/isr_pipeline.py
[2026-04-03T07:12:54.975+0000] {processor.py:830} INFO - Processing file /opt/airflow/dags/isr_pipeline.py for tasks to queue
[2026-04-03T07:12:54.983+0000] {logging_mixin.py:188} INFO - [2026-04-03T07:12:54.981+0000] {dagbag.py:540} INFO - Filling up the DagBag from /opt/airflow/dags/isr_pipeline.py
[2026-04-03T07:12:55.072+0000] {processor.py:840} INFO - DAG(s) 'isr_pipeline' retrieved from /opt/airflow/dags/isr_pipeline.py
[2026-04-03T07:12:55.255+0000] {logging_mixin.py:188} INFO - [2026-04-03T07:12:55.254+0000] {dag.py:3096} INFO - Sync 1 DAGs
[2026-04-03T07:12:55.468+0000] {processor.py:183} INFO - Processing /opt/airflow/dags/isr_pipeline.py took 0.538 seconds
[2026-04-03T07:13:25.901+0000] {processor.py:161} INFO - Started process (PID=46981) to work on /opt/airflow/dags/isr_pipeline.py
[2026-04-03T07:13:25.909+0000] {processor.py:830} INFO - Processing file /opt/airflow/dags/isr_pipeline.py for tasks to queue
[2026-04-03T07:13:25.917+0000] {logging_mixin.py:188} INFO - [2026-04-03T07:13:25.915+0000] {dagbag.py:540} INFO - Filling up the DagBag from /opt/airflow/dags/isr_pipeline.py
[2026-04-03T07:13:26.009+0000] {processor.py:840} INFO - DAG(s) 'isr_pipeline' retrieved from /opt/airflow/dags/isr_pipeline.py
[2026-04-03T07:13:26.196+0000] {logging_mixin.py:188} INFO - [2026-04-03T07:13:26.195+0000] {dag.py:3096} INFO - Sync 1 DAGs
[2026-04-03T07:13:26.409+0000] {processor.py:183} INFO - Processing /opt/airflow/dags/isr_pipeline.py took 0.549 seconds
[2026-04-03T07:13:56.976+0000] {processor.py:161} INFO - Started process (PID=46986) to work on /opt/airflow/dags/isr_pipeline.py
[2026-04-03T07:13:56.984+0000] {processor.py:830} INFO - Processing file /opt/airflow/dags/isr_pipeline.py for tasks to queue
[2026-04-03T07:13:56.992+0000] {logging_mixin.py:188} INFO - [2026-04-03T07:13:56.990+0000] {dagbag.py:540} INFO - Filling up the DagBag from /opt/airflow/dags/isr_pipeline.py
[2026-04-03T07:13:57.084+0000] {processor.py:840} INFO - DAG(s) 'isr_pipeline' retrieved from /opt/airflow/dags/isr_pipeline.py
[2026-04-03T07:13:57.273+0000] {logging_mixin.py:188} INFO - [2026-04-03T07:13:57.272+0000] {dag.py:3096} INFO - Sync 1 DAGs
[2026-04-03T07:13:57.484+0000] {processor.py:183} INFO - Processing /opt/airflow/dags/isr_pipeline.py took 0.547 seconds
[2026-04-03T07:14:27.684+0000] {processor.py:161} INFO - Started process (PID=46991) to work on /opt/airflow/dags/isr_pipeline.py
[2026-04-03T07:14:27.692+0000] {processor.py:830} INFO - Processing file /opt/airflow/dags/isr_pipeline.py for tasks to queue
[2026-04-03T07:14:27.707+0000] {logging_mixin.py:188} INFO - [2026-04-03T07:14:27.703+0000] {dagbag.py:540} INFO - Filling up the DagBag from /opt/airflow/dags/isr_pipeline.py
[2026-04-03T07:14:27.796+0000] {processor.py:840} INFO - DAG(s) 'isr_pipeline' retrieved from /opt/airflow/dags/isr_pipeline.py
[2026-04-03T07:14:27.977+0000] {logging_mixin.py:188} INFO - [2026-04-03T07:14:27.976+0000] {dag.py:3096} INFO - Sync 1 DAGs
[2026-04-03T07:14:28.185+0000] {processor.py:183} INFO - Processing /opt/airflow/dags/isr_pipeline.py took 0.542 seconds
[2026-04-03T07:14:58.674+0000] {processor.py:161} INFO - Started process (PID=46996) to work on /opt/airflow/dags/isr_pipeline.py
[2026-04-03T07:14:58.683+0000] {processor.py:830} INFO - Processing file /opt/airflow/dags/isr_pipeline.py for tasks to queue
[2026-04-03T07:14:58.693+0000] {logging_mixin.py:188} INFO - [2026-04-03T07:14:58.690+0000] {dagbag.py:540} INFO - Filling up the DagBag from /opt/airflow/dags/isr_pipeline.py
[2026-04-03T07:14:58.788+0000] {processor.py:840} INFO - DAG(s) 'isr_pipeline' retrieved from /opt/airflow/dags/isr_pipeline.py
[2026-04-03T07:14:58.981+0000] {logging_mixin.py:188} INFO - [2026-04-03T07:14:58.979+0000] {dag.py:3096} INFO - Sync 1 DAGs
[2026-04-03T07:14:59.198+0000] {processor.py:183} INFO - Processing /opt/airflow/dags/isr_pipeline.py took 0.566 seconds
[2026-04-03T07:15:29.654+0000] {processor.py:161} INFO - Started process (PID=47001) to work on /opt/airflow/dags/isr_pipeline.py
[2026-04-03T07:15:29.661+0000] {processor.py:830} INFO - Processing file /opt/airflow/dags/isr_pipeline.py for tasks to queue
[2026-04-03T07:15:29.669+0000] {logging_mixin.py:188} INFO - [2026-04-03T07:15:29.667+0000] {dagbag.py:540} INFO - Filling up the DagBag from /opt/airflow/dags/isr_pipeline.py
[2026-04-03T07:15:29.759+0000] {processor.py:840} INFO - DAG(s) 'isr_pipeline' retrieved from /opt/airflow/dags/isr_pipeline.py
[2026-04-03T07:15:29.938+0000] {logging_mixin.py:188} INFO - [2026-04-03T07:15:29.936+0000] {dag.py:3096} INFO - Sync 1 DAGs
[2026-04-03T07:15:30.139+0000] {processor.py:183} INFO - Processing /opt/airflow/dags/isr_pipeline.py took 0.523 seconds
[2026-04-03T07:38:32.620+0000] {processor.py:161} INFO - Started process (PID=47007) to work on /opt/airflow/dags/isr_pipeline.py
[2026-04-03T07:38:32.623+0000] {processor.py:830} INFO - Processing file /opt/airflow/dags/isr_pipeline.py for tasks to queue
[2026-04-03T07:38:32.628+0000] {logging_mixin.py:188} INFO - [2026-04-03T07:38:32.626+0000] {dagbag.py:540} INFO - Filling up the DagBag from /opt/airflow/dags/isr_pipeline.py
[2026-04-03T07:38:32.661+0000] {processor.py:840} INFO - DAG(s) 'isr_pipeline' retrieved from /opt/airflow/dags/isr_pipeline.py
[2026-04-03T07:38:32.733+0000] {logging_mixin.py:188} INFO - [2026-04-03T07:38:32.733+0000] {dag.py:3096} INFO - Sync 1 DAGs
[2026-04-03T07:38:32.837+0000] {processor.py:183} INFO - Processing /opt/airflow/dags/isr_pipeline.py took 0.246 seconds
[2026-04-03T07:39:02.939+0000] {processor.py:161} INFO - Started process (PID=47012) to work on /opt/airflow/dags/isr_pipeline.py
[2026-04-03T07:39:02.941+0000] {processor.py:830} INFO - Processing file /opt/airflow/dags/isr_pipeline.py for tasks to queue
[2026-04-03T07:39:02.943+0000] {logging_mixin.py:188} INFO - [2026-04-03T07:39:02.942+0000] {dagbag.py:540} INFO - Filling up the DagBag from /opt/airflow/dags/isr_pipeline.py
[2026-04-03T07:39:02.962+0000] {processor.py:840} INFO - DAG(s) 'isr_pipeline' retrieved from /opt/airflow/dags/isr_pipeline.py
[2026-04-03T07:39:03.001+0000] {logging_mixin.py:188} INFO - [2026-04-03T07:39:03.001+0000] {dag.py:3096} INFO - Sync 1 DAGs
[2026-04-03T07:39:03.049+0000] {processor.py:183} INFO - Processing /opt/airflow/dags/isr_pipeline.py took 0.119 seconds
[2026-04-03T07:39:33.321+0000] {processor.py:161} INFO - Started process (PID=47017) to work on /opt/airflow/dags/isr_pipeline.py
[2026-04-03T07:39:33.323+0000] {processor.py:830} INFO - Processing file /opt/airflow/dags/isr_pipeline.py for tasks to queue
[2026-04-03T07:39:33.324+0000] {logging_mixin.py:188} INFO - [2026-04-03T07:39:33.324+0000] {dagbag.py:540} INFO - Filling up the DagBag from /opt/airflow/dags/isr_pipeline.py
[2026-04-03T07:39:33.346+0000] {processor.py:840} INFO - DAG(s) 'isr_pipeline' retrieved from /opt/airflow/dags/isr_pipeline.py
[2026-04-03T07:39:33.431+0000] {logging_mixin.py:188} INFO - [2026-04-03T07:39:33.431+0000] {dag.py:3096} INFO - Sync 1 DAGs
[2026-04-03T07:39:33.530+0000] {processor.py:183} INFO - Processing /opt/airflow/dags/isr_pipeline.py took 0.233 seconds
[2026-04-03T07:40:03.716+0000] {processor.py:161} INFO - Started process (PID=47022) to work on /opt/airflow/dags/isr_pipeline.py
[2026-04-03T07:40:03.717+0000] {processor.py:830} INFO - Processing file /opt/airflow/dags/isr_pipeline.py for tasks to queue
[2026-04-03T07:40:03.719+0000] {logging_mixin.py:188} INFO - [2026-04-03T07:40:03.718+0000] {dagbag.py:540} INFO - Filling up the DagBag from /opt/airflow/dags/isr_pipeline.py
[2026-04-03T07:40:03.738+0000] {processor.py:840} INFO - DAG(s) 'isr_pipeline' retrieved from /opt/airflow/dags/isr_pipeline.py
[2026-04-03T07:40:03.776+0000] {logging_mixin.py:188} INFO - [2026-04-03T07:40:03.776+0000] {dag.py:3096} INFO - Sync 1 DAGs
[2026-04-03T07:40:03.819+0000] {processor.py:183} INFO - Processing /opt/airflow/dags/isr_pipeline.py took 0.111 seconds
[2026-04-03T07:40:33.885+0000] {processor.py:161} INFO - Started process (PID=47027) to work on /opt/airflow/dags/isr_pipeline.py
[2026-04-03T07:40:33.886+0000] {processor.py:830} INFO - Processing file /opt/airflow/dags/isr_pipeline.py for tasks to queue
[2026-04-03T07:40:33.887+0000] {logging_mixin.py:188} INFO - [2026-04-03T07:40:33.887+0000] {dagbag.py:540} INFO - Filling up the DagBag from /opt/airflow/dags/isr_pipeline.py
[2026-04-03T07:40:33.906+0000] {processor.py:840} INFO - DAG(s) 'isr_pipeline' retrieved from /opt/airflow/dags/isr_pipeline.py
[2026-04-03T07:40:33.943+0000] {logging_mixin.py:188} INFO - [2026-04-03T07:40:33.943+0000] {dag.py:3096} INFO - Sync 1 DAGs
[2026-04-03T07:40:33.989+0000] {processor.py:183} INFO - Processing /opt/airflow/dags/isr_pipeline.py took 0.113 seconds
[2026-04-03T07:41:04.167+0000] {processor.py:161} INFO - Started process (PID=47032) to work on /opt/airflow/dags/isr_pipeline.py
[2026-04-03T07:41:04.168+0000] {processor.py:830} INFO - Processing file /opt/airflow/dags/isr_pipeline.py for tasks to queue
[2026-04-03T07:41:04.170+0000] {logging_mixin.py:188} INFO - [2026-04-03T07:41:04.169+0000] {dagbag.py:540} INFO - Filling up the DagBag from /opt/airflow/dags/isr_pipeline.py
[2026-04-03T07:41:04.188+0000] {processor.py:840} INFO - DAG(s) 'isr_pipeline' retrieved from /opt/airflow/dags/isr_pipeline.py
[2026-04-03T07:41:04.226+0000] {logging_mixin.py:188} INFO - [2026-04-03T07:41:04.226+0000] {dag.py:3096} INFO - Sync 1 DAGs
[2026-04-03T07:41:04.272+0000] {processor.py:183} INFO - Processing /opt/airflow/dags/isr_pipeline.py took 0.114 seconds
[2026-04-03T07:41:34.343+0000] {processor.py:161} INFO - Started process (PID=47037) to work on /opt/airflow/dags/isr_pipeline.py
[2026-04-03T07:41:34.345+0000] {processor.py:830} INFO - Processing file /opt/airflow/dags/isr_pipeline.py for tasks to queue
[2026-04-03T07:41:34.347+0000] {logging_mixin.py:188} INFO - [2026-04-03T07:41:34.346+0000] {dagbag.py:540} INFO - Filling up the DagBag from /opt/airflow/dags/isr_pipeline.py
[2026-04-03T07:41:34.367+0000] {processor.py:840} INFO - DAG(s) 'isr_pipeline' retrieved from /opt/airflow/dags/isr_pipeline.py
[2026-04-03T07:41:34.408+0000] {logging_mixin.py:188} INFO - [2026-04-03T07:41:34.408+0000] {dag.py:3096} INFO - Sync 1 DAGs
[2026-04-03T07:41:34.456+0000] {processor.py:183} INFO - Processing /opt/airflow/dags/isr_pipeline.py took 0.121 seconds
[2026-04-03T07:42:04.603+0000] {processor.py:161} INFO - Started process (PID=47042) to work on /opt/airflow/dags/isr_pipeline.py
[2026-04-03T07:42:04.604+0000] {processor.py:830} INFO - Processing file /opt/airflow/dags/isr_pipeline.py for tasks to queue
[2026-04-03T07:42:04.606+0000] {logging_mixin.py:188} INFO - [2026-04-03T07:42:04.605+0000] {dagbag.py:540} INFO - Filling up the DagBag from /opt/airflow/dags/isr_pipeline.py
[2026-04-03T07:42:04.625+0000] {processor.py:840} INFO - DAG(s) 'isr_pipeline' retrieved from /opt/airflow/dags/isr_pipeline.py
[2026-04-03T07:42:04.662+0000] {logging_mixin.py:188} INFO - [2026-04-03T07:42:04.662+0000] {dag.py:3096} INFO - Sync 1 DAGs
[2026-04-03T07:42:04.705+0000] {processor.py:183} INFO - Processing /opt/airflow/dags/isr_pipeline.py took 0.112 seconds
[2026-04-03T07:42:34.798+0000] {processor.py:161} INFO - Started process (PID=47047) to work on /opt/airflow/dags/isr_pipeline.py
[2026-04-03T07:42:34.800+0000] {processor.py:830} INFO - Processing file /opt/airflow/dags/isr_pipeline.py for tasks to queue
[2026-04-03T07:42:34.802+0000] {logging_mixin.py:188} INFO - [2026-04-03T07:42:34.801+0000] {dagbag.py:540} INFO - Filling up the DagBag from /opt/airflow/dags/isr_pipeline.py
[2026-04-03T07:42:34.836+0000] {processor.py:840} INFO - DAG(s) 'isr_pipeline' retrieved from /opt/airflow/dags/isr_pipeline.py
[2026-04-03T07:42:34.918+0000] {logging_mixin.py:188} INFO - [2026-04-03T07:42:34.917+0000] {dag.py:3096} INFO - Sync 1 DAGs
[2026-04-03T07:42:34.987+0000] {processor.py:183} INFO - Processing /opt/airflow/dags/isr_pipeline.py took 0.197 seconds
[2026-04-03T07:43:05.161+0000] {processor.py:161} INFO - Started process (PID=47052) to work on /opt/airflow/dags/isr_pipeline.py
[2026-04-03T07:43:05.163+0000] {processor.py:830} INFO - Processing file /opt/airflow/dags/isr_pipeline.py for tasks to queue
[2026-04-03T07:43:05.164+0000] {logging_mixin.py:188} INFO - [2026-04-03T07:43:05.164+0000] {dagbag.py:540} INFO - Filling up the DagBag from /opt/airflow/dags/isr_pipeline.py
[2026-04-03T07:43:05.183+0000] {processor.py:840} INFO - DAG(s) 'isr_pipeline' retrieved from /opt/airflow/dags/isr_pipeline.py
[2026-04-03T07:43:05.221+0000] {logging_mixin.py:188} INFO - [2026-04-03T07:43:05.221+0000] {dag.py:3096} INFO - Sync 1 DAGs
[2026-04-03T07:43:05.266+0000] {processor.py:183} INFO - Processing /opt/airflow/dags/isr_pipeline.py took 0.114 seconds
[2026-04-03T07:43:35.347+0000] {processor.py:161} INFO - Started process (PID=47057) to work on /opt/airflow/dags/isr_pipeline.py
[2026-04-03T07:43:35.348+0000] {processor.py:830} INFO - Processing file /opt/airflow/dags/isr_pipeline.py for tasks to queue
[2026-04-03T07:43:35.350+0000] {logging_mixin.py:188} INFO - [2026-04-03T07:43:35.349+0000] {dagbag.py:540} INFO - Filling up the DagBag from /opt/airflow/dags/isr_pipeline.py
[2026-04-03T07:43:35.368+0000] {processor.py:840} INFO - DAG(s) 'isr_pipeline' retrieved from /opt/airflow/dags/isr_pipeline.py
[2026-04-03T07:43:35.407+0000] {logging_mixin.py:188} INFO - [2026-04-03T07:43:35.407+0000] {dag.py:3096} INFO - Sync 1 DAGs
[2026-04-03T07:43:35.451+0000] {processor.py:183} INFO - Processing /opt/airflow/dags/isr_pipeline.py took 0.115 seconds
[2026-04-03T07:44:05.526+0000] {processor.py:161} INFO - Started process (PID=47062) to work on /opt/airflow/dags/isr_pipeline.py
[2026-04-03T07:44:05.527+0000] {processor.py:830} INFO - Processing file /opt/airflow/dags/isr_pipeline.py for tasks to queue
[2026-04-03T07:44:05.529+0000] {logging_mixin.py:188} INFO - [2026-04-03T07:44:05.529+0000] {dagbag.py:540} INFO - Filling up the DagBag from /opt/airflow/dags/isr_pipeline.py
[2026-04-03T07:44:05.547+0000] {processor.py:840} INFO - DAG(s) 'isr_pipeline' retrieved from /opt/airflow/dags/isr_pipeline.py
[2026-04-03T07:44:05.585+0000] {logging_mixin.py:188} INFO - [2026-04-03T07:44:05.585+0000] {dag.py:3096} INFO - Sync 1 DAGs
[2026-04-03T07:44:05.629+0000] {processor.py:183} INFO - Processing /opt/airflow/dags/isr_pipeline.py took 0.112 seconds
[2026-04-03T07:44:35.802+0000] {processor.py:161} INFO - Started process (PID=47067) to work on /opt/airflow/dags/isr_pipeline.py
[2026-04-03T07:44:35.803+0000] {processor.py:830} INFO - Processing file /opt/airflow/dags/isr_pipeline.py for tasks to queue
[2026-04-03T07:44:35.805+0000] {logging_mixin.py:188} INFO - [2026-04-03T07:44:35.805+0000] {dagbag.py:540} INFO - Filling up the DagBag from /opt/airflow/dags/isr_pipeline.py
[2026-04-03T07:44:35.824+0000] {processor.py:840} INFO - DAG(s) 'isr_pipeline' retrieved from /opt/airflow/dags/isr_pipeline.py
[2026-04-03T07:44:35.863+0000] {logging_mixin.py:188} INFO - [2026-04-03T07:44:35.863+0000] {dag.py:3096} INFO - Sync 1 DAGs
[2026-04-03T07:44:35.910+0000] {processor.py:183} INFO - Processing /opt/airflow/dags/isr_pipeline.py took 0.116 seconds
[2026-04-03T07:45:05.980+0000] {processor.py:161} INFO - Started process (PID=47072) to work on /opt/airflow/dags/isr_pipeline.py
[2026-04-03T07:45:05.981+0000] {processor.py:830} INFO - Processing file /opt/airflow/dags/isr_pipeline.py for tasks to queue
[2026-04-03T07:45:05.983+0000] {logging_mixin.py:188} INFO - [2026-04-03T07:45:05.983+0000] {dagbag.py:540} INFO - Filling up the DagBag from /opt/airflow/dags/isr_pipeline.py
[2026-04-03T07:45:06.002+0000] {processor.py:840} INFO - DAG(s) 'isr_pipeline' retrieved from /opt/airflow/dags/isr_pipeline.py
[2026-04-03T07:45:06.041+0000] {logging_mixin.py:188} INFO - [2026-04-03T07:45:06.041+0000] {dag.py:3096} INFO - Sync 1 DAGs
[2026-04-03T07:45:06.123+0000] {processor.py:183} INFO - Processing /opt/airflow/dags/isr_pipeline.py took 0.152 seconds
[2026-04-03T07:45:36.245+0000] {processor.py:161} INFO - Started process (PID=47077) to work on /opt/airflow/dags/isr_pipeline.py
[2026-04-03T07:45:36.247+0000] {processor.py:830} INFO - Processing file /opt/airflow/dags/isr_pipeline.py for tasks to queue
[2026-04-03T07:45:36.249+0000] {logging_mixin.py:188} INFO - [2026-04-03T07:45:36.248+0000] {dagbag.py:540} INFO - Filling up the DagBag from /opt/airflow/dags/isr_pipeline.py
[2026-04-03T07:45:36.268+0000] {processor.py:840} INFO - DAG(s) 'isr_pipeline' retrieved from /opt/airflow/dags/isr_pipeline.py
[2026-04-03T07:45:36.311+0000] {logging_mixin.py:188} INFO - [2026-04-03T07:45:36.311+0000] {dag.py:3096} INFO - Sync 1 DAGs
[2026-04-03T07:45:36.356+0000] {processor.py:183} INFO - Processing /opt/airflow/dags/isr_pipeline.py took 0.118 seconds
[2026-04-03T07:46:06.450+0000] {processor.py:161} INFO - Started process (PID=47082) to work on /opt/airflow/dags/isr_pipeline.py
[2026-04-03T07:46:06.452+0000] {processor.py:830} INFO - Processing file /opt/airflow/dags/isr_pipeline.py for tasks to queue
[2026-04-03T07:46:06.453+0000] {logging_mixin.py:188} INFO - [2026-04-03T07:46:06.453+0000] {dagbag.py:540} INFO - Filling up the DagBag from /opt/airflow/dags/isr_pipeline.py
[2026-04-03T07:46:06.474+0000] {processor.py:840} INFO - DAG(s) 'isr_pipeline' retrieved from /opt/airflow/dags/isr_pipeline.py
[2026-04-03T07:46:06.513+0000] {logging_mixin.py:188} INFO - [2026-04-03T07:46:06.512+0000] {dag.py:3096} INFO - Sync 1 DAGs
[2026-04-03T07:46:06.556+0000] {processor.py:183} INFO - Processing /opt/airflow/dags/isr_pipeline.py took 0.114 seconds
[2026-04-03T07:46:36.642+0000] {processor.py:161} INFO - Started process (PID=47087) to work on /opt/airflow/dags/isr_pipeline.py
[2026-04-03T07:46:36.644+0000] {processor.py:830} INFO - Processing file /opt/airflow/dags/isr_pipeline.py for tasks to queue
[2026-04-03T07:46:36.645+0000] {logging_mixin.py:188} INFO - [2026-04-03T07:46:36.645+0000] {dagbag.py:540} INFO - Filling up the DagBag from /opt/airflow/dags/isr_pipeline.py
[2026-04-03T07:46:36.665+0000] {processor.py:840} INFO - DAG(s) 'isr_pipeline' retrieved from /opt/airflow/dags/isr_pipeline.py
[2026-04-03T07:46:36.705+0000] {logging_mixin.py:188} INFO - [2026-04-03T07:46:36.705+0000] {dag.py:3096} INFO - Sync 1 DAGs
[2026-04-03T07:46:36.747+0000] {processor.py:183} INFO - Processing /opt/airflow/dags/isr_pipeline.py took 0.113 seconds
[2026-04-03T07:47:06.878+0000] {processor.py:161} INFO - Started process (PID=47092) to work on /opt/airflow/dags/isr_pipeline.py
[2026-04-03T07:47:06.879+0000] {processor.py:830} INFO - Processing file /opt/airflow/dags/isr_pipeline.py for tasks to queue
[2026-04-03T07:47:06.881+0000] {logging_mixin.py:188} INFO - [2026-04-03T07:47:06.880+0000] {dagbag.py:540} INFO - Filling up the DagBag from /opt/airflow/dags/isr_pipeline.py
[2026-04-03T07:47:06.900+0000] {processor.py:840} INFO - DAG(s) 'isr_pipeline' retrieved from /opt/airflow/dags/isr_pipeline.py
[2026-04-03T07:47:06.939+0000] {logging_mixin.py:188} INFO - [2026-04-03T07:47:06.938+0000] {dag.py:3096} INFO - Sync 1 DAGs
[2026-04-03T07:47:06.984+0000] {processor.py:183} INFO - Processing /opt/airflow/dags/isr_pipeline.py took 0.116 seconds
[2026-04-03T07:47:37.091+0000] {processor.py:161} INFO - Started process (PID=47097) to work on /opt/airflow/dags/isr_pipeline.py
[2026-04-03T07:47:37.093+0000] {processor.py:830} INFO - Processing file /opt/airflow/dags/isr_pipeline.py for tasks to queue
[2026-04-03T07:47:37.094+0000] {logging_mixin.py:188} INFO - [2026-04-03T07:47:37.094+0000] {dagbag.py:540} INFO - Filling up the DagBag from /opt/airflow/dags/isr_pipeline.py
[2026-04-03T07:47:37.113+0000] {processor.py:840} INFO - DAG(s) 'isr_pipeline' retrieved from /opt/airflow/dags/isr_pipeline.py
[2026-04-03T07:47:37.153+0000] {logging_mixin.py:188} INFO - [2026-04-03T07:47:37.152+0000] {dag.py:3096} INFO - Sync 1 DAGs
[2026-04-03T07:47:37.200+0000] {processor.py:183} INFO - Processing /opt/airflow/dags/isr_pipeline.py took 0.117 seconds
[2026-04-03T07:48:07.292+0000] {processor.py:161} INFO - Started process (PID=47102) to work on /opt/airflow/dags/isr_pipeline.py
[2026-04-03T07:48:07.294+0000] {processor.py:830} INFO - Processing file /opt/airflow/dags/isr_pipeline.py for tasks to queue
[2026-04-03T07:48:07.296+0000] {logging_mixin.py:188} INFO - [2026-04-03T07:48:07.295+0000] {dagbag.py:540} INFO - Filling up the DagBag from /opt/airflow/dags/isr_pipeline.py
[2026-04-03T07:48:07.314+0000] {processor.py:840} INFO - DAG(s) 'isr_pipeline' retrieved from /opt/airflow/dags/isr_pipeline.py
[2026-04-03T07:48:07.353+0000] {logging_mixin.py:188} INFO - [2026-04-03T07:48:07.352+0000] {dag.py:3096} INFO - Sync 1 DAGs
[2026-04-03T07:48:07.398+0000] {processor.py:183} INFO - Processing /opt/airflow/dags/isr_pipeline.py took 0.114 seconds
[2026-04-03T07:48:37.551+0000] {processor.py:161} INFO - Started process (PID=47107) to work on /opt/airflow/dags/isr_pipeline.py
[2026-04-03T07:48:37.552+0000] {processor.py:830} INFO - Processing file /opt/airflow/dags/isr_pipeline.py for tasks to queue
[2026-04-03T07:48:37.554+0000] {logging_mixin.py:188} INFO - [2026-04-03T07:48:37.554+0000] {dagbag.py:540} INFO - Filling up the DagBag from /opt/airflow/dags/isr_pipeline.py
[2026-04-03T07:48:37.572+0000] {processor.py:840} INFO - DAG(s) 'isr_pipeline' retrieved from /opt/airflow/dags/isr_pipeline.py
[2026-04-03T07:48:37.611+0000] {logging_mixin.py:188} INFO - [2026-04-03T07:48:37.611+0000] {dag.py:3096} INFO - Sync 1 DAGs
[2026-04-03T07:48:37.656+0000] {processor.py:183} INFO - Processing /opt/airflow/dags/isr_pipeline.py took 0.113 seconds
[2026-04-03T07:49:07.722+0000] {processor.py:161} INFO - Started process (PID=47112) to work on /opt/airflow/dags/isr_pipeline.py
[2026-04-03T07:49:07.724+0000] {processor.py:830} INFO - Processing file /opt/airflow/dags/isr_pipeline.py for tasks to queue
[2026-04-03T07:49:07.725+0000] {logging_mixin.py:188} INFO - [2026-04-03T07:49:07.725+0000] {dagbag.py:540} INFO - Filling up the DagBag from /opt/airflow/dags/isr_pipeline.py
[2026-04-03T07:49:07.744+0000] {processor.py:840} INFO - DAG(s) 'isr_pipeline' retrieved from /opt/airflow/dags/isr_pipeline.py
[2026-04-03T07:49:07.785+0000] {logging_mixin.py:188} INFO - [2026-04-03T07:49:07.785+0000] {dag.py:3096} INFO - Sync 1 DAGs
[2026-04-03T07:49:07.831+0000] {processor.py:183} INFO - Processing /opt/airflow/dags/isr_pipeline.py took 0.117 seconds
[2026-04-03T07:49:37.989+0000] {processor.py:161} INFO - Started process (PID=47117) to work on /opt/airflow/dags/isr_pipeline.py
[2026-04-03T07:49:37.990+0000] {processor.py:830} INFO - Processing file /opt/airflow/dags/isr_pipeline.py for tasks to queue
[2026-04-03T07:49:37.992+0000] {logging_mixin.py:188} INFO - [2026-04-03T07:49:37.991+0000] {dagbag.py:540} INFO - Filling up the DagBag from /opt/airflow/dags/isr_pipeline.py
[2026-04-03T07:49:38.010+0000] {processor.py:840} INFO - DAG(s) 'isr_pipeline' retrieved from /opt/airflow/dags/isr_pipeline.py
[2026-04-03T07:49:38.047+0000] {logging_mixin.py:188} INFO - [2026-04-03T07:49:38.047+0000] {dag.py:3096} INFO - Sync 1 DAGs
[2026-04-03T07:49:38.091+0000] {processor.py:183} INFO - Processing /opt/airflow/dags/isr_pipeline.py took 0.110 seconds
[2026-04-03T07:50:08.170+0000] {processor.py:161} INFO - Started process (PID=47122) to work on /opt/airflow/dags/isr_pipeline.py
[2026-04-03T07:50:08.172+0000] {processor.py:830} INFO - Processing file /opt/airflow/dags/isr_pipeline.py for tasks to queue
[2026-04-03T07:50:08.174+0000] {logging_mixin.py:188} INFO - [2026-04-03T07:50:08.173+0000] {dagbag.py:540} INFO - Filling up the DagBag from /opt/airflow/dags/isr_pipeline.py
[2026-04-03T07:50:08.197+0000] {processor.py:840} INFO - DAG(s) 'isr_pipeline' retrieved from /opt/airflow/dags/isr_pipeline.py
[2026-04-03T07:50:08.249+0000] {logging_mixin.py:188} INFO - [2026-04-03T07:50:08.248+0000] {dag.py:3096} INFO - Sync 1 DAGs
[2026-04-03T07:50:08.295+0000] {processor.py:183} INFO - Processing /opt/airflow/dags/isr_pipeline.py took 0.137 seconds
[2026-04-03T07:50:38.419+0000] {processor.py:161} INFO - Started process (PID=47127) to work on /opt/airflow/dags/isr_pipeline.py
[2026-04-03T07:50:38.420+0000] {processor.py:830} INFO - Processing file /opt/airflow/dags/isr_pipeline.py for tasks to queue
[2026-04-03T07:50:38.422+0000] {logging_mixin.py:188} INFO - [2026-04-03T07:50:38.421+0000] {dagbag.py:540} INFO - Filling up the DagBag from /opt/airflow/dags/isr_pipeline.py
[2026-04-03T07:50:38.440+0000] {processor.py:840} INFO - DAG(s) 'isr_pipeline' retrieved from /opt/airflow/dags/isr_pipeline.py
[2026-04-03T07:50:38.478+0000] {logging_mixin.py:188} INFO - [2026-04-03T07:50:38.478+0000] {dag.py:3096} INFO - Sync 1 DAGs
[2026-04-03T07:50:38.524+0000] {processor.py:183} INFO - Processing /opt/airflow/dags/isr_pipeline.py took 0.113 seconds
[2026-04-03T07:51:08.628+0000] {processor.py:161} INFO - Started process (PID=47132) to work on /opt/airflow/dags/isr_pipeline.py
[2026-04-03T07:51:08.629+0000] {processor.py:830} INFO - Processing file /opt/airflow/dags/isr_pipeline.py for tasks to queue
[2026-04-03T07:51:08.631+0000] {logging_mixin.py:188} INFO - [2026-04-03T07:51:08.630+0000] {dagbag.py:540} INFO - Filling up the DagBag from /opt/airflow/dags/isr_pipeline.py
[2026-04-03T07:51:08.649+0000] {processor.py:840} INFO - DAG(s) 'isr_pipeline' retrieved from /opt/airflow/dags/isr_pipeline.py
[2026-04-03T07:51:08.687+0000] {logging_mixin.py:188} INFO - [2026-04-03T07:51:08.687+0000] {dag.py:3096} INFO - Sync 1 DAGs
[2026-04-03T07:51:08.729+0000] {processor.py:183} INFO - Processing /opt/airflow/dags/isr_pipeline.py took 0.109 seconds
[2026-04-03T07:51:38.867+0000] {processor.py:161} INFO - Started process (PID=47137) to work on /opt/airflow/dags/isr_pipeline.py
[2026-04-03T07:51:38.869+0000] {processor.py:830} INFO - Processing file /opt/airflow/dags/isr_pipeline.py for tasks to queue
[2026-04-03T07:51:38.871+0000] {logging_mixin.py:188} INFO - [2026-04-03T07:51:38.871+0000] {dagbag.py:540} INFO - Filling up the DagBag from /opt/airflow/dags/isr_pipeline.py
[2026-04-03T07:51:38.891+0000] {processor.py:840} INFO - DAG(s) 'isr_pipeline' retrieved from /opt/airflow/dags/isr_pipeline.py
[2026-04-03T07:51:38.931+0000] {logging_mixin.py:188} INFO - [2026-04-03T07:51:38.931+0000] {dag.py:3096} INFO - Sync 1 DAGs
[2026-04-03T07:51:38.981+0000] {processor.py:183} INFO - Processing /opt/airflow/dags/isr_pipeline.py took 0.123 seconds
[2026-04-03T07:52:09.040+0000] {processor.py:161} INFO - Started process (PID=47142) to work on /opt/airflow/dags/isr_pipeline.py
[2026-04-03T07:52:09.042+0000] {processor.py:830} INFO - Processing file /opt/airflow/dags/isr_pipeline.py for tasks to queue
[2026-04-03T07:52:09.043+0000] {logging_mixin.py:188} INFO - [2026-04-03T07:52:09.043+0000] {dagbag.py:540} INFO - Filling up the DagBag from /opt/airflow/dags/isr_pipeline.py
[2026-04-03T07:52:09.062+0000] {processor.py:840} INFO - DAG(s) 'isr_pipeline' retrieved from /opt/airflow/dags/isr_pipeline.py
[2026-04-03T07:52:09.101+0000] {logging_mixin.py:188} INFO - [2026-04-03T07:52:09.101+0000] {dag.py:3096} INFO - Sync 1 DAGs
[2026-04-03T07:52:09.150+0000] {processor.py:183} INFO - Processing /opt/airflow/dags/isr_pipeline.py took 0.118 seconds
[2026-04-03T07:52:39.290+0000] {processor.py:161} INFO - Started process (PID=47147) to work on /opt/airflow/dags/isr_pipeline.py
[2026-04-03T07:52:39.292+0000] {processor.py:830} INFO - Processing file /opt/airflow/dags/isr_pipeline.py for tasks to queue
[2026-04-03T07:52:39.293+0000] {logging_mixin.py:188} INFO - [2026-04-03T07:52:39.293+0000] {dagbag.py:540} INFO - Filling up the DagBag from /opt/airflow/dags/isr_pipeline.py
[2026-04-03T07:52:39.314+0000] {processor.py:840} INFO - DAG(s) 'isr_pipeline' retrieved from /opt/airflow/dags/isr_pipeline.py
[2026-04-03T07:52:39.354+0000] {logging_mixin.py:188} INFO - [2026-04-03T07:52:39.354+0000] {dag.py:3096} INFO - Sync 1 DAGs
[2026-04-03T07:52:39.405+0000] {processor.py:183} INFO - Processing /opt/airflow/dags/isr_pipeline.py took 0.122 seconds
[2026-04-03T07:53:09.462+0000] {processor.py:161} INFO - Started process (PID=47152) to work on /opt/airflow/dags/isr_pipeline.py
[2026-04-03T07:53:09.463+0000] {processor.py:830} INFO - Processing file /opt/airflow/dags/isr_pipeline.py for tasks to queue
[2026-04-03T07:53:09.465+0000] {logging_mixin.py:188} INFO - [2026-04-03T07:53:09.464+0000] {dagbag.py:540} INFO - Filling up the DagBag from /opt/airflow/dags/isr_pipeline.py
[2026-04-03T07:53:09.483+0000] {processor.py:840} INFO - DAG(s) 'isr_pipeline' retrieved from /opt/airflow/dags/isr_pipeline.py
[2026-04-03T07:53:09.522+0000] {logging_mixin.py:188} INFO - [2026-04-03T07:53:09.522+0000] {dag.py:3096} INFO - Sync 1 DAGs
[2026-04-03T07:53:09.566+0000] {processor.py:183} INFO - Processing /opt/airflow/dags/isr_pipeline.py took 0.113 seconds
[2026-04-03T07:53:39.730+0000] {processor.py:161} INFO - Started process (PID=47157) to work on /opt/airflow/dags/isr_pipeline.py
[2026-04-03T07:53:39.731+0000] {processor.py:830} INFO - Processing file /opt/airflow/dags/isr_pipeline.py for tasks to queue
[2026-04-03T07:53:39.733+0000] {logging_mixin.py:188} INFO - [2026-04-03T07:53:39.732+0000] {dagbag.py:540} INFO - Filling up the DagBag from /opt/airflow/dags/isr_pipeline.py
[2026-04-03T07:53:39.752+0000] {processor.py:840} INFO - DAG(s) 'isr_pipeline' retrieved from /opt/airflow/dags/isr_pipeline.py
[2026-04-03T07:53:39.791+0000] {logging_mixin.py:188} INFO - [2026-04-03T07:53:39.791+0000] {dag.py:3096} INFO - Sync 1 DAGs
[2026-04-03T07:53:39.839+0000] {processor.py:183} INFO - Processing /opt/airflow/dags/isr_pipeline.py took 0.117 seconds
[2026-04-03T07:54:09.911+0000] {processor.py:161} INFO - Started process (PID=47162) to work on /opt/airflow/dags/isr_pipeline.py
[2026-04-03T07:54:09.913+0000] {processor.py:830} INFO - Processing file /opt/airflow/dags/isr_pipeline.py for tasks to queue
[2026-04-03T07:54:09.914+0000] {logging_mixin.py:188} INFO - [2026-04-03T07:54:09.914+0000] {dagbag.py:540} INFO - Filling up the DagBag from /opt/airflow/dags/isr_pipeline.py
[2026-04-03T07:54:09.932+0000] {processor.py:840} INFO - DAG(s) 'isr_pipeline' retrieved from /opt/airflow/dags/isr_pipeline.py
[2026-04-03T07:54:09.970+0000] {logging_mixin.py:188} INFO - [2026-04-03T07:54:09.970+0000] {dag.py:3096} INFO - Sync 1 DAGs
[2026-04-03T07:54:10.013+0000] {processor.py:183} INFO - Processing /opt/airflow/dags/isr_pipeline.py took 0.110 seconds
[2026-04-03T07:54:40.199+0000] {processor.py:161} INFO - Started process (PID=47167) to work on /opt/airflow/dags/isr_pipeline.py
[2026-04-03T07:54:40.201+0000] {processor.py:830} INFO - Processing file /opt/airflow/dags/isr_pipeline.py for tasks to queue
[2026-04-03T07:54:40.202+0000] {logging_mixin.py:188} INFO - [2026-04-03T07:54:40.202+0000] {dagbag.py:540} INFO - Filling up the DagBag from /opt/airflow/dags/isr_pipeline.py
[2026-04-03T07:54:40.221+0000] {processor.py:840} INFO - DAG(s) 'isr_pipeline' retrieved from /opt/airflow/dags/isr_pipeline.py
[2026-04-03T07:54:40.259+0000] {logging_mixin.py:188} INFO - [2026-04-03T07:54:40.259+0000] {dag.py:3096} INFO - Sync 1 DAGs
[2026-04-03T07:54:40.303+0000] {processor.py:183} INFO - Processing /opt/airflow/dags/isr_pipeline.py took 0.112 seconds
[2026-04-03T07:55:10.373+0000] {processor.py:161} INFO - Started process (PID=47172) to work on /opt/airflow/dags/isr_pipeline.py
[2026-04-03T07:55:10.375+0000] {processor.py:830} INFO - Processing file /opt/airflow/dags/isr_pipeline.py for tasks to queue
[2026-04-03T07:55:10.376+0000] {logging_mixin.py:188} INFO - [2026-04-03T07:55:10.376+0000] {dagbag.py:540} INFO - Filling up the DagBag from /opt/airflow/dags/isr_pipeline.py
[2026-04-03T07:55:10.394+0000] {processor.py:840} INFO - DAG(s) 'isr_pipeline' retrieved from /opt/airflow/dags/isr_pipeline.py
[2026-04-03T07:55:10.432+0000] {logging_mixin.py:188} INFO - [2026-04-03T07:55:10.432+0000] {dag.py:3096} INFO - Sync 1 DAGs
[2026-04-03T07:55:10.476+0000] {processor.py:183} INFO - Processing /opt/airflow/dags/isr_pipeline.py took 0.111 seconds
[2026-04-03T07:55:40.654+0000] {processor.py:161} INFO - Started process (PID=47177) to work on /opt/airflow/dags/isr_pipeline.py
[2026-04-03T07:55:40.655+0000] {processor.py:830} INFO - Processing file /opt/airflow/dags/isr_pipeline.py for tasks to queue
[2026-04-03T07:55:40.657+0000] {logging_mixin.py:188} INFO - [2026-04-03T07:55:40.656+0000] {dagbag.py:540} INFO - Filling up the DagBag from /opt/airflow/dags/isr_pipeline.py
[2026-04-03T07:55:40.675+0000] {processor.py:840} INFO - DAG(s) 'isr_pipeline' retrieved from /opt/airflow/dags/isr_pipeline.py
[2026-04-03T07:55:40.713+0000] {logging_mixin.py:188} INFO - [2026-04-03T07:55:40.713+0000] {dag.py:3096} INFO - Sync 1 DAGs
[2026-04-03T07:55:40.757+0000] {processor.py:183} INFO - Processing /opt/airflow/dags/isr_pipeline.py took 0.112 seconds
[2026-04-03T07:56:10.821+0000] {processor.py:161} INFO - Started process (PID=47182) to work on /opt/airflow/dags/isr_pipeline.py
[2026-04-03T07:56:10.823+0000] {processor.py:830} INFO - Processing file /opt/airflow/dags/isr_pipeline.py for tasks to queue
[2026-04-03T07:56:10.824+0000] {logging_mixin.py:188} INFO - [2026-04-03T07:56:10.824+0000] {dagbag.py:540} INFO - Filling up the DagBag from /opt/airflow/dags/isr_pipeline.py
[2026-04-03T07:56:10.842+0000] {processor.py:840} INFO - DAG(s) 'isr_pipeline' retrieved from /opt/airflow/dags/isr_pipeline.py
[2026-04-03T07:56:10.881+0000] {logging_mixin.py:188} INFO - [2026-04-03T07:56:10.881+0000] {dag.py:3096} INFO - Sync 1 DAGs
[2026-04-03T07:56:10.925+0000] {processor.py:183} INFO - Processing /opt/airflow/dags/isr_pipeline.py took 0.111 seconds
[2026-04-03T07:56:41.083+0000] {processor.py:161} INFO - Started process (PID=47187) to work on /opt/airflow/dags/isr_pipeline.py
[2026-04-03T07:56:41.085+0000] {processor.py:830} INFO - Processing file /opt/airflow/dags/isr_pipeline.py for tasks to queue
[2026-04-03T07:56:41.086+0000] {logging_mixin.py:188} INFO - [2026-04-03T07:56:41.086+0000] {dagbag.py:540} INFO - Filling up the DagBag from /opt/airflow/dags/isr_pipeline.py
[2026-04-03T07:56:41.105+0000] {processor.py:840} INFO - DAG(s) 'isr_pipeline' retrieved from /opt/airflow/dags/isr_pipeline.py
[2026-04-03T07:56:41.145+0000] {logging_mixin.py:188} INFO - [2026-04-03T07:56:41.145+0000] {dag.py:3096} INFO - Sync 1 DAGs
[2026-04-03T07:56:41.189+0000] {processor.py:183} INFO - Processing /opt/airflow/dags/isr_pipeline.py took 0.115 seconds
[2026-04-03T07:57:11.242+0000] {processor.py:161} INFO - Started process (PID=47192) to work on /opt/airflow/dags/isr_pipeline.py
[2026-04-03T07:57:11.243+0000] {processor.py:830} INFO - Processing file /opt/airflow/dags/isr_pipeline.py for tasks to queue
[2026-04-03T07:57:11.245+0000] {logging_mixin.py:188} INFO - [2026-04-03T07:57:11.244+0000] {dagbag.py:540} INFO - Filling up the DagBag from /opt/airflow/dags/isr_pipeline.py
[2026-04-03T07:57:11.263+0000] {processor.py:840} INFO - DAG(s) 'isr_pipeline' retrieved from /opt/airflow/dags/isr_pipeline.py
[2026-04-03T07:57:11.300+0000] {logging_mixin.py:188} INFO - [2026-04-03T07:57:11.300+0000] {dag.py:3096} INFO - Sync 1 DAGs
[2026-04-03T07:57:11.345+0000] {processor.py:183} INFO - Processing /opt/airflow/dags/isr_pipeline.py took 0.111 seconds
[2026-04-03T07:57:41.551+0000] {processor.py:161} INFO - Started process (PID=47197) to work on /opt/airflow/dags/isr_pipeline.py
[2026-04-03T07:57:41.554+0000] {processor.py:830} INFO - Processing file /opt/airflow/dags/isr_pipeline.py for tasks to queue
[2026-04-03T07:57:41.557+0000] {logging_mixin.py:188} INFO - [2026-04-03T07:57:41.556+0000] {dagbag.py:540} INFO - Filling up the DagBag from /opt/airflow/dags/isr_pipeline.py
[2026-04-03T07:57:41.575+0000] {processor.py:840} INFO - DAG(s) 'isr_pipeline' retrieved from /opt/airflow/dags/isr_pipeline.py
[2026-04-03T07:57:41.626+0000] {logging_mixin.py:188} INFO - [2026-04-03T07:57:41.625+0000] {dag.py:3096} INFO - Sync 1 DAGs
[2026-04-03T07:57:41.672+0000] {processor.py:183} INFO - Processing /opt/airflow/dags/isr_pipeline.py took 0.130 seconds
[2026-04-03T07:58:11.732+0000] {processor.py:161} INFO - Started process (PID=47202) to work on /opt/airflow/dags/isr_pipeline.py
[2026-04-03T07:58:11.733+0000] {processor.py:830} INFO - Processing file /opt/airflow/dags/isr_pipeline.py for tasks to queue
[2026-04-03T07:58:11.735+0000] {logging_mixin.py:188} INFO - [2026-04-03T07:58:11.734+0000] {dagbag.py:540} INFO - Filling up the DagBag from /opt/airflow/dags/isr_pipeline.py
[2026-04-03T07:58:11.752+0000] {processor.py:840} INFO - DAG(s) 'isr_pipeline' retrieved from /opt/airflow/dags/isr_pipeline.py
[2026-04-03T07:58:11.795+0000] {logging_mixin.py:188} INFO - [2026-04-03T07:58:11.794+0000] {dag.py:3096} INFO - Sync 1 DAGs
[2026-04-03T07:58:11.842+0000] {processor.py:183} INFO - Processing /opt/airflow/dags/isr_pipeline.py took 0.119 seconds
[2026-04-03T07:58:42.031+0000] {processor.py:161} INFO - Started process (PID=47207) to work on /opt/airflow/dags/isr_pipeline.py
[2026-04-03T07:58:42.032+0000] {processor.py:830} INFO - Processing file /opt/airflow/dags/isr_pipeline.py for tasks to queue
[2026-04-03T07:58:42.034+0000] {logging_mixin.py:188} INFO - [2026-04-03T07:58:42.033+0000] {dagbag.py:540} INFO - Filling up the DagBag from /opt/airflow/dags/isr_pipeline.py
[2026-04-03T07:58:42.054+0000] {processor.py:840} INFO - DAG(s) 'isr_pipeline' retrieved from /opt/airflow/dags/isr_pipeline.py
[2026-04-03T07:58:42.092+0000] {logging_mixin.py:188} INFO - [2026-04-03T07:58:42.092+0000] {dag.py:3096} INFO - Sync 1 DAGs
[2026-04-03T07:58:42.135+0000] {processor.py:183} INFO - Processing /opt/airflow/dags/isr_pipeline.py took 0.112 seconds
[2026-04-03T07:59:12.208+0000] {processor.py:161} INFO - Started process (PID=47212) to work on /opt/airflow/dags/isr_pipeline.py
[2026-04-03T07:59:12.209+0000] {processor.py:830} INFO - Processing file /opt/airflow/dags/isr_pipeline.py for tasks to queue
[2026-04-03T07:59:12.211+0000] {logging_mixin.py:188} INFO - [2026-04-03T07:59:12.210+0000] {dagbag.py:540} INFO - Filling up the DagBag from /opt/airflow/dags/isr_pipeline.py
[2026-04-03T07:59:12.230+0000] {processor.py:840} INFO - DAG(s) 'isr_pipeline' retrieved from /opt/airflow/dags/isr_pipeline.py
[2026-04-03T07:59:12.271+0000] {logging_mixin.py:188} INFO - [2026-04-03T07:59:12.271+0000] {dag.py:3096} INFO - Sync 1 DAGs
[2026-04-03T07:59:12.316+0000] {processor.py:183} INFO - Processing /opt/airflow/dags/isr_pipeline.py took 0.116 seconds
[2026-04-03T07:59:42.454+0000] {processor.py:161} INFO - Started process (PID=47217) to work on /opt/airflow/dags/isr_pipeline.py
[2026-04-03T07:59:42.456+0000] {processor.py:830} INFO - Processing file /opt/airflow/dags/isr_pipeline.py for tasks to queue
[2026-04-03T07:59:42.457+0000] {logging_mixin.py:188} INFO - [2026-04-03T07:59:42.457+0000] {dagbag.py:540} INFO - Filling up the DagBag from /opt/airflow/dags/isr_pipeline.py
[2026-04-03T07:59:42.479+0000] {processor.py:840} INFO - DAG(s) 'isr_pipeline' retrieved from /opt/airflow/dags/isr_pipeline.py
[2026-04-03T07:59:42.516+0000] {logging_mixin.py:188} INFO - [2026-04-03T07:59:42.515+0000] {dag.py:3096} INFO - Sync 1 DAGs
[2026-04-03T07:59:42.558+0000] {processor.py:183} INFO - Processing /opt/airflow/dags/isr_pipeline.py took 0.112 seconds
[2026-04-03T08:00:12.618+0000] {processor.py:161} INFO - Started process (PID=47222) to work on /opt/airflow/dags/isr_pipeline.py
[2026-04-03T08:00:12.619+0000] {processor.py:830} INFO - Processing file /opt/airflow/dags/isr_pipeline.py for tasks to queue
[2026-04-03T08:00:12.621+0000] {logging_mixin.py:188} INFO - [2026-04-03T08:00:12.620+0000] {dagbag.py:540} INFO - Filling up the DagBag from /opt/airflow/dags/isr_pipeline.py
[2026-04-03T08:00:12.640+0000] {processor.py:840} INFO - DAG(s) 'isr_pipeline' retrieved from /opt/airflow/dags/isr_pipeline.py
[2026-04-03T08:00:12.690+0000] {logging_mixin.py:188} INFO - [2026-04-03T08:00:12.690+0000] {dag.py:3096} INFO - Sync 1 DAGs
[2026-04-03T08:00:12.732+0000] {processor.py:183} INFO - Processing /opt/airflow/dags/isr_pipeline.py took 0.123 seconds
[2026-04-03T08:00:42.901+0000] {processor.py:161} INFO - Started process (PID=47227) to work on /opt/airflow/dags/isr_pipeline.py
[2026-04-03T08:00:42.903+0000] {processor.py:830} INFO - Processing file /opt/airflow/dags/isr_pipeline.py for tasks to queue
[2026-04-03T08:00:42.904+0000] {logging_mixin.py:188} INFO - [2026-04-03T08:00:42.904+0000] {dagbag.py:540} INFO - Filling up the DagBag from /opt/airflow/dags/isr_pipeline.py
[2026-04-03T08:00:42.922+0000] {processor.py:840} INFO - DAG(s) 'isr_pipeline' retrieved from /opt/airflow/dags/isr_pipeline.py
[2026-04-03T08:00:42.959+0000] {logging_mixin.py:188} INFO - [2026-04-03T08:00:42.959+0000] {dag.py:3096} INFO - Sync 1 DAGs
[2026-04-03T08:00:43.002+0000] {processor.py:183} INFO - Processing /opt/airflow/dags/isr_pipeline.py took 0.109 seconds
[2026-04-03T08:01:13.081+0000] {processor.py:161} INFO - Started process (PID=47232) to work on /opt/airflow/dags/isr_pipeline.py
[2026-04-03T08:01:13.082+0000] {processor.py:830} INFO - Processing file /opt/airflow/dags/isr_pipeline.py for tasks to queue
[2026-04-03T08:01:13.084+0000] {logging_mixin.py:188} INFO - [2026-04-03T08:01:13.084+0000] {dagbag.py:540} INFO - Filling up the DagBag from /opt/airflow/dags/isr_pipeline.py
[2026-04-03T08:01:13.107+0000] {processor.py:840} INFO - DAG(s) 'isr_pipeline' retrieved from /opt/airflow/dags/isr_pipeline.py
[2026-04-03T08:01:13.145+0000] {logging_mixin.py:188} INFO - [2026-04-03T08:01:13.145+0000] {dag.py:3096} INFO - Sync 1 DAGs
[2026-04-03T08:01:13.189+0000] {processor.py:183} INFO - Processing /opt/airflow/dags/isr_pipeline.py took 0.117 seconds
[2026-04-03T08:01:43.287+0000] {processor.py:161} INFO - Started process (PID=47237) to work on /opt/airflow/dags/isr_pipeline.py
[2026-04-03T08:01:43.289+0000] {processor.py:830} INFO - Processing file /opt/airflow/dags/isr_pipeline.py for tasks to queue
[2026-04-03T08:01:43.290+0000] {logging_mixin.py:188} INFO - [2026-04-03T08:01:43.290+0000] {dagbag.py:540} INFO - Filling up the DagBag from /opt/airflow/dags/isr_pipeline.py
[2026-04-03T08:01:43.308+0000] {processor.py:840} INFO - DAG(s) 'isr_pipeline' retrieved from /opt/airflow/dags/isr_pipeline.py
[2026-04-03T08:01:43.352+0000] {logging_mixin.py:188} INFO - [2026-04-03T08:01:43.351+0000] {dag.py:3096} INFO - Sync 1 DAGs
[2026-04-03T08:01:43.397+0000] {processor.py:183} INFO - Processing /opt/airflow/dags/isr_pipeline.py took 0.118 seconds
[2026-04-03T08:02:13.507+0000] {processor.py:161} INFO - Started process (PID=47242) to work on /opt/airflow/dags/isr_pipeline.py
[2026-04-03T08:02:13.508+0000] {processor.py:830} INFO - Processing file /opt/airflow/dags/isr_pipeline.py for tasks to queue
[2026-04-03T08:02:13.510+0000] {logging_mixin.py:188} INFO - [2026-04-03T08:02:13.509+0000] {dagbag.py:540} INFO - Filling up the DagBag from /opt/airflow/dags/isr_pipeline.py
[2026-04-03T08:02:13.529+0000] {processor.py:840} INFO - DAG(s) 'isr_pipeline' retrieved from /opt/airflow/dags/isr_pipeline.py
[2026-04-03T08:02:13.569+0000] {logging_mixin.py:188} INFO - [2026-04-03T08:02:13.568+0000] {dag.py:3096} INFO - Sync 1 DAGs
[2026-04-03T08:02:13.613+0000] {processor.py:183} INFO - Processing /opt/airflow/dags/isr_pipeline.py took 0.114 seconds
[2026-04-03T08:02:43.719+0000] {processor.py:161} INFO - Started process (PID=47247) to work on /opt/airflow/dags/isr_pipeline.py
[2026-04-03T08:02:43.720+0000] {processor.py:830} INFO - Processing file /opt/airflow/dags/isr_pipeline.py for tasks to queue
[2026-04-03T08:02:43.722+0000] {logging_mixin.py:188} INFO - [2026-04-03T08:02:43.721+0000] {dagbag.py:540} INFO - Filling up the DagBag from /opt/airflow/dags/isr_pipeline.py
[2026-04-03T08:02:43.740+0000] {processor.py:840} INFO - DAG(s) 'isr_pipeline' retrieved from /opt/airflow/dags/isr_pipeline.py
[2026-04-03T08:02:43.784+0000] {logging_mixin.py:188} INFO - [2026-04-03T08:02:43.784+0000] {dag.py:3096} INFO - Sync 1 DAGs
[2026-04-03T08:02:43.827+0000] {processor.py:183} INFO - Processing /opt/airflow/dags/isr_pipeline.py took 0.116 seconds
[2026-04-03T08:03:13.958+0000] {processor.py:161} INFO - Started process (PID=47252) to work on /opt/airflow/dags/isr_pipeline.py
[2026-04-03T08:03:13.959+0000] {processor.py:830} INFO - Processing file /opt/airflow/dags/isr_pipeline.py for tasks to queue
[2026-04-03T08:03:13.962+0000] {logging_mixin.py:188} INFO - [2026-04-03T08:03:13.961+0000] {dagbag.py:540} INFO - Filling up the DagBag from /opt/airflow/dags/isr_pipeline.py
[2026-04-03T08:03:13.983+0000] {processor.py:840} INFO - DAG(s) 'isr_pipeline' retrieved from /opt/airflow/dags/isr_pipeline.py
[2026-04-03T08:03:14.020+0000] {logging_mixin.py:188} INFO - [2026-04-03T08:03:14.020+0000] {dag.py:3096} INFO - Sync 1 DAGs
[2026-04-03T08:03:14.063+0000] {processor.py:183} INFO - Processing /opt/airflow/dags/isr_pipeline.py took 0.113 seconds
[2026-04-03T08:03:44.172+0000] {processor.py:161} INFO - Started process (PID=47257) to work on /opt/airflow/dags/isr_pipeline.py
[2026-04-03T08:03:44.173+0000] {processor.py:830} INFO - Processing file /opt/airflow/dags/isr_pipeline.py for tasks to queue
[2026-04-03T08:03:44.175+0000] {logging_mixin.py:188} INFO - [2026-04-03T08:03:44.174+0000] {dagbag.py:540} INFO - Filling up the DagBag from /opt/airflow/dags/isr_pipeline.py
[2026-04-03T08:03:44.200+0000] {processor.py:840} INFO - DAG(s) 'isr_pipeline' retrieved from /opt/airflow/dags/isr_pipeline.py
[2026-04-03T08:03:44.239+0000] {logging_mixin.py:188} INFO - [2026-04-03T08:03:44.238+0000] {dag.py:3096} INFO - Sync 1 DAGs
[2026-04-03T08:03:44.284+0000] {processor.py:183} INFO - Processing /opt/airflow/dags/isr_pipeline.py took 0.121 seconds
[2026-04-03T08:04:14.392+0000] {processor.py:161} INFO - Started process (PID=47262) to work on /opt/airflow/dags/isr_pipeline.py
[2026-04-03T08:04:14.398+0000] {processor.py:830} INFO - Processing file /opt/airflow/dags/isr_pipeline.py for tasks to queue
[2026-04-03T08:04:14.400+0000] {logging_mixin.py:188} INFO - [2026-04-03T08:04:14.399+0000] {dagbag.py:540} INFO - Filling up the DagBag from /opt/airflow/dags/isr_pipeline.py
[2026-04-03T08:04:14.422+0000] {processor.py:840} INFO - DAG(s) 'isr_pipeline' retrieved from /opt/airflow/dags/isr_pipeline.py
[2026-04-03T08:04:14.460+0000] {logging_mixin.py:188} INFO - [2026-04-03T08:04:14.459+0000] {dag.py:3096} INFO - Sync 1 DAGs
[2026-04-03T08:04:14.504+0000] {processor.py:183} INFO - Processing /opt/airflow/dags/isr_pipeline.py took 0.121 seconds
[2026-04-03T08:04:44.634+0000] {processor.py:161} INFO - Started process (PID=47267) to work on /opt/airflow/dags/isr_pipeline.py
[2026-04-03T08:04:44.636+0000] {processor.py:830} INFO - Processing file /opt/airflow/dags/isr_pipeline.py for tasks to queue
[2026-04-03T08:04:44.637+0000] {logging_mixin.py:188} INFO - [2026-04-03T08:04:44.637+0000] {dagbag.py:540} INFO - Filling up the DagBag from /opt/airflow/dags/isr_pipeline.py
[2026-04-03T08:04:44.655+0000] {processor.py:840} INFO - DAG(s) 'isr_pipeline' retrieved from /opt/airflow/dags/isr_pipeline.py
[2026-04-03T08:04:44.692+0000] {logging_mixin.py:188} INFO - [2026-04-03T08:04:44.692+0000] {dag.py:3096} INFO - Sync 1 DAGs
[2026-04-03T08:04:44.733+0000] {processor.py:183} INFO - Processing /opt/airflow/dags/isr_pipeline.py took 0.107 seconds
[2026-04-03T08:05:14.837+0000] {processor.py:161} INFO - Started process (PID=47272) to work on /opt/airflow/dags/isr_pipeline.py
[2026-04-03T08:05:14.839+0000] {processor.py:830} INFO - Processing file /opt/airflow/dags/isr_pipeline.py for tasks to queue
[2026-04-03T08:05:14.840+0000] {logging_mixin.py:188} INFO - [2026-04-03T08:05:14.840+0000] {dagbag.py:540} INFO - Filling up the DagBag from /opt/airflow/dags/isr_pipeline.py
[2026-04-03T08:05:14.858+0000] {processor.py:840} INFO - DAG(s) 'isr_pipeline' retrieved from /opt/airflow/dags/isr_pipeline.py
[2026-04-03T08:05:14.900+0000] {logging_mixin.py:188} INFO - [2026-04-03T08:05:14.900+0000] {dag.py:3096} INFO - Sync 1 DAGs
[2026-04-03T08:05:14.942+0000] {processor.py:183} INFO - Processing /opt/airflow/dags/isr_pipeline.py took 0.113 seconds
[2026-04-03T08:05:45.067+0000] {processor.py:161} INFO - Started process (PID=47277) to work on /opt/airflow/dags/isr_pipeline.py
[2026-04-03T08:05:45.068+0000] {processor.py:830} INFO - Processing file /opt/airflow/dags/isr_pipeline.py for tasks to queue
[2026-04-03T08:05:45.070+0000] {logging_mixin.py:188} INFO - [2026-04-03T08:05:45.069+0000] {dagbag.py:540} INFO - Filling up the DagBag from /opt/airflow/dags/isr_pipeline.py
[2026-04-03T08:05:45.088+0000] {processor.py:840} INFO - DAG(s) 'isr_pipeline' retrieved from /opt/airflow/dags/isr_pipeline.py
[2026-04-03T08:05:45.127+0000] {logging_mixin.py:188} INFO - [2026-04-03T08:05:45.126+0000] {dag.py:3096} INFO - Sync 1 DAGs
[2026-04-03T08:05:45.173+0000] {processor.py:183} INFO - Processing /opt/airflow/dags/isr_pipeline.py took 0.114 seconds
[2026-04-03T08:06:15.342+0000] {processor.py:161} INFO - Started process (PID=47282) to work on /opt/airflow/dags/isr_pipeline.py
[2026-04-03T08:06:15.343+0000] {processor.py:830} INFO - Processing file /opt/airflow/dags/isr_pipeline.py for tasks to queue
[2026-04-03T08:06:15.344+0000] {logging_mixin.py:188} INFO - [2026-04-03T08:06:15.344+0000] {dagbag.py:540} INFO - Filling up the DagBag from /opt/airflow/dags/isr_pipeline.py
[2026-04-03T08:06:15.362+0000] {processor.py:840} INFO - DAG(s) 'isr_pipeline' retrieved from /opt/airflow/dags/isr_pipeline.py
[2026-04-03T08:06:15.400+0000] {logging_mixin.py:188} INFO - [2026-04-03T08:06:15.399+0000] {dag.py:3096} INFO - Sync 1 DAGs
[2026-04-03T08:06:15.443+0000] {processor.py:183} INFO - Processing /opt/airflow/dags/isr_pipeline.py took 0.109 seconds
[2026-04-03T08:06:45.644+0000] {processor.py:161} INFO - Started process (PID=47287) to work on /opt/airflow/dags/isr_pipeline.py
[2026-04-03T08:06:45.645+0000] {processor.py:830} INFO - Processing file /opt/airflow/dags/isr_pipeline.py for tasks to queue
[2026-04-03T08:06:45.647+0000] {logging_mixin.py:188} INFO - [2026-04-03T08:06:45.646+0000] {dagbag.py:540} INFO - Filling up the DagBag from /opt/airflow/dags/isr_pipeline.py
[2026-04-03T08:06:45.665+0000] {processor.py:840} INFO - DAG(s) 'isr_pipeline' retrieved from /opt/airflow/dags/isr_pipeline.py
[2026-04-03T08:06:45.702+0000] {logging_mixin.py:188} INFO - [2026-04-03T08:06:45.702+0000] {dag.py:3096} INFO - Sync 1 DAGs
[2026-04-03T08:06:45.745+0000] {processor.py:183} INFO - Processing /opt/airflow/dags/isr_pipeline.py took 0.109 seconds
[2026-04-03T08:07:15.840+0000] {processor.py:161} INFO - Started process (PID=47292) to work on /opt/airflow/dags/isr_pipeline.py
[2026-04-03T08:07:15.842+0000] {processor.py:830} INFO - Processing file /opt/airflow/dags/isr_pipeline.py for tasks to queue
[2026-04-03T08:07:15.843+0000] {logging_mixin.py:188} INFO - [2026-04-03T08:07:15.843+0000] {dagbag.py:540} INFO - Filling up the DagBag from /opt/airflow/dags/isr_pipeline.py
[2026-04-03T08:07:15.861+0000] {processor.py:840} INFO - DAG(s) 'isr_pipeline' retrieved from /opt/airflow/dags/isr_pipeline.py
[2026-04-03T08:07:15.900+0000] {logging_mixin.py:188} INFO - [2026-04-03T08:07:15.899+0000] {dag.py:3096} INFO - Sync 1 DAGs
[2026-04-03T08:07:15.944+0000] {processor.py:183} INFO - Processing /opt/airflow/dags/isr_pipeline.py took 0.112 seconds
[2026-04-03T08:07:46.095+0000] {processor.py:161} INFO - Started process (PID=47297) to work on /opt/airflow/dags/isr_pipeline.py
[2026-04-03T08:07:46.096+0000] {processor.py:830} INFO - Processing file /opt/airflow/dags/isr_pipeline.py for tasks to queue
[2026-04-03T08:07:46.097+0000] {logging_mixin.py:188} INFO - [2026-04-03T08:07:46.097+0000] {dagbag.py:540} INFO - Filling up the DagBag from /opt/airflow/dags/isr_pipeline.py
[2026-04-03T08:07:46.119+0000] {processor.py:840} INFO - DAG(s) 'isr_pipeline' retrieved from /opt/airflow/dags/isr_pipeline.py
[2026-04-03T08:07:46.160+0000] {logging_mixin.py:188} INFO - [2026-04-03T08:07:46.159+0000] {dag.py:3096} INFO - Sync 1 DAGs
[2026-04-03T08:07:46.212+0000] {processor.py:183} INFO - Processing /opt/airflow/dags/isr_pipeline.py took 0.126 seconds
[2026-04-03T08:08:16.581+0000] {processor.py:161} INFO - Started process (PID=47302) to work on /opt/airflow/dags/isr_pipeline.py
[2026-04-03T08:08:16.583+0000] {processor.py:830} INFO - Processing file /opt/airflow/dags/isr_pipeline.py for tasks to queue
[2026-04-03T08:08:16.585+0000] {logging_mixin.py:188} INFO - [2026-04-03T08:08:16.584+0000] {dagbag.py:540} INFO - Filling up the DagBag from /opt/airflow/dags/isr_pipeline.py
[2026-04-03T08:08:16.609+0000] {processor.py:840} INFO - DAG(s) 'isr_pipeline' retrieved from /opt/airflow/dags/isr_pipeline.py
[2026-04-03T08:08:16.654+0000] {logging_mixin.py:188} INFO - [2026-04-03T08:08:16.653+0000] {dag.py:3096} INFO - Sync 1 DAGs
[2026-04-03T08:08:16.702+0000] {processor.py:183} INFO - Processing /opt/airflow/dags/isr_pipeline.py took 0.130 seconds
[2026-04-03T08:08:46.788+0000] {processor.py:161} INFO - Started process (PID=47307) to work on /opt/airflow/dags/isr_pipeline.py
[2026-04-03T08:08:46.789+0000] {processor.py:830} INFO - Processing file /opt/airflow/dags/isr_pipeline.py for tasks to queue
[2026-04-03T08:08:46.791+0000] {logging_mixin.py:188} INFO - [2026-04-03T08:08:46.790+0000] {dagbag.py:540} INFO - Filling up the DagBag from /opt/airflow/dags/isr_pipeline.py
[2026-04-03T08:08:46.810+0000] {processor.py:840} INFO - DAG(s) 'isr_pipeline' retrieved from /opt/airflow/dags/isr_pipeline.py
[2026-04-03T08:08:46.852+0000] {logging_mixin.py:188} INFO - [2026-04-03T08:08:46.851+0000] {dag.py:3096} INFO - Sync 1 DAGs
[2026-04-03T08:08:46.897+0000] {processor.py:183} INFO - Processing /opt/airflow/dags/isr_pipeline.py took 0.118 seconds
[2026-04-03T08:09:17.072+0000] {processor.py:161} INFO - Started process (PID=47312) to work on /opt/airflow/dags/isr_pipeline.py
[2026-04-03T08:09:17.074+0000] {processor.py:830} INFO - Processing file /opt/airflow/dags/isr_pipeline.py for tasks to queue
[2026-04-03T08:09:17.075+0000] {logging_mixin.py:188} INFO - [2026-04-03T08:09:17.075+0000] {dagbag.py:540} INFO - Filling up the DagBag from /opt/airflow/dags/isr_pipeline.py
[2026-04-03T08:09:17.094+0000] {processor.py:840} INFO - DAG(s) 'isr_pipeline' retrieved from /opt/airflow/dags/isr_pipeline.py
[2026-04-03T08:09:17.132+0000] {logging_mixin.py:188} INFO - [2026-04-03T08:09:17.132+0000] {dag.py:3096} INFO - Sync 1 DAGs
[2026-04-03T08:09:17.178+0000] {processor.py:183} INFO - Processing /opt/airflow/dags/isr_pipeline.py took 0.113 seconds
[2026-04-03T08:09:47.360+0000] {processor.py:161} INFO - Started process (PID=47317) to work on /opt/airflow/dags/isr_pipeline.py
[2026-04-03T08:09:47.362+0000] {processor.py:830} INFO - Processing file /opt/airflow/dags/isr_pipeline.py for tasks to queue
[2026-04-03T08:09:47.364+0000] {logging_mixin.py:188} INFO - [2026-04-03T08:09:47.364+0000] {dagbag.py:540} INFO - Filling up the DagBag from /opt/airflow/dags/isr_pipeline.py
[2026-04-03T08:09:47.384+0000] {processor.py:840} INFO - DAG(s) 'isr_pipeline' retrieved from /opt/airflow/dags/isr_pipeline.py
[2026-04-03T08:09:47.423+0000] {logging_mixin.py:188} INFO - [2026-04-03T08:09:47.423+0000] {dag.py:3096} INFO - Sync 1 DAGs
[2026-04-03T08:09:47.639+0000] {processor.py:183} INFO - Processing /opt/airflow/dags/isr_pipeline.py took 0.288 seconds
[2026-04-03T08:10:17.826+0000] {processor.py:161} INFO - Started process (PID=47322) to work on /opt/airflow/dags/isr_pipeline.py
[2026-04-03T08:10:17.828+0000] {processor.py:830} INFO - Processing file /opt/airflow/dags/isr_pipeline.py for tasks to queue
[2026-04-03T08:10:17.829+0000] {logging_mixin.py:188} INFO - [2026-04-03T08:10:17.829+0000] {dagbag.py:540} INFO - Filling up the DagBag from /opt/airflow/dags/isr_pipeline.py
[2026-04-03T08:10:17.849+0000] {processor.py:840} INFO - DAG(s) 'isr_pipeline' retrieved from /opt/airflow/dags/isr_pipeline.py
[2026-04-03T08:10:17.891+0000] {logging_mixin.py:188} INFO - [2026-04-03T08:10:17.891+0000] {dag.py:3096} INFO - Sync 1 DAGs
[2026-04-03T08:10:17.937+0000] {processor.py:183} INFO - Processing /opt/airflow/dags/isr_pipeline.py took 0.121 seconds
[2026-04-03T08:10:48.000+0000] {processor.py:161} INFO - Started process (PID=47327) to work on /opt/airflow/dags/isr_pipeline.py
[2026-04-03T08:10:48.001+0000] {processor.py:830} INFO - Processing file /opt/airflow/dags/isr_pipeline.py for tasks to queue
[2026-04-03T08:10:48.003+0000] {logging_mixin.py:188} INFO - [2026-04-03T08:10:48.002+0000] {dagbag.py:540} INFO - Filling up the DagBag from /opt/airflow/dags/isr_pipeline.py
[2026-04-03T08:10:48.021+0000] {processor.py:840} INFO - DAG(s) 'isr_pipeline' retrieved from /opt/airflow/dags/isr_pipeline.py
[2026-04-03T08:10:48.060+0000] {logging_mixin.py:188} INFO - [2026-04-03T08:10:48.060+0000] {dag.py:3096} INFO - Sync 1 DAGs
[2026-04-03T08:10:48.104+0000] {processor.py:183} INFO - Processing /opt/airflow/dags/isr_pipeline.py took 0.114 seconds
[2026-04-03T08:11:18.215+0000] {processor.py:161} INFO - Started process (PID=47332) to work on /opt/airflow/dags/isr_pipeline.py
[2026-04-03T08:11:18.216+0000] {processor.py:830} INFO - Processing file /opt/airflow/dags/isr_pipeline.py for tasks to queue
[2026-04-03T08:11:18.218+0000] {logging_mixin.py:188} INFO - [2026-04-03T08:11:18.217+0000] {dagbag.py:540} INFO - Filling up the DagBag from /opt/airflow/dags/isr_pipeline.py
[2026-04-03T08:11:18.237+0000] {processor.py:840} INFO - DAG(s) 'isr_pipeline' retrieved from /opt/airflow/dags/isr_pipeline.py
[2026-04-03T08:11:18.277+0000] {logging_mixin.py:188} INFO - [2026-04-03T08:11:18.276+0000] {dag.py:3096} INFO - Sync 1 DAGs
[2026-04-03T08:11:18.323+0000] {processor.py:183} INFO - Processing /opt/airflow/dags/isr_pipeline.py took 0.117 seconds
[2026-04-03T08:11:48.454+0000] {processor.py:161} INFO - Started process (PID=47337) to work on /opt/airflow/dags/isr_pipeline.py
[2026-04-03T08:11:48.455+0000] {processor.py:830} INFO - Processing file /opt/airflow/dags/isr_pipeline.py for tasks to queue
[2026-04-03T08:11:48.457+0000] {logging_mixin.py:188} INFO - [2026-04-03T08:11:48.457+0000] {dagbag.py:540} INFO - Filling up the DagBag from /opt/airflow/dags/isr_pipeline.py
[2026-04-03T08:11:48.475+0000] {processor.py:840} INFO - DAG(s) 'isr_pipeline' retrieved from /opt/airflow/dags/isr_pipeline.py
[2026-04-03T08:11:48.513+0000] {logging_mixin.py:188} INFO - [2026-04-03T08:11:48.512+0000] {dag.py:3096} INFO - Sync 1 DAGs
[2026-04-03T08:11:48.557+0000] {processor.py:183} INFO - Processing /opt/airflow/dags/isr_pipeline.py took 0.112 seconds
[2026-04-03T08:12:18.697+0000] {processor.py:161} INFO - Started process (PID=47342) to work on /opt/airflow/dags/isr_pipeline.py
[2026-04-03T08:12:18.699+0000] {processor.py:830} INFO - Processing file /opt/airflow/dags/isr_pipeline.py for tasks to queue
[2026-04-03T08:12:18.700+0000] {logging_mixin.py:188} INFO - [2026-04-03T08:12:18.700+0000] {dagbag.py:540} INFO - Filling up the DagBag from /opt/airflow/dags/isr_pipeline.py
[2026-04-03T08:12:18.717+0000] {processor.py:840} INFO - DAG(s) 'isr_pipeline' retrieved from /opt/airflow/dags/isr_pipeline.py
[2026-04-03T08:12:18.756+0000] {logging_mixin.py:188} INFO - [2026-04-03T08:12:18.756+0000] {dag.py:3096} INFO - Sync 1 DAGs
[2026-04-03T08:12:18.799+0000] {processor.py:183} INFO - Processing /opt/airflow/dags/isr_pipeline.py took 0.110 seconds
[2026-04-03T08:12:48.904+0000] {processor.py:161} INFO - Started process (PID=47347) to work on /opt/airflow/dags/isr_pipeline.py
[2026-04-03T08:12:48.906+0000] {processor.py:830} INFO - Processing file /opt/airflow/dags/isr_pipeline.py for tasks to queue
[2026-04-03T08:12:48.907+0000] {logging_mixin.py:188} INFO - [2026-04-03T08:12:48.907+0000] {dagbag.py:540} INFO - Filling up the DagBag from /opt/airflow/dags/isr_pipeline.py
[2026-04-03T08:12:48.925+0000] {processor.py:840} INFO - DAG(s) 'isr_pipeline' retrieved from /opt/airflow/dags/isr_pipeline.py
[2026-04-03T08:12:48.963+0000] {logging_mixin.py:188} INFO - [2026-04-03T08:12:48.963+0000] {dag.py:3096} INFO - Sync 1 DAGs
[2026-04-03T08:12:49.009+0000] {processor.py:183} INFO - Processing /opt/airflow/dags/isr_pipeline.py took 0.113 seconds
[2026-04-03T08:13:19.152+0000] {processor.py:161} INFO - Started process (PID=47352) to work on /opt/airflow/dags/isr_pipeline.py
[2026-04-03T08:13:19.153+0000] {processor.py:830} INFO - Processing file /opt/airflow/dags/isr_pipeline.py for tasks to queue
[2026-04-03T08:13:19.155+0000] {logging_mixin.py:188} INFO - [2026-04-03T08:13:19.154+0000] {dagbag.py:540} INFO - Filling up the DagBag from /opt/airflow/dags/isr_pipeline.py
[2026-04-03T08:13:19.173+0000] {processor.py:840} INFO - DAG(s) 'isr_pipeline' retrieved from /opt/airflow/dags/isr_pipeline.py
[2026-04-03T08:13:19.212+0000] {logging_mixin.py:188} INFO - [2026-04-03T08:13:19.212+0000] {dag.py:3096} INFO - Sync 1 DAGs
[2026-04-03T08:13:19.263+0000] {processor.py:183} INFO - Processing /opt/airflow/dags/isr_pipeline.py took 0.120 seconds
[2026-04-03T08:13:49.347+0000] {processor.py:161} INFO - Started process (PID=47357) to work on /opt/airflow/dags/isr_pipeline.py
[2026-04-03T08:13:49.348+0000] {processor.py:830} INFO - Processing file /opt/airflow/dags/isr_pipeline.py for tasks to queue
[2026-04-03T08:13:49.350+0000] {logging_mixin.py:188} INFO - [2026-04-03T08:13:49.349+0000] {dagbag.py:540} INFO - Filling up the DagBag from /opt/airflow/dags/isr_pipeline.py
[2026-04-03T08:13:49.373+0000] {processor.py:840} INFO - DAG(s) 'isr_pipeline' retrieved from /opt/airflow/dags/isr_pipeline.py
[2026-04-03T08:13:49.412+0000] {logging_mixin.py:188} INFO - [2026-04-03T08:13:49.412+0000] {dag.py:3096} INFO - Sync 1 DAGs
[2026-04-03T08:13:49.455+0000] {processor.py:183} INFO - Processing /opt/airflow/dags/isr_pipeline.py took 0.117 seconds
[2026-04-03T08:14:19.597+0000] {processor.py:161} INFO - Started process (PID=47362) to work on /opt/airflow/dags/isr_pipeline.py
[2026-04-03T08:14:19.598+0000] {processor.py:830} INFO - Processing file /opt/airflow/dags/isr_pipeline.py for tasks to queue
[2026-04-03T08:14:19.600+0000] {logging_mixin.py:188} INFO - [2026-04-03T08:14:19.599+0000] {dagbag.py:540} INFO - Filling up the DagBag from /opt/airflow/dags/isr_pipeline.py
[2026-04-03T08:14:19.618+0000] {processor.py:840} INFO - DAG(s) 'isr_pipeline' retrieved from /opt/airflow/dags/isr_pipeline.py
[2026-04-03T08:14:19.658+0000] {logging_mixin.py:188} INFO - [2026-04-03T08:14:19.657+0000] {dag.py:3096} INFO - Sync 1 DAGs
[2026-04-03T08:14:19.700+0000] {processor.py:183} INFO - Processing /opt/airflow/dags/isr_pipeline.py took 0.112 seconds
[2026-04-03T08:14:49.813+0000] {processor.py:161} INFO - Started process (PID=47367) to work on /opt/airflow/dags/isr_pipeline.py
[2026-04-03T08:14:49.814+0000] {processor.py:830} INFO - Processing file /opt/airflow/dags/isr_pipeline.py for tasks to queue
[2026-04-03T08:14:49.816+0000] {logging_mixin.py:188} INFO - [2026-04-03T08:14:49.815+0000] {dagbag.py:540} INFO - Filling up the DagBag from /opt/airflow/dags/isr_pipeline.py
[2026-04-03T08:14:49.835+0000] {processor.py:840} INFO - DAG(s) 'isr_pipeline' retrieved from /opt/airflow/dags/isr_pipeline.py
[2026-04-03T08:14:49.872+0000] {logging_mixin.py:188} INFO - [2026-04-03T08:14:49.872+0000] {dag.py:3096} INFO - Sync 1 DAGs
[2026-04-03T08:14:49.916+0000] {processor.py:183} INFO - Processing /opt/airflow/dags/isr_pipeline.py took 0.112 seconds
[2026-04-03T08:15:20.013+0000] {processor.py:161} INFO - Started process (PID=47372) to work on /opt/airflow/dags/isr_pipeline.py
[2026-04-03T08:15:20.014+0000] {processor.py:830} INFO - Processing file /opt/airflow/dags/isr_pipeline.py for tasks to queue
[2026-04-03T08:15:20.016+0000] {logging_mixin.py:188} INFO - [2026-04-03T08:15:20.016+0000] {dagbag.py:540} INFO - Filling up the DagBag from /opt/airflow/dags/isr_pipeline.py
[2026-04-03T08:15:20.034+0000] {processor.py:840} INFO - DAG(s) 'isr_pipeline' retrieved from /opt/airflow/dags/isr_pipeline.py
[2026-04-03T08:15:20.074+0000] {logging_mixin.py:188} INFO - [2026-04-03T08:15:20.073+0000] {dag.py:3096} INFO - Sync 1 DAGs
[2026-04-03T08:15:20.119+0000] {processor.py:183} INFO - Processing /opt/airflow/dags/isr_pipeline.py took 0.116 seconds
[2026-04-03T08:15:50.301+0000] {processor.py:161} INFO - Started process (PID=47377) to work on /opt/airflow/dags/isr_pipeline.py
[2026-04-03T08:15:50.303+0000] {processor.py:830} INFO - Processing file /opt/airflow/dags/isr_pipeline.py for tasks to queue
[2026-04-03T08:15:50.304+0000] {logging_mixin.py:188} INFO - [2026-04-03T08:15:50.304+0000] {dagbag.py:540} INFO - Filling up the DagBag from /opt/airflow/dags/isr_pipeline.py
[2026-04-03T08:15:50.322+0000] {processor.py:840} INFO - DAG(s) 'isr_pipeline' retrieved from /opt/airflow/dags/isr_pipeline.py
[2026-04-03T08:15:50.361+0000] {logging_mixin.py:188} INFO - [2026-04-03T08:15:50.361+0000] {dag.py:3096} INFO - Sync 1 DAGs
[2026-04-03T08:15:50.577+0000] {processor.py:183} INFO - Processing /opt/airflow/dags/isr_pipeline.py took 0.283 seconds
[2026-04-03T08:16:20.762+0000] {processor.py:161} INFO - Started process (PID=47382) to work on /opt/airflow/dags/isr_pipeline.py
[2026-04-03T08:16:20.764+0000] {processor.py:830} INFO - Processing file /opt/airflow/dags/isr_pipeline.py for tasks to queue
[2026-04-03T08:16:20.766+0000] {logging_mixin.py:188} INFO - [2026-04-03T08:16:20.765+0000] {dagbag.py:540} INFO - Filling up the DagBag from /opt/airflow/dags/isr_pipeline.py
[2026-04-03T08:16:20.784+0000] {processor.py:840} INFO - DAG(s) 'isr_pipeline' retrieved from /opt/airflow/dags/isr_pipeline.py
[2026-04-03T08:16:20.824+0000] {logging_mixin.py:188} INFO - [2026-04-03T08:16:20.824+0000] {dag.py:3096} INFO - Sync 1 DAGs
[2026-04-03T08:16:20.870+0000] {processor.py:183} INFO - Processing /opt/airflow/dags/isr_pipeline.py took 0.117 seconds
[2026-04-03T08:16:50.926+0000] {processor.py:161} INFO - Started process (PID=47387) to work on /opt/airflow/dags/isr_pipeline.py
[2026-04-03T08:16:50.928+0000] {processor.py:830} INFO - Processing file /opt/airflow/dags/isr_pipeline.py for tasks to queue
[2026-04-03T08:16:50.929+0000] {logging_mixin.py:188} INFO - [2026-04-03T08:16:50.929+0000] {dagbag.py:540} INFO - Filling up the DagBag from /opt/airflow/dags/isr_pipeline.py
[2026-04-03T08:16:50.949+0000] {processor.py:840} INFO - DAG(s) 'isr_pipeline' retrieved from /opt/airflow/dags/isr_pipeline.py
[2026-04-03T08:16:50.988+0000] {logging_mixin.py:188} INFO - [2026-04-03T08:16:50.988+0000] {dag.py:3096} INFO - Sync 1 DAGs
[2026-04-03T08:16:51.035+0000] {processor.py:183} INFO - Processing /opt/airflow/dags/isr_pipeline.py took 0.118 seconds
[2026-04-03T08:17:21.081+0000] {processor.py:161} INFO - Started process (PID=47392) to work on /opt/airflow/dags/isr_pipeline.py
[2026-04-03T08:17:21.082+0000] {processor.py:830} INFO - Processing file /opt/airflow/dags/isr_pipeline.py for tasks to queue
[2026-04-03T08:17:21.084+0000] {logging_mixin.py:188} INFO - [2026-04-03T08:17:21.084+0000] {dagbag.py:540} INFO - Filling up the DagBag from /opt/airflow/dags/isr_pipeline.py
[2026-04-03T08:17:21.103+0000] {processor.py:840} INFO - DAG(s) 'isr_pipeline' retrieved from /opt/airflow/dags/isr_pipeline.py
[2026-04-03T08:17:21.142+0000] {logging_mixin.py:188} INFO - [2026-04-03T08:17:21.141+0000] {dag.py:3096} INFO - Sync 1 DAGs
[2026-04-03T08:17:21.186+0000] {processor.py:183} INFO - Processing /opt/airflow/dags/isr_pipeline.py took 0.114 seconds
[2026-04-03T08:17:51.259+0000] {processor.py:161} INFO - Started process (PID=47397) to work on /opt/airflow/dags/isr_pipeline.py
[2026-04-03T08:17:51.260+0000] {processor.py:830} INFO - Processing file /opt/airflow/dags/isr_pipeline.py for tasks to queue
[2026-04-03T08:17:51.262+0000] {logging_mixin.py:188} INFO - [2026-04-03T08:17:51.261+0000] {dagbag.py:540} INFO - Filling up the DagBag from /opt/airflow/dags/isr_pipeline.py
[2026-04-03T08:17:51.280+0000] {processor.py:840} INFO - DAG(s) 'isr_pipeline' retrieved from /opt/airflow/dags/isr_pipeline.py
[2026-04-03T08:17:51.319+0000] {logging_mixin.py:188} INFO - [2026-04-03T08:17:51.319+0000] {dag.py:3096} INFO - Sync 1 DAGs
[2026-04-03T08:17:51.364+0000] {processor.py:183} INFO - Processing /opt/airflow/dags/isr_pipeline.py took 0.113 seconds
[2026-04-03T08:18:21.527+0000] {processor.py:161} INFO - Started process (PID=47402) to work on /opt/airflow/dags/isr_pipeline.py
[2026-04-03T08:18:21.529+0000] {processor.py:830} INFO - Processing file /opt/airflow/dags/isr_pipeline.py for tasks to queue
[2026-04-03T08:18:21.531+0000] {logging_mixin.py:188} INFO - [2026-04-03T08:18:21.530+0000] {dagbag.py:540} INFO - Filling up the DagBag from /opt/airflow/dags/isr_pipeline.py
[2026-04-03T08:18:21.551+0000] {processor.py:840} INFO - DAG(s) 'isr_pipeline' retrieved from /opt/airflow/dags/isr_pipeline.py
[2026-04-03T08:18:21.588+0000] {logging_mixin.py:188} INFO - [2026-04-03T08:18:21.588+0000] {dag.py:3096} INFO - Sync 1 DAGs
[2026-04-03T08:18:21.633+0000] {processor.py:183} INFO - Processing /opt/airflow/dags/isr_pipeline.py took 0.114 seconds
[2026-04-03T08:18:51.720+0000] {processor.py:161} INFO - Started process (PID=47407) to work on /opt/airflow/dags/isr_pipeline.py
[2026-04-03T08:18:51.721+0000] {processor.py:830} INFO - Processing file /opt/airflow/dags/isr_pipeline.py for tasks to queue
[2026-04-03T08:18:51.723+0000] {logging_mixin.py:188} INFO - [2026-04-03T08:18:51.722+0000] {dagbag.py:540} INFO - Filling up the DagBag from /opt/airflow/dags/isr_pipeline.py
[2026-04-03T08:18:51.740+0000] {processor.py:840} INFO - DAG(s) 'isr_pipeline' retrieved from /opt/airflow/dags/isr_pipeline.py
[2026-04-03T08:18:51.779+0000] {logging_mixin.py:188} INFO - [2026-04-03T08:18:51.779+0000] {dag.py:3096} INFO - Sync 1 DAGs
[2026-04-03T08:18:51.823+0000] {processor.py:183} INFO - Processing /opt/airflow/dags/isr_pipeline.py took 0.110 seconds
[2026-04-03T08:19:21.958+0000] {processor.py:161} INFO - Started process (PID=47412) to work on /opt/airflow/dags/isr_pipeline.py
[2026-04-03T08:19:21.959+0000] {processor.py:830} INFO - Processing file /opt/airflow/dags/isr_pipeline.py for tasks to queue
[2026-04-03T08:19:21.960+0000] {logging_mixin.py:188} INFO - [2026-04-03T08:19:21.960+0000] {dagbag.py:540} INFO - Filling up the DagBag from /opt/airflow/dags/isr_pipeline.py
[2026-04-03T08:19:21.978+0000] {processor.py:840} INFO - DAG(s) 'isr_pipeline' retrieved from /opt/airflow/dags/isr_pipeline.py
[2026-04-03T08:19:22.016+0000] {logging_mixin.py:188} INFO - [2026-04-03T08:19:22.016+0000] {dag.py:3096} INFO - Sync 1 DAGs
[2026-04-03T08:19:22.060+0000] {processor.py:183} INFO - Processing /opt/airflow/dags/isr_pipeline.py took 0.111 seconds
[2026-04-03T08:19:52.149+0000] {processor.py:161} INFO - Started process (PID=47417) to work on /opt/airflow/dags/isr_pipeline.py
[2026-04-03T08:19:52.151+0000] {processor.py:830} INFO - Processing file /opt/airflow/dags/isr_pipeline.py for tasks to queue
[2026-04-03T08:19:52.152+0000] {logging_mixin.py:188} INFO - [2026-04-03T08:19:52.152+0000] {dagbag.py:540} INFO - Filling up the DagBag from /opt/airflow/dags/isr_pipeline.py
[2026-04-03T08:19:52.170+0000] {processor.py:840} INFO - DAG(s) 'isr_pipeline' retrieved from /opt/airflow/dags/isr_pipeline.py
[2026-04-03T08:19:52.222+0000] {logging_mixin.py:188} INFO - [2026-04-03T08:19:52.221+0000] {dag.py:3096} INFO - Sync 1 DAGs
[2026-04-03T08:19:52.266+0000] {processor.py:183} INFO - Processing /opt/airflow/dags/isr_pipeline.py took 0.124 seconds
[2026-04-03T08:20:22.370+0000] {processor.py:161} INFO - Started process (PID=47422) to work on /opt/airflow/dags/isr_pipeline.py
[2026-04-03T08:20:22.373+0000] {processor.py:830} INFO - Processing file /opt/airflow/dags/isr_pipeline.py for tasks to queue
[2026-04-03T08:20:22.374+0000] {logging_mixin.py:188} INFO - [2026-04-03T08:20:22.374+0000] {dagbag.py:540} INFO - Filling up the DagBag from /opt/airflow/dags/isr_pipeline.py
[2026-04-03T08:20:22.393+0000] {processor.py:840} INFO - DAG(s) 'isr_pipeline' retrieved from /opt/airflow/dags/isr_pipeline.py
[2026-04-03T08:20:22.430+0000] {logging_mixin.py:188} INFO - [2026-04-03T08:20:22.430+0000] {dag.py:3096} INFO - Sync 1 DAGs
[2026-04-03T08:20:22.468+0000] {processor.py:183} INFO - Processing /opt/airflow/dags/isr_pipeline.py took 0.107 seconds
[2026-04-03T08:20:52.533+0000] {processor.py:161} INFO - Started process (PID=47427) to work on /opt/airflow/dags/isr_pipeline.py
[2026-04-03T08:20:52.536+0000] {processor.py:830} INFO - Processing file /opt/airflow/dags/isr_pipeline.py for tasks to queue
[2026-04-03T08:20:52.538+0000] {logging_mixin.py:188} INFO - [2026-04-03T08:20:52.538+0000] {dagbag.py:540} INFO - Filling up the DagBag from /opt/airflow/dags/isr_pipeline.py
[2026-04-03T08:20:52.556+0000] {processor.py:840} INFO - DAG(s) 'isr_pipeline' retrieved from /opt/airflow/dags/isr_pipeline.py
[2026-04-03T08:20:52.596+0000] {logging_mixin.py:188} INFO - [2026-04-03T08:20:52.596+0000] {dag.py:3096} INFO - Sync 1 DAGs
[2026-04-03T08:20:52.645+0000] {processor.py:183} INFO - Processing /opt/airflow/dags/isr_pipeline.py took 0.120 seconds
[2026-04-03T08:21:22.768+0000] {processor.py:161} INFO - Started process (PID=47432) to work on /opt/airflow/dags/isr_pipeline.py
[2026-04-03T08:21:22.769+0000] {processor.py:830} INFO - Processing file /opt/airflow/dags/isr_pipeline.py for tasks to queue
[2026-04-03T08:21:22.771+0000] {logging_mixin.py:188} INFO - [2026-04-03T08:21:22.771+0000] {dagbag.py:540} INFO - Filling up the DagBag from /opt/airflow/dags/isr_pipeline.py
[2026-04-03T08:21:22.789+0000] {processor.py:840} INFO - DAG(s) 'isr_pipeline' retrieved from /opt/airflow/dags/isr_pipeline.py
[2026-04-03T08:21:22.828+0000] {logging_mixin.py:188} INFO - [2026-04-03T08:21:22.827+0000] {dag.py:3096} INFO - Sync 1 DAGs
[2026-04-03T08:21:23.044+0000] {processor.py:183} INFO - Processing /opt/airflow/dags/isr_pipeline.py took 0.285 seconds
[2026-04-03T08:21:53.221+0000] {processor.py:161} INFO - Started process (PID=47437) to work on /opt/airflow/dags/isr_pipeline.py
[2026-04-03T08:21:53.224+0000] {processor.py:830} INFO - Processing file /opt/airflow/dags/isr_pipeline.py for tasks to queue
[2026-04-03T08:21:53.226+0000] {logging_mixin.py:188} INFO - [2026-04-03T08:21:53.225+0000] {dagbag.py:540} INFO - Filling up the DagBag from /opt/airflow/dags/isr_pipeline.py
[2026-04-03T08:21:53.247+0000] {processor.py:840} INFO - DAG(s) 'isr_pipeline' retrieved from /opt/airflow/dags/isr_pipeline.py
[2026-04-03T08:21:53.309+0000] {logging_mixin.py:188} INFO - [2026-04-03T08:21:53.309+0000] {dag.py:3096} INFO - Sync 1 DAGs
[2026-04-03T08:21:53.408+0000] {processor.py:183} INFO - Processing /opt/airflow/dags/isr_pipeline.py took 0.196 seconds
[2026-04-03T08:22:23.615+0000] {processor.py:161} INFO - Started process (PID=47442) to work on /opt/airflow/dags/isr_pipeline.py
[2026-04-03T08:22:23.631+0000] {processor.py:830} INFO - Processing file /opt/airflow/dags/isr_pipeline.py for tasks to queue
[2026-04-03T08:22:23.634+0000] {logging_mixin.py:188} INFO - [2026-04-03T08:22:23.633+0000] {dagbag.py:540} INFO - Filling up the DagBag from /opt/airflow/dags/isr_pipeline.py
[2026-04-03T08:22:23.669+0000] {processor.py:840} INFO - DAG(s) 'isr_pipeline' retrieved from /opt/airflow/dags/isr_pipeline.py
[2026-04-03T08:22:23.721+0000] {logging_mixin.py:188} INFO - [2026-04-03T08:22:23.720+0000] {dag.py:3096} INFO - Sync 1 DAGs
[2026-04-03T08:22:23.776+0000] {processor.py:183} INFO - Processing /opt/airflow/dags/isr_pipeline.py took 0.200 seconds
[2026-04-03T08:22:54.000+0000] {processor.py:161} INFO - Started process (PID=47447) to work on /opt/airflow/dags/isr_pipeline.py
[2026-04-03T08:22:54.002+0000] {processor.py:830} INFO - Processing file /opt/airflow/dags/isr_pipeline.py for tasks to queue
[2026-04-03T08:22:54.005+0000] {logging_mixin.py:188} INFO - [2026-04-03T08:22:54.004+0000] {dagbag.py:540} INFO - Filling up the DagBag from /opt/airflow/dags/isr_pipeline.py
[2026-04-03T08:22:54.023+0000] {processor.py:840} INFO - DAG(s) 'isr_pipeline' retrieved from /opt/airflow/dags/isr_pipeline.py
[2026-04-03T08:22:54.067+0000] {logging_mixin.py:188} INFO - [2026-04-03T08:22:54.067+0000] {dag.py:3096} INFO - Sync 1 DAGs
[2026-04-03T08:22:54.219+0000] {processor.py:183} INFO - Processing /opt/airflow/dags/isr_pipeline.py took 0.227 seconds
[2026-04-03T08:23:24.419+0000] {processor.py:161} INFO - Started process (PID=47452) to work on /opt/airflow/dags/isr_pipeline.py
[2026-04-03T08:23:24.421+0000] {processor.py:830} INFO - Processing file /opt/airflow/dags/isr_pipeline.py for tasks to queue
[2026-04-03T08:23:24.423+0000] {logging_mixin.py:188} INFO - [2026-04-03T08:23:24.422+0000] {dagbag.py:540} INFO - Filling up the DagBag from /opt/airflow/dags/isr_pipeline.py
[2026-04-03T08:23:24.442+0000] {processor.py:840} INFO - DAG(s) 'isr_pipeline' retrieved from /opt/airflow/dags/isr_pipeline.py
[2026-04-03T08:23:24.480+0000] {logging_mixin.py:188} INFO - [2026-04-03T08:23:24.480+0000] {dag.py:3096} INFO - Sync 1 DAGs
[2026-04-03T08:23:24.526+0000] {processor.py:183} INFO - Processing /opt/airflow/dags/isr_pipeline.py took 0.116 seconds
[2026-04-03T08:23:54.626+0000] {processor.py:161} INFO - Started process (PID=47457) to work on /opt/airflow/dags/isr_pipeline.py
[2026-04-03T08:23:54.629+0000] {processor.py:830} INFO - Processing file /opt/airflow/dags/isr_pipeline.py for tasks to queue
[2026-04-03T08:23:54.631+0000] {logging_mixin.py:188} INFO - [2026-04-03T08:23:54.631+0000] {dagbag.py:540} INFO - Filling up the DagBag from /opt/airflow/dags/isr_pipeline.py
[2026-04-03T08:23:54.651+0000] {processor.py:840} INFO - DAG(s) 'isr_pipeline' retrieved from /opt/airflow/dags/isr_pipeline.py
[2026-04-03T08:23:54.693+0000] {logging_mixin.py:188} INFO - [2026-04-03T08:23:54.693+0000] {dag.py:3096} INFO - Sync 1 DAGs
[2026-04-03T08:23:54.911+0000] {processor.py:183} INFO - Processing /opt/airflow/dags/isr_pipeline.py took 0.294 seconds
[2026-04-03T08:24:25.115+0000] {processor.py:161} INFO - Started process (PID=47462) to work on /opt/airflow/dags/isr_pipeline.py
[2026-04-03T08:24:25.117+0000] {processor.py:830} INFO - Processing file /opt/airflow/dags/isr_pipeline.py for tasks to queue
[2026-04-03T08:24:25.119+0000] {logging_mixin.py:188} INFO - [2026-04-03T08:24:25.118+0000] {dagbag.py:540} INFO - Filling up the DagBag from /opt/airflow/dags/isr_pipeline.py
[2026-04-03T08:24:25.137+0000] {processor.py:840} INFO - DAG(s) 'isr_pipeline' retrieved from /opt/airflow/dags/isr_pipeline.py
[2026-04-03T08:24:25.177+0000] {logging_mixin.py:188} INFO - [2026-04-03T08:24:25.177+0000] {dag.py:3096} INFO - Sync 1 DAGs
[2026-04-03T08:24:25.222+0000] {processor.py:183} INFO - Processing /opt/airflow/dags/isr_pipeline.py took 0.116 seconds
[2026-04-03T08:24:55.273+0000] {processor.py:161} INFO - Started process (PID=47467) to work on /opt/airflow/dags/isr_pipeline.py
[2026-04-03T08:24:55.276+0000] {processor.py:830} INFO - Processing file /opt/airflow/dags/isr_pipeline.py for tasks to queue
[2026-04-03T08:24:55.277+0000] {logging_mixin.py:188} INFO - [2026-04-03T08:24:55.277+0000] {dagbag.py:540} INFO - Filling up the DagBag from /opt/airflow/dags/isr_pipeline.py
[2026-04-03T08:24:55.297+0000] {processor.py:840} INFO - DAG(s) 'isr_pipeline' retrieved from /opt/airflow/dags/isr_pipeline.py
[2026-04-03T08:24:55.336+0000] {logging_mixin.py:188} INFO - [2026-04-03T08:24:55.335+0000] {dag.py:3096} INFO - Sync 1 DAGs
[2026-04-03T08:24:55.380+0000] {processor.py:183} INFO - Processing /opt/airflow/dags/isr_pipeline.py took 0.115 seconds
[2026-04-03T08:25:25.553+0000] {processor.py:161} INFO - Started process (PID=47472) to work on /opt/airflow/dags/isr_pipeline.py
[2026-04-03T08:25:25.555+0000] {processor.py:830} INFO - Processing file /opt/airflow/dags/isr_pipeline.py for tasks to queue
[2026-04-03T08:25:25.557+0000] {logging_mixin.py:188} INFO - [2026-04-03T08:25:25.557+0000] {dagbag.py:540} INFO - Filling up the DagBag from /opt/airflow/dags/isr_pipeline.py
[2026-04-03T08:25:25.575+0000] {processor.py:840} INFO - DAG(s) 'isr_pipeline' retrieved from /opt/airflow/dags/isr_pipeline.py
[2026-04-03T08:25:25.614+0000] {logging_mixin.py:188} INFO - [2026-04-03T08:25:25.613+0000] {dag.py:3096} INFO - Sync 1 DAGs
[2026-04-03T08:25:25.656+0000] {processor.py:183} INFO - Processing /opt/airflow/dags/isr_pipeline.py took 0.110 seconds
[2026-04-03T08:25:55.722+0000] {processor.py:161} INFO - Started process (PID=47477) to work on /opt/airflow/dags/isr_pipeline.py
[2026-04-03T08:25:55.723+0000] {processor.py:830} INFO - Processing file /opt/airflow/dags/isr_pipeline.py for tasks to queue
[2026-04-03T08:25:55.725+0000] {logging_mixin.py:188} INFO - [2026-04-03T08:25:55.724+0000] {dagbag.py:540} INFO - Filling up the DagBag from /opt/airflow/dags/isr_pipeline.py
[2026-04-03T08:25:55.743+0000] {processor.py:840} INFO - DAG(s) 'isr_pipeline' retrieved from /opt/airflow/dags/isr_pipeline.py
[2026-04-03T08:25:55.782+0000] {logging_mixin.py:188} INFO - [2026-04-03T08:25:55.782+0000] {dag.py:3096} INFO - Sync 1 DAGs
[2026-04-03T08:25:55.827+0000] {processor.py:183} INFO - Processing /opt/airflow/dags/isr_pipeline.py took 0.114 seconds
[2026-04-03T08:26:25.981+0000] {processor.py:161} INFO - Started process (PID=47482) to work on /opt/airflow/dags/isr_pipeline.py
[2026-04-03T08:26:25.982+0000] {processor.py:830} INFO - Processing file /opt/airflow/dags/isr_pipeline.py for tasks to queue
[2026-04-03T08:26:25.983+0000] {logging_mixin.py:188} INFO - [2026-04-03T08:26:25.983+0000] {dagbag.py:540} INFO - Filling up the DagBag from /opt/airflow/dags/isr_pipeline.py
[2026-04-03T08:26:26.001+0000] {processor.py:840} INFO - DAG(s) 'isr_pipeline' retrieved from /opt/airflow/dags/isr_pipeline.py
[2026-04-03T08:26:26.038+0000] {logging_mixin.py:188} INFO - [2026-04-03T08:26:26.038+0000] {dag.py:3096} INFO - Sync 1 DAGs
[2026-04-03T08:26:26.251+0000] {processor.py:183} INFO - Processing /opt/airflow/dags/isr_pipeline.py took 0.278 seconds
[2026-04-03T08:26:56.449+0000] {processor.py:161} INFO - Started process (PID=47487) to work on /opt/airflow/dags/isr_pipeline.py
[2026-04-03T08:26:56.451+0000] {processor.py:830} INFO - Processing file /opt/airflow/dags/isr_pipeline.py for tasks to queue
[2026-04-03T08:26:56.453+0000] {logging_mixin.py:188} INFO - [2026-04-03T08:26:56.452+0000] {dagbag.py:540} INFO - Filling up the DagBag from /opt/airflow/dags/isr_pipeline.py
[2026-04-03T08:26:56.471+0000] {processor.py:840} INFO - DAG(s) 'isr_pipeline' retrieved from /opt/airflow/dags/isr_pipeline.py
[2026-04-03T08:26:56.674+0000] {logging_mixin.py:188} INFO - [2026-04-03T08:26:56.673+0000] {dag.py:3096} INFO - Sync 1 DAGs
[2026-04-03T08:26:56.721+0000] {processor.py:183} INFO - Processing /opt/airflow/dags/isr_pipeline.py took 0.281 seconds
[2026-04-03T08:27:26.918+0000] {processor.py:161} INFO - Started process (PID=47492) to work on /opt/airflow/dags/isr_pipeline.py
[2026-04-03T08:27:26.920+0000] {processor.py:830} INFO - Processing file /opt/airflow/dags/isr_pipeline.py for tasks to queue
[2026-04-03T08:27:26.921+0000] {logging_mixin.py:188} INFO - [2026-04-03T08:27:26.921+0000] {dagbag.py:540} INFO - Filling up the DagBag from /opt/airflow/dags/isr_pipeline.py
[2026-04-03T08:27:26.939+0000] {processor.py:840} INFO - DAG(s) 'isr_pipeline' retrieved from /opt/airflow/dags/isr_pipeline.py
[2026-04-03T08:27:26.978+0000] {logging_mixin.py:188} INFO - [2026-04-03T08:27:26.977+0000] {dag.py:3096} INFO - Sync 1 DAGs
[2026-04-03T08:27:27.022+0000] {processor.py:183} INFO - Processing /opt/airflow/dags/isr_pipeline.py took 0.113 seconds
[2026-04-03T08:27:57.086+0000] {processor.py:161} INFO - Started process (PID=47497) to work on /opt/airflow/dags/isr_pipeline.py
[2026-04-03T08:27:57.087+0000] {processor.py:830} INFO - Processing file /opt/airflow/dags/isr_pipeline.py for tasks to queue
[2026-04-03T08:27:57.088+0000] {logging_mixin.py:188} INFO - [2026-04-03T08:27:57.088+0000] {dagbag.py:540} INFO - Filling up the DagBag from /opt/airflow/dags/isr_pipeline.py
[2026-04-03T08:27:57.106+0000] {processor.py:840} INFO - DAG(s) 'isr_pipeline' retrieved from /opt/airflow/dags/isr_pipeline.py
[2026-04-03T08:27:57.144+0000] {logging_mixin.py:188} INFO - [2026-04-03T08:27:57.144+0000] {dag.py:3096} INFO - Sync 1 DAGs
[2026-04-03T08:27:57.189+0000] {processor.py:183} INFO - Processing /opt/airflow/dags/isr_pipeline.py took 0.112 seconds
[2026-04-03T08:28:27.327+0000] {processor.py:161} INFO - Started process (PID=47502) to work on /opt/airflow/dags/isr_pipeline.py
[2026-04-03T08:28:27.328+0000] {processor.py:830} INFO - Processing file /opt/airflow/dags/isr_pipeline.py for tasks to queue
[2026-04-03T08:28:27.329+0000] {logging_mixin.py:188} INFO - [2026-04-03T08:28:27.329+0000] {dagbag.py:540} INFO - Filling up the DagBag from /opt/airflow/dags/isr_pipeline.py
[2026-04-03T08:28:27.347+0000] {processor.py:840} INFO - DAG(s) 'isr_pipeline' retrieved from /opt/airflow/dags/isr_pipeline.py
[2026-04-03T08:28:27.385+0000] {logging_mixin.py:188} INFO - [2026-04-03T08:28:27.385+0000] {dag.py:3096} INFO - Sync 1 DAGs
[2026-04-03T08:28:27.429+0000] {processor.py:183} INFO - Processing /opt/airflow/dags/isr_pipeline.py took 0.110 seconds
[2026-04-03T08:28:57.539+0000] {processor.py:161} INFO - Started process (PID=47507) to work on /opt/airflow/dags/isr_pipeline.py
[2026-04-03T08:28:57.541+0000] {processor.py:830} INFO - Processing file /opt/airflow/dags/isr_pipeline.py for tasks to queue
[2026-04-03T08:28:57.543+0000] {logging_mixin.py:188} INFO - [2026-04-03T08:28:57.542+0000] {dagbag.py:540} INFO - Filling up the DagBag from /opt/airflow/dags/isr_pipeline.py
[2026-04-03T08:28:57.561+0000] {processor.py:840} INFO - DAG(s) 'isr_pipeline' retrieved from /opt/airflow/dags/isr_pipeline.py
[2026-04-03T08:28:57.600+0000] {logging_mixin.py:188} INFO - [2026-04-03T08:28:57.599+0000] {dag.py:3096} INFO - Sync 1 DAGs
[2026-04-03T08:28:57.812+0000] {processor.py:183} INFO - Processing /opt/airflow/dags/isr_pipeline.py took 0.282 seconds
[2026-04-03T08:29:28.020+0000] {processor.py:161} INFO - Started process (PID=47512) to work on /opt/airflow/dags/isr_pipeline.py
[2026-04-03T08:29:28.022+0000] {processor.py:830} INFO - Processing file /opt/airflow/dags/isr_pipeline.py for tasks to queue
[2026-04-03T08:29:28.024+0000] {logging_mixin.py:188} INFO - [2026-04-03T08:29:28.023+0000] {dagbag.py:540} INFO - Filling up the DagBag from /opt/airflow/dags/isr_pipeline.py
[2026-04-03T08:29:28.047+0000] {processor.py:840} INFO - DAG(s) 'isr_pipeline' retrieved from /opt/airflow/dags/isr_pipeline.py
[2026-04-03T08:29:28.266+0000] {logging_mixin.py:188} INFO - [2026-04-03T08:29:28.266+0000] {dag.py:3096} INFO - Sync 1 DAGs
[2026-04-03T08:29:28.313+0000] {processor.py:183} INFO - Processing /opt/airflow/dags/isr_pipeline.py took 0.301 seconds
[2026-04-03T08:29:58.564+0000] {processor.py:161} INFO - Started process (PID=47517) to work on /opt/airflow/dags/isr_pipeline.py
[2026-04-03T08:29:58.566+0000] {processor.py:830} INFO - Processing file /opt/airflow/dags/isr_pipeline.py for tasks to queue
[2026-04-03T08:29:58.568+0000] {logging_mixin.py:188} INFO - [2026-04-03T08:29:58.567+0000] {dagbag.py:540} INFO - Filling up the DagBag from /opt/airflow/dags/isr_pipeline.py
[2026-04-03T08:29:58.587+0000] {processor.py:840} INFO - DAG(s) 'isr_pipeline' retrieved from /opt/airflow/dags/isr_pipeline.py
[2026-04-03T08:29:58.805+0000] {logging_mixin.py:188} INFO - [2026-04-03T08:29:58.805+0000] {dag.py:3096} INFO - Sync 1 DAGs
[2026-04-03T08:29:58.844+0000] {processor.py:183} INFO - Processing /opt/airflow/dags/isr_pipeline.py took 0.287 seconds
[2026-04-03T08:30:29.030+0000] {processor.py:161} INFO - Started process (PID=47522) to work on /opt/airflow/dags/isr_pipeline.py
[2026-04-03T08:30:29.032+0000] {processor.py:830} INFO - Processing file /opt/airflow/dags/isr_pipeline.py for tasks to queue
[2026-04-03T08:30:29.034+0000] {logging_mixin.py:188} INFO - [2026-04-03T08:30:29.033+0000] {dagbag.py:540} INFO - Filling up the DagBag from /opt/airflow/dags/isr_pipeline.py
[2026-04-03T08:30:29.054+0000] {processor.py:840} INFO - DAG(s) 'isr_pipeline' retrieved from /opt/airflow/dags/isr_pipeline.py
[2026-04-03T08:30:29.093+0000] {logging_mixin.py:188} INFO - [2026-04-03T08:30:29.093+0000] {dag.py:3096} INFO - Sync 1 DAGs
[2026-04-03T08:30:29.138+0000] {processor.py:183} INFO - Processing /opt/airflow/dags/isr_pipeline.py took 0.115 seconds
[2026-04-03T08:30:59.253+0000] {processor.py:161} INFO - Started process (PID=47527) to work on /opt/airflow/dags/isr_pipeline.py
[2026-04-03T08:30:59.255+0000] {processor.py:830} INFO - Processing file /opt/airflow/dags/isr_pipeline.py for tasks to queue
[2026-04-03T08:30:59.258+0000] {logging_mixin.py:188} INFO - [2026-04-03T08:30:59.258+0000] {dagbag.py:540} INFO - Filling up the DagBag from /opt/airflow/dags/isr_pipeline.py
[2026-04-03T08:30:59.278+0000] {processor.py:840} INFO - DAG(s) 'isr_pipeline' retrieved from /opt/airflow/dags/isr_pipeline.py
[2026-04-03T08:30:59.323+0000] {logging_mixin.py:188} INFO - [2026-04-03T08:30:59.323+0000] {dag.py:3096} INFO - Sync 1 DAGs
[2026-04-03T08:30:59.377+0000] {processor.py:183} INFO - Processing /opt/airflow/dags/isr_pipeline.py took 0.133 seconds
[2026-04-03T08:31:29.575+0000] {processor.py:161} INFO - Started process (PID=47532) to work on /opt/airflow/dags/isr_pipeline.py
[2026-04-03T08:31:29.576+0000] {processor.py:830} INFO - Processing file /opt/airflow/dags/isr_pipeline.py for tasks to queue
[2026-04-03T08:31:29.578+0000] {logging_mixin.py:188} INFO - [2026-04-03T08:31:29.577+0000] {dagbag.py:540} INFO - Filling up the DagBag from /opt/airflow/dags/isr_pipeline.py
[2026-04-03T08:31:29.599+0000] {processor.py:840} INFO - DAG(s) 'isr_pipeline' retrieved from /opt/airflow/dags/isr_pipeline.py
[2026-04-03T08:31:29.637+0000] {logging_mixin.py:188} INFO - [2026-04-03T08:31:29.636+0000] {dag.py:3096} INFO - Sync 1 DAGs
[2026-04-03T08:31:29.680+0000] {processor.py:183} INFO - Processing /opt/airflow/dags/isr_pipeline.py took 0.114 seconds
[2026-04-03T08:31:59.802+0000] {processor.py:161} INFO - Started process (PID=47537) to work on /opt/airflow/dags/isr_pipeline.py
[2026-04-03T08:31:59.803+0000] {processor.py:830} INFO - Processing file /opt/airflow/dags/isr_pipeline.py for tasks to queue
[2026-04-03T08:31:59.805+0000] {logging_mixin.py:188} INFO - [2026-04-03T08:31:59.804+0000] {dagbag.py:540} INFO - Filling up the DagBag from /opt/airflow/dags/isr_pipeline.py
[2026-04-03T08:31:59.824+0000] {processor.py:840} INFO - DAG(s) 'isr_pipeline' retrieved from /opt/airflow/dags/isr_pipeline.py
[2026-04-03T08:31:59.863+0000] {logging_mixin.py:188} INFO - [2026-04-03T08:31:59.863+0000] {dag.py:3096} INFO - Sync 1 DAGs
[2026-04-03T08:31:59.910+0000] {processor.py:183} INFO - Processing /opt/airflow/dags/isr_pipeline.py took 0.117 seconds
[2026-04-03T08:32:30.078+0000] {processor.py:161} INFO - Started process (PID=47542) to work on /opt/airflow/dags/isr_pipeline.py
[2026-04-03T08:32:30.080+0000] {processor.py:830} INFO - Processing file /opt/airflow/dags/isr_pipeline.py for tasks to queue
[2026-04-03T08:32:30.081+0000] {logging_mixin.py:188} INFO - [2026-04-03T08:32:30.081+0000] {dagbag.py:540} INFO - Filling up the DagBag from /opt/airflow/dags/isr_pipeline.py
[2026-04-03T08:32:30.100+0000] {processor.py:840} INFO - DAG(s) 'isr_pipeline' retrieved from /opt/airflow/dags/isr_pipeline.py
[2026-04-03T08:32:30.140+0000] {logging_mixin.py:188} INFO - [2026-04-03T08:32:30.140+0000] {dag.py:3096} INFO - Sync 1 DAGs
[2026-04-03T08:32:30.188+0000] {processor.py:183} INFO - Processing /opt/airflow/dags/isr_pipeline.py took 0.119 seconds
[2026-04-03T08:33:00.299+0000] {processor.py:161} INFO - Started process (PID=47547) to work on /opt/airflow/dags/isr_pipeline.py
[2026-04-03T08:33:00.301+0000] {processor.py:830} INFO - Processing file /opt/airflow/dags/isr_pipeline.py for tasks to queue
[2026-04-03T08:33:00.302+0000] {logging_mixin.py:188} INFO - [2026-04-03T08:33:00.302+0000] {dagbag.py:540} INFO - Filling up the DagBag from /opt/airflow/dags/isr_pipeline.py
[2026-04-03T08:33:00.326+0000] {processor.py:840} INFO - DAG(s) 'isr_pipeline' retrieved from /opt/airflow/dags/isr_pipeline.py
[2026-04-03T08:33:00.364+0000] {logging_mixin.py:188} INFO - [2026-04-03T08:33:00.364+0000] {dag.py:3096} INFO - Sync 1 DAGs
[2026-04-03T08:33:00.409+0000] {processor.py:183} INFO - Processing /opt/airflow/dags/isr_pipeline.py took 0.117 seconds
[2026-04-03T08:33:30.594+0000] {processor.py:161} INFO - Started process (PID=47552) to work on /opt/airflow/dags/isr_pipeline.py
[2026-04-03T08:33:30.595+0000] {processor.py:830} INFO - Processing file /opt/airflow/dags/isr_pipeline.py for tasks to queue
[2026-04-03T08:33:30.597+0000] {logging_mixin.py:188} INFO - [2026-04-03T08:33:30.596+0000] {dagbag.py:540} INFO - Filling up the DagBag from /opt/airflow/dags/isr_pipeline.py
[2026-04-03T08:33:30.615+0000] {processor.py:840} INFO - DAG(s) 'isr_pipeline' retrieved from /opt/airflow/dags/isr_pipeline.py
[2026-04-03T08:33:30.651+0000] {logging_mixin.py:188} INFO - [2026-04-03T08:33:30.651+0000] {dag.py:3096} INFO - Sync 1 DAGs
[2026-04-03T08:33:30.696+0000] {processor.py:183} INFO - Processing /opt/airflow/dags/isr_pipeline.py took 0.110 seconds
[2026-04-03T08:34:00.844+0000] {processor.py:161} INFO - Started process (PID=47557) to work on /opt/airflow/dags/isr_pipeline.py
[2026-04-03T08:34:00.845+0000] {processor.py:830} INFO - Processing file /opt/airflow/dags/isr_pipeline.py for tasks to queue
[2026-04-03T08:34:00.847+0000] {logging_mixin.py:188} INFO - [2026-04-03T08:34:00.846+0000] {dagbag.py:540} INFO - Filling up the DagBag from /opt/airflow/dags/isr_pipeline.py
[2026-04-03T08:34:00.866+0000] {processor.py:840} INFO - DAG(s) 'isr_pipeline' retrieved from /opt/airflow/dags/isr_pipeline.py
[2026-04-03T08:34:00.907+0000] {logging_mixin.py:188} INFO - [2026-04-03T08:34:00.906+0000] {dag.py:3096} INFO - Sync 1 DAGs
[2026-04-03T08:34:00.955+0000] {processor.py:183} INFO - Processing /opt/airflow/dags/isr_pipeline.py took 0.120 seconds
[2026-04-03T08:34:31.215+0000] {processor.py:161} INFO - Started process (PID=47562) to work on /opt/airflow/dags/isr_pipeline.py
[2026-04-03T08:34:31.217+0000] {processor.py:830} INFO - Processing file /opt/airflow/dags/isr_pipeline.py for tasks to queue
[2026-04-03T08:34:31.218+0000] {logging_mixin.py:188} INFO - [2026-04-03T08:34:31.218+0000] {dagbag.py:540} INFO - Filling up the DagBag from /opt/airflow/dags/isr_pipeline.py
[2026-04-03T08:34:31.237+0000] {processor.py:840} INFO - DAG(s) 'isr_pipeline' retrieved from /opt/airflow/dags/isr_pipeline.py
[2026-04-03T08:34:31.276+0000] {logging_mixin.py:188} INFO - [2026-04-03T08:34:31.275+0000] {dag.py:3096} INFO - Sync 1 DAGs
[2026-04-03T08:34:31.319+0000] {processor.py:183} INFO - Processing /opt/airflow/dags/isr_pipeline.py took 0.112 seconds
[2026-04-03T08:41:03.328+0000] {processor.py:161} INFO - Started process (PID=47567) to work on /opt/airflow/dags/isr_pipeline.py
[2026-04-03T08:41:03.331+0000] {processor.py:830} INFO - Processing file /opt/airflow/dags/isr_pipeline.py for tasks to queue
[2026-04-03T08:41:03.334+0000] {logging_mixin.py:188} INFO - [2026-04-03T08:41:03.333+0000] {dagbag.py:540} INFO - Filling up the DagBag from /opt/airflow/dags/isr_pipeline.py
[2026-04-03T08:41:03.395+0000] {processor.py:840} INFO - DAG(s) 'isr_pipeline' retrieved from /opt/airflow/dags/isr_pipeline.py
[2026-04-03T08:41:03.558+0000] {logging_mixin.py:188} INFO - [2026-04-03T08:41:03.557+0000] {dag.py:3096} INFO - Sync 1 DAGs
[2026-04-03T08:41:03.622+0000] {processor.py:183} INFO - Processing /opt/airflow/dags/isr_pipeline.py took 0.325 seconds
[2026-04-03T08:41:33.859+0000] {processor.py:161} INFO - Started process (PID=47572) to work on /opt/airflow/dags/isr_pipeline.py
[2026-04-03T08:41:33.861+0000] {processor.py:830} INFO - Processing file /opt/airflow/dags/isr_pipeline.py for tasks to queue
[2026-04-03T08:41:33.863+0000] {logging_mixin.py:188} INFO - [2026-04-03T08:41:33.862+0000] {dagbag.py:540} INFO - Filling up the DagBag from /opt/airflow/dags/isr_pipeline.py
[2026-04-03T08:41:33.881+0000] {processor.py:840} INFO - DAG(s) 'isr_pipeline' retrieved from /opt/airflow/dags/isr_pipeline.py
[2026-04-03T08:41:33.924+0000] {logging_mixin.py:188} INFO - [2026-04-03T08:41:33.924+0000] {dag.py:3096} INFO - Sync 1 DAGs
[2026-04-03T08:41:33.971+0000] {processor.py:183} INFO - Processing /opt/airflow/dags/isr_pipeline.py took 0.121 seconds
[2026-04-03T08:42:04.026+0000] {processor.py:161} INFO - Started process (PID=47577) to work on /opt/airflow/dags/isr_pipeline.py
[2026-04-03T08:42:04.028+0000] {processor.py:830} INFO - Processing file /opt/airflow/dags/isr_pipeline.py for tasks to queue
[2026-04-03T08:42:04.029+0000] {logging_mixin.py:188} INFO - [2026-04-03T08:42:04.029+0000] {dagbag.py:540} INFO - Filling up the DagBag from /opt/airflow/dags/isr_pipeline.py
[2026-04-03T08:42:04.048+0000] {processor.py:840} INFO - DAG(s) 'isr_pipeline' retrieved from /opt/airflow/dags/isr_pipeline.py
[2026-04-03T08:42:04.086+0000] {logging_mixin.py:188} INFO - [2026-04-03T08:42:04.086+0000] {dag.py:3096} INFO - Sync 1 DAGs
[2026-04-03T08:42:04.134+0000] {processor.py:183} INFO - Processing /opt/airflow/dags/isr_pipeline.py took 0.117 seconds
[2026-04-03T08:42:34.284+0000] {processor.py:161} INFO - Started process (PID=47582) to work on /opt/airflow/dags/isr_pipeline.py
[2026-04-03T08:42:34.286+0000] {processor.py:830} INFO - Processing file /opt/airflow/dags/isr_pipeline.py for tasks to queue
[2026-04-03T08:42:34.289+0000] {logging_mixin.py:188} INFO - [2026-04-03T08:42:34.288+0000] {dagbag.py:540} INFO - Filling up the DagBag from /opt/airflow/dags/isr_pipeline.py
[2026-04-03T08:42:34.312+0000] {processor.py:840} INFO - DAG(s) 'isr_pipeline' retrieved from /opt/airflow/dags/isr_pipeline.py
[2026-04-03T08:42:34.364+0000] {logging_mixin.py:188} INFO - [2026-04-03T08:42:34.363+0000] {dag.py:3096} INFO - Sync 1 DAGs
[2026-04-03T08:42:34.420+0000] {processor.py:183} INFO - Processing /opt/airflow/dags/isr_pipeline.py took 0.146 seconds
[2026-04-03T08:43:04.586+0000] {processor.py:161} INFO - Started process (PID=47587) to work on /opt/airflow/dags/isr_pipeline.py
[2026-04-03T08:43:04.588+0000] {processor.py:830} INFO - Processing file /opt/airflow/dags/isr_pipeline.py for tasks to queue
[2026-04-03T08:43:04.589+0000] {logging_mixin.py:188} INFO - [2026-04-03T08:43:04.589+0000] {dagbag.py:540} INFO - Filling up the DagBag from /opt/airflow/dags/isr_pipeline.py
[2026-04-03T08:43:04.608+0000] {processor.py:840} INFO - DAG(s) 'isr_pipeline' retrieved from /opt/airflow/dags/isr_pipeline.py
[2026-04-03T08:43:04.647+0000] {logging_mixin.py:188} INFO - [2026-04-03T08:43:04.647+0000] {dag.py:3096} INFO - Sync 1 DAGs
[2026-04-03T08:43:04.700+0000] {processor.py:183} INFO - Processing /opt/airflow/dags/isr_pipeline.py took 0.123 seconds
[2026-04-03T08:43:34.749+0000] {processor.py:161} INFO - Started process (PID=47592) to work on /opt/airflow/dags/isr_pipeline.py
[2026-04-03T08:43:34.750+0000] {processor.py:830} INFO - Processing file /opt/airflow/dags/isr_pipeline.py for tasks to queue
[2026-04-03T08:43:34.752+0000] {logging_mixin.py:188} INFO - [2026-04-03T08:43:34.751+0000] {dagbag.py:540} INFO - Filling up the DagBag from /opt/airflow/dags/isr_pipeline.py
[2026-04-03T08:43:34.770+0000] {processor.py:840} INFO - DAG(s) 'isr_pipeline' retrieved from /opt/airflow/dags/isr_pipeline.py
[2026-04-03T08:43:34.809+0000] {logging_mixin.py:188} INFO - [2026-04-03T08:43:34.808+0000] {dag.py:3096} INFO - Sync 1 DAGs
[2026-04-03T08:43:34.853+0000] {processor.py:183} INFO - Processing /opt/airflow/dags/isr_pipeline.py took 0.113 seconds
[2026-04-03T08:44:05.050+0000] {processor.py:161} INFO - Started process (PID=47597) to work on /opt/airflow/dags/isr_pipeline.py
[2026-04-03T08:44:05.052+0000] {processor.py:830} INFO - Processing file /opt/airflow/dags/isr_pipeline.py for tasks to queue
[2026-04-03T08:44:05.053+0000] {logging_mixin.py:188} INFO - [2026-04-03T08:44:05.053+0000] {dagbag.py:540} INFO - Filling up the DagBag from /opt/airflow/dags/isr_pipeline.py
[2026-04-03T08:44:05.072+0000] {processor.py:840} INFO - DAG(s) 'isr_pipeline' retrieved from /opt/airflow/dags/isr_pipeline.py
[2026-04-03T08:44:05.109+0000] {logging_mixin.py:188} INFO - [2026-04-03T08:44:05.109+0000] {dag.py:3096} INFO - Sync 1 DAGs
[2026-04-03T08:44:05.155+0000] {processor.py:183} INFO - Processing /opt/airflow/dags/isr_pipeline.py took 0.112 seconds
[2026-04-03T08:44:35.224+0000] {processor.py:161} INFO - Started process (PID=47602) to work on /opt/airflow/dags/isr_pipeline.py
[2026-04-03T08:44:35.225+0000] {processor.py:830} INFO - Processing file /opt/airflow/dags/isr_pipeline.py for tasks to queue
[2026-04-03T08:44:35.227+0000] {logging_mixin.py:188} INFO - [2026-04-03T08:44:35.226+0000] {dagbag.py:540} INFO - Filling up the DagBag from /opt/airflow/dags/isr_pipeline.py
[2026-04-03T08:44:35.245+0000] {processor.py:840} INFO - DAG(s) 'isr_pipeline' retrieved from /opt/airflow/dags/isr_pipeline.py
[2026-04-03T08:44:35.285+0000] {logging_mixin.py:188} INFO - [2026-04-03T08:44:35.285+0000] {dag.py:3096} INFO - Sync 1 DAGs
[2026-04-03T08:44:35.329+0000] {processor.py:183} INFO - Processing /opt/airflow/dags/isr_pipeline.py took 0.114 seconds
[2026-04-03T08:45:05.488+0000] {processor.py:161} INFO - Started process (PID=47607) to work on /opt/airflow/dags/isr_pipeline.py
[2026-04-03T08:45:05.489+0000] {processor.py:830} INFO - Processing file /opt/airflow/dags/isr_pipeline.py for tasks to queue
[2026-04-03T08:45:05.491+0000] {logging_mixin.py:188} INFO - [2026-04-03T08:45:05.490+0000] {dagbag.py:540} INFO - Filling up the DagBag from /opt/airflow/dags/isr_pipeline.py
[2026-04-03T08:45:05.510+0000] {processor.py:840} INFO - DAG(s) 'isr_pipeline' retrieved from /opt/airflow/dags/isr_pipeline.py
[2026-04-03T08:45:05.548+0000] {logging_mixin.py:188} INFO - [2026-04-03T08:45:05.547+0000] {dag.py:3096} INFO - Sync 1 DAGs
[2026-04-03T08:45:05.597+0000] {processor.py:183} INFO - Processing /opt/airflow/dags/isr_pipeline.py took 0.116 seconds
[2026-04-03T08:45:35.682+0000] {processor.py:161} INFO - Started process (PID=47612) to work on /opt/airflow/dags/isr_pipeline.py
[2026-04-03T08:45:35.683+0000] {processor.py:830} INFO - Processing file /opt/airflow/dags/isr_pipeline.py for tasks to queue
[2026-04-03T08:45:35.685+0000] {logging_mixin.py:188} INFO - [2026-04-03T08:45:35.684+0000] {dagbag.py:540} INFO - Filling up the DagBag from /opt/airflow/dags/isr_pipeline.py
[2026-04-03T08:45:35.704+0000] {processor.py:840} INFO - DAG(s) 'isr_pipeline' retrieved from /opt/airflow/dags/isr_pipeline.py
[2026-04-03T08:45:35.743+0000] {logging_mixin.py:188} INFO - [2026-04-03T08:45:35.742+0000] {dag.py:3096} INFO - Sync 1 DAGs
[2026-04-03T08:45:35.786+0000] {processor.py:183} INFO - Processing /opt/airflow/dags/isr_pipeline.py took 0.113 seconds
[2026-04-03T08:46:05.953+0000] {processor.py:161} INFO - Started process (PID=47617) to work on /opt/airflow/dags/isr_pipeline.py
[2026-04-03T08:46:05.955+0000] {processor.py:830} INFO - Processing file /opt/airflow/dags/isr_pipeline.py for tasks to queue
[2026-04-03T08:46:05.956+0000] {logging_mixin.py:188} INFO - [2026-04-03T08:46:05.956+0000] {dagbag.py:540} INFO - Filling up the DagBag from /opt/airflow/dags/isr_pipeline.py
[2026-04-03T08:46:05.976+0000] {processor.py:840} INFO - DAG(s) 'isr_pipeline' retrieved from /opt/airflow/dags/isr_pipeline.py
[2026-04-03T08:46:06.014+0000] {logging_mixin.py:188} INFO - [2026-04-03T08:46:06.013+0000] {dag.py:3096} INFO - Sync 1 DAGs
[2026-04-03T08:46:06.058+0000] {processor.py:183} INFO - Processing /opt/airflow/dags/isr_pipeline.py took 0.113 seconds
[2026-04-03T08:46:36.123+0000] {processor.py:161} INFO - Started process (PID=47622) to work on /opt/airflow/dags/isr_pipeline.py
[2026-04-03T08:46:36.125+0000] {processor.py:830} INFO - Processing file /opt/airflow/dags/isr_pipeline.py for tasks to queue
[2026-04-03T08:46:36.127+0000] {logging_mixin.py:188} INFO - [2026-04-03T08:46:36.126+0000] {dagbag.py:540} INFO - Filling up the DagBag from /opt/airflow/dags/isr_pipeline.py
[2026-04-03T08:46:36.145+0000] {processor.py:840} INFO - DAG(s) 'isr_pipeline' retrieved from /opt/airflow/dags/isr_pipeline.py
[2026-04-03T08:46:36.184+0000] {logging_mixin.py:188} INFO - [2026-04-03T08:46:36.183+0000] {dag.py:3096} INFO - Sync 1 DAGs
[2026-04-03T08:46:36.228+0000] {processor.py:183} INFO - Processing /opt/airflow/dags/isr_pipeline.py took 0.114 seconds
[2026-04-03T08:47:06.379+0000] {processor.py:161} INFO - Started process (PID=47627) to work on /opt/airflow/dags/isr_pipeline.py
[2026-04-03T08:47:06.380+0000] {processor.py:830} INFO - Processing file /opt/airflow/dags/isr_pipeline.py for tasks to queue
[2026-04-03T08:47:06.382+0000] {logging_mixin.py:188} INFO - [2026-04-03T08:47:06.381+0000] {dagbag.py:540} INFO - Filling up the DagBag from /opt/airflow/dags/isr_pipeline.py
[2026-04-03T08:47:06.400+0000] {processor.py:840} INFO - DAG(s) 'isr_pipeline' retrieved from /opt/airflow/dags/isr_pipeline.py
[2026-04-03T08:47:06.437+0000] {logging_mixin.py:188} INFO - [2026-04-03T08:47:06.437+0000] {dag.py:3096} INFO - Sync 1 DAGs
[2026-04-03T08:47:06.480+0000] {processor.py:183} INFO - Processing /opt/airflow/dags/isr_pipeline.py took 0.108 seconds
[2026-04-03T08:47:36.571+0000] {processor.py:161} INFO - Started process (PID=47632) to work on /opt/airflow/dags/isr_pipeline.py
[2026-04-03T08:47:36.573+0000] {processor.py:830} INFO - Processing file /opt/airflow/dags/isr_pipeline.py for tasks to queue
[2026-04-03T08:47:36.574+0000] {logging_mixin.py:188} INFO - [2026-04-03T08:47:36.574+0000] {dagbag.py:540} INFO - Filling up the DagBag from /opt/airflow/dags/isr_pipeline.py
[2026-04-03T08:47:36.593+0000] {processor.py:840} INFO - DAG(s) 'isr_pipeline' retrieved from /opt/airflow/dags/isr_pipeline.py
[2026-04-03T08:47:36.632+0000] {logging_mixin.py:188} INFO - [2026-04-03T08:47:36.631+0000] {dag.py:3096} INFO - Sync 1 DAGs
[2026-04-03T08:47:36.677+0000] {processor.py:183} INFO - Processing /opt/airflow/dags/isr_pipeline.py took 0.116 seconds
[2026-04-03T08:48:06.844+0000] {processor.py:161} INFO - Started process (PID=47637) to work on /opt/airflow/dags/isr_pipeline.py
[2026-04-03T08:48:06.845+0000] {processor.py:830} INFO - Processing file /opt/airflow/dags/isr_pipeline.py for tasks to queue
[2026-04-03T08:48:06.847+0000] {logging_mixin.py:188} INFO - [2026-04-03T08:48:06.846+0000] {dagbag.py:540} INFO - Filling up the DagBag from /opt/airflow/dags/isr_pipeline.py
[2026-04-03T08:48:06.864+0000] {processor.py:840} INFO - DAG(s) 'isr_pipeline' retrieved from /opt/airflow/dags/isr_pipeline.py
[2026-04-03T08:48:06.901+0000] {logging_mixin.py:188} INFO - [2026-04-03T08:48:06.901+0000] {dag.py:3096} INFO - Sync 1 DAGs
[2026-04-03T08:48:06.945+0000] {processor.py:183} INFO - Processing /opt/airflow/dags/isr_pipeline.py took 0.109 seconds
[2026-04-03T08:48:37.026+0000] {processor.py:161} INFO - Started process (PID=47642) to work on /opt/airflow/dags/isr_pipeline.py
[2026-04-03T08:48:37.027+0000] {processor.py:830} INFO - Processing file /opt/airflow/dags/isr_pipeline.py for tasks to queue
[2026-04-03T08:48:37.029+0000] {logging_mixin.py:188} INFO - [2026-04-03T08:48:37.028+0000] {dagbag.py:540} INFO - Filling up the DagBag from /opt/airflow/dags/isr_pipeline.py
[2026-04-03T08:48:37.047+0000] {processor.py:840} INFO - DAG(s) 'isr_pipeline' retrieved from /opt/airflow/dags/isr_pipeline.py
[2026-04-03T08:48:37.095+0000] {logging_mixin.py:188} INFO - [2026-04-03T08:48:37.094+0000] {dag.py:3096} INFO - Sync 1 DAGs
[2026-04-03T08:48:37.146+0000] {processor.py:183} INFO - Processing /opt/airflow/dags/isr_pipeline.py took 0.128 seconds
[2026-04-03T08:49:07.294+0000] {processor.py:161} INFO - Started process (PID=47647) to work on /opt/airflow/dags/isr_pipeline.py
[2026-04-03T08:49:07.296+0000] {processor.py:830} INFO - Processing file /opt/airflow/dags/isr_pipeline.py for tasks to queue
[2026-04-03T08:49:07.297+0000] {logging_mixin.py:188} INFO - [2026-04-03T08:49:07.297+0000] {dagbag.py:540} INFO - Filling up the DagBag from /opt/airflow/dags/isr_pipeline.py
[2026-04-03T08:49:07.315+0000] {processor.py:840} INFO - DAG(s) 'isr_pipeline' retrieved from /opt/airflow/dags/isr_pipeline.py
[2026-04-03T08:49:07.352+0000] {logging_mixin.py:188} INFO - [2026-04-03T08:49:07.351+0000] {dag.py:3096} INFO - Sync 1 DAGs
[2026-04-03T08:49:07.394+0000] {processor.py:183} INFO - Processing /opt/airflow/dags/isr_pipeline.py took 0.107 seconds
[2026-04-03T08:49:37.494+0000] {processor.py:161} INFO - Started process (PID=47652) to work on /opt/airflow/dags/isr_pipeline.py
[2026-04-03T08:49:37.495+0000] {processor.py:830} INFO - Processing file /opt/airflow/dags/isr_pipeline.py for tasks to queue
[2026-04-03T08:49:37.496+0000] {logging_mixin.py:188} INFO - [2026-04-03T08:49:37.496+0000] {dagbag.py:540} INFO - Filling up the DagBag from /opt/airflow/dags/isr_pipeline.py
[2026-04-03T08:49:37.515+0000] {processor.py:840} INFO - DAG(s) 'isr_pipeline' retrieved from /opt/airflow/dags/isr_pipeline.py
[2026-04-03T08:49:37.553+0000] {logging_mixin.py:188} INFO - [2026-04-03T08:49:37.553+0000] {dag.py:3096} INFO - Sync 1 DAGs
[2026-04-03T08:49:37.596+0000] {processor.py:183} INFO - Processing /opt/airflow/dags/isr_pipeline.py took 0.110 seconds
[2026-04-03T08:50:07.732+0000] {processor.py:161} INFO - Started process (PID=47657) to work on /opt/airflow/dags/isr_pipeline.py
[2026-04-03T08:50:07.734+0000] {processor.py:830} INFO - Processing file /opt/airflow/dags/isr_pipeline.py for tasks to queue
[2026-04-03T08:50:07.736+0000] {logging_mixin.py:188} INFO - [2026-04-03T08:50:07.735+0000] {dagbag.py:540} INFO - Filling up the DagBag from /opt/airflow/dags/isr_pipeline.py
[2026-04-03T08:50:07.754+0000] {processor.py:840} INFO - DAG(s) 'isr_pipeline' retrieved from /opt/airflow/dags/isr_pipeline.py
[2026-04-03T08:50:07.792+0000] {logging_mixin.py:188} INFO - [2026-04-03T08:50:07.792+0000] {dag.py:3096} INFO - Sync 1 DAGs
[2026-04-03T08:50:07.837+0000] {processor.py:183} INFO - Processing /opt/airflow/dags/isr_pipeline.py took 0.115 seconds
[2026-04-03T08:50:37.979+0000] {processor.py:161} INFO - Started process (PID=47662) to work on /opt/airflow/dags/isr_pipeline.py
[2026-04-03T08:50:37.981+0000] {processor.py:830} INFO - Processing file /opt/airflow/dags/isr_pipeline.py for tasks to queue
[2026-04-03T08:50:37.982+0000] {logging_mixin.py:188} INFO - [2026-04-03T08:50:37.982+0000] {dagbag.py:540} INFO - Filling up the DagBag from /opt/airflow/dags/isr_pipeline.py
[2026-04-03T08:50:38.001+0000] {processor.py:840} INFO - DAG(s) 'isr_pipeline' retrieved from /opt/airflow/dags/isr_pipeline.py
[2026-04-03T08:50:38.039+0000] {logging_mixin.py:188} INFO - [2026-04-03T08:50:38.039+0000] {dag.py:3096} INFO - Sync 1 DAGs
[2026-04-03T08:50:38.083+0000] {processor.py:183} INFO - Processing /opt/airflow/dags/isr_pipeline.py took 0.112 seconds
[2026-04-03T08:51:08.196+0000] {processor.py:161} INFO - Started process (PID=47667) to work on /opt/airflow/dags/isr_pipeline.py
[2026-04-03T08:51:08.197+0000] {processor.py:830} INFO - Processing file /opt/airflow/dags/isr_pipeline.py for tasks to queue
[2026-04-03T08:51:08.199+0000] {logging_mixin.py:188} INFO - [2026-04-03T08:51:08.198+0000] {dagbag.py:540} INFO - Filling up the DagBag from /opt/airflow/dags/isr_pipeline.py
[2026-04-03T08:51:08.217+0000] {processor.py:840} INFO - DAG(s) 'isr_pipeline' retrieved from /opt/airflow/dags/isr_pipeline.py
[2026-04-03T08:51:08.254+0000] {logging_mixin.py:188} INFO - [2026-04-03T08:51:08.254+0000] {dag.py:3096} INFO - Sync 1 DAGs
[2026-04-03T08:51:08.298+0000] {processor.py:183} INFO - Processing /opt/airflow/dags/isr_pipeline.py took 0.110 seconds
[2026-04-03T08:51:38.426+0000] {processor.py:161} INFO - Started process (PID=47672) to work on /opt/airflow/dags/isr_pipeline.py
[2026-04-03T08:51:38.428+0000] {processor.py:830} INFO - Processing file /opt/airflow/dags/isr_pipeline.py for tasks to queue
[2026-04-03T08:51:38.429+0000] {logging_mixin.py:188} INFO - [2026-04-03T08:51:38.429+0000] {dagbag.py:540} INFO - Filling up the DagBag from /opt/airflow/dags/isr_pipeline.py
[2026-04-03T08:51:38.447+0000] {processor.py:840} INFO - DAG(s) 'isr_pipeline' retrieved from /opt/airflow/dags/isr_pipeline.py
[2026-04-03T08:51:38.486+0000] {logging_mixin.py:188} INFO - [2026-04-03T08:51:38.486+0000] {dag.py:3096} INFO - Sync 1 DAGs
[2026-04-03T08:51:38.528+0000] {processor.py:183} INFO - Processing /opt/airflow/dags/isr_pipeline.py took 0.110 seconds
[2026-04-03T08:52:08.750+0000] {processor.py:161} INFO - Started process (PID=47677) to work on /opt/airflow/dags/isr_pipeline.py
[2026-04-03T08:52:08.752+0000] {processor.py:830} INFO - Processing file /opt/airflow/dags/isr_pipeline.py for tasks to queue
[2026-04-03T08:52:08.753+0000] {logging_mixin.py:188} INFO - [2026-04-03T08:52:08.753+0000] {dagbag.py:540} INFO - Filling up the DagBag from /opt/airflow/dags/isr_pipeline.py
[2026-04-03T08:52:08.773+0000] {processor.py:840} INFO - DAG(s) 'isr_pipeline' retrieved from /opt/airflow/dags/isr_pipeline.py
[2026-04-03T08:52:08.810+0000] {logging_mixin.py:188} INFO - [2026-04-03T08:52:08.810+0000] {dag.py:3096} INFO - Sync 1 DAGs
[2026-04-03T08:52:08.854+0000] {processor.py:183} INFO - Processing /opt/airflow/dags/isr_pipeline.py took 0.112 seconds
[2026-04-03T08:52:39.055+0000] {processor.py:161} INFO - Started process (PID=47682) to work on /opt/airflow/dags/isr_pipeline.py
[2026-04-03T08:52:39.057+0000] {processor.py:830} INFO - Processing file /opt/airflow/dags/isr_pipeline.py for tasks to queue
[2026-04-03T08:52:39.058+0000] {logging_mixin.py:188} INFO - [2026-04-03T08:52:39.058+0000] {dagbag.py:540} INFO - Filling up the DagBag from /opt/airflow/dags/isr_pipeline.py
[2026-04-03T08:52:39.077+0000] {processor.py:840} INFO - DAG(s) 'isr_pipeline' retrieved from /opt/airflow/dags/isr_pipeline.py
[2026-04-03T08:52:39.115+0000] {logging_mixin.py:188} INFO - [2026-04-03T08:52:39.115+0000] {dag.py:3096} INFO - Sync 1 DAGs
[2026-04-03T08:52:39.160+0000] {processor.py:183} INFO - Processing /opt/airflow/dags/isr_pipeline.py took 0.115 seconds
[2026-04-03T08:53:09.343+0000] {processor.py:161} INFO - Started process (PID=47687) to work on /opt/airflow/dags/isr_pipeline.py
[2026-04-03T08:53:09.345+0000] {processor.py:830} INFO - Processing file /opt/airflow/dags/isr_pipeline.py for tasks to queue
[2026-04-03T08:53:09.347+0000] {logging_mixin.py:188} INFO - [2026-04-03T08:53:09.346+0000] {dagbag.py:540} INFO - Filling up the DagBag from /opt/airflow/dags/isr_pipeline.py
[2026-04-03T08:53:09.365+0000] {processor.py:840} INFO - DAG(s) 'isr_pipeline' retrieved from /opt/airflow/dags/isr_pipeline.py
[2026-04-03T08:53:09.403+0000] {logging_mixin.py:188} INFO - [2026-04-03T08:53:09.402+0000] {dag.py:3096} INFO - Sync 1 DAGs
[2026-04-03T08:53:09.446+0000] {processor.py:183} INFO - Processing /opt/airflow/dags/isr_pipeline.py took 0.112 seconds
[2026-04-03T08:53:39.608+0000] {processor.py:161} INFO - Started process (PID=47692) to work on /opt/airflow/dags/isr_pipeline.py
[2026-04-03T08:53:39.610+0000] {processor.py:830} INFO - Processing file /opt/airflow/dags/isr_pipeline.py for tasks to queue
[2026-04-03T08:53:39.611+0000] {logging_mixin.py:188} INFO - [2026-04-03T08:53:39.611+0000] {dagbag.py:540} INFO - Filling up the DagBag from /opt/airflow/dags/isr_pipeline.py
[2026-04-03T08:53:39.629+0000] {processor.py:840} INFO - DAG(s) 'isr_pipeline' retrieved from /opt/airflow/dags/isr_pipeline.py
[2026-04-03T08:53:39.672+0000] {logging_mixin.py:188} INFO - [2026-04-03T08:53:39.672+0000] {dag.py:3096} INFO - Sync 1 DAGs
[2026-04-03T08:53:39.721+0000] {processor.py:183} INFO - Processing /opt/airflow/dags/isr_pipeline.py took 0.121 seconds
[2026-04-03T08:54:09.893+0000] {processor.py:161} INFO - Started process (PID=47697) to work on /opt/airflow/dags/isr_pipeline.py
[2026-04-03T08:54:09.894+0000] {processor.py:830} INFO - Processing file /opt/airflow/dags/isr_pipeline.py for tasks to queue
[2026-04-03T08:54:09.896+0000] {logging_mixin.py:188} INFO - [2026-04-03T08:54:09.895+0000] {dagbag.py:540} INFO - Filling up the DagBag from /opt/airflow/dags/isr_pipeline.py
[2026-04-03T08:54:09.913+0000] {processor.py:840} INFO - DAG(s) 'isr_pipeline' retrieved from /opt/airflow/dags/isr_pipeline.py
[2026-04-03T08:54:09.954+0000] {logging_mixin.py:188} INFO - [2026-04-03T08:54:09.954+0000] {dag.py:3096} INFO - Sync 1 DAGs
[2026-04-03T08:54:10.000+0000] {processor.py:183} INFO - Processing /opt/airflow/dags/isr_pipeline.py took 0.118 seconds
[2026-04-03T08:54:40.102+0000] {processor.py:161} INFO - Started process (PID=47702) to work on /opt/airflow/dags/isr_pipeline.py
[2026-04-03T08:54:40.104+0000] {processor.py:830} INFO - Processing file /opt/airflow/dags/isr_pipeline.py for tasks to queue
[2026-04-03T08:54:40.106+0000] {logging_mixin.py:188} INFO - [2026-04-03T08:54:40.105+0000] {dagbag.py:540} INFO - Filling up the DagBag from /opt/airflow/dags/isr_pipeline.py
[2026-04-03T08:54:40.125+0000] {processor.py:840} INFO - DAG(s) 'isr_pipeline' retrieved from /opt/airflow/dags/isr_pipeline.py
[2026-04-03T08:54:40.167+0000] {logging_mixin.py:188} INFO - [2026-04-03T08:54:40.167+0000] {dag.py:3096} INFO - Sync 1 DAGs
[2026-04-03T08:54:40.215+0000] {processor.py:183} INFO - Processing /opt/airflow/dags/isr_pipeline.py took 0.121 seconds
[2026-04-03T08:55:10.403+0000] {processor.py:161} INFO - Started process (PID=47707) to work on /opt/airflow/dags/isr_pipeline.py
[2026-04-03T08:55:10.404+0000] {processor.py:830} INFO - Processing file /opt/airflow/dags/isr_pipeline.py for tasks to queue
[2026-04-03T08:55:10.405+0000] {logging_mixin.py:188} INFO - [2026-04-03T08:55:10.405+0000] {dagbag.py:540} INFO - Filling up the DagBag from /opt/airflow/dags/isr_pipeline.py
[2026-04-03T08:55:10.423+0000] {processor.py:840} INFO - DAG(s) 'isr_pipeline' retrieved from /opt/airflow/dags/isr_pipeline.py
[2026-04-03T08:55:10.463+0000] {logging_mixin.py:188} INFO - [2026-04-03T08:55:10.462+0000] {dag.py:3096} INFO - Sync 1 DAGs
[2026-04-03T08:55:10.509+0000] {processor.py:183} INFO - Processing /opt/airflow/dags/isr_pipeline.py took 0.115 seconds
[2026-04-03T08:55:40.631+0000] {processor.py:161} INFO - Started process (PID=47712) to work on /opt/airflow/dags/isr_pipeline.py
[2026-04-03T08:55:40.633+0000] {processor.py:830} INFO - Processing file /opt/airflow/dags/isr_pipeline.py for tasks to queue
[2026-04-03T08:55:40.634+0000] {logging_mixin.py:188} INFO - [2026-04-03T08:55:40.634+0000] {dagbag.py:540} INFO - Filling up the DagBag from /opt/airflow/dags/isr_pipeline.py
[2026-04-03T08:55:40.653+0000] {processor.py:840} INFO - DAG(s) 'isr_pipeline' retrieved from /opt/airflow/dags/isr_pipeline.py
[2026-04-03T08:55:40.696+0000] {logging_mixin.py:188} INFO - [2026-04-03T08:55:40.695+0000] {dag.py:3096} INFO - Sync 1 DAGs
[2026-04-03T08:55:40.744+0000] {processor.py:183} INFO - Processing /opt/airflow/dags/isr_pipeline.py took 0.121 seconds
[2026-04-03T08:56:10.954+0000] {processor.py:161} INFO - Started process (PID=47717) to work on /opt/airflow/dags/isr_pipeline.py
[2026-04-03T08:56:10.955+0000] {processor.py:830} INFO - Processing file /opt/airflow/dags/isr_pipeline.py for tasks to queue
[2026-04-03T08:56:10.957+0000] {logging_mixin.py:188} INFO - [2026-04-03T08:56:10.956+0000] {dagbag.py:540} INFO - Filling up the DagBag from /opt/airflow/dags/isr_pipeline.py
[2026-04-03T08:56:10.975+0000] {processor.py:840} INFO - DAG(s) 'isr_pipeline' retrieved from /opt/airflow/dags/isr_pipeline.py
[2026-04-03T08:56:11.015+0000] {logging_mixin.py:188} INFO - [2026-04-03T08:56:11.014+0000] {dag.py:3096} INFO - Sync 1 DAGs
[2026-04-03T08:56:11.060+0000] {processor.py:183} INFO - Processing /opt/airflow/dags/isr_pipeline.py took 0.113 seconds
[2026-04-03T08:56:41.175+0000] {processor.py:161} INFO - Started process (PID=47722) to work on /opt/airflow/dags/isr_pipeline.py
[2026-04-03T08:56:41.178+0000] {processor.py:830} INFO - Processing file /opt/airflow/dags/isr_pipeline.py for tasks to queue
[2026-04-03T08:56:41.179+0000] {logging_mixin.py:188} INFO - [2026-04-03T08:56:41.179+0000] {dagbag.py:540} INFO - Filling up the DagBag from /opt/airflow/dags/isr_pipeline.py
[2026-04-03T08:56:41.198+0000] {processor.py:840} INFO - DAG(s) 'isr_pipeline' retrieved from /opt/airflow/dags/isr_pipeline.py
[2026-04-03T08:56:41.236+0000] {logging_mixin.py:188} INFO - [2026-04-03T08:56:41.235+0000] {dag.py:3096} INFO - Sync 1 DAGs
[2026-04-03T08:56:41.273+0000] {processor.py:183} INFO - Processing /opt/airflow/dags/isr_pipeline.py took 0.106 seconds
[2026-04-03T09:00:26.801+0000] {processor.py:161} INFO - Started process (PID=47727) to work on /opt/airflow/dags/isr_pipeline.py
[2026-04-03T09:00:27.092+0000] {processor.py:830} INFO - Processing file /opt/airflow/dags/isr_pipeline.py for tasks to queue
[2026-04-03T09:00:27.128+0000] {logging_mixin.py:188} INFO - [2026-04-03T09:00:27.128+0000] {dagbag.py:540} INFO - Filling up the DagBag from /opt/airflow/dags/isr_pipeline.py
[2026-04-03T09:00:27.154+0000] {processor.py:840} INFO - DAG(s) 'isr_pipeline' retrieved from /opt/airflow/dags/isr_pipeline.py
[2026-04-03T09:00:27.236+0000] {logging_mixin.py:188} INFO - [2026-04-03T09:00:27.236+0000] {dag.py:3096} INFO - Sync 1 DAGs
[2026-04-03T09:00:27.308+0000] {processor.py:183} INFO - Processing /opt/airflow/dags/isr_pipeline.py took 0.518 seconds
[2026-04-03T09:00:57.486+0000] {processor.py:161} INFO - Started process (PID=47732) to work on /opt/airflow/dags/isr_pipeline.py
[2026-04-03T09:00:57.493+0000] {processor.py:830} INFO - Processing file /opt/airflow/dags/isr_pipeline.py for tasks to queue
[2026-04-03T09:00:57.501+0000] {logging_mixin.py:188} INFO - [2026-04-03T09:00:57.499+0000] {dagbag.py:540} INFO - Filling up the DagBag from /opt/airflow/dags/isr_pipeline.py
[2026-04-03T09:00:57.595+0000] {processor.py:840} INFO - DAG(s) 'isr_pipeline' retrieved from /opt/airflow/dags/isr_pipeline.py
[2026-04-03T09:00:57.785+0000] {logging_mixin.py:188} INFO - [2026-04-03T09:00:57.784+0000] {dag.py:3096} INFO - Sync 1 DAGs
[2026-04-03T09:00:57.990+0000] {processor.py:183} INFO - Processing /opt/airflow/dags/isr_pipeline.py took 0.544 seconds
[2026-04-03T09:26:52.403+0000] {processor.py:161} INFO - Started process (PID=47738) to work on /opt/airflow/dags/isr_pipeline.py
[2026-04-03T09:26:52.406+0000] {processor.py:830} INFO - Processing file /opt/airflow/dags/isr_pipeline.py for tasks to queue
[2026-04-03T09:26:52.413+0000] {logging_mixin.py:188} INFO - [2026-04-03T09:26:52.410+0000] {dagbag.py:540} INFO - Filling up the DagBag from /opt/airflow/dags/isr_pipeline.py
[2026-04-03T09:26:52.450+0000] {processor.py:840} INFO - DAG(s) 'isr_pipeline' retrieved from /opt/airflow/dags/isr_pipeline.py
[2026-04-03T09:26:52.503+0000] {logging_mixin.py:188} INFO - [2026-04-03T09:26:52.503+0000] {dag.py:3096} INFO - Sync 1 DAGs
[2026-04-03T09:26:52.571+0000] {processor.py:183} INFO - Processing /opt/airflow/dags/isr_pipeline.py took 0.185 seconds
[2026-04-03T09:27:22.854+0000] {processor.py:161} INFO - Started process (PID=47743) to work on /opt/airflow/dags/isr_pipeline.py
[2026-04-03T09:27:22.861+0000] {processor.py:830} INFO - Processing file /opt/airflow/dags/isr_pipeline.py for tasks to queue
[2026-04-03T09:27:22.868+0000] {logging_mixin.py:188} INFO - [2026-04-03T09:27:22.866+0000] {dagbag.py:540} INFO - Filling up the DagBag from /opt/airflow/dags/isr_pipeline.py
[2026-04-03T09:27:22.958+0000] {processor.py:840} INFO - DAG(s) 'isr_pipeline' retrieved from /opt/airflow/dags/isr_pipeline.py
[2026-04-03T09:27:23.154+0000] {logging_mixin.py:188} INFO - [2026-04-03T09:27:23.152+0000] {dag.py:3096} INFO - Sync 1 DAGs
[2026-04-03T09:27:23.388+0000] {processor.py:183} INFO - Processing /opt/airflow/dags/isr_pipeline.py took 0.574 seconds
[2026-04-03T09:27:53.947+0000] {processor.py:161} INFO - Started process (PID=47748) to work on /opt/airflow/dags/isr_pipeline.py
[2026-04-03T09:27:53.957+0000] {processor.py:830} INFO - Processing file /opt/airflow/dags/isr_pipeline.py for tasks to queue
[2026-04-03T09:27:53.967+0000] {logging_mixin.py:188} INFO - [2026-04-03T09:27:53.964+0000] {dagbag.py:540} INFO - Filling up the DagBag from /opt/airflow/dags/isr_pipeline.py
[2026-04-03T09:27:54.060+0000] {processor.py:840} INFO - DAG(s) 'isr_pipeline' retrieved from /opt/airflow/dags/isr_pipeline.py
[2026-04-03T09:27:54.281+0000] {logging_mixin.py:188} INFO - [2026-04-03T09:27:54.280+0000] {dag.py:3096} INFO - Sync 1 DAGs
[2026-04-03T09:27:54.537+0000] {processor.py:183} INFO - Processing /opt/airflow/dags/isr_pipeline.py took 0.634 seconds
[2026-04-03T09:28:25.052+0000] {processor.py:161} INFO - Started process (PID=47753) to work on /opt/airflow/dags/isr_pipeline.py
[2026-04-03T09:28:25.061+0000] {processor.py:830} INFO - Processing file /opt/airflow/dags/isr_pipeline.py for tasks to queue
[2026-04-03T09:28:25.070+0000] {logging_mixin.py:188} INFO - [2026-04-03T09:28:25.066+0000] {dagbag.py:540} INFO - Filling up the DagBag from /opt/airflow/dags/isr_pipeline.py
[2026-04-03T09:28:25.171+0000] {processor.py:840} INFO - DAG(s) 'isr_pipeline' retrieved from /opt/airflow/dags/isr_pipeline.py
[2026-04-03T09:28:25.371+0000] {logging_mixin.py:188} INFO - [2026-04-03T09:28:25.370+0000] {dag.py:3096} INFO - Sync 1 DAGs
[2026-04-03T09:28:25.600+0000] {processor.py:183} INFO - Processing /opt/airflow/dags/isr_pipeline.py took 0.588 seconds
[2026-04-03T09:28:55.905+0000] {processor.py:161} INFO - Started process (PID=47758) to work on /opt/airflow/dags/isr_pipeline.py
[2026-04-03T09:28:55.915+0000] {processor.py:830} INFO - Processing file /opt/airflow/dags/isr_pipeline.py for tasks to queue
[2026-04-03T09:28:55.923+0000] {logging_mixin.py:188} INFO - [2026-04-03T09:28:55.921+0000] {dagbag.py:540} INFO - Filling up the DagBag from /opt/airflow/dags/isr_pipeline.py
[2026-04-03T09:28:56.022+0000] {processor.py:840} INFO - DAG(s) 'isr_pipeline' retrieved from /opt/airflow/dags/isr_pipeline.py
[2026-04-03T09:28:56.240+0000] {logging_mixin.py:188} INFO - [2026-04-03T09:28:56.238+0000] {dag.py:3096} INFO - Sync 1 DAGs
[2026-04-03T09:28:56.460+0000] {processor.py:183} INFO - Processing /opt/airflow/dags/isr_pipeline.py took 0.600 seconds
[2026-04-03T09:29:26.954+0000] {processor.py:161} INFO - Started process (PID=47763) to work on /opt/airflow/dags/isr_pipeline.py
[2026-04-03T09:29:26.963+0000] {processor.py:830} INFO - Processing file /opt/airflow/dags/isr_pipeline.py for tasks to queue
[2026-04-03T09:29:26.971+0000] {logging_mixin.py:188} INFO - [2026-04-03T09:29:26.968+0000] {dagbag.py:540} INFO - Filling up the DagBag from /opt/airflow/dags/isr_pipeline.py
[2026-04-03T09:29:27.063+0000] {processor.py:840} INFO - DAG(s) 'isr_pipeline' retrieved from /opt/airflow/dags/isr_pipeline.py
[2026-04-03T09:29:27.260+0000] {logging_mixin.py:188} INFO - [2026-04-03T09:29:27.259+0000] {dag.py:3096} INFO - Sync 1 DAGs
[2026-04-03T09:29:27.504+0000] {processor.py:183} INFO - Processing /opt/airflow/dags/isr_pipeline.py took 0.590 seconds
[2026-04-03T09:29:57.858+0000] {processor.py:161} INFO - Started process (PID=47768) to work on /opt/airflow/dags/isr_pipeline.py
[2026-04-03T09:29:57.866+0000] {processor.py:830} INFO - Processing file /opt/airflow/dags/isr_pipeline.py for tasks to queue
[2026-04-03T09:29:57.873+0000] {logging_mixin.py:188} INFO - [2026-04-03T09:29:57.871+0000] {dagbag.py:540} INFO - Filling up the DagBag from /opt/airflow/dags/isr_pipeline.py
[2026-04-03T09:29:57.963+0000] {processor.py:840} INFO - DAG(s) 'isr_pipeline' retrieved from /opt/airflow/dags/isr_pipeline.py
[2026-04-03T09:29:58.148+0000] {logging_mixin.py:188} INFO - [2026-04-03T09:29:58.147+0000] {dag.py:3096} INFO - Sync 1 DAGs
[2026-04-03T09:29:58.362+0000] {processor.py:183} INFO - Processing /opt/airflow/dags/isr_pipeline.py took 0.545 seconds
[2026-04-03T09:30:28.870+0000] {processor.py:161} INFO - Started process (PID=47773) to work on /opt/airflow/dags/isr_pipeline.py
[2026-04-03T09:30:28.878+0000] {processor.py:830} INFO - Processing file /opt/airflow/dags/isr_pipeline.py for tasks to queue
[2026-04-03T09:30:28.887+0000] {logging_mixin.py:188} INFO - [2026-04-03T09:30:28.884+0000] {dagbag.py:540} INFO - Filling up the DagBag from /opt/airflow/dags/isr_pipeline.py
[2026-04-03T09:30:28.974+0000] {processor.py:840} INFO - DAG(s) 'isr_pipeline' retrieved from /opt/airflow/dags/isr_pipeline.py
[2026-04-03T09:30:29.169+0000] {logging_mixin.py:188} INFO - [2026-04-03T09:30:29.167+0000] {dag.py:3096} INFO - Sync 1 DAGs
[2026-04-03T09:30:29.419+0000] {processor.py:183} INFO - Processing /opt/airflow/dags/isr_pipeline.py took 0.589 seconds
[2026-04-03T09:30:59.788+0000] {processor.py:161} INFO - Started process (PID=47778) to work on /opt/airflow/dags/isr_pipeline.py
[2026-04-03T09:30:59.795+0000] {processor.py:830} INFO - Processing file /opt/airflow/dags/isr_pipeline.py for tasks to queue
[2026-04-03T09:30:59.802+0000] {logging_mixin.py:188} INFO - [2026-04-03T09:30:59.800+0000] {dagbag.py:540} INFO - Filling up the DagBag from /opt/airflow/dags/isr_pipeline.py
[2026-04-03T09:30:59.901+0000] {processor.py:840} INFO - DAG(s) 'isr_pipeline' retrieved from /opt/airflow/dags/isr_pipeline.py
[2026-04-03T09:31:00.102+0000] {logging_mixin.py:188} INFO - [2026-04-03T09:31:00.101+0000] {dag.py:3096} INFO - Sync 1 DAGs
[2026-04-03T09:31:00.330+0000] {processor.py:183} INFO - Processing /opt/airflow/dags/isr_pipeline.py took 0.586 seconds
[2026-04-03T09:31:30.894+0000] {processor.py:161} INFO - Started process (PID=47783) to work on /opt/airflow/dags/isr_pipeline.py
[2026-04-03T09:31:30.903+0000] {processor.py:830} INFO - Processing file /opt/airflow/dags/isr_pipeline.py for tasks to queue
[2026-04-03T09:31:30.911+0000] {logging_mixin.py:188} INFO - [2026-04-03T09:31:30.908+0000] {dagbag.py:540} INFO - Filling up the DagBag from /opt/airflow/dags/isr_pipeline.py
[2026-04-03T09:31:31.006+0000] {processor.py:840} INFO - DAG(s) 'isr_pipeline' retrieved from /opt/airflow/dags/isr_pipeline.py
[2026-04-03T09:31:31.211+0000] {logging_mixin.py:188} INFO - [2026-04-03T09:31:31.210+0000] {dag.py:3096} INFO - Sync 1 DAGs
[2026-04-03T09:31:31.439+0000] {processor.py:183} INFO - Processing /opt/airflow/dags/isr_pipeline.py took 0.588 seconds
[2026-04-03T09:32:01.770+0000] {processor.py:161} INFO - Started process (PID=47788) to work on /opt/airflow/dags/isr_pipeline.py
[2026-04-03T09:32:01.778+0000] {processor.py:830} INFO - Processing file /opt/airflow/dags/isr_pipeline.py for tasks to queue
[2026-04-03T09:32:01.787+0000] {logging_mixin.py:188} INFO - [2026-04-03T09:32:01.784+0000] {dagbag.py:540} INFO - Filling up the DagBag from /opt/airflow/dags/isr_pipeline.py
[2026-04-03T09:32:01.885+0000] {processor.py:840} INFO - DAG(s) 'isr_pipeline' retrieved from /opt/airflow/dags/isr_pipeline.py
[2026-04-03T09:32:02.072+0000] {logging_mixin.py:188} INFO - [2026-04-03T09:32:02.071+0000] {dag.py:3096} INFO - Sync 1 DAGs
[2026-04-03T09:32:02.305+0000] {processor.py:183} INFO - Processing /opt/airflow/dags/isr_pipeline.py took 0.579 seconds
[2026-04-03T09:32:32.837+0000] {processor.py:161} INFO - Started process (PID=47793) to work on /opt/airflow/dags/isr_pipeline.py
[2026-04-03T09:32:32.845+0000] {processor.py:830} INFO - Processing file /opt/airflow/dags/isr_pipeline.py for tasks to queue
[2026-04-03T09:32:32.852+0000] {logging_mixin.py:188} INFO - [2026-04-03T09:32:32.850+0000] {dagbag.py:540} INFO - Filling up the DagBag from /opt/airflow/dags/isr_pipeline.py
[2026-04-03T09:32:32.992+0000] {processor.py:840} INFO - DAG(s) 'isr_pipeline' retrieved from /opt/airflow/dags/isr_pipeline.py
[2026-04-03T09:32:33.194+0000] {logging_mixin.py:188} INFO - [2026-04-03T09:32:33.193+0000] {dag.py:3096} INFO - Sync 1 DAGs
[2026-04-03T09:32:33.411+0000] {processor.py:183} INFO - Processing /opt/airflow/dags/isr_pipeline.py took 0.615 seconds
[2026-04-03T09:33:03.621+0000] {processor.py:161} INFO - Started process (PID=47798) to work on /opt/airflow/dags/isr_pipeline.py
[2026-04-03T09:33:03.628+0000] {processor.py:830} INFO - Processing file /opt/airflow/dags/isr_pipeline.py for tasks to queue
[2026-04-03T09:33:03.637+0000] {logging_mixin.py:188} INFO - [2026-04-03T09:33:03.634+0000] {dagbag.py:540} INFO - Filling up the DagBag from /opt/airflow/dags/isr_pipeline.py
[2026-04-03T09:33:03.726+0000] {processor.py:840} INFO - DAG(s) 'isr_pipeline' retrieved from /opt/airflow/dags/isr_pipeline.py
[2026-04-03T09:33:03.919+0000] {logging_mixin.py:188} INFO - [2026-04-03T09:33:03.918+0000] {dag.py:3096} INFO - Sync 1 DAGs
[2026-04-03T09:33:04.130+0000] {processor.py:183} INFO - Processing /opt/airflow/dags/isr_pipeline.py took 0.547 seconds
[2026-04-03T09:33:34.652+0000] {processor.py:161} INFO - Started process (PID=47803) to work on /opt/airflow/dags/isr_pipeline.py
[2026-04-03T09:33:34.660+0000] {processor.py:830} INFO - Processing file /opt/airflow/dags/isr_pipeline.py for tasks to queue
[2026-04-03T09:33:34.668+0000] {logging_mixin.py:188} INFO - [2026-04-03T09:33:34.665+0000] {dagbag.py:540} INFO - Filling up the DagBag from /opt/airflow/dags/isr_pipeline.py
[2026-04-03T09:33:34.762+0000] {processor.py:840} INFO - DAG(s) 'isr_pipeline' retrieved from /opt/airflow/dags/isr_pipeline.py
[2026-04-03T09:33:34.961+0000] {logging_mixin.py:188} INFO - [2026-04-03T09:33:34.960+0000] {dag.py:3096} INFO - Sync 1 DAGs
[2026-04-03T09:33:35.178+0000] {processor.py:183} INFO - Processing /opt/airflow/dags/isr_pipeline.py took 0.565 seconds
[2026-04-03T09:34:05.615+0000] {processor.py:161} INFO - Started process (PID=47808) to work on /opt/airflow/dags/isr_pipeline.py
[2026-04-03T09:34:05.621+0000] {processor.py:830} INFO - Processing file /opt/airflow/dags/isr_pipeline.py for tasks to queue
[2026-04-03T09:34:05.628+0000] {logging_mixin.py:188} INFO - [2026-04-03T09:34:05.626+0000] {dagbag.py:540} INFO - Filling up the DagBag from /opt/airflow/dags/isr_pipeline.py
[2026-04-03T09:34:05.715+0000] {processor.py:840} INFO - DAG(s) 'isr_pipeline' retrieved from /opt/airflow/dags/isr_pipeline.py
[2026-04-03T09:34:05.900+0000] {logging_mixin.py:188} INFO - [2026-04-03T09:34:05.899+0000] {dag.py:3096} INFO - Sync 1 DAGs
[2026-04-03T09:34:06.122+0000] {processor.py:183} INFO - Processing /opt/airflow/dags/isr_pipeline.py took 0.544 seconds
[2026-04-03T09:34:36.665+0000] {processor.py:161} INFO - Started process (PID=47813) to work on /opt/airflow/dags/isr_pipeline.py
[2026-04-03T09:34:36.675+0000] {processor.py:830} INFO - Processing file /opt/airflow/dags/isr_pipeline.py for tasks to queue
[2026-04-03T09:34:36.682+0000] {logging_mixin.py:188} INFO - [2026-04-03T09:34:36.680+0000] {dagbag.py:540} INFO - Filling up the DagBag from /opt/airflow/dags/isr_pipeline.py
[2026-04-03T09:34:36.770+0000] {processor.py:840} INFO - DAG(s) 'isr_pipeline' retrieved from /opt/airflow/dags/isr_pipeline.py
[2026-04-03T09:34:36.962+0000] {logging_mixin.py:188} INFO - [2026-04-03T09:34:36.961+0000] {dag.py:3096} INFO - Sync 1 DAGs
[2026-04-03T09:34:37.182+0000] {processor.py:183} INFO - Processing /opt/airflow/dags/isr_pipeline.py took 0.557 seconds
[2026-04-03T10:04:44.272+0000] {processor.py:161} INFO - Started process (PID=47819) to work on /opt/airflow/dags/isr_pipeline.py
[2026-04-03T10:04:44.277+0000] {processor.py:830} INFO - Processing file /opt/airflow/dags/isr_pipeline.py for tasks to queue
[2026-04-03T10:04:44.280+0000] {logging_mixin.py:188} INFO - [2026-04-03T10:04:44.279+0000] {dagbag.py:540} INFO - Filling up the DagBag from /opt/airflow/dags/isr_pipeline.py
[2026-04-03T10:04:44.309+0000] {processor.py:840} INFO - DAG(s) 'isr_pipeline' retrieved from /opt/airflow/dags/isr_pipeline.py
[2026-04-03T10:04:44.362+0000] {logging_mixin.py:188} INFO - [2026-04-03T10:04:44.362+0000] {dag.py:3096} INFO - Sync 1 DAGs
[2026-04-03T10:04:44.423+0000] {processor.py:183} INFO - Processing /opt/airflow/dags/isr_pipeline.py took 0.168 seconds
[2026-04-03T10:05:14.697+0000] {processor.py:161} INFO - Started process (PID=47824) to work on /opt/airflow/dags/isr_pipeline.py
[2026-04-03T10:05:14.704+0000] {processor.py:830} INFO - Processing file /opt/airflow/dags/isr_pipeline.py for tasks to queue
[2026-04-03T10:05:14.711+0000] {logging_mixin.py:188} INFO - [2026-04-03T10:05:14.709+0000] {dagbag.py:540} INFO - Filling up the DagBag from /opt/airflow/dags/isr_pipeline.py
[2026-04-03T10:05:14.801+0000] {processor.py:840} INFO - DAG(s) 'isr_pipeline' retrieved from /opt/airflow/dags/isr_pipeline.py
[2026-04-03T10:05:14.984+0000] {logging_mixin.py:188} INFO - [2026-04-03T10:05:14.982+0000] {dag.py:3096} INFO - Sync 1 DAGs
[2026-04-03T10:05:15.204+0000] {processor.py:183} INFO - Processing /opt/airflow/dags/isr_pipeline.py took 0.546 seconds
[2026-04-03T10:05:45.708+0000] {processor.py:161} INFO - Started process (PID=47829) to work on /opt/airflow/dags/isr_pipeline.py
[2026-04-03T10:05:45.715+0000] {processor.py:830} INFO - Processing file /opt/airflow/dags/isr_pipeline.py for tasks to queue
[2026-04-03T10:05:45.722+0000] {logging_mixin.py:188} INFO - [2026-04-03T10:05:45.720+0000] {dagbag.py:540} INFO - Filling up the DagBag from /opt/airflow/dags/isr_pipeline.py
[2026-04-03T10:05:45.811+0000] {processor.py:840} INFO - DAG(s) 'isr_pipeline' retrieved from /opt/airflow/dags/isr_pipeline.py
[2026-04-03T10:05:46.002+0000] {logging_mixin.py:188} INFO - [2026-04-03T10:05:46.001+0000] {dag.py:3096} INFO - Sync 1 DAGs
[2026-04-03T10:05:46.225+0000] {processor.py:183} INFO - Processing /opt/airflow/dags/isr_pipeline.py took 0.556 seconds
[2026-04-03T10:06:16.663+0000] {processor.py:161} INFO - Started process (PID=47834) to work on /opt/airflow/dags/isr_pipeline.py
[2026-04-03T10:06:16.680+0000] {processor.py:830} INFO - Processing file /opt/airflow/dags/isr_pipeline.py for tasks to queue
[2026-04-03T10:06:16.688+0000] {logging_mixin.py:188} INFO - [2026-04-03T10:06:16.686+0000] {dagbag.py:540} INFO - Filling up the DagBag from /opt/airflow/dags/isr_pipeline.py
[2026-04-03T10:06:16.793+0000] {processor.py:840} INFO - DAG(s) 'isr_pipeline' retrieved from /opt/airflow/dags/isr_pipeline.py
[2026-04-03T10:06:16.972+0000] {logging_mixin.py:188} INFO - [2026-04-03T10:06:16.971+0000] {dag.py:3096} INFO - Sync 1 DAGs
[2026-04-03T10:06:17.176+0000] {processor.py:183} INFO - Processing /opt/airflow/dags/isr_pipeline.py took 0.574 seconds
[2026-04-03T10:06:47.707+0000] {processor.py:161} INFO - Started process (PID=47839) to work on /opt/airflow/dags/isr_pipeline.py
[2026-04-03T10:06:47.717+0000] {processor.py:830} INFO - Processing file /opt/airflow/dags/isr_pipeline.py for tasks to queue
[2026-04-03T10:06:47.725+0000] {logging_mixin.py:188} INFO - [2026-04-03T10:06:47.723+0000] {dagbag.py:540} INFO - Filling up the DagBag from /opt/airflow/dags/isr_pipeline.py
[2026-04-03T10:06:47.813+0000] {processor.py:840} INFO - DAG(s) 'isr_pipeline' retrieved from /opt/airflow/dags/isr_pipeline.py
[2026-04-03T10:06:47.995+0000] {logging_mixin.py:188} INFO - [2026-04-03T10:06:47.994+0000] {dag.py:3096} INFO - Sync 1 DAGs
[2026-04-03T10:06:48.211+0000] {processor.py:183} INFO - Processing /opt/airflow/dags/isr_pipeline.py took 0.543 seconds
[2026-04-03T10:07:18.414+0000] {processor.py:161} INFO - Started process (PID=47844) to work on /opt/airflow/dags/isr_pipeline.py
[2026-04-03T10:07:18.421+0000] {processor.py:830} INFO - Processing file /opt/airflow/dags/isr_pipeline.py for tasks to queue
[2026-04-03T10:07:18.428+0000] {logging_mixin.py:188} INFO - [2026-04-03T10:07:18.426+0000] {dagbag.py:540} INFO - Filling up the DagBag from /opt/airflow/dags/isr_pipeline.py
[2026-04-03T10:07:18.519+0000] {processor.py:840} INFO - DAG(s) 'isr_pipeline' retrieved from /opt/airflow/dags/isr_pipeline.py
[2026-04-03T10:07:18.703+0000] {logging_mixin.py:188} INFO - [2026-04-03T10:07:18.702+0000] {dag.py:3096} INFO - Sync 1 DAGs
[2026-04-03T10:07:18.908+0000] {processor.py:183} INFO - Processing /opt/airflow/dags/isr_pipeline.py took 0.533 seconds
[2026-04-03T10:07:49.418+0000] {processor.py:161} INFO - Started process (PID=47849) to work on /opt/airflow/dags/isr_pipeline.py
[2026-04-03T10:07:49.426+0000] {processor.py:830} INFO - Processing file /opt/airflow/dags/isr_pipeline.py for tasks to queue
[2026-04-03T10:07:49.435+0000] {logging_mixin.py:188} INFO - [2026-04-03T10:07:49.433+0000] {dagbag.py:540} INFO - Filling up the DagBag from /opt/airflow/dags/isr_pipeline.py
[2026-04-03T10:07:49.530+0000] {processor.py:840} INFO - DAG(s) 'isr_pipeline' retrieved from /opt/airflow/dags/isr_pipeline.py
[2026-04-03T10:07:49.715+0000] {logging_mixin.py:188} INFO - [2026-04-03T10:07:49.713+0000] {dag.py:3096} INFO - Sync 1 DAGs
[2026-04-03T10:07:49.924+0000] {processor.py:183} INFO - Processing /opt/airflow/dags/isr_pipeline.py took 0.546 seconds
[2026-04-03T10:08:20.457+0000] {processor.py:161} INFO - Started process (PID=47854) to work on /opt/airflow/dags/isr_pipeline.py
[2026-04-03T10:08:20.467+0000] {processor.py:830} INFO - Processing file /opt/airflow/dags/isr_pipeline.py for tasks to queue
[2026-04-03T10:08:20.477+0000] {logging_mixin.py:188} INFO - [2026-04-03T10:08:20.475+0000] {dagbag.py:540} INFO - Filling up the DagBag from /opt/airflow/dags/isr_pipeline.py
[2026-04-03T10:08:20.580+0000] {processor.py:840} INFO - DAG(s) 'isr_pipeline' retrieved from /opt/airflow/dags/isr_pipeline.py
[2026-04-03T10:08:20.773+0000] {logging_mixin.py:188} INFO - [2026-04-03T10:08:20.771+0000] {dag.py:3096} INFO - Sync 1 DAGs
[2026-04-03T10:08:20.993+0000] {processor.py:183} INFO - Processing /opt/airflow/dags/isr_pipeline.py took 0.573 seconds
[2026-04-03T10:08:51.625+0000] {processor.py:161} INFO - Started process (PID=47859) to work on /opt/airflow/dags/isr_pipeline.py
[2026-04-03T10:08:51.632+0000] {processor.py:830} INFO - Processing file /opt/airflow/dags/isr_pipeline.py for tasks to queue
[2026-04-03T10:08:51.639+0000] {logging_mixin.py:188} INFO - [2026-04-03T10:08:51.637+0000] {dagbag.py:540} INFO - Filling up the DagBag from /opt/airflow/dags/isr_pipeline.py
[2026-04-03T10:08:51.730+0000] {processor.py:840} INFO - DAG(s) 'isr_pipeline' retrieved from /opt/airflow/dags/isr_pipeline.py
[2026-04-03T10:08:51.910+0000] {logging_mixin.py:188} INFO - [2026-04-03T10:08:51.909+0000] {dag.py:3096} INFO - Sync 1 DAGs
[2026-04-03T10:08:52.135+0000] {processor.py:183} INFO - Processing /opt/airflow/dags/isr_pipeline.py took 0.565 seconds
[2026-04-03T10:09:22.701+0000] {processor.py:161} INFO - Started process (PID=47864) to work on /opt/airflow/dags/isr_pipeline.py
[2026-04-03T10:09:22.708+0000] {processor.py:830} INFO - Processing file /opt/airflow/dags/isr_pipeline.py for tasks to queue
[2026-04-03T10:09:22.718+0000] {logging_mixin.py:188} INFO - [2026-04-03T10:09:22.716+0000] {dagbag.py:540} INFO - Filling up the DagBag from /opt/airflow/dags/isr_pipeline.py
[2026-04-03T10:09:22.803+0000] {processor.py:840} INFO - DAG(s) 'isr_pipeline' retrieved from /opt/airflow/dags/isr_pipeline.py
[2026-04-03T10:09:22.988+0000] {logging_mixin.py:188} INFO - [2026-04-03T10:09:22.987+0000] {dag.py:3096} INFO - Sync 1 DAGs
[2026-04-03T10:09:23.197+0000] {processor.py:183} INFO - Processing /opt/airflow/dags/isr_pipeline.py took 0.537 seconds
[2026-04-03T10:09:53.581+0000] {processor.py:161} INFO - Started process (PID=47869) to work on /opt/airflow/dags/isr_pipeline.py
[2026-04-03T10:09:53.588+0000] {processor.py:830} INFO - Processing file /opt/airflow/dags/isr_pipeline.py for tasks to queue
[2026-04-03T10:09:53.595+0000] {logging_mixin.py:188} INFO - [2026-04-03T10:09:53.593+0000] {dagbag.py:540} INFO - Filling up the DagBag from /opt/airflow/dags/isr_pipeline.py
[2026-04-03T10:09:53.682+0000] {processor.py:840} INFO - DAG(s) 'isr_pipeline' retrieved from /opt/airflow/dags/isr_pipeline.py
[2026-04-03T10:09:53.860+0000] {logging_mixin.py:188} INFO - [2026-04-03T10:09:53.859+0000] {dag.py:3096} INFO - Sync 1 DAGs
[2026-04-03T10:09:54.078+0000] {processor.py:183} INFO - Processing /opt/airflow/dags/isr_pipeline.py took 0.537 seconds
[2026-04-03T10:10:24.580+0000] {processor.py:161} INFO - Started process (PID=47874) to work on /opt/airflow/dags/isr_pipeline.py
[2026-04-03T10:10:24.588+0000] {processor.py:830} INFO - Processing file /opt/airflow/dags/isr_pipeline.py for tasks to queue
[2026-04-03T10:10:24.595+0000] {logging_mixin.py:188} INFO - [2026-04-03T10:10:24.593+0000] {dagbag.py:540} INFO - Filling up the DagBag from /opt/airflow/dags/isr_pipeline.py
[2026-04-03T10:10:24.693+0000] {processor.py:840} INFO - DAG(s) 'isr_pipeline' retrieved from /opt/airflow/dags/isr_pipeline.py
[2026-04-03T10:10:24.879+0000] {logging_mixin.py:188} INFO - [2026-04-03T10:10:24.878+0000] {dag.py:3096} INFO - Sync 1 DAGs
[2026-04-03T10:10:25.129+0000] {processor.py:183} INFO - Processing /opt/airflow/dags/isr_pipeline.py took 0.588 seconds
[2026-04-03T10:10:55.383+0000] {processor.py:161} INFO - Started process (PID=47879) to work on /opt/airflow/dags/isr_pipeline.py
[2026-04-03T10:10:55.391+0000] {processor.py:830} INFO - Processing file /opt/airflow/dags/isr_pipeline.py for tasks to queue
[2026-04-03T10:10:55.401+0000] {logging_mixin.py:188} INFO - [2026-04-03T10:10:55.398+0000] {dagbag.py:540} INFO - Filling up the DagBag from /opt/airflow/dags/isr_pipeline.py
[2026-04-03T10:10:55.522+0000] {processor.py:840} INFO - DAG(s) 'isr_pipeline' retrieved from /opt/airflow/dags/isr_pipeline.py
[2026-04-03T10:10:55.720+0000] {logging_mixin.py:188} INFO - [2026-04-03T10:10:55.719+0000] {dag.py:3096} INFO - Sync 1 DAGs
[2026-04-03T10:10:55.944+0000] {processor.py:183} INFO - Processing /opt/airflow/dags/isr_pipeline.py took 0.603 seconds
[2026-04-03T10:11:26.490+0000] {processor.py:161} INFO - Started process (PID=47884) to work on /opt/airflow/dags/isr_pipeline.py
[2026-04-03T10:11:26.498+0000] {processor.py:830} INFO - Processing file /opt/airflow/dags/isr_pipeline.py for tasks to queue
[2026-04-03T10:11:26.505+0000] {logging_mixin.py:188} INFO - [2026-04-03T10:11:26.503+0000] {dagbag.py:540} INFO - Filling up the DagBag from /opt/airflow/dags/isr_pipeline.py
[2026-04-03T10:11:26.596+0000] {processor.py:840} INFO - DAG(s) 'isr_pipeline' retrieved from /opt/airflow/dags/isr_pipeline.py
[2026-04-03T10:11:26.781+0000] {logging_mixin.py:188} INFO - [2026-04-03T10:11:26.780+0000] {dag.py:3096} INFO - Sync 1 DAGs
[2026-04-03T10:11:26.990+0000] {processor.py:183} INFO - Processing /opt/airflow/dags/isr_pipeline.py took 0.541 seconds
[2026-04-03T10:11:57.383+0000] {processor.py:161} INFO - Started process (PID=47889) to work on /opt/airflow/dags/isr_pipeline.py
[2026-04-03T10:11:57.392+0000] {processor.py:830} INFO - Processing file /opt/airflow/dags/isr_pipeline.py for tasks to queue
[2026-04-03T10:11:57.412+0000] {logging_mixin.py:188} INFO - [2026-04-03T10:11:57.406+0000] {dagbag.py:540} INFO - Filling up the DagBag from /opt/airflow/dags/isr_pipeline.py
[2026-04-03T10:11:57.507+0000] {processor.py:840} INFO - DAG(s) 'isr_pipeline' retrieved from /opt/airflow/dags/isr_pipeline.py
[2026-04-03T10:11:57.710+0000] {logging_mixin.py:188} INFO - [2026-04-03T10:11:57.709+0000] {dag.py:3096} INFO - Sync 1 DAGs
[2026-04-03T10:11:57.932+0000] {processor.py:183} INFO - Processing /opt/airflow/dags/isr_pipeline.py took 0.587 seconds
[2026-04-03T10:12:28.448+0000] {processor.py:161} INFO - Started process (PID=47894) to work on /opt/airflow/dags/isr_pipeline.py
[2026-04-03T10:12:28.455+0000] {processor.py:830} INFO - Processing file /opt/airflow/dags/isr_pipeline.py for tasks to queue
[2026-04-03T10:12:28.463+0000] {logging_mixin.py:188} INFO - [2026-04-03T10:12:28.461+0000] {dagbag.py:540} INFO - Filling up the DagBag from /opt/airflow/dags/isr_pipeline.py
[2026-04-03T10:12:28.553+0000] {processor.py:840} INFO - DAG(s) 'isr_pipeline' retrieved from /opt/airflow/dags/isr_pipeline.py
[2026-04-03T10:12:28.758+0000] {logging_mixin.py:188} INFO - [2026-04-03T10:12:28.757+0000] {dag.py:3096} INFO - Sync 1 DAGs
[2026-04-03T10:12:28.987+0000] {processor.py:183} INFO - Processing /opt/airflow/dags/isr_pipeline.py took 0.579 seconds
[2026-04-03T10:12:59.557+0000] {processor.py:161} INFO - Started process (PID=47899) to work on /opt/airflow/dags/isr_pipeline.py
[2026-04-03T10:12:59.564+0000] {processor.py:830} INFO - Processing file /opt/airflow/dags/isr_pipeline.py for tasks to queue
[2026-04-03T10:12:59.572+0000] {logging_mixin.py:188} INFO - [2026-04-03T10:12:59.570+0000] {dagbag.py:540} INFO - Filling up the DagBag from /opt/airflow/dags/isr_pipeline.py
[2026-04-03T10:12:59.663+0000] {processor.py:840} INFO - DAG(s) 'isr_pipeline' retrieved from /opt/airflow/dags/isr_pipeline.py
[2026-04-03T10:12:59.852+0000] {logging_mixin.py:188} INFO - [2026-04-03T10:12:59.851+0000] {dag.py:3096} INFO - Sync 1 DAGs
[2026-04-03T10:13:00.074+0000] {processor.py:183} INFO - Processing /opt/airflow/dags/isr_pipeline.py took 0.556 seconds
[2026-04-03T10:43:26.361+0000] {processor.py:161} INFO - Started process (PID=47905) to work on /opt/airflow/dags/isr_pipeline.py
[2026-04-03T10:43:26.365+0000] {processor.py:830} INFO - Processing file /opt/airflow/dags/isr_pipeline.py for tasks to queue
[2026-04-03T10:43:26.368+0000] {logging_mixin.py:188} INFO - [2026-04-03T10:43:26.368+0000] {dagbag.py:540} INFO - Filling up the DagBag from /opt/airflow/dags/isr_pipeline.py
[2026-04-03T10:43:26.395+0000] {processor.py:840} INFO - DAG(s) 'isr_pipeline' retrieved from /opt/airflow/dags/isr_pipeline.py
[2026-04-03T10:43:26.455+0000] {logging_mixin.py:188} INFO - [2026-04-03T10:43:26.454+0000] {dag.py:3096} INFO - Sync 1 DAGs
[2026-04-03T10:43:26.517+0000] {processor.py:183} INFO - Processing /opt/airflow/dags/isr_pipeline.py took 0.166 seconds
[2026-04-03T10:43:56.721+0000] {processor.py:161} INFO - Started process (PID=47910) to work on /opt/airflow/dags/isr_pipeline.py
[2026-04-03T10:43:56.723+0000] {processor.py:830} INFO - Processing file /opt/airflow/dags/isr_pipeline.py for tasks to queue
[2026-04-03T10:43:56.724+0000] {logging_mixin.py:188} INFO - [2026-04-03T10:43:56.724+0000] {dagbag.py:540} INFO - Filling up the DagBag from /opt/airflow/dags/isr_pipeline.py
[2026-04-03T10:43:56.740+0000] {processor.py:840} INFO - DAG(s) 'isr_pipeline' retrieved from /opt/airflow/dags/isr_pipeline.py
[2026-04-03T10:43:56.772+0000] {logging_mixin.py:188} INFO - [2026-04-03T10:43:56.772+0000] {dag.py:3096} INFO - Sync 1 DAGs
[2026-04-03T10:43:56.809+0000] {processor.py:183} INFO - Processing /opt/airflow/dags/isr_pipeline.py took 0.095 seconds
[2026-04-03T10:44:26.399+0000] {processor.py:161} INFO - Started process (PID=47918) to work on /opt/airflow/dags/isr_pipeline.py
[2026-04-03T10:44:26.401+0000] {processor.py:830} INFO - Processing file /opt/airflow/dags/isr_pipeline.py for tasks to queue
[2026-04-03T10:44:26.402+0000] {logging_mixin.py:188} INFO - [2026-04-03T10:44:26.402+0000] {dagbag.py:540} INFO - Filling up the DagBag from /opt/airflow/dags/isr_pipeline.py
[2026-04-03T10:44:26.424+0000] {processor.py:840} INFO - DAG(s) 'isr_pipeline' retrieved from /opt/airflow/dags/isr_pipeline.py
[2026-04-03T10:44:26.463+0000] {logging_mixin.py:188} INFO - [2026-04-03T10:44:26.463+0000] {dag.py:3096} INFO - Sync 1 DAGs
[2026-04-03T10:44:26.502+0000] {processor.py:183} INFO - Processing /opt/airflow/dags/isr_pipeline.py took 0.110 seconds
[2026-04-03T10:44:56.566+0000] {processor.py:161} INFO - Started process (PID=47923) to work on /opt/airflow/dags/isr_pipeline.py
[2026-04-03T10:44:56.568+0000] {processor.py:830} INFO - Processing file /opt/airflow/dags/isr_pipeline.py for tasks to queue
[2026-04-03T10:44:56.569+0000] {logging_mixin.py:188} INFO - [2026-04-03T10:44:56.569+0000] {dagbag.py:540} INFO - Filling up the DagBag from /opt/airflow/dags/isr_pipeline.py
[2026-04-03T10:44:56.586+0000] {processor.py:840} INFO - DAG(s) 'isr_pipeline' retrieved from /opt/airflow/dags/isr_pipeline.py
[2026-04-03T10:44:56.627+0000] {logging_mixin.py:188} INFO - [2026-04-03T10:44:56.627+0000] {dag.py:3096} INFO - Sync 1 DAGs
[2026-04-03T10:44:56.666+0000] {processor.py:183} INFO - Processing /opt/airflow/dags/isr_pipeline.py took 0.106 seconds
[2026-04-03T10:45:26.806+0000] {processor.py:161} INFO - Started process (PID=47928) to work on /opt/airflow/dags/isr_pipeline.py
[2026-04-03T10:45:26.808+0000] {processor.py:830} INFO - Processing file /opt/airflow/dags/isr_pipeline.py for tasks to queue
[2026-04-03T10:45:26.810+0000] {logging_mixin.py:188} INFO - [2026-04-03T10:45:26.809+0000] {dagbag.py:540} INFO - Filling up the DagBag from /opt/airflow/dags/isr_pipeline.py
[2026-04-03T10:45:26.828+0000] {processor.py:840} INFO - DAG(s) 'isr_pipeline' retrieved from /opt/airflow/dags/isr_pipeline.py
[2026-04-03T10:45:26.862+0000] {logging_mixin.py:188} INFO - [2026-04-03T10:45:26.862+0000] {dag.py:3096} INFO - Sync 1 DAGs
[2026-04-03T10:45:26.899+0000] {processor.py:183} INFO - Processing /opt/airflow/dags/isr_pipeline.py took 0.100 seconds
[2026-04-03T10:45:56.953+0000] {processor.py:161} INFO - Started process (PID=47933) to work on /opt/airflow/dags/isr_pipeline.py
[2026-04-03T10:45:56.955+0000] {processor.py:830} INFO - Processing file /opt/airflow/dags/isr_pipeline.py for tasks to queue
[2026-04-03T10:45:56.957+0000] {logging_mixin.py:188} INFO - [2026-04-03T10:45:56.956+0000] {dagbag.py:540} INFO - Filling up the DagBag from /opt/airflow/dags/isr_pipeline.py
[2026-04-03T10:45:56.973+0000] {processor.py:840} INFO - DAG(s) 'isr_pipeline' retrieved from /opt/airflow/dags/isr_pipeline.py
[2026-04-03T10:45:57.013+0000] {logging_mixin.py:188} INFO - [2026-04-03T10:45:57.013+0000] {dag.py:3096} INFO - Sync 1 DAGs
[2026-04-03T10:45:57.055+0000] {processor.py:183} INFO - Processing /opt/airflow/dags/isr_pipeline.py took 0.108 seconds
[2026-04-03T10:46:27.239+0000] {processor.py:161} INFO - Started process (PID=47938) to work on /opt/airflow/dags/isr_pipeline.py
[2026-04-03T10:46:27.241+0000] {processor.py:830} INFO - Processing file /opt/airflow/dags/isr_pipeline.py for tasks to queue
[2026-04-03T10:46:27.242+0000] {logging_mixin.py:188} INFO - [2026-04-03T10:46:27.242+0000] {dagbag.py:540} INFO - Filling up the DagBag from /opt/airflow/dags/isr_pipeline.py
[2026-04-03T10:46:27.258+0000] {processor.py:840} INFO - DAG(s) 'isr_pipeline' retrieved from /opt/airflow/dags/isr_pipeline.py
[2026-04-03T10:46:27.292+0000] {logging_mixin.py:188} INFO - [2026-04-03T10:46:27.292+0000] {dag.py:3096} INFO - Sync 1 DAGs
[2026-04-03T10:46:27.334+0000] {processor.py:183} INFO - Processing /opt/airflow/dags/isr_pipeline.py took 0.102 seconds
[2026-04-03T10:46:57.464+0000] {processor.py:161} INFO - Started process (PID=47943) to work on /opt/airflow/dags/isr_pipeline.py
[2026-04-03T10:46:57.465+0000] {processor.py:830} INFO - Processing file /opt/airflow/dags/isr_pipeline.py for tasks to queue
[2026-04-03T10:46:57.466+0000] {logging_mixin.py:188} INFO - [2026-04-03T10:46:57.466+0000] {dagbag.py:540} INFO - Filling up the DagBag from /opt/airflow/dags/isr_pipeline.py
[2026-04-03T10:46:57.483+0000] {processor.py:840} INFO - DAG(s) 'isr_pipeline' retrieved from /opt/airflow/dags/isr_pipeline.py
[2026-04-03T10:46:57.519+0000] {logging_mixin.py:188} INFO - [2026-04-03T10:46:57.519+0000] {dag.py:3096} INFO - Sync 1 DAGs
[2026-04-03T10:46:57.556+0000] {processor.py:183} INFO - Processing /opt/airflow/dags/isr_pipeline.py took 0.101 seconds
[2026-04-03T10:47:27.794+0000] {processor.py:161} INFO - Started process (PID=47948) to work on /opt/airflow/dags/isr_pipeline.py
[2026-04-03T10:47:27.795+0000] {processor.py:830} INFO - Processing file /opt/airflow/dags/isr_pipeline.py for tasks to queue
[2026-04-03T10:47:27.796+0000] {logging_mixin.py:188} INFO - [2026-04-03T10:47:27.796+0000] {dagbag.py:540} INFO - Filling up the DagBag from /opt/airflow/dags/isr_pipeline.py
[2026-04-03T10:47:27.812+0000] {processor.py:840} INFO - DAG(s) 'isr_pipeline' retrieved from /opt/airflow/dags/isr_pipeline.py
[2026-04-03T10:47:27.847+0000] {logging_mixin.py:188} INFO - [2026-04-03T10:47:27.847+0000] {dag.py:3096} INFO - Sync 1 DAGs
[2026-04-03T10:47:27.882+0000] {processor.py:183} INFO - Processing /opt/airflow/dags/isr_pipeline.py took 0.095 seconds
[2026-04-03T10:47:58.030+0000] {processor.py:161} INFO - Started process (PID=47953) to work on /opt/airflow/dags/isr_pipeline.py
[2026-04-03T10:47:58.031+0000] {processor.py:830} INFO - Processing file /opt/airflow/dags/isr_pipeline.py for tasks to queue
[2026-04-03T10:47:58.033+0000] {logging_mixin.py:188} INFO - [2026-04-03T10:47:58.032+0000] {dagbag.py:540} INFO - Filling up the DagBag from /opt/airflow/dags/isr_pipeline.py
[2026-04-03T10:47:58.048+0000] {processor.py:840} INFO - DAG(s) 'isr_pipeline' retrieved from /opt/airflow/dags/isr_pipeline.py
[2026-04-03T10:47:58.082+0000] {logging_mixin.py:188} INFO - [2026-04-03T10:47:58.082+0000] {dag.py:3096} INFO - Sync 1 DAGs
[2026-04-03T10:47:58.118+0000] {processor.py:183} INFO - Processing /opt/airflow/dags/isr_pipeline.py took 0.095 seconds
[2026-04-03T10:48:28.274+0000] {processor.py:161} INFO - Started process (PID=47958) to work on /opt/airflow/dags/isr_pipeline.py
[2026-04-03T10:48:28.276+0000] {processor.py:830} INFO - Processing file /opt/airflow/dags/isr_pipeline.py for tasks to queue
[2026-04-03T10:48:28.277+0000] {logging_mixin.py:188} INFO - [2026-04-03T10:48:28.277+0000] {dagbag.py:540} INFO - Filling up the DagBag from /opt/airflow/dags/isr_pipeline.py
[2026-04-03T10:48:28.294+0000] {processor.py:840} INFO - DAG(s) 'isr_pipeline' retrieved from /opt/airflow/dags/isr_pipeline.py
[2026-04-03T10:48:28.327+0000] {logging_mixin.py:188} INFO - [2026-04-03T10:48:28.327+0000] {dag.py:3096} INFO - Sync 1 DAGs
[2026-04-03T10:48:28.361+0000] {processor.py:183} INFO - Processing /opt/airflow/dags/isr_pipeline.py took 0.093 seconds
[2026-04-03T10:48:58.549+0000] {processor.py:161} INFO - Started process (PID=47963) to work on /opt/airflow/dags/isr_pipeline.py
[2026-04-03T10:48:58.550+0000] {processor.py:830} INFO - Processing file /opt/airflow/dags/isr_pipeline.py for tasks to queue
[2026-04-03T10:48:58.552+0000] {logging_mixin.py:188} INFO - [2026-04-03T10:48:58.552+0000] {dagbag.py:540} INFO - Filling up the DagBag from /opt/airflow/dags/isr_pipeline.py
[2026-04-03T10:48:58.568+0000] {processor.py:840} INFO - DAG(s) 'isr_pipeline' retrieved from /opt/airflow/dags/isr_pipeline.py
[2026-04-03T10:48:58.610+0000] {logging_mixin.py:188} INFO - [2026-04-03T10:48:58.610+0000] {dag.py:3096} INFO - Sync 1 DAGs
[2026-04-03T10:48:58.650+0000] {processor.py:183} INFO - Processing /opt/airflow/dags/isr_pipeline.py took 0.107 seconds
[2026-04-03T10:49:28.781+0000] {processor.py:161} INFO - Started process (PID=47968) to work on /opt/airflow/dags/isr_pipeline.py
[2026-04-03T10:49:28.782+0000] {processor.py:830} INFO - Processing file /opt/airflow/dags/isr_pipeline.py for tasks to queue
[2026-04-03T10:49:28.784+0000] {logging_mixin.py:188} INFO - [2026-04-03T10:49:28.783+0000] {dagbag.py:540} INFO - Filling up the DagBag from /opt/airflow/dags/isr_pipeline.py
[2026-04-03T10:49:28.800+0000] {processor.py:840} INFO - DAG(s) 'isr_pipeline' retrieved from /opt/airflow/dags/isr_pipeline.py
[2026-04-03T10:49:28.836+0000] {logging_mixin.py:188} INFO - [2026-04-03T10:49:28.836+0000] {dag.py:3096} INFO - Sync 1 DAGs
[2026-04-03T10:49:28.876+0000] {processor.py:183} INFO - Processing /opt/airflow/dags/isr_pipeline.py took 0.102 seconds
[2026-04-03T10:52:21.657+0000] {processor.py:161} INFO - Started process (PID=47973) to work on /opt/airflow/dags/isr_pipeline.py
[2026-04-03T10:52:21.661+0000] {processor.py:830} INFO - Processing file /opt/airflow/dags/isr_pipeline.py for tasks to queue
[2026-04-03T10:52:21.663+0000] {logging_mixin.py:188} INFO - [2026-04-03T10:52:21.662+0000] {dagbag.py:540} INFO - Filling up the DagBag from /opt/airflow/dags/isr_pipeline.py
[2026-04-03T10:52:21.692+0000] {processor.py:840} INFO - DAG(s) 'isr_pipeline' retrieved from /opt/airflow/dags/isr_pipeline.py
[2026-04-03T10:52:21.748+0000] {logging_mixin.py:188} INFO - [2026-04-03T10:52:21.748+0000] {dag.py:3096} INFO - Sync 1 DAGs
[2026-04-03T10:52:21.963+0000] {processor.py:183} INFO - Processing /opt/airflow/dags/isr_pipeline.py took 0.316 seconds
[2026-04-03T10:52:52.367+0000] {processor.py:161} INFO - Started process (PID=47978) to work on /opt/airflow/dags/isr_pipeline.py
[2026-04-03T10:52:52.373+0000] {processor.py:830} INFO - Processing file /opt/airflow/dags/isr_pipeline.py for tasks to queue
[2026-04-03T10:52:52.380+0000] {logging_mixin.py:188} INFO - [2026-04-03T10:52:52.378+0000] {dagbag.py:540} INFO - Filling up the DagBag from /opt/airflow/dags/isr_pipeline.py
[2026-04-03T10:52:52.463+0000] {processor.py:840} INFO - DAG(s) 'isr_pipeline' retrieved from /opt/airflow/dags/isr_pipeline.py
[2026-04-03T10:52:52.647+0000] {logging_mixin.py:188} INFO - [2026-04-03T10:52:52.645+0000] {dag.py:3096} INFO - Sync 1 DAGs
[2026-04-03T10:52:52.839+0000] {processor.py:183} INFO - Processing /opt/airflow/dags/isr_pipeline.py took 0.509 seconds
[2026-04-03T11:06:06.140+0000] {processor.py:161} INFO - Started process (PID=47984) to work on /opt/airflow/dags/isr_pipeline.py
[2026-04-03T11:06:06.141+0000] {processor.py:830} INFO - Processing file /opt/airflow/dags/isr_pipeline.py for tasks to queue
[2026-04-03T11:06:06.143+0000] {logging_mixin.py:188} INFO - [2026-04-03T11:06:06.143+0000] {dagbag.py:540} INFO - Filling up the DagBag from /opt/airflow/dags/isr_pipeline.py
[2026-04-03T11:06:06.165+0000] {processor.py:840} INFO - DAG(s) 'isr_pipeline' retrieved from /opt/airflow/dags/isr_pipeline.py
[2026-04-03T11:06:06.232+0000] {logging_mixin.py:188} INFO - [2026-04-03T11:06:06.231+0000] {dag.py:3096} INFO - Sync 1 DAGs
[2026-04-03T11:06:06.315+0000] {processor.py:183} INFO - Processing /opt/airflow/dags/isr_pipeline.py took 0.185 seconds
[2026-04-03T11:06:36.789+0000] {processor.py:161} INFO - Started process (PID=47989) to work on /opt/airflow/dags/isr_pipeline.py
[2026-04-03T11:06:36.796+0000] {processor.py:830} INFO - Processing file /opt/airflow/dags/isr_pipeline.py for tasks to queue
[2026-04-03T11:06:36.803+0000] {logging_mixin.py:188} INFO - [2026-04-03T11:06:36.801+0000] {dagbag.py:540} INFO - Filling up the DagBag from /opt/airflow/dags/isr_pipeline.py
[2026-04-03T11:06:36.883+0000] {processor.py:840} INFO - DAG(s) 'isr_pipeline' retrieved from /opt/airflow/dags/isr_pipeline.py
[2026-04-03T11:06:37.065+0000] {logging_mixin.py:188} INFO - [2026-04-03T11:06:37.064+0000] {dag.py:3096} INFO - Sync 1 DAGs
[2026-04-03T11:06:37.257+0000] {processor.py:183} INFO - Processing /opt/airflow/dags/isr_pipeline.py took 0.505 seconds
[2026-04-03T11:24:09.778+0000] {processor.py:161} INFO - Started process (PID=47995) to work on /opt/airflow/dags/isr_pipeline.py
[2026-04-03T11:24:09.780+0000] {processor.py:830} INFO - Processing file /opt/airflow/dags/isr_pipeline.py for tasks to queue
[2026-04-03T11:24:09.783+0000] {logging_mixin.py:188} INFO - [2026-04-03T11:24:09.783+0000] {dagbag.py:540} INFO - Filling up the DagBag from /opt/airflow/dags/isr_pipeline.py
[2026-04-03T11:24:09.808+0000] {processor.py:840} INFO - DAG(s) 'isr_pipeline' retrieved from /opt/airflow/dags/isr_pipeline.py
[2026-04-03T11:24:09.854+0000] {logging_mixin.py:188} INFO - [2026-04-03T11:24:09.854+0000] {dag.py:3096} INFO - Sync 1 DAGs
[2026-04-03T11:24:10.062+0000] {processor.py:183} INFO - Processing /opt/airflow/dags/isr_pipeline.py took 0.297 seconds
[2026-04-03T11:24:40.274+0000] {processor.py:161} INFO - Started process (PID=48000) to work on /opt/airflow/dags/isr_pipeline.py
[2026-04-03T11:24:40.280+0000] {processor.py:830} INFO - Processing file /opt/airflow/dags/isr_pipeline.py for tasks to queue
[2026-04-03T11:24:40.287+0000] {logging_mixin.py:188} INFO - [2026-04-03T11:24:40.285+0000] {dagbag.py:540} INFO - Filling up the DagBag from /opt/airflow/dags/isr_pipeline.py
[2026-04-03T11:24:40.371+0000] {processor.py:840} INFO - DAG(s) 'isr_pipeline' retrieved from /opt/airflow/dags/isr_pipeline.py
[2026-04-03T11:24:40.541+0000] {logging_mixin.py:188} INFO - [2026-04-03T11:24:40.540+0000] {dag.py:3096} INFO - Sync 1 DAGs
[2026-04-03T11:24:40.737+0000] {processor.py:183} INFO - Processing /opt/airflow/dags/isr_pipeline.py took 0.499 seconds
[2026-04-03T11:25:10.962+0000] {processor.py:161} INFO - Started process (PID=48005) to work on /opt/airflow/dags/isr_pipeline.py
[2026-04-03T11:25:10.967+0000] {processor.py:830} INFO - Processing file /opt/airflow/dags/isr_pipeline.py for tasks to queue
[2026-04-03T11:25:10.974+0000] {logging_mixin.py:188} INFO - [2026-04-03T11:25:10.972+0000] {dagbag.py:540} INFO - Filling up the DagBag from /opt/airflow/dags/isr_pipeline.py
[2026-04-03T11:25:11.057+0000] {processor.py:840} INFO - DAG(s) 'isr_pipeline' retrieved from /opt/airflow/dags/isr_pipeline.py
[2026-04-03T11:25:11.237+0000] {logging_mixin.py:188} INFO - [2026-04-03T11:25:11.236+0000] {dag.py:3096} INFO - Sync 1 DAGs
[2026-04-03T11:25:11.430+0000] {processor.py:183} INFO - Processing /opt/airflow/dags/isr_pipeline.py took 0.504 seconds
[2026-04-03T11:25:41.657+0000] {processor.py:161} INFO - Started process (PID=48010) to work on /opt/airflow/dags/isr_pipeline.py
[2026-04-03T11:25:41.667+0000] {processor.py:830} INFO - Processing file /opt/airflow/dags/isr_pipeline.py for tasks to queue
[2026-04-03T11:25:41.676+0000] {logging_mixin.py:188} INFO - [2026-04-03T11:25:41.673+0000] {dagbag.py:540} INFO - Filling up the DagBag from /opt/airflow/dags/isr_pipeline.py
[2026-04-03T11:25:41.769+0000] {processor.py:840} INFO - DAG(s) 'isr_pipeline' retrieved from /opt/airflow/dags/isr_pipeline.py
[2026-04-03T11:25:41.966+0000] {logging_mixin.py:188} INFO - [2026-04-03T11:25:41.965+0000] {dag.py:3096} INFO - Sync 1 DAGs
[2026-04-03T11:25:42.169+0000] {processor.py:183} INFO - Processing /opt/airflow/dags/isr_pipeline.py took 0.573 seconds
[2026-04-03T11:26:12.665+0000] {processor.py:161} INFO - Started process (PID=48015) to work on /opt/airflow/dags/isr_pipeline.py
[2026-04-03T11:26:12.671+0000] {processor.py:830} INFO - Processing file /opt/airflow/dags/isr_pipeline.py for tasks to queue
[2026-04-03T11:26:12.678+0000] {logging_mixin.py:188} INFO - [2026-04-03T11:26:12.676+0000] {dagbag.py:540} INFO - Filling up the DagBag from /opt/airflow/dags/isr_pipeline.py
[2026-04-03T11:26:12.760+0000] {processor.py:840} INFO - DAG(s) 'isr_pipeline' retrieved from /opt/airflow/dags/isr_pipeline.py
[2026-04-03T11:26:12.934+0000] {logging_mixin.py:188} INFO - [2026-04-03T11:26:12.933+0000] {dag.py:3096} INFO - Sync 1 DAGs
[2026-04-03T11:26:13.125+0000] {processor.py:183} INFO - Processing /opt/airflow/dags/isr_pipeline.py took 0.498 seconds
[2026-04-03T11:26:43.633+0000] {processor.py:161} INFO - Started process (PID=48020) to work on /opt/airflow/dags/isr_pipeline.py
[2026-04-03T11:26:43.641+0000] {processor.py:830} INFO - Processing file /opt/airflow/dags/isr_pipeline.py for tasks to queue
[2026-04-03T11:26:43.650+0000] {logging_mixin.py:188} INFO - [2026-04-03T11:26:43.648+0000] {dagbag.py:540} INFO - Filling up the DagBag from /opt/airflow/dags/isr_pipeline.py
[2026-04-03T11:26:43.735+0000] {processor.py:840} INFO - DAG(s) 'isr_pipeline' retrieved from /opt/airflow/dags/isr_pipeline.py
[2026-04-03T11:26:43.903+0000] {logging_mixin.py:188} INFO - [2026-04-03T11:26:43.902+0000] {dag.py:3096} INFO - Sync 1 DAGs
[2026-04-03T11:26:44.096+0000] {processor.py:183} INFO - Processing /opt/airflow/dags/isr_pipeline.py took 0.497 seconds
[2026-04-03T11:27:14.607+0000] {processor.py:161} INFO - Started process (PID=48025) to work on /opt/airflow/dags/isr_pipeline.py
[2026-04-03T11:27:14.614+0000] {processor.py:830} INFO - Processing file /opt/airflow/dags/isr_pipeline.py for tasks to queue
[2026-04-03T11:27:14.621+0000] {logging_mixin.py:188} INFO - [2026-04-03T11:27:14.619+0000] {dagbag.py:540} INFO - Filling up the DagBag from /opt/airflow/dags/isr_pipeline.py
[2026-04-03T11:27:14.705+0000] {processor.py:840} INFO - DAG(s) 'isr_pipeline' retrieved from /opt/airflow/dags/isr_pipeline.py
[2026-04-03T11:27:14.881+0000] {logging_mixin.py:188} INFO - [2026-04-03T11:27:14.880+0000] {dag.py:3096} INFO - Sync 1 DAGs
[2026-04-03T11:27:15.076+0000] {processor.py:183} INFO - Processing /opt/airflow/dags/isr_pipeline.py took 0.506 seconds
[2026-04-03T11:27:45.332+0000] {processor.py:161} INFO - Started process (PID=48030) to work on /opt/airflow/dags/isr_pipeline.py
[2026-04-03T11:27:45.339+0000] {processor.py:830} INFO - Processing file /opt/airflow/dags/isr_pipeline.py for tasks to queue
[2026-04-03T11:27:45.347+0000] {logging_mixin.py:188} INFO - [2026-04-03T11:27:45.345+0000] {dagbag.py:540} INFO - Filling up the DagBag from /opt/airflow/dags/isr_pipeline.py
[2026-04-03T11:27:45.429+0000] {processor.py:840} INFO - DAG(s) 'isr_pipeline' retrieved from /opt/airflow/dags/isr_pipeline.py
[2026-04-03T11:27:45.616+0000] {logging_mixin.py:188} INFO - [2026-04-03T11:27:45.615+0000] {dag.py:3096} INFO - Sync 1 DAGs
[2026-04-03T11:27:45.817+0000] {processor.py:183} INFO - Processing /opt/airflow/dags/isr_pipeline.py took 0.521 seconds
[2026-04-03T11:28:16.286+0000] {processor.py:161} INFO - Started process (PID=48035) to work on /opt/airflow/dags/isr_pipeline.py
[2026-04-03T11:28:16.293+0000] {processor.py:830} INFO - Processing file /opt/airflow/dags/isr_pipeline.py for tasks to queue
[2026-04-03T11:28:16.300+0000] {logging_mixin.py:188} INFO - [2026-04-03T11:28:16.298+0000] {dagbag.py:540} INFO - Filling up the DagBag from /opt/airflow/dags/isr_pipeline.py
[2026-04-03T11:28:16.382+0000] {processor.py:840} INFO - DAG(s) 'isr_pipeline' retrieved from /opt/airflow/dags/isr_pipeline.py
[2026-04-03T11:28:16.557+0000] {logging_mixin.py:188} INFO - [2026-04-03T11:28:16.556+0000] {dag.py:3096} INFO - Sync 1 DAGs
[2026-04-03T11:28:16.750+0000] {processor.py:183} INFO - Processing /opt/airflow/dags/isr_pipeline.py took 0.501 seconds
[2026-04-03T11:28:47.176+0000] {processor.py:161} INFO - Started process (PID=48040) to work on /opt/airflow/dags/isr_pipeline.py
[2026-04-03T11:28:47.183+0000] {processor.py:830} INFO - Processing file /opt/airflow/dags/isr_pipeline.py for tasks to queue
[2026-04-03T11:28:47.190+0000] {logging_mixin.py:188} INFO - [2026-04-03T11:28:47.188+0000] {dagbag.py:540} INFO - Filling up the DagBag from /opt/airflow/dags/isr_pipeline.py
[2026-04-03T11:28:47.270+0000] {processor.py:840} INFO - DAG(s) 'isr_pipeline' retrieved from /opt/airflow/dags/isr_pipeline.py
[2026-04-03T11:28:47.437+0000] {logging_mixin.py:188} INFO - [2026-04-03T11:28:47.436+0000] {dag.py:3096} INFO - Sync 1 DAGs
[2026-04-03T11:28:47.626+0000] {processor.py:183} INFO - Processing /opt/airflow/dags/isr_pipeline.py took 0.483 seconds
[2026-04-03T11:29:18.145+0000] {processor.py:161} INFO - Started process (PID=48045) to work on /opt/airflow/dags/isr_pipeline.py
[2026-04-03T11:29:18.151+0000] {processor.py:830} INFO - Processing file /opt/airflow/dags/isr_pipeline.py for tasks to queue
[2026-04-03T11:29:18.156+0000] {logging_mixin.py:188} INFO - [2026-04-03T11:29:18.155+0000] {dagbag.py:540} INFO - Filling up the DagBag from /opt/airflow/dags/isr_pipeline.py
[2026-04-03T11:29:18.228+0000] {processor.py:840} INFO - DAG(s) 'isr_pipeline' retrieved from /opt/airflow/dags/isr_pipeline.py
[2026-04-03T11:29:18.370+0000] {logging_mixin.py:188} INFO - [2026-04-03T11:29:18.369+0000] {dag.py:3096} INFO - Sync 1 DAGs
[2026-04-03T11:29:18.532+0000] {processor.py:183} INFO - Processing /opt/airflow/dags/isr_pipeline.py took 0.416 seconds
[2026-04-03T11:29:48.874+0000] {processor.py:161} INFO - Started process (PID=48050) to work on /opt/airflow/dags/isr_pipeline.py
[2026-04-03T11:29:48.879+0000] {processor.py:830} INFO - Processing file /opt/airflow/dags/isr_pipeline.py for tasks to queue
[2026-04-03T11:29:48.885+0000] {logging_mixin.py:188} INFO - [2026-04-03T11:29:48.883+0000] {dagbag.py:540} INFO - Filling up the DagBag from /opt/airflow/dags/isr_pipeline.py
[2026-04-03T11:29:48.952+0000] {processor.py:840} INFO - DAG(s) 'isr_pipeline' retrieved from /opt/airflow/dags/isr_pipeline.py
[2026-04-03T11:29:49.090+0000] {logging_mixin.py:188} INFO - [2026-04-03T11:29:49.089+0000] {dag.py:3096} INFO - Sync 1 DAGs
[2026-04-03T11:29:49.250+0000] {processor.py:183} INFO - Processing /opt/airflow/dags/isr_pipeline.py took 0.404 seconds
[2026-04-03T11:30:20.113+0000] {processor.py:161} INFO - Started process (PID=48055) to work on /opt/airflow/dags/isr_pipeline.py
[2026-04-03T11:30:20.120+0000] {processor.py:830} INFO - Processing file /opt/airflow/dags/isr_pipeline.py for tasks to queue
[2026-04-03T11:30:20.128+0000] {logging_mixin.py:188} INFO - [2026-04-03T11:30:20.126+0000] {dagbag.py:540} INFO - Filling up the DagBag from /opt/airflow/dags/isr_pipeline.py
[2026-04-03T11:30:20.194+0000] {processor.py:840} INFO - DAG(s) 'isr_pipeline' retrieved from /opt/airflow/dags/isr_pipeline.py
[2026-04-03T11:30:20.334+0000] {logging_mixin.py:188} INFO - [2026-04-03T11:30:20.333+0000] {dag.py:3096} INFO - Sync 1 DAGs
[2026-04-03T11:30:20.503+0000] {processor.py:183} INFO - Processing /opt/airflow/dags/isr_pipeline.py took 0.420 seconds
[2026-04-03T11:30:50.948+0000] {processor.py:161} INFO - Started process (PID=48060) to work on /opt/airflow/dags/isr_pipeline.py
[2026-04-03T11:30:50.954+0000] {processor.py:830} INFO - Processing file /opt/airflow/dags/isr_pipeline.py for tasks to queue
[2026-04-03T11:30:50.959+0000] {logging_mixin.py:188} INFO - [2026-04-03T11:30:50.958+0000] {dagbag.py:540} INFO - Filling up the DagBag from /opt/airflow/dags/isr_pipeline.py
[2026-04-03T11:30:51.025+0000] {processor.py:840} INFO - DAG(s) 'isr_pipeline' retrieved from /opt/airflow/dags/isr_pipeline.py
[2026-04-03T11:30:51.166+0000] {logging_mixin.py:188} INFO - [2026-04-03T11:30:51.165+0000] {dag.py:3096} INFO - Sync 1 DAGs
[2026-04-03T11:30:51.322+0000] {processor.py:183} INFO - Processing /opt/airflow/dags/isr_pipeline.py took 0.405 seconds
[2026-04-03T11:31:21.777+0000] {processor.py:161} INFO - Started process (PID=48065) to work on /opt/airflow/dags/isr_pipeline.py
[2026-04-03T11:31:21.784+0000] {processor.py:830} INFO - Processing file /opt/airflow/dags/isr_pipeline.py for tasks to queue
[2026-04-03T11:31:21.798+0000] {logging_mixin.py:188} INFO - [2026-04-03T11:31:21.793+0000] {dagbag.py:540} INFO - Filling up the DagBag from /opt/airflow/dags/isr_pipeline.py
[2026-04-03T11:31:21.884+0000] {processor.py:840} INFO - DAG(s) 'isr_pipeline' retrieved from /opt/airflow/dags/isr_pipeline.py
[2026-04-03T11:31:22.042+0000] {logging_mixin.py:188} INFO - [2026-04-03T11:31:22.041+0000] {dag.py:3096} INFO - Sync 1 DAGs
[2026-04-03T11:31:22.212+0000] {processor.py:183} INFO - Processing /opt/airflow/dags/isr_pipeline.py took 0.465 seconds
[2026-04-03T11:31:52.554+0000] {processor.py:161} INFO - Started process (PID=48070) to work on /opt/airflow/dags/isr_pipeline.py
[2026-04-03T11:31:52.560+0000] {processor.py:830} INFO - Processing file /opt/airflow/dags/isr_pipeline.py for tasks to queue
[2026-04-03T11:31:52.566+0000] {logging_mixin.py:188} INFO - [2026-04-03T11:31:52.565+0000] {dagbag.py:540} INFO - Filling up the DagBag from /opt/airflow/dags/isr_pipeline.py
[2026-04-03T11:31:52.633+0000] {processor.py:840} INFO - DAG(s) 'isr_pipeline' retrieved from /opt/airflow/dags/isr_pipeline.py
[2026-04-03T11:31:52.775+0000] {logging_mixin.py:188} INFO - [2026-04-03T11:31:52.774+0000] {dag.py:3096} INFO - Sync 1 DAGs
[2026-04-03T11:31:52.936+0000] {processor.py:183} INFO - Processing /opt/airflow/dags/isr_pipeline.py took 0.410 seconds
[2026-04-03T11:32:23.366+0000] {processor.py:161} INFO - Started process (PID=48075) to work on /opt/airflow/dags/isr_pipeline.py
[2026-04-03T11:32:23.372+0000] {processor.py:830} INFO - Processing file /opt/airflow/dags/isr_pipeline.py for tasks to queue
[2026-04-03T11:32:23.377+0000] {logging_mixin.py:188} INFO - [2026-04-03T11:32:23.376+0000] {dagbag.py:540} INFO - Filling up the DagBag from /opt/airflow/dags/isr_pipeline.py
[2026-04-03T11:32:23.443+0000] {processor.py:840} INFO - DAG(s) 'isr_pipeline' retrieved from /opt/airflow/dags/isr_pipeline.py
[2026-04-03T11:32:23.593+0000] {logging_mixin.py:188} INFO - [2026-04-03T11:32:23.592+0000] {dag.py:3096} INFO - Sync 1 DAGs
[2026-04-03T11:32:23.765+0000] {processor.py:183} INFO - Processing /opt/airflow/dags/isr_pipeline.py took 0.429 seconds
[2026-04-03T11:32:54.214+0000] {processor.py:161} INFO - Started process (PID=48080) to work on /opt/airflow/dags/isr_pipeline.py
[2026-04-03T11:32:54.220+0000] {processor.py:830} INFO - Processing file /opt/airflow/dags/isr_pipeline.py for tasks to queue
[2026-04-03T11:32:54.225+0000] {logging_mixin.py:188} INFO - [2026-04-03T11:32:54.224+0000] {dagbag.py:540} INFO - Filling up the DagBag from /opt/airflow/dags/isr_pipeline.py
[2026-04-03T11:32:54.291+0000] {processor.py:840} INFO - DAG(s) 'isr_pipeline' retrieved from /opt/airflow/dags/isr_pipeline.py
[2026-04-03T11:32:54.443+0000] {logging_mixin.py:188} INFO - [2026-04-03T11:32:54.442+0000] {dag.py:3096} INFO - Sync 1 DAGs
[2026-04-03T11:32:54.600+0000] {processor.py:183} INFO - Processing /opt/airflow/dags/isr_pipeline.py took 0.425 seconds
[2026-04-03T11:33:24.970+0000] {processor.py:161} INFO - Started process (PID=48085) to work on /opt/airflow/dags/isr_pipeline.py
[2026-04-03T11:33:24.976+0000] {processor.py:830} INFO - Processing file /opt/airflow/dags/isr_pipeline.py for tasks to queue
[2026-04-03T11:33:24.982+0000] {logging_mixin.py:188} INFO - [2026-04-03T11:33:24.980+0000] {dagbag.py:540} INFO - Filling up the DagBag from /opt/airflow/dags/isr_pipeline.py
[2026-04-03T11:33:25.054+0000] {processor.py:840} INFO - DAG(s) 'isr_pipeline' retrieved from /opt/airflow/dags/isr_pipeline.py
[2026-04-03T11:33:25.245+0000] {logging_mixin.py:188} INFO - [2026-04-03T11:33:25.243+0000] {dag.py:3096} INFO - Sync 1 DAGs
[2026-04-03T11:33:25.411+0000] {processor.py:183} INFO - Processing /opt/airflow/dags/isr_pipeline.py took 0.469 seconds
[2026-04-03T11:33:55.841+0000] {processor.py:161} INFO - Started process (PID=48090) to work on /opt/airflow/dags/isr_pipeline.py
[2026-04-03T11:33:55.850+0000] {processor.py:830} INFO - Processing file /opt/airflow/dags/isr_pipeline.py for tasks to queue
[2026-04-03T11:33:55.855+0000] {logging_mixin.py:188} INFO - [2026-04-03T11:33:55.854+0000] {dagbag.py:540} INFO - Filling up the DagBag from /opt/airflow/dags/isr_pipeline.py
[2026-04-03T11:33:55.926+0000] {processor.py:840} INFO - DAG(s) 'isr_pipeline' retrieved from /opt/airflow/dags/isr_pipeline.py
[2026-04-03T11:33:56.069+0000] {logging_mixin.py:188} INFO - [2026-04-03T11:33:56.068+0000] {dag.py:3096} INFO - Sync 1 DAGs
[2026-04-03T11:33:56.235+0000] {processor.py:183} INFO - Processing /opt/airflow/dags/isr_pipeline.py took 0.422 seconds
[2026-04-03T11:34:26.718+0000] {processor.py:161} INFO - Started process (PID=48095) to work on /opt/airflow/dags/isr_pipeline.py
[2026-04-03T11:34:26.723+0000] {processor.py:830} INFO - Processing file /opt/airflow/dags/isr_pipeline.py for tasks to queue
[2026-04-03T11:34:26.729+0000] {logging_mixin.py:188} INFO - [2026-04-03T11:34:26.728+0000] {dagbag.py:540} INFO - Filling up the DagBag from /opt/airflow/dags/isr_pipeline.py
[2026-04-03T11:34:26.796+0000] {processor.py:840} INFO - DAG(s) 'isr_pipeline' retrieved from /opt/airflow/dags/isr_pipeline.py
[2026-04-03T11:34:26.943+0000] {logging_mixin.py:188} INFO - [2026-04-03T11:34:26.942+0000] {dag.py:3096} INFO - Sync 1 DAGs
[2026-04-03T11:34:27.119+0000] {processor.py:183} INFO - Processing /opt/airflow/dags/isr_pipeline.py took 0.429 seconds
[2026-04-03T11:34:57.583+0000] {processor.py:161} INFO - Started process (PID=48100) to work on /opt/airflow/dags/isr_pipeline.py
[2026-04-03T11:34:57.589+0000] {processor.py:830} INFO - Processing file /opt/airflow/dags/isr_pipeline.py for tasks to queue
[2026-04-03T11:34:57.596+0000] {logging_mixin.py:188} INFO - [2026-04-03T11:34:57.594+0000] {dagbag.py:540} INFO - Filling up the DagBag from /opt/airflow/dags/isr_pipeline.py
[2026-04-03T11:34:57.663+0000] {processor.py:840} INFO - DAG(s) 'isr_pipeline' retrieved from /opt/airflow/dags/isr_pipeline.py
[2026-04-03T11:34:57.806+0000] {logging_mixin.py:188} INFO - [2026-04-03T11:34:57.805+0000] {dag.py:3096} INFO - Sync 1 DAGs
[2026-04-03T11:34:57.968+0000] {processor.py:183} INFO - Processing /opt/airflow/dags/isr_pipeline.py took 0.416 seconds
[2026-04-03T11:35:28.404+0000] {processor.py:161} INFO - Started process (PID=48105) to work on /opt/airflow/dags/isr_pipeline.py
[2026-04-03T11:35:28.410+0000] {processor.py:830} INFO - Processing file /opt/airflow/dags/isr_pipeline.py for tasks to queue
[2026-04-03T11:35:28.415+0000] {logging_mixin.py:188} INFO - [2026-04-03T11:35:28.414+0000] {dagbag.py:540} INFO - Filling up the DagBag from /opt/airflow/dags/isr_pipeline.py
[2026-04-03T11:35:28.480+0000] {processor.py:840} INFO - DAG(s) 'isr_pipeline' retrieved from /opt/airflow/dags/isr_pipeline.py
[2026-04-03T11:35:28.617+0000] {logging_mixin.py:188} INFO - [2026-04-03T11:35:28.616+0000] {dag.py:3096} INFO - Sync 1 DAGs
[2026-04-03T11:35:28.775+0000] {processor.py:183} INFO - Processing /opt/airflow/dags/isr_pipeline.py took 0.399 seconds
[2026-04-03T11:35:59.199+0000] {processor.py:161} INFO - Started process (PID=48110) to work on /opt/airflow/dags/isr_pipeline.py
[2026-04-03T11:35:59.205+0000] {processor.py:830} INFO - Processing file /opt/airflow/dags/isr_pipeline.py for tasks to queue
[2026-04-03T11:35:59.211+0000] {logging_mixin.py:188} INFO - [2026-04-03T11:35:59.210+0000] {dagbag.py:540} INFO - Filling up the DagBag from /opt/airflow/dags/isr_pipeline.py
[2026-04-03T11:35:59.279+0000] {processor.py:840} INFO - DAG(s) 'isr_pipeline' retrieved from /opt/airflow/dags/isr_pipeline.py
[2026-04-03T11:35:59.419+0000] {logging_mixin.py:188} INFO - [2026-04-03T11:35:59.418+0000] {dag.py:3096} INFO - Sync 1 DAGs
[2026-04-03T11:35:59.580+0000] {processor.py:183} INFO - Processing /opt/airflow/dags/isr_pipeline.py took 0.409 seconds
[2026-04-03T11:36:30.025+0000] {processor.py:161} INFO - Started process (PID=48115) to work on /opt/airflow/dags/isr_pipeline.py
[2026-04-03T11:36:30.031+0000] {processor.py:830} INFO - Processing file /opt/airflow/dags/isr_pipeline.py for tasks to queue
[2026-04-03T11:36:30.037+0000] {logging_mixin.py:188} INFO - [2026-04-03T11:36:30.036+0000] {dagbag.py:540} INFO - Filling up the DagBag from /opt/airflow/dags/isr_pipeline.py
[2026-04-03T11:36:30.116+0000] {processor.py:840} INFO - DAG(s) 'isr_pipeline' retrieved from /opt/airflow/dags/isr_pipeline.py
[2026-04-03T11:36:30.264+0000] {logging_mixin.py:188} INFO - [2026-04-03T11:36:30.263+0000] {dag.py:3096} INFO - Sync 1 DAGs
[2026-04-03T11:36:30.435+0000] {processor.py:183} INFO - Processing /opt/airflow/dags/isr_pipeline.py took 0.444 seconds
[2026-04-03T11:37:00.837+0000] {processor.py:161} INFO - Started process (PID=48120) to work on /opt/airflow/dags/isr_pipeline.py
[2026-04-03T11:37:00.842+0000] {processor.py:830} INFO - Processing file /opt/airflow/dags/isr_pipeline.py for tasks to queue
[2026-04-03T11:37:00.848+0000] {logging_mixin.py:188} INFO - [2026-04-03T11:37:00.847+0000] {dagbag.py:540} INFO - Filling up the DagBag from /opt/airflow/dags/isr_pipeline.py
[2026-04-03T11:37:00.917+0000] {processor.py:840} INFO - DAG(s) 'isr_pipeline' retrieved from /opt/airflow/dags/isr_pipeline.py
[2026-04-03T11:37:01.062+0000] {logging_mixin.py:188} INFO - [2026-04-03T11:37:01.061+0000] {dag.py:3096} INFO - Sync 1 DAGs
[2026-04-03T11:37:01.233+0000] {processor.py:183} INFO - Processing /opt/airflow/dags/isr_pipeline.py took 0.426 seconds
[2026-04-03T11:37:31.662+0000] {processor.py:161} INFO - Started process (PID=48125) to work on /opt/airflow/dags/isr_pipeline.py
[2026-04-03T11:37:31.670+0000] {processor.py:830} INFO - Processing file /opt/airflow/dags/isr_pipeline.py for tasks to queue
[2026-04-03T11:37:31.675+0000] {logging_mixin.py:188} INFO - [2026-04-03T11:37:31.674+0000] {dagbag.py:540} INFO - Filling up the DagBag from /opt/airflow/dags/isr_pipeline.py
[2026-04-03T11:37:31.742+0000] {processor.py:840} INFO - DAG(s) 'isr_pipeline' retrieved from /opt/airflow/dags/isr_pipeline.py
[2026-04-03T11:37:31.886+0000] {logging_mixin.py:188} INFO - [2026-04-03T11:37:31.885+0000] {dag.py:3096} INFO - Sync 1 DAGs
[2026-04-03T11:37:32.046+0000] {processor.py:183} INFO - Processing /opt/airflow/dags/isr_pipeline.py took 0.415 seconds
[2026-04-03T11:38:02.474+0000] {processor.py:161} INFO - Started process (PID=48130) to work on /opt/airflow/dags/isr_pipeline.py
[2026-04-03T11:38:02.480+0000] {processor.py:830} INFO - Processing file /opt/airflow/dags/isr_pipeline.py for tasks to queue
[2026-04-03T11:38:02.484+0000] {logging_mixin.py:188} INFO - [2026-04-03T11:38:02.483+0000] {dagbag.py:540} INFO - Filling up the DagBag from /opt/airflow/dags/isr_pipeline.py
[2026-04-03T11:38:02.552+0000] {processor.py:840} INFO - DAG(s) 'isr_pipeline' retrieved from /opt/airflow/dags/isr_pipeline.py
[2026-04-03T11:38:02.696+0000] {logging_mixin.py:188} INFO - [2026-04-03T11:38:02.695+0000] {dag.py:3096} INFO - Sync 1 DAGs
[2026-04-03T11:38:02.857+0000] {processor.py:183} INFO - Processing /opt/airflow/dags/isr_pipeline.py took 0.413 seconds
[2026-04-03T11:38:33.298+0000] {processor.py:161} INFO - Started process (PID=48135) to work on /opt/airflow/dags/isr_pipeline.py
[2026-04-03T11:38:33.304+0000] {processor.py:830} INFO - Processing file /opt/airflow/dags/isr_pipeline.py for tasks to queue
[2026-04-03T11:38:33.310+0000] {logging_mixin.py:188} INFO - [2026-04-03T11:38:33.308+0000] {dagbag.py:540} INFO - Filling up the DagBag from /opt/airflow/dags/isr_pipeline.py
[2026-04-03T11:38:33.376+0000] {processor.py:840} INFO - DAG(s) 'isr_pipeline' retrieved from /opt/airflow/dags/isr_pipeline.py
[2026-04-03T11:38:33.512+0000] {logging_mixin.py:188} INFO - [2026-04-03T11:38:33.511+0000] {dag.py:3096} INFO - Sync 1 DAGs
[2026-04-03T11:38:33.668+0000] {processor.py:183} INFO - Processing /opt/airflow/dags/isr_pipeline.py took 0.397 seconds
[2026-04-03T11:39:04.073+0000] {processor.py:161} INFO - Started process (PID=48140) to work on /opt/airflow/dags/isr_pipeline.py
[2026-04-03T11:39:04.082+0000] {processor.py:830} INFO - Processing file /opt/airflow/dags/isr_pipeline.py for tasks to queue
[2026-04-03T11:39:04.088+0000] {logging_mixin.py:188} INFO - [2026-04-03T11:39:04.087+0000] {dagbag.py:540} INFO - Filling up the DagBag from /opt/airflow/dags/isr_pipeline.py
[2026-04-03T11:39:04.156+0000] {processor.py:840} INFO - DAG(s) 'isr_pipeline' retrieved from /opt/airflow/dags/isr_pipeline.py
[2026-04-03T11:39:04.298+0000] {logging_mixin.py:188} INFO - [2026-04-03T11:39:04.297+0000] {dag.py:3096} INFO - Sync 1 DAGs
[2026-04-03T11:39:04.457+0000] {processor.py:183} INFO - Processing /opt/airflow/dags/isr_pipeline.py took 0.417 seconds
[2026-04-03T11:39:34.957+0000] {processor.py:161} INFO - Started process (PID=48145) to work on /opt/airflow/dags/isr_pipeline.py
[2026-04-03T11:39:34.963+0000] {processor.py:830} INFO - Processing file /opt/airflow/dags/isr_pipeline.py for tasks to queue
[2026-04-03T11:39:34.969+0000] {logging_mixin.py:188} INFO - [2026-04-03T11:39:34.968+0000] {dagbag.py:540} INFO - Filling up the DagBag from /opt/airflow/dags/isr_pipeline.py
[2026-04-03T11:39:35.041+0000] {processor.py:840} INFO - DAG(s) 'isr_pipeline' retrieved from /opt/airflow/dags/isr_pipeline.py
[2026-04-03T11:39:35.210+0000] {logging_mixin.py:188} INFO - [2026-04-03T11:39:35.209+0000] {dag.py:3096} INFO - Sync 1 DAGs
[2026-04-03T11:39:35.372+0000] {processor.py:183} INFO - Processing /opt/airflow/dags/isr_pipeline.py took 0.446 seconds
[2026-04-03T11:40:05.711+0000] {processor.py:161} INFO - Started process (PID=48150) to work on /opt/airflow/dags/isr_pipeline.py
[2026-04-03T11:40:05.719+0000] {processor.py:830} INFO - Processing file /opt/airflow/dags/isr_pipeline.py for tasks to queue
[2026-04-03T11:40:05.725+0000] {logging_mixin.py:188} INFO - [2026-04-03T11:40:05.723+0000] {dagbag.py:540} INFO - Filling up the DagBag from /opt/airflow/dags/isr_pipeline.py
[2026-04-03T11:40:05.790+0000] {processor.py:840} INFO - DAG(s) 'isr_pipeline' retrieved from /opt/airflow/dags/isr_pipeline.py
[2026-04-03T11:40:05.928+0000] {logging_mixin.py:188} INFO - [2026-04-03T11:40:05.927+0000] {dag.py:3096} INFO - Sync 1 DAGs
[2026-04-03T11:40:06.084+0000] {processor.py:183} INFO - Processing /opt/airflow/dags/isr_pipeline.py took 0.402 seconds
[2026-04-03T11:40:36.497+0000] {processor.py:161} INFO - Started process (PID=48155) to work on /opt/airflow/dags/isr_pipeline.py
[2026-04-03T11:40:36.503+0000] {processor.py:830} INFO - Processing file /opt/airflow/dags/isr_pipeline.py for tasks to queue
[2026-04-03T11:40:36.508+0000] {logging_mixin.py:188} INFO - [2026-04-03T11:40:36.507+0000] {dagbag.py:540} INFO - Filling up the DagBag from /opt/airflow/dags/isr_pipeline.py
[2026-04-03T11:40:36.575+0000] {processor.py:840} INFO - DAG(s) 'isr_pipeline' retrieved from /opt/airflow/dags/isr_pipeline.py
[2026-04-03T11:40:36.717+0000] {logging_mixin.py:188} INFO - [2026-04-03T11:40:36.717+0000] {dag.py:3096} INFO - Sync 1 DAGs
[2026-04-03T11:40:36.874+0000] {processor.py:183} INFO - Processing /opt/airflow/dags/isr_pipeline.py took 0.408 seconds
[2026-04-03T11:41:07.328+0000] {processor.py:161} INFO - Started process (PID=48160) to work on /opt/airflow/dags/isr_pipeline.py
[2026-04-03T11:41:07.333+0000] {processor.py:830} INFO - Processing file /opt/airflow/dags/isr_pipeline.py for tasks to queue
[2026-04-03T11:41:07.339+0000] {logging_mixin.py:188} INFO - [2026-04-03T11:41:07.337+0000] {dagbag.py:540} INFO - Filling up the DagBag from /opt/airflow/dags/isr_pipeline.py
[2026-04-03T11:41:07.405+0000] {processor.py:840} INFO - DAG(s) 'isr_pipeline' retrieved from /opt/airflow/dags/isr_pipeline.py
[2026-04-03T11:41:07.548+0000] {logging_mixin.py:188} INFO - [2026-04-03T11:41:07.547+0000] {dag.py:3096} INFO - Sync 1 DAGs
[2026-04-03T11:41:07.705+0000] {processor.py:183} INFO - Processing /opt/airflow/dags/isr_pipeline.py took 0.408 seconds
[2026-04-03T11:41:38.132+0000] {processor.py:161} INFO - Started process (PID=48165) to work on /opt/airflow/dags/isr_pipeline.py
[2026-04-03T11:41:38.138+0000] {processor.py:830} INFO - Processing file /opt/airflow/dags/isr_pipeline.py for tasks to queue
[2026-04-03T11:41:38.143+0000] {logging_mixin.py:188} INFO - [2026-04-03T11:41:38.142+0000] {dagbag.py:540} INFO - Filling up the DagBag from /opt/airflow/dags/isr_pipeline.py
[2026-04-03T11:41:38.211+0000] {processor.py:840} INFO - DAG(s) 'isr_pipeline' retrieved from /opt/airflow/dags/isr_pipeline.py
[2026-04-03T11:41:38.353+0000] {logging_mixin.py:188} INFO - [2026-04-03T11:41:38.352+0000] {dag.py:3096} INFO - Sync 1 DAGs
[2026-04-03T11:41:38.513+0000] {processor.py:183} INFO - Processing /opt/airflow/dags/isr_pipeline.py took 0.411 seconds
[2026-04-03T11:42:08.921+0000] {processor.py:161} INFO - Started process (PID=48170) to work on /opt/airflow/dags/isr_pipeline.py
[2026-04-03T11:42:08.927+0000] {processor.py:830} INFO - Processing file /opt/airflow/dags/isr_pipeline.py for tasks to queue
[2026-04-03T11:42:08.933+0000] {logging_mixin.py:188} INFO - [2026-04-03T11:42:08.931+0000] {dagbag.py:540} INFO - Filling up the DagBag from /opt/airflow/dags/isr_pipeline.py
[2026-04-03T11:42:09.007+0000] {processor.py:840} INFO - DAG(s) 'isr_pipeline' retrieved from /opt/airflow/dags/isr_pipeline.py
[2026-04-03T11:42:09.147+0000] {logging_mixin.py:188} INFO - [2026-04-03T11:42:09.146+0000] {dag.py:3096} INFO - Sync 1 DAGs
[2026-04-03T11:42:09.292+0000] {processor.py:183} INFO - Processing /opt/airflow/dags/isr_pipeline.py took 0.424 seconds
[2026-04-03T11:42:39.728+0000] {processor.py:161} INFO - Started process (PID=48175) to work on /opt/airflow/dags/isr_pipeline.py
[2026-04-03T11:42:39.734+0000] {processor.py:830} INFO - Processing file /opt/airflow/dags/isr_pipeline.py for tasks to queue
[2026-04-03T11:42:39.743+0000] {logging_mixin.py:188} INFO - [2026-04-03T11:42:39.741+0000] {dagbag.py:540} INFO - Filling up the DagBag from /opt/airflow/dags/isr_pipeline.py
[2026-04-03T11:42:39.811+0000] {processor.py:840} INFO - DAG(s) 'isr_pipeline' retrieved from /opt/airflow/dags/isr_pipeline.py
[2026-04-03T11:42:39.957+0000] {logging_mixin.py:188} INFO - [2026-04-03T11:42:39.956+0000] {dag.py:3096} INFO - Sync 1 DAGs
[2026-04-03T11:42:40.121+0000] {processor.py:183} INFO - Processing /opt/airflow/dags/isr_pipeline.py took 0.422 seconds
[2026-04-03T11:43:10.561+0000] {processor.py:161} INFO - Started process (PID=48180) to work on /opt/airflow/dags/isr_pipeline.py
[2026-04-03T11:43:10.567+0000] {processor.py:830} INFO - Processing file /opt/airflow/dags/isr_pipeline.py for tasks to queue
[2026-04-03T11:43:10.572+0000] {logging_mixin.py:188} INFO - [2026-04-03T11:43:10.571+0000] {dagbag.py:540} INFO - Filling up the DagBag from /opt/airflow/dags/isr_pipeline.py
[2026-04-03T11:43:10.640+0000] {processor.py:840} INFO - DAG(s) 'isr_pipeline' retrieved from /opt/airflow/dags/isr_pipeline.py
[2026-04-03T11:43:10.779+0000] {logging_mixin.py:188} INFO - [2026-04-03T11:43:10.778+0000] {dag.py:3096} INFO - Sync 1 DAGs
[2026-04-03T11:43:10.936+0000] {processor.py:183} INFO - Processing /opt/airflow/dags/isr_pipeline.py took 0.401 seconds
[2026-04-03T11:43:41.392+0000] {processor.py:161} INFO - Started process (PID=48185) to work on /opt/airflow/dags/isr_pipeline.py
[2026-04-03T11:43:41.398+0000] {processor.py:830} INFO - Processing file /opt/airflow/dags/isr_pipeline.py for tasks to queue
[2026-04-03T11:43:41.404+0000] {logging_mixin.py:188} INFO - [2026-04-03T11:43:41.402+0000] {dagbag.py:540} INFO - Filling up the DagBag from /opt/airflow/dags/isr_pipeline.py
[2026-04-03T11:43:41.475+0000] {processor.py:840} INFO - DAG(s) 'isr_pipeline' retrieved from /opt/airflow/dags/isr_pipeline.py
[2026-04-03T11:43:41.619+0000] {logging_mixin.py:188} INFO - [2026-04-03T11:43:41.618+0000] {dag.py:3096} INFO - Sync 1 DAGs
[2026-04-03T11:43:41.796+0000] {processor.py:183} INFO - Processing /opt/airflow/dags/isr_pipeline.py took 0.435 seconds
[2026-04-03T11:44:12.286+0000] {processor.py:161} INFO - Started process (PID=48190) to work on /opt/airflow/dags/isr_pipeline.py
[2026-04-03T11:44:12.291+0000] {processor.py:830} INFO - Processing file /opt/airflow/dags/isr_pipeline.py for tasks to queue
[2026-04-03T11:44:12.297+0000] {logging_mixin.py:188} INFO - [2026-04-03T11:44:12.295+0000] {dagbag.py:540} INFO - Filling up the DagBag from /opt/airflow/dags/isr_pipeline.py
[2026-04-03T11:44:12.362+0000] {processor.py:840} INFO - DAG(s) 'isr_pipeline' retrieved from /opt/airflow/dags/isr_pipeline.py
[2026-04-03T11:44:12.506+0000] {logging_mixin.py:188} INFO - [2026-04-03T11:44:12.505+0000] {dag.py:3096} INFO - Sync 1 DAGs
[2026-04-03T11:44:12.663+0000] {processor.py:183} INFO - Processing /opt/airflow/dags/isr_pipeline.py took 0.408 seconds
[2026-04-03T11:44:43.084+0000] {processor.py:161} INFO - Started process (PID=48195) to work on /opt/airflow/dags/isr_pipeline.py
[2026-04-03T11:44:43.090+0000] {processor.py:830} INFO - Processing file /opt/airflow/dags/isr_pipeline.py for tasks to queue
[2026-04-03T11:44:43.096+0000] {logging_mixin.py:188} INFO - [2026-04-03T11:44:43.094+0000] {dagbag.py:540} INFO - Filling up the DagBag from /opt/airflow/dags/isr_pipeline.py
[2026-04-03T11:44:43.164+0000] {processor.py:840} INFO - DAG(s) 'isr_pipeline' retrieved from /opt/airflow/dags/isr_pipeline.py
[2026-04-03T11:44:43.305+0000] {logging_mixin.py:188} INFO - [2026-04-03T11:44:43.304+0000] {dag.py:3096} INFO - Sync 1 DAGs
[2026-04-03T11:44:43.477+0000] {processor.py:183} INFO - Processing /opt/airflow/dags/isr_pipeline.py took 0.422 seconds
[2026-04-03T11:45:13.943+0000] {processor.py:161} INFO - Started process (PID=48200) to work on /opt/airflow/dags/isr_pipeline.py
[2026-04-03T11:45:13.949+0000] {processor.py:830} INFO - Processing file /opt/airflow/dags/isr_pipeline.py for tasks to queue
[2026-04-03T11:45:13.956+0000] {logging_mixin.py:188} INFO - [2026-04-03T11:45:13.954+0000] {dagbag.py:540} INFO - Filling up the DagBag from /opt/airflow/dags/isr_pipeline.py
[2026-04-03T11:45:14.024+0000] {processor.py:840} INFO - DAG(s) 'isr_pipeline' retrieved from /opt/airflow/dags/isr_pipeline.py
[2026-04-03T11:45:14.167+0000] {logging_mixin.py:188} INFO - [2026-04-03T11:45:14.166+0000] {dag.py:3096} INFO - Sync 1 DAGs
[2026-04-03T11:45:14.326+0000] {processor.py:183} INFO - Processing /opt/airflow/dags/isr_pipeline.py took 0.412 seconds
[2026-04-03T11:45:44.700+0000] {processor.py:161} INFO - Started process (PID=48205) to work on /opt/airflow/dags/isr_pipeline.py
[2026-04-03T11:45:44.706+0000] {processor.py:830} INFO - Processing file /opt/airflow/dags/isr_pipeline.py for tasks to queue
[2026-04-03T11:45:44.712+0000] {logging_mixin.py:188} INFO - [2026-04-03T11:45:44.711+0000] {dagbag.py:540} INFO - Filling up the DagBag from /opt/airflow/dags/isr_pipeline.py
[2026-04-03T11:45:44.781+0000] {processor.py:840} INFO - DAG(s) 'isr_pipeline' retrieved from /opt/airflow/dags/isr_pipeline.py
[2026-04-03T11:45:44.921+0000] {logging_mixin.py:188} INFO - [2026-04-03T11:45:44.920+0000] {dag.py:3096} INFO - Sync 1 DAGs
[2026-04-03T11:45:45.084+0000] {processor.py:183} INFO - Processing /opt/airflow/dags/isr_pipeline.py took 0.412 seconds
[2026-04-03T11:46:15.482+0000] {processor.py:161} INFO - Started process (PID=48210) to work on /opt/airflow/dags/isr_pipeline.py
[2026-04-03T11:46:15.488+0000] {processor.py:830} INFO - Processing file /opt/airflow/dags/isr_pipeline.py for tasks to queue
[2026-04-03T11:46:15.494+0000] {logging_mixin.py:188} INFO - [2026-04-03T11:46:15.492+0000] {dagbag.py:540} INFO - Filling up the DagBag from /opt/airflow/dags/isr_pipeline.py
[2026-04-03T11:46:15.563+0000] {processor.py:840} INFO - DAG(s) 'isr_pipeline' retrieved from /opt/airflow/dags/isr_pipeline.py
[2026-04-03T11:46:15.706+0000] {logging_mixin.py:188} INFO - [2026-04-03T11:46:15.705+0000] {dag.py:3096} INFO - Sync 1 DAGs
[2026-04-03T11:46:15.863+0000] {processor.py:183} INFO - Processing /opt/airflow/dags/isr_pipeline.py took 0.412 seconds
[2026-04-03T11:46:46.288+0000] {processor.py:161} INFO - Started process (PID=48215) to work on /opt/airflow/dags/isr_pipeline.py
[2026-04-03T11:46:46.294+0000] {processor.py:830} INFO - Processing file /opt/airflow/dags/isr_pipeline.py for tasks to queue
[2026-04-03T11:46:46.300+0000] {logging_mixin.py:188} INFO - [2026-04-03T11:46:46.298+0000] {dagbag.py:540} INFO - Filling up the DagBag from /opt/airflow/dags/isr_pipeline.py
[2026-04-03T11:46:46.367+0000] {processor.py:840} INFO - DAG(s) 'isr_pipeline' retrieved from /opt/airflow/dags/isr_pipeline.py
[2026-04-03T11:46:46.511+0000] {logging_mixin.py:188} INFO - [2026-04-03T11:46:46.510+0000] {dag.py:3096} INFO - Sync 1 DAGs
[2026-04-03T11:46:46.672+0000] {processor.py:183} INFO - Processing /opt/airflow/dags/isr_pipeline.py took 0.414 seconds
[2026-04-03T11:47:17.018+0000] {processor.py:161} INFO - Started process (PID=48220) to work on /opt/airflow/dags/isr_pipeline.py
[2026-04-03T11:47:17.024+0000] {processor.py:830} INFO - Processing file /opt/airflow/dags/isr_pipeline.py for tasks to queue
[2026-04-03T11:47:17.030+0000] {logging_mixin.py:188} INFO - [2026-04-03T11:47:17.029+0000] {dagbag.py:540} INFO - Filling up the DagBag from /opt/airflow/dags/isr_pipeline.py
[2026-04-03T11:47:17.098+0000] {processor.py:840} INFO - DAG(s) 'isr_pipeline' retrieved from /opt/airflow/dags/isr_pipeline.py
[2026-04-03T11:47:17.233+0000] {logging_mixin.py:188} INFO - [2026-04-03T11:47:17.232+0000] {dag.py:3096} INFO - Sync 1 DAGs
[2026-04-03T11:47:17.392+0000] {processor.py:183} INFO - Processing /opt/airflow/dags/isr_pipeline.py took 0.402 seconds
[2026-04-03T11:47:47.801+0000] {processor.py:161} INFO - Started process (PID=48225) to work on /opt/airflow/dags/isr_pipeline.py
[2026-04-03T11:47:47.807+0000] {processor.py:830} INFO - Processing file /opt/airflow/dags/isr_pipeline.py for tasks to queue
[2026-04-03T11:47:47.813+0000] {logging_mixin.py:188} INFO - [2026-04-03T11:47:47.812+0000] {dagbag.py:540} INFO - Filling up the DagBag from /opt/airflow/dags/isr_pipeline.py
[2026-04-03T11:47:47.882+0000] {processor.py:840} INFO - DAG(s) 'isr_pipeline' retrieved from /opt/airflow/dags/isr_pipeline.py
[2026-04-03T11:47:48.026+0000] {logging_mixin.py:188} INFO - [2026-04-03T11:47:48.025+0000] {dag.py:3096} INFO - Sync 1 DAGs
[2026-04-03T11:47:48.194+0000] {processor.py:183} INFO - Processing /opt/airflow/dags/isr_pipeline.py took 0.422 seconds
[2026-04-03T11:48:18.623+0000] {processor.py:161} INFO - Started process (PID=48230) to work on /opt/airflow/dags/isr_pipeline.py
[2026-04-03T11:48:18.630+0000] {processor.py:830} INFO - Processing file /opt/airflow/dags/isr_pipeline.py for tasks to queue
[2026-04-03T11:48:18.640+0000] {logging_mixin.py:188} INFO - [2026-04-03T11:48:18.638+0000] {dagbag.py:540} INFO - Filling up the DagBag from /opt/airflow/dags/isr_pipeline.py
[2026-04-03T11:48:18.716+0000] {processor.py:840} INFO - DAG(s) 'isr_pipeline' retrieved from /opt/airflow/dags/isr_pipeline.py
[2026-04-03T11:48:18.858+0000] {logging_mixin.py:188} INFO - [2026-04-03T11:48:18.857+0000] {dag.py:3096} INFO - Sync 1 DAGs
[2026-04-03T11:48:19.014+0000] {processor.py:183} INFO - Processing /opt/airflow/dags/isr_pipeline.py took 0.422 seconds
[2026-04-03T11:53:22.848+0000] {processor.py:161} INFO - Started process (PID=48236) to work on /opt/airflow/dags/isr_pipeline.py
[2026-04-03T11:53:22.851+0000] {processor.py:830} INFO - Processing file /opt/airflow/dags/isr_pipeline.py for tasks to queue
[2026-04-03T11:53:22.853+0000] {logging_mixin.py:188} INFO - [2026-04-03T11:53:22.852+0000] {dagbag.py:540} INFO - Filling up the DagBag from /opt/airflow/dags/isr_pipeline.py
[2026-04-03T11:53:22.882+0000] {processor.py:840} INFO - DAG(s) 'isr_pipeline' retrieved from /opt/airflow/dags/isr_pipeline.py
[2026-04-03T11:53:22.920+0000] {logging_mixin.py:188} INFO - [2026-04-03T11:53:22.920+0000] {dag.py:3096} INFO - Sync 1 DAGs
[2026-04-03T11:53:23.125+0000] {processor.py:183} INFO - Processing /opt/airflow/dags/isr_pipeline.py took 0.286 seconds
[2026-04-03T11:53:53.270+0000] {processor.py:161} INFO - Started process (PID=48241) to work on /opt/airflow/dags/isr_pipeline.py
[2026-04-03T11:53:53.275+0000] {processor.py:830} INFO - Processing file /opt/airflow/dags/isr_pipeline.py for tasks to queue
[2026-04-03T11:53:53.282+0000] {logging_mixin.py:188} INFO - [2026-04-03T11:53:53.280+0000] {dagbag.py:540} INFO - Filling up the DagBag from /opt/airflow/dags/isr_pipeline.py
[2026-04-03T11:53:53.368+0000] {processor.py:840} INFO - DAG(s) 'isr_pipeline' retrieved from /opt/airflow/dags/isr_pipeline.py
[2026-04-03T11:53:53.540+0000] {logging_mixin.py:188} INFO - [2026-04-03T11:53:53.539+0000] {dag.py:3096} INFO - Sync 1 DAGs
[2026-04-03T11:53:53.728+0000] {processor.py:183} INFO - Processing /opt/airflow/dags/isr_pipeline.py took 0.495 seconds
[2026-04-03T12:18:22.636+0000] {processor.py:161} INFO - Started process (PID=48247) to work on /opt/airflow/dags/isr_pipeline.py
[2026-04-03T12:18:22.639+0000] {processor.py:830} INFO - Processing file /opt/airflow/dags/isr_pipeline.py for tasks to queue
[2026-04-03T12:18:22.645+0000] {logging_mixin.py:188} INFO - [2026-04-03T12:18:22.645+0000] {dagbag.py:540} INFO - Filling up the DagBag from /opt/airflow/dags/isr_pipeline.py
[2026-04-03T12:18:22.670+0000] {processor.py:840} INFO - DAG(s) 'isr_pipeline' retrieved from /opt/airflow/dags/isr_pipeline.py
[2026-04-03T12:18:22.712+0000] {logging_mixin.py:188} INFO - [2026-04-03T12:18:22.711+0000] {dag.py:3096} INFO - Sync 1 DAGs
[2026-04-03T12:18:22.752+0000] {processor.py:183} INFO - Processing /opt/airflow/dags/isr_pipeline.py took 0.127 seconds
[2026-04-03T12:18:52.889+0000] {processor.py:161} INFO - Started process (PID=48252) to work on /opt/airflow/dags/isr_pipeline.py
[2026-04-03T12:18:52.894+0000] {processor.py:830} INFO - Processing file /opt/airflow/dags/isr_pipeline.py for tasks to queue
[2026-04-03T12:18:52.901+0000] {logging_mixin.py:188} INFO - [2026-04-03T12:18:52.899+0000] {dagbag.py:540} INFO - Filling up the DagBag from /opt/airflow/dags/isr_pipeline.py
[2026-04-03T12:18:52.984+0000] {processor.py:840} INFO - DAG(s) 'isr_pipeline' retrieved from /opt/airflow/dags/isr_pipeline.py
[2026-04-03T12:18:53.153+0000] {logging_mixin.py:188} INFO - [2026-04-03T12:18:53.152+0000] {dag.py:3096} INFO - Sync 1 DAGs
[2026-04-03T12:18:53.350+0000] {processor.py:183} INFO - Processing /opt/airflow/dags/isr_pipeline.py took 0.494 seconds
[2026-04-03T12:34:09.784+0000] {processor.py:161} INFO - Started process (PID=48258) to work on /opt/airflow/dags/isr_pipeline.py
[2026-04-03T12:34:09.786+0000] {processor.py:830} INFO - Processing file /opt/airflow/dags/isr_pipeline.py for tasks to queue
[2026-04-03T12:34:09.787+0000] {logging_mixin.py:188} INFO - [2026-04-03T12:34:09.787+0000] {dagbag.py:540} INFO - Filling up the DagBag from /opt/airflow/dags/isr_pipeline.py
[2026-04-03T12:34:09.815+0000] {processor.py:840} INFO - DAG(s) 'isr_pipeline' retrieved from /opt/airflow/dags/isr_pipeline.py
[2026-04-03T12:34:09.857+0000] {logging_mixin.py:188} INFO - [2026-04-03T12:34:09.856+0000] {dag.py:3096} INFO - Sync 1 DAGs
[2026-04-03T12:34:10.016+0000] {processor.py:183} INFO - Processing /opt/airflow/dags/isr_pipeline.py took 0.240 seconds
[2026-04-03T12:34:40.355+0000] {processor.py:161} INFO - Started process (PID=48263) to work on /opt/airflow/dags/isr_pipeline.py
[2026-04-03T12:34:40.362+0000] {processor.py:830} INFO - Processing file /opt/airflow/dags/isr_pipeline.py for tasks to queue
[2026-04-03T12:34:40.369+0000] {logging_mixin.py:188} INFO - [2026-04-03T12:34:40.367+0000] {dagbag.py:540} INFO - Filling up the DagBag from /opt/airflow/dags/isr_pipeline.py
[2026-04-03T12:34:40.458+0000] {processor.py:840} INFO - DAG(s) 'isr_pipeline' retrieved from /opt/airflow/dags/isr_pipeline.py
[2026-04-03T12:34:40.639+0000] {logging_mixin.py:188} INFO - [2026-04-03T12:34:40.638+0000] {dag.py:3096} INFO - Sync 1 DAGs
[2026-04-03T12:34:40.885+0000] {processor.py:183} INFO - Processing /opt/airflow/dags/isr_pipeline.py took 0.566 seconds
[2026-04-03T12:35:11.400+0000] {processor.py:161} INFO - Started process (PID=48268) to work on /opt/airflow/dags/isr_pipeline.py
[2026-04-03T12:35:11.407+0000] {processor.py:830} INFO - Processing file /opt/airflow/dags/isr_pipeline.py for tasks to queue
[2026-04-03T12:35:11.415+0000] {logging_mixin.py:188} INFO - [2026-04-03T12:35:11.412+0000] {dagbag.py:540} INFO - Filling up the DagBag from /opt/airflow/dags/isr_pipeline.py
[2026-04-03T12:35:11.509+0000] {processor.py:840} INFO - DAG(s) 'isr_pipeline' retrieved from /opt/airflow/dags/isr_pipeline.py
[2026-04-03T12:35:11.692+0000] {logging_mixin.py:188} INFO - [2026-04-03T12:35:11.691+0000] {dag.py:3096} INFO - Sync 1 DAGs
[2026-04-03T12:35:11.889+0000] {processor.py:183} INFO - Processing /opt/airflow/dags/isr_pipeline.py took 0.525 seconds
[2026-04-03T12:35:42.134+0000] {processor.py:161} INFO - Started process (PID=48273) to work on /opt/airflow/dags/isr_pipeline.py
[2026-04-03T12:35:42.141+0000] {processor.py:830} INFO - Processing file /opt/airflow/dags/isr_pipeline.py for tasks to queue
[2026-04-03T12:35:42.148+0000] {logging_mixin.py:188} INFO - [2026-04-03T12:35:42.146+0000] {dagbag.py:540} INFO - Filling up the DagBag from /opt/airflow/dags/isr_pipeline.py
[2026-04-03T12:35:42.233+0000] {processor.py:840} INFO - DAG(s) 'isr_pipeline' retrieved from /opt/airflow/dags/isr_pipeline.py
[2026-04-03T12:35:42.406+0000] {logging_mixin.py:188} INFO - [2026-04-03T12:35:42.405+0000] {dag.py:3096} INFO - Sync 1 DAGs
[2026-04-03T12:35:42.620+0000] {processor.py:183} INFO - Processing /opt/airflow/dags/isr_pipeline.py took 0.529 seconds
[2026-04-03T12:36:13.106+0000] {processor.py:161} INFO - Started process (PID=48278) to work on /opt/airflow/dags/isr_pipeline.py
[2026-04-03T12:36:13.114+0000] {processor.py:830} INFO - Processing file /opt/airflow/dags/isr_pipeline.py for tasks to queue
[2026-04-03T12:36:13.120+0000] {logging_mixin.py:188} INFO - [2026-04-03T12:36:13.119+0000] {dagbag.py:540} INFO - Filling up the DagBag from /opt/airflow/dags/isr_pipeline.py
[2026-04-03T12:36:13.204+0000] {processor.py:840} INFO - DAG(s) 'isr_pipeline' retrieved from /opt/airflow/dags/isr_pipeline.py
[2026-04-03T12:36:13.384+0000] {logging_mixin.py:188} INFO - [2026-04-03T12:36:13.381+0000] {dag.py:3096} INFO - Sync 1 DAGs
[2026-04-03T12:36:13.610+0000] {processor.py:183} INFO - Processing /opt/airflow/dags/isr_pipeline.py took 0.542 seconds
[2026-04-03T12:36:44.095+0000] {processor.py:161} INFO - Started process (PID=48283) to work on /opt/airflow/dags/isr_pipeline.py
[2026-04-03T12:36:44.102+0000] {processor.py:830} INFO - Processing file /opt/airflow/dags/isr_pipeline.py for tasks to queue
[2026-04-03T12:36:44.109+0000] {logging_mixin.py:188} INFO - [2026-04-03T12:36:44.107+0000] {dagbag.py:540} INFO - Filling up the DagBag from /opt/airflow/dags/isr_pipeline.py
[2026-04-03T12:36:44.193+0000] {processor.py:840} INFO - DAG(s) 'isr_pipeline' retrieved from /opt/airflow/dags/isr_pipeline.py
[2026-04-03T12:36:44.362+0000] {logging_mixin.py:188} INFO - [2026-04-03T12:36:44.361+0000] {dag.py:3096} INFO - Sync 1 DAGs
[2026-04-03T12:36:44.556+0000] {processor.py:183} INFO - Processing /opt/airflow/dags/isr_pipeline.py took 0.496 seconds
[2026-04-03T12:37:15.059+0000] {processor.py:161} INFO - Started process (PID=48288) to work on /opt/airflow/dags/isr_pipeline.py
[2026-04-03T12:37:15.068+0000] {processor.py:830} INFO - Processing file /opt/airflow/dags/isr_pipeline.py for tasks to queue
[2026-04-03T12:37:15.078+0000] {logging_mixin.py:188} INFO - [2026-04-03T12:37:15.076+0000] {dagbag.py:540} INFO - Filling up the DagBag from /opt/airflow/dags/isr_pipeline.py
[2026-04-03T12:37:15.160+0000] {processor.py:840} INFO - DAG(s) 'isr_pipeline' retrieved from /opt/airflow/dags/isr_pipeline.py
[2026-04-03T12:37:15.339+0000] {logging_mixin.py:188} INFO - [2026-04-03T12:37:15.338+0000] {dag.py:3096} INFO - Sync 1 DAGs
[2026-04-03T12:37:15.539+0000] {processor.py:183} INFO - Processing /opt/airflow/dags/isr_pipeline.py took 0.518 seconds
[2026-04-03T12:37:45.833+0000] {processor.py:161} INFO - Started process (PID=48293) to work on /opt/airflow/dags/isr_pipeline.py
[2026-04-03T12:37:45.840+0000] {processor.py:830} INFO - Processing file /opt/airflow/dags/isr_pipeline.py for tasks to queue
[2026-04-03T12:37:45.847+0000] {logging_mixin.py:188} INFO - [2026-04-03T12:37:45.845+0000] {dagbag.py:540} INFO - Filling up the DagBag from /opt/airflow/dags/isr_pipeline.py
[2026-04-03T12:37:45.936+0000] {processor.py:840} INFO - DAG(s) 'isr_pipeline' retrieved from /opt/airflow/dags/isr_pipeline.py
[2026-04-03T12:37:46.111+0000] {logging_mixin.py:188} INFO - [2026-04-03T12:37:46.110+0000] {dag.py:3096} INFO - Sync 1 DAGs
[2026-04-03T12:37:46.316+0000] {processor.py:183} INFO - Processing /opt/airflow/dags/isr_pipeline.py took 0.521 seconds
[2026-04-03T12:38:16.801+0000] {processor.py:161} INFO - Started process (PID=48298) to work on /opt/airflow/dags/isr_pipeline.py
[2026-04-03T12:38:16.808+0000] {processor.py:830} INFO - Processing file /opt/airflow/dags/isr_pipeline.py for tasks to queue
[2026-04-03T12:38:16.815+0000] {logging_mixin.py:188} INFO - [2026-04-03T12:38:16.813+0000] {dagbag.py:540} INFO - Filling up the DagBag from /opt/airflow/dags/isr_pipeline.py
[2026-04-03T12:38:16.899+0000] {processor.py:840} INFO - DAG(s) 'isr_pipeline' retrieved from /opt/airflow/dags/isr_pipeline.py
[2026-04-03T12:38:17.075+0000] {logging_mixin.py:188} INFO - [2026-04-03T12:38:17.074+0000] {dag.py:3096} INFO - Sync 1 DAGs
[2026-04-03T12:38:17.278+0000] {processor.py:183} INFO - Processing /opt/airflow/dags/isr_pipeline.py took 0.514 seconds
[2026-04-03T12:38:47.678+0000] {processor.py:161} INFO - Started process (PID=48303) to work on /opt/airflow/dags/isr_pipeline.py
[2026-04-03T12:38:47.685+0000] {processor.py:830} INFO - Processing file /opt/airflow/dags/isr_pipeline.py for tasks to queue
[2026-04-03T12:38:47.692+0000] {logging_mixin.py:188} INFO - [2026-04-03T12:38:47.690+0000] {dagbag.py:540} INFO - Filling up the DagBag from /opt/airflow/dags/isr_pipeline.py
[2026-04-03T12:38:47.773+0000] {processor.py:840} INFO - DAG(s) 'isr_pipeline' retrieved from /opt/airflow/dags/isr_pipeline.py
[2026-04-03T12:38:47.945+0000] {logging_mixin.py:188} INFO - [2026-04-03T12:38:47.944+0000] {dag.py:3096} INFO - Sync 1 DAGs
[2026-04-03T12:38:48.153+0000] {processor.py:183} INFO - Processing /opt/airflow/dags/isr_pipeline.py took 0.509 seconds
[2026-04-03T12:39:18.660+0000] {processor.py:161} INFO - Started process (PID=48308) to work on /opt/airflow/dags/isr_pipeline.py
[2026-04-03T12:39:18.668+0000] {processor.py:830} INFO - Processing file /opt/airflow/dags/isr_pipeline.py for tasks to queue
[2026-04-03T12:39:18.674+0000] {logging_mixin.py:188} INFO - [2026-04-03T12:39:18.672+0000] {dagbag.py:540} INFO - Filling up the DagBag from /opt/airflow/dags/isr_pipeline.py
[2026-04-03T12:39:18.761+0000] {processor.py:840} INFO - DAG(s) 'isr_pipeline' retrieved from /opt/airflow/dags/isr_pipeline.py
[2026-04-03T12:39:18.943+0000] {logging_mixin.py:188} INFO - [2026-04-03T12:39:18.942+0000] {dag.py:3096} INFO - Sync 1 DAGs
[2026-04-03T12:39:19.227+0000] {processor.py:183} INFO - Processing /opt/airflow/dags/isr_pipeline.py took 0.603 seconds
[2026-04-03T12:39:49.486+0000] {processor.py:161} INFO - Started process (PID=48313) to work on /opt/airflow/dags/isr_pipeline.py
[2026-04-03T12:39:49.493+0000] {processor.py:830} INFO - Processing file /opt/airflow/dags/isr_pipeline.py for tasks to queue
[2026-04-03T12:39:49.500+0000] {logging_mixin.py:188} INFO - [2026-04-03T12:39:49.498+0000] {dagbag.py:540} INFO - Filling up the DagBag from /opt/airflow/dags/isr_pipeline.py
[2026-04-03T12:39:49.585+0000] {processor.py:840} INFO - DAG(s) 'isr_pipeline' retrieved from /opt/airflow/dags/isr_pipeline.py
[2026-04-03T12:39:49.759+0000] {logging_mixin.py:188} INFO - [2026-04-03T12:39:49.758+0000] {dag.py:3096} INFO - Sync 1 DAGs
[2026-04-03T12:39:49.994+0000] {processor.py:183} INFO - Processing /opt/airflow/dags/isr_pipeline.py took 0.548 seconds
[2026-04-03T12:40:20.542+0000] {processor.py:161} INFO - Started process (PID=48318) to work on /opt/airflow/dags/isr_pipeline.py
[2026-04-03T12:40:20.549+0000] {processor.py:830} INFO - Processing file /opt/airflow/dags/isr_pipeline.py for tasks to queue
[2026-04-03T12:40:20.555+0000] {logging_mixin.py:188} INFO - [2026-04-03T12:40:20.553+0000] {dagbag.py:540} INFO - Filling up the DagBag from /opt/airflow/dags/isr_pipeline.py
[2026-04-03T12:40:20.639+0000] {processor.py:840} INFO - DAG(s) 'isr_pipeline' retrieved from /opt/airflow/dags/isr_pipeline.py
[2026-04-03T12:40:20.815+0000] {logging_mixin.py:188} INFO - [2026-04-03T12:40:20.814+0000] {dag.py:3096} INFO - Sync 1 DAGs
[2026-04-03T12:40:21.068+0000] {processor.py:183} INFO - Processing /opt/airflow/dags/isr_pipeline.py took 0.564 seconds
[2026-04-03T12:40:51.277+0000] {processor.py:161} INFO - Started process (PID=48323) to work on /opt/airflow/dags/isr_pipeline.py
[2026-04-03T12:40:51.285+0000] {processor.py:830} INFO - Processing file /opt/airflow/dags/isr_pipeline.py for tasks to queue
[2026-04-03T12:40:51.291+0000] {logging_mixin.py:188} INFO - [2026-04-03T12:40:51.289+0000] {dagbag.py:540} INFO - Filling up the DagBag from /opt/airflow/dags/isr_pipeline.py
[2026-04-03T12:40:51.376+0000] {processor.py:840} INFO - DAG(s) 'isr_pipeline' retrieved from /opt/airflow/dags/isr_pipeline.py
[2026-04-03T12:40:51.550+0000] {logging_mixin.py:188} INFO - [2026-04-03T12:40:51.549+0000] {dag.py:3096} INFO - Sync 1 DAGs
[2026-04-03T12:40:51.750+0000] {processor.py:183} INFO - Processing /opt/airflow/dags/isr_pipeline.py took 0.511 seconds
[2026-04-03T12:41:22.222+0000] {processor.py:161} INFO - Started process (PID=48328) to work on /opt/airflow/dags/isr_pipeline.py
[2026-04-03T12:41:22.229+0000] {processor.py:830} INFO - Processing file /opt/airflow/dags/isr_pipeline.py for tasks to queue
[2026-04-03T12:41:22.236+0000] {logging_mixin.py:188} INFO - [2026-04-03T12:41:22.234+0000] {dagbag.py:540} INFO - Filling up the DagBag from /opt/airflow/dags/isr_pipeline.py
[2026-04-03T12:41:22.318+0000] {processor.py:840} INFO - DAG(s) 'isr_pipeline' retrieved from /opt/airflow/dags/isr_pipeline.py
[2026-04-03T12:41:22.496+0000] {logging_mixin.py:188} INFO - [2026-04-03T12:41:22.495+0000] {dag.py:3096} INFO - Sync 1 DAGs
[2026-04-03T12:41:22.697+0000] {processor.py:183} INFO - Processing /opt/airflow/dags/isr_pipeline.py took 0.514 seconds
[2026-04-03T12:41:53.206+0000] {processor.py:161} INFO - Started process (PID=48333) to work on /opt/airflow/dags/isr_pipeline.py
[2026-04-03T12:41:53.213+0000] {processor.py:830} INFO - Processing file /opt/airflow/dags/isr_pipeline.py for tasks to queue
[2026-04-03T12:41:53.220+0000] {logging_mixin.py:188} INFO - [2026-04-03T12:41:53.218+0000] {dagbag.py:540} INFO - Filling up the DagBag from /opt/airflow/dags/isr_pipeline.py
[2026-04-03T12:41:53.303+0000] {processor.py:840} INFO - DAG(s) 'isr_pipeline' retrieved from /opt/airflow/dags/isr_pipeline.py
[2026-04-03T12:41:53.482+0000] {logging_mixin.py:188} INFO - [2026-04-03T12:41:53.481+0000] {dag.py:3096} INFO - Sync 1 DAGs
[2026-04-03T12:41:53.685+0000] {processor.py:183} INFO - Processing /opt/airflow/dags/isr_pipeline.py took 0.514 seconds
[2026-04-03T12:42:24.196+0000] {processor.py:161} INFO - Started process (PID=48338) to work on /opt/airflow/dags/isr_pipeline.py
[2026-04-03T12:42:24.203+0000] {processor.py:830} INFO - Processing file /opt/airflow/dags/isr_pipeline.py for tasks to queue
[2026-04-03T12:42:24.210+0000] {logging_mixin.py:188} INFO - [2026-04-03T12:42:24.208+0000] {dagbag.py:540} INFO - Filling up the DagBag from /opt/airflow/dags/isr_pipeline.py
[2026-04-03T12:42:24.293+0000] {processor.py:840} INFO - DAG(s) 'isr_pipeline' retrieved from /opt/airflow/dags/isr_pipeline.py
[2026-04-03T12:42:24.469+0000] {logging_mixin.py:188} INFO - [2026-04-03T12:42:24.468+0000] {dag.py:3096} INFO - Sync 1 DAGs
[2026-04-03T12:42:24.665+0000] {processor.py:183} INFO - Processing /opt/airflow/dags/isr_pipeline.py took 0.508 seconds
[2026-04-03T12:42:54.900+0000] {processor.py:161} INFO - Started process (PID=48343) to work on /opt/airflow/dags/isr_pipeline.py
[2026-04-03T12:42:54.907+0000] {processor.py:830} INFO - Processing file /opt/airflow/dags/isr_pipeline.py for tasks to queue
[2026-04-03T12:42:54.914+0000] {logging_mixin.py:188} INFO - [2026-04-03T12:42:54.912+0000] {dagbag.py:540} INFO - Filling up the DagBag from /opt/airflow/dags/isr_pipeline.py
[2026-04-03T12:42:54.997+0000] {processor.py:840} INFO - DAG(s) 'isr_pipeline' retrieved from /opt/airflow/dags/isr_pipeline.py
[2026-04-03T12:42:55.169+0000] {logging_mixin.py:188} INFO - [2026-04-03T12:42:55.168+0000] {dag.py:3096} INFO - Sync 1 DAGs
[2026-04-03T12:42:55.361+0000] {processor.py:183} INFO - Processing /opt/airflow/dags/isr_pipeline.py took 0.498 seconds
[2026-04-03T12:43:25.840+0000] {processor.py:161} INFO - Started process (PID=48348) to work on /opt/airflow/dags/isr_pipeline.py
[2026-04-03T12:43:25.848+0000] {processor.py:830} INFO - Processing file /opt/airflow/dags/isr_pipeline.py for tasks to queue
[2026-04-03T12:43:25.854+0000] {logging_mixin.py:188} INFO - [2026-04-03T12:43:25.852+0000] {dagbag.py:540} INFO - Filling up the DagBag from /opt/airflow/dags/isr_pipeline.py
[2026-04-03T12:43:25.938+0000] {processor.py:840} INFO - DAG(s) 'isr_pipeline' retrieved from /opt/airflow/dags/isr_pipeline.py
[2026-04-03T12:43:26.118+0000] {logging_mixin.py:188} INFO - [2026-04-03T12:43:26.117+0000] {dag.py:3096} INFO - Sync 1 DAGs
[2026-04-03T12:43:26.331+0000] {processor.py:183} INFO - Processing /opt/airflow/dags/isr_pipeline.py took 0.528 seconds
[2026-04-03T12:43:56.803+0000] {processor.py:161} INFO - Started process (PID=48353) to work on /opt/airflow/dags/isr_pipeline.py
[2026-04-03T12:43:56.811+0000] {processor.py:830} INFO - Processing file /opt/airflow/dags/isr_pipeline.py for tasks to queue
[2026-04-03T12:43:56.820+0000] {logging_mixin.py:188} INFO - [2026-04-03T12:43:56.818+0000] {dagbag.py:540} INFO - Filling up the DagBag from /opt/airflow/dags/isr_pipeline.py
[2026-04-03T12:43:56.920+0000] {processor.py:840} INFO - DAG(s) 'isr_pipeline' retrieved from /opt/airflow/dags/isr_pipeline.py
[2026-04-03T12:43:57.101+0000] {logging_mixin.py:188} INFO - [2026-04-03T12:43:57.100+0000] {dag.py:3096} INFO - Sync 1 DAGs
[2026-04-03T12:43:57.300+0000] {processor.py:183} INFO - Processing /opt/airflow/dags/isr_pipeline.py took 0.530 seconds
[2026-04-03T12:44:28.153+0000] {processor.py:161} INFO - Started process (PID=48358) to work on /opt/airflow/dags/isr_pipeline.py
[2026-04-03T12:44:28.160+0000] {processor.py:830} INFO - Processing file /opt/airflow/dags/isr_pipeline.py for tasks to queue
[2026-04-03T12:44:28.167+0000] {logging_mixin.py:188} INFO - [2026-04-03T12:44:28.166+0000] {dagbag.py:540} INFO - Filling up the DagBag from /opt/airflow/dags/isr_pipeline.py
[2026-04-03T12:44:28.271+0000] {processor.py:840} INFO - DAG(s) 'isr_pipeline' retrieved from /opt/airflow/dags/isr_pipeline.py
[2026-04-03T12:44:28.452+0000] {logging_mixin.py:188} INFO - [2026-04-03T12:44:28.451+0000] {dag.py:3096} INFO - Sync 1 DAGs
[2026-04-03T12:44:28.676+0000] {processor.py:183} INFO - Processing /opt/airflow/dags/isr_pipeline.py took 0.556 seconds
[2026-04-03T12:44:59.132+0000] {processor.py:161} INFO - Started process (PID=48363) to work on /opt/airflow/dags/isr_pipeline.py
[2026-04-03T12:44:59.140+0000] {processor.py:830} INFO - Processing file /opt/airflow/dags/isr_pipeline.py for tasks to queue
[2026-04-03T12:44:59.147+0000] {logging_mixin.py:188} INFO - [2026-04-03T12:44:59.145+0000] {dagbag.py:540} INFO - Filling up the DagBag from /opt/airflow/dags/isr_pipeline.py
[2026-04-03T12:44:59.237+0000] {processor.py:840} INFO - DAG(s) 'isr_pipeline' retrieved from /opt/airflow/dags/isr_pipeline.py
[2026-04-03T12:44:59.411+0000] {logging_mixin.py:188} INFO - [2026-04-03T12:44:59.410+0000] {dag.py:3096} INFO - Sync 1 DAGs
[2026-04-03T12:44:59.621+0000] {processor.py:183} INFO - Processing /opt/airflow/dags/isr_pipeline.py took 0.526 seconds
[2026-04-03T12:45:29.910+0000] {processor.py:161} INFO - Started process (PID=48368) to work on /opt/airflow/dags/isr_pipeline.py
[2026-04-03T12:45:29.918+0000] {processor.py:830} INFO - Processing file /opt/airflow/dags/isr_pipeline.py for tasks to queue
[2026-04-03T12:45:29.925+0000] {logging_mixin.py:188} INFO - [2026-04-03T12:45:29.923+0000] {dagbag.py:540} INFO - Filling up the DagBag from /opt/airflow/dags/isr_pipeline.py
[2026-04-03T12:45:30.008+0000] {processor.py:840} INFO - DAG(s) 'isr_pipeline' retrieved from /opt/airflow/dags/isr_pipeline.py
[2026-04-03T12:45:30.186+0000] {logging_mixin.py:188} INFO - [2026-04-03T12:45:30.185+0000] {dag.py:3096} INFO - Sync 1 DAGs
[2026-04-03T12:45:30.387+0000] {processor.py:183} INFO - Processing /opt/airflow/dags/isr_pipeline.py took 0.515 seconds
[2026-04-03T12:46:00.899+0000] {processor.py:161} INFO - Started process (PID=48373) to work on /opt/airflow/dags/isr_pipeline.py
[2026-04-03T12:46:00.906+0000] {processor.py:830} INFO - Processing file /opt/airflow/dags/isr_pipeline.py for tasks to queue
[2026-04-03T12:46:00.912+0000] {logging_mixin.py:188} INFO - [2026-04-03T12:46:00.911+0000] {dagbag.py:540} INFO - Filling up the DagBag from /opt/airflow/dags/isr_pipeline.py
[2026-04-03T12:46:00.995+0000] {processor.py:840} INFO - DAG(s) 'isr_pipeline' retrieved from /opt/airflow/dags/isr_pipeline.py
[2026-04-03T12:46:01.181+0000] {logging_mixin.py:188} INFO - [2026-04-03T12:46:01.180+0000] {dag.py:3096} INFO - Sync 1 DAGs
[2026-04-03T12:46:01.397+0000] {processor.py:183} INFO - Processing /opt/airflow/dags/isr_pipeline.py took 0.536 seconds
[2026-04-03T12:46:31.834+0000] {processor.py:161} INFO - Started process (PID=48378) to work on /opt/airflow/dags/isr_pipeline.py
[2026-04-03T12:46:31.841+0000] {processor.py:830} INFO - Processing file /opt/airflow/dags/isr_pipeline.py for tasks to queue
[2026-04-03T12:46:31.848+0000] {logging_mixin.py:188} INFO - [2026-04-03T12:46:31.846+0000] {dagbag.py:540} INFO - Filling up the DagBag from /opt/airflow/dags/isr_pipeline.py
[2026-04-03T12:46:31.932+0000] {processor.py:840} INFO - DAG(s) 'isr_pipeline' retrieved from /opt/airflow/dags/isr_pipeline.py
[2026-04-03T12:46:32.117+0000] {logging_mixin.py:188} INFO - [2026-04-03T12:46:32.116+0000] {dag.py:3096} INFO - Sync 1 DAGs
[2026-04-03T12:46:32.326+0000] {processor.py:183} INFO - Processing /opt/airflow/dags/isr_pipeline.py took 0.530 seconds
[2026-04-03T12:47:02.827+0000] {processor.py:161} INFO - Started process (PID=48383) to work on /opt/airflow/dags/isr_pipeline.py
[2026-04-03T12:47:02.836+0000] {processor.py:830} INFO - Processing file /opt/airflow/dags/isr_pipeline.py for tasks to queue
[2026-04-03T12:47:02.845+0000] {logging_mixin.py:188} INFO - [2026-04-03T12:47:02.843+0000] {dagbag.py:540} INFO - Filling up the DagBag from /opt/airflow/dags/isr_pipeline.py
[2026-04-03T12:47:02.936+0000] {processor.py:840} INFO - DAG(s) 'isr_pipeline' retrieved from /opt/airflow/dags/isr_pipeline.py
[2026-04-03T12:47:03.114+0000] {logging_mixin.py:188} INFO - [2026-04-03T12:47:03.113+0000] {dag.py:3096} INFO - Sync 1 DAGs
[2026-04-03T12:47:03.312+0000] {processor.py:183} INFO - Processing /opt/airflow/dags/isr_pipeline.py took 0.524 seconds
[2026-04-03T12:47:33.517+0000] {processor.py:161} INFO - Started process (PID=48388) to work on /opt/airflow/dags/isr_pipeline.py
[2026-04-03T12:47:33.524+0000] {processor.py:830} INFO - Processing file /opt/airflow/dags/isr_pipeline.py for tasks to queue
[2026-04-03T12:47:33.531+0000] {logging_mixin.py:188} INFO - [2026-04-03T12:47:33.529+0000] {dagbag.py:540} INFO - Filling up the DagBag from /opt/airflow/dags/isr_pipeline.py
[2026-04-03T12:47:33.619+0000] {processor.py:840} INFO - DAG(s) 'isr_pipeline' retrieved from /opt/airflow/dags/isr_pipeline.py
[2026-04-03T12:47:33.804+0000] {logging_mixin.py:188} INFO - [2026-04-03T12:47:33.803+0000] {dag.py:3096} INFO - Sync 1 DAGs
[2026-04-03T12:47:33.995+0000] {processor.py:183} INFO - Processing /opt/airflow/dags/isr_pipeline.py took 0.515 seconds
[2026-04-03T12:48:04.200+0000] {processor.py:161} INFO - Started process (PID=48393) to work on /opt/airflow/dags/isr_pipeline.py
[2026-04-03T12:48:04.208+0000] {processor.py:830} INFO - Processing file /opt/airflow/dags/isr_pipeline.py for tasks to queue
[2026-04-03T12:48:04.215+0000] {logging_mixin.py:188} INFO - [2026-04-03T12:48:04.213+0000] {dagbag.py:540} INFO - Filling up the DagBag from /opt/airflow/dags/isr_pipeline.py
[2026-04-03T12:48:04.298+0000] {processor.py:840} INFO - DAG(s) 'isr_pipeline' retrieved from /opt/airflow/dags/isr_pipeline.py
[2026-04-03T12:48:04.478+0000] {logging_mixin.py:188} INFO - [2026-04-03T12:48:04.477+0000] {dag.py:3096} INFO - Sync 1 DAGs
[2026-04-03T12:48:04.668+0000] {processor.py:183} INFO - Processing /opt/airflow/dags/isr_pipeline.py took 0.507 seconds
[2026-04-03T12:48:35.156+0000] {processor.py:161} INFO - Started process (PID=48398) to work on /opt/airflow/dags/isr_pipeline.py
[2026-04-03T12:48:35.163+0000] {processor.py:830} INFO - Processing file /opt/airflow/dags/isr_pipeline.py for tasks to queue
[2026-04-03T12:48:35.171+0000] {logging_mixin.py:188} INFO - [2026-04-03T12:48:35.168+0000] {dagbag.py:540} INFO - Filling up the DagBag from /opt/airflow/dags/isr_pipeline.py
[2026-04-03T12:48:35.250+0000] {processor.py:840} INFO - DAG(s) 'isr_pipeline' retrieved from /opt/airflow/dags/isr_pipeline.py
[2026-04-03T12:48:35.429+0000] {logging_mixin.py:188} INFO - [2026-04-03T12:48:35.428+0000] {dag.py:3096} INFO - Sync 1 DAGs
[2026-04-03T12:48:35.636+0000] {processor.py:183} INFO - Processing /opt/airflow/dags/isr_pipeline.py took 0.517 seconds
[2026-04-03T12:49:06.146+0000] {processor.py:161} INFO - Started process (PID=48403) to work on /opt/airflow/dags/isr_pipeline.py
[2026-04-03T12:49:06.154+0000] {processor.py:830} INFO - Processing file /opt/airflow/dags/isr_pipeline.py for tasks to queue
[2026-04-03T12:49:06.162+0000] {logging_mixin.py:188} INFO - [2026-04-03T12:49:06.160+0000] {dagbag.py:540} INFO - Filling up the DagBag from /opt/airflow/dags/isr_pipeline.py
[2026-04-03T12:49:06.246+0000] {processor.py:840} INFO - DAG(s) 'isr_pipeline' retrieved from /opt/airflow/dags/isr_pipeline.py
[2026-04-03T12:49:06.425+0000] {logging_mixin.py:188} INFO - [2026-04-03T12:49:06.424+0000] {dag.py:3096} INFO - Sync 1 DAGs
[2026-04-03T12:49:06.643+0000] {processor.py:183} INFO - Processing /opt/airflow/dags/isr_pipeline.py took 0.534 seconds
[2026-04-03T12:49:36.983+0000] {processor.py:161} INFO - Started process (PID=48408) to work on /opt/airflow/dags/isr_pipeline.py
[2026-04-03T12:49:36.990+0000] {processor.py:830} INFO - Processing file /opt/airflow/dags/isr_pipeline.py for tasks to queue
[2026-04-03T12:49:36.997+0000] {logging_mixin.py:188} INFO - [2026-04-03T12:49:36.996+0000] {dagbag.py:540} INFO - Filling up the DagBag from /opt/airflow/dags/isr_pipeline.py
[2026-04-03T12:49:37.079+0000] {processor.py:840} INFO - DAG(s) 'isr_pipeline' retrieved from /opt/airflow/dags/isr_pipeline.py
[2026-04-03T12:49:37.257+0000] {logging_mixin.py:188} INFO - [2026-04-03T12:49:37.256+0000] {dag.py:3096} INFO - Sync 1 DAGs
[2026-04-03T12:49:37.449+0000] {processor.py:183} INFO - Processing /opt/airflow/dags/isr_pipeline.py took 0.508 seconds
[2026-04-03T12:50:07.959+0000] {processor.py:161} INFO - Started process (PID=48413) to work on /opt/airflow/dags/isr_pipeline.py
[2026-04-03T12:50:07.965+0000] {processor.py:830} INFO - Processing file /opt/airflow/dags/isr_pipeline.py for tasks to queue
[2026-04-03T12:50:07.972+0000] {logging_mixin.py:188} INFO - [2026-04-03T12:50:07.970+0000] {dagbag.py:540} INFO - Filling up the DagBag from /opt/airflow/dags/isr_pipeline.py
[2026-04-03T12:50:08.056+0000] {processor.py:840} INFO - DAG(s) 'isr_pipeline' retrieved from /opt/airflow/dags/isr_pipeline.py
[2026-04-03T12:50:08.227+0000] {logging_mixin.py:188} INFO - [2026-04-03T12:50:08.226+0000] {dag.py:3096} INFO - Sync 1 DAGs
[2026-04-03T12:50:08.428+0000] {processor.py:183} INFO - Processing /opt/airflow/dags/isr_pipeline.py took 0.506 seconds
[2026-04-03T12:50:38.766+0000] {processor.py:161} INFO - Started process (PID=48418) to work on /opt/airflow/dags/isr_pipeline.py
[2026-04-03T12:50:38.773+0000] {processor.py:830} INFO - Processing file /opt/airflow/dags/isr_pipeline.py for tasks to queue
[2026-04-03T12:50:38.780+0000] {logging_mixin.py:188} INFO - [2026-04-03T12:50:38.778+0000] {dagbag.py:540} INFO - Filling up the DagBag from /opt/airflow/dags/isr_pipeline.py
[2026-04-03T12:50:38.863+0000] {processor.py:840} INFO - DAG(s) 'isr_pipeline' retrieved from /opt/airflow/dags/isr_pipeline.py
[2026-04-03T12:50:39.036+0000] {logging_mixin.py:188} INFO - [2026-04-03T12:50:39.035+0000] {dag.py:3096} INFO - Sync 1 DAGs
[2026-04-03T12:50:39.218+0000] {processor.py:183} INFO - Processing /opt/airflow/dags/isr_pipeline.py took 0.513 seconds
[2026-04-03T12:51:09.706+0000] {processor.py:161} INFO - Started process (PID=48423) to work on /opt/airflow/dags/isr_pipeline.py
[2026-04-03T12:51:09.715+0000] {processor.py:830} INFO - Processing file /opt/airflow/dags/isr_pipeline.py for tasks to queue
[2026-04-03T12:51:09.722+0000] {logging_mixin.py:188} INFO - [2026-04-03T12:51:09.720+0000] {dagbag.py:540} INFO - Filling up the DagBag from /opt/airflow/dags/isr_pipeline.py
[2026-04-03T12:51:09.806+0000] {processor.py:840} INFO - DAG(s) 'isr_pipeline' retrieved from /opt/airflow/dags/isr_pipeline.py
[2026-04-03T12:51:09.982+0000] {logging_mixin.py:188} INFO - [2026-04-03T12:51:09.981+0000] {dag.py:3096} INFO - Sync 1 DAGs
[2026-04-03T12:51:10.182+0000] {processor.py:183} INFO - Processing /opt/airflow/dags/isr_pipeline.py took 0.514 seconds
[2026-04-03T12:51:40.564+0000] {processor.py:161} INFO - Started process (PID=48428) to work on /opt/airflow/dags/isr_pipeline.py
[2026-04-03T12:51:40.572+0000] {processor.py:830} INFO - Processing file /opt/airflow/dags/isr_pipeline.py for tasks to queue
[2026-04-03T12:51:40.579+0000] {logging_mixin.py:188} INFO - [2026-04-03T12:51:40.577+0000] {dagbag.py:540} INFO - Filling up the DagBag from /opt/airflow/dags/isr_pipeline.py
[2026-04-03T12:51:40.667+0000] {processor.py:840} INFO - DAG(s) 'isr_pipeline' retrieved from /opt/airflow/dags/isr_pipeline.py
[2026-04-03T12:51:40.846+0000] {logging_mixin.py:188} INFO - [2026-04-03T12:51:40.845+0000] {dag.py:3096} INFO - Sync 1 DAGs
[2026-04-03T12:51:41.041+0000] {processor.py:183} INFO - Processing /opt/airflow/dags/isr_pipeline.py took 0.516 seconds
[2026-04-03T12:52:11.569+0000] {processor.py:161} INFO - Started process (PID=48433) to work on /opt/airflow/dags/isr_pipeline.py
[2026-04-03T12:52:11.579+0000] {processor.py:830} INFO - Processing file /opt/airflow/dags/isr_pipeline.py for tasks to queue
[2026-04-03T12:52:11.587+0000] {logging_mixin.py:188} INFO - [2026-04-03T12:52:11.585+0000] {dagbag.py:540} INFO - Filling up the DagBag from /opt/airflow/dags/isr_pipeline.py
[2026-04-03T12:52:11.682+0000] {processor.py:840} INFO - DAG(s) 'isr_pipeline' retrieved from /opt/airflow/dags/isr_pipeline.py
[2026-04-03T12:52:11.878+0000] {logging_mixin.py:188} INFO - [2026-04-03T12:52:11.877+0000] {dag.py:3096} INFO - Sync 1 DAGs
[2026-04-03T12:52:12.075+0000] {processor.py:183} INFO - Processing /opt/airflow/dags/isr_pipeline.py took 0.543 seconds
[2026-04-03T12:52:42.365+0000] {processor.py:161} INFO - Started process (PID=48438) to work on /opt/airflow/dags/isr_pipeline.py
[2026-04-03T12:52:42.372+0000] {processor.py:830} INFO - Processing file /opt/airflow/dags/isr_pipeline.py for tasks to queue
[2026-04-03T12:52:42.380+0000] {logging_mixin.py:188} INFO - [2026-04-03T12:52:42.378+0000] {dagbag.py:540} INFO - Filling up the DagBag from /opt/airflow/dags/isr_pipeline.py
[2026-04-03T12:52:42.463+0000] {processor.py:840} INFO - DAG(s) 'isr_pipeline' retrieved from /opt/airflow/dags/isr_pipeline.py
[2026-04-03T12:52:42.634+0000] {logging_mixin.py:188} INFO - [2026-04-03T12:52:42.633+0000] {dag.py:3096} INFO - Sync 1 DAGs
[2026-04-03T12:52:42.827+0000] {processor.py:183} INFO - Processing /opt/airflow/dags/isr_pipeline.py took 0.500 seconds
[2026-04-03T12:53:13.319+0000] {processor.py:161} INFO - Started process (PID=48443) to work on /opt/airflow/dags/isr_pipeline.py
[2026-04-03T12:53:13.327+0000] {processor.py:830} INFO - Processing file /opt/airflow/dags/isr_pipeline.py for tasks to queue
[2026-04-03T12:53:13.337+0000] {logging_mixin.py:188} INFO - [2026-04-03T12:53:13.335+0000] {dagbag.py:540} INFO - Filling up the DagBag from /opt/airflow/dags/isr_pipeline.py
[2026-04-03T12:53:13.424+0000] {processor.py:840} INFO - DAG(s) 'isr_pipeline' retrieved from /opt/airflow/dags/isr_pipeline.py
[2026-04-03T12:53:13.609+0000] {logging_mixin.py:188} INFO - [2026-04-03T12:53:13.608+0000] {dag.py:3096} INFO - Sync 1 DAGs
[2026-04-03T12:53:13.809+0000] {processor.py:183} INFO - Processing /opt/airflow/dags/isr_pipeline.py took 0.528 seconds
[2026-04-03T12:53:44.234+0000] {processor.py:161} INFO - Started process (PID=48448) to work on /opt/airflow/dags/isr_pipeline.py
[2026-04-03T12:53:44.241+0000] {processor.py:830} INFO - Processing file /opt/airflow/dags/isr_pipeline.py for tasks to queue
[2026-04-03T12:53:44.248+0000] {logging_mixin.py:188} INFO - [2026-04-03T12:53:44.246+0000] {dagbag.py:540} INFO - Filling up the DagBag from /opt/airflow/dags/isr_pipeline.py
[2026-04-03T12:53:44.329+0000] {processor.py:840} INFO - DAG(s) 'isr_pipeline' retrieved from /opt/airflow/dags/isr_pipeline.py
[2026-04-03T12:53:44.505+0000] {logging_mixin.py:188} INFO - [2026-04-03T12:53:44.504+0000] {dag.py:3096} INFO - Sync 1 DAGs
[2026-04-03T12:53:44.707+0000] {processor.py:183} INFO - Processing /opt/airflow/dags/isr_pipeline.py took 0.507 seconds
[2026-04-03T13:24:12.357+0000] {processor.py:161} INFO - Started process (PID=48458) to work on /opt/airflow/dags/isr_pipeline.py
[2026-04-03T13:24:12.359+0000] {processor.py:830} INFO - Processing file /opt/airflow/dags/isr_pipeline.py for tasks to queue
[2026-04-03T13:24:12.360+0000] {logging_mixin.py:188} INFO - [2026-04-03T13:24:12.360+0000] {dagbag.py:540} INFO - Filling up the DagBag from /opt/airflow/dags/isr_pipeline.py
[2026-04-03T13:24:12.381+0000] {processor.py:840} INFO - DAG(s) 'isr_pipeline' retrieved from /opt/airflow/dags/isr_pipeline.py
[2026-04-03T13:24:12.414+0000] {logging_mixin.py:188} INFO - [2026-04-03T13:24:12.414+0000] {dag.py:3096} INFO - Sync 1 DAGs
[2026-04-03T13:24:12.454+0000] {processor.py:183} INFO - Processing /opt/airflow/dags/isr_pipeline.py took 0.103 seconds
[2026-04-03T13:24:42.666+0000] {processor.py:161} INFO - Started process (PID=48463) to work on /opt/airflow/dags/isr_pipeline.py
[2026-04-03T13:24:42.674+0000] {processor.py:830} INFO - Processing file /opt/airflow/dags/isr_pipeline.py for tasks to queue
[2026-04-03T13:24:42.681+0000] {logging_mixin.py:188} INFO - [2026-04-03T13:24:42.679+0000] {dagbag.py:540} INFO - Filling up the DagBag from /opt/airflow/dags/isr_pipeline.py
[2026-04-03T13:24:42.763+0000] {processor.py:840} INFO - DAG(s) 'isr_pipeline' retrieved from /opt/airflow/dags/isr_pipeline.py
[2026-04-03T13:24:42.943+0000] {logging_mixin.py:188} INFO - [2026-04-03T13:24:42.942+0000] {dag.py:3096} INFO - Sync 1 DAGs
[2026-04-03T13:24:43.139+0000] {processor.py:183} INFO - Processing /opt/airflow/dags/isr_pipeline.py took 0.509 seconds
[2026-04-03T13:25:13.688+0000] {processor.py:161} INFO - Started process (PID=48468) to work on /opt/airflow/dags/isr_pipeline.py
[2026-04-03T13:25:13.696+0000] {processor.py:830} INFO - Processing file /opt/airflow/dags/isr_pipeline.py for tasks to queue
[2026-04-03T13:25:13.705+0000] {logging_mixin.py:188} INFO - [2026-04-03T13:25:13.703+0000] {dagbag.py:540} INFO - Filling up the DagBag from /opt/airflow/dags/isr_pipeline.py
[2026-04-03T13:25:13.791+0000] {processor.py:840} INFO - DAG(s) 'isr_pipeline' retrieved from /opt/airflow/dags/isr_pipeline.py
[2026-04-03T13:25:13.984+0000] {logging_mixin.py:188} INFO - [2026-04-03T13:25:13.983+0000] {dag.py:3096} INFO - Sync 1 DAGs
[2026-04-03T13:25:14.183+0000] {processor.py:183} INFO - Processing /opt/airflow/dags/isr_pipeline.py took 0.537 seconds
[2026-04-03T13:25:44.416+0000] {processor.py:161} INFO - Started process (PID=48473) to work on /opt/airflow/dags/isr_pipeline.py
[2026-04-03T13:25:44.424+0000] {processor.py:830} INFO - Processing file /opt/airflow/dags/isr_pipeline.py for tasks to queue
[2026-04-03T13:25:44.431+0000] {logging_mixin.py:188} INFO - [2026-04-03T13:25:44.429+0000] {dagbag.py:540} INFO - Filling up the DagBag from /opt/airflow/dags/isr_pipeline.py
[2026-04-03T13:25:44.515+0000] {processor.py:840} INFO - DAG(s) 'isr_pipeline' retrieved from /opt/airflow/dags/isr_pipeline.py
[2026-04-03T13:25:44.689+0000] {logging_mixin.py:188} INFO - [2026-04-03T13:25:44.688+0000] {dag.py:3096} INFO - Sync 1 DAGs
[2026-04-03T13:25:44.903+0000] {processor.py:183} INFO - Processing /opt/airflow/dags/isr_pipeline.py took 0.525 seconds
[2026-04-03T13:26:15.397+0000] {processor.py:161} INFO - Started process (PID=48478) to work on /opt/airflow/dags/isr_pipeline.py
[2026-04-03T13:26:15.404+0000] {processor.py:830} INFO - Processing file /opt/airflow/dags/isr_pipeline.py for tasks to queue
[2026-04-03T13:26:15.414+0000] {logging_mixin.py:188} INFO - [2026-04-03T13:26:15.411+0000] {dagbag.py:540} INFO - Filling up the DagBag from /opt/airflow/dags/isr_pipeline.py
[2026-04-03T13:26:15.510+0000] {processor.py:840} INFO - DAG(s) 'isr_pipeline' retrieved from /opt/airflow/dags/isr_pipeline.py
[2026-04-03T13:26:15.701+0000] {logging_mixin.py:188} INFO - [2026-04-03T13:26:15.700+0000] {dag.py:3096} INFO - Sync 1 DAGs
[2026-04-03T13:26:15.909+0000] {processor.py:183} INFO - Processing /opt/airflow/dags/isr_pipeline.py took 0.550 seconds
[2026-04-03T13:26:46.310+0000] {processor.py:161} INFO - Started process (PID=48483) to work on /opt/airflow/dags/isr_pipeline.py
[2026-04-03T13:26:46.316+0000] {processor.py:830} INFO - Processing file /opt/airflow/dags/isr_pipeline.py for tasks to queue
[2026-04-03T13:26:46.323+0000] {logging_mixin.py:188} INFO - [2026-04-03T13:26:46.321+0000] {dagbag.py:540} INFO - Filling up the DagBag from /opt/airflow/dags/isr_pipeline.py
[2026-04-03T13:26:46.429+0000] {processor.py:840} INFO - DAG(s) 'isr_pipeline' retrieved from /opt/airflow/dags/isr_pipeline.py
[2026-04-03T13:26:46.600+0000] {logging_mixin.py:188} INFO - [2026-04-03T13:26:46.599+0000] {dag.py:3096} INFO - Sync 1 DAGs
[2026-04-03T13:26:46.797+0000] {processor.py:183} INFO - Processing /opt/airflow/dags/isr_pipeline.py took 0.522 seconds
[2026-04-03T13:27:17.263+0000] {processor.py:161} INFO - Started process (PID=48488) to work on /opt/airflow/dags/isr_pipeline.py
[2026-04-03T13:27:17.270+0000] {processor.py:830} INFO - Processing file /opt/airflow/dags/isr_pipeline.py for tasks to queue
[2026-04-03T13:27:17.280+0000] {logging_mixin.py:188} INFO - [2026-04-03T13:27:17.278+0000] {dagbag.py:540} INFO - Filling up the DagBag from /opt/airflow/dags/isr_pipeline.py
[2026-04-03T13:27:17.362+0000] {processor.py:840} INFO - DAG(s) 'isr_pipeline' retrieved from /opt/airflow/dags/isr_pipeline.py
[2026-04-03T13:27:17.548+0000] {logging_mixin.py:188} INFO - [2026-04-03T13:27:17.547+0000] {dag.py:3096} INFO - Sync 1 DAGs
[2026-04-03T13:27:17.747+0000] {processor.py:183} INFO - Processing /opt/airflow/dags/isr_pipeline.py took 0.521 seconds
[2026-04-03T13:27:48.084+0000] {processor.py:161} INFO - Started process (PID=48493) to work on /opt/airflow/dags/isr_pipeline.py
[2026-04-03T13:27:48.091+0000] {processor.py:830} INFO - Processing file /opt/airflow/dags/isr_pipeline.py for tasks to queue
[2026-04-03T13:27:48.098+0000] {logging_mixin.py:188} INFO - [2026-04-03T13:27:48.096+0000] {dagbag.py:540} INFO - Filling up the DagBag from /opt/airflow/dags/isr_pipeline.py
[2026-04-03T13:27:48.182+0000] {processor.py:840} INFO - DAG(s) 'isr_pipeline' retrieved from /opt/airflow/dags/isr_pipeline.py
[2026-04-03T13:27:48.356+0000] {logging_mixin.py:188} INFO - [2026-04-03T13:27:48.355+0000] {dag.py:3096} INFO - Sync 1 DAGs
[2026-04-03T13:27:48.575+0000] {processor.py:183} INFO - Processing /opt/airflow/dags/isr_pipeline.py took 0.529 seconds
[2026-04-03T13:28:19.114+0000] {processor.py:161} INFO - Started process (PID=48498) to work on /opt/airflow/dags/isr_pipeline.py
[2026-04-03T13:28:19.122+0000] {processor.py:830} INFO - Processing file /opt/airflow/dags/isr_pipeline.py for tasks to queue
[2026-04-03T13:28:19.129+0000] {logging_mixin.py:188} INFO - [2026-04-03T13:28:19.127+0000] {dagbag.py:540} INFO - Filling up the DagBag from /opt/airflow/dags/isr_pipeline.py
[2026-04-03T13:28:19.213+0000] {processor.py:840} INFO - DAG(s) 'isr_pipeline' retrieved from /opt/airflow/dags/isr_pipeline.py
[2026-04-03T13:28:19.396+0000] {logging_mixin.py:188} INFO - [2026-04-03T13:28:19.394+0000] {dag.py:3096} INFO - Sync 1 DAGs
[2026-04-03T13:28:19.586+0000] {processor.py:183} INFO - Processing /opt/airflow/dags/isr_pipeline.py took 0.528 seconds
[2026-04-03T13:28:49.895+0000] {processor.py:161} INFO - Started process (PID=48503) to work on /opt/airflow/dags/isr_pipeline.py
[2026-04-03T13:28:49.904+0000] {processor.py:830} INFO - Processing file /opt/airflow/dags/isr_pipeline.py for tasks to queue
[2026-04-03T13:28:49.916+0000] {logging_mixin.py:188} INFO - [2026-04-03T13:28:49.914+0000] {dagbag.py:540} INFO - Filling up the DagBag from /opt/airflow/dags/isr_pipeline.py
[2026-04-03T13:28:50.005+0000] {processor.py:840} INFO - DAG(s) 'isr_pipeline' retrieved from /opt/airflow/dags/isr_pipeline.py
[2026-04-03T13:28:50.175+0000] {logging_mixin.py:188} INFO - [2026-04-03T13:28:50.174+0000] {dag.py:3096} INFO - Sync 1 DAGs
[2026-04-03T13:28:50.385+0000] {processor.py:183} INFO - Processing /opt/airflow/dags/isr_pipeline.py took 0.533 seconds
[2026-04-03T13:29:20.977+0000] {processor.py:161} INFO - Started process (PID=48508) to work on /opt/airflow/dags/isr_pipeline.py
[2026-04-03T13:29:20.983+0000] {processor.py:830} INFO - Processing file /opt/airflow/dags/isr_pipeline.py for tasks to queue
[2026-04-03T13:29:20.990+0000] {logging_mixin.py:188} INFO - [2026-04-03T13:29:20.989+0000] {dagbag.py:540} INFO - Filling up the DagBag from /opt/airflow/dags/isr_pipeline.py
[2026-04-03T13:29:21.074+0000] {processor.py:840} INFO - DAG(s) 'isr_pipeline' retrieved from /opt/airflow/dags/isr_pipeline.py
[2026-04-03T13:29:21.248+0000] {logging_mixin.py:188} INFO - [2026-04-03T13:29:21.247+0000] {dag.py:3096} INFO - Sync 1 DAGs
[2026-04-03T13:29:21.449+0000] {processor.py:183} INFO - Processing /opt/airflow/dags/isr_pipeline.py took 0.509 seconds
[2026-04-03T13:29:51.682+0000] {processor.py:161} INFO - Started process (PID=48513) to work on /opt/airflow/dags/isr_pipeline.py
[2026-04-03T13:29:51.689+0000] {processor.py:830} INFO - Processing file /opt/airflow/dags/isr_pipeline.py for tasks to queue
[2026-04-03T13:29:51.700+0000] {logging_mixin.py:188} INFO - [2026-04-03T13:29:51.698+0000] {dagbag.py:540} INFO - Filling up the DagBag from /opt/airflow/dags/isr_pipeline.py
[2026-04-03T13:29:51.790+0000] {processor.py:840} INFO - DAG(s) 'isr_pipeline' retrieved from /opt/airflow/dags/isr_pipeline.py
[2026-04-03T13:29:51.984+0000] {logging_mixin.py:188} INFO - [2026-04-03T13:29:51.983+0000] {dag.py:3096} INFO - Sync 1 DAGs
[2026-04-03T13:29:52.180+0000] {processor.py:183} INFO - Processing /opt/airflow/dags/isr_pipeline.py took 0.537 seconds
[2026-04-03T13:30:22.729+0000] {processor.py:161} INFO - Started process (PID=48518) to work on /opt/airflow/dags/isr_pipeline.py
[2026-04-03T13:30:22.735+0000] {processor.py:830} INFO - Processing file /opt/airflow/dags/isr_pipeline.py for tasks to queue
[2026-04-03T13:30:22.743+0000] {logging_mixin.py:188} INFO - [2026-04-03T13:30:22.741+0000] {dagbag.py:540} INFO - Filling up the DagBag from /opt/airflow/dags/isr_pipeline.py
[2026-04-03T13:30:22.826+0000] {processor.py:840} INFO - DAG(s) 'isr_pipeline' retrieved from /opt/airflow/dags/isr_pipeline.py
[2026-04-03T13:30:23.002+0000] {logging_mixin.py:188} INFO - [2026-04-03T13:30:23.001+0000] {dag.py:3096} INFO - Sync 1 DAGs
[2026-04-03T13:30:23.206+0000] {processor.py:183} INFO - Processing /opt/airflow/dags/isr_pipeline.py took 0.516 seconds
[2026-04-03T13:30:53.609+0000] {processor.py:161} INFO - Started process (PID=48523) to work on /opt/airflow/dags/isr_pipeline.py
[2026-04-03T13:30:53.615+0000] {processor.py:830} INFO - Processing file /opt/airflow/dags/isr_pipeline.py for tasks to queue
[2026-04-03T13:30:53.622+0000] {logging_mixin.py:188} INFO - [2026-04-03T13:30:53.620+0000] {dagbag.py:540} INFO - Filling up the DagBag from /opt/airflow/dags/isr_pipeline.py
[2026-04-03T13:30:53.703+0000] {processor.py:840} INFO - DAG(s) 'isr_pipeline' retrieved from /opt/airflow/dags/isr_pipeline.py
[2026-04-03T13:30:53.878+0000] {logging_mixin.py:188} INFO - [2026-04-03T13:30:53.877+0000] {dag.py:3096} INFO - Sync 1 DAGs
[2026-04-03T13:30:54.076+0000] {processor.py:183} INFO - Processing /opt/airflow/dags/isr_pipeline.py took 0.502 seconds
[2026-04-03T13:31:24.567+0000] {processor.py:161} INFO - Started process (PID=48528) to work on /opt/airflow/dags/isr_pipeline.py
[2026-04-03T13:31:24.574+0000] {processor.py:830} INFO - Processing file /opt/airflow/dags/isr_pipeline.py for tasks to queue
[2026-04-03T13:31:24.581+0000] {logging_mixin.py:188} INFO - [2026-04-03T13:31:24.579+0000] {dagbag.py:540} INFO - Filling up the DagBag from /opt/airflow/dags/isr_pipeline.py
[2026-04-03T13:31:24.665+0000] {processor.py:840} INFO - DAG(s) 'isr_pipeline' retrieved from /opt/airflow/dags/isr_pipeline.py
[2026-04-03T13:31:24.841+0000] {logging_mixin.py:188} INFO - [2026-04-03T13:31:24.840+0000] {dag.py:3096} INFO - Sync 1 DAGs
[2026-04-03T13:31:25.034+0000] {processor.py:183} INFO - Processing /opt/airflow/dags/isr_pipeline.py took 0.505 seconds
[2026-04-03T13:31:55.401+0000] {processor.py:161} INFO - Started process (PID=48533) to work on /opt/airflow/dags/isr_pipeline.py
[2026-04-03T13:31:55.408+0000] {processor.py:830} INFO - Processing file /opt/airflow/dags/isr_pipeline.py for tasks to queue
[2026-04-03T13:31:55.415+0000] {logging_mixin.py:188} INFO - [2026-04-03T13:31:55.413+0000] {dagbag.py:540} INFO - Filling up the DagBag from /opt/airflow/dags/isr_pipeline.py
[2026-04-03T13:31:55.497+0000] {processor.py:840} INFO - DAG(s) 'isr_pipeline' retrieved from /opt/airflow/dags/isr_pipeline.py
[2026-04-03T13:31:55.676+0000] {logging_mixin.py:188} INFO - [2026-04-03T13:31:55.675+0000] {dag.py:3096} INFO - Sync 1 DAGs
[2026-04-03T13:31:55.878+0000] {processor.py:183} INFO - Processing /opt/airflow/dags/isr_pipeline.py took 0.513 seconds
[2026-04-03T13:32:26.356+0000] {processor.py:161} INFO - Started process (PID=48538) to work on /opt/airflow/dags/isr_pipeline.py
[2026-04-03T13:32:26.363+0000] {processor.py:830} INFO - Processing file /opt/airflow/dags/isr_pipeline.py for tasks to queue
[2026-04-03T13:32:26.369+0000] {logging_mixin.py:188} INFO - [2026-04-03T13:32:26.367+0000] {dagbag.py:540} INFO - Filling up the DagBag from /opt/airflow/dags/isr_pipeline.py
[2026-04-03T13:32:26.455+0000] {processor.py:840} INFO - DAG(s) 'isr_pipeline' retrieved from /opt/airflow/dags/isr_pipeline.py
[2026-04-03T13:32:26.629+0000] {logging_mixin.py:188} INFO - [2026-04-03T13:32:26.628+0000] {dag.py:3096} INFO - Sync 1 DAGs
[2026-04-03T13:32:26.838+0000] {processor.py:183} INFO - Processing /opt/airflow/dags/isr_pipeline.py took 0.519 seconds
[2026-04-03T13:32:57.210+0000] {processor.py:161} INFO - Started process (PID=48543) to work on /opt/airflow/dags/isr_pipeline.py
[2026-04-03T13:32:57.218+0000] {processor.py:830} INFO - Processing file /opt/airflow/dags/isr_pipeline.py for tasks to queue
[2026-04-03T13:32:57.234+0000] {logging_mixin.py:188} INFO - [2026-04-03T13:32:57.228+0000] {dagbag.py:540} INFO - Filling up the DagBag from /opt/airflow/dags/isr_pipeline.py
[2026-04-03T13:32:57.321+0000] {processor.py:840} INFO - DAG(s) 'isr_pipeline' retrieved from /opt/airflow/dags/isr_pipeline.py
[2026-04-03T13:32:57.491+0000] {logging_mixin.py:188} INFO - [2026-04-03T13:32:57.490+0000] {dag.py:3096} INFO - Sync 1 DAGs
[2026-04-03T13:32:57.680+0000] {processor.py:183} INFO - Processing /opt/airflow/dags/isr_pipeline.py took 0.510 seconds
[2026-04-03T13:33:28.216+0000] {processor.py:161} INFO - Started process (PID=48548) to work on /opt/airflow/dags/isr_pipeline.py
[2026-04-03T13:33:28.224+0000] {processor.py:830} INFO - Processing file /opt/airflow/dags/isr_pipeline.py for tasks to queue
[2026-04-03T13:33:28.231+0000] {logging_mixin.py:188} INFO - [2026-04-03T13:33:28.229+0000] {dagbag.py:540} INFO - Filling up the DagBag from /opt/airflow/dags/isr_pipeline.py
[2026-04-03T13:33:28.337+0000] {processor.py:840} INFO - DAG(s) 'isr_pipeline' retrieved from /opt/airflow/dags/isr_pipeline.py
[2026-04-03T13:33:28.525+0000] {logging_mixin.py:188} INFO - [2026-04-03T13:33:28.524+0000] {dag.py:3096} INFO - Sync 1 DAGs
[2026-04-03T13:33:28.748+0000] {processor.py:183} INFO - Processing /opt/airflow/dags/isr_pipeline.py took 0.575 seconds
[2026-04-03T13:33:58.958+0000] {processor.py:161} INFO - Started process (PID=48553) to work on /opt/airflow/dags/isr_pipeline.py
[2026-04-03T13:33:58.965+0000] {processor.py:830} INFO - Processing file /opt/airflow/dags/isr_pipeline.py for tasks to queue
[2026-04-03T13:33:58.972+0000] {logging_mixin.py:188} INFO - [2026-04-03T13:33:58.970+0000] {dagbag.py:540} INFO - Filling up the DagBag from /opt/airflow/dags/isr_pipeline.py
[2026-04-03T13:33:59.065+0000] {processor.py:840} INFO - DAG(s) 'isr_pipeline' retrieved from /opt/airflow/dags/isr_pipeline.py
[2026-04-03T13:33:59.245+0000] {logging_mixin.py:188} INFO - [2026-04-03T13:33:59.244+0000] {dag.py:3096} INFO - Sync 1 DAGs
[2026-04-03T13:33:59.447+0000] {processor.py:183} INFO - Processing /opt/airflow/dags/isr_pipeline.py took 0.530 seconds
[2026-04-03T13:34:29.703+0000] {processor.py:161} INFO - Started process (PID=48558) to work on /opt/airflow/dags/isr_pipeline.py
[2026-04-03T13:34:29.711+0000] {processor.py:830} INFO - Processing file /opt/airflow/dags/isr_pipeline.py for tasks to queue
[2026-04-03T13:34:29.718+0000] {logging_mixin.py:188} INFO - [2026-04-03T13:34:29.716+0000] {dagbag.py:540} INFO - Filling up the DagBag from /opt/airflow/dags/isr_pipeline.py
[2026-04-03T13:34:29.801+0000] {processor.py:840} INFO - DAG(s) 'isr_pipeline' retrieved from /opt/airflow/dags/isr_pipeline.py
[2026-04-03T13:34:29.976+0000] {logging_mixin.py:188} INFO - [2026-04-03T13:34:29.975+0000] {dag.py:3096} INFO - Sync 1 DAGs
[2026-04-03T13:34:30.167+0000] {processor.py:183} INFO - Processing /opt/airflow/dags/isr_pipeline.py took 0.501 seconds
[2026-04-03T13:35:00.646+0000] {processor.py:161} INFO - Started process (PID=48563) to work on /opt/airflow/dags/isr_pipeline.py
[2026-04-03T13:35:00.653+0000] {processor.py:830} INFO - Processing file /opt/airflow/dags/isr_pipeline.py for tasks to queue
[2026-04-03T13:35:00.660+0000] {logging_mixin.py:188} INFO - [2026-04-03T13:35:00.658+0000] {dagbag.py:540} INFO - Filling up the DagBag from /opt/airflow/dags/isr_pipeline.py
[2026-04-03T13:35:00.744+0000] {processor.py:840} INFO - DAG(s) 'isr_pipeline' retrieved from /opt/airflow/dags/isr_pipeline.py
[2026-04-03T13:35:00.928+0000] {logging_mixin.py:188} INFO - [2026-04-03T13:35:00.927+0000] {dag.py:3096} INFO - Sync 1 DAGs
[2026-04-03T13:35:01.133+0000] {processor.py:183} INFO - Processing /opt/airflow/dags/isr_pipeline.py took 0.525 seconds
[2026-04-03T13:35:31.601+0000] {processor.py:161} INFO - Started process (PID=48568) to work on /opt/airflow/dags/isr_pipeline.py
[2026-04-03T13:35:31.609+0000] {processor.py:830} INFO - Processing file /opt/airflow/dags/isr_pipeline.py for tasks to queue
[2026-04-03T13:35:31.615+0000] {logging_mixin.py:188} INFO - [2026-04-03T13:35:31.613+0000] {dagbag.py:540} INFO - Filling up the DagBag from /opt/airflow/dags/isr_pipeline.py
[2026-04-03T13:35:31.705+0000] {processor.py:840} INFO - DAG(s) 'isr_pipeline' retrieved from /opt/airflow/dags/isr_pipeline.py
[2026-04-03T13:35:31.892+0000] {logging_mixin.py:188} INFO - [2026-04-03T13:35:31.891+0000] {dag.py:3096} INFO - Sync 1 DAGs
[2026-04-03T13:35:32.100+0000] {processor.py:183} INFO - Processing /opt/airflow/dags/isr_pipeline.py took 0.534 seconds
[2026-04-03T13:36:02.605+0000] {processor.py:161} INFO - Started process (PID=48573) to work on /opt/airflow/dags/isr_pipeline.py
[2026-04-03T13:36:02.612+0000] {processor.py:830} INFO - Processing file /opt/airflow/dags/isr_pipeline.py for tasks to queue
[2026-04-03T13:36:02.619+0000] {logging_mixin.py:188} INFO - [2026-04-03T13:36:02.617+0000] {dagbag.py:540} INFO - Filling up the DagBag from /opt/airflow/dags/isr_pipeline.py
[2026-04-03T13:36:02.703+0000] {processor.py:840} INFO - DAG(s) 'isr_pipeline' retrieved from /opt/airflow/dags/isr_pipeline.py
[2026-04-03T13:36:02.885+0000] {logging_mixin.py:188} INFO - [2026-04-03T13:36:02.884+0000] {dag.py:3096} INFO - Sync 1 DAGs
[2026-04-03T13:36:03.074+0000] {processor.py:183} INFO - Processing /opt/airflow/dags/isr_pipeline.py took 0.508 seconds
[2026-04-03T13:36:33.308+0000] {processor.py:161} INFO - Started process (PID=48578) to work on /opt/airflow/dags/isr_pipeline.py
[2026-04-03T13:36:33.315+0000] {processor.py:830} INFO - Processing file /opt/airflow/dags/isr_pipeline.py for tasks to queue
[2026-04-03T13:36:33.322+0000] {logging_mixin.py:188} INFO - [2026-04-03T13:36:33.320+0000] {dagbag.py:540} INFO - Filling up the DagBag from /opt/airflow/dags/isr_pipeline.py
[2026-04-03T13:36:33.405+0000] {processor.py:840} INFO - DAG(s) 'isr_pipeline' retrieved from /opt/airflow/dags/isr_pipeline.py
[2026-04-03T13:36:33.580+0000] {logging_mixin.py:188} INFO - [2026-04-03T13:36:33.579+0000] {dag.py:3096} INFO - Sync 1 DAGs
[2026-04-03T13:36:33.803+0000] {processor.py:183} INFO - Processing /opt/airflow/dags/isr_pipeline.py took 0.533 seconds
[2026-04-03T13:37:04.285+0000] {processor.py:161} INFO - Started process (PID=48583) to work on /opt/airflow/dags/isr_pipeline.py
[2026-04-03T13:37:04.292+0000] {processor.py:830} INFO - Processing file /opt/airflow/dags/isr_pipeline.py for tasks to queue
[2026-04-03T13:37:04.299+0000] {logging_mixin.py:188} INFO - [2026-04-03T13:37:04.297+0000] {dagbag.py:540} INFO - Filling up the DagBag from /opt/airflow/dags/isr_pipeline.py
[2026-04-03T13:37:04.382+0000] {processor.py:840} INFO - DAG(s) 'isr_pipeline' retrieved from /opt/airflow/dags/isr_pipeline.py
[2026-04-03T13:37:04.560+0000] {logging_mixin.py:188} INFO - [2026-04-03T13:37:04.559+0000] {dag.py:3096} INFO - Sync 1 DAGs
[2026-04-03T13:37:04.762+0000] {processor.py:183} INFO - Processing /opt/airflow/dags/isr_pipeline.py took 0.515 seconds
[2026-04-03T13:37:35.224+0000] {processor.py:161} INFO - Started process (PID=48588) to work on /opt/airflow/dags/isr_pipeline.py
[2026-04-03T13:37:35.231+0000] {processor.py:830} INFO - Processing file /opt/airflow/dags/isr_pipeline.py for tasks to queue
[2026-04-03T13:37:35.238+0000] {logging_mixin.py:188} INFO - [2026-04-03T13:37:35.236+0000] {dagbag.py:540} INFO - Filling up the DagBag from /opt/airflow/dags/isr_pipeline.py
[2026-04-03T13:37:35.322+0000] {processor.py:840} INFO - DAG(s) 'isr_pipeline' retrieved from /opt/airflow/dags/isr_pipeline.py
[2026-04-03T13:37:35.500+0000] {logging_mixin.py:188} INFO - [2026-04-03T13:37:35.499+0000] {dag.py:3096} INFO - Sync 1 DAGs
[2026-04-03T13:37:35.696+0000] {processor.py:183} INFO - Processing /opt/airflow/dags/isr_pipeline.py took 0.507 seconds
[2026-04-03T13:54:24.681+0000] {processor.py:161} INFO - Started process (PID=48594) to work on /opt/airflow/dags/isr_pipeline.py
[2026-04-03T13:54:24.683+0000] {processor.py:830} INFO - Processing file /opt/airflow/dags/isr_pipeline.py for tasks to queue
[2026-04-03T13:54:24.685+0000] {logging_mixin.py:188} INFO - [2026-04-03T13:54:24.685+0000] {dagbag.py:540} INFO - Filling up the DagBag from /opt/airflow/dags/isr_pipeline.py
[2026-04-03T13:54:24.707+0000] {processor.py:840} INFO - DAG(s) 'isr_pipeline' retrieved from /opt/airflow/dags/isr_pipeline.py
[2026-04-03T13:54:24.768+0000] {logging_mixin.py:188} INFO - [2026-04-03T13:54:24.767+0000] {dag.py:3096} INFO - Sync 1 DAGs
[2026-04-03T13:54:24.900+0000] {processor.py:183} INFO - Processing /opt/airflow/dags/isr_pipeline.py took 0.230 seconds
[2026-04-03T13:54:55.229+0000] {processor.py:161} INFO - Started process (PID=48599) to work on /opt/airflow/dags/isr_pipeline.py
[2026-04-03T13:54:55.234+0000] {processor.py:830} INFO - Processing file /opt/airflow/dags/isr_pipeline.py for tasks to queue
[2026-04-03T13:54:55.241+0000] {logging_mixin.py:188} INFO - [2026-04-03T13:54:55.239+0000] {dagbag.py:540} INFO - Filling up the DagBag from /opt/airflow/dags/isr_pipeline.py
[2026-04-03T13:54:55.325+0000] {processor.py:840} INFO - DAG(s) 'isr_pipeline' retrieved from /opt/airflow/dags/isr_pipeline.py
[2026-04-03T13:54:55.496+0000] {logging_mixin.py:188} INFO - [2026-04-03T13:54:55.495+0000] {dag.py:3096} INFO - Sync 1 DAGs
[2026-04-03T13:54:55.696+0000] {processor.py:183} INFO - Processing /opt/airflow/dags/isr_pipeline.py took 0.500 seconds
[2026-04-03T14:10:22.618+0000] {processor.py:161} INFO - Started process (PID=48605) to work on /opt/airflow/dags/isr_pipeline.py
[2026-04-03T14:10:22.620+0000] {processor.py:830} INFO - Processing file /opt/airflow/dags/isr_pipeline.py for tasks to queue
[2026-04-03T14:10:22.622+0000] {logging_mixin.py:188} INFO - [2026-04-03T14:10:22.621+0000] {dagbag.py:540} INFO - Filling up the DagBag from /opt/airflow/dags/isr_pipeline.py
[2026-04-03T14:10:22.893+0000] {processor.py:840} INFO - DAG(s) 'isr_pipeline' retrieved from /opt/airflow/dags/isr_pipeline.py
[2026-04-03T14:10:22.939+0000] {logging_mixin.py:188} INFO - [2026-04-03T14:10:22.938+0000] {dag.py:3096} INFO - Sync 1 DAGs
[2026-04-03T14:10:23.019+0000] {processor.py:183} INFO - Processing /opt/airflow/dags/isr_pipeline.py took 0.410 seconds
[2026-04-03T14:10:53.439+0000] {processor.py:161} INFO - Started process (PID=48610) to work on /opt/airflow/dags/isr_pipeline.py
[2026-04-03T14:10:53.446+0000] {processor.py:830} INFO - Processing file /opt/airflow/dags/isr_pipeline.py for tasks to queue
[2026-04-03T14:10:53.454+0000] {logging_mixin.py:188} INFO - [2026-04-03T14:10:53.452+0000] {dagbag.py:540} INFO - Filling up the DagBag from /opt/airflow/dags/isr_pipeline.py
[2026-04-03T14:10:53.538+0000] {processor.py:840} INFO - DAG(s) 'isr_pipeline' retrieved from /opt/airflow/dags/isr_pipeline.py
[2026-04-03T14:10:53.715+0000] {logging_mixin.py:188} INFO - [2026-04-03T14:10:53.714+0000] {dag.py:3096} INFO - Sync 1 DAGs
[2026-04-03T14:10:53.952+0000] {processor.py:183} INFO - Processing /opt/airflow/dags/isr_pipeline.py took 0.551 seconds
[2026-04-03T14:11:24.420+0000] {processor.py:161} INFO - Started process (PID=48615) to work on /opt/airflow/dags/isr_pipeline.py
[2026-04-03T14:11:24.427+0000] {processor.py:830} INFO - Processing file /opt/airflow/dags/isr_pipeline.py for tasks to queue
[2026-04-03T14:11:24.441+0000] {logging_mixin.py:188} INFO - [2026-04-03T14:11:24.435+0000] {dagbag.py:540} INFO - Filling up the DagBag from /opt/airflow/dags/isr_pipeline.py
[2026-04-03T14:11:24.547+0000] {processor.py:840} INFO - DAG(s) 'isr_pipeline' retrieved from /opt/airflow/dags/isr_pipeline.py
[2026-04-03T14:11:24.734+0000] {logging_mixin.py:188} INFO - [2026-04-03T14:11:24.733+0000] {dag.py:3096} INFO - Sync 1 DAGs
[2026-04-03T14:11:24.951+0000] {processor.py:183} INFO - Processing /opt/airflow/dags/isr_pipeline.py took 0.565 seconds
[2026-04-03T14:11:55.441+0000] {processor.py:161} INFO - Started process (PID=48620) to work on /opt/airflow/dags/isr_pipeline.py
[2026-04-03T14:11:55.449+0000] {processor.py:830} INFO - Processing file /opt/airflow/dags/isr_pipeline.py for tasks to queue
[2026-04-03T14:11:55.456+0000] {logging_mixin.py:188} INFO - [2026-04-03T14:11:55.454+0000] {dagbag.py:540} INFO - Filling up the DagBag from /opt/airflow/dags/isr_pipeline.py
[2026-04-03T14:11:55.540+0000] {processor.py:840} INFO - DAG(s) 'isr_pipeline' retrieved from /opt/airflow/dags/isr_pipeline.py
[2026-04-03T14:11:55.720+0000] {logging_mixin.py:188} INFO - [2026-04-03T14:11:55.719+0000] {dag.py:3096} INFO - Sync 1 DAGs
[2026-04-03T14:11:55.931+0000] {processor.py:183} INFO - Processing /opt/airflow/dags/isr_pipeline.py took 0.529 seconds
[2026-04-03T14:12:26.186+0000] {processor.py:161} INFO - Started process (PID=48625) to work on /opt/airflow/dags/isr_pipeline.py
[2026-04-03T14:12:26.193+0000] {processor.py:830} INFO - Processing file /opt/airflow/dags/isr_pipeline.py for tasks to queue
[2026-04-03T14:12:26.200+0000] {logging_mixin.py:188} INFO - [2026-04-03T14:12:26.198+0000] {dagbag.py:540} INFO - Filling up the DagBag from /opt/airflow/dags/isr_pipeline.py
[2026-04-03T14:12:26.286+0000] {processor.py:840} INFO - DAG(s) 'isr_pipeline' retrieved from /opt/airflow/dags/isr_pipeline.py
[2026-04-03T14:12:26.474+0000] {logging_mixin.py:188} INFO - [2026-04-03T14:12:26.473+0000] {dag.py:3096} INFO - Sync 1 DAGs
[2026-04-03T14:12:26.682+0000] {processor.py:183} INFO - Processing /opt/airflow/dags/isr_pipeline.py took 0.535 seconds
[2026-04-03T14:12:57.213+0000] {processor.py:161} INFO - Started process (PID=48630) to work on /opt/airflow/dags/isr_pipeline.py
[2026-04-03T14:12:57.220+0000] {processor.py:830} INFO - Processing file /opt/airflow/dags/isr_pipeline.py for tasks to queue
[2026-04-03T14:12:57.227+0000] {logging_mixin.py:188} INFO - [2026-04-03T14:12:57.226+0000] {dagbag.py:540} INFO - Filling up the DagBag from /opt/airflow/dags/isr_pipeline.py
[2026-04-03T14:12:57.313+0000] {processor.py:840} INFO - DAG(s) 'isr_pipeline' retrieved from /opt/airflow/dags/isr_pipeline.py
[2026-04-03T14:12:57.489+0000] {logging_mixin.py:188} INFO - [2026-04-03T14:12:57.488+0000] {dag.py:3096} INFO - Sync 1 DAGs
[2026-04-03T14:12:57.683+0000] {processor.py:183} INFO - Processing /opt/airflow/dags/isr_pipeline.py took 0.508 seconds
[2026-04-03T14:13:28.126+0000] {processor.py:161} INFO - Started process (PID=48635) to work on /opt/airflow/dags/isr_pipeline.py
[2026-04-03T14:13:28.133+0000] {processor.py:830} INFO - Processing file /opt/airflow/dags/isr_pipeline.py for tasks to queue
[2026-04-03T14:13:28.140+0000] {logging_mixin.py:188} INFO - [2026-04-03T14:13:28.138+0000] {dagbag.py:540} INFO - Filling up the DagBag from /opt/airflow/dags/isr_pipeline.py
[2026-04-03T14:13:28.223+0000] {processor.py:840} INFO - DAG(s) 'isr_pipeline' retrieved from /opt/airflow/dags/isr_pipeline.py
[2026-04-03T14:13:28.392+0000] {logging_mixin.py:188} INFO - [2026-04-03T14:13:28.391+0000] {dag.py:3096} INFO - Sync 1 DAGs
[2026-04-03T14:13:28.584+0000] {processor.py:183} INFO - Processing /opt/airflow/dags/isr_pipeline.py took 0.493 seconds
[2026-04-03T14:13:59.092+0000] {processor.py:161} INFO - Started process (PID=48640) to work on /opt/airflow/dags/isr_pipeline.py
[2026-04-03T14:13:59.100+0000] {processor.py:830} INFO - Processing file /opt/airflow/dags/isr_pipeline.py for tasks to queue
[2026-04-03T14:13:59.109+0000] {logging_mixin.py:188} INFO - [2026-04-03T14:13:59.106+0000] {dagbag.py:540} INFO - Filling up the DagBag from /opt/airflow/dags/isr_pipeline.py
[2026-04-03T14:13:59.200+0000] {processor.py:840} INFO - DAG(s) 'isr_pipeline' retrieved from /opt/airflow/dags/isr_pipeline.py
[2026-04-03T14:13:59.382+0000] {logging_mixin.py:188} INFO - [2026-04-03T14:13:59.381+0000] {dag.py:3096} INFO - Sync 1 DAGs
[2026-04-03T14:13:59.578+0000] {processor.py:183} INFO - Processing /opt/airflow/dags/isr_pipeline.py took 0.523 seconds
[2026-04-03T14:14:29.864+0000] {processor.py:161} INFO - Started process (PID=48645) to work on /opt/airflow/dags/isr_pipeline.py
[2026-04-03T14:14:29.871+0000] {processor.py:830} INFO - Processing file /opt/airflow/dags/isr_pipeline.py for tasks to queue
[2026-04-03T14:14:29.877+0000] {logging_mixin.py:188} INFO - [2026-04-03T14:14:29.876+0000] {dagbag.py:540} INFO - Filling up the DagBag from /opt/airflow/dags/isr_pipeline.py
[2026-04-03T14:14:29.962+0000] {processor.py:840} INFO - DAG(s) 'isr_pipeline' retrieved from /opt/airflow/dags/isr_pipeline.py
[2026-04-03T14:14:30.135+0000] {logging_mixin.py:188} INFO - [2026-04-03T14:14:30.134+0000] {dag.py:3096} INFO - Sync 1 DAGs
[2026-04-03T14:14:30.331+0000] {processor.py:183} INFO - Processing /opt/airflow/dags/isr_pipeline.py took 0.505 seconds
[2026-04-03T14:15:00.843+0000] {processor.py:161} INFO - Started process (PID=48650) to work on /opt/airflow/dags/isr_pipeline.py
[2026-04-03T14:15:00.851+0000] {processor.py:830} INFO - Processing file /opt/airflow/dags/isr_pipeline.py for tasks to queue
[2026-04-03T14:15:00.859+0000] {logging_mixin.py:188} INFO - [2026-04-03T14:15:00.856+0000] {dagbag.py:540} INFO - Filling up the DagBag from /opt/airflow/dags/isr_pipeline.py
[2026-04-03T14:15:00.946+0000] {processor.py:840} INFO - DAG(s) 'isr_pipeline' retrieved from /opt/airflow/dags/isr_pipeline.py
[2026-04-03T14:15:01.128+0000] {logging_mixin.py:188} INFO - [2026-04-03T14:15:01.127+0000] {dag.py:3096} INFO - Sync 1 DAGs
[2026-04-03T14:15:01.326+0000] {processor.py:183} INFO - Processing /opt/airflow/dags/isr_pipeline.py took 0.523 seconds
[2026-04-03T14:15:31.717+0000] {processor.py:161} INFO - Started process (PID=48655) to work on /opt/airflow/dags/isr_pipeline.py
[2026-04-03T14:15:31.725+0000] {processor.py:830} INFO - Processing file /opt/airflow/dags/isr_pipeline.py for tasks to queue
[2026-04-03T14:15:31.731+0000] {logging_mixin.py:188} INFO - [2026-04-03T14:15:31.730+0000] {dagbag.py:540} INFO - Filling up the DagBag from /opt/airflow/dags/isr_pipeline.py
[2026-04-03T14:15:31.819+0000] {processor.py:840} INFO - DAG(s) 'isr_pipeline' retrieved from /opt/airflow/dags/isr_pipeline.py
[2026-04-03T14:15:31.993+0000] {logging_mixin.py:188} INFO - [2026-04-03T14:15:31.992+0000] {dag.py:3096} INFO - Sync 1 DAGs
[2026-04-03T14:15:32.191+0000] {processor.py:183} INFO - Processing /opt/airflow/dags/isr_pipeline.py took 0.514 seconds
[2026-04-03T14:16:02.653+0000] {processor.py:161} INFO - Started process (PID=48660) to work on /opt/airflow/dags/isr_pipeline.py
[2026-04-03T14:16:02.661+0000] {processor.py:830} INFO - Processing file /opt/airflow/dags/isr_pipeline.py for tasks to queue
[2026-04-03T14:16:02.668+0000] {logging_mixin.py:188} INFO - [2026-04-03T14:16:02.666+0000] {dagbag.py:540} INFO - Filling up the DagBag from /opt/airflow/dags/isr_pipeline.py
[2026-04-03T14:16:02.753+0000] {processor.py:840} INFO - DAG(s) 'isr_pipeline' retrieved from /opt/airflow/dags/isr_pipeline.py
[2026-04-03T14:16:02.938+0000] {logging_mixin.py:188} INFO - [2026-04-03T14:16:02.938+0000] {dag.py:3096} INFO - Sync 1 DAGs
[2026-04-03T14:16:03.154+0000] {processor.py:183} INFO - Processing /opt/airflow/dags/isr_pipeline.py took 0.537 seconds
[2026-04-03T14:16:33.594+0000] {processor.py:161} INFO - Started process (PID=48665) to work on /opt/airflow/dags/isr_pipeline.py
[2026-04-03T14:16:33.601+0000] {processor.py:830} INFO - Processing file /opt/airflow/dags/isr_pipeline.py for tasks to queue
[2026-04-03T14:16:33.608+0000] {logging_mixin.py:188} INFO - [2026-04-03T14:16:33.606+0000] {dagbag.py:540} INFO - Filling up the DagBag from /opt/airflow/dags/isr_pipeline.py
[2026-04-03T14:16:33.706+0000] {processor.py:840} INFO - DAG(s) 'isr_pipeline' retrieved from /opt/airflow/dags/isr_pipeline.py
[2026-04-03T14:16:33.879+0000] {logging_mixin.py:188} INFO - [2026-04-03T14:16:33.878+0000] {dag.py:3096} INFO - Sync 1 DAGs
[2026-04-03T14:16:34.078+0000] {processor.py:183} INFO - Processing /opt/airflow/dags/isr_pipeline.py took 0.518 seconds
[2026-04-03T14:17:04.550+0000] {processor.py:161} INFO - Started process (PID=48670) to work on /opt/airflow/dags/isr_pipeline.py
[2026-04-03T14:17:04.557+0000] {processor.py:830} INFO - Processing file /opt/airflow/dags/isr_pipeline.py for tasks to queue
[2026-04-03T14:17:04.564+0000] {logging_mixin.py:188} INFO - [2026-04-03T14:17:04.562+0000] {dagbag.py:540} INFO - Filling up the DagBag from /opt/airflow/dags/isr_pipeline.py
[2026-04-03T14:17:04.650+0000] {processor.py:840} INFO - DAG(s) 'isr_pipeline' retrieved from /opt/airflow/dags/isr_pipeline.py
[2026-04-03T14:17:04.827+0000] {logging_mixin.py:188} INFO - [2026-04-03T14:17:04.826+0000] {dag.py:3096} INFO - Sync 1 DAGs
[2026-04-03T14:17:05.022+0000] {processor.py:183} INFO - Processing /opt/airflow/dags/isr_pipeline.py took 0.509 seconds
[2026-04-03T14:17:35.297+0000] {processor.py:161} INFO - Started process (PID=48675) to work on /opt/airflow/dags/isr_pipeline.py
[2026-04-03T14:17:35.305+0000] {processor.py:830} INFO - Processing file /opt/airflow/dags/isr_pipeline.py for tasks to queue
[2026-04-03T14:17:35.312+0000] {logging_mixin.py:188} INFO - [2026-04-03T14:17:35.310+0000] {dagbag.py:540} INFO - Filling up the DagBag from /opt/airflow/dags/isr_pipeline.py
[2026-04-03T14:17:35.398+0000] {processor.py:840} INFO - DAG(s) 'isr_pipeline' retrieved from /opt/airflow/dags/isr_pipeline.py
[2026-04-03T14:17:35.571+0000] {logging_mixin.py:188} INFO - [2026-04-03T14:17:35.570+0000] {dag.py:3096} INFO - Sync 1 DAGs
[2026-04-03T14:17:35.773+0000] {processor.py:183} INFO - Processing /opt/airflow/dags/isr_pipeline.py took 0.514 seconds
[2026-04-03T14:18:06.244+0000] {processor.py:161} INFO - Started process (PID=48680) to work on /opt/airflow/dags/isr_pipeline.py
[2026-04-03T14:18:06.252+0000] {processor.py:830} INFO - Processing file /opt/airflow/dags/isr_pipeline.py for tasks to queue
[2026-04-03T14:18:06.259+0000] {logging_mixin.py:188} INFO - [2026-04-03T14:18:06.257+0000] {dagbag.py:540} INFO - Filling up the DagBag from /opt/airflow/dags/isr_pipeline.py
[2026-04-03T14:18:06.341+0000] {processor.py:840} INFO - DAG(s) 'isr_pipeline' retrieved from /opt/airflow/dags/isr_pipeline.py
[2026-04-03T14:18:06.517+0000] {logging_mixin.py:188} INFO - [2026-04-03T14:18:06.516+0000] {dag.py:3096} INFO - Sync 1 DAGs
[2026-04-03T14:18:06.713+0000] {processor.py:183} INFO - Processing /opt/airflow/dags/isr_pipeline.py took 0.506 seconds
[2026-04-03T14:18:37.195+0000] {processor.py:161} INFO - Started process (PID=48685) to work on /opt/airflow/dags/isr_pipeline.py
[2026-04-03T14:18:37.202+0000] {processor.py:830} INFO - Processing file /opt/airflow/dags/isr_pipeline.py for tasks to queue
[2026-04-03T14:18:37.209+0000] {logging_mixin.py:188} INFO - [2026-04-03T14:18:37.207+0000] {dagbag.py:540} INFO - Filling up the DagBag from /opt/airflow/dags/isr_pipeline.py
[2026-04-03T14:18:37.291+0000] {processor.py:840} INFO - DAG(s) 'isr_pipeline' retrieved from /opt/airflow/dags/isr_pipeline.py
[2026-04-03T14:18:37.465+0000] {logging_mixin.py:188} INFO - [2026-04-03T14:18:37.464+0000] {dag.py:3096} INFO - Sync 1 DAGs
[2026-04-03T14:18:37.663+0000] {processor.py:183} INFO - Processing /opt/airflow/dags/isr_pipeline.py took 0.503 seconds
[2026-04-03T14:19:08.127+0000] {processor.py:161} INFO - Started process (PID=48690) to work on /opt/airflow/dags/isr_pipeline.py
[2026-04-03T14:19:08.134+0000] {processor.py:830} INFO - Processing file /opt/airflow/dags/isr_pipeline.py for tasks to queue
[2026-04-03T14:19:08.141+0000] {logging_mixin.py:188} INFO - [2026-04-03T14:19:08.139+0000] {dagbag.py:540} INFO - Filling up the DagBag from /opt/airflow/dags/isr_pipeline.py
[2026-04-03T14:19:08.225+0000] {processor.py:840} INFO - DAG(s) 'isr_pipeline' retrieved from /opt/airflow/dags/isr_pipeline.py
[2026-04-03T14:19:08.402+0000] {logging_mixin.py:188} INFO - [2026-04-03T14:19:08.401+0000] {dag.py:3096} INFO - Sync 1 DAGs
[2026-04-03T14:19:08.597+0000] {processor.py:183} INFO - Processing /opt/airflow/dags/isr_pipeline.py took 0.509 seconds
[2026-04-03T14:19:38.929+0000] {processor.py:161} INFO - Started process (PID=48695) to work on /opt/airflow/dags/isr_pipeline.py
[2026-04-03T14:19:38.936+0000] {processor.py:830} INFO - Processing file /opt/airflow/dags/isr_pipeline.py for tasks to queue
[2026-04-03T14:19:38.944+0000] {logging_mixin.py:188} INFO - [2026-04-03T14:19:38.942+0000] {dagbag.py:540} INFO - Filling up the DagBag from /opt/airflow/dags/isr_pipeline.py
[2026-04-03T14:19:39.033+0000] {processor.py:840} INFO - DAG(s) 'isr_pipeline' retrieved from /opt/airflow/dags/isr_pipeline.py
[2026-04-03T14:19:39.208+0000] {logging_mixin.py:188} INFO - [2026-04-03T14:19:39.207+0000] {dag.py:3096} INFO - Sync 1 DAGs
[2026-04-03T14:19:39.408+0000] {processor.py:183} INFO - Processing /opt/airflow/dags/isr_pipeline.py took 0.518 seconds
[2026-04-03T14:20:09.899+0000] {processor.py:161} INFO - Started process (PID=48700) to work on /opt/airflow/dags/isr_pipeline.py
[2026-04-03T14:20:09.908+0000] {processor.py:830} INFO - Processing file /opt/airflow/dags/isr_pipeline.py for tasks to queue
[2026-04-03T14:20:09.916+0000] {logging_mixin.py:188} INFO - [2026-04-03T14:20:09.914+0000] {dagbag.py:540} INFO - Filling up the DagBag from /opt/airflow/dags/isr_pipeline.py
[2026-04-03T14:20:10.002+0000] {processor.py:840} INFO - DAG(s) 'isr_pipeline' retrieved from /opt/airflow/dags/isr_pipeline.py
[2026-04-03T14:20:10.180+0000] {logging_mixin.py:188} INFO - [2026-04-03T14:20:10.179+0000] {dag.py:3096} INFO - Sync 1 DAGs
[2026-04-03T14:20:10.376+0000] {processor.py:183} INFO - Processing /opt/airflow/dags/isr_pipeline.py took 0.518 seconds
[2026-04-03T14:20:40.825+0000] {processor.py:161} INFO - Started process (PID=48705) to work on /opt/airflow/dags/isr_pipeline.py
[2026-04-03T14:20:40.833+0000] {processor.py:830} INFO - Processing file /opt/airflow/dags/isr_pipeline.py for tasks to queue
[2026-04-03T14:20:40.839+0000] {logging_mixin.py:188} INFO - [2026-04-03T14:20:40.837+0000] {dagbag.py:540} INFO - Filling up the DagBag from /opt/airflow/dags/isr_pipeline.py
[2026-04-03T14:20:40.926+0000] {processor.py:840} INFO - DAG(s) 'isr_pipeline' retrieved from /opt/airflow/dags/isr_pipeline.py
[2026-04-03T14:20:41.131+0000] {logging_mixin.py:188} INFO - [2026-04-03T14:20:41.130+0000] {dag.py:3096} INFO - Sync 1 DAGs
[2026-04-03T14:20:41.341+0000] {processor.py:183} INFO - Processing /opt/airflow/dags/isr_pipeline.py took 0.551 seconds
[2026-04-03T14:21:11.853+0000] {processor.py:161} INFO - Started process (PID=48710) to work on /opt/airflow/dags/isr_pipeline.py
[2026-04-03T14:21:11.862+0000] {processor.py:830} INFO - Processing file /opt/airflow/dags/isr_pipeline.py for tasks to queue
[2026-04-03T14:21:11.870+0000] {logging_mixin.py:188} INFO - [2026-04-03T14:21:11.868+0000] {dagbag.py:540} INFO - Filling up the DagBag from /opt/airflow/dags/isr_pipeline.py
[2026-04-03T14:21:11.956+0000] {processor.py:840} INFO - DAG(s) 'isr_pipeline' retrieved from /opt/airflow/dags/isr_pipeline.py
[2026-04-03T14:21:12.135+0000] {logging_mixin.py:188} INFO - [2026-04-03T14:21:12.134+0000] {dag.py:3096} INFO - Sync 1 DAGs
[2026-04-03T14:21:12.334+0000] {processor.py:183} INFO - Processing /opt/airflow/dags/isr_pipeline.py took 0.518 seconds
[2026-04-03T14:21:42.852+0000] {processor.py:161} INFO - Started process (PID=48715) to work on /opt/airflow/dags/isr_pipeline.py
[2026-04-03T14:21:42.859+0000] {processor.py:830} INFO - Processing file /opt/airflow/dags/isr_pipeline.py for tasks to queue
[2026-04-03T14:21:42.866+0000] {logging_mixin.py:188} INFO - [2026-04-03T14:21:42.864+0000] {dagbag.py:540} INFO - Filling up the DagBag from /opt/airflow/dags/isr_pipeline.py
[2026-04-03T14:21:42.950+0000] {processor.py:840} INFO - DAG(s) 'isr_pipeline' retrieved from /opt/airflow/dags/isr_pipeline.py
[2026-04-03T14:21:43.136+0000] {logging_mixin.py:188} INFO - [2026-04-03T14:21:43.135+0000] {dag.py:3096} INFO - Sync 1 DAGs
[2026-04-03T14:21:43.336+0000] {processor.py:183} INFO - Processing /opt/airflow/dags/isr_pipeline.py took 0.523 seconds
[2026-04-03T14:22:13.825+0000] {processor.py:161} INFO - Started process (PID=48720) to work on /opt/airflow/dags/isr_pipeline.py
[2026-04-03T14:22:13.832+0000] {processor.py:830} INFO - Processing file /opt/airflow/dags/isr_pipeline.py for tasks to queue
[2026-04-03T14:22:13.839+0000] {logging_mixin.py:188} INFO - [2026-04-03T14:22:13.837+0000] {dagbag.py:540} INFO - Filling up the DagBag from /opt/airflow/dags/isr_pipeline.py
[2026-04-03T14:22:13.924+0000] {processor.py:840} INFO - DAG(s) 'isr_pipeline' retrieved from /opt/airflow/dags/isr_pipeline.py
[2026-04-03T14:22:14.099+0000] {logging_mixin.py:188} INFO - [2026-04-03T14:22:14.098+0000] {dag.py:3096} INFO - Sync 1 DAGs
[2026-04-03T14:22:14.289+0000] {processor.py:183} INFO - Processing /opt/airflow/dags/isr_pipeline.py took 0.505 seconds
[2026-04-03T14:22:44.535+0000] {processor.py:161} INFO - Started process (PID=48725) to work on /opt/airflow/dags/isr_pipeline.py
[2026-04-03T14:22:44.542+0000] {processor.py:830} INFO - Processing file /opt/airflow/dags/isr_pipeline.py for tasks to queue
[2026-04-03T14:22:44.549+0000] {logging_mixin.py:188} INFO - [2026-04-03T14:22:44.547+0000] {dagbag.py:540} INFO - Filling up the DagBag from /opt/airflow/dags/isr_pipeline.py
[2026-04-03T14:22:44.631+0000] {processor.py:840} INFO - DAG(s) 'isr_pipeline' retrieved from /opt/airflow/dags/isr_pipeline.py
[2026-04-03T14:22:44.810+0000] {logging_mixin.py:188} INFO - [2026-04-03T14:22:44.809+0000] {dag.py:3096} INFO - Sync 1 DAGs
[2026-04-03T14:22:45.015+0000] {processor.py:183} INFO - Processing /opt/airflow/dags/isr_pipeline.py took 0.517 seconds
[2026-04-03T14:23:15.503+0000] {processor.py:161} INFO - Started process (PID=48730) to work on /opt/airflow/dags/isr_pipeline.py
[2026-04-03T14:23:15.511+0000] {processor.py:830} INFO - Processing file /opt/airflow/dags/isr_pipeline.py for tasks to queue
[2026-04-03T14:23:15.520+0000] {logging_mixin.py:188} INFO - [2026-04-03T14:23:15.516+0000] {dagbag.py:540} INFO - Filling up the DagBag from /opt/airflow/dags/isr_pipeline.py
[2026-04-03T14:23:15.607+0000] {processor.py:840} INFO - DAG(s) 'isr_pipeline' retrieved from /opt/airflow/dags/isr_pipeline.py
[2026-04-03T14:23:15.785+0000] {logging_mixin.py:188} INFO - [2026-04-03T14:23:15.784+0000] {dag.py:3096} INFO - Sync 1 DAGs
[2026-04-03T14:23:15.992+0000] {processor.py:183} INFO - Processing /opt/airflow/dags/isr_pipeline.py took 0.527 seconds
[2026-04-03T14:23:46.268+0000] {processor.py:161} INFO - Started process (PID=48735) to work on /opt/airflow/dags/isr_pipeline.py
[2026-04-03T14:23:46.276+0000] {processor.py:830} INFO - Processing file /opt/airflow/dags/isr_pipeline.py for tasks to queue
[2026-04-03T14:23:46.283+0000] {logging_mixin.py:188} INFO - [2026-04-03T14:23:46.281+0000] {dagbag.py:540} INFO - Filling up the DagBag from /opt/airflow/dags/isr_pipeline.py
[2026-04-03T14:23:46.371+0000] {processor.py:840} INFO - DAG(s) 'isr_pipeline' retrieved from /opt/airflow/dags/isr_pipeline.py
[2026-04-03T14:23:46.542+0000] {logging_mixin.py:188} INFO - [2026-04-03T14:23:46.541+0000] {dag.py:3096} INFO - Sync 1 DAGs
[2026-04-03T14:23:46.738+0000] {processor.py:183} INFO - Processing /opt/airflow/dags/isr_pipeline.py took 0.532 seconds
[2026-04-03T14:24:17.205+0000] {processor.py:161} INFO - Started process (PID=48740) to work on /opt/airflow/dags/isr_pipeline.py
[2026-04-03T14:24:17.213+0000] {processor.py:830} INFO - Processing file /opt/airflow/dags/isr_pipeline.py for tasks to queue
[2026-04-03T14:24:17.221+0000] {logging_mixin.py:188} INFO - [2026-04-03T14:24:17.219+0000] {dagbag.py:540} INFO - Filling up the DagBag from /opt/airflow/dags/isr_pipeline.py
[2026-04-03T14:24:17.305+0000] {processor.py:840} INFO - DAG(s) 'isr_pipeline' retrieved from /opt/airflow/dags/isr_pipeline.py
[2026-04-03T14:24:17.486+0000] {logging_mixin.py:188} INFO - [2026-04-03T14:24:17.485+0000] {dag.py:3096} INFO - Sync 1 DAGs
[2026-04-03T14:24:17.681+0000] {processor.py:183} INFO - Processing /opt/airflow/dags/isr_pipeline.py took 0.514 seconds
[2026-04-03T14:24:48.185+0000] {processor.py:161} INFO - Started process (PID=48745) to work on /opt/airflow/dags/isr_pipeline.py
[2026-04-03T14:24:48.191+0000] {processor.py:830} INFO - Processing file /opt/airflow/dags/isr_pipeline.py for tasks to queue
[2026-04-03T14:24:48.199+0000] {logging_mixin.py:188} INFO - [2026-04-03T14:24:48.197+0000] {dagbag.py:540} INFO - Filling up the DagBag from /opt/airflow/dags/isr_pipeline.py
[2026-04-03T14:24:48.284+0000] {processor.py:840} INFO - DAG(s) 'isr_pipeline' retrieved from /opt/airflow/dags/isr_pipeline.py
[2026-04-03T14:24:48.459+0000] {logging_mixin.py:188} INFO - [2026-04-03T14:24:48.458+0000] {dag.py:3096} INFO - Sync 1 DAGs
[2026-04-03T14:24:48.652+0000] {processor.py:183} INFO - Processing /opt/airflow/dags/isr_pipeline.py took 0.504 seconds
[2026-04-03T14:25:19.111+0000] {processor.py:161} INFO - Started process (PID=48750) to work on /opt/airflow/dags/isr_pipeline.py
[2026-04-03T14:25:19.119+0000] {processor.py:830} INFO - Processing file /opt/airflow/dags/isr_pipeline.py for tasks to queue
[2026-04-03T14:25:19.126+0000] {logging_mixin.py:188} INFO - [2026-04-03T14:25:19.124+0000] {dagbag.py:540} INFO - Filling up the DagBag from /opt/airflow/dags/isr_pipeline.py
[2026-04-03T14:25:19.211+0000] {processor.py:840} INFO - DAG(s) 'isr_pipeline' retrieved from /opt/airflow/dags/isr_pipeline.py
[2026-04-03T14:25:19.387+0000] {logging_mixin.py:188} INFO - [2026-04-03T14:25:19.386+0000] {dag.py:3096} INFO - Sync 1 DAGs
[2026-04-03T14:25:19.584+0000] {processor.py:183} INFO - Processing /opt/airflow/dags/isr_pipeline.py took 0.510 seconds
[2026-04-03T14:25:49.982+0000] {processor.py:161} INFO - Started process (PID=48755) to work on /opt/airflow/dags/isr_pipeline.py
[2026-04-03T14:25:49.989+0000] {processor.py:830} INFO - Processing file /opt/airflow/dags/isr_pipeline.py for tasks to queue
[2026-04-03T14:25:49.995+0000] {logging_mixin.py:188} INFO - [2026-04-03T14:25:49.994+0000] {dagbag.py:540} INFO - Filling up the DagBag from /opt/airflow/dags/isr_pipeline.py
[2026-04-03T14:25:50.079+0000] {processor.py:840} INFO - DAG(s) 'isr_pipeline' retrieved from /opt/airflow/dags/isr_pipeline.py
[2026-04-03T14:25:50.258+0000] {logging_mixin.py:188} INFO - [2026-04-03T14:25:50.257+0000] {dag.py:3096} INFO - Sync 1 DAGs
[2026-04-03T14:25:50.448+0000] {processor.py:183} INFO - Processing /opt/airflow/dags/isr_pipeline.py took 0.504 seconds
[2026-04-03T14:26:20.986+0000] {processor.py:161} INFO - Started process (PID=48760) to work on /opt/airflow/dags/isr_pipeline.py
[2026-04-03T14:26:20.994+0000] {processor.py:830} INFO - Processing file /opt/airflow/dags/isr_pipeline.py for tasks to queue
[2026-04-03T14:26:21.002+0000] {logging_mixin.py:188} INFO - [2026-04-03T14:26:21.000+0000] {dagbag.py:540} INFO - Filling up the DagBag from /opt/airflow/dags/isr_pipeline.py
[2026-04-03T14:26:21.092+0000] {processor.py:840} INFO - DAG(s) 'isr_pipeline' retrieved from /opt/airflow/dags/isr_pipeline.py
[2026-04-03T14:26:21.273+0000] {logging_mixin.py:188} INFO - [2026-04-03T14:26:21.272+0000] {dag.py:3096} INFO - Sync 1 DAGs
[2026-04-03T14:26:21.475+0000] {processor.py:183} INFO - Processing /opt/airflow/dags/isr_pipeline.py took 0.529 seconds
[2026-04-03T14:51:05.020+0000] {processor.py:161} INFO - Started process (PID=48766) to work on /opt/airflow/dags/isr_pipeline.py
[2026-04-03T14:51:05.022+0000] {processor.py:830} INFO - Processing file /opt/airflow/dags/isr_pipeline.py for tasks to queue
[2026-04-03T14:51:05.025+0000] {logging_mixin.py:188} INFO - [2026-04-03T14:51:05.024+0000] {dagbag.py:540} INFO - Filling up the DagBag from /opt/airflow/dags/isr_pipeline.py
[2026-04-03T14:51:05.059+0000] {processor.py:840} INFO - DAG(s) 'isr_pipeline' retrieved from /opt/airflow/dags/isr_pipeline.py
[2026-04-03T14:51:05.116+0000] {logging_mixin.py:188} INFO - [2026-04-03T14:51:05.116+0000] {dag.py:3096} INFO - Sync 1 DAGs
[2026-04-03T14:51:05.247+0000] {processor.py:183} INFO - Processing /opt/airflow/dags/isr_pipeline.py took 0.239 seconds
[2026-04-03T14:51:35.609+0000] {processor.py:161} INFO - Started process (PID=48771) to work on /opt/airflow/dags/isr_pipeline.py
[2026-04-03T14:51:35.618+0000] {processor.py:830} INFO - Processing file /opt/airflow/dags/isr_pipeline.py for tasks to queue
[2026-04-03T14:51:35.625+0000] {logging_mixin.py:188} INFO - [2026-04-03T14:51:35.623+0000] {dagbag.py:540} INFO - Filling up the DagBag from /opt/airflow/dags/isr_pipeline.py
[2026-04-03T14:51:35.713+0000] {processor.py:840} INFO - DAG(s) 'isr_pipeline' retrieved from /opt/airflow/dags/isr_pipeline.py
[2026-04-03T14:51:35.889+0000] {logging_mixin.py:188} INFO - [2026-04-03T14:51:35.888+0000] {dag.py:3096} INFO - Sync 1 DAGs
[2026-04-03T14:51:36.096+0000] {processor.py:183} INFO - Processing /opt/airflow/dags/isr_pipeline.py took 0.524 seconds
[2026-04-03T14:55:25.575+0000] {processor.py:161} INFO - Started process (PID=48776) to work on /opt/airflow/dags/isr_pipeline.py
[2026-04-03T14:55:25.576+0000] {processor.py:830} INFO - Processing file /opt/airflow/dags/isr_pipeline.py for tasks to queue
[2026-04-03T14:55:25.579+0000] {logging_mixin.py:188} INFO - [2026-04-03T14:55:25.578+0000] {dagbag.py:540} INFO - Filling up the DagBag from /opt/airflow/dags/isr_pipeline.py
[2026-04-03T14:55:25.602+0000] {processor.py:840} INFO - DAG(s) 'isr_pipeline' retrieved from /opt/airflow/dags/isr_pipeline.py
[2026-04-03T14:55:25.645+0000] {logging_mixin.py:188} INFO - [2026-04-03T14:55:25.645+0000] {dag.py:3096} INFO - Sync 1 DAGs
[2026-04-03T14:55:25.845+0000] {processor.py:183} INFO - Processing /opt/airflow/dags/isr_pipeline.py took 0.282 seconds
[2026-04-03T14:55:56.255+0000] {processor.py:161} INFO - Started process (PID=48781) to work on /opt/airflow/dags/isr_pipeline.py
[2026-04-03T14:55:56.262+0000] {processor.py:830} INFO - Processing file /opt/airflow/dags/isr_pipeline.py for tasks to queue
[2026-04-03T14:55:56.269+0000] {logging_mixin.py:188} INFO - [2026-04-03T14:55:56.267+0000] {dagbag.py:540} INFO - Filling up the DagBag from /opt/airflow/dags/isr_pipeline.py
[2026-04-03T14:55:56.353+0000] {processor.py:840} INFO - DAG(s) 'isr_pipeline' retrieved from /opt/airflow/dags/isr_pipeline.py
[2026-04-03T14:55:56.539+0000] {logging_mixin.py:188} INFO - [2026-04-03T14:55:56.538+0000] {dag.py:3096} INFO - Sync 1 DAGs
[2026-04-03T14:55:56.740+0000] {processor.py:183} INFO - Processing /opt/airflow/dags/isr_pipeline.py took 0.522 seconds
[2026-04-03T14:56:26.862+0000] {processor.py:161} INFO - Started process (PID=48786) to work on /opt/airflow/dags/isr_pipeline.py
[2026-04-03T14:56:26.863+0000] {processor.py:830} INFO - Processing file /opt/airflow/dags/isr_pipeline.py for tasks to queue
[2026-04-03T14:56:26.864+0000] {logging_mixin.py:188} INFO - [2026-04-03T14:56:26.864+0000] {dagbag.py:540} INFO - Filling up the DagBag from /opt/airflow/dags/isr_pipeline.py
[2026-04-03T14:56:26.879+0000] {processor.py:840} INFO - DAG(s) 'isr_pipeline' retrieved from /opt/airflow/dags/isr_pipeline.py
[2026-04-03T14:56:26.910+0000] {logging_mixin.py:188} INFO - [2026-04-03T14:56:26.909+0000] {dag.py:3096} INFO - Sync 1 DAGs
[2026-04-03T14:56:26.945+0000] {processor.py:183} INFO - Processing /opt/airflow/dags/isr_pipeline.py took 0.091 seconds
[2026-04-03T14:56:57.057+0000] {processor.py:161} INFO - Started process (PID=48791) to work on /opt/airflow/dags/isr_pipeline.py
[2026-04-03T14:56:57.060+0000] {processor.py:830} INFO - Processing file /opt/airflow/dags/isr_pipeline.py for tasks to queue
[2026-04-03T14:56:57.063+0000] {logging_mixin.py:188} INFO - [2026-04-03T14:56:57.062+0000] {dagbag.py:540} INFO - Filling up the DagBag from /opt/airflow/dags/isr_pipeline.py
[2026-04-03T14:56:57.083+0000] {processor.py:840} INFO - DAG(s) 'isr_pipeline' retrieved from /opt/airflow/dags/isr_pipeline.py
[2026-04-03T14:56:57.140+0000] {logging_mixin.py:188} INFO - [2026-04-03T14:56:57.140+0000] {dag.py:3096} INFO - Sync 1 DAGs
[2026-04-03T14:56:57.205+0000] {processor.py:183} INFO - Processing /opt/airflow/dags/isr_pipeline.py took 0.166 seconds
[2026-04-03T14:57:27.328+0000] {processor.py:161} INFO - Started process (PID=48796) to work on /opt/airflow/dags/isr_pipeline.py
[2026-04-03T14:57:27.330+0000] {processor.py:830} INFO - Processing file /opt/airflow/dags/isr_pipeline.py for tasks to queue
[2026-04-03T14:57:27.331+0000] {logging_mixin.py:188} INFO - [2026-04-03T14:57:27.331+0000] {dagbag.py:540} INFO - Filling up the DagBag from /opt/airflow/dags/isr_pipeline.py
[2026-04-03T14:57:27.348+0000] {processor.py:840} INFO - DAG(s) 'isr_pipeline' retrieved from /opt/airflow/dags/isr_pipeline.py
[2026-04-03T14:57:27.384+0000] {logging_mixin.py:188} INFO - [2026-04-03T14:57:27.384+0000] {dag.py:3096} INFO - Sync 1 DAGs
[2026-04-03T14:57:27.424+0000] {processor.py:183} INFO - Processing /opt/airflow/dags/isr_pipeline.py took 0.104 seconds
[2026-04-03T14:57:57.572+0000] {processor.py:161} INFO - Started process (PID=48801) to work on /opt/airflow/dags/isr_pipeline.py
[2026-04-03T14:57:57.574+0000] {processor.py:830} INFO - Processing file /opt/airflow/dags/isr_pipeline.py for tasks to queue
[2026-04-03T14:57:57.577+0000] {logging_mixin.py:188} INFO - [2026-04-03T14:57:57.576+0000] {dagbag.py:540} INFO - Filling up the DagBag from /opt/airflow/dags/isr_pipeline.py
[2026-04-03T14:57:57.596+0000] {processor.py:840} INFO - DAG(s) 'isr_pipeline' retrieved from /opt/airflow/dags/isr_pipeline.py
[2026-04-03T14:57:57.653+0000] {logging_mixin.py:188} INFO - [2026-04-03T14:57:57.653+0000] {dag.py:3096} INFO - Sync 1 DAGs
[2026-04-03T14:57:57.726+0000] {processor.py:183} INFO - Processing /opt/airflow/dags/isr_pipeline.py took 0.166 seconds
[2026-04-03T14:58:27.932+0000] {processor.py:161} INFO - Started process (PID=48806) to work on /opt/airflow/dags/isr_pipeline.py
[2026-04-03T14:58:27.934+0000] {processor.py:830} INFO - Processing file /opt/airflow/dags/isr_pipeline.py for tasks to queue
[2026-04-03T14:58:27.935+0000] {logging_mixin.py:188} INFO - [2026-04-03T14:58:27.935+0000] {dagbag.py:540} INFO - Filling up the DagBag from /opt/airflow/dags/isr_pipeline.py
[2026-04-03T14:58:27.952+0000] {processor.py:840} INFO - DAG(s) 'isr_pipeline' retrieved from /opt/airflow/dags/isr_pipeline.py
[2026-04-03T14:58:27.987+0000] {logging_mixin.py:188} INFO - [2026-04-03T14:58:27.986+0000] {dag.py:3096} INFO - Sync 1 DAGs
[2026-04-03T14:58:28.022+0000] {processor.py:183} INFO - Processing /opt/airflow/dags/isr_pipeline.py took 0.098 seconds
[2026-04-03T15:00:14.855+0000] {processor.py:161} INFO - Started process (PID=48812) to work on /opt/airflow/dags/isr_pipeline.py
[2026-04-03T15:00:14.860+0000] {processor.py:830} INFO - Processing file /opt/airflow/dags/isr_pipeline.py for tasks to queue
[2026-04-03T15:00:14.862+0000] {logging_mixin.py:188} INFO - [2026-04-03T15:00:14.861+0000] {dagbag.py:540} INFO - Filling up the DagBag from /opt/airflow/dags/isr_pipeline.py
[2026-04-03T15:00:14.888+0000] {processor.py:840} INFO - DAG(s) 'isr_pipeline' retrieved from /opt/airflow/dags/isr_pipeline.py
[2026-04-03T15:00:14.936+0000] {logging_mixin.py:188} INFO - [2026-04-03T15:00:14.936+0000] {dag.py:3096} INFO - Sync 1 DAGs
[2026-04-03T15:00:15.159+0000] {processor.py:183} INFO - Processing /opt/airflow/dags/isr_pipeline.py took 0.315 seconds
[2026-04-03T15:00:45.350+0000] {processor.py:161} INFO - Started process (PID=48817) to work on /opt/airflow/dags/isr_pipeline.py
[2026-04-03T15:00:45.353+0000] {processor.py:830} INFO - Processing file /opt/airflow/dags/isr_pipeline.py for tasks to queue
[2026-04-03T15:00:45.354+0000] {logging_mixin.py:188} INFO - [2026-04-03T15:00:45.354+0000] {dagbag.py:540} INFO - Filling up the DagBag from /opt/airflow/dags/isr_pipeline.py
[2026-04-03T15:00:45.389+0000] {processor.py:840} INFO - DAG(s) 'isr_pipeline' retrieved from /opt/airflow/dags/isr_pipeline.py
[2026-04-03T15:00:45.427+0000] {logging_mixin.py:188} INFO - [2026-04-03T15:00:45.427+0000] {dag.py:3096} INFO - Sync 1 DAGs
[2026-04-03T15:00:45.471+0000] {processor.py:183} INFO - Processing /opt/airflow/dags/isr_pipeline.py took 0.129 seconds
[2026-04-03T15:01:15.534+0000] {processor.py:161} INFO - Started process (PID=48822) to work on /opt/airflow/dags/isr_pipeline.py
[2026-04-03T15:01:15.537+0000] {processor.py:830} INFO - Processing file /opt/airflow/dags/isr_pipeline.py for tasks to queue
[2026-04-03T15:01:15.541+0000] {logging_mixin.py:188} INFO - [2026-04-03T15:01:15.541+0000] {dagbag.py:540} INFO - Filling up the DagBag from /opt/airflow/dags/isr_pipeline.py
[2026-04-03T15:01:15.571+0000] {processor.py:840} INFO - DAG(s) 'isr_pipeline' retrieved from /opt/airflow/dags/isr_pipeline.py
[2026-04-03T15:01:15.652+0000] {logging_mixin.py:188} INFO - [2026-04-03T15:01:15.651+0000] {dag.py:3096} INFO - Sync 1 DAGs
[2026-04-03T15:01:15.717+0000] {processor.py:183} INFO - Processing /opt/airflow/dags/isr_pipeline.py took 0.197 seconds
[2026-04-03T15:01:45.843+0000] {processor.py:161} INFO - Started process (PID=48827) to work on /opt/airflow/dags/isr_pipeline.py
[2026-04-03T15:01:45.844+0000] {processor.py:830} INFO - Processing file /opt/airflow/dags/isr_pipeline.py for tasks to queue
[2026-04-03T15:01:45.846+0000] {logging_mixin.py:188} INFO - [2026-04-03T15:01:45.845+0000] {dagbag.py:540} INFO - Filling up the DagBag from /opt/airflow/dags/isr_pipeline.py
[2026-04-03T15:01:45.868+0000] {processor.py:840} INFO - DAG(s) 'isr_pipeline' retrieved from /opt/airflow/dags/isr_pipeline.py
[2026-04-03T15:01:45.907+0000] {logging_mixin.py:188} INFO - [2026-04-03T15:01:45.906+0000] {dag.py:3096} INFO - Sync 1 DAGs
[2026-04-03T15:01:45.954+0000] {processor.py:183} INFO - Processing /opt/airflow/dags/isr_pipeline.py took 0.121 seconds
[2026-04-03T15:02:16.077+0000] {processor.py:161} INFO - Started process (PID=48832) to work on /opt/airflow/dags/isr_pipeline.py
[2026-04-03T15:02:16.079+0000] {processor.py:830} INFO - Processing file /opt/airflow/dags/isr_pipeline.py for tasks to queue
[2026-04-03T15:02:16.080+0000] {logging_mixin.py:188} INFO - [2026-04-03T15:02:16.080+0000] {dagbag.py:540} INFO - Filling up the DagBag from /opt/airflow/dags/isr_pipeline.py
[2026-04-03T15:02:16.103+0000] {processor.py:840} INFO - DAG(s) 'isr_pipeline' retrieved from /opt/airflow/dags/isr_pipeline.py
[2026-04-03T15:02:16.142+0000] {logging_mixin.py:188} INFO - [2026-04-03T15:02:16.141+0000] {dag.py:3096} INFO - Sync 1 DAGs
[2026-04-03T15:02:16.188+0000] {processor.py:183} INFO - Processing /opt/airflow/dags/isr_pipeline.py took 0.119 seconds
[2026-04-03T15:02:46.247+0000] {processor.py:161} INFO - Started process (PID=48837) to work on /opt/airflow/dags/isr_pipeline.py
[2026-04-03T15:02:46.248+0000] {processor.py:830} INFO - Processing file /opt/airflow/dags/isr_pipeline.py for tasks to queue
[2026-04-03T15:02:46.250+0000] {logging_mixin.py:188} INFO - [2026-04-03T15:02:46.249+0000] {dagbag.py:540} INFO - Filling up the DagBag from /opt/airflow/dags/isr_pipeline.py
[2026-04-03T15:02:46.267+0000] {processor.py:840} INFO - DAG(s) 'isr_pipeline' retrieved from /opt/airflow/dags/isr_pipeline.py
[2026-04-03T15:02:46.308+0000] {logging_mixin.py:188} INFO - [2026-04-03T15:02:46.307+0000] {dag.py:3096} INFO - Sync 1 DAGs
[2026-04-03T15:02:46.350+0000] {processor.py:183} INFO - Processing /opt/airflow/dags/isr_pipeline.py took 0.112 seconds
[2026-04-03T15:03:16.517+0000] {processor.py:161} INFO - Started process (PID=48842) to work on /opt/airflow/dags/isr_pipeline.py
[2026-04-03T15:03:16.518+0000] {processor.py:830} INFO - Processing file /opt/airflow/dags/isr_pipeline.py for tasks to queue
[2026-04-03T15:03:16.520+0000] {logging_mixin.py:188} INFO - [2026-04-03T15:03:16.519+0000] {dagbag.py:540} INFO - Filling up the DagBag from /opt/airflow/dags/isr_pipeline.py
[2026-04-03T15:03:16.540+0000] {processor.py:840} INFO - DAG(s) 'isr_pipeline' retrieved from /opt/airflow/dags/isr_pipeline.py
[2026-04-03T15:03:16.586+0000] {logging_mixin.py:188} INFO - [2026-04-03T15:03:16.586+0000] {dag.py:3096} INFO - Sync 1 DAGs
[2026-04-03T15:03:16.638+0000] {processor.py:183} INFO - Processing /opt/airflow/dags/isr_pipeline.py took 0.128 seconds
[2026-04-03T15:03:46.799+0000] {processor.py:161} INFO - Started process (PID=48847) to work on /opt/airflow/dags/isr_pipeline.py
[2026-04-03T15:03:46.801+0000] {processor.py:830} INFO - Processing file /opt/airflow/dags/isr_pipeline.py for tasks to queue
[2026-04-03T15:03:46.803+0000] {logging_mixin.py:188} INFO - [2026-04-03T15:03:46.802+0000] {dagbag.py:540} INFO - Filling up the DagBag from /opt/airflow/dags/isr_pipeline.py
[2026-04-03T15:03:46.821+0000] {processor.py:840} INFO - DAG(s) 'isr_pipeline' retrieved from /opt/airflow/dags/isr_pipeline.py
[2026-04-03T15:03:46.860+0000] {logging_mixin.py:188} INFO - [2026-04-03T15:03:46.859+0000] {dag.py:3096} INFO - Sync 1 DAGs
[2026-04-03T15:03:46.900+0000] {processor.py:183} INFO - Processing /opt/airflow/dags/isr_pipeline.py took 0.109 seconds
[2026-04-03T15:04:16.960+0000] {processor.py:161} INFO - Started process (PID=48852) to work on /opt/airflow/dags/isr_pipeline.py
[2026-04-03T15:04:16.961+0000] {processor.py:830} INFO - Processing file /opt/airflow/dags/isr_pipeline.py for tasks to queue
[2026-04-03T15:04:16.962+0000] {logging_mixin.py:188} INFO - [2026-04-03T15:04:16.962+0000] {dagbag.py:540} INFO - Filling up the DagBag from /opt/airflow/dags/isr_pipeline.py
[2026-04-03T15:04:16.980+0000] {processor.py:840} INFO - DAG(s) 'isr_pipeline' retrieved from /opt/airflow/dags/isr_pipeline.py
[2026-04-03T15:04:17.018+0000] {logging_mixin.py:188} INFO - [2026-04-03T15:04:17.018+0000] {dag.py:3096} INFO - Sync 1 DAGs
[2026-04-03T15:04:17.058+0000] {processor.py:183} INFO - Processing /opt/airflow/dags/isr_pipeline.py took 0.105 seconds
[2026-04-03T15:04:47.207+0000] {processor.py:161} INFO - Started process (PID=48857) to work on /opt/airflow/dags/isr_pipeline.py
[2026-04-03T15:04:47.208+0000] {processor.py:830} INFO - Processing file /opt/airflow/dags/isr_pipeline.py for tasks to queue
[2026-04-03T15:04:47.210+0000] {logging_mixin.py:188} INFO - [2026-04-03T15:04:47.209+0000] {dagbag.py:540} INFO - Filling up the DagBag from /opt/airflow/dags/isr_pipeline.py
[2026-04-03T15:04:47.228+0000] {processor.py:840} INFO - DAG(s) 'isr_pipeline' retrieved from /opt/airflow/dags/isr_pipeline.py
[2026-04-03T15:04:47.263+0000] {logging_mixin.py:188} INFO - [2026-04-03T15:04:47.263+0000] {dag.py:3096} INFO - Sync 1 DAGs
[2026-04-03T15:04:47.307+0000] {processor.py:183} INFO - Processing /opt/airflow/dags/isr_pipeline.py took 0.107 seconds
[2026-04-03T15:05:17.365+0000] {processor.py:161} INFO - Started process (PID=48862) to work on /opt/airflow/dags/isr_pipeline.py
[2026-04-03T15:05:17.366+0000] {processor.py:830} INFO - Processing file /opt/airflow/dags/isr_pipeline.py for tasks to queue
[2026-04-03T15:05:17.367+0000] {logging_mixin.py:188} INFO - [2026-04-03T15:05:17.367+0000] {dagbag.py:540} INFO - Filling up the DagBag from /opt/airflow/dags/isr_pipeline.py
[2026-04-03T15:05:17.384+0000] {processor.py:840} INFO - DAG(s) 'isr_pipeline' retrieved from /opt/airflow/dags/isr_pipeline.py
[2026-04-03T15:05:17.420+0000] {logging_mixin.py:188} INFO - [2026-04-03T15:05:17.420+0000] {dag.py:3096} INFO - Sync 1 DAGs
[2026-04-03T15:05:17.463+0000] {processor.py:183} INFO - Processing /opt/airflow/dags/isr_pipeline.py took 0.105 seconds
[2026-04-03T15:05:47.615+0000] {processor.py:161} INFO - Started process (PID=48867) to work on /opt/airflow/dags/isr_pipeline.py
[2026-04-03T15:05:47.616+0000] {processor.py:830} INFO - Processing file /opt/airflow/dags/isr_pipeline.py for tasks to queue
[2026-04-03T15:05:47.617+0000] {logging_mixin.py:188} INFO - [2026-04-03T15:05:47.617+0000] {dagbag.py:540} INFO - Filling up the DagBag from /opt/airflow/dags/isr_pipeline.py
[2026-04-03T15:05:47.635+0000] {processor.py:840} INFO - DAG(s) 'isr_pipeline' retrieved from /opt/airflow/dags/isr_pipeline.py
[2026-04-03T15:05:47.670+0000] {logging_mixin.py:188} INFO - [2026-04-03T15:05:47.670+0000] {dag.py:3096} INFO - Sync 1 DAGs
[2026-04-03T15:05:47.712+0000] {processor.py:183} INFO - Processing /opt/airflow/dags/isr_pipeline.py took 0.104 seconds
[2026-04-03T15:06:17.808+0000] {processor.py:161} INFO - Started process (PID=48872) to work on /opt/airflow/dags/isr_pipeline.py
[2026-04-03T15:06:17.809+0000] {processor.py:830} INFO - Processing file /opt/airflow/dags/isr_pipeline.py for tasks to queue
[2026-04-03T15:06:17.810+0000] {logging_mixin.py:188} INFO - [2026-04-03T15:06:17.810+0000] {dagbag.py:540} INFO - Filling up the DagBag from /opt/airflow/dags/isr_pipeline.py
[2026-04-03T15:06:17.828+0000] {processor.py:840} INFO - DAG(s) 'isr_pipeline' retrieved from /opt/airflow/dags/isr_pipeline.py
[2026-04-03T15:06:17.864+0000] {logging_mixin.py:188} INFO - [2026-04-03T15:06:17.864+0000] {dag.py:3096} INFO - Sync 1 DAGs
[2026-04-03T15:06:17.905+0000] {processor.py:183} INFO - Processing /opt/airflow/dags/isr_pipeline.py took 0.105 seconds
[2026-04-03T15:06:48.050+0000] {processor.py:161} INFO - Started process (PID=48877) to work on /opt/airflow/dags/isr_pipeline.py
[2026-04-03T15:06:48.051+0000] {processor.py:830} INFO - Processing file /opt/airflow/dags/isr_pipeline.py for tasks to queue
[2026-04-03T15:06:48.052+0000] {logging_mixin.py:188} INFO - [2026-04-03T15:06:48.052+0000] {dagbag.py:540} INFO - Filling up the DagBag from /opt/airflow/dags/isr_pipeline.py
[2026-04-03T15:06:48.070+0000] {processor.py:840} INFO - DAG(s) 'isr_pipeline' retrieved from /opt/airflow/dags/isr_pipeline.py
[2026-04-03T15:06:48.105+0000] {logging_mixin.py:188} INFO - [2026-04-03T15:06:48.104+0000] {dag.py:3096} INFO - Sync 1 DAGs
[2026-04-03T15:06:48.145+0000] {processor.py:183} INFO - Processing /opt/airflow/dags/isr_pipeline.py took 0.103 seconds
[2026-04-03T15:07:18.230+0000] {processor.py:161} INFO - Started process (PID=48882) to work on /opt/airflow/dags/isr_pipeline.py
[2026-04-03T15:07:18.231+0000] {processor.py:830} INFO - Processing file /opt/airflow/dags/isr_pipeline.py for tasks to queue
[2026-04-03T15:07:18.233+0000] {logging_mixin.py:188} INFO - [2026-04-03T15:07:18.232+0000] {dagbag.py:540} INFO - Filling up the DagBag from /opt/airflow/dags/isr_pipeline.py
[2026-04-03T15:07:18.250+0000] {processor.py:840} INFO - DAG(s) 'isr_pipeline' retrieved from /opt/airflow/dags/isr_pipeline.py
[2026-04-03T15:07:18.286+0000] {logging_mixin.py:188} INFO - [2026-04-03T15:07:18.286+0000] {dag.py:3096} INFO - Sync 1 DAGs
[2026-04-03T15:07:18.325+0000] {processor.py:183} INFO - Processing /opt/airflow/dags/isr_pipeline.py took 0.103 seconds
[2026-04-03T15:07:48.467+0000] {processor.py:161} INFO - Started process (PID=48887) to work on /opt/airflow/dags/isr_pipeline.py
[2026-04-03T15:07:48.468+0000] {processor.py:830} INFO - Processing file /opt/airflow/dags/isr_pipeline.py for tasks to queue
[2026-04-03T15:07:48.469+0000] {logging_mixin.py:188} INFO - [2026-04-03T15:07:48.469+0000] {dagbag.py:540} INFO - Filling up the DagBag from /opt/airflow/dags/isr_pipeline.py
[2026-04-03T15:07:48.487+0000] {processor.py:840} INFO - DAG(s) 'isr_pipeline' retrieved from /opt/airflow/dags/isr_pipeline.py
[2026-04-03T15:07:48.523+0000] {logging_mixin.py:188} INFO - [2026-04-03T15:07:48.523+0000] {dag.py:3096} INFO - Sync 1 DAGs
[2026-04-03T15:07:48.568+0000] {processor.py:183} INFO - Processing /opt/airflow/dags/isr_pipeline.py took 0.109 seconds
[2026-04-03T15:08:18.700+0000] {processor.py:161} INFO - Started process (PID=48892) to work on /opt/airflow/dags/isr_pipeline.py
[2026-04-03T15:08:18.701+0000] {processor.py:830} INFO - Processing file /opt/airflow/dags/isr_pipeline.py for tasks to queue
[2026-04-03T15:08:18.702+0000] {logging_mixin.py:188} INFO - [2026-04-03T15:08:18.702+0000] {dagbag.py:540} INFO - Filling up the DagBag from /opt/airflow/dags/isr_pipeline.py
[2026-04-03T15:08:18.720+0000] {processor.py:840} INFO - DAG(s) 'isr_pipeline' retrieved from /opt/airflow/dags/isr_pipeline.py
[2026-04-03T15:08:18.756+0000] {logging_mixin.py:188} INFO - [2026-04-03T15:08:18.756+0000] {dag.py:3096} INFO - Sync 1 DAGs
[2026-04-03T15:08:18.797+0000] {processor.py:183} INFO - Processing /opt/airflow/dags/isr_pipeline.py took 0.106 seconds
[2026-04-03T15:08:48.967+0000] {processor.py:161} INFO - Started process (PID=48897) to work on /opt/airflow/dags/isr_pipeline.py
[2026-04-03T15:08:48.968+0000] {processor.py:830} INFO - Processing file /opt/airflow/dags/isr_pipeline.py for tasks to queue
[2026-04-03T15:08:48.970+0000] {logging_mixin.py:188} INFO - [2026-04-03T15:08:48.969+0000] {dagbag.py:540} INFO - Filling up the DagBag from /opt/airflow/dags/isr_pipeline.py
[2026-04-03T15:08:48.988+0000] {processor.py:840} INFO - DAG(s) 'isr_pipeline' retrieved from /opt/airflow/dags/isr_pipeline.py
[2026-04-03T15:08:49.024+0000] {logging_mixin.py:188} INFO - [2026-04-03T15:08:49.023+0000] {dag.py:3096} INFO - Sync 1 DAGs
[2026-04-03T15:08:49.063+0000] {processor.py:183} INFO - Processing /opt/airflow/dags/isr_pipeline.py took 0.103 seconds
[2026-04-03T15:09:19.137+0000] {processor.py:161} INFO - Started process (PID=48902) to work on /opt/airflow/dags/isr_pipeline.py
[2026-04-03T15:09:19.139+0000] {processor.py:830} INFO - Processing file /opt/airflow/dags/isr_pipeline.py for tasks to queue
[2026-04-03T15:09:19.140+0000] {logging_mixin.py:188} INFO - [2026-04-03T15:09:19.140+0000] {dagbag.py:540} INFO - Filling up the DagBag from /opt/airflow/dags/isr_pipeline.py
[2026-04-03T15:09:19.157+0000] {processor.py:840} INFO - DAG(s) 'isr_pipeline' retrieved from /opt/airflow/dags/isr_pipeline.py
[2026-04-03T15:09:19.194+0000] {logging_mixin.py:188} INFO - [2026-04-03T15:09:19.193+0000] {dag.py:3096} INFO - Sync 1 DAGs
[2026-04-03T15:09:19.240+0000] {processor.py:183} INFO - Processing /opt/airflow/dags/isr_pipeline.py took 0.111 seconds
[2026-04-03T15:09:49.361+0000] {processor.py:161} INFO - Started process (PID=48907) to work on /opt/airflow/dags/isr_pipeline.py
[2026-04-03T15:09:49.363+0000] {processor.py:830} INFO - Processing file /opt/airflow/dags/isr_pipeline.py for tasks to queue
[2026-04-03T15:09:49.364+0000] {logging_mixin.py:188} INFO - [2026-04-03T15:09:49.364+0000] {dagbag.py:540} INFO - Filling up the DagBag from /opt/airflow/dags/isr_pipeline.py
[2026-04-03T15:09:49.381+0000] {processor.py:840} INFO - DAG(s) 'isr_pipeline' retrieved from /opt/airflow/dags/isr_pipeline.py
[2026-04-03T15:09:49.416+0000] {logging_mixin.py:188} INFO - [2026-04-03T15:09:49.416+0000] {dag.py:3096} INFO - Sync 1 DAGs
[2026-04-03T15:09:49.457+0000] {processor.py:183} INFO - Processing /opt/airflow/dags/isr_pipeline.py took 0.104 seconds
[2026-04-03T15:10:19.569+0000] {processor.py:161} INFO - Started process (PID=48912) to work on /opt/airflow/dags/isr_pipeline.py
[2026-04-03T15:10:19.570+0000] {processor.py:830} INFO - Processing file /opt/airflow/dags/isr_pipeline.py for tasks to queue
[2026-04-03T15:10:19.572+0000] {logging_mixin.py:188} INFO - [2026-04-03T15:10:19.571+0000] {dagbag.py:540} INFO - Filling up the DagBag from /opt/airflow/dags/isr_pipeline.py
[2026-04-03T15:10:19.589+0000] {processor.py:840} INFO - DAG(s) 'isr_pipeline' retrieved from /opt/airflow/dags/isr_pipeline.py
[2026-04-03T15:10:19.625+0000] {logging_mixin.py:188} INFO - [2026-04-03T15:10:19.625+0000] {dag.py:3096} INFO - Sync 1 DAGs
[2026-04-03T15:10:19.665+0000] {processor.py:183} INFO - Processing /opt/airflow/dags/isr_pipeline.py took 0.104 seconds
[2026-04-03T15:10:49.822+0000] {processor.py:161} INFO - Started process (PID=48917) to work on /opt/airflow/dags/isr_pipeline.py
[2026-04-03T15:10:49.823+0000] {processor.py:830} INFO - Processing file /opt/airflow/dags/isr_pipeline.py for tasks to queue
[2026-04-03T15:10:49.824+0000] {logging_mixin.py:188} INFO - [2026-04-03T15:10:49.824+0000] {dagbag.py:540} INFO - Filling up the DagBag from /opt/airflow/dags/isr_pipeline.py
[2026-04-03T15:10:49.842+0000] {processor.py:840} INFO - DAG(s) 'isr_pipeline' retrieved from /opt/airflow/dags/isr_pipeline.py
[2026-04-03T15:10:49.891+0000] {logging_mixin.py:188} INFO - [2026-04-03T15:10:49.891+0000] {dag.py:3096} INFO - Sync 1 DAGs
[2026-04-03T15:10:49.951+0000] {processor.py:183} INFO - Processing /opt/airflow/dags/isr_pipeline.py took 0.136 seconds
[2026-04-03T15:11:20.067+0000] {processor.py:161} INFO - Started process (PID=48922) to work on /opt/airflow/dags/isr_pipeline.py
[2026-04-03T15:11:20.068+0000] {processor.py:830} INFO - Processing file /opt/airflow/dags/isr_pipeline.py for tasks to queue
[2026-04-03T15:11:20.069+0000] {logging_mixin.py:188} INFO - [2026-04-03T15:11:20.069+0000] {dagbag.py:540} INFO - Filling up the DagBag from /opt/airflow/dags/isr_pipeline.py
[2026-04-03T15:11:20.087+0000] {processor.py:840} INFO - DAG(s) 'isr_pipeline' retrieved from /opt/airflow/dags/isr_pipeline.py
[2026-04-03T15:11:20.125+0000] {logging_mixin.py:188} INFO - [2026-04-03T15:11:20.125+0000] {dag.py:3096} INFO - Sync 1 DAGs
[2026-04-03T15:11:20.166+0000] {processor.py:183} INFO - Processing /opt/airflow/dags/isr_pipeline.py took 0.107 seconds
[2026-04-03T15:11:50.369+0000] {processor.py:161} INFO - Started process (PID=48927) to work on /opt/airflow/dags/isr_pipeline.py
[2026-04-03T15:11:50.370+0000] {processor.py:830} INFO - Processing file /opt/airflow/dags/isr_pipeline.py for tasks to queue
[2026-04-03T15:11:50.371+0000] {logging_mixin.py:188} INFO - [2026-04-03T15:11:50.371+0000] {dagbag.py:540} INFO - Filling up the DagBag from /opt/airflow/dags/isr_pipeline.py
[2026-04-03T15:11:50.392+0000] {processor.py:840} INFO - DAG(s) 'isr_pipeline' retrieved from /opt/airflow/dags/isr_pipeline.py
[2026-04-03T15:11:50.431+0000] {logging_mixin.py:188} INFO - [2026-04-03T15:11:50.430+0000] {dag.py:3096} INFO - Sync 1 DAGs
[2026-04-03T15:11:50.477+0000] {processor.py:183} INFO - Processing /opt/airflow/dags/isr_pipeline.py took 0.115 seconds
[2026-04-03T15:12:20.602+0000] {processor.py:161} INFO - Started process (PID=48932) to work on /opt/airflow/dags/isr_pipeline.py
[2026-04-03T15:12:20.604+0000] {processor.py:830} INFO - Processing file /opt/airflow/dags/isr_pipeline.py for tasks to queue
[2026-04-03T15:12:20.605+0000] {logging_mixin.py:188} INFO - [2026-04-03T15:12:20.605+0000] {dagbag.py:540} INFO - Filling up the DagBag from /opt/airflow/dags/isr_pipeline.py
[2026-04-03T15:12:20.623+0000] {processor.py:840} INFO - DAG(s) 'isr_pipeline' retrieved from /opt/airflow/dags/isr_pipeline.py
[2026-04-03T15:12:20.663+0000] {logging_mixin.py:188} INFO - [2026-04-03T15:12:20.663+0000] {dag.py:3096} INFO - Sync 1 DAGs
[2026-04-03T15:12:20.709+0000] {processor.py:183} INFO - Processing /opt/airflow/dags/isr_pipeline.py took 0.117 seconds
[2026-04-03T15:12:50.930+0000] {processor.py:161} INFO - Started process (PID=48937) to work on /opt/airflow/dags/isr_pipeline.py
[2026-04-03T15:12:50.932+0000] {processor.py:830} INFO - Processing file /opt/airflow/dags/isr_pipeline.py for tasks to queue
[2026-04-03T15:12:50.933+0000] {logging_mixin.py:188} INFO - [2026-04-03T15:12:50.932+0000] {dagbag.py:540} INFO - Filling up the DagBag from /opt/airflow/dags/isr_pipeline.py
[2026-04-03T15:12:50.950+0000] {processor.py:840} INFO - DAG(s) 'isr_pipeline' retrieved from /opt/airflow/dags/isr_pipeline.py
[2026-04-03T15:12:50.985+0000] {logging_mixin.py:188} INFO - [2026-04-03T15:12:50.985+0000] {dag.py:3096} INFO - Sync 1 DAGs
[2026-04-03T15:12:51.030+0000] {processor.py:183} INFO - Processing /opt/airflow/dags/isr_pipeline.py took 0.107 seconds
[2026-04-03T15:13:21.138+0000] {processor.py:161} INFO - Started process (PID=48942) to work on /opt/airflow/dags/isr_pipeline.py
[2026-04-03T15:13:21.139+0000] {processor.py:830} INFO - Processing file /opt/airflow/dags/isr_pipeline.py for tasks to queue
[2026-04-03T15:13:21.141+0000] {logging_mixin.py:188} INFO - [2026-04-03T15:13:21.140+0000] {dagbag.py:540} INFO - Filling up the DagBag from /opt/airflow/dags/isr_pipeline.py
[2026-04-03T15:13:21.165+0000] {processor.py:840} INFO - DAG(s) 'isr_pipeline' retrieved from /opt/airflow/dags/isr_pipeline.py
[2026-04-03T15:13:21.205+0000] {logging_mixin.py:188} INFO - [2026-04-03T15:13:21.205+0000] {dag.py:3096} INFO - Sync 1 DAGs
[2026-04-03T15:13:21.247+0000] {processor.py:183} INFO - Processing /opt/airflow/dags/isr_pipeline.py took 0.117 seconds
[2026-04-03T15:13:51.502+0000] {processor.py:161} INFO - Started process (PID=48947) to work on /opt/airflow/dags/isr_pipeline.py
[2026-04-03T15:13:51.504+0000] {processor.py:830} INFO - Processing file /opt/airflow/dags/isr_pipeline.py for tasks to queue
[2026-04-03T15:13:51.505+0000] {logging_mixin.py:188} INFO - [2026-04-03T15:13:51.505+0000] {dagbag.py:540} INFO - Filling up the DagBag from /opt/airflow/dags/isr_pipeline.py
[2026-04-03T15:13:51.523+0000] {processor.py:840} INFO - DAG(s) 'isr_pipeline' retrieved from /opt/airflow/dags/isr_pipeline.py
[2026-04-03T15:13:51.563+0000] {logging_mixin.py:188} INFO - [2026-04-03T15:13:51.562+0000] {dag.py:3096} INFO - Sync 1 DAGs
[2026-04-03T15:13:51.607+0000] {processor.py:183} INFO - Processing /opt/airflow/dags/isr_pipeline.py took 0.114 seconds
[2026-04-03T15:14:21.737+0000] {processor.py:161} INFO - Started process (PID=48952) to work on /opt/airflow/dags/isr_pipeline.py
[2026-04-03T15:14:21.739+0000] {processor.py:830} INFO - Processing file /opt/airflow/dags/isr_pipeline.py for tasks to queue
[2026-04-03T15:14:21.740+0000] {logging_mixin.py:188} INFO - [2026-04-03T15:14:21.739+0000] {dagbag.py:540} INFO - Filling up the DagBag from /opt/airflow/dags/isr_pipeline.py
[2026-04-03T15:14:21.763+0000] {processor.py:840} INFO - DAG(s) 'isr_pipeline' retrieved from /opt/airflow/dags/isr_pipeline.py
[2026-04-03T15:14:21.805+0000] {logging_mixin.py:188} INFO - [2026-04-03T15:14:21.804+0000] {dag.py:3096} INFO - Sync 1 DAGs
[2026-04-03T15:14:21.847+0000] {processor.py:183} INFO - Processing /opt/airflow/dags/isr_pipeline.py took 0.117 seconds
[2026-04-03T15:14:51.982+0000] {processor.py:161} INFO - Started process (PID=48957) to work on /opt/airflow/dags/isr_pipeline.py
[2026-04-03T15:14:51.983+0000] {processor.py:830} INFO - Processing file /opt/airflow/dags/isr_pipeline.py for tasks to queue
[2026-04-03T15:14:51.985+0000] {logging_mixin.py:188} INFO - [2026-04-03T15:14:51.984+0000] {dagbag.py:540} INFO - Filling up the DagBag from /opt/airflow/dags/isr_pipeline.py
[2026-04-03T15:14:52.007+0000] {processor.py:840} INFO - DAG(s) 'isr_pipeline' retrieved from /opt/airflow/dags/isr_pipeline.py
[2026-04-03T15:14:52.045+0000] {logging_mixin.py:188} INFO - [2026-04-03T15:14:52.045+0000] {dag.py:3096} INFO - Sync 1 DAGs
[2026-04-03T15:14:52.088+0000] {processor.py:183} INFO - Processing /opt/airflow/dags/isr_pipeline.py took 0.114 seconds
[2026-04-03T15:15:22.193+0000] {processor.py:161} INFO - Started process (PID=48962) to work on /opt/airflow/dags/isr_pipeline.py
[2026-04-03T15:15:22.194+0000] {processor.py:830} INFO - Processing file /opt/airflow/dags/isr_pipeline.py for tasks to queue
[2026-04-03T15:15:22.196+0000] {logging_mixin.py:188} INFO - [2026-04-03T15:15:22.195+0000] {dagbag.py:540} INFO - Filling up the DagBag from /opt/airflow/dags/isr_pipeline.py
[2026-04-03T15:15:22.215+0000] {processor.py:840} INFO - DAG(s) 'isr_pipeline' retrieved from /opt/airflow/dags/isr_pipeline.py
[2026-04-03T15:15:22.254+0000] {logging_mixin.py:188} INFO - [2026-04-03T15:15:22.253+0000] {dag.py:3096} INFO - Sync 1 DAGs
[2026-04-03T15:15:22.297+0000] {processor.py:183} INFO - Processing /opt/airflow/dags/isr_pipeline.py took 0.112 seconds
[2026-04-03T15:15:52.508+0000] {processor.py:161} INFO - Started process (PID=48967) to work on /opt/airflow/dags/isr_pipeline.py
[2026-04-03T15:15:52.509+0000] {processor.py:830} INFO - Processing file /opt/airflow/dags/isr_pipeline.py for tasks to queue
[2026-04-03T15:15:52.511+0000] {logging_mixin.py:188} INFO - [2026-04-03T15:15:52.510+0000] {dagbag.py:540} INFO - Filling up the DagBag from /opt/airflow/dags/isr_pipeline.py
[2026-04-03T15:15:52.528+0000] {processor.py:840} INFO - DAG(s) 'isr_pipeline' retrieved from /opt/airflow/dags/isr_pipeline.py
[2026-04-03T15:15:52.569+0000] {logging_mixin.py:188} INFO - [2026-04-03T15:15:52.568+0000] {dag.py:3096} INFO - Sync 1 DAGs
[2026-04-03T15:15:52.611+0000] {processor.py:183} INFO - Processing /opt/airflow/dags/isr_pipeline.py took 0.111 seconds
[2026-04-03T15:46:18.731+0000] {processor.py:161} INFO - Started process (PID=48972) to work on /opt/airflow/dags/isr_pipeline.py
[2026-04-03T15:46:18.733+0000] {processor.py:830} INFO - Processing file /opt/airflow/dags/isr_pipeline.py for tasks to queue
[2026-04-03T15:46:18.735+0000] {logging_mixin.py:188} INFO - [2026-04-03T15:46:18.735+0000] {dagbag.py:540} INFO - Filling up the DagBag from /opt/airflow/dags/isr_pipeline.py
[2026-04-03T15:46:18.761+0000] {processor.py:840} INFO - DAG(s) 'isr_pipeline' retrieved from /opt/airflow/dags/isr_pipeline.py
[2026-04-03T15:46:18.809+0000] {logging_mixin.py:188} INFO - [2026-04-03T15:46:18.809+0000] {dag.py:3096} INFO - Sync 1 DAGs
[2026-04-03T15:46:18.972+0000] {processor.py:183} INFO - Processing /opt/airflow/dags/isr_pipeline.py took 0.254 seconds
[2026-04-03T15:46:49.129+0000] {processor.py:161} INFO - Started process (PID=48978) to work on /opt/airflow/dags/isr_pipeline.py
[2026-04-03T15:46:49.134+0000] {processor.py:830} INFO - Processing file /opt/airflow/dags/isr_pipeline.py for tasks to queue
[2026-04-03T15:46:49.142+0000] {logging_mixin.py:188} INFO - [2026-04-03T15:46:49.140+0000] {dagbag.py:540} INFO - Filling up the DagBag from /opt/airflow/dags/isr_pipeline.py
[2026-04-03T15:46:49.227+0000] {processor.py:840} INFO - DAG(s) 'isr_pipeline' retrieved from /opt/airflow/dags/isr_pipeline.py
[2026-04-03T15:46:49.401+0000] {logging_mixin.py:188} INFO - [2026-04-03T15:46:49.400+0000] {dag.py:3096} INFO - Sync 1 DAGs
[2026-04-03T15:46:49.589+0000] {processor.py:183} INFO - Processing /opt/airflow/dags/isr_pipeline.py took 0.496 seconds
[2026-04-03T15:47:20.101+0000] {processor.py:161} INFO - Started process (PID=48983) to work on /opt/airflow/dags/isr_pipeline.py
[2026-04-03T15:47:20.109+0000] {processor.py:830} INFO - Processing file /opt/airflow/dags/isr_pipeline.py for tasks to queue
[2026-04-03T15:47:20.116+0000] {logging_mixin.py:188} INFO - [2026-04-03T15:47:20.114+0000] {dagbag.py:540} INFO - Filling up the DagBag from /opt/airflow/dags/isr_pipeline.py
[2026-04-03T15:47:20.202+0000] {processor.py:840} INFO - DAG(s) 'isr_pipeline' retrieved from /opt/airflow/dags/isr_pipeline.py
[2026-04-03T15:47:20.382+0000] {logging_mixin.py:188} INFO - [2026-04-03T15:47:20.381+0000] {dag.py:3096} INFO - Sync 1 DAGs
[2026-04-03T15:47:20.576+0000] {processor.py:183} INFO - Processing /opt/airflow/dags/isr_pipeline.py took 0.513 seconds
[2026-04-03T15:47:51.078+0000] {processor.py:161} INFO - Started process (PID=48988) to work on /opt/airflow/dags/isr_pipeline.py
[2026-04-03T15:47:51.085+0000] {processor.py:830} INFO - Processing file /opt/airflow/dags/isr_pipeline.py for tasks to queue
[2026-04-03T15:47:51.092+0000] {logging_mixin.py:188} INFO - [2026-04-03T15:47:51.090+0000] {dagbag.py:540} INFO - Filling up the DagBag from /opt/airflow/dags/isr_pipeline.py
[2026-04-03T15:47:51.206+0000] {processor.py:840} INFO - DAG(s) 'isr_pipeline' retrieved from /opt/airflow/dags/isr_pipeline.py
[2026-04-03T15:47:51.381+0000] {logging_mixin.py:188} INFO - [2026-04-03T15:47:51.380+0000] {dag.py:3096} INFO - Sync 1 DAGs
[2026-04-03T15:47:51.572+0000] {processor.py:183} INFO - Processing /opt/airflow/dags/isr_pipeline.py took 0.531 seconds
[2026-04-03T15:48:21.862+0000] {processor.py:161} INFO - Started process (PID=48993) to work on /opt/airflow/dags/isr_pipeline.py
[2026-04-03T15:48:21.868+0000] {processor.py:830} INFO - Processing file /opt/airflow/dags/isr_pipeline.py for tasks to queue
[2026-04-03T15:48:21.875+0000] {logging_mixin.py:188} INFO - [2026-04-03T15:48:21.873+0000] {dagbag.py:540} INFO - Filling up the DagBag from /opt/airflow/dags/isr_pipeline.py
[2026-04-03T15:48:21.955+0000] {processor.py:840} INFO - DAG(s) 'isr_pipeline' retrieved from /opt/airflow/dags/isr_pipeline.py
[2026-04-03T15:48:22.125+0000] {logging_mixin.py:188} INFO - [2026-04-03T15:48:22.124+0000] {dag.py:3096} INFO - Sync 1 DAGs
[2026-04-03T15:48:22.317+0000] {processor.py:183} INFO - Processing /opt/airflow/dags/isr_pipeline.py took 0.494 seconds
[2026-04-03T15:48:52.795+0000] {processor.py:161} INFO - Started process (PID=48998) to work on /opt/airflow/dags/isr_pipeline.py
[2026-04-03T15:48:52.803+0000] {processor.py:830} INFO - Processing file /opt/airflow/dags/isr_pipeline.py for tasks to queue
[2026-04-03T15:48:52.810+0000] {logging_mixin.py:188} INFO - [2026-04-03T15:48:52.808+0000] {dagbag.py:540} INFO - Filling up the DagBag from /opt/airflow/dags/isr_pipeline.py
[2026-04-03T15:48:52.898+0000] {processor.py:840} INFO - DAG(s) 'isr_pipeline' retrieved from /opt/airflow/dags/isr_pipeline.py
[2026-04-03T15:48:53.075+0000] {logging_mixin.py:188} INFO - [2026-04-03T15:48:53.074+0000] {dag.py:3096} INFO - Sync 1 DAGs
[2026-04-03T15:48:53.271+0000] {processor.py:183} INFO - Processing /opt/airflow/dags/isr_pipeline.py took 0.515 seconds
[2026-04-03T15:49:23.751+0000] {processor.py:161} INFO - Started process (PID=49003) to work on /opt/airflow/dags/isr_pipeline.py
[2026-04-03T15:49:23.758+0000] {processor.py:830} INFO - Processing file /opt/airflow/dags/isr_pipeline.py for tasks to queue
[2026-04-03T15:49:23.765+0000] {logging_mixin.py:188} INFO - [2026-04-03T15:49:23.763+0000] {dagbag.py:540} INFO - Filling up the DagBag from /opt/airflow/dags/isr_pipeline.py
[2026-04-03T15:49:23.849+0000] {processor.py:840} INFO - DAG(s) 'isr_pipeline' retrieved from /opt/airflow/dags/isr_pipeline.py
[2026-04-03T15:49:24.025+0000] {logging_mixin.py:188} INFO - [2026-04-03T15:49:24.024+0000] {dag.py:3096} INFO - Sync 1 DAGs
[2026-04-03T15:49:24.218+0000] {processor.py:183} INFO - Processing /opt/airflow/dags/isr_pipeline.py took 0.505 seconds
[2026-04-03T15:49:54.790+0000] {processor.py:161} INFO - Started process (PID=49008) to work on /opt/airflow/dags/isr_pipeline.py
[2026-04-03T15:49:54.797+0000] {processor.py:830} INFO - Processing file /opt/airflow/dags/isr_pipeline.py for tasks to queue
[2026-04-03T15:49:54.805+0000] {logging_mixin.py:188} INFO - [2026-04-03T15:49:54.803+0000] {dagbag.py:540} INFO - Filling up the DagBag from /opt/airflow/dags/isr_pipeline.py
[2026-04-03T15:49:54.902+0000] {processor.py:840} INFO - DAG(s) 'isr_pipeline' retrieved from /opt/airflow/dags/isr_pipeline.py
[2026-04-03T15:49:55.107+0000] {logging_mixin.py:188} INFO - [2026-04-03T15:49:55.106+0000] {dag.py:3096} INFO - Sync 1 DAGs
[2026-04-03T15:49:55.366+0000] {processor.py:183} INFO - Processing /opt/airflow/dags/isr_pipeline.py took 0.618 seconds
[2026-04-03T15:50:25.910+0000] {processor.py:161} INFO - Started process (PID=49013) to work on /opt/airflow/dags/isr_pipeline.py
[2026-04-03T15:50:25.917+0000] {processor.py:830} INFO - Processing file /opt/airflow/dags/isr_pipeline.py for tasks to queue
[2026-04-03T15:50:25.926+0000] {logging_mixin.py:188} INFO - [2026-04-03T15:50:25.924+0000] {dagbag.py:540} INFO - Filling up the DagBag from /opt/airflow/dags/isr_pipeline.py
[2026-04-03T15:50:26.021+0000] {processor.py:840} INFO - DAG(s) 'isr_pipeline' retrieved from /opt/airflow/dags/isr_pipeline.py
[2026-04-03T15:50:26.199+0000] {logging_mixin.py:188} INFO - [2026-04-03T15:50:26.198+0000] {dag.py:3096} INFO - Sync 1 DAGs
[2026-04-03T15:50:26.415+0000] {processor.py:183} INFO - Processing /opt/airflow/dags/isr_pipeline.py took 0.543 seconds
[2026-04-03T15:50:56.764+0000] {processor.py:161} INFO - Started process (PID=49018) to work on /opt/airflow/dags/isr_pipeline.py
[2026-04-03T15:50:56.770+0000] {processor.py:830} INFO - Processing file /opt/airflow/dags/isr_pipeline.py for tasks to queue
[2026-04-03T15:50:56.777+0000] {logging_mixin.py:188} INFO - [2026-04-03T15:50:56.776+0000] {dagbag.py:540} INFO - Filling up the DagBag from /opt/airflow/dags/isr_pipeline.py
[2026-04-03T15:50:56.860+0000] {processor.py:840} INFO - DAG(s) 'isr_pipeline' retrieved from /opt/airflow/dags/isr_pipeline.py
[2026-04-03T15:50:57.029+0000] {logging_mixin.py:188} INFO - [2026-04-03T15:50:57.028+0000] {dag.py:3096} INFO - Sync 1 DAGs
[2026-04-03T15:50:57.222+0000] {processor.py:183} INFO - Processing /opt/airflow/dags/isr_pipeline.py took 0.494 seconds
[2026-04-03T15:51:27.712+0000] {processor.py:161} INFO - Started process (PID=49023) to work on /opt/airflow/dags/isr_pipeline.py
[2026-04-03T15:51:27.722+0000] {processor.py:830} INFO - Processing file /opt/airflow/dags/isr_pipeline.py for tasks to queue
[2026-04-03T15:51:27.731+0000] {logging_mixin.py:188} INFO - [2026-04-03T15:51:27.729+0000] {dagbag.py:540} INFO - Filling up the DagBag from /opt/airflow/dags/isr_pipeline.py
[2026-04-03T15:51:27.817+0000] {processor.py:840} INFO - DAG(s) 'isr_pipeline' retrieved from /opt/airflow/dags/isr_pipeline.py
[2026-04-03T15:51:28.005+0000] {logging_mixin.py:188} INFO - [2026-04-03T15:51:28.004+0000] {dag.py:3096} INFO - Sync 1 DAGs
[2026-04-03T15:51:28.732+0000] {processor.py:183} INFO - Processing /opt/airflow/dags/isr_pipeline.py took 1.057 seconds
[2026-04-03T15:51:59.113+0000] {processor.py:161} INFO - Started process (PID=49028) to work on /opt/airflow/dags/isr_pipeline.py
[2026-04-03T15:51:59.120+0000] {processor.py:830} INFO - Processing file /opt/airflow/dags/isr_pipeline.py for tasks to queue
[2026-04-03T15:51:59.127+0000] {logging_mixin.py:188} INFO - [2026-04-03T15:51:59.125+0000] {dagbag.py:540} INFO - Filling up the DagBag from /opt/airflow/dags/isr_pipeline.py
[2026-04-03T15:51:59.221+0000] {processor.py:840} INFO - DAG(s) 'isr_pipeline' retrieved from /opt/airflow/dags/isr_pipeline.py
[2026-04-03T15:51:59.409+0000] {logging_mixin.py:188} INFO - [2026-04-03T15:51:59.407+0000] {dag.py:3096} INFO - Sync 1 DAGs
[2026-04-03T15:51:59.613+0000] {processor.py:183} INFO - Processing /opt/airflow/dags/isr_pipeline.py took 0.535 seconds
[2026-04-03T15:52:30.146+0000] {processor.py:161} INFO - Started process (PID=49033) to work on /opt/airflow/dags/isr_pipeline.py
[2026-04-03T15:52:30.153+0000] {processor.py:830} INFO - Processing file /opt/airflow/dags/isr_pipeline.py for tasks to queue
[2026-04-03T15:52:30.160+0000] {logging_mixin.py:188} INFO - [2026-04-03T15:52:30.158+0000] {dagbag.py:540} INFO - Filling up the DagBag from /opt/airflow/dags/isr_pipeline.py
[2026-04-03T15:52:30.249+0000] {processor.py:840} INFO - DAG(s) 'isr_pipeline' retrieved from /opt/airflow/dags/isr_pipeline.py
[2026-04-03T15:52:30.430+0000] {logging_mixin.py:188} INFO - [2026-04-03T15:52:30.429+0000] {dag.py:3096} INFO - Sync 1 DAGs
[2026-04-03T15:52:30.636+0000] {processor.py:183} INFO - Processing /opt/airflow/dags/isr_pipeline.py took 0.528 seconds
[2026-04-03T15:53:00.896+0000] {processor.py:161} INFO - Started process (PID=49038) to work on /opt/airflow/dags/isr_pipeline.py
[2026-04-03T15:53:00.903+0000] {processor.py:830} INFO - Processing file /opt/airflow/dags/isr_pipeline.py for tasks to queue
[2026-04-03T15:53:00.913+0000] {logging_mixin.py:188} INFO - [2026-04-03T15:53:00.909+0000] {dagbag.py:540} INFO - Filling up the DagBag from /opt/airflow/dags/isr_pipeline.py
[2026-04-03T15:53:01.007+0000] {processor.py:840} INFO - DAG(s) 'isr_pipeline' retrieved from /opt/airflow/dags/isr_pipeline.py
[2026-04-03T15:53:01.183+0000] {logging_mixin.py:188} INFO - [2026-04-03T15:53:01.182+0000] {dag.py:3096} INFO - Sync 1 DAGs
[2026-04-03T15:53:01.387+0000] {processor.py:183} INFO - Processing /opt/airflow/dags/isr_pipeline.py took 0.529 seconds
[2026-04-03T15:53:31.907+0000] {processor.py:161} INFO - Started process (PID=49043) to work on /opt/airflow/dags/isr_pipeline.py
[2026-04-03T15:53:31.914+0000] {processor.py:830} INFO - Processing file /opt/airflow/dags/isr_pipeline.py for tasks to queue
[2026-04-03T15:53:31.921+0000] {logging_mixin.py:188} INFO - [2026-04-03T15:53:31.919+0000] {dagbag.py:540} INFO - Filling up the DagBag from /opt/airflow/dags/isr_pipeline.py
[2026-04-03T15:53:32.002+0000] {processor.py:840} INFO - DAG(s) 'isr_pipeline' retrieved from /opt/airflow/dags/isr_pipeline.py
[2026-04-03T15:53:32.179+0000] {logging_mixin.py:188} INFO - [2026-04-03T15:53:32.178+0000] {dag.py:3096} INFO - Sync 1 DAGs
[2026-04-03T15:53:32.912+0000] {processor.py:183} INFO - Processing /opt/airflow/dags/isr_pipeline.py took 1.044 seconds
[2026-04-03T15:54:03.307+0000] {processor.py:161} INFO - Started process (PID=49048) to work on /opt/airflow/dags/isr_pipeline.py
[2026-04-03T15:54:03.319+0000] {processor.py:830} INFO - Processing file /opt/airflow/dags/isr_pipeline.py for tasks to queue
[2026-04-03T15:54:03.327+0000] {logging_mixin.py:188} INFO - [2026-04-03T15:54:03.325+0000] {dagbag.py:540} INFO - Filling up the DagBag from /opt/airflow/dags/isr_pipeline.py
[2026-04-03T15:54:03.408+0000] {processor.py:840} INFO - DAG(s) 'isr_pipeline' retrieved from /opt/airflow/dags/isr_pipeline.py
[2026-04-03T15:54:03.588+0000] {logging_mixin.py:188} INFO - [2026-04-03T15:54:03.587+0000] {dag.py:3096} INFO - Sync 1 DAGs
[2026-04-03T15:54:03.782+0000] {processor.py:183} INFO - Processing /opt/airflow/dags/isr_pipeline.py took 0.514 seconds
[2026-04-03T15:54:34.264+0000] {processor.py:161} INFO - Started process (PID=49053) to work on /opt/airflow/dags/isr_pipeline.py
[2026-04-03T15:54:34.271+0000] {processor.py:830} INFO - Processing file /opt/airflow/dags/isr_pipeline.py for tasks to queue
[2026-04-03T15:54:34.278+0000] {logging_mixin.py:188} INFO - [2026-04-03T15:54:34.276+0000] {dagbag.py:540} INFO - Filling up the DagBag from /opt/airflow/dags/isr_pipeline.py
[2026-04-03T15:54:34.367+0000] {processor.py:840} INFO - DAG(s) 'isr_pipeline' retrieved from /opt/airflow/dags/isr_pipeline.py
[2026-04-03T15:54:34.550+0000] {logging_mixin.py:188} INFO - [2026-04-03T15:54:34.549+0000] {dag.py:3096} INFO - Sync 1 DAGs
[2026-04-03T15:54:34.739+0000] {processor.py:183} INFO - Processing /opt/airflow/dags/isr_pipeline.py took 0.512 seconds
[2026-04-03T15:55:05.056+0000] {processor.py:161} INFO - Started process (PID=49058) to work on /opt/airflow/dags/isr_pipeline.py
[2026-04-03T15:55:05.063+0000] {processor.py:830} INFO - Processing file /opt/airflow/dags/isr_pipeline.py for tasks to queue
[2026-04-03T15:55:05.069+0000] {logging_mixin.py:188} INFO - [2026-04-03T15:55:05.068+0000] {dagbag.py:540} INFO - Filling up the DagBag from /opt/airflow/dags/isr_pipeline.py
[2026-04-03T15:55:05.162+0000] {processor.py:840} INFO - DAG(s) 'isr_pipeline' retrieved from /opt/airflow/dags/isr_pipeline.py
[2026-04-03T15:55:05.347+0000] {logging_mixin.py:188} INFO - [2026-04-03T15:55:05.346+0000] {dag.py:3096} INFO - Sync 1 DAGs
[2026-04-03T15:55:05.542+0000] {processor.py:183} INFO - Processing /opt/airflow/dags/isr_pipeline.py took 0.524 seconds
[2026-04-03T15:55:36.052+0000] {processor.py:161} INFO - Started process (PID=49063) to work on /opt/airflow/dags/isr_pipeline.py
[2026-04-03T15:55:36.059+0000] {processor.py:830} INFO - Processing file /opt/airflow/dags/isr_pipeline.py for tasks to queue
[2026-04-03T15:55:36.067+0000] {logging_mixin.py:188} INFO - [2026-04-03T15:55:36.065+0000] {dagbag.py:540} INFO - Filling up the DagBag from /opt/airflow/dags/isr_pipeline.py
[2026-04-03T15:55:36.157+0000] {processor.py:840} INFO - DAG(s) 'isr_pipeline' retrieved from /opt/airflow/dags/isr_pipeline.py
[2026-04-03T15:55:36.339+0000] {logging_mixin.py:188} INFO - [2026-04-03T15:55:36.338+0000] {dag.py:3096} INFO - Sync 1 DAGs
[2026-04-03T15:55:36.538+0000] {processor.py:183} INFO - Processing /opt/airflow/dags/isr_pipeline.py took 0.525 seconds
[2026-04-03T15:56:06.897+0000] {processor.py:161} INFO - Started process (PID=49068) to work on /opt/airflow/dags/isr_pipeline.py
[2026-04-03T15:56:06.903+0000] {processor.py:830} INFO - Processing file /opt/airflow/dags/isr_pipeline.py for tasks to queue
[2026-04-03T15:56:06.911+0000] {logging_mixin.py:188} INFO - [2026-04-03T15:56:06.909+0000] {dagbag.py:540} INFO - Filling up the DagBag from /opt/airflow/dags/isr_pipeline.py
[2026-04-03T15:56:06.998+0000] {processor.py:840} INFO - DAG(s) 'isr_pipeline' retrieved from /opt/airflow/dags/isr_pipeline.py
[2026-04-03T15:56:07.191+0000] {logging_mixin.py:188} INFO - [2026-04-03T15:56:07.190+0000] {dag.py:3096} INFO - Sync 1 DAGs
[2026-04-03T15:56:07.924+0000] {processor.py:183} INFO - Processing /opt/airflow/dags/isr_pipeline.py took 1.072 seconds
[2026-04-03T16:10:25.471+0000] {processor.py:161} INFO - Started process (PID=49073) to work on /opt/airflow/dags/isr_pipeline.py
[2026-04-03T16:10:25.475+0000] {processor.py:830} INFO - Processing file /opt/airflow/dags/isr_pipeline.py for tasks to queue
[2026-04-03T16:10:25.479+0000] {logging_mixin.py:188} INFO - [2026-04-03T16:10:25.479+0000] {dagbag.py:540} INFO - Filling up the DagBag from /opt/airflow/dags/isr_pipeline.py
[2026-04-03T16:10:25.508+0000] {processor.py:840} INFO - DAG(s) 'isr_pipeline' retrieved from /opt/airflow/dags/isr_pipeline.py
[2026-04-03T16:10:25.561+0000] {logging_mixin.py:188} INFO - [2026-04-03T16:10:25.561+0000] {dag.py:3096} INFO - Sync 1 DAGs
[2026-04-03T16:10:25.723+0000] {processor.py:183} INFO - Processing /opt/airflow/dags/isr_pipeline.py took 0.264 seconds
[2026-04-03T16:10:55.989+0000] {processor.py:161} INFO - Started process (PID=49080) to work on /opt/airflow/dags/isr_pipeline.py
[2026-04-03T16:10:55.997+0000] {processor.py:830} INFO - Processing file /opt/airflow/dags/isr_pipeline.py for tasks to queue
[2026-04-03T16:10:56.004+0000] {logging_mixin.py:188} INFO - [2026-04-03T16:10:56.002+0000] {dagbag.py:540} INFO - Filling up the DagBag from /opt/airflow/dags/isr_pipeline.py
[2026-04-03T16:10:56.088+0000] {processor.py:840} INFO - DAG(s) 'isr_pipeline' retrieved from /opt/airflow/dags/isr_pipeline.py
[2026-04-03T16:10:56.259+0000] {logging_mixin.py:188} INFO - [2026-04-03T16:10:56.258+0000] {dag.py:3096} INFO - Sync 1 DAGs
[2026-04-03T16:10:56.459+0000] {processor.py:183} INFO - Processing /opt/airflow/dags/isr_pipeline.py took 0.506 seconds
[2026-04-03T16:21:05.206+0000] {processor.py:161} INFO - Started process (PID=49086) to work on /opt/airflow/dags/isr_pipeline.py
[2026-04-03T16:21:05.208+0000] {processor.py:830} INFO - Processing file /opt/airflow/dags/isr_pipeline.py for tasks to queue
[2026-04-03T16:21:05.210+0000] {logging_mixin.py:188} INFO - [2026-04-03T16:21:05.210+0000] {dagbag.py:540} INFO - Filling up the DagBag from /opt/airflow/dags/isr_pipeline.py
[2026-04-03T16:21:05.242+0000] {processor.py:840} INFO - DAG(s) 'isr_pipeline' retrieved from /opt/airflow/dags/isr_pipeline.py
[2026-04-03T16:21:05.291+0000] {logging_mixin.py:188} INFO - [2026-04-03T16:21:05.291+0000] {dag.py:3096} INFO - Sync 1 DAGs
[2026-04-03T16:21:05.487+0000] {processor.py:183} INFO - Processing /opt/airflow/dags/isr_pipeline.py took 0.289 seconds
[2026-04-03T16:21:35.897+0000] {processor.py:161} INFO - Started process (PID=49091) to work on /opt/airflow/dags/isr_pipeline.py
[2026-04-03T16:21:35.904+0000] {processor.py:830} INFO - Processing file /opt/airflow/dags/isr_pipeline.py for tasks to queue
[2026-04-03T16:21:35.911+0000] {logging_mixin.py:188} INFO - [2026-04-03T16:21:35.909+0000] {dagbag.py:540} INFO - Filling up the DagBag from /opt/airflow/dags/isr_pipeline.py
[2026-04-03T16:21:35.994+0000] {processor.py:840} INFO - DAG(s) 'isr_pipeline' retrieved from /opt/airflow/dags/isr_pipeline.py
[2026-04-03T16:21:36.169+0000] {logging_mixin.py:188} INFO - [2026-04-03T16:21:36.168+0000] {dag.py:3096} INFO - Sync 1 DAGs
[2026-04-03T16:21:36.920+0000] {processor.py:183} INFO - Processing /opt/airflow/dags/isr_pipeline.py took 1.060 seconds
[2026-04-03T16:23:25.427+0000] {processor.py:161} INFO - Started process (PID=49097) to work on /opt/airflow/dags/isr_pipeline.py
[2026-04-03T16:23:25.428+0000] {processor.py:830} INFO - Processing file /opt/airflow/dags/isr_pipeline.py for tasks to queue
[2026-04-03T16:23:25.431+0000] {logging_mixin.py:188} INFO - [2026-04-03T16:23:25.430+0000] {dagbag.py:540} INFO - Filling up the DagBag from /opt/airflow/dags/isr_pipeline.py
[2026-04-03T16:23:25.454+0000] {processor.py:840} INFO - DAG(s) 'isr_pipeline' retrieved from /opt/airflow/dags/isr_pipeline.py
[2026-04-03T16:23:25.498+0000] {logging_mixin.py:188} INFO - [2026-04-03T16:23:25.498+0000] {dag.py:3096} INFO - Sync 1 DAGs
[2026-04-03T16:23:25.677+0000] {processor.py:183} INFO - Processing /opt/airflow/dags/isr_pipeline.py took 0.258 seconds
[2026-04-03T16:23:55.920+0000] {processor.py:161} INFO - Started process (PID=49102) to work on /opt/airflow/dags/isr_pipeline.py
[2026-04-03T16:23:55.922+0000] {processor.py:830} INFO - Processing file /opt/airflow/dags/isr_pipeline.py for tasks to queue
[2026-04-03T16:23:55.923+0000] {logging_mixin.py:188} INFO - [2026-04-03T16:23:55.923+0000] {dagbag.py:540} INFO - Filling up the DagBag from /opt/airflow/dags/isr_pipeline.py
[2026-04-03T16:23:55.940+0000] {processor.py:840} INFO - DAG(s) 'isr_pipeline' retrieved from /opt/airflow/dags/isr_pipeline.py
[2026-04-03T16:23:55.984+0000] {logging_mixin.py:188} INFO - [2026-04-03T16:23:55.983+0000] {dag.py:3096} INFO - Sync 1 DAGs
[2026-04-03T16:23:56.044+0000] {processor.py:183} INFO - Processing /opt/airflow/dags/isr_pipeline.py took 0.131 seconds
[2026-04-03T16:24:26.167+0000] {processor.py:161} INFO - Started process (PID=49107) to work on /opt/airflow/dags/isr_pipeline.py
[2026-04-03T16:24:26.169+0000] {processor.py:830} INFO - Processing file /opt/airflow/dags/isr_pipeline.py for tasks to queue
[2026-04-03T16:24:26.171+0000] {logging_mixin.py:188} INFO - [2026-04-03T16:24:26.170+0000] {dagbag.py:540} INFO - Filling up the DagBag from /opt/airflow/dags/isr_pipeline.py
[2026-04-03T16:24:26.188+0000] {processor.py:840} INFO - DAG(s) 'isr_pipeline' retrieved from /opt/airflow/dags/isr_pipeline.py
[2026-04-03T16:24:26.232+0000] {logging_mixin.py:188} INFO - [2026-04-03T16:24:26.232+0000] {dag.py:3096} INFO - Sync 1 DAGs
[2026-04-03T16:24:26.275+0000] {processor.py:183} INFO - Processing /opt/airflow/dags/isr_pipeline.py took 0.119 seconds
[2026-04-03T16:24:56.358+0000] {processor.py:161} INFO - Started process (PID=49112) to work on /opt/airflow/dags/isr_pipeline.py
[2026-04-03T16:24:56.377+0000] {processor.py:830} INFO - Processing file /opt/airflow/dags/isr_pipeline.py for tasks to queue
[2026-04-03T16:24:56.397+0000] {logging_mixin.py:188} INFO - [2026-04-03T16:24:56.397+0000] {dagbag.py:540} INFO - Filling up the DagBag from /opt/airflow/dags/isr_pipeline.py
[2026-04-03T16:24:56.434+0000] {processor.py:840} INFO - DAG(s) 'isr_pipeline' retrieved from /opt/airflow/dags/isr_pipeline.py
[2026-04-03T16:24:56.471+0000] {logging_mixin.py:188} INFO - [2026-04-03T16:24:56.471+0000] {dag.py:3096} INFO - Sync 1 DAGs
[2026-04-03T16:24:56.511+0000] {processor.py:183} INFO - Processing /opt/airflow/dags/isr_pipeline.py took 0.161 seconds
[2026-04-03T16:25:26.640+0000] {processor.py:161} INFO - Started process (PID=49117) to work on /opt/airflow/dags/isr_pipeline.py
[2026-04-03T16:25:26.641+0000] {processor.py:830} INFO - Processing file /opt/airflow/dags/isr_pipeline.py for tasks to queue
[2026-04-03T16:25:26.643+0000] {logging_mixin.py:188} INFO - [2026-04-03T16:25:26.643+0000] {dagbag.py:540} INFO - Filling up the DagBag from /opt/airflow/dags/isr_pipeline.py
[2026-04-03T16:25:26.660+0000] {processor.py:840} INFO - DAG(s) 'isr_pipeline' retrieved from /opt/airflow/dags/isr_pipeline.py
[2026-04-03T16:25:26.699+0000] {logging_mixin.py:188} INFO - [2026-04-03T16:25:26.699+0000] {dag.py:3096} INFO - Sync 1 DAGs
[2026-04-03T16:25:26.740+0000] {processor.py:183} INFO - Processing /opt/airflow/dags/isr_pipeline.py took 0.108 seconds
[2026-04-03T16:25:56.902+0000] {processor.py:161} INFO - Started process (PID=49122) to work on /opt/airflow/dags/isr_pipeline.py
[2026-04-03T16:25:56.904+0000] {processor.py:830} INFO - Processing file /opt/airflow/dags/isr_pipeline.py for tasks to queue
[2026-04-03T16:25:56.906+0000] {logging_mixin.py:188} INFO - [2026-04-03T16:25:56.905+0000] {dagbag.py:540} INFO - Filling up the DagBag from /opt/airflow/dags/isr_pipeline.py
[2026-04-03T16:25:56.924+0000] {processor.py:840} INFO - DAG(s) 'isr_pipeline' retrieved from /opt/airflow/dags/isr_pipeline.py
[2026-04-03T16:25:56.963+0000] {logging_mixin.py:188} INFO - [2026-04-03T16:25:56.963+0000] {dag.py:3096} INFO - Sync 1 DAGs
[2026-04-03T16:25:57.163+0000] {processor.py:183} INFO - Processing /opt/airflow/dags/isr_pipeline.py took 0.271 seconds
[2026-04-03T16:26:27.368+0000] {processor.py:161} INFO - Started process (PID=49127) to work on /opt/airflow/dags/isr_pipeline.py
[2026-04-03T16:26:27.370+0000] {processor.py:830} INFO - Processing file /opt/airflow/dags/isr_pipeline.py for tasks to queue
[2026-04-03T16:26:27.372+0000] {logging_mixin.py:188} INFO - [2026-04-03T16:26:27.371+0000] {dagbag.py:540} INFO - Filling up the DagBag from /opt/airflow/dags/isr_pipeline.py
[2026-04-03T16:26:27.390+0000] {processor.py:840} INFO - DAG(s) 'isr_pipeline' retrieved from /opt/airflow/dags/isr_pipeline.py
[2026-04-03T16:26:27.428+0000] {logging_mixin.py:188} INFO - [2026-04-03T16:26:27.428+0000] {dag.py:3096} INFO - Sync 1 DAGs
[2026-04-03T16:26:27.469+0000] {processor.py:183} INFO - Processing /opt/airflow/dags/isr_pipeline.py took 0.108 seconds
[2026-04-03T16:26:57.536+0000] {processor.py:161} INFO - Started process (PID=49132) to work on /opt/airflow/dags/isr_pipeline.py
[2026-04-03T16:26:57.537+0000] {processor.py:830} INFO - Processing file /opt/airflow/dags/isr_pipeline.py for tasks to queue
[2026-04-03T16:26:57.539+0000] {logging_mixin.py:188} INFO - [2026-04-03T16:26:57.538+0000] {dagbag.py:540} INFO - Filling up the DagBag from /opt/airflow/dags/isr_pipeline.py
[2026-04-03T16:26:57.556+0000] {processor.py:840} INFO - DAG(s) 'isr_pipeline' retrieved from /opt/airflow/dags/isr_pipeline.py
[2026-04-03T16:26:57.593+0000] {logging_mixin.py:188} INFO - [2026-04-03T16:26:57.593+0000] {dag.py:3096} INFO - Sync 1 DAGs
[2026-04-03T16:26:57.634+0000] {processor.py:183} INFO - Processing /opt/airflow/dags/isr_pipeline.py took 0.106 seconds
[2026-04-03T16:27:27.828+0000] {processor.py:161} INFO - Started process (PID=49137) to work on /opt/airflow/dags/isr_pipeline.py
[2026-04-03T16:27:27.829+0000] {processor.py:830} INFO - Processing file /opt/airflow/dags/isr_pipeline.py for tasks to queue
[2026-04-03T16:27:27.831+0000] {logging_mixin.py:188} INFO - [2026-04-03T16:27:27.830+0000] {dagbag.py:540} INFO - Filling up the DagBag from /opt/airflow/dags/isr_pipeline.py
[2026-04-03T16:27:27.848+0000] {processor.py:840} INFO - DAG(s) 'isr_pipeline' retrieved from /opt/airflow/dags/isr_pipeline.py
[2026-04-03T16:27:27.881+0000] {logging_mixin.py:188} INFO - [2026-04-03T16:27:27.881+0000] {dag.py:3096} INFO - Sync 1 DAGs
[2026-04-03T16:27:27.920+0000] {processor.py:183} INFO - Processing /opt/airflow/dags/isr_pipeline.py took 0.099 seconds
[2026-04-03T16:27:58.008+0000] {processor.py:161} INFO - Started process (PID=49142) to work on /opt/airflow/dags/isr_pipeline.py
[2026-04-03T16:27:58.010+0000] {processor.py:830} INFO - Processing file /opt/airflow/dags/isr_pipeline.py for tasks to queue
[2026-04-03T16:27:58.011+0000] {logging_mixin.py:188} INFO - [2026-04-03T16:27:58.011+0000] {dagbag.py:540} INFO - Filling up the DagBag from /opt/airflow/dags/isr_pipeline.py
[2026-04-03T16:27:58.028+0000] {processor.py:840} INFO - DAG(s) 'isr_pipeline' retrieved from /opt/airflow/dags/isr_pipeline.py
[2026-04-03T16:27:58.062+0000] {logging_mixin.py:188} INFO - [2026-04-03T16:27:58.062+0000] {dag.py:3096} INFO - Sync 1 DAGs
[2026-04-03T16:27:58.102+0000] {processor.py:183} INFO - Processing /opt/airflow/dags/isr_pipeline.py took 0.101 seconds
[2026-04-03T16:28:28.167+0000] {processor.py:161} INFO - Started process (PID=49147) to work on /opt/airflow/dags/isr_pipeline.py
[2026-04-03T16:28:28.168+0000] {processor.py:830} INFO - Processing file /opt/airflow/dags/isr_pipeline.py for tasks to queue
[2026-04-03T16:28:28.169+0000] {logging_mixin.py:188} INFO - [2026-04-03T16:28:28.169+0000] {dagbag.py:540} INFO - Filling up the DagBag from /opt/airflow/dags/isr_pipeline.py
[2026-04-03T16:28:28.186+0000] {processor.py:840} INFO - DAG(s) 'isr_pipeline' retrieved from /opt/airflow/dags/isr_pipeline.py
[2026-04-03T16:28:28.222+0000] {logging_mixin.py:188} INFO - [2026-04-03T16:28:28.221+0000] {dag.py:3096} INFO - Sync 1 DAGs
[2026-04-03T16:28:28.430+0000] {processor.py:183} INFO - Processing /opt/airflow/dags/isr_pipeline.py took 0.271 seconds
[2026-04-03T16:28:58.670+0000] {processor.py:161} INFO - Started process (PID=49152) to work on /opt/airflow/dags/isr_pipeline.py
[2026-04-03T16:28:58.672+0000] {processor.py:830} INFO - Processing file /opt/airflow/dags/isr_pipeline.py for tasks to queue
[2026-04-03T16:28:58.674+0000] {logging_mixin.py:188} INFO - [2026-04-03T16:28:58.673+0000] {dagbag.py:540} INFO - Filling up the DagBag from /opt/airflow/dags/isr_pipeline.py
[2026-04-03T16:28:58.696+0000] {processor.py:840} INFO - DAG(s) 'isr_pipeline' retrieved from /opt/airflow/dags/isr_pipeline.py
[2026-04-03T16:28:58.741+0000] {logging_mixin.py:188} INFO - [2026-04-03T16:28:58.741+0000] {dag.py:3096} INFO - Sync 1 DAGs
[2026-04-03T16:28:58.793+0000] {processor.py:183} INFO - Processing /opt/airflow/dags/isr_pipeline.py took 0.134 seconds
[2026-04-03T16:29:28.912+0000] {processor.py:161} INFO - Started process (PID=49157) to work on /opt/airflow/dags/isr_pipeline.py
[2026-04-03T16:29:28.913+0000] {processor.py:830} INFO - Processing file /opt/airflow/dags/isr_pipeline.py for tasks to queue
[2026-04-03T16:29:28.915+0000] {logging_mixin.py:188} INFO - [2026-04-03T16:29:28.915+0000] {dagbag.py:540} INFO - Filling up the DagBag from /opt/airflow/dags/isr_pipeline.py
[2026-04-03T16:29:28.935+0000] {processor.py:840} INFO - DAG(s) 'isr_pipeline' retrieved from /opt/airflow/dags/isr_pipeline.py
[2026-04-03T16:29:28.976+0000] {logging_mixin.py:188} INFO - [2026-04-03T16:29:28.976+0000] {dag.py:3096} INFO - Sync 1 DAGs
[2026-04-03T16:29:29.024+0000] {processor.py:183} INFO - Processing /opt/airflow/dags/isr_pipeline.py took 0.120 seconds
[2026-04-03T16:29:59.243+0000] {processor.py:161} INFO - Started process (PID=49162) to work on /opt/airflow/dags/isr_pipeline.py
[2026-04-03T16:29:59.244+0000] {processor.py:830} INFO - Processing file /opt/airflow/dags/isr_pipeline.py for tasks to queue
[2026-04-03T16:29:59.246+0000] {logging_mixin.py:188} INFO - [2026-04-03T16:29:59.246+0000] {dagbag.py:540} INFO - Filling up the DagBag from /opt/airflow/dags/isr_pipeline.py
[2026-04-03T16:29:59.267+0000] {processor.py:840} INFO - DAG(s) 'isr_pipeline' retrieved from /opt/airflow/dags/isr_pipeline.py
[2026-04-03T16:29:59.307+0000] {logging_mixin.py:188} INFO - [2026-04-03T16:29:59.307+0000] {dag.py:3096} INFO - Sync 1 DAGs
[2026-04-03T16:29:59.347+0000] {processor.py:183} INFO - Processing /opt/airflow/dags/isr_pipeline.py took 0.113 seconds
[2026-04-03T16:30:29.431+0000] {processor.py:161} INFO - Started process (PID=49167) to work on /opt/airflow/dags/isr_pipeline.py
[2026-04-03T16:30:29.432+0000] {processor.py:830} INFO - Processing file /opt/airflow/dags/isr_pipeline.py for tasks to queue
[2026-04-03T16:30:29.434+0000] {logging_mixin.py:188} INFO - [2026-04-03T16:30:29.434+0000] {dagbag.py:540} INFO - Filling up the DagBag from /opt/airflow/dags/isr_pipeline.py
[2026-04-03T16:30:29.451+0000] {processor.py:840} INFO - DAG(s) 'isr_pipeline' retrieved from /opt/airflow/dags/isr_pipeline.py
[2026-04-03T16:30:29.488+0000] {logging_mixin.py:188} INFO - [2026-04-03T16:30:29.488+0000] {dag.py:3096} INFO - Sync 1 DAGs
[2026-04-03T16:30:29.529+0000] {processor.py:183} INFO - Processing /opt/airflow/dags/isr_pipeline.py took 0.107 seconds
[2026-04-03T16:30:59.686+0000] {processor.py:161} INFO - Started process (PID=49172) to work on /opt/airflow/dags/isr_pipeline.py
[2026-04-03T16:30:59.687+0000] {processor.py:830} INFO - Processing file /opt/airflow/dags/isr_pipeline.py for tasks to queue
[2026-04-03T16:30:59.689+0000] {logging_mixin.py:188} INFO - [2026-04-03T16:30:59.688+0000] {dagbag.py:540} INFO - Filling up the DagBag from /opt/airflow/dags/isr_pipeline.py
[2026-04-03T16:30:59.706+0000] {processor.py:840} INFO - DAG(s) 'isr_pipeline' retrieved from /opt/airflow/dags/isr_pipeline.py
[2026-04-03T16:30:59.741+0000] {logging_mixin.py:188} INFO - [2026-04-03T16:30:59.741+0000] {dag.py:3096} INFO - Sync 1 DAGs
[2026-04-03T16:30:59.782+0000] {processor.py:183} INFO - Processing /opt/airflow/dags/isr_pipeline.py took 0.104 seconds
[2026-04-03T16:31:29.892+0000] {processor.py:161} INFO - Started process (PID=49177) to work on /opt/airflow/dags/isr_pipeline.py
[2026-04-03T16:31:29.893+0000] {processor.py:830} INFO - Processing file /opt/airflow/dags/isr_pipeline.py for tasks to queue
[2026-04-03T16:31:29.895+0000] {logging_mixin.py:188} INFO - [2026-04-03T16:31:29.894+0000] {dagbag.py:540} INFO - Filling up the DagBag from /opt/airflow/dags/isr_pipeline.py
[2026-04-03T16:31:29.912+0000] {processor.py:840} INFO - DAG(s) 'isr_pipeline' retrieved from /opt/airflow/dags/isr_pipeline.py
[2026-04-03T16:31:29.949+0000] {logging_mixin.py:188} INFO - [2026-04-03T16:31:29.949+0000] {dag.py:3096} INFO - Sync 1 DAGs
[2026-04-03T16:31:30.149+0000] {processor.py:183} INFO - Processing /opt/airflow/dags/isr_pipeline.py took 0.265 seconds
[2026-04-03T16:32:00.338+0000] {processor.py:161} INFO - Started process (PID=49182) to work on /opt/airflow/dags/isr_pipeline.py
[2026-04-03T16:32:00.339+0000] {processor.py:830} INFO - Processing file /opt/airflow/dags/isr_pipeline.py for tasks to queue
[2026-04-03T16:32:00.341+0000] {logging_mixin.py:188} INFO - [2026-04-03T16:32:00.340+0000] {dagbag.py:540} INFO - Filling up the DagBag from /opt/airflow/dags/isr_pipeline.py
[2026-04-03T16:32:00.360+0000] {processor.py:840} INFO - DAG(s) 'isr_pipeline' retrieved from /opt/airflow/dags/isr_pipeline.py
[2026-04-03T16:32:00.557+0000] {logging_mixin.py:188} INFO - [2026-04-03T16:32:00.557+0000] {dag.py:3096} INFO - Sync 1 DAGs
[2026-04-03T16:32:00.595+0000] {processor.py:183} INFO - Processing /opt/airflow/dags/isr_pipeline.py took 0.267 seconds
[2026-04-03T16:32:30.773+0000] {processor.py:161} INFO - Started process (PID=49187) to work on /opt/airflow/dags/isr_pipeline.py
[2026-04-03T16:32:30.775+0000] {processor.py:830} INFO - Processing file /opt/airflow/dags/isr_pipeline.py for tasks to queue
[2026-04-03T16:32:30.777+0000] {logging_mixin.py:188} INFO - [2026-04-03T16:32:30.777+0000] {dagbag.py:540} INFO - Filling up the DagBag from /opt/airflow/dags/isr_pipeline.py
[2026-04-03T16:32:30.796+0000] {processor.py:840} INFO - DAG(s) 'isr_pipeline' retrieved from /opt/airflow/dags/isr_pipeline.py
[2026-04-03T16:32:30.835+0000] {logging_mixin.py:188} INFO - [2026-04-03T16:32:30.834+0000] {dag.py:3096} INFO - Sync 1 DAGs
[2026-04-03T16:32:30.878+0000] {processor.py:183} INFO - Processing /opt/airflow/dags/isr_pipeline.py took 0.113 seconds
[2026-04-03T16:33:00.926+0000] {processor.py:161} INFO - Started process (PID=49192) to work on /opt/airflow/dags/isr_pipeline.py
[2026-04-03T16:33:00.927+0000] {processor.py:830} INFO - Processing file /opt/airflow/dags/isr_pipeline.py for tasks to queue
[2026-04-03T16:33:00.929+0000] {logging_mixin.py:188} INFO - [2026-04-03T16:33:00.929+0000] {dagbag.py:540} INFO - Filling up the DagBag from /opt/airflow/dags/isr_pipeline.py
[2026-04-03T16:33:00.949+0000] {processor.py:840} INFO - DAG(s) 'isr_pipeline' retrieved from /opt/airflow/dags/isr_pipeline.py
[2026-04-03T16:33:00.991+0000] {logging_mixin.py:188} INFO - [2026-04-03T16:33:00.990+0000] {dag.py:3096} INFO - Sync 1 DAGs
[2026-04-03T16:33:01.041+0000] {processor.py:183} INFO - Processing /opt/airflow/dags/isr_pipeline.py took 0.123 seconds
[2026-04-03T16:33:31.229+0000] {processor.py:161} INFO - Started process (PID=49197) to work on /opt/airflow/dags/isr_pipeline.py
[2026-04-03T16:33:31.231+0000] {processor.py:830} INFO - Processing file /opt/airflow/dags/isr_pipeline.py for tasks to queue
[2026-04-03T16:33:31.232+0000] {logging_mixin.py:188} INFO - [2026-04-03T16:33:31.232+0000] {dagbag.py:540} INFO - Filling up the DagBag from /opt/airflow/dags/isr_pipeline.py
[2026-04-03T16:33:31.251+0000] {processor.py:840} INFO - DAG(s) 'isr_pipeline' retrieved from /opt/airflow/dags/isr_pipeline.py
[2026-04-03T16:33:31.287+0000] {logging_mixin.py:188} INFO - [2026-04-03T16:33:31.287+0000] {dag.py:3096} INFO - Sync 1 DAGs
[2026-04-03T16:33:31.338+0000] {processor.py:183} INFO - Processing /opt/airflow/dags/isr_pipeline.py took 0.116 seconds
[2026-04-03T16:34:01.524+0000] {processor.py:161} INFO - Started process (PID=49202) to work on /opt/airflow/dags/isr_pipeline.py
[2026-04-03T16:34:01.526+0000] {processor.py:830} INFO - Processing file /opt/airflow/dags/isr_pipeline.py for tasks to queue
[2026-04-03T16:34:01.527+0000] {logging_mixin.py:188} INFO - [2026-04-03T16:34:01.527+0000] {dagbag.py:540} INFO - Filling up the DagBag from /opt/airflow/dags/isr_pipeline.py
[2026-04-03T16:34:01.546+0000] {processor.py:840} INFO - DAG(s) 'isr_pipeline' retrieved from /opt/airflow/dags/isr_pipeline.py
[2026-04-03T16:34:01.588+0000] {logging_mixin.py:188} INFO - [2026-04-03T16:34:01.588+0000] {dag.py:3096} INFO - Sync 1 DAGs
[2026-04-03T16:34:01.636+0000] {processor.py:183} INFO - Processing /opt/airflow/dags/isr_pipeline.py took 0.119 seconds
[2026-04-03T16:34:31.685+0000] {processor.py:161} INFO - Started process (PID=49207) to work on /opt/airflow/dags/isr_pipeline.py
[2026-04-03T16:34:31.687+0000] {processor.py:830} INFO - Processing file /opt/airflow/dags/isr_pipeline.py for tasks to queue
[2026-04-03T16:34:31.688+0000] {logging_mixin.py:188} INFO - [2026-04-03T16:34:31.688+0000] {dagbag.py:540} INFO - Filling up the DagBag from /opt/airflow/dags/isr_pipeline.py
[2026-04-03T16:34:31.708+0000] {processor.py:840} INFO - DAG(s) 'isr_pipeline' retrieved from /opt/airflow/dags/isr_pipeline.py
[2026-04-03T16:34:31.748+0000] {logging_mixin.py:188} INFO - [2026-04-03T16:34:31.748+0000] {dag.py:3096} INFO - Sync 1 DAGs
[2026-04-03T16:34:31.794+0000] {processor.py:183} INFO - Processing /opt/airflow/dags/isr_pipeline.py took 0.116 seconds
[2026-04-03T16:35:01.933+0000] {processor.py:161} INFO - Started process (PID=49212) to work on /opt/airflow/dags/isr_pipeline.py
[2026-04-03T16:35:01.935+0000] {processor.py:830} INFO - Processing file /opt/airflow/dags/isr_pipeline.py for tasks to queue
[2026-04-03T16:35:01.936+0000] {logging_mixin.py:188} INFO - [2026-04-03T16:35:01.936+0000] {dagbag.py:540} INFO - Filling up the DagBag from /opt/airflow/dags/isr_pipeline.py
[2026-04-03T16:35:01.954+0000] {processor.py:840} INFO - DAG(s) 'isr_pipeline' retrieved from /opt/airflow/dags/isr_pipeline.py
[2026-04-03T16:35:01.993+0000] {logging_mixin.py:188} INFO - [2026-04-03T16:35:01.993+0000] {dag.py:3096} INFO - Sync 1 DAGs
[2026-04-03T16:35:02.040+0000] {processor.py:183} INFO - Processing /opt/airflow/dags/isr_pipeline.py took 0.115 seconds
[2026-04-03T16:35:32.181+0000] {processor.py:161} INFO - Started process (PID=49217) to work on /opt/airflow/dags/isr_pipeline.py
[2026-04-03T16:35:32.183+0000] {processor.py:830} INFO - Processing file /opt/airflow/dags/isr_pipeline.py for tasks to queue
[2026-04-03T16:35:32.185+0000] {logging_mixin.py:188} INFO - [2026-04-03T16:35:32.184+0000] {dagbag.py:540} INFO - Filling up the DagBag from /opt/airflow/dags/isr_pipeline.py
[2026-04-03T16:35:32.206+0000] {processor.py:840} INFO - DAG(s) 'isr_pipeline' retrieved from /opt/airflow/dags/isr_pipeline.py
[2026-04-03T16:35:32.246+0000] {logging_mixin.py:188} INFO - [2026-04-03T16:35:32.246+0000] {dag.py:3096} INFO - Sync 1 DAGs
[2026-04-03T16:35:32.294+0000] {processor.py:183} INFO - Processing /opt/airflow/dags/isr_pipeline.py took 0.121 seconds
[2026-04-03T16:36:02.344+0000] {processor.py:161} INFO - Started process (PID=49222) to work on /opt/airflow/dags/isr_pipeline.py
[2026-04-03T16:36:02.346+0000] {processor.py:830} INFO - Processing file /opt/airflow/dags/isr_pipeline.py for tasks to queue
[2026-04-03T16:36:02.347+0000] {logging_mixin.py:188} INFO - [2026-04-03T16:36:02.347+0000] {dagbag.py:540} INFO - Filling up the DagBag from /opt/airflow/dags/isr_pipeline.py
[2026-04-03T16:36:02.376+0000] {processor.py:840} INFO - DAG(s) 'isr_pipeline' retrieved from /opt/airflow/dags/isr_pipeline.py
[2026-04-03T16:36:02.418+0000] {logging_mixin.py:188} INFO - [2026-04-03T16:36:02.418+0000] {dag.py:3096} INFO - Sync 1 DAGs
[2026-04-03T16:36:02.469+0000] {processor.py:183} INFO - Processing /opt/airflow/dags/isr_pipeline.py took 0.133 seconds
[2026-04-03T16:36:32.609+0000] {processor.py:161} INFO - Started process (PID=49227) to work on /opt/airflow/dags/isr_pipeline.py
[2026-04-03T16:36:32.611+0000] {processor.py:830} INFO - Processing file /opt/airflow/dags/isr_pipeline.py for tasks to queue
[2026-04-03T16:36:32.613+0000] {logging_mixin.py:188} INFO - [2026-04-03T16:36:32.612+0000] {dagbag.py:540} INFO - Filling up the DagBag from /opt/airflow/dags/isr_pipeline.py
[2026-04-03T16:36:32.632+0000] {processor.py:840} INFO - DAG(s) 'isr_pipeline' retrieved from /opt/airflow/dags/isr_pipeline.py
[2026-04-03T16:36:32.673+0000] {logging_mixin.py:188} INFO - [2026-04-03T16:36:32.673+0000] {dag.py:3096} INFO - Sync 1 DAGs
[2026-04-03T16:36:32.720+0000] {processor.py:183} INFO - Processing /opt/airflow/dags/isr_pipeline.py took 0.119 seconds
[2026-04-03T16:37:02.859+0000] {processor.py:161} INFO - Started process (PID=49232) to work on /opt/airflow/dags/isr_pipeline.py
[2026-04-03T16:37:02.861+0000] {processor.py:830} INFO - Processing file /opt/airflow/dags/isr_pipeline.py for tasks to queue
[2026-04-03T16:37:02.863+0000] {logging_mixin.py:188} INFO - [2026-04-03T16:37:02.862+0000] {dagbag.py:540} INFO - Filling up the DagBag from /opt/airflow/dags/isr_pipeline.py
[2026-04-03T16:37:02.882+0000] {processor.py:840} INFO - DAG(s) 'isr_pipeline' retrieved from /opt/airflow/dags/isr_pipeline.py
[2026-04-03T16:37:02.922+0000] {logging_mixin.py:188} INFO - [2026-04-03T16:37:02.922+0000] {dag.py:3096} INFO - Sync 1 DAGs
[2026-04-03T16:37:02.968+0000] {processor.py:183} INFO - Processing /opt/airflow/dags/isr_pipeline.py took 0.117 seconds
[2026-04-03T16:37:33.026+0000] {processor.py:161} INFO - Started process (PID=49237) to work on /opt/airflow/dags/isr_pipeline.py
[2026-04-03T16:37:33.027+0000] {processor.py:830} INFO - Processing file /opt/airflow/dags/isr_pipeline.py for tasks to queue
[2026-04-03T16:37:33.029+0000] {logging_mixin.py:188} INFO - [2026-04-03T16:37:33.029+0000] {dagbag.py:540} INFO - Filling up the DagBag from /opt/airflow/dags/isr_pipeline.py
[2026-04-03T16:37:33.048+0000] {processor.py:840} INFO - DAG(s) 'isr_pipeline' retrieved from /opt/airflow/dags/isr_pipeline.py
[2026-04-03T16:37:33.087+0000] {logging_mixin.py:188} INFO - [2026-04-03T16:37:33.087+0000] {dag.py:3096} INFO - Sync 1 DAGs
[2026-04-03T16:37:33.131+0000] {processor.py:183} INFO - Processing /opt/airflow/dags/isr_pipeline.py took 0.115 seconds
[2026-04-03T16:38:03.384+0000] {processor.py:161} INFO - Started process (PID=49242) to work on /opt/airflow/dags/isr_pipeline.py
[2026-04-03T16:38:03.385+0000] {processor.py:830} INFO - Processing file /opt/airflow/dags/isr_pipeline.py for tasks to queue
[2026-04-03T16:38:03.386+0000] {logging_mixin.py:188} INFO - [2026-04-03T16:38:03.386+0000] {dagbag.py:540} INFO - Filling up the DagBag from /opt/airflow/dags/isr_pipeline.py
[2026-04-03T16:38:03.404+0000] {processor.py:840} INFO - DAG(s) 'isr_pipeline' retrieved from /opt/airflow/dags/isr_pipeline.py
[2026-04-03T16:38:03.439+0000] {logging_mixin.py:188} INFO - [2026-04-03T16:38:03.439+0000] {dag.py:3096} INFO - Sync 1 DAGs
[2026-04-03T16:38:03.479+0000] {processor.py:183} INFO - Processing /opt/airflow/dags/isr_pipeline.py took 0.102 seconds
[2026-04-03T16:38:33.674+0000] {processor.py:161} INFO - Started process (PID=49247) to work on /opt/airflow/dags/isr_pipeline.py
[2026-04-03T16:38:33.675+0000] {processor.py:830} INFO - Processing file /opt/airflow/dags/isr_pipeline.py for tasks to queue
[2026-04-03T16:38:33.677+0000] {logging_mixin.py:188} INFO - [2026-04-03T16:38:33.676+0000] {dagbag.py:540} INFO - Filling up the DagBag from /opt/airflow/dags/isr_pipeline.py
[2026-04-03T16:38:33.694+0000] {processor.py:840} INFO - DAG(s) 'isr_pipeline' retrieved from /opt/airflow/dags/isr_pipeline.py
[2026-04-03T16:38:33.729+0000] {logging_mixin.py:188} INFO - [2026-04-03T16:38:33.729+0000] {dag.py:3096} INFO - Sync 1 DAGs
[2026-04-03T16:38:33.769+0000] {processor.py:183} INFO - Processing /opt/airflow/dags/isr_pipeline.py took 0.103 seconds
[2026-04-03T16:39:03.891+0000] {processor.py:161} INFO - Started process (PID=49252) to work on /opt/airflow/dags/isr_pipeline.py
[2026-04-03T16:39:03.893+0000] {processor.py:830} INFO - Processing file /opt/airflow/dags/isr_pipeline.py for tasks to queue
[2026-04-03T16:39:03.896+0000] {logging_mixin.py:188} INFO - [2026-04-03T16:39:03.895+0000] {dagbag.py:540} INFO - Filling up the DagBag from /opt/airflow/dags/isr_pipeline.py
[2026-04-03T16:39:03.917+0000] {processor.py:840} INFO - DAG(s) 'isr_pipeline' retrieved from /opt/airflow/dags/isr_pipeline.py
[2026-04-03T16:39:03.955+0000] {logging_mixin.py:188} INFO - [2026-04-03T16:39:03.955+0000] {dag.py:3096} INFO - Sync 1 DAGs
[2026-04-03T16:39:04.012+0000] {processor.py:183} INFO - Processing /opt/airflow/dags/isr_pipeline.py took 0.135 seconds
[2026-04-03T16:39:34.219+0000] {processor.py:161} INFO - Started process (PID=49257) to work on /opt/airflow/dags/isr_pipeline.py
[2026-04-03T16:39:34.220+0000] {processor.py:830} INFO - Processing file /opt/airflow/dags/isr_pipeline.py for tasks to queue
[2026-04-03T16:39:34.222+0000] {logging_mixin.py:188} INFO - [2026-04-03T16:39:34.221+0000] {dagbag.py:540} INFO - Filling up the DagBag from /opt/airflow/dags/isr_pipeline.py
[2026-04-03T16:39:34.239+0000] {processor.py:840} INFO - DAG(s) 'isr_pipeline' retrieved from /opt/airflow/dags/isr_pipeline.py
[2026-04-03T16:39:34.275+0000] {logging_mixin.py:188} INFO - [2026-04-03T16:39:34.275+0000] {dag.py:3096} INFO - Sync 1 DAGs
[2026-04-03T16:39:34.314+0000] {processor.py:183} INFO - Processing /opt/airflow/dags/isr_pipeline.py took 0.102 seconds
[2026-04-03T16:40:04.387+0000] {processor.py:161} INFO - Started process (PID=49262) to work on /opt/airflow/dags/isr_pipeline.py
[2026-04-03T16:40:04.388+0000] {processor.py:830} INFO - Processing file /opt/airflow/dags/isr_pipeline.py for tasks to queue
[2026-04-03T16:40:04.389+0000] {logging_mixin.py:188} INFO - [2026-04-03T16:40:04.389+0000] {dagbag.py:540} INFO - Filling up the DagBag from /opt/airflow/dags/isr_pipeline.py
[2026-04-03T16:40:04.407+0000] {processor.py:840} INFO - DAG(s) 'isr_pipeline' retrieved from /opt/airflow/dags/isr_pipeline.py
[2026-04-03T16:40:04.443+0000] {logging_mixin.py:188} INFO - [2026-04-03T16:40:04.443+0000] {dag.py:3096} INFO - Sync 1 DAGs
[2026-04-03T16:40:04.490+0000] {processor.py:183} INFO - Processing /opt/airflow/dags/isr_pipeline.py took 0.113 seconds
[2026-04-03T16:40:34.647+0000] {processor.py:161} INFO - Started process (PID=49267) to work on /opt/airflow/dags/isr_pipeline.py
[2026-04-03T16:40:34.648+0000] {processor.py:830} INFO - Processing file /opt/airflow/dags/isr_pipeline.py for tasks to queue
[2026-04-03T16:40:34.649+0000] {logging_mixin.py:188} INFO - [2026-04-03T16:40:34.649+0000] {dagbag.py:540} INFO - Filling up the DagBag from /opt/airflow/dags/isr_pipeline.py
[2026-04-03T16:40:34.667+0000] {processor.py:840} INFO - DAG(s) 'isr_pipeline' retrieved from /opt/airflow/dags/isr_pipeline.py
[2026-04-03T16:40:34.702+0000] {logging_mixin.py:188} INFO - [2026-04-03T16:40:34.702+0000] {dag.py:3096} INFO - Sync 1 DAGs
[2026-04-03T16:40:34.755+0000] {processor.py:183} INFO - Processing /opt/airflow/dags/isr_pipeline.py took 0.117 seconds
[2026-04-03T16:41:04.835+0000] {processor.py:161} INFO - Started process (PID=49272) to work on /opt/airflow/dags/isr_pipeline.py
[2026-04-03T16:41:04.836+0000] {processor.py:830} INFO - Processing file /opt/airflow/dags/isr_pipeline.py for tasks to queue
[2026-04-03T16:41:04.838+0000] {logging_mixin.py:188} INFO - [2026-04-03T16:41:04.837+0000] {dagbag.py:540} INFO - Filling up the DagBag from /opt/airflow/dags/isr_pipeline.py
[2026-04-03T16:41:04.855+0000] {processor.py:840} INFO - DAG(s) 'isr_pipeline' retrieved from /opt/airflow/dags/isr_pipeline.py
[2026-04-03T16:41:04.892+0000] {logging_mixin.py:188} INFO - [2026-04-03T16:41:04.892+0000] {dag.py:3096} INFO - Sync 1 DAGs
[2026-04-03T16:41:04.936+0000] {processor.py:183} INFO - Processing /opt/airflow/dags/isr_pipeline.py took 0.109 seconds
[2026-04-03T16:41:35.101+0000] {processor.py:161} INFO - Started process (PID=49277) to work on /opt/airflow/dags/isr_pipeline.py
[2026-04-03T16:41:35.103+0000] {processor.py:830} INFO - Processing file /opt/airflow/dags/isr_pipeline.py for tasks to queue
[2026-04-03T16:41:35.106+0000] {logging_mixin.py:188} INFO - [2026-04-03T16:41:35.105+0000] {dagbag.py:540} INFO - Filling up the DagBag from /opt/airflow/dags/isr_pipeline.py
[2026-04-03T16:41:35.175+0000] {processor.py:840} INFO - DAG(s) 'isr_pipeline' retrieved from /opt/airflow/dags/isr_pipeline.py
[2026-04-03T16:41:35.255+0000] {logging_mixin.py:188} INFO - [2026-04-03T16:41:35.254+0000] {dag.py:3096} INFO - Sync 1 DAGs
[2026-04-03T16:41:35.331+0000] {processor.py:183} INFO - Processing /opt/airflow/dags/isr_pipeline.py took 0.241 seconds
[2026-04-03T16:42:05.535+0000] {processor.py:161} INFO - Started process (PID=49282) to work on /opt/airflow/dags/isr_pipeline.py
[2026-04-03T16:42:05.538+0000] {processor.py:830} INFO - Processing file /opt/airflow/dags/isr_pipeline.py for tasks to queue
[2026-04-03T16:42:05.540+0000] {logging_mixin.py:188} INFO - [2026-04-03T16:42:05.540+0000] {dagbag.py:540} INFO - Filling up the DagBag from /opt/airflow/dags/isr_pipeline.py
[2026-04-03T16:42:05.565+0000] {processor.py:840} INFO - DAG(s) 'isr_pipeline' retrieved from /opt/airflow/dags/isr_pipeline.py
[2026-04-03T16:42:05.619+0000] {logging_mixin.py:188} INFO - [2026-04-03T16:42:05.619+0000] {dag.py:3096} INFO - Sync 1 DAGs
[2026-04-03T16:42:05.683+0000] {processor.py:183} INFO - Processing /opt/airflow/dags/isr_pipeline.py took 0.158 seconds
[2026-04-03T16:42:35.750+0000] {processor.py:161} INFO - Started process (PID=49287) to work on /opt/airflow/dags/isr_pipeline.py
[2026-04-03T16:42:35.752+0000] {processor.py:830} INFO - Processing file /opt/airflow/dags/isr_pipeline.py for tasks to queue
[2026-04-03T16:42:35.754+0000] {logging_mixin.py:188} INFO - [2026-04-03T16:42:35.753+0000] {dagbag.py:540} INFO - Filling up the DagBag from /opt/airflow/dags/isr_pipeline.py
[2026-04-03T16:42:35.773+0000] {processor.py:840} INFO - DAG(s) 'isr_pipeline' retrieved from /opt/airflow/dags/isr_pipeline.py
[2026-04-03T16:42:35.813+0000] {logging_mixin.py:188} INFO - [2026-04-03T16:42:35.813+0000] {dag.py:3096} INFO - Sync 1 DAGs
[2026-04-03T16:42:35.858+0000] {processor.py:183} INFO - Processing /opt/airflow/dags/isr_pipeline.py took 0.117 seconds
[2026-04-03T16:43:05.955+0000] {processor.py:161} INFO - Started process (PID=49292) to work on /opt/airflow/dags/isr_pipeline.py
[2026-04-03T16:43:05.956+0000] {processor.py:830} INFO - Processing file /opt/airflow/dags/isr_pipeline.py for tasks to queue
[2026-04-03T16:43:05.958+0000] {logging_mixin.py:188} INFO - [2026-04-03T16:43:05.958+0000] {dagbag.py:540} INFO - Filling up the DagBag from /opt/airflow/dags/isr_pipeline.py
[2026-04-03T16:43:05.977+0000] {processor.py:840} INFO - DAG(s) 'isr_pipeline' retrieved from /opt/airflow/dags/isr_pipeline.py
[2026-04-03T16:43:06.017+0000] {logging_mixin.py:188} INFO - [2026-04-03T16:43:06.016+0000] {dag.py:3096} INFO - Sync 1 DAGs
[2026-04-03T16:43:06.058+0000] {processor.py:183} INFO - Processing /opt/airflow/dags/isr_pipeline.py took 0.111 seconds
[2026-04-03T16:43:36.236+0000] {processor.py:161} INFO - Started process (PID=49297) to work on /opt/airflow/dags/isr_pipeline.py
[2026-04-03T16:43:36.237+0000] {processor.py:830} INFO - Processing file /opt/airflow/dags/isr_pipeline.py for tasks to queue
[2026-04-03T16:43:36.239+0000] {logging_mixin.py:188} INFO - [2026-04-03T16:43:36.238+0000] {dagbag.py:540} INFO - Filling up the DagBag from /opt/airflow/dags/isr_pipeline.py
[2026-04-03T16:43:36.256+0000] {processor.py:840} INFO - DAG(s) 'isr_pipeline' retrieved from /opt/airflow/dags/isr_pipeline.py
[2026-04-03T16:43:36.294+0000] {logging_mixin.py:188} INFO - [2026-04-03T16:43:36.294+0000] {dag.py:3096} INFO - Sync 1 DAGs
[2026-04-03T16:43:36.336+0000] {processor.py:183} INFO - Processing /opt/airflow/dags/isr_pipeline.py took 0.107 seconds
[2026-04-03T16:44:06.404+0000] {processor.py:161} INFO - Started process (PID=49302) to work on /opt/airflow/dags/isr_pipeline.py
[2026-04-03T16:44:06.405+0000] {processor.py:830} INFO - Processing file /opt/airflow/dags/isr_pipeline.py for tasks to queue
[2026-04-03T16:44:06.406+0000] {logging_mixin.py:188} INFO - [2026-04-03T16:44:06.406+0000] {dagbag.py:540} INFO - Filling up the DagBag from /opt/airflow/dags/isr_pipeline.py
[2026-04-03T16:44:06.424+0000] {processor.py:840} INFO - DAG(s) 'isr_pipeline' retrieved from /opt/airflow/dags/isr_pipeline.py
[2026-04-03T16:44:06.461+0000] {logging_mixin.py:188} INFO - [2026-04-03T16:44:06.461+0000] {dag.py:3096} INFO - Sync 1 DAGs
[2026-04-03T16:44:06.502+0000] {processor.py:183} INFO - Processing /opt/airflow/dags/isr_pipeline.py took 0.106 seconds
[2026-04-03T16:44:36.645+0000] {processor.py:161} INFO - Started process (PID=49307) to work on /opt/airflow/dags/isr_pipeline.py
[2026-04-03T16:44:36.646+0000] {processor.py:830} INFO - Processing file /opt/airflow/dags/isr_pipeline.py for tasks to queue
[2026-04-03T16:44:36.648+0000] {logging_mixin.py:188} INFO - [2026-04-03T16:44:36.647+0000] {dagbag.py:540} INFO - Filling up the DagBag from /opt/airflow/dags/isr_pipeline.py
[2026-04-03T16:44:36.665+0000] {processor.py:840} INFO - DAG(s) 'isr_pipeline' retrieved from /opt/airflow/dags/isr_pipeline.py
[2026-04-03T16:44:36.702+0000] {logging_mixin.py:188} INFO - [2026-04-03T16:44:36.702+0000] {dag.py:3096} INFO - Sync 1 DAGs
[2026-04-03T16:44:36.744+0000] {processor.py:183} INFO - Processing /opt/airflow/dags/isr_pipeline.py took 0.107 seconds
[2026-04-03T16:45:06.828+0000] {processor.py:161} INFO - Started process (PID=49312) to work on /opt/airflow/dags/isr_pipeline.py
[2026-04-03T16:45:06.829+0000] {processor.py:830} INFO - Processing file /opt/airflow/dags/isr_pipeline.py for tasks to queue
[2026-04-03T16:45:06.831+0000] {logging_mixin.py:188} INFO - [2026-04-03T16:45:06.830+0000] {dagbag.py:540} INFO - Filling up the DagBag from /opt/airflow/dags/isr_pipeline.py
[2026-04-03T16:45:06.849+0000] {processor.py:840} INFO - DAG(s) 'isr_pipeline' retrieved from /opt/airflow/dags/isr_pipeline.py
[2026-04-03T16:45:06.885+0000] {logging_mixin.py:188} INFO - [2026-04-03T16:45:06.885+0000] {dag.py:3096} INFO - Sync 1 DAGs
[2026-04-03T16:45:06.925+0000] {processor.py:183} INFO - Processing /opt/airflow/dags/isr_pipeline.py took 0.105 seconds
[2026-04-03T16:45:37.083+0000] {processor.py:161} INFO - Started process (PID=49317) to work on /opt/airflow/dags/isr_pipeline.py
[2026-04-03T16:45:37.085+0000] {processor.py:830} INFO - Processing file /opt/airflow/dags/isr_pipeline.py for tasks to queue
[2026-04-03T16:45:37.086+0000] {logging_mixin.py:188} INFO - [2026-04-03T16:45:37.086+0000] {dagbag.py:540} INFO - Filling up the DagBag from /opt/airflow/dags/isr_pipeline.py
[2026-04-03T16:45:37.104+0000] {processor.py:840} INFO - DAG(s) 'isr_pipeline' retrieved from /opt/airflow/dags/isr_pipeline.py
[2026-04-03T16:45:37.140+0000] {logging_mixin.py:188} INFO - [2026-04-03T16:45:37.139+0000] {dag.py:3096} INFO - Sync 1 DAGs
[2026-04-03T16:45:37.180+0000] {processor.py:183} INFO - Processing /opt/airflow/dags/isr_pipeline.py took 0.105 seconds
[2026-04-03T16:46:07.273+0000] {processor.py:161} INFO - Started process (PID=49322) to work on /opt/airflow/dags/isr_pipeline.py
[2026-04-03T16:46:07.275+0000] {processor.py:830} INFO - Processing file /opt/airflow/dags/isr_pipeline.py for tasks to queue
[2026-04-03T16:46:07.276+0000] {logging_mixin.py:188} INFO - [2026-04-03T16:46:07.276+0000] {dagbag.py:540} INFO - Filling up the DagBag from /opt/airflow/dags/isr_pipeline.py
[2026-04-03T16:46:07.294+0000] {processor.py:840} INFO - DAG(s) 'isr_pipeline' retrieved from /opt/airflow/dags/isr_pipeline.py
[2026-04-03T16:46:07.330+0000] {logging_mixin.py:188} INFO - [2026-04-03T16:46:07.329+0000] {dag.py:3096} INFO - Sync 1 DAGs
[2026-04-03T16:46:07.376+0000] {processor.py:183} INFO - Processing /opt/airflow/dags/isr_pipeline.py took 0.110 seconds
[2026-04-03T16:46:37.463+0000] {processor.py:161} INFO - Started process (PID=49327) to work on /opt/airflow/dags/isr_pipeline.py
[2026-04-03T16:46:37.464+0000] {processor.py:830} INFO - Processing file /opt/airflow/dags/isr_pipeline.py for tasks to queue
[2026-04-03T16:46:37.466+0000] {logging_mixin.py:188} INFO - [2026-04-03T16:46:37.465+0000] {dagbag.py:540} INFO - Filling up the DagBag from /opt/airflow/dags/isr_pipeline.py
[2026-04-03T16:46:37.484+0000] {processor.py:840} INFO - DAG(s) 'isr_pipeline' retrieved from /opt/airflow/dags/isr_pipeline.py
[2026-04-03T16:46:37.520+0000] {logging_mixin.py:188} INFO - [2026-04-03T16:46:37.520+0000] {dag.py:3096} INFO - Sync 1 DAGs
[2026-04-03T16:46:37.563+0000] {processor.py:183} INFO - Processing /opt/airflow/dags/isr_pipeline.py took 0.107 seconds
[2026-04-03T16:47:07.664+0000] {processor.py:161} INFO - Started process (PID=49332) to work on /opt/airflow/dags/isr_pipeline.py
[2026-04-03T16:47:07.665+0000] {processor.py:830} INFO - Processing file /opt/airflow/dags/isr_pipeline.py for tasks to queue
[2026-04-03T16:47:07.668+0000] {logging_mixin.py:188} INFO - [2026-04-03T16:47:07.668+0000] {dagbag.py:540} INFO - Filling up the DagBag from /opt/airflow/dags/isr_pipeline.py
[2026-04-03T16:47:07.693+0000] {processor.py:840} INFO - DAG(s) 'isr_pipeline' retrieved from /opt/airflow/dags/isr_pipeline.py
[2026-04-03T16:47:07.748+0000] {logging_mixin.py:188} INFO - [2026-04-03T16:47:07.747+0000] {dag.py:3096} INFO - Sync 1 DAGs
[2026-04-03T16:47:07.820+0000] {processor.py:183} INFO - Processing /opt/airflow/dags/isr_pipeline.py took 0.166 seconds
[2026-04-03T16:47:37.891+0000] {processor.py:161} INFO - Started process (PID=49337) to work on /opt/airflow/dags/isr_pipeline.py
[2026-04-03T16:47:37.893+0000] {processor.py:830} INFO - Processing file /opt/airflow/dags/isr_pipeline.py for tasks to queue
[2026-04-03T16:47:37.894+0000] {logging_mixin.py:188} INFO - [2026-04-03T16:47:37.894+0000] {dagbag.py:540} INFO - Filling up the DagBag from /opt/airflow/dags/isr_pipeline.py
[2026-04-03T16:47:37.912+0000] {processor.py:840} INFO - DAG(s) 'isr_pipeline' retrieved from /opt/airflow/dags/isr_pipeline.py
[2026-04-03T16:47:37.952+0000] {logging_mixin.py:188} INFO - [2026-04-03T16:47:37.951+0000] {dag.py:3096} INFO - Sync 1 DAGs
[2026-04-03T16:47:37.997+0000] {processor.py:183} INFO - Processing /opt/airflow/dags/isr_pipeline.py took 0.114 seconds
[2026-04-03T16:48:08.170+0000] {processor.py:161} INFO - Started process (PID=49342) to work on /opt/airflow/dags/isr_pipeline.py
[2026-04-03T16:48:08.172+0000] {processor.py:830} INFO - Processing file /opt/airflow/dags/isr_pipeline.py for tasks to queue
[2026-04-03T16:48:08.174+0000] {logging_mixin.py:188} INFO - [2026-04-03T16:48:08.173+0000] {dagbag.py:540} INFO - Filling up the DagBag from /opt/airflow/dags/isr_pipeline.py
[2026-04-03T16:48:08.193+0000] {processor.py:840} INFO - DAG(s) 'isr_pipeline' retrieved from /opt/airflow/dags/isr_pipeline.py
[2026-04-03T16:48:08.233+0000] {logging_mixin.py:188} INFO - [2026-04-03T16:48:08.233+0000] {dag.py:3096} INFO - Sync 1 DAGs
[2026-04-03T16:48:08.275+0000] {processor.py:183} INFO - Processing /opt/airflow/dags/isr_pipeline.py took 0.114 seconds
[2026-04-03T16:48:38.336+0000] {processor.py:161} INFO - Started process (PID=49347) to work on /opt/airflow/dags/isr_pipeline.py
[2026-04-03T16:48:38.338+0000] {processor.py:830} INFO - Processing file /opt/airflow/dags/isr_pipeline.py for tasks to queue
[2026-04-03T16:48:38.339+0000] {logging_mixin.py:188} INFO - [2026-04-03T16:48:38.339+0000] {dagbag.py:540} INFO - Filling up the DagBag from /opt/airflow/dags/isr_pipeline.py
[2026-04-03T16:48:38.357+0000] {processor.py:840} INFO - DAG(s) 'isr_pipeline' retrieved from /opt/airflow/dags/isr_pipeline.py
[2026-04-03T16:48:38.393+0000] {logging_mixin.py:188} INFO - [2026-04-03T16:48:38.393+0000] {dag.py:3096} INFO - Sync 1 DAGs
[2026-04-03T16:48:38.432+0000] {processor.py:183} INFO - Processing /opt/airflow/dags/isr_pipeline.py took 0.104 seconds
[2026-04-03T16:49:08.598+0000] {processor.py:161} INFO - Started process (PID=49352) to work on /opt/airflow/dags/isr_pipeline.py
[2026-04-03T16:49:08.599+0000] {processor.py:830} INFO - Processing file /opt/airflow/dags/isr_pipeline.py for tasks to queue
[2026-04-03T16:49:08.601+0000] {logging_mixin.py:188} INFO - [2026-04-03T16:49:08.600+0000] {dagbag.py:540} INFO - Filling up the DagBag from /opt/airflow/dags/isr_pipeline.py
[2026-04-03T16:49:08.617+0000] {processor.py:840} INFO - DAG(s) 'isr_pipeline' retrieved from /opt/airflow/dags/isr_pipeline.py
[2026-04-03T16:49:08.652+0000] {logging_mixin.py:188} INFO - [2026-04-03T16:49:08.652+0000] {dag.py:3096} INFO - Sync 1 DAGs
[2026-04-03T16:49:08.690+0000] {processor.py:183} INFO - Processing /opt/airflow/dags/isr_pipeline.py took 0.100 seconds
[2026-04-03T16:49:38.783+0000] {processor.py:161} INFO - Started process (PID=49357) to work on /opt/airflow/dags/isr_pipeline.py
[2026-04-03T16:49:38.784+0000] {processor.py:830} INFO - Processing file /opt/airflow/dags/isr_pipeline.py for tasks to queue
[2026-04-03T16:49:38.785+0000] {logging_mixin.py:188} INFO - [2026-04-03T16:49:38.785+0000] {dagbag.py:540} INFO - Filling up the DagBag from /opt/airflow/dags/isr_pipeline.py
[2026-04-03T16:49:38.803+0000] {processor.py:840} INFO - DAG(s) 'isr_pipeline' retrieved from /opt/airflow/dags/isr_pipeline.py
[2026-04-03T16:49:38.841+0000] {logging_mixin.py:188} INFO - [2026-04-03T16:49:38.840+0000] {dag.py:3096} INFO - Sync 1 DAGs
[2026-04-03T16:49:38.882+0000] {processor.py:183} INFO - Processing /opt/airflow/dags/isr_pipeline.py took 0.107 seconds
[2026-04-03T16:50:09.051+0000] {processor.py:161} INFO - Started process (PID=49362) to work on /opt/airflow/dags/isr_pipeline.py
[2026-04-03T16:50:09.053+0000] {processor.py:830} INFO - Processing file /opt/airflow/dags/isr_pipeline.py for tasks to queue
[2026-04-03T16:50:09.054+0000] {logging_mixin.py:188} INFO - [2026-04-03T16:50:09.054+0000] {dagbag.py:540} INFO - Filling up the DagBag from /opt/airflow/dags/isr_pipeline.py
[2026-04-03T16:50:09.072+0000] {processor.py:840} INFO - DAG(s) 'isr_pipeline' retrieved from /opt/airflow/dags/isr_pipeline.py
[2026-04-03T16:50:09.107+0000] {logging_mixin.py:188} INFO - [2026-04-03T16:50:09.107+0000] {dag.py:3096} INFO - Sync 1 DAGs
[2026-04-03T16:50:09.145+0000] {processor.py:183} INFO - Processing /opt/airflow/dags/isr_pipeline.py took 0.102 seconds
[2026-04-03T16:50:39.252+0000] {processor.py:161} INFO - Started process (PID=49367) to work on /opt/airflow/dags/isr_pipeline.py
[2026-04-03T16:50:39.253+0000] {processor.py:830} INFO - Processing file /opt/airflow/dags/isr_pipeline.py for tasks to queue
[2026-04-03T16:50:39.255+0000] {logging_mixin.py:188} INFO - [2026-04-03T16:50:39.254+0000] {dagbag.py:540} INFO - Filling up the DagBag from /opt/airflow/dags/isr_pipeline.py
[2026-04-03T16:50:39.272+0000] {processor.py:840} INFO - DAG(s) 'isr_pipeline' retrieved from /opt/airflow/dags/isr_pipeline.py
[2026-04-03T16:50:39.309+0000] {logging_mixin.py:188} INFO - [2026-04-03T16:50:39.309+0000] {dag.py:3096} INFO - Sync 1 DAGs
[2026-04-03T16:50:39.351+0000] {processor.py:183} INFO - Processing /opt/airflow/dags/isr_pipeline.py took 0.106 seconds
[2026-04-03T16:51:09.501+0000] {processor.py:161} INFO - Started process (PID=49372) to work on /opt/airflow/dags/isr_pipeline.py
[2026-04-03T16:51:09.502+0000] {processor.py:830} INFO - Processing file /opt/airflow/dags/isr_pipeline.py for tasks to queue
[2026-04-03T16:51:09.503+0000] {logging_mixin.py:188} INFO - [2026-04-03T16:51:09.503+0000] {dagbag.py:540} INFO - Filling up the DagBag from /opt/airflow/dags/isr_pipeline.py
[2026-04-03T16:51:09.520+0000] {processor.py:840} INFO - DAG(s) 'isr_pipeline' retrieved from /opt/airflow/dags/isr_pipeline.py
[2026-04-03T16:51:09.556+0000] {logging_mixin.py:188} INFO - [2026-04-03T16:51:09.556+0000] {dag.py:3096} INFO - Sync 1 DAGs
[2026-04-03T16:51:09.599+0000] {processor.py:183} INFO - Processing /opt/airflow/dags/isr_pipeline.py took 0.106 seconds
[2026-04-03T16:51:39.668+0000] {processor.py:161} INFO - Started process (PID=49377) to work on /opt/airflow/dags/isr_pipeline.py
[2026-04-03T16:51:39.669+0000] {processor.py:830} INFO - Processing file /opt/airflow/dags/isr_pipeline.py for tasks to queue
[2026-04-03T16:51:39.671+0000] {logging_mixin.py:188} INFO - [2026-04-03T16:51:39.670+0000] {dagbag.py:540} INFO - Filling up the DagBag from /opt/airflow/dags/isr_pipeline.py
[2026-04-03T16:51:39.688+0000] {processor.py:840} INFO - DAG(s) 'isr_pipeline' retrieved from /opt/airflow/dags/isr_pipeline.py
[2026-04-03T16:51:39.725+0000] {logging_mixin.py:188} INFO - [2026-04-03T16:51:39.724+0000] {dag.py:3096} INFO - Sync 1 DAGs
[2026-04-03T16:51:39.764+0000] {processor.py:183} INFO - Processing /opt/airflow/dags/isr_pipeline.py took 0.104 seconds
[2026-04-03T16:52:09.953+0000] {processor.py:161} INFO - Started process (PID=49382) to work on /opt/airflow/dags/isr_pipeline.py
[2026-04-03T16:52:09.954+0000] {processor.py:830} INFO - Processing file /opt/airflow/dags/isr_pipeline.py for tasks to queue
[2026-04-03T16:52:09.955+0000] {logging_mixin.py:188} INFO - [2026-04-03T16:52:09.955+0000] {dagbag.py:540} INFO - Filling up the DagBag from /opt/airflow/dags/isr_pipeline.py
[2026-04-03T16:52:09.972+0000] {processor.py:840} INFO - DAG(s) 'isr_pipeline' retrieved from /opt/airflow/dags/isr_pipeline.py
[2026-04-03T16:52:10.008+0000] {logging_mixin.py:188} INFO - [2026-04-03T16:52:10.007+0000] {dag.py:3096} INFO - Sync 1 DAGs
[2026-04-03T16:52:10.048+0000] {processor.py:183} INFO - Processing /opt/airflow/dags/isr_pipeline.py took 0.103 seconds
[2026-04-03T16:52:40.141+0000] {processor.py:161} INFO - Started process (PID=49387) to work on /opt/airflow/dags/isr_pipeline.py
[2026-04-03T16:52:40.143+0000] {processor.py:830} INFO - Processing file /opt/airflow/dags/isr_pipeline.py for tasks to queue
[2026-04-03T16:52:40.144+0000] {logging_mixin.py:188} INFO - [2026-04-03T16:52:40.144+0000] {dagbag.py:540} INFO - Filling up the DagBag from /opt/airflow/dags/isr_pipeline.py
[2026-04-03T16:52:40.162+0000] {processor.py:840} INFO - DAG(s) 'isr_pipeline' retrieved from /opt/airflow/dags/isr_pipeline.py
[2026-04-03T16:52:40.198+0000] {logging_mixin.py:188} INFO - [2026-04-03T16:52:40.198+0000] {dag.py:3096} INFO - Sync 1 DAGs
[2026-04-03T16:52:40.239+0000] {processor.py:183} INFO - Processing /opt/airflow/dags/isr_pipeline.py took 0.106 seconds
[2026-04-03T16:53:10.411+0000] {processor.py:161} INFO - Started process (PID=49392) to work on /opt/airflow/dags/isr_pipeline.py
[2026-04-03T16:53:10.412+0000] {processor.py:830} INFO - Processing file /opt/airflow/dags/isr_pipeline.py for tasks to queue
[2026-04-03T16:53:10.413+0000] {logging_mixin.py:188} INFO - [2026-04-03T16:53:10.413+0000] {dagbag.py:540} INFO - Filling up the DagBag from /opt/airflow/dags/isr_pipeline.py
[2026-04-03T16:53:10.431+0000] {processor.py:840} INFO - DAG(s) 'isr_pipeline' retrieved from /opt/airflow/dags/isr_pipeline.py
[2026-04-03T16:53:10.466+0000] {logging_mixin.py:188} INFO - [2026-04-03T16:53:10.466+0000] {dag.py:3096} INFO - Sync 1 DAGs
[2026-04-03T16:53:10.508+0000] {processor.py:183} INFO - Processing /opt/airflow/dags/isr_pipeline.py took 0.106 seconds
[2026-04-03T16:53:40.575+0000] {processor.py:161} INFO - Started process (PID=49397) to work on /opt/airflow/dags/isr_pipeline.py
[2026-04-03T16:53:40.577+0000] {processor.py:830} INFO - Processing file /opt/airflow/dags/isr_pipeline.py for tasks to queue
[2026-04-03T16:53:40.578+0000] {logging_mixin.py:188} INFO - [2026-04-03T16:53:40.578+0000] {dagbag.py:540} INFO - Filling up the DagBag from /opt/airflow/dags/isr_pipeline.py
[2026-04-03T16:53:40.596+0000] {processor.py:840} INFO - DAG(s) 'isr_pipeline' retrieved from /opt/airflow/dags/isr_pipeline.py
[2026-04-03T16:53:40.632+0000] {logging_mixin.py:188} INFO - [2026-04-03T16:53:40.632+0000] {dag.py:3096} INFO - Sync 1 DAGs
[2026-04-03T16:53:40.673+0000] {processor.py:183} INFO - Processing /opt/airflow/dags/isr_pipeline.py took 0.107 seconds
[2026-04-03T16:54:10.834+0000] {processor.py:161} INFO - Started process (PID=49402) to work on /opt/airflow/dags/isr_pipeline.py
[2026-04-03T16:54:10.836+0000] {processor.py:830} INFO - Processing file /opt/airflow/dags/isr_pipeline.py for tasks to queue
[2026-04-03T16:54:10.837+0000] {logging_mixin.py:188} INFO - [2026-04-03T16:54:10.837+0000] {dagbag.py:540} INFO - Filling up the DagBag from /opt/airflow/dags/isr_pipeline.py
[2026-04-03T16:54:10.855+0000] {processor.py:840} INFO - DAG(s) 'isr_pipeline' retrieved from /opt/airflow/dags/isr_pipeline.py
[2026-04-03T16:54:10.890+0000] {logging_mixin.py:188} INFO - [2026-04-03T16:54:10.890+0000] {dag.py:3096} INFO - Sync 1 DAGs
[2026-04-03T16:54:10.932+0000] {processor.py:183} INFO - Processing /opt/airflow/dags/isr_pipeline.py took 0.105 seconds
[2026-04-03T16:54:40.986+0000] {processor.py:161} INFO - Started process (PID=49407) to work on /opt/airflow/dags/isr_pipeline.py
[2026-04-03T16:54:40.987+0000] {processor.py:830} INFO - Processing file /opt/airflow/dags/isr_pipeline.py for tasks to queue
[2026-04-03T16:54:40.988+0000] {logging_mixin.py:188} INFO - [2026-04-03T16:54:40.988+0000] {dagbag.py:540} INFO - Filling up the DagBag from /opt/airflow/dags/isr_pipeline.py
[2026-04-03T16:54:41.007+0000] {processor.py:840} INFO - DAG(s) 'isr_pipeline' retrieved from /opt/airflow/dags/isr_pipeline.py
[2026-04-03T16:54:41.046+0000] {logging_mixin.py:188} INFO - [2026-04-03T16:54:41.045+0000] {dag.py:3096} INFO - Sync 1 DAGs
[2026-04-03T16:54:41.087+0000] {processor.py:183} INFO - Processing /opt/airflow/dags/isr_pipeline.py took 0.109 seconds
[2026-04-03T16:55:11.235+0000] {processor.py:161} INFO - Started process (PID=49412) to work on /opt/airflow/dags/isr_pipeline.py
[2026-04-03T16:55:11.237+0000] {processor.py:830} INFO - Processing file /opt/airflow/dags/isr_pipeline.py for tasks to queue
[2026-04-03T16:55:11.238+0000] {logging_mixin.py:188} INFO - [2026-04-03T16:55:11.238+0000] {dagbag.py:540} INFO - Filling up the DagBag from /opt/airflow/dags/isr_pipeline.py
[2026-04-03T16:55:11.256+0000] {processor.py:840} INFO - DAG(s) 'isr_pipeline' retrieved from /opt/airflow/dags/isr_pipeline.py
[2026-04-03T16:55:11.293+0000] {logging_mixin.py:188} INFO - [2026-04-03T16:55:11.293+0000] {dag.py:3096} INFO - Sync 1 DAGs
[2026-04-03T16:55:11.337+0000] {processor.py:183} INFO - Processing /opt/airflow/dags/isr_pipeline.py took 0.109 seconds
[2026-04-03T16:55:41.395+0000] {processor.py:161} INFO - Started process (PID=49417) to work on /opt/airflow/dags/isr_pipeline.py
[2026-04-03T16:55:41.396+0000] {processor.py:830} INFO - Processing file /opt/airflow/dags/isr_pipeline.py for tasks to queue
[2026-04-03T16:55:41.398+0000] {logging_mixin.py:188} INFO - [2026-04-03T16:55:41.398+0000] {dagbag.py:540} INFO - Filling up the DagBag from /opt/airflow/dags/isr_pipeline.py
[2026-04-03T16:55:41.418+0000] {processor.py:840} INFO - DAG(s) 'isr_pipeline' retrieved from /opt/airflow/dags/isr_pipeline.py
[2026-04-03T16:55:41.458+0000] {logging_mixin.py:188} INFO - [2026-04-03T16:55:41.457+0000] {dag.py:3096} INFO - Sync 1 DAGs
[2026-04-03T16:55:41.528+0000] {processor.py:183} INFO - Processing /opt/airflow/dags/isr_pipeline.py took 0.141 seconds
[2026-04-03T16:56:11.679+0000] {processor.py:161} INFO - Started process (PID=49422) to work on /opt/airflow/dags/isr_pipeline.py
[2026-04-03T16:56:11.680+0000] {processor.py:830} INFO - Processing file /opt/airflow/dags/isr_pipeline.py for tasks to queue
[2026-04-03T16:56:11.682+0000] {logging_mixin.py:188} INFO - [2026-04-03T16:56:11.681+0000] {dagbag.py:540} INFO - Filling up the DagBag from /opt/airflow/dags/isr_pipeline.py
[2026-04-03T16:56:11.699+0000] {processor.py:840} INFO - DAG(s) 'isr_pipeline' retrieved from /opt/airflow/dags/isr_pipeline.py
[2026-04-03T16:56:11.734+0000] {logging_mixin.py:188} INFO - [2026-04-03T16:56:11.734+0000] {dag.py:3096} INFO - Sync 1 DAGs
[2026-04-03T16:56:11.777+0000] {processor.py:183} INFO - Processing /opt/airflow/dags/isr_pipeline.py took 0.105 seconds
[2026-04-03T16:56:41.925+0000] {processor.py:161} INFO - Started process (PID=49427) to work on /opt/airflow/dags/isr_pipeline.py
[2026-04-03T16:56:41.926+0000] {processor.py:830} INFO - Processing file /opt/airflow/dags/isr_pipeline.py for tasks to queue
[2026-04-03T16:56:41.928+0000] {logging_mixin.py:188} INFO - [2026-04-03T16:56:41.927+0000] {dagbag.py:540} INFO - Filling up the DagBag from /opt/airflow/dags/isr_pipeline.py
[2026-04-03T16:56:41.946+0000] {processor.py:840} INFO - DAG(s) 'isr_pipeline' retrieved from /opt/airflow/dags/isr_pipeline.py
[2026-04-03T16:56:41.984+0000] {logging_mixin.py:188} INFO - [2026-04-03T16:56:41.984+0000] {dag.py:3096} INFO - Sync 1 DAGs
[2026-04-03T16:56:42.029+0000] {processor.py:183} INFO - Processing /opt/airflow/dags/isr_pipeline.py took 0.113 seconds
[2026-04-03T16:57:12.179+0000] {processor.py:161} INFO - Started process (PID=49432) to work on /opt/airflow/dags/isr_pipeline.py
[2026-04-03T16:57:12.181+0000] {processor.py:830} INFO - Processing file /opt/airflow/dags/isr_pipeline.py for tasks to queue
[2026-04-03T16:57:12.182+0000] {logging_mixin.py:188} INFO - [2026-04-03T16:57:12.182+0000] {dagbag.py:540} INFO - Filling up the DagBag from /opt/airflow/dags/isr_pipeline.py
[2026-04-03T16:57:12.200+0000] {processor.py:840} INFO - DAG(s) 'isr_pipeline' retrieved from /opt/airflow/dags/isr_pipeline.py
[2026-04-03T16:57:12.237+0000] {logging_mixin.py:188} INFO - [2026-04-03T16:57:12.237+0000] {dag.py:3096} INFO - Sync 1 DAGs
[2026-04-03T16:57:12.278+0000] {processor.py:183} INFO - Processing /opt/airflow/dags/isr_pipeline.py took 0.108 seconds
[2026-04-03T16:57:42.328+0000] {processor.py:161} INFO - Started process (PID=49437) to work on /opt/airflow/dags/isr_pipeline.py
[2026-04-03T16:57:42.333+0000] {processor.py:830} INFO - Processing file /opt/airflow/dags/isr_pipeline.py for tasks to queue
[2026-04-03T16:57:42.339+0000] {logging_mixin.py:188} INFO - [2026-04-03T16:57:42.338+0000] {dagbag.py:540} INFO - Filling up the DagBag from /opt/airflow/dags/isr_pipeline.py
[2026-04-03T16:57:42.359+0000] {processor.py:840} INFO - DAG(s) 'isr_pipeline' retrieved from /opt/airflow/dags/isr_pipeline.py
[2026-04-03T16:57:42.398+0000] {logging_mixin.py:188} INFO - [2026-04-03T16:57:42.398+0000] {dag.py:3096} INFO - Sync 1 DAGs
[2026-04-03T16:57:42.443+0000] {processor.py:183} INFO - Processing /opt/airflow/dags/isr_pipeline.py took 0.123 seconds
[2026-04-03T16:58:12.620+0000] {processor.py:161} INFO - Started process (PID=49442) to work on /opt/airflow/dags/isr_pipeline.py
[2026-04-03T16:58:12.621+0000] {processor.py:830} INFO - Processing file /opt/airflow/dags/isr_pipeline.py for tasks to queue
[2026-04-03T16:58:12.623+0000] {logging_mixin.py:188} INFO - [2026-04-03T16:58:12.622+0000] {dagbag.py:540} INFO - Filling up the DagBag from /opt/airflow/dags/isr_pipeline.py
[2026-04-03T16:58:12.640+0000] {processor.py:840} INFO - DAG(s) 'isr_pipeline' retrieved from /opt/airflow/dags/isr_pipeline.py
[2026-04-03T16:58:12.677+0000] {logging_mixin.py:188} INFO - [2026-04-03T16:58:12.677+0000] {dag.py:3096} INFO - Sync 1 DAGs
[2026-04-03T16:58:12.718+0000] {processor.py:183} INFO - Processing /opt/airflow/dags/isr_pipeline.py took 0.105 seconds
[2026-04-03T16:58:42.794+0000] {processor.py:161} INFO - Started process (PID=49447) to work on /opt/airflow/dags/isr_pipeline.py
[2026-04-03T16:58:42.795+0000] {processor.py:830} INFO - Processing file /opt/airflow/dags/isr_pipeline.py for tasks to queue
[2026-04-03T16:58:42.796+0000] {logging_mixin.py:188} INFO - [2026-04-03T16:58:42.796+0000] {dagbag.py:540} INFO - Filling up the DagBag from /opt/airflow/dags/isr_pipeline.py
[2026-04-03T16:58:42.814+0000] {processor.py:840} INFO - DAG(s) 'isr_pipeline' retrieved from /opt/airflow/dags/isr_pipeline.py
[2026-04-03T16:58:42.849+0000] {logging_mixin.py:188} INFO - [2026-04-03T16:58:42.849+0000] {dag.py:3096} INFO - Sync 1 DAGs
[2026-04-03T16:58:42.890+0000] {processor.py:183} INFO - Processing /opt/airflow/dags/isr_pipeline.py took 0.104 seconds
[2026-04-03T16:59:13.059+0000] {processor.py:161} INFO - Started process (PID=49452) to work on /opt/airflow/dags/isr_pipeline.py
[2026-04-03T16:59:13.060+0000] {processor.py:830} INFO - Processing file /opt/airflow/dags/isr_pipeline.py for tasks to queue
[2026-04-03T16:59:13.061+0000] {logging_mixin.py:188} INFO - [2026-04-03T16:59:13.061+0000] {dagbag.py:540} INFO - Filling up the DagBag from /opt/airflow/dags/isr_pipeline.py
[2026-04-03T16:59:13.082+0000] {processor.py:840} INFO - DAG(s) 'isr_pipeline' retrieved from /opt/airflow/dags/isr_pipeline.py
[2026-04-03T16:59:13.142+0000] {logging_mixin.py:188} INFO - [2026-04-03T16:59:13.141+0000] {dag.py:3096} INFO - Sync 1 DAGs
[2026-04-03T16:59:13.230+0000] {processor.py:183} INFO - Processing /opt/airflow/dags/isr_pipeline.py took 0.179 seconds
[2026-04-03T16:59:43.419+0000] {processor.py:161} INFO - Started process (PID=49457) to work on /opt/airflow/dags/isr_pipeline.py
[2026-04-03T16:59:43.420+0000] {processor.py:830} INFO - Processing file /opt/airflow/dags/isr_pipeline.py for tasks to queue
[2026-04-03T16:59:43.422+0000] {logging_mixin.py:188} INFO - [2026-04-03T16:59:43.421+0000] {dagbag.py:540} INFO - Filling up the DagBag from /opt/airflow/dags/isr_pipeline.py
[2026-04-03T16:59:43.440+0000] {processor.py:840} INFO - DAG(s) 'isr_pipeline' retrieved from /opt/airflow/dags/isr_pipeline.py
[2026-04-03T16:59:43.480+0000] {logging_mixin.py:188} INFO - [2026-04-03T16:59:43.479+0000] {dag.py:3096} INFO - Sync 1 DAGs
[2026-04-03T16:59:43.524+0000] {processor.py:183} INFO - Processing /opt/airflow/dags/isr_pipeline.py took 0.113 seconds
[2026-04-03T17:00:13.582+0000] {processor.py:161} INFO - Started process (PID=49462) to work on /opt/airflow/dags/isr_pipeline.py
[2026-04-03T17:00:13.584+0000] {processor.py:830} INFO - Processing file /opt/airflow/dags/isr_pipeline.py for tasks to queue
[2026-04-03T17:00:13.586+0000] {logging_mixin.py:188} INFO - [2026-04-03T17:00:13.585+0000] {dagbag.py:540} INFO - Filling up the DagBag from /opt/airflow/dags/isr_pipeline.py
[2026-04-03T17:00:13.603+0000] {processor.py:840} INFO - DAG(s) 'isr_pipeline' retrieved from /opt/airflow/dags/isr_pipeline.py
[2026-04-03T17:00:13.639+0000] {logging_mixin.py:188} INFO - [2026-04-03T17:00:13.639+0000] {dag.py:3096} INFO - Sync 1 DAGs
[2026-04-03T17:00:13.682+0000] {processor.py:183} INFO - Processing /opt/airflow/dags/isr_pipeline.py took 0.107 seconds
[2026-04-03T17:00:43.780+0000] {processor.py:161} INFO - Started process (PID=49467) to work on /opt/airflow/dags/isr_pipeline.py
[2026-04-03T17:00:43.781+0000] {processor.py:830} INFO - Processing file /opt/airflow/dags/isr_pipeline.py for tasks to queue
[2026-04-03T17:00:43.782+0000] {logging_mixin.py:188} INFO - [2026-04-03T17:00:43.782+0000] {dagbag.py:540} INFO - Filling up the DagBag from /opt/airflow/dags/isr_pipeline.py
[2026-04-03T17:00:43.801+0000] {processor.py:840} INFO - DAG(s) 'isr_pipeline' retrieved from /opt/airflow/dags/isr_pipeline.py
[2026-04-03T17:00:43.838+0000] {logging_mixin.py:188} INFO - [2026-04-03T17:00:43.837+0000] {dag.py:3096} INFO - Sync 1 DAGs
[2026-04-03T17:00:43.878+0000] {processor.py:183} INFO - Processing /opt/airflow/dags/isr_pipeline.py took 0.106 seconds
[2026-04-03T17:01:13.976+0000] {processor.py:161} INFO - Started process (PID=49472) to work on /opt/airflow/dags/isr_pipeline.py
[2026-04-03T17:01:13.977+0000] {processor.py:830} INFO - Processing file /opt/airflow/dags/isr_pipeline.py for tasks to queue
[2026-04-03T17:01:13.979+0000] {logging_mixin.py:188} INFO - [2026-04-03T17:01:13.978+0000] {dagbag.py:540} INFO - Filling up the DagBag from /opt/airflow/dags/isr_pipeline.py
[2026-04-03T17:01:13.996+0000] {processor.py:840} INFO - DAG(s) 'isr_pipeline' retrieved from /opt/airflow/dags/isr_pipeline.py
[2026-04-03T17:01:14.033+0000] {logging_mixin.py:188} INFO - [2026-04-03T17:01:14.033+0000] {dag.py:3096} INFO - Sync 1 DAGs
[2026-04-03T17:01:14.077+0000] {processor.py:183} INFO - Processing /opt/airflow/dags/isr_pipeline.py took 0.108 seconds
[2026-04-03T17:01:44.186+0000] {processor.py:161} INFO - Started process (PID=49477) to work on /opt/airflow/dags/isr_pipeline.py
[2026-04-03T17:01:44.187+0000] {processor.py:830} INFO - Processing file /opt/airflow/dags/isr_pipeline.py for tasks to queue
[2026-04-03T17:01:44.189+0000] {logging_mixin.py:188} INFO - [2026-04-03T17:01:44.188+0000] {dagbag.py:540} INFO - Filling up the DagBag from /opt/airflow/dags/isr_pipeline.py
[2026-04-03T17:01:44.206+0000] {processor.py:840} INFO - DAG(s) 'isr_pipeline' retrieved from /opt/airflow/dags/isr_pipeline.py
[2026-04-03T17:01:44.246+0000] {logging_mixin.py:188} INFO - [2026-04-03T17:01:44.245+0000] {dag.py:3096} INFO - Sync 1 DAGs
[2026-04-03T17:01:44.289+0000] {processor.py:183} INFO - Processing /opt/airflow/dags/isr_pipeline.py took 0.124 seconds
[2026-04-03T17:02:14.388+0000] {processor.py:161} INFO - Started process (PID=49482) to work on /opt/airflow/dags/isr_pipeline.py
[2026-04-03T17:02:14.390+0000] {processor.py:830} INFO - Processing file /opt/airflow/dags/isr_pipeline.py for tasks to queue
[2026-04-03T17:02:14.391+0000] {logging_mixin.py:188} INFO - [2026-04-03T17:02:14.391+0000] {dagbag.py:540} INFO - Filling up the DagBag from /opt/airflow/dags/isr_pipeline.py
[2026-04-03T17:02:14.413+0000] {processor.py:840} INFO - DAG(s) 'isr_pipeline' retrieved from /opt/airflow/dags/isr_pipeline.py
[2026-04-03T17:02:14.454+0000] {logging_mixin.py:188} INFO - [2026-04-03T17:02:14.453+0000] {dag.py:3096} INFO - Sync 1 DAGs
[2026-04-03T17:02:14.499+0000] {processor.py:183} INFO - Processing /opt/airflow/dags/isr_pipeline.py took 0.119 seconds
[2026-04-03T17:02:44.579+0000] {processor.py:161} INFO - Started process (PID=49487) to work on /opt/airflow/dags/isr_pipeline.py
[2026-04-03T17:02:44.581+0000] {processor.py:830} INFO - Processing file /opt/airflow/dags/isr_pipeline.py for tasks to queue
[2026-04-03T17:02:44.582+0000] {logging_mixin.py:188} INFO - [2026-04-03T17:02:44.582+0000] {dagbag.py:540} INFO - Filling up the DagBag from /opt/airflow/dags/isr_pipeline.py
[2026-04-03T17:02:44.600+0000] {processor.py:840} INFO - DAG(s) 'isr_pipeline' retrieved from /opt/airflow/dags/isr_pipeline.py
[2026-04-03T17:02:44.637+0000] {logging_mixin.py:188} INFO - [2026-04-03T17:02:44.637+0000] {dag.py:3096} INFO - Sync 1 DAGs
[2026-04-03T17:02:44.679+0000] {processor.py:183} INFO - Processing /opt/airflow/dags/isr_pipeline.py took 0.107 seconds
[2026-04-03T17:03:14.814+0000] {processor.py:161} INFO - Started process (PID=49492) to work on /opt/airflow/dags/isr_pipeline.py
[2026-04-03T17:03:14.815+0000] {processor.py:830} INFO - Processing file /opt/airflow/dags/isr_pipeline.py for tasks to queue
[2026-04-03T17:03:14.817+0000] {logging_mixin.py:188} INFO - [2026-04-03T17:03:14.816+0000] {dagbag.py:540} INFO - Filling up the DagBag from /opt/airflow/dags/isr_pipeline.py
[2026-04-03T17:03:14.835+0000] {processor.py:840} INFO - DAG(s) 'isr_pipeline' retrieved from /opt/airflow/dags/isr_pipeline.py
[2026-04-03T17:03:14.871+0000] {logging_mixin.py:188} INFO - [2026-04-03T17:03:14.871+0000] {dag.py:3096} INFO - Sync 1 DAGs
[2026-04-03T17:03:14.912+0000] {processor.py:183} INFO - Processing /opt/airflow/dags/isr_pipeline.py took 0.106 seconds
[2026-04-03T17:03:44.985+0000] {processor.py:161} INFO - Started process (PID=49497) to work on /opt/airflow/dags/isr_pipeline.py
[2026-04-03T17:03:44.986+0000] {processor.py:830} INFO - Processing file /opt/airflow/dags/isr_pipeline.py for tasks to queue
[2026-04-03T17:03:44.988+0000] {logging_mixin.py:188} INFO - [2026-04-03T17:03:44.987+0000] {dagbag.py:540} INFO - Filling up the DagBag from /opt/airflow/dags/isr_pipeline.py
[2026-04-03T17:03:45.006+0000] {processor.py:840} INFO - DAG(s) 'isr_pipeline' retrieved from /opt/airflow/dags/isr_pipeline.py
[2026-04-03T17:03:45.044+0000] {logging_mixin.py:188} INFO - [2026-04-03T17:03:45.044+0000] {dag.py:3096} INFO - Sync 1 DAGs
[2026-04-03T17:03:45.087+0000] {processor.py:183} INFO - Processing /opt/airflow/dags/isr_pipeline.py took 0.110 seconds
[2026-04-03T17:04:15.261+0000] {processor.py:161} INFO - Started process (PID=49502) to work on /opt/airflow/dags/isr_pipeline.py
[2026-04-03T17:04:15.262+0000] {processor.py:830} INFO - Processing file /opt/airflow/dags/isr_pipeline.py for tasks to queue
[2026-04-03T17:04:15.264+0000] {logging_mixin.py:188} INFO - [2026-04-03T17:04:15.263+0000] {dagbag.py:540} INFO - Filling up the DagBag from /opt/airflow/dags/isr_pipeline.py
[2026-04-03T17:04:15.281+0000] {processor.py:840} INFO - DAG(s) 'isr_pipeline' retrieved from /opt/airflow/dags/isr_pipeline.py
[2026-04-03T17:04:15.317+0000] {logging_mixin.py:188} INFO - [2026-04-03T17:04:15.317+0000] {dag.py:3096} INFO - Sync 1 DAGs
[2026-04-03T17:04:15.361+0000] {processor.py:183} INFO - Processing /opt/airflow/dags/isr_pipeline.py took 0.107 seconds
[2026-04-03T17:04:45.433+0000] {processor.py:161} INFO - Started process (PID=49507) to work on /opt/airflow/dags/isr_pipeline.py
[2026-04-03T17:04:45.434+0000] {processor.py:830} INFO - Processing file /opt/airflow/dags/isr_pipeline.py for tasks to queue
[2026-04-03T17:04:45.435+0000] {logging_mixin.py:188} INFO - [2026-04-03T17:04:45.435+0000] {dagbag.py:540} INFO - Filling up the DagBag from /opt/airflow/dags/isr_pipeline.py
[2026-04-03T17:04:45.453+0000] {processor.py:840} INFO - DAG(s) 'isr_pipeline' retrieved from /opt/airflow/dags/isr_pipeline.py
[2026-04-03T17:04:45.489+0000] {logging_mixin.py:188} INFO - [2026-04-03T17:04:45.489+0000] {dag.py:3096} INFO - Sync 1 DAGs
[2026-04-03T17:04:45.528+0000] {processor.py:183} INFO - Processing /opt/airflow/dags/isr_pipeline.py took 0.104 seconds
[2026-04-03T17:05:15.696+0000] {processor.py:161} INFO - Started process (PID=49512) to work on /opt/airflow/dags/isr_pipeline.py
[2026-04-03T17:05:15.697+0000] {processor.py:830} INFO - Processing file /opt/airflow/dags/isr_pipeline.py for tasks to queue
[2026-04-03T17:05:15.698+0000] {logging_mixin.py:188} INFO - [2026-04-03T17:05:15.698+0000] {dagbag.py:540} INFO - Filling up the DagBag from /opt/airflow/dags/isr_pipeline.py
[2026-04-03T17:05:15.716+0000] {processor.py:840} INFO - DAG(s) 'isr_pipeline' retrieved from /opt/airflow/dags/isr_pipeline.py
[2026-04-03T17:05:15.752+0000] {logging_mixin.py:188} INFO - [2026-04-03T17:05:15.752+0000] {dag.py:3096} INFO - Sync 1 DAGs
[2026-04-03T17:05:15.792+0000] {processor.py:183} INFO - Processing /opt/airflow/dags/isr_pipeline.py took 0.104 seconds
[2026-04-03T17:05:45.870+0000] {processor.py:161} INFO - Started process (PID=49517) to work on /opt/airflow/dags/isr_pipeline.py
[2026-04-03T17:05:45.871+0000] {processor.py:830} INFO - Processing file /opt/airflow/dags/isr_pipeline.py for tasks to queue
[2026-04-03T17:05:45.873+0000] {logging_mixin.py:188} INFO - [2026-04-03T17:05:45.873+0000] {dagbag.py:540} INFO - Filling up the DagBag from /opt/airflow/dags/isr_pipeline.py
[2026-04-03T17:05:45.892+0000] {processor.py:840} INFO - DAG(s) 'isr_pipeline' retrieved from /opt/airflow/dags/isr_pipeline.py
[2026-04-03T17:05:45.930+0000] {logging_mixin.py:188} INFO - [2026-04-03T17:05:45.930+0000] {dag.py:3096} INFO - Sync 1 DAGs
[2026-04-03T17:05:45.973+0000] {processor.py:183} INFO - Processing /opt/airflow/dags/isr_pipeline.py took 0.111 seconds
[2026-04-03T17:06:16.157+0000] {processor.py:161} INFO - Started process (PID=49522) to work on /opt/airflow/dags/isr_pipeline.py
[2026-04-03T17:06:16.158+0000] {processor.py:830} INFO - Processing file /opt/airflow/dags/isr_pipeline.py for tasks to queue
[2026-04-03T17:06:16.160+0000] {logging_mixin.py:188} INFO - [2026-04-03T17:06:16.159+0000] {dagbag.py:540} INFO - Filling up the DagBag from /opt/airflow/dags/isr_pipeline.py
[2026-04-03T17:06:16.177+0000] {processor.py:840} INFO - DAG(s) 'isr_pipeline' retrieved from /opt/airflow/dags/isr_pipeline.py
[2026-04-03T17:06:16.213+0000] {logging_mixin.py:188} INFO - [2026-04-03T17:06:16.212+0000] {dag.py:3096} INFO - Sync 1 DAGs
[2026-04-03T17:06:16.255+0000] {processor.py:183} INFO - Processing /opt/airflow/dags/isr_pipeline.py took 0.106 seconds
[2026-04-03T17:06:46.330+0000] {processor.py:161} INFO - Started process (PID=49527) to work on /opt/airflow/dags/isr_pipeline.py
[2026-04-03T17:06:46.331+0000] {processor.py:830} INFO - Processing file /opt/airflow/dags/isr_pipeline.py for tasks to queue
[2026-04-03T17:06:46.332+0000] {logging_mixin.py:188} INFO - [2026-04-03T17:06:46.332+0000] {dagbag.py:540} INFO - Filling up the DagBag from /opt/airflow/dags/isr_pipeline.py
[2026-04-03T17:06:46.350+0000] {processor.py:840} INFO - DAG(s) 'isr_pipeline' retrieved from /opt/airflow/dags/isr_pipeline.py
[2026-04-03T17:06:46.392+0000] {logging_mixin.py:188} INFO - [2026-04-03T17:06:46.391+0000] {dag.py:3096} INFO - Sync 1 DAGs
[2026-04-03T17:06:46.436+0000] {processor.py:183} INFO - Processing /opt/airflow/dags/isr_pipeline.py took 0.114 seconds
[2026-04-03T17:07:16.599+0000] {processor.py:161} INFO - Started process (PID=49532) to work on /opt/airflow/dags/isr_pipeline.py
[2026-04-03T17:07:16.600+0000] {processor.py:830} INFO - Processing file /opt/airflow/dags/isr_pipeline.py for tasks to queue
[2026-04-03T17:07:16.601+0000] {logging_mixin.py:188} INFO - [2026-04-03T17:07:16.601+0000] {dagbag.py:540} INFO - Filling up the DagBag from /opt/airflow/dags/isr_pipeline.py
[2026-04-03T17:07:16.618+0000] {processor.py:840} INFO - DAG(s) 'isr_pipeline' retrieved from /opt/airflow/dags/isr_pipeline.py
[2026-04-03T17:07:16.653+0000] {logging_mixin.py:188} INFO - [2026-04-03T17:07:16.653+0000] {dag.py:3096} INFO - Sync 1 DAGs
[2026-04-03T17:07:16.693+0000] {processor.py:183} INFO - Processing /opt/airflow/dags/isr_pipeline.py took 0.101 seconds
[2026-04-03T17:07:46.771+0000] {processor.py:161} INFO - Started process (PID=49537) to work on /opt/airflow/dags/isr_pipeline.py
[2026-04-03T17:07:46.773+0000] {processor.py:830} INFO - Processing file /opt/airflow/dags/isr_pipeline.py for tasks to queue
[2026-04-03T17:07:46.774+0000] {logging_mixin.py:188} INFO - [2026-04-03T17:07:46.774+0000] {dagbag.py:540} INFO - Filling up the DagBag from /opt/airflow/dags/isr_pipeline.py
[2026-04-03T17:07:46.792+0000] {processor.py:840} INFO - DAG(s) 'isr_pipeline' retrieved from /opt/airflow/dags/isr_pipeline.py
[2026-04-03T17:07:46.829+0000] {logging_mixin.py:188} INFO - [2026-04-03T17:07:46.829+0000] {dag.py:3096} INFO - Sync 1 DAGs
[2026-04-03T17:07:46.870+0000] {processor.py:183} INFO - Processing /opt/airflow/dags/isr_pipeline.py took 0.107 seconds
[2026-04-03T17:08:16.996+0000] {processor.py:161} INFO - Started process (PID=49542) to work on /opt/airflow/dags/isr_pipeline.py
[2026-04-03T17:08:16.997+0000] {processor.py:830} INFO - Processing file /opt/airflow/dags/isr_pipeline.py for tasks to queue
[2026-04-03T17:08:16.999+0000] {logging_mixin.py:188} INFO - [2026-04-03T17:08:16.999+0000] {dagbag.py:540} INFO - Filling up the DagBag from /opt/airflow/dags/isr_pipeline.py
[2026-04-03T17:08:17.019+0000] {processor.py:840} INFO - DAG(s) 'isr_pipeline' retrieved from /opt/airflow/dags/isr_pipeline.py
[2026-04-03T17:08:17.055+0000] {logging_mixin.py:188} INFO - [2026-04-03T17:08:17.055+0000] {dag.py:3096} INFO - Sync 1 DAGs
[2026-04-03T17:08:17.093+0000] {processor.py:183} INFO - Processing /opt/airflow/dags/isr_pipeline.py took 0.104 seconds
[2026-04-03T17:08:47.177+0000] {processor.py:161} INFO - Started process (PID=49547) to work on /opt/airflow/dags/isr_pipeline.py
[2026-04-03T17:08:47.178+0000] {processor.py:830} INFO - Processing file /opt/airflow/dags/isr_pipeline.py for tasks to queue
[2026-04-03T17:08:47.179+0000] {logging_mixin.py:188} INFO - [2026-04-03T17:08:47.179+0000] {dagbag.py:540} INFO - Filling up the DagBag from /opt/airflow/dags/isr_pipeline.py
[2026-04-03T17:08:47.197+0000] {processor.py:840} INFO - DAG(s) 'isr_pipeline' retrieved from /opt/airflow/dags/isr_pipeline.py
[2026-04-03T17:08:47.234+0000] {logging_mixin.py:188} INFO - [2026-04-03T17:08:47.233+0000] {dag.py:3096} INFO - Sync 1 DAGs
[2026-04-03T17:08:47.276+0000] {processor.py:183} INFO - Processing /opt/airflow/dags/isr_pipeline.py took 0.107 seconds
[2026-04-03T17:09:17.426+0000] {processor.py:161} INFO - Started process (PID=49552) to work on /opt/airflow/dags/isr_pipeline.py
[2026-04-03T17:09:17.427+0000] {processor.py:830} INFO - Processing file /opt/airflow/dags/isr_pipeline.py for tasks to queue
[2026-04-03T17:09:17.429+0000] {logging_mixin.py:188} INFO - [2026-04-03T17:09:17.428+0000] {dagbag.py:540} INFO - Filling up the DagBag from /opt/airflow/dags/isr_pipeline.py
[2026-04-03T17:09:17.446+0000] {processor.py:840} INFO - DAG(s) 'isr_pipeline' retrieved from /opt/airflow/dags/isr_pipeline.py
[2026-04-03T17:09:17.481+0000] {logging_mixin.py:188} INFO - [2026-04-03T17:09:17.481+0000] {dag.py:3096} INFO - Sync 1 DAGs
[2026-04-03T17:09:17.521+0000] {processor.py:183} INFO - Processing /opt/airflow/dags/isr_pipeline.py took 0.103 seconds
[2026-04-03T17:09:47.622+0000] {processor.py:161} INFO - Started process (PID=49557) to work on /opt/airflow/dags/isr_pipeline.py
[2026-04-03T17:09:47.623+0000] {processor.py:830} INFO - Processing file /opt/airflow/dags/isr_pipeline.py for tasks to queue
[2026-04-03T17:09:47.625+0000] {logging_mixin.py:188} INFO - [2026-04-03T17:09:47.624+0000] {dagbag.py:540} INFO - Filling up the DagBag from /opt/airflow/dags/isr_pipeline.py
[2026-04-03T17:09:47.642+0000] {processor.py:840} INFO - DAG(s) 'isr_pipeline' retrieved from /opt/airflow/dags/isr_pipeline.py
[2026-04-03T17:09:47.686+0000] {logging_mixin.py:188} INFO - [2026-04-03T17:09:47.686+0000] {dag.py:3096} INFO - Sync 1 DAGs
[2026-04-03T17:09:47.730+0000] {processor.py:183} INFO - Processing /opt/airflow/dags/isr_pipeline.py took 0.116 seconds
[2026-04-03T17:10:17.898+0000] {processor.py:161} INFO - Started process (PID=49562) to work on /opt/airflow/dags/isr_pipeline.py
[2026-04-03T17:10:17.899+0000] {processor.py:830} INFO - Processing file /opt/airflow/dags/isr_pipeline.py for tasks to queue
[2026-04-03T17:10:17.901+0000] {logging_mixin.py:188} INFO - [2026-04-03T17:10:17.900+0000] {dagbag.py:540} INFO - Filling up the DagBag from /opt/airflow/dags/isr_pipeline.py
[2026-04-03T17:10:17.918+0000] {processor.py:840} INFO - DAG(s) 'isr_pipeline' retrieved from /opt/airflow/dags/isr_pipeline.py
[2026-04-03T17:10:17.953+0000] {logging_mixin.py:188} INFO - [2026-04-03T17:10:17.953+0000] {dag.py:3096} INFO - Sync 1 DAGs
[2026-04-03T17:10:17.993+0000] {processor.py:183} INFO - Processing /opt/airflow/dags/isr_pipeline.py took 0.103 seconds
[2026-04-03T17:10:48.090+0000] {processor.py:161} INFO - Started process (PID=49567) to work on /opt/airflow/dags/isr_pipeline.py
[2026-04-03T17:10:48.091+0000] {processor.py:830} INFO - Processing file /opt/airflow/dags/isr_pipeline.py for tasks to queue
[2026-04-03T17:10:48.093+0000] {logging_mixin.py:188} INFO - [2026-04-03T17:10:48.092+0000] {dagbag.py:540} INFO - Filling up the DagBag from /opt/airflow/dags/isr_pipeline.py
[2026-04-03T17:10:48.110+0000] {processor.py:840} INFO - DAG(s) 'isr_pipeline' retrieved from /opt/airflow/dags/isr_pipeline.py
[2026-04-03T17:10:48.145+0000] {logging_mixin.py:188} INFO - [2026-04-03T17:10:48.145+0000] {dag.py:3096} INFO - Sync 1 DAGs
[2026-04-03T17:10:48.184+0000] {processor.py:183} INFO - Processing /opt/airflow/dags/isr_pipeline.py took 0.101 seconds
[2026-04-03T17:11:18.363+0000] {processor.py:161} INFO - Started process (PID=49572) to work on /opt/airflow/dags/isr_pipeline.py
[2026-04-03T17:11:18.364+0000] {processor.py:830} INFO - Processing file /opt/airflow/dags/isr_pipeline.py for tasks to queue
[2026-04-03T17:11:18.366+0000] {logging_mixin.py:188} INFO - [2026-04-03T17:11:18.365+0000] {dagbag.py:540} INFO - Filling up the DagBag from /opt/airflow/dags/isr_pipeline.py
[2026-04-03T17:11:18.383+0000] {processor.py:840} INFO - DAG(s) 'isr_pipeline' retrieved from /opt/airflow/dags/isr_pipeline.py
[2026-04-03T17:11:18.419+0000] {logging_mixin.py:188} INFO - [2026-04-03T17:11:18.419+0000] {dag.py:3096} INFO - Sync 1 DAGs
[2026-04-03T17:11:18.459+0000] {processor.py:183} INFO - Processing /opt/airflow/dags/isr_pipeline.py took 0.104 seconds
[2026-04-03T17:11:48.545+0000] {processor.py:161} INFO - Started process (PID=49577) to work on /opt/airflow/dags/isr_pipeline.py
[2026-04-03T17:11:48.546+0000] {processor.py:830} INFO - Processing file /opt/airflow/dags/isr_pipeline.py for tasks to queue
[2026-04-03T17:11:48.548+0000] {logging_mixin.py:188} INFO - [2026-04-03T17:11:48.547+0000] {dagbag.py:540} INFO - Filling up the DagBag from /opt/airflow/dags/isr_pipeline.py
[2026-04-03T17:11:48.565+0000] {processor.py:840} INFO - DAG(s) 'isr_pipeline' retrieved from /opt/airflow/dags/isr_pipeline.py
[2026-04-03T17:11:48.600+0000] {logging_mixin.py:188} INFO - [2026-04-03T17:11:48.600+0000] {dag.py:3096} INFO - Sync 1 DAGs
[2026-04-03T17:11:48.640+0000] {processor.py:183} INFO - Processing /opt/airflow/dags/isr_pipeline.py took 0.102 seconds
[2026-04-03T17:12:18.941+0000] {processor.py:161} INFO - Started process (PID=49582) to work on /opt/airflow/dags/isr_pipeline.py
[2026-04-03T17:12:18.942+0000] {processor.py:830} INFO - Processing file /opt/airflow/dags/isr_pipeline.py for tasks to queue
[2026-04-03T17:12:18.943+0000] {logging_mixin.py:188} INFO - [2026-04-03T17:12:18.943+0000] {dagbag.py:540} INFO - Filling up the DagBag from /opt/airflow/dags/isr_pipeline.py
[2026-04-03T17:12:18.960+0000] {processor.py:840} INFO - DAG(s) 'isr_pipeline' retrieved from /opt/airflow/dags/isr_pipeline.py
[2026-04-03T17:12:18.996+0000] {logging_mixin.py:188} INFO - [2026-04-03T17:12:18.996+0000] {dag.py:3096} INFO - Sync 1 DAGs
[2026-04-03T17:12:19.035+0000] {processor.py:183} INFO - Processing /opt/airflow/dags/isr_pipeline.py took 0.101 seconds
[2026-04-03T17:12:49.135+0000] {processor.py:161} INFO - Started process (PID=49587) to work on /opt/airflow/dags/isr_pipeline.py
[2026-04-03T17:12:49.136+0000] {processor.py:830} INFO - Processing file /opt/airflow/dags/isr_pipeline.py for tasks to queue
[2026-04-03T17:12:49.138+0000] {logging_mixin.py:188} INFO - [2026-04-03T17:12:49.137+0000] {dagbag.py:540} INFO - Filling up the DagBag from /opt/airflow/dags/isr_pipeline.py
[2026-04-03T17:12:49.155+0000] {processor.py:840} INFO - DAG(s) 'isr_pipeline' retrieved from /opt/airflow/dags/isr_pipeline.py
[2026-04-03T17:12:49.192+0000] {logging_mixin.py:188} INFO - [2026-04-03T17:12:49.191+0000] {dag.py:3096} INFO - Sync 1 DAGs
[2026-04-03T17:12:49.231+0000] {processor.py:183} INFO - Processing /opt/airflow/dags/isr_pipeline.py took 0.104 seconds
[2026-04-03T17:13:19.420+0000] {processor.py:161} INFO - Started process (PID=49592) to work on /opt/airflow/dags/isr_pipeline.py
[2026-04-03T17:13:19.421+0000] {processor.py:830} INFO - Processing file /opt/airflow/dags/isr_pipeline.py for tasks to queue
[2026-04-03T17:13:19.423+0000] {logging_mixin.py:188} INFO - [2026-04-03T17:13:19.423+0000] {dagbag.py:540} INFO - Filling up the DagBag from /opt/airflow/dags/isr_pipeline.py
[2026-04-03T17:13:19.441+0000] {processor.py:840} INFO - DAG(s) 'isr_pipeline' retrieved from /opt/airflow/dags/isr_pipeline.py
[2026-04-03T17:13:19.483+0000] {logging_mixin.py:188} INFO - [2026-04-03T17:13:19.483+0000] {dag.py:3096} INFO - Sync 1 DAGs
[2026-04-03T17:13:19.531+0000] {processor.py:183} INFO - Processing /opt/airflow/dags/isr_pipeline.py took 0.121 seconds
[2026-04-03T17:13:49.617+0000] {processor.py:161} INFO - Started process (PID=49597) to work on /opt/airflow/dags/isr_pipeline.py
[2026-04-03T17:13:49.619+0000] {processor.py:830} INFO - Processing file /opt/airflow/dags/isr_pipeline.py for tasks to queue
[2026-04-03T17:13:49.620+0000] {logging_mixin.py:188} INFO - [2026-04-03T17:13:49.620+0000] {dagbag.py:540} INFO - Filling up the DagBag from /opt/airflow/dags/isr_pipeline.py
[2026-04-03T17:13:49.638+0000] {processor.py:840} INFO - DAG(s) 'isr_pipeline' retrieved from /opt/airflow/dags/isr_pipeline.py
[2026-04-03T17:13:49.678+0000] {logging_mixin.py:188} INFO - [2026-04-03T17:13:49.678+0000] {dag.py:3096} INFO - Sync 1 DAGs
[2026-04-03T17:13:49.725+0000] {processor.py:183} INFO - Processing /opt/airflow/dags/isr_pipeline.py took 0.115 seconds
[2026-04-03T17:14:19.898+0000] {processor.py:161} INFO - Started process (PID=49602) to work on /opt/airflow/dags/isr_pipeline.py
[2026-04-03T17:14:19.900+0000] {processor.py:830} INFO - Processing file /opt/airflow/dags/isr_pipeline.py for tasks to queue
[2026-04-03T17:14:19.901+0000] {logging_mixin.py:188} INFO - [2026-04-03T17:14:19.901+0000] {dagbag.py:540} INFO - Filling up the DagBag from /opt/airflow/dags/isr_pipeline.py
[2026-04-03T17:14:19.919+0000] {processor.py:840} INFO - DAG(s) 'isr_pipeline' retrieved from /opt/airflow/dags/isr_pipeline.py
[2026-04-03T17:14:19.956+0000] {logging_mixin.py:188} INFO - [2026-04-03T17:14:19.956+0000] {dag.py:3096} INFO - Sync 1 DAGs
[2026-04-03T17:14:19.999+0000] {processor.py:183} INFO - Processing /opt/airflow/dags/isr_pipeline.py took 0.108 seconds
[2026-04-03T17:14:50.053+0000] {processor.py:161} INFO - Started process (PID=49607) to work on /opt/airflow/dags/isr_pipeline.py
[2026-04-03T17:14:50.055+0000] {processor.py:830} INFO - Processing file /opt/airflow/dags/isr_pipeline.py for tasks to queue
[2026-04-03T17:14:50.056+0000] {logging_mixin.py:188} INFO - [2026-04-03T17:14:50.056+0000] {dagbag.py:540} INFO - Filling up the DagBag from /opt/airflow/dags/isr_pipeline.py
[2026-04-03T17:14:50.077+0000] {processor.py:840} INFO - DAG(s) 'isr_pipeline' retrieved from /opt/airflow/dags/isr_pipeline.py
[2026-04-03T17:14:50.118+0000] {logging_mixin.py:188} INFO - [2026-04-03T17:14:50.118+0000] {dag.py:3096} INFO - Sync 1 DAGs
[2026-04-03T17:14:50.160+0000] {processor.py:183} INFO - Processing /opt/airflow/dags/isr_pipeline.py took 0.116 seconds
[2026-04-03T17:15:20.327+0000] {processor.py:161} INFO - Started process (PID=49612) to work on /opt/airflow/dags/isr_pipeline.py
[2026-04-03T17:15:20.328+0000] {processor.py:830} INFO - Processing file /opt/airflow/dags/isr_pipeline.py for tasks to queue
[2026-04-03T17:15:20.330+0000] {logging_mixin.py:188} INFO - [2026-04-03T17:15:20.329+0000] {dagbag.py:540} INFO - Filling up the DagBag from /opt/airflow/dags/isr_pipeline.py
[2026-04-03T17:15:20.347+0000] {processor.py:840} INFO - DAG(s) 'isr_pipeline' retrieved from /opt/airflow/dags/isr_pipeline.py
[2026-04-03T17:15:20.383+0000] {logging_mixin.py:188} INFO - [2026-04-03T17:15:20.382+0000] {dag.py:3096} INFO - Sync 1 DAGs
[2026-04-03T17:15:20.423+0000] {processor.py:183} INFO - Processing /opt/airflow/dags/isr_pipeline.py took 0.103 seconds
[2026-04-03T17:15:50.504+0000] {processor.py:161} INFO - Started process (PID=49617) to work on /opt/airflow/dags/isr_pipeline.py
[2026-04-03T17:15:50.505+0000] {processor.py:830} INFO - Processing file /opt/airflow/dags/isr_pipeline.py for tasks to queue
[2026-04-03T17:15:50.506+0000] {logging_mixin.py:188} INFO - [2026-04-03T17:15:50.506+0000] {dagbag.py:540} INFO - Filling up the DagBag from /opt/airflow/dags/isr_pipeline.py
[2026-04-03T17:15:50.523+0000] {processor.py:840} INFO - DAG(s) 'isr_pipeline' retrieved from /opt/airflow/dags/isr_pipeline.py
[2026-04-03T17:15:50.560+0000] {logging_mixin.py:188} INFO - [2026-04-03T17:15:50.560+0000] {dag.py:3096} INFO - Sync 1 DAGs
[2026-04-03T17:15:50.601+0000] {processor.py:183} INFO - Processing /opt/airflow/dags/isr_pipeline.py took 0.105 seconds
[2026-04-03T17:16:20.769+0000] {processor.py:161} INFO - Started process (PID=49622) to work on /opt/airflow/dags/isr_pipeline.py
[2026-04-03T17:16:20.771+0000] {processor.py:830} INFO - Processing file /opt/airflow/dags/isr_pipeline.py for tasks to queue
[2026-04-03T17:16:20.772+0000] {logging_mixin.py:188} INFO - [2026-04-03T17:16:20.772+0000] {dagbag.py:540} INFO - Filling up the DagBag from /opt/airflow/dags/isr_pipeline.py
[2026-04-03T17:16:20.790+0000] {processor.py:840} INFO - DAG(s) 'isr_pipeline' retrieved from /opt/airflow/dags/isr_pipeline.py
[2026-04-03T17:16:20.826+0000] {logging_mixin.py:188} INFO - [2026-04-03T17:16:20.826+0000] {dag.py:3096} INFO - Sync 1 DAGs
[2026-04-03T17:16:20.866+0000] {processor.py:183} INFO - Processing /opt/airflow/dags/isr_pipeline.py took 0.105 seconds
[2026-04-03T17:16:50.944+0000] {processor.py:161} INFO - Started process (PID=49627) to work on /opt/airflow/dags/isr_pipeline.py
[2026-04-03T17:16:50.946+0000] {processor.py:830} INFO - Processing file /opt/airflow/dags/isr_pipeline.py for tasks to queue
[2026-04-03T17:16:50.947+0000] {logging_mixin.py:188} INFO - [2026-04-03T17:16:50.947+0000] {dagbag.py:540} INFO - Filling up the DagBag from /opt/airflow/dags/isr_pipeline.py
[2026-04-03T17:16:50.965+0000] {processor.py:840} INFO - DAG(s) 'isr_pipeline' retrieved from /opt/airflow/dags/isr_pipeline.py
[2026-04-03T17:16:51.002+0000] {logging_mixin.py:188} INFO - [2026-04-03T17:16:51.001+0000] {dag.py:3096} INFO - Sync 1 DAGs
[2026-04-03T17:16:51.043+0000] {processor.py:183} INFO - Processing /opt/airflow/dags/isr_pipeline.py took 0.107 seconds
[2026-04-03T17:17:21.189+0000] {processor.py:161} INFO - Started process (PID=49632) to work on /opt/airflow/dags/isr_pipeline.py
[2026-04-03T17:17:21.190+0000] {processor.py:830} INFO - Processing file /opt/airflow/dags/isr_pipeline.py for tasks to queue
[2026-04-03T17:17:21.191+0000] {logging_mixin.py:188} INFO - [2026-04-03T17:17:21.191+0000] {dagbag.py:540} INFO - Filling up the DagBag from /opt/airflow/dags/isr_pipeline.py
[2026-04-03T17:17:21.209+0000] {processor.py:840} INFO - DAG(s) 'isr_pipeline' retrieved from /opt/airflow/dags/isr_pipeline.py
[2026-04-03T17:17:21.247+0000] {logging_mixin.py:188} INFO - [2026-04-03T17:17:21.246+0000] {dag.py:3096} INFO - Sync 1 DAGs
[2026-04-03T17:17:21.291+0000] {processor.py:183} INFO - Processing /opt/airflow/dags/isr_pipeline.py took 0.110 seconds
[2026-04-03T17:17:51.371+0000] {processor.py:161} INFO - Started process (PID=49637) to work on /opt/airflow/dags/isr_pipeline.py
[2026-04-03T17:17:51.373+0000] {processor.py:830} INFO - Processing file /opt/airflow/dags/isr_pipeline.py for tasks to queue
[2026-04-03T17:17:51.374+0000] {logging_mixin.py:188} INFO - [2026-04-03T17:17:51.374+0000] {dagbag.py:540} INFO - Filling up the DagBag from /opt/airflow/dags/isr_pipeline.py
[2026-04-03T17:17:51.392+0000] {processor.py:840} INFO - DAG(s) 'isr_pipeline' retrieved from /opt/airflow/dags/isr_pipeline.py
[2026-04-03T17:17:51.429+0000] {logging_mixin.py:188} INFO - [2026-04-03T17:17:51.428+0000] {dag.py:3096} INFO - Sync 1 DAGs
[2026-04-03T17:17:51.467+0000] {processor.py:183} INFO - Processing /opt/airflow/dags/isr_pipeline.py took 0.105 seconds
[2026-04-03T17:18:21.600+0000] {processor.py:161} INFO - Started process (PID=49642) to work on /opt/airflow/dags/isr_pipeline.py
[2026-04-03T17:18:21.601+0000] {processor.py:830} INFO - Processing file /opt/airflow/dags/isr_pipeline.py for tasks to queue
[2026-04-03T17:18:21.603+0000] {logging_mixin.py:188} INFO - [2026-04-03T17:18:21.602+0000] {dagbag.py:540} INFO - Filling up the DagBag from /opt/airflow/dags/isr_pipeline.py
[2026-04-03T17:18:21.620+0000] {processor.py:840} INFO - DAG(s) 'isr_pipeline' retrieved from /opt/airflow/dags/isr_pipeline.py
[2026-04-03T17:18:21.654+0000] {logging_mixin.py:188} INFO - [2026-04-03T17:18:21.654+0000] {dag.py:3096} INFO - Sync 1 DAGs
[2026-04-03T17:18:21.693+0000] {processor.py:183} INFO - Processing /opt/airflow/dags/isr_pipeline.py took 0.100 seconds
[2026-04-03T17:18:51.773+0000] {processor.py:161} INFO - Started process (PID=49647) to work on /opt/airflow/dags/isr_pipeline.py
[2026-04-03T17:18:51.774+0000] {processor.py:830} INFO - Processing file /opt/airflow/dags/isr_pipeline.py for tasks to queue
[2026-04-03T17:18:51.776+0000] {logging_mixin.py:188} INFO - [2026-04-03T17:18:51.776+0000] {dagbag.py:540} INFO - Filling up the DagBag from /opt/airflow/dags/isr_pipeline.py
[2026-04-03T17:18:51.795+0000] {processor.py:840} INFO - DAG(s) 'isr_pipeline' retrieved from /opt/airflow/dags/isr_pipeline.py
[2026-04-03T17:18:51.830+0000] {logging_mixin.py:188} INFO - [2026-04-03T17:18:51.829+0000] {dag.py:3096} INFO - Sync 1 DAGs
[2026-04-03T17:18:51.866+0000] {processor.py:183} INFO - Processing /opt/airflow/dags/isr_pipeline.py took 0.102 seconds
[2026-04-03T17:19:22.033+0000] {processor.py:161} INFO - Started process (PID=49652) to work on /opt/airflow/dags/isr_pipeline.py
[2026-04-03T17:19:22.034+0000] {processor.py:830} INFO - Processing file /opt/airflow/dags/isr_pipeline.py for tasks to queue
[2026-04-03T17:19:22.035+0000] {logging_mixin.py:188} INFO - [2026-04-03T17:19:22.035+0000] {dagbag.py:540} INFO - Filling up the DagBag from /opt/airflow/dags/isr_pipeline.py
[2026-04-03T17:19:22.053+0000] {processor.py:840} INFO - DAG(s) 'isr_pipeline' retrieved from /opt/airflow/dags/isr_pipeline.py
[2026-04-03T17:19:22.089+0000] {logging_mixin.py:188} INFO - [2026-04-03T17:19:22.089+0000] {dag.py:3096} INFO - Sync 1 DAGs
[2026-04-03T17:19:22.133+0000] {processor.py:183} INFO - Processing /opt/airflow/dags/isr_pipeline.py took 0.108 seconds
[2026-04-03T17:19:52.227+0000] {processor.py:161} INFO - Started process (PID=49657) to work on /opt/airflow/dags/isr_pipeline.py
[2026-04-03T17:19:52.228+0000] {processor.py:830} INFO - Processing file /opt/airflow/dags/isr_pipeline.py for tasks to queue
[2026-04-03T17:19:52.230+0000] {logging_mixin.py:188} INFO - [2026-04-03T17:19:52.229+0000] {dagbag.py:540} INFO - Filling up the DagBag from /opt/airflow/dags/isr_pipeline.py
[2026-04-03T17:19:52.247+0000] {processor.py:840} INFO - DAG(s) 'isr_pipeline' retrieved from /opt/airflow/dags/isr_pipeline.py
[2026-04-03T17:19:52.282+0000] {logging_mixin.py:188} INFO - [2026-04-03T17:19:52.282+0000] {dag.py:3096} INFO - Sync 1 DAGs
[2026-04-03T17:19:52.321+0000] {processor.py:183} INFO - Processing /opt/airflow/dags/isr_pipeline.py took 0.103 seconds
[2026-04-03T17:20:22.464+0000] {processor.py:161} INFO - Started process (PID=49662) to work on /opt/airflow/dags/isr_pipeline.py
[2026-04-03T17:20:22.465+0000] {processor.py:830} INFO - Processing file /opt/airflow/dags/isr_pipeline.py for tasks to queue
[2026-04-03T17:20:22.466+0000] {logging_mixin.py:188} INFO - [2026-04-03T17:20:22.466+0000] {dagbag.py:540} INFO - Filling up the DagBag from /opt/airflow/dags/isr_pipeline.py
[2026-04-03T17:20:22.485+0000] {processor.py:840} INFO - DAG(s) 'isr_pipeline' retrieved from /opt/airflow/dags/isr_pipeline.py
[2026-04-03T17:20:22.521+0000] {logging_mixin.py:188} INFO - [2026-04-03T17:20:22.521+0000] {dag.py:3096} INFO - Sync 1 DAGs
[2026-04-03T17:20:22.561+0000] {processor.py:183} INFO - Processing /opt/airflow/dags/isr_pipeline.py took 0.105 seconds
[2026-04-03T17:20:52.674+0000] {processor.py:161} INFO - Started process (PID=49667) to work on /opt/airflow/dags/isr_pipeline.py
[2026-04-03T17:20:52.675+0000] {processor.py:830} INFO - Processing file /opt/airflow/dags/isr_pipeline.py for tasks to queue
[2026-04-03T17:20:52.676+0000] {logging_mixin.py:188} INFO - [2026-04-03T17:20:52.676+0000] {dagbag.py:540} INFO - Filling up the DagBag from /opt/airflow/dags/isr_pipeline.py
[2026-04-03T17:20:52.694+0000] {processor.py:840} INFO - DAG(s) 'isr_pipeline' retrieved from /opt/airflow/dags/isr_pipeline.py
[2026-04-03T17:20:52.729+0000] {logging_mixin.py:188} INFO - [2026-04-03T17:20:52.729+0000] {dag.py:3096} INFO - Sync 1 DAGs
[2026-04-03T17:20:52.768+0000] {processor.py:183} INFO - Processing /opt/airflow/dags/isr_pipeline.py took 0.102 seconds
[2026-04-03T17:21:22.957+0000] {processor.py:161} INFO - Started process (PID=49672) to work on /opt/airflow/dags/isr_pipeline.py
[2026-04-03T17:21:22.958+0000] {processor.py:830} INFO - Processing file /opt/airflow/dags/isr_pipeline.py for tasks to queue
[2026-04-03T17:21:22.960+0000] {logging_mixin.py:188} INFO - [2026-04-03T17:21:22.959+0000] {dagbag.py:540} INFO - Filling up the DagBag from /opt/airflow/dags/isr_pipeline.py
[2026-04-03T17:21:22.977+0000] {processor.py:840} INFO - DAG(s) 'isr_pipeline' retrieved from /opt/airflow/dags/isr_pipeline.py
[2026-04-03T17:21:23.012+0000] {logging_mixin.py:188} INFO - [2026-04-03T17:21:23.012+0000] {dag.py:3096} INFO - Sync 1 DAGs
[2026-04-03T17:21:23.051+0000] {processor.py:183} INFO - Processing /opt/airflow/dags/isr_pipeline.py took 0.103 seconds
[2026-04-03T17:21:53.136+0000] {processor.py:161} INFO - Started process (PID=49677) to work on /opt/airflow/dags/isr_pipeline.py
[2026-04-03T17:21:53.138+0000] {processor.py:830} INFO - Processing file /opt/airflow/dags/isr_pipeline.py for tasks to queue
[2026-04-03T17:21:53.139+0000] {logging_mixin.py:188} INFO - [2026-04-03T17:21:53.139+0000] {dagbag.py:540} INFO - Filling up the DagBag from /opt/airflow/dags/isr_pipeline.py
[2026-04-03T17:21:53.156+0000] {processor.py:840} INFO - DAG(s) 'isr_pipeline' retrieved from /opt/airflow/dags/isr_pipeline.py
[2026-04-03T17:21:53.192+0000] {logging_mixin.py:188} INFO - [2026-04-03T17:21:53.192+0000] {dag.py:3096} INFO - Sync 1 DAGs
[2026-04-03T17:21:53.231+0000] {processor.py:183} INFO - Processing /opt/airflow/dags/isr_pipeline.py took 0.104 seconds
[2026-04-03T17:22:23.404+0000] {processor.py:161} INFO - Started process (PID=49682) to work on /opt/airflow/dags/isr_pipeline.py
[2026-04-03T17:22:23.405+0000] {processor.py:830} INFO - Processing file /opt/airflow/dags/isr_pipeline.py for tasks to queue
[2026-04-03T17:22:23.406+0000] {logging_mixin.py:188} INFO - [2026-04-03T17:22:23.406+0000] {dagbag.py:540} INFO - Filling up the DagBag from /opt/airflow/dags/isr_pipeline.py
[2026-04-03T17:22:23.423+0000] {processor.py:840} INFO - DAG(s) 'isr_pipeline' retrieved from /opt/airflow/dags/isr_pipeline.py
[2026-04-03T17:22:23.457+0000] {logging_mixin.py:188} INFO - [2026-04-03T17:22:23.457+0000] {dag.py:3096} INFO - Sync 1 DAGs
[2026-04-03T17:22:23.493+0000] {processor.py:183} INFO - Processing /opt/airflow/dags/isr_pipeline.py took 0.097 seconds
[2026-04-03T17:22:53.583+0000] {processor.py:161} INFO - Started process (PID=49687) to work on /opt/airflow/dags/isr_pipeline.py
[2026-04-03T17:22:53.584+0000] {processor.py:830} INFO - Processing file /opt/airflow/dags/isr_pipeline.py for tasks to queue
[2026-04-03T17:22:53.585+0000] {logging_mixin.py:188} INFO - [2026-04-03T17:22:53.585+0000] {dagbag.py:540} INFO - Filling up the DagBag from /opt/airflow/dags/isr_pipeline.py
[2026-04-03T17:22:53.603+0000] {processor.py:840} INFO - DAG(s) 'isr_pipeline' retrieved from /opt/airflow/dags/isr_pipeline.py
[2026-04-03T17:22:53.639+0000] {logging_mixin.py:188} INFO - [2026-04-03T17:22:53.639+0000] {dag.py:3096} INFO - Sync 1 DAGs
[2026-04-03T17:22:53.655+0000] {processor.py:183} INFO - Processing /opt/airflow/dags/isr_pipeline.py took 0.101 seconds
[2026-04-03T17:23:23.840+0000] {processor.py:161} INFO - Started process (PID=49692) to work on /opt/airflow/dags/isr_pipeline.py
[2026-04-03T17:23:23.842+0000] {processor.py:830} INFO - Processing file /opt/airflow/dags/isr_pipeline.py for tasks to queue
[2026-04-03T17:23:23.844+0000] {logging_mixin.py:188} INFO - [2026-04-03T17:23:23.843+0000] {dagbag.py:540} INFO - Filling up the DagBag from /opt/airflow/dags/isr_pipeline.py
[2026-04-03T17:23:23.861+0000] {processor.py:840} INFO - DAG(s) 'isr_pipeline' retrieved from /opt/airflow/dags/isr_pipeline.py
[2026-04-03T17:23:23.896+0000] {logging_mixin.py:188} INFO - [2026-04-03T17:23:23.896+0000] {dag.py:3096} INFO - Sync 1 DAGs
[2026-04-03T17:23:23.935+0000] {processor.py:183} INFO - Processing /opt/airflow/dags/isr_pipeline.py took 0.103 seconds
[2026-04-03T17:23:54.010+0000] {processor.py:161} INFO - Started process (PID=49697) to work on /opt/airflow/dags/isr_pipeline.py
[2026-04-03T17:23:54.011+0000] {processor.py:830} INFO - Processing file /opt/airflow/dags/isr_pipeline.py for tasks to queue
[2026-04-03T17:23:54.013+0000] {logging_mixin.py:188} INFO - [2026-04-03T17:23:54.012+0000] {dagbag.py:540} INFO - Filling up the DagBag from /opt/airflow/dags/isr_pipeline.py
[2026-04-03T17:23:54.030+0000] {processor.py:840} INFO - DAG(s) 'isr_pipeline' retrieved from /opt/airflow/dags/isr_pipeline.py
[2026-04-03T17:23:54.065+0000] {logging_mixin.py:188} INFO - [2026-04-03T17:23:54.065+0000] {dag.py:3096} INFO - Sync 1 DAGs
[2026-04-03T17:23:54.104+0000] {processor.py:183} INFO - Processing /opt/airflow/dags/isr_pipeline.py took 0.101 seconds
[2026-04-03T17:24:24.280+0000] {processor.py:161} INFO - Started process (PID=49702) to work on /opt/airflow/dags/isr_pipeline.py
[2026-04-03T17:24:24.283+0000] {processor.py:830} INFO - Processing file /opt/airflow/dags/isr_pipeline.py for tasks to queue
[2026-04-03T17:24:24.285+0000] {logging_mixin.py:188} INFO - [2026-04-03T17:24:24.284+0000] {dagbag.py:540} INFO - Filling up the DagBag from /opt/airflow/dags/isr_pipeline.py
[2026-04-03T17:24:24.306+0000] {processor.py:840} INFO - DAG(s) 'isr_pipeline' retrieved from /opt/airflow/dags/isr_pipeline.py
[2026-04-03T17:24:24.349+0000] {logging_mixin.py:188} INFO - [2026-04-03T17:24:24.348+0000] {dag.py:3096} INFO - Sync 1 DAGs
[2026-04-03T17:24:24.386+0000] {processor.py:183} INFO - Processing /opt/airflow/dags/isr_pipeline.py took 0.113 seconds
[2026-04-03T17:24:54.455+0000] {processor.py:161} INFO - Started process (PID=49707) to work on /opt/airflow/dags/isr_pipeline.py
[2026-04-03T17:24:54.456+0000] {processor.py:830} INFO - Processing file /opt/airflow/dags/isr_pipeline.py for tasks to queue
[2026-04-03T17:24:54.458+0000] {logging_mixin.py:188} INFO - [2026-04-03T17:24:54.458+0000] {dagbag.py:540} INFO - Filling up the DagBag from /opt/airflow/dags/isr_pipeline.py
[2026-04-03T17:24:54.482+0000] {processor.py:840} INFO - DAG(s) 'isr_pipeline' retrieved from /opt/airflow/dags/isr_pipeline.py
[2026-04-03T17:24:54.521+0000] {logging_mixin.py:188} INFO - [2026-04-03T17:24:54.521+0000] {dag.py:3096} INFO - Sync 1 DAGs
[2026-04-03T17:24:54.566+0000] {processor.py:183} INFO - Processing /opt/airflow/dags/isr_pipeline.py took 0.118 seconds
[2026-04-03T17:25:24.790+0000] {processor.py:161} INFO - Started process (PID=49712) to work on /opt/airflow/dags/isr_pipeline.py
[2026-04-03T17:25:24.791+0000] {processor.py:830} INFO - Processing file /opt/airflow/dags/isr_pipeline.py for tasks to queue
[2026-04-03T17:25:24.792+0000] {logging_mixin.py:188} INFO - [2026-04-03T17:25:24.792+0000] {dagbag.py:540} INFO - Filling up the DagBag from /opt/airflow/dags/isr_pipeline.py
[2026-04-03T17:25:24.809+0000] {processor.py:840} INFO - DAG(s) 'isr_pipeline' retrieved from /opt/airflow/dags/isr_pipeline.py
[2026-04-03T17:25:24.847+0000] {logging_mixin.py:188} INFO - [2026-04-03T17:25:24.846+0000] {dag.py:3096} INFO - Sync 1 DAGs
[2026-04-03T17:25:24.886+0000] {processor.py:183} INFO - Processing /opt/airflow/dags/isr_pipeline.py took 0.103 seconds
[2026-04-03T17:25:55.049+0000] {processor.py:161} INFO - Started process (PID=49717) to work on /opt/airflow/dags/isr_pipeline.py
[2026-04-03T17:25:55.051+0000] {processor.py:830} INFO - Processing file /opt/airflow/dags/isr_pipeline.py for tasks to queue
[2026-04-03T17:25:55.052+0000] {logging_mixin.py:188} INFO - [2026-04-03T17:25:55.052+0000] {dagbag.py:540} INFO - Filling up the DagBag from /opt/airflow/dags/isr_pipeline.py
[2026-04-03T17:25:55.069+0000] {processor.py:840} INFO - DAG(s) 'isr_pipeline' retrieved from /opt/airflow/dags/isr_pipeline.py
[2026-04-03T17:25:55.107+0000] {logging_mixin.py:188} INFO - [2026-04-03T17:25:55.107+0000] {dag.py:3096} INFO - Sync 1 DAGs
[2026-04-03T17:25:55.147+0000] {processor.py:183} INFO - Processing /opt/airflow/dags/isr_pipeline.py took 0.105 seconds
[2026-04-03T17:26:25.338+0000] {processor.py:161} INFO - Started process (PID=49722) to work on /opt/airflow/dags/isr_pipeline.py
[2026-04-03T17:26:25.339+0000] {processor.py:830} INFO - Processing file /opt/airflow/dags/isr_pipeline.py for tasks to queue
[2026-04-03T17:26:25.341+0000] {logging_mixin.py:188} INFO - [2026-04-03T17:26:25.340+0000] {dagbag.py:540} INFO - Filling up the DagBag from /opt/airflow/dags/isr_pipeline.py
[2026-04-03T17:26:25.357+0000] {processor.py:840} INFO - DAG(s) 'isr_pipeline' retrieved from /opt/airflow/dags/isr_pipeline.py
[2026-04-03T17:26:25.391+0000] {logging_mixin.py:188} INFO - [2026-04-03T17:26:25.391+0000] {dag.py:3096} INFO - Sync 1 DAGs
[2026-04-03T17:26:25.424+0000] {processor.py:183} INFO - Processing /opt/airflow/dags/isr_pipeline.py took 0.093 seconds
[2026-04-03T17:26:55.555+0000] {processor.py:161} INFO - Started process (PID=49727) to work on /opt/airflow/dags/isr_pipeline.py
[2026-04-03T17:26:55.557+0000] {processor.py:830} INFO - Processing file /opt/airflow/dags/isr_pipeline.py for tasks to queue
[2026-04-03T17:26:55.558+0000] {logging_mixin.py:188} INFO - [2026-04-03T17:26:55.558+0000] {dagbag.py:540} INFO - Filling up the DagBag from /opt/airflow/dags/isr_pipeline.py
[2026-04-03T17:26:55.576+0000] {processor.py:840} INFO - DAG(s) 'isr_pipeline' retrieved from /opt/airflow/dags/isr_pipeline.py
[2026-04-03T17:26:55.614+0000] {logging_mixin.py:188} INFO - [2026-04-03T17:26:55.614+0000] {dag.py:3096} INFO - Sync 1 DAGs
[2026-04-03T17:26:55.651+0000] {processor.py:183} INFO - Processing /opt/airflow/dags/isr_pipeline.py took 0.104 seconds
[2026-04-03T17:27:25.845+0000] {processor.py:161} INFO - Started process (PID=49732) to work on /opt/airflow/dags/isr_pipeline.py
[2026-04-03T17:27:25.847+0000] {processor.py:830} INFO - Processing file /opt/airflow/dags/isr_pipeline.py for tasks to queue
[2026-04-03T17:27:25.849+0000] {logging_mixin.py:188} INFO - [2026-04-03T17:27:25.848+0000] {dagbag.py:540} INFO - Filling up the DagBag from /opt/airflow/dags/isr_pipeline.py
[2026-04-03T17:27:25.870+0000] {processor.py:840} INFO - DAG(s) 'isr_pipeline' retrieved from /opt/airflow/dags/isr_pipeline.py
[2026-04-03T17:27:25.909+0000] {logging_mixin.py:188} INFO - [2026-04-03T17:27:25.908+0000] {dag.py:3096} INFO - Sync 1 DAGs
[2026-04-03T17:27:25.950+0000] {processor.py:183} INFO - Processing /opt/airflow/dags/isr_pipeline.py took 0.112 seconds
[2026-04-03T17:27:56.058+0000] {processor.py:161} INFO - Started process (PID=49737) to work on /opt/airflow/dags/isr_pipeline.py
[2026-04-03T17:27:56.059+0000] {processor.py:830} INFO - Processing file /opt/airflow/dags/isr_pipeline.py for tasks to queue
[2026-04-03T17:27:56.061+0000] {logging_mixin.py:188} INFO - [2026-04-03T17:27:56.060+0000] {dagbag.py:540} INFO - Filling up the DagBag from /opt/airflow/dags/isr_pipeline.py
[2026-04-03T17:27:56.078+0000] {processor.py:840} INFO - DAG(s) 'isr_pipeline' retrieved from /opt/airflow/dags/isr_pipeline.py
[2026-04-03T17:27:56.116+0000] {logging_mixin.py:188} INFO - [2026-04-03T17:27:56.116+0000] {dag.py:3096} INFO - Sync 1 DAGs
[2026-04-03T17:27:56.155+0000] {processor.py:183} INFO - Processing /opt/airflow/dags/isr_pipeline.py took 0.106 seconds
[2026-04-03T17:28:26.383+0000] {processor.py:161} INFO - Started process (PID=49742) to work on /opt/airflow/dags/isr_pipeline.py
[2026-04-03T17:28:26.384+0000] {processor.py:830} INFO - Processing file /opt/airflow/dags/isr_pipeline.py for tasks to queue
[2026-04-03T17:28:26.386+0000] {logging_mixin.py:188} INFO - [2026-04-03T17:28:26.386+0000] {dagbag.py:540} INFO - Filling up the DagBag from /opt/airflow/dags/isr_pipeline.py
[2026-04-03T17:28:26.408+0000] {processor.py:840} INFO - DAG(s) 'isr_pipeline' retrieved from /opt/airflow/dags/isr_pipeline.py
[2026-04-03T17:28:26.444+0000] {logging_mixin.py:188} INFO - [2026-04-03T17:28:26.444+0000] {dag.py:3096} INFO - Sync 1 DAGs
[2026-04-03T17:28:26.487+0000] {processor.py:183} INFO - Processing /opt/airflow/dags/isr_pipeline.py took 0.111 seconds
[2026-04-03T17:28:56.641+0000] {processor.py:161} INFO - Started process (PID=49747) to work on /opt/airflow/dags/isr_pipeline.py
[2026-04-03T17:28:56.642+0000] {processor.py:830} INFO - Processing file /opt/airflow/dags/isr_pipeline.py for tasks to queue
[2026-04-03T17:28:56.643+0000] {logging_mixin.py:188} INFO - [2026-04-03T17:28:56.643+0000] {dagbag.py:540} INFO - Filling up the DagBag from /opt/airflow/dags/isr_pipeline.py
[2026-04-03T17:28:56.662+0000] {processor.py:840} INFO - DAG(s) 'isr_pipeline' retrieved from /opt/airflow/dags/isr_pipeline.py
[2026-04-03T17:28:56.697+0000] {logging_mixin.py:188} INFO - [2026-04-03T17:28:56.697+0000] {dag.py:3096} INFO - Sync 1 DAGs
[2026-04-03T17:28:56.733+0000] {processor.py:183} INFO - Processing /opt/airflow/dags/isr_pipeline.py took 0.100 seconds
[2026-04-03T17:29:26.918+0000] {processor.py:161} INFO - Started process (PID=49752) to work on /opt/airflow/dags/isr_pipeline.py
[2026-04-03T17:29:26.919+0000] {processor.py:830} INFO - Processing file /opt/airflow/dags/isr_pipeline.py for tasks to queue
[2026-04-03T17:29:26.920+0000] {logging_mixin.py:188} INFO - [2026-04-03T17:29:26.920+0000] {dagbag.py:540} INFO - Filling up the DagBag from /opt/airflow/dags/isr_pipeline.py
[2026-04-03T17:29:26.937+0000] {processor.py:840} INFO - DAG(s) 'isr_pipeline' retrieved from /opt/airflow/dags/isr_pipeline.py
[2026-04-03T17:29:26.976+0000] {logging_mixin.py:188} INFO - [2026-04-03T17:29:26.976+0000] {dag.py:3096} INFO - Sync 1 DAGs
[2026-04-03T17:29:27.019+0000] {processor.py:183} INFO - Processing /opt/airflow/dags/isr_pipeline.py took 0.110 seconds
[2026-04-03T17:29:57.083+0000] {processor.py:161} INFO - Started process (PID=49757) to work on /opt/airflow/dags/isr_pipeline.py
[2026-04-03T17:29:57.084+0000] {processor.py:830} INFO - Processing file /opt/airflow/dags/isr_pipeline.py for tasks to queue
[2026-04-03T17:29:57.086+0000] {logging_mixin.py:188} INFO - [2026-04-03T17:29:57.085+0000] {dagbag.py:540} INFO - Filling up the DagBag from /opt/airflow/dags/isr_pipeline.py
[2026-04-03T17:29:57.104+0000] {processor.py:840} INFO - DAG(s) 'isr_pipeline' retrieved from /opt/airflow/dags/isr_pipeline.py
[2026-04-03T17:29:57.142+0000] {logging_mixin.py:188} INFO - [2026-04-03T17:29:57.142+0000] {dag.py:3096} INFO - Sync 1 DAGs
[2026-04-03T17:29:57.182+0000] {processor.py:183} INFO - Processing /opt/airflow/dags/isr_pipeline.py took 0.106 seconds
[2026-04-03T17:30:27.267+0000] {processor.py:161} INFO - Started process (PID=49762) to work on /opt/airflow/dags/isr_pipeline.py
[2026-04-03T17:30:27.268+0000] {processor.py:830} INFO - Processing file /opt/airflow/dags/isr_pipeline.py for tasks to queue
[2026-04-03T17:30:27.270+0000] {logging_mixin.py:188} INFO - [2026-04-03T17:30:27.269+0000] {dagbag.py:540} INFO - Filling up the DagBag from /opt/airflow/dags/isr_pipeline.py
[2026-04-03T17:30:27.287+0000] {processor.py:840} INFO - DAG(s) 'isr_pipeline' retrieved from /opt/airflow/dags/isr_pipeline.py
[2026-04-03T17:30:27.325+0000] {logging_mixin.py:188} INFO - [2026-04-03T17:30:27.324+0000] {dag.py:3096} INFO - Sync 1 DAGs
[2026-04-03T17:30:27.368+0000] {processor.py:183} INFO - Processing /opt/airflow/dags/isr_pipeline.py took 0.109 seconds
[2026-04-03T17:30:57.523+0000] {processor.py:161} INFO - Started process (PID=49767) to work on /opt/airflow/dags/isr_pipeline.py
[2026-04-03T17:30:57.524+0000] {processor.py:830} INFO - Processing file /opt/airflow/dags/isr_pipeline.py for tasks to queue
[2026-04-03T17:30:57.526+0000] {logging_mixin.py:188} INFO - [2026-04-03T17:30:57.526+0000] {dagbag.py:540} INFO - Filling up the DagBag from /opt/airflow/dags/isr_pipeline.py
[2026-04-03T17:30:57.544+0000] {processor.py:840} INFO - DAG(s) 'isr_pipeline' retrieved from /opt/airflow/dags/isr_pipeline.py
[2026-04-03T17:30:57.580+0000] {logging_mixin.py:188} INFO - [2026-04-03T17:30:57.580+0000] {dag.py:3096} INFO - Sync 1 DAGs
[2026-04-03T17:30:57.624+0000] {processor.py:183} INFO - Processing /opt/airflow/dags/isr_pipeline.py took 0.108 seconds
[2026-04-03T17:31:27.692+0000] {processor.py:161} INFO - Started process (PID=49772) to work on /opt/airflow/dags/isr_pipeline.py
[2026-04-03T17:31:27.693+0000] {processor.py:830} INFO - Processing file /opt/airflow/dags/isr_pipeline.py for tasks to queue
[2026-04-03T17:31:27.695+0000] {logging_mixin.py:188} INFO - [2026-04-03T17:31:27.694+0000] {dagbag.py:540} INFO - Filling up the DagBag from /opt/airflow/dags/isr_pipeline.py
[2026-04-03T17:31:27.713+0000] {processor.py:840} INFO - DAG(s) 'isr_pipeline' retrieved from /opt/airflow/dags/isr_pipeline.py
[2026-04-03T17:31:27.751+0000] {logging_mixin.py:188} INFO - [2026-04-03T17:31:27.751+0000] {dag.py:3096} INFO - Sync 1 DAGs
[2026-04-03T17:31:27.792+0000] {processor.py:183} INFO - Processing /opt/airflow/dags/isr_pipeline.py took 0.109 seconds
[2026-04-03T17:31:57.922+0000] {processor.py:161} INFO - Started process (PID=49777) to work on /opt/airflow/dags/isr_pipeline.py
[2026-04-03T17:31:57.923+0000] {processor.py:830} INFO - Processing file /opt/airflow/dags/isr_pipeline.py for tasks to queue
[2026-04-03T17:31:57.924+0000] {logging_mixin.py:188} INFO - [2026-04-03T17:31:57.924+0000] {dagbag.py:540} INFO - Filling up the DagBag from /opt/airflow/dags/isr_pipeline.py
[2026-04-03T17:31:57.942+0000] {processor.py:840} INFO - DAG(s) 'isr_pipeline' retrieved from /opt/airflow/dags/isr_pipeline.py
[2026-04-03T17:31:57.978+0000] {logging_mixin.py:188} INFO - [2026-04-03T17:31:57.977+0000] {dag.py:3096} INFO - Sync 1 DAGs
[2026-04-03T17:31:58.018+0000] {processor.py:183} INFO - Processing /opt/airflow/dags/isr_pipeline.py took 0.105 seconds
[2026-04-03T17:32:28.107+0000] {processor.py:161} INFO - Started process (PID=49782) to work on /opt/airflow/dags/isr_pipeline.py
[2026-04-03T17:32:28.109+0000] {processor.py:830} INFO - Processing file /opt/airflow/dags/isr_pipeline.py for tasks to queue
[2026-04-03T17:32:28.110+0000] {logging_mixin.py:188} INFO - [2026-04-03T17:32:28.110+0000] {dagbag.py:540} INFO - Filling up the DagBag from /opt/airflow/dags/isr_pipeline.py
[2026-04-03T17:32:28.128+0000] {processor.py:840} INFO - DAG(s) 'isr_pipeline' retrieved from /opt/airflow/dags/isr_pipeline.py
[2026-04-03T17:32:28.166+0000] {logging_mixin.py:188} INFO - [2026-04-03T17:32:28.166+0000] {dag.py:3096} INFO - Sync 1 DAGs
[2026-04-03T17:32:28.208+0000] {processor.py:183} INFO - Processing /opt/airflow/dags/isr_pipeline.py took 0.108 seconds
[2026-04-03T17:32:58.335+0000] {processor.py:161} INFO - Started process (PID=49787) to work on /opt/airflow/dags/isr_pipeline.py
[2026-04-03T17:32:58.336+0000] {processor.py:830} INFO - Processing file /opt/airflow/dags/isr_pipeline.py for tasks to queue
[2026-04-03T17:32:58.338+0000] {logging_mixin.py:188} INFO - [2026-04-03T17:32:58.337+0000] {dagbag.py:540} INFO - Filling up the DagBag from /opt/airflow/dags/isr_pipeline.py
[2026-04-03T17:32:58.356+0000] {processor.py:840} INFO - DAG(s) 'isr_pipeline' retrieved from /opt/airflow/dags/isr_pipeline.py
[2026-04-03T17:32:58.393+0000] {logging_mixin.py:188} INFO - [2026-04-03T17:32:58.393+0000] {dag.py:3096} INFO - Sync 1 DAGs
[2026-04-03T17:32:58.435+0000] {processor.py:183} INFO - Processing /opt/airflow/dags/isr_pipeline.py took 0.108 seconds
[2026-04-03T17:33:28.520+0000] {processor.py:161} INFO - Started process (PID=49792) to work on /opt/airflow/dags/isr_pipeline.py
[2026-04-03T17:33:28.521+0000] {processor.py:830} INFO - Processing file /opt/airflow/dags/isr_pipeline.py for tasks to queue
[2026-04-03T17:33:28.523+0000] {logging_mixin.py:188} INFO - [2026-04-03T17:33:28.522+0000] {dagbag.py:540} INFO - Filling up the DagBag from /opt/airflow/dags/isr_pipeline.py
[2026-04-03T17:33:28.541+0000] {processor.py:840} INFO - DAG(s) 'isr_pipeline' retrieved from /opt/airflow/dags/isr_pipeline.py
[2026-04-03T17:33:28.578+0000] {logging_mixin.py:188} INFO - [2026-04-03T17:33:28.577+0000] {dag.py:3096} INFO - Sync 1 DAGs
[2026-04-03T17:33:28.620+0000] {processor.py:183} INFO - Processing /opt/airflow/dags/isr_pipeline.py took 0.108 seconds
[2026-04-03T17:33:58.748+0000] {processor.py:161} INFO - Started process (PID=49797) to work on /opt/airflow/dags/isr_pipeline.py
[2026-04-03T17:33:58.749+0000] {processor.py:830} INFO - Processing file /opt/airflow/dags/isr_pipeline.py for tasks to queue
[2026-04-03T17:33:58.750+0000] {logging_mixin.py:188} INFO - [2026-04-03T17:33:58.750+0000] {dagbag.py:540} INFO - Filling up the DagBag from /opt/airflow/dags/isr_pipeline.py
[2026-04-03T17:33:58.769+0000] {processor.py:840} INFO - DAG(s) 'isr_pipeline' retrieved from /opt/airflow/dags/isr_pipeline.py
[2026-04-03T17:33:58.806+0000] {logging_mixin.py:188} INFO - [2026-04-03T17:33:58.805+0000] {dag.py:3096} INFO - Sync 1 DAGs
[2026-04-03T17:33:58.847+0000] {processor.py:183} INFO - Processing /opt/airflow/dags/isr_pipeline.py took 0.107 seconds
[2026-04-03T17:34:28.892+0000] {processor.py:161} INFO - Started process (PID=49802) to work on /opt/airflow/dags/isr_pipeline.py
[2026-04-03T17:34:28.893+0000] {processor.py:830} INFO - Processing file /opt/airflow/dags/isr_pipeline.py for tasks to queue
[2026-04-03T17:34:28.894+0000] {logging_mixin.py:188} INFO - [2026-04-03T17:34:28.894+0000] {dagbag.py:540} INFO - Filling up the DagBag from /opt/airflow/dags/isr_pipeline.py
[2026-04-03T17:34:28.912+0000] {processor.py:840} INFO - DAG(s) 'isr_pipeline' retrieved from /opt/airflow/dags/isr_pipeline.py
[2026-04-03T17:34:28.948+0000] {logging_mixin.py:188} INFO - [2026-04-03T17:34:28.948+0000] {dag.py:3096} INFO - Sync 1 DAGs
[2026-04-03T17:34:28.990+0000] {processor.py:183} INFO - Processing /opt/airflow/dags/isr_pipeline.py took 0.106 seconds
[2026-04-03T17:34:59.234+0000] {processor.py:161} INFO - Started process (PID=49807) to work on /opt/airflow/dags/isr_pipeline.py
[2026-04-03T17:34:59.235+0000] {processor.py:830} INFO - Processing file /opt/airflow/dags/isr_pipeline.py for tasks to queue
[2026-04-03T17:34:59.237+0000] {logging_mixin.py:188} INFO - [2026-04-03T17:34:59.236+0000] {dagbag.py:540} INFO - Filling up the DagBag from /opt/airflow/dags/isr_pipeline.py
[2026-04-03T17:34:59.254+0000] {processor.py:840} INFO - DAG(s) 'isr_pipeline' retrieved from /opt/airflow/dags/isr_pipeline.py
[2026-04-03T17:34:59.291+0000] {logging_mixin.py:188} INFO - [2026-04-03T17:34:59.291+0000] {dag.py:3096} INFO - Sync 1 DAGs
[2026-04-03T17:34:59.339+0000] {processor.py:183} INFO - Processing /opt/airflow/dags/isr_pipeline.py took 0.114 seconds
[2026-04-03T17:35:29.499+0000] {processor.py:161} INFO - Started process (PID=49812) to work on /opt/airflow/dags/isr_pipeline.py
[2026-04-03T17:35:29.501+0000] {processor.py:830} INFO - Processing file /opt/airflow/dags/isr_pipeline.py for tasks to queue
[2026-04-03T17:35:29.502+0000] {logging_mixin.py:188} INFO - [2026-04-03T17:35:29.502+0000] {dagbag.py:540} INFO - Filling up the DagBag from /opt/airflow/dags/isr_pipeline.py
[2026-04-03T17:35:29.520+0000] {processor.py:840} INFO - DAG(s) 'isr_pipeline' retrieved from /opt/airflow/dags/isr_pipeline.py
[2026-04-03T17:35:29.558+0000] {logging_mixin.py:188} INFO - [2026-04-03T17:35:29.557+0000] {dag.py:3096} INFO - Sync 1 DAGs
[2026-04-03T17:35:29.599+0000] {processor.py:183} INFO - Processing /opt/airflow/dags/isr_pipeline.py took 0.109 seconds
[2026-04-03T17:35:59.655+0000] {processor.py:161} INFO - Started process (PID=49817) to work on /opt/airflow/dags/isr_pipeline.py
[2026-04-03T17:35:59.656+0000] {processor.py:830} INFO - Processing file /opt/airflow/dags/isr_pipeline.py for tasks to queue
[2026-04-03T17:35:59.658+0000] {logging_mixin.py:188} INFO - [2026-04-03T17:35:59.657+0000] {dagbag.py:540} INFO - Filling up the DagBag from /opt/airflow/dags/isr_pipeline.py
[2026-04-03T17:35:59.676+0000] {processor.py:840} INFO - DAG(s) 'isr_pipeline' retrieved from /opt/airflow/dags/isr_pipeline.py
[2026-04-03T17:35:59.713+0000] {logging_mixin.py:188} INFO - [2026-04-03T17:35:59.713+0000] {dag.py:3096} INFO - Sync 1 DAGs
[2026-04-03T17:35:59.755+0000] {processor.py:183} INFO - Processing /opt/airflow/dags/isr_pipeline.py took 0.108 seconds
[2026-04-03T17:36:29.971+0000] {processor.py:161} INFO - Started process (PID=49822) to work on /opt/airflow/dags/isr_pipeline.py
[2026-04-03T17:36:29.972+0000] {processor.py:830} INFO - Processing file /opt/airflow/dags/isr_pipeline.py for tasks to queue
[2026-04-03T17:36:29.973+0000] {logging_mixin.py:188} INFO - [2026-04-03T17:36:29.973+0000] {dagbag.py:540} INFO - Filling up the DagBag from /opt/airflow/dags/isr_pipeline.py
[2026-04-03T17:36:29.991+0000] {processor.py:840} INFO - DAG(s) 'isr_pipeline' retrieved from /opt/airflow/dags/isr_pipeline.py
[2026-04-03T17:36:30.027+0000] {logging_mixin.py:188} INFO - [2026-04-03T17:36:30.027+0000] {dag.py:3096} INFO - Sync 1 DAGs
[2026-04-03T17:36:30.069+0000] {processor.py:183} INFO - Processing /opt/airflow/dags/isr_pipeline.py took 0.106 seconds
[2026-04-03T17:37:00.155+0000] {processor.py:161} INFO - Started process (PID=49827) to work on /opt/airflow/dags/isr_pipeline.py
[2026-04-03T17:37:00.156+0000] {processor.py:830} INFO - Processing file /opt/airflow/dags/isr_pipeline.py for tasks to queue
[2026-04-03T17:37:00.157+0000] {logging_mixin.py:188} INFO - [2026-04-03T17:37:00.157+0000] {dagbag.py:540} INFO - Filling up the DagBag from /opt/airflow/dags/isr_pipeline.py
[2026-04-03T17:37:00.175+0000] {processor.py:840} INFO - DAG(s) 'isr_pipeline' retrieved from /opt/airflow/dags/isr_pipeline.py
[2026-04-03T17:37:00.214+0000] {logging_mixin.py:188} INFO - [2026-04-03T17:37:00.214+0000] {dag.py:3096} INFO - Sync 1 DAGs
[2026-04-03T17:37:00.256+0000] {processor.py:183} INFO - Processing /opt/airflow/dags/isr_pipeline.py took 0.110 seconds
[2026-04-03T17:37:30.377+0000] {processor.py:161} INFO - Started process (PID=49832) to work on /opt/airflow/dags/isr_pipeline.py
[2026-04-03T17:37:30.378+0000] {processor.py:830} INFO - Processing file /opt/airflow/dags/isr_pipeline.py for tasks to queue
[2026-04-03T17:37:30.379+0000] {logging_mixin.py:188} INFO - [2026-04-03T17:37:30.379+0000] {dagbag.py:540} INFO - Filling up the DagBag from /opt/airflow/dags/isr_pipeline.py
[2026-04-03T17:37:30.397+0000] {processor.py:840} INFO - DAG(s) 'isr_pipeline' retrieved from /opt/airflow/dags/isr_pipeline.py
[2026-04-03T17:37:30.434+0000] {logging_mixin.py:188} INFO - [2026-04-03T17:37:30.434+0000] {dag.py:3096} INFO - Sync 1 DAGs
[2026-04-03T17:37:30.477+0000] {processor.py:183} INFO - Processing /opt/airflow/dags/isr_pipeline.py took 0.110 seconds
[2026-04-03T17:38:00.642+0000] {processor.py:161} INFO - Started process (PID=49837) to work on /opt/airflow/dags/isr_pipeline.py
[2026-04-03T17:38:00.644+0000] {processor.py:830} INFO - Processing file /opt/airflow/dags/isr_pipeline.py for tasks to queue
[2026-04-03T17:38:00.645+0000] {logging_mixin.py:188} INFO - [2026-04-03T17:38:00.645+0000] {dagbag.py:540} INFO - Filling up the DagBag from /opt/airflow/dags/isr_pipeline.py
[2026-04-03T17:38:00.664+0000] {processor.py:840} INFO - DAG(s) 'isr_pipeline' retrieved from /opt/airflow/dags/isr_pipeline.py
[2026-04-03T17:38:00.701+0000] {logging_mixin.py:188} INFO - [2026-04-03T17:38:00.701+0000] {dag.py:3096} INFO - Sync 1 DAGs
[2026-04-03T17:38:00.745+0000] {processor.py:183} INFO - Processing /opt/airflow/dags/isr_pipeline.py took 0.112 seconds
[2026-04-03T17:38:30.839+0000] {processor.py:161} INFO - Started process (PID=49842) to work on /opt/airflow/dags/isr_pipeline.py
[2026-04-03T17:38:30.840+0000] {processor.py:830} INFO - Processing file /opt/airflow/dags/isr_pipeline.py for tasks to queue
[2026-04-03T17:38:30.842+0000] {logging_mixin.py:188} INFO - [2026-04-03T17:38:30.842+0000] {dagbag.py:540} INFO - Filling up the DagBag from /opt/airflow/dags/isr_pipeline.py
[2026-04-03T17:38:30.863+0000] {processor.py:840} INFO - DAG(s) 'isr_pipeline' retrieved from /opt/airflow/dags/isr_pipeline.py
[2026-04-03T17:38:30.905+0000] {logging_mixin.py:188} INFO - [2026-04-03T17:38:30.904+0000] {dag.py:3096} INFO - Sync 1 DAGs
[2026-04-03T17:38:30.946+0000] {processor.py:183} INFO - Processing /opt/airflow/dags/isr_pipeline.py took 0.114 seconds
[2026-04-03T17:39:01.059+0000] {processor.py:161} INFO - Started process (PID=49847) to work on /opt/airflow/dags/isr_pipeline.py
[2026-04-03T17:39:01.060+0000] {processor.py:830} INFO - Processing file /opt/airflow/dags/isr_pipeline.py for tasks to queue
[2026-04-03T17:39:01.062+0000] {logging_mixin.py:188} INFO - [2026-04-03T17:39:01.061+0000] {dagbag.py:540} INFO - Filling up the DagBag from /opt/airflow/dags/isr_pipeline.py
[2026-04-03T17:39:01.080+0000] {processor.py:840} INFO - DAG(s) 'isr_pipeline' retrieved from /opt/airflow/dags/isr_pipeline.py
[2026-04-03T17:39:01.117+0000] {logging_mixin.py:188} INFO - [2026-04-03T17:39:01.117+0000] {dag.py:3096} INFO - Sync 1 DAGs
[2026-04-03T17:39:01.159+0000] {processor.py:183} INFO - Processing /opt/airflow/dags/isr_pipeline.py took 0.107 seconds
[2026-04-03T17:39:31.284+0000] {processor.py:161} INFO - Started process (PID=49852) to work on /opt/airflow/dags/isr_pipeline.py
[2026-04-03T17:39:31.286+0000] {processor.py:830} INFO - Processing file /opt/airflow/dags/isr_pipeline.py for tasks to queue
[2026-04-03T17:39:31.287+0000] {logging_mixin.py:188} INFO - [2026-04-03T17:39:31.287+0000] {dagbag.py:540} INFO - Filling up the DagBag from /opt/airflow/dags/isr_pipeline.py
[2026-04-03T17:39:31.306+0000] {processor.py:840} INFO - DAG(s) 'isr_pipeline' retrieved from /opt/airflow/dags/isr_pipeline.py
[2026-04-03T17:39:31.344+0000] {logging_mixin.py:188} INFO - [2026-04-03T17:39:31.343+0000] {dag.py:3096} INFO - Sync 1 DAGs
[2026-04-03T17:39:31.387+0000] {processor.py:183} INFO - Processing /opt/airflow/dags/isr_pipeline.py took 0.112 seconds
[2026-04-03T17:40:01.442+0000] {processor.py:161} INFO - Started process (PID=49857) to work on /opt/airflow/dags/isr_pipeline.py
[2026-04-03T17:40:01.443+0000] {processor.py:830} INFO - Processing file /opt/airflow/dags/isr_pipeline.py for tasks to queue
[2026-04-03T17:40:01.445+0000] {logging_mixin.py:188} INFO - [2026-04-03T17:40:01.445+0000] {dagbag.py:540} INFO - Filling up the DagBag from /opt/airflow/dags/isr_pipeline.py
[2026-04-03T17:40:01.463+0000] {processor.py:840} INFO - DAG(s) 'isr_pipeline' retrieved from /opt/airflow/dags/isr_pipeline.py
[2026-04-03T17:40:01.501+0000] {logging_mixin.py:188} INFO - [2026-04-03T17:40:01.501+0000] {dag.py:3096} INFO - Sync 1 DAGs
[2026-04-03T17:40:01.543+0000] {processor.py:183} INFO - Processing /opt/airflow/dags/isr_pipeline.py took 0.110 seconds
[2026-04-03T17:40:31.703+0000] {processor.py:161} INFO - Started process (PID=49862) to work on /opt/airflow/dags/isr_pipeline.py
[2026-04-03T17:40:31.705+0000] {processor.py:830} INFO - Processing file /opt/airflow/dags/isr_pipeline.py for tasks to queue
[2026-04-03T17:40:31.706+0000] {logging_mixin.py:188} INFO - [2026-04-03T17:40:31.706+0000] {dagbag.py:540} INFO - Filling up the DagBag from /opt/airflow/dags/isr_pipeline.py
[2026-04-03T17:40:31.725+0000] {processor.py:840} INFO - DAG(s) 'isr_pipeline' retrieved from /opt/airflow/dags/isr_pipeline.py
[2026-04-03T17:40:31.762+0000] {logging_mixin.py:188} INFO - [2026-04-03T17:40:31.762+0000] {dag.py:3096} INFO - Sync 1 DAGs
[2026-04-03T17:40:31.805+0000] {processor.py:183} INFO - Processing /opt/airflow/dags/isr_pipeline.py took 0.110 seconds
[2026-04-03T17:41:01.870+0000] {processor.py:161} INFO - Started process (PID=49867) to work on /opt/airflow/dags/isr_pipeline.py
[2026-04-03T17:41:01.871+0000] {processor.py:830} INFO - Processing file /opt/airflow/dags/isr_pipeline.py for tasks to queue
[2026-04-03T17:41:01.873+0000] {logging_mixin.py:188} INFO - [2026-04-03T17:41:01.872+0000] {dagbag.py:540} INFO - Filling up the DagBag from /opt/airflow/dags/isr_pipeline.py
[2026-04-03T17:41:01.890+0000] {processor.py:840} INFO - DAG(s) 'isr_pipeline' retrieved from /opt/airflow/dags/isr_pipeline.py
[2026-04-03T17:41:01.928+0000] {logging_mixin.py:188} INFO - [2026-04-03T17:41:01.928+0000] {dag.py:3096} INFO - Sync 1 DAGs
[2026-04-03T17:41:01.971+0000] {processor.py:183} INFO - Processing /opt/airflow/dags/isr_pipeline.py took 0.111 seconds
[2026-04-03T17:41:32.157+0000] {processor.py:161} INFO - Started process (PID=49872) to work on /opt/airflow/dags/isr_pipeline.py
[2026-04-03T17:41:32.158+0000] {processor.py:830} INFO - Processing file /opt/airflow/dags/isr_pipeline.py for tasks to queue
[2026-04-03T17:41:32.160+0000] {logging_mixin.py:188} INFO - [2026-04-03T17:41:32.160+0000] {dagbag.py:540} INFO - Filling up the DagBag from /opt/airflow/dags/isr_pipeline.py
[2026-04-03T17:41:32.178+0000] {processor.py:840} INFO - DAG(s) 'isr_pipeline' retrieved from /opt/airflow/dags/isr_pipeline.py
[2026-04-03T17:41:32.215+0000] {logging_mixin.py:188} INFO - [2026-04-03T17:41:32.215+0000] {dag.py:3096} INFO - Sync 1 DAGs
[2026-04-03T17:41:32.258+0000] {processor.py:183} INFO - Processing /opt/airflow/dags/isr_pipeline.py took 0.109 seconds
[2026-04-03T17:42:02.326+0000] {processor.py:161} INFO - Started process (PID=49877) to work on /opt/airflow/dags/isr_pipeline.py
[2026-04-03T17:42:02.328+0000] {processor.py:830} INFO - Processing file /opt/airflow/dags/isr_pipeline.py for tasks to queue
[2026-04-03T17:42:02.329+0000] {logging_mixin.py:188} INFO - [2026-04-03T17:42:02.329+0000] {dagbag.py:540} INFO - Filling up the DagBag from /opt/airflow/dags/isr_pipeline.py
[2026-04-03T17:42:02.347+0000] {processor.py:840} INFO - DAG(s) 'isr_pipeline' retrieved from /opt/airflow/dags/isr_pipeline.py
[2026-04-03T17:42:02.386+0000] {logging_mixin.py:188} INFO - [2026-04-03T17:42:02.385+0000] {dag.py:3096} INFO - Sync 1 DAGs
[2026-04-03T17:42:02.428+0000] {processor.py:183} INFO - Processing /opt/airflow/dags/isr_pipeline.py took 0.110 seconds
[2026-04-03T17:42:32.558+0000] {processor.py:161} INFO - Started process (PID=49882) to work on /opt/airflow/dags/isr_pipeline.py
[2026-04-03T17:42:32.559+0000] {processor.py:830} INFO - Processing file /opt/airflow/dags/isr_pipeline.py for tasks to queue
[2026-04-03T17:42:32.561+0000] {logging_mixin.py:188} INFO - [2026-04-03T17:42:32.560+0000] {dagbag.py:540} INFO - Filling up the DagBag from /opt/airflow/dags/isr_pipeline.py
[2026-04-03T17:42:32.578+0000] {processor.py:840} INFO - DAG(s) 'isr_pipeline' retrieved from /opt/airflow/dags/isr_pipeline.py
[2026-04-03T17:42:32.614+0000] {logging_mixin.py:188} INFO - [2026-04-03T17:42:32.614+0000] {dag.py:3096} INFO - Sync 1 DAGs
[2026-04-03T17:42:32.656+0000] {processor.py:183} INFO - Processing /opt/airflow/dags/isr_pipeline.py took 0.105 seconds
[2026-04-03T17:43:02.722+0000] {processor.py:161} INFO - Started process (PID=49887) to work on /opt/airflow/dags/isr_pipeline.py
[2026-04-03T17:43:02.724+0000] {processor.py:830} INFO - Processing file /opt/airflow/dags/isr_pipeline.py for tasks to queue
[2026-04-03T17:43:02.725+0000] {logging_mixin.py:188} INFO - [2026-04-03T17:43:02.725+0000] {dagbag.py:540} INFO - Filling up the DagBag from /opt/airflow/dags/isr_pipeline.py
[2026-04-03T17:43:02.744+0000] {processor.py:840} INFO - DAG(s) 'isr_pipeline' retrieved from /opt/airflow/dags/isr_pipeline.py
[2026-04-03T17:43:02.782+0000] {logging_mixin.py:188} INFO - [2026-04-03T17:43:02.781+0000] {dag.py:3096} INFO - Sync 1 DAGs
[2026-04-03T17:43:02.825+0000] {processor.py:183} INFO - Processing /opt/airflow/dags/isr_pipeline.py took 0.112 seconds
[2026-04-03T17:43:32.948+0000] {processor.py:161} INFO - Started process (PID=49892) to work on /opt/airflow/dags/isr_pipeline.py
[2026-04-03T17:43:32.949+0000] {processor.py:830} INFO - Processing file /opt/airflow/dags/isr_pipeline.py for tasks to queue
[2026-04-03T17:43:32.952+0000] {logging_mixin.py:188} INFO - [2026-04-03T17:43:32.951+0000] {dagbag.py:540} INFO - Filling up the DagBag from /opt/airflow/dags/isr_pipeline.py
[2026-04-03T17:43:32.969+0000] {processor.py:840} INFO - DAG(s) 'isr_pipeline' retrieved from /opt/airflow/dags/isr_pipeline.py
[2026-04-03T17:43:33.006+0000] {logging_mixin.py:188} INFO - [2026-04-03T17:43:33.006+0000] {dag.py:3096} INFO - Sync 1 DAGs
[2026-04-03T17:43:33.048+0000] {processor.py:183} INFO - Processing /opt/airflow/dags/isr_pipeline.py took 0.108 seconds
[2026-04-03T17:44:03.151+0000] {processor.py:161} INFO - Started process (PID=49897) to work on /opt/airflow/dags/isr_pipeline.py
[2026-04-03T17:44:03.152+0000] {processor.py:830} INFO - Processing file /opt/airflow/dags/isr_pipeline.py for tasks to queue
[2026-04-03T17:44:03.154+0000] {logging_mixin.py:188} INFO - [2026-04-03T17:44:03.153+0000] {dagbag.py:540} INFO - Filling up the DagBag from /opt/airflow/dags/isr_pipeline.py
[2026-04-03T17:44:03.171+0000] {processor.py:840} INFO - DAG(s) 'isr_pipeline' retrieved from /opt/airflow/dags/isr_pipeline.py
[2026-04-03T17:44:03.209+0000] {logging_mixin.py:188} INFO - [2026-04-03T17:44:03.209+0000] {dag.py:3096} INFO - Sync 1 DAGs
[2026-04-03T17:44:03.251+0000] {processor.py:183} INFO - Processing /opt/airflow/dags/isr_pipeline.py took 0.108 seconds
[2026-04-03T17:44:33.325+0000] {processor.py:161} INFO - Started process (PID=49902) to work on /opt/airflow/dags/isr_pipeline.py
[2026-04-03T17:44:33.326+0000] {processor.py:830} INFO - Processing file /opt/airflow/dags/isr_pipeline.py for tasks to queue
[2026-04-03T17:44:33.328+0000] {logging_mixin.py:188} INFO - [2026-04-03T17:44:33.328+0000] {dagbag.py:540} INFO - Filling up the DagBag from /opt/airflow/dags/isr_pipeline.py
[2026-04-03T17:44:33.346+0000] {processor.py:840} INFO - DAG(s) 'isr_pipeline' retrieved from /opt/airflow/dags/isr_pipeline.py
[2026-04-03T17:44:33.385+0000] {logging_mixin.py:188} INFO - [2026-04-03T17:44:33.384+0000] {dag.py:3096} INFO - Sync 1 DAGs
[2026-04-03T17:44:33.427+0000] {processor.py:183} INFO - Processing /opt/airflow/dags/isr_pipeline.py took 0.111 seconds
[2026-04-03T17:45:03.570+0000] {processor.py:161} INFO - Started process (PID=49907) to work on /opt/airflow/dags/isr_pipeline.py
[2026-04-03T17:45:03.571+0000] {processor.py:830} INFO - Processing file /opt/airflow/dags/isr_pipeline.py for tasks to queue
[2026-04-03T17:45:03.573+0000] {logging_mixin.py:188} INFO - [2026-04-03T17:45:03.572+0000] {dagbag.py:540} INFO - Filling up the DagBag from /opt/airflow/dags/isr_pipeline.py
[2026-04-03T17:45:03.591+0000] {processor.py:840} INFO - DAG(s) 'isr_pipeline' retrieved from /opt/airflow/dags/isr_pipeline.py
[2026-04-03T17:45:03.628+0000] {logging_mixin.py:188} INFO - [2026-04-03T17:45:03.628+0000] {dag.py:3096} INFO - Sync 1 DAGs
[2026-04-03T17:45:03.669+0000] {processor.py:183} INFO - Processing /opt/airflow/dags/isr_pipeline.py took 0.107 seconds
[2026-04-03T17:45:33.748+0000] {processor.py:161} INFO - Started process (PID=49912) to work on /opt/airflow/dags/isr_pipeline.py
[2026-04-03T17:45:33.750+0000] {processor.py:830} INFO - Processing file /opt/airflow/dags/isr_pipeline.py for tasks to queue
[2026-04-03T17:45:33.752+0000] {logging_mixin.py:188} INFO - [2026-04-03T17:45:33.751+0000] {dagbag.py:540} INFO - Filling up the DagBag from /opt/airflow/dags/isr_pipeline.py
[2026-04-03T17:45:33.770+0000] {processor.py:840} INFO - DAG(s) 'isr_pipeline' retrieved from /opt/airflow/dags/isr_pipeline.py
[2026-04-03T17:45:33.808+0000] {logging_mixin.py:188} INFO - [2026-04-03T17:45:33.807+0000] {dag.py:3096} INFO - Sync 1 DAGs
[2026-04-03T17:45:33.850+0000] {processor.py:183} INFO - Processing /opt/airflow/dags/isr_pipeline.py took 0.111 seconds
[2026-04-03T17:46:03.939+0000] {processor.py:161} INFO - Started process (PID=49917) to work on /opt/airflow/dags/isr_pipeline.py
[2026-04-03T17:46:03.940+0000] {processor.py:830} INFO - Processing file /opt/airflow/dags/isr_pipeline.py for tasks to queue
[2026-04-03T17:46:03.941+0000] {logging_mixin.py:188} INFO - [2026-04-03T17:46:03.941+0000] {dagbag.py:540} INFO - Filling up the DagBag from /opt/airflow/dags/isr_pipeline.py
[2026-04-03T17:46:03.962+0000] {processor.py:840} INFO - DAG(s) 'isr_pipeline' retrieved from /opt/airflow/dags/isr_pipeline.py
[2026-04-03T17:46:04.001+0000] {logging_mixin.py:188} INFO - [2026-04-03T17:46:04.001+0000] {dag.py:3096} INFO - Sync 1 DAGs
[2026-04-03T17:46:04.051+0000] {processor.py:183} INFO - Processing /opt/airflow/dags/isr_pipeline.py took 0.121 seconds
[2026-04-03T17:46:34.146+0000] {processor.py:161} INFO - Started process (PID=49922) to work on /opt/airflow/dags/isr_pipeline.py
[2026-04-03T17:46:34.147+0000] {processor.py:830} INFO - Processing file /opt/airflow/dags/isr_pipeline.py for tasks to queue
[2026-04-03T17:46:34.148+0000] {logging_mixin.py:188} INFO - [2026-04-03T17:46:34.148+0000] {dagbag.py:540} INFO - Filling up the DagBag from /opt/airflow/dags/isr_pipeline.py
[2026-04-03T17:46:34.167+0000] {processor.py:840} INFO - DAG(s) 'isr_pipeline' retrieved from /opt/airflow/dags/isr_pipeline.py
[2026-04-03T17:46:34.205+0000] {logging_mixin.py:188} INFO - [2026-04-03T17:46:34.205+0000] {dag.py:3096} INFO - Sync 1 DAGs
[2026-04-03T17:46:34.248+0000] {processor.py:183} INFO - Processing /opt/airflow/dags/isr_pipeline.py took 0.110 seconds
[2026-04-03T17:47:04.378+0000] {processor.py:161} INFO - Started process (PID=49927) to work on /opt/airflow/dags/isr_pipeline.py
[2026-04-03T17:47:04.380+0000] {processor.py:830} INFO - Processing file /opt/airflow/dags/isr_pipeline.py for tasks to queue
[2026-04-03T17:47:04.381+0000] {logging_mixin.py:188} INFO - [2026-04-03T17:47:04.381+0000] {dagbag.py:540} INFO - Filling up the DagBag from /opt/airflow/dags/isr_pipeline.py
[2026-04-03T17:47:04.399+0000] {processor.py:840} INFO - DAG(s) 'isr_pipeline' retrieved from /opt/airflow/dags/isr_pipeline.py
[2026-04-03T17:47:04.435+0000] {logging_mixin.py:188} INFO - [2026-04-03T17:47:04.435+0000] {dag.py:3096} INFO - Sync 1 DAGs
[2026-04-03T17:47:04.477+0000] {processor.py:183} INFO - Processing /opt/airflow/dags/isr_pipeline.py took 0.106 seconds
[2026-04-03T17:47:34.562+0000] {processor.py:161} INFO - Started process (PID=49932) to work on /opt/airflow/dags/isr_pipeline.py
[2026-04-03T17:47:34.564+0000] {processor.py:830} INFO - Processing file /opt/airflow/dags/isr_pipeline.py for tasks to queue
[2026-04-03T17:47:34.566+0000] {logging_mixin.py:188} INFO - [2026-04-03T17:47:34.565+0000] {dagbag.py:540} INFO - Filling up the DagBag from /opt/airflow/dags/isr_pipeline.py
[2026-04-03T17:47:34.585+0000] {processor.py:840} INFO - DAG(s) 'isr_pipeline' retrieved from /opt/airflow/dags/isr_pipeline.py
[2026-04-03T17:47:34.634+0000] {logging_mixin.py:188} INFO - [2026-04-03T17:47:34.634+0000] {dag.py:3096} INFO - Sync 1 DAGs
[2026-04-03T17:47:34.682+0000] {processor.py:183} INFO - Processing /opt/airflow/dags/isr_pipeline.py took 0.129 seconds
[2026-04-03T17:48:04.820+0000] {processor.py:161} INFO - Started process (PID=49937) to work on /opt/airflow/dags/isr_pipeline.py
[2026-04-03T17:48:04.822+0000] {processor.py:830} INFO - Processing file /opt/airflow/dags/isr_pipeline.py for tasks to queue
[2026-04-03T17:48:04.823+0000] {logging_mixin.py:188} INFO - [2026-04-03T17:48:04.823+0000] {dagbag.py:540} INFO - Filling up the DagBag from /opt/airflow/dags/isr_pipeline.py
[2026-04-03T17:48:04.844+0000] {processor.py:840} INFO - DAG(s) 'isr_pipeline' retrieved from /opt/airflow/dags/isr_pipeline.py
[2026-04-03T17:48:04.884+0000] {logging_mixin.py:188} INFO - [2026-04-03T17:48:04.883+0000] {dag.py:3096} INFO - Sync 1 DAGs
[2026-04-03T17:48:04.930+0000] {processor.py:183} INFO - Processing /opt/airflow/dags/isr_pipeline.py took 0.119 seconds
[2026-04-03T17:48:35.001+0000] {processor.py:161} INFO - Started process (PID=49942) to work on /opt/airflow/dags/isr_pipeline.py
[2026-04-03T17:48:35.003+0000] {processor.py:830} INFO - Processing file /opt/airflow/dags/isr_pipeline.py for tasks to queue
[2026-04-03T17:48:35.004+0000] {logging_mixin.py:188} INFO - [2026-04-03T17:48:35.004+0000] {dagbag.py:540} INFO - Filling up the DagBag from /opt/airflow/dags/isr_pipeline.py
[2026-04-03T17:48:35.022+0000] {processor.py:840} INFO - DAG(s) 'isr_pipeline' retrieved from /opt/airflow/dags/isr_pipeline.py
[2026-04-03T17:48:35.063+0000] {logging_mixin.py:188} INFO - [2026-04-03T17:48:35.062+0000] {dag.py:3096} INFO - Sync 1 DAGs
[2026-04-03T17:48:35.109+0000] {processor.py:183} INFO - Processing /opt/airflow/dags/isr_pipeline.py took 0.117 seconds
[2026-04-03T17:49:05.251+0000] {processor.py:161} INFO - Started process (PID=49947) to work on /opt/airflow/dags/isr_pipeline.py
[2026-04-03T17:49:05.252+0000] {processor.py:830} INFO - Processing file /opt/airflow/dags/isr_pipeline.py for tasks to queue
[2026-04-03T17:49:05.254+0000] {logging_mixin.py:188} INFO - [2026-04-03T17:49:05.254+0000] {dagbag.py:540} INFO - Filling up the DagBag from /opt/airflow/dags/isr_pipeline.py
[2026-04-03T17:49:05.273+0000] {processor.py:840} INFO - DAG(s) 'isr_pipeline' retrieved from /opt/airflow/dags/isr_pipeline.py
[2026-04-03T17:49:05.312+0000] {logging_mixin.py:188} INFO - [2026-04-03T17:49:05.311+0000] {dag.py:3096} INFO - Sync 1 DAGs
[2026-04-03T17:49:05.354+0000] {processor.py:183} INFO - Processing /opt/airflow/dags/isr_pipeline.py took 0.111 seconds
[2026-04-03T17:49:35.418+0000] {processor.py:161} INFO - Started process (PID=49952) to work on /opt/airflow/dags/isr_pipeline.py
[2026-04-03T17:49:35.419+0000] {processor.py:830} INFO - Processing file /opt/airflow/dags/isr_pipeline.py for tasks to queue
[2026-04-03T17:49:35.421+0000] {logging_mixin.py:188} INFO - [2026-04-03T17:49:35.420+0000] {dagbag.py:540} INFO - Filling up the DagBag from /opt/airflow/dags/isr_pipeline.py
[2026-04-03T17:49:35.439+0000] {processor.py:840} INFO - DAG(s) 'isr_pipeline' retrieved from /opt/airflow/dags/isr_pipeline.py
[2026-04-03T17:49:35.476+0000] {logging_mixin.py:188} INFO - [2026-04-03T17:49:35.476+0000] {dag.py:3096} INFO - Sync 1 DAGs
[2026-04-03T17:49:35.520+0000] {processor.py:183} INFO - Processing /opt/airflow/dags/isr_pipeline.py took 0.111 seconds
[2026-04-03T17:50:05.684+0000] {processor.py:161} INFO - Started process (PID=49957) to work on /opt/airflow/dags/isr_pipeline.py
[2026-04-03T17:50:05.685+0000] {processor.py:830} INFO - Processing file /opt/airflow/dags/isr_pipeline.py for tasks to queue
[2026-04-03T17:50:05.687+0000] {logging_mixin.py:188} INFO - [2026-04-03T17:50:05.686+0000] {dagbag.py:540} INFO - Filling up the DagBag from /opt/airflow/dags/isr_pipeline.py
[2026-04-03T17:50:05.704+0000] {processor.py:840} INFO - DAG(s) 'isr_pipeline' retrieved from /opt/airflow/dags/isr_pipeline.py
[2026-04-03T17:50:05.742+0000] {logging_mixin.py:188} INFO - [2026-04-03T17:50:05.742+0000] {dag.py:3096} INFO - Sync 1 DAGs
[2026-04-03T17:50:05.788+0000] {processor.py:183} INFO - Processing /opt/airflow/dags/isr_pipeline.py took 0.112 seconds
[2026-04-03T17:50:35.861+0000] {processor.py:161} INFO - Started process (PID=49962) to work on /opt/airflow/dags/isr_pipeline.py
[2026-04-03T17:50:35.862+0000] {processor.py:830} INFO - Processing file /opt/airflow/dags/isr_pipeline.py for tasks to queue
[2026-04-03T17:50:35.864+0000] {logging_mixin.py:188} INFO - [2026-04-03T17:50:35.864+0000] {dagbag.py:540} INFO - Filling up the DagBag from /opt/airflow/dags/isr_pipeline.py
[2026-04-03T17:50:35.887+0000] {processor.py:840} INFO - DAG(s) 'isr_pipeline' retrieved from /opt/airflow/dags/isr_pipeline.py
[2026-04-03T17:50:35.930+0000] {logging_mixin.py:188} INFO - [2026-04-03T17:50:35.930+0000] {dag.py:3096} INFO - Sync 1 DAGs
[2026-04-03T17:50:35.977+0000] {processor.py:183} INFO - Processing /opt/airflow/dags/isr_pipeline.py took 0.126 seconds
[2026-04-03T17:51:06.132+0000] {processor.py:161} INFO - Started process (PID=49967) to work on /opt/airflow/dags/isr_pipeline.py
[2026-04-03T17:51:06.133+0000] {processor.py:830} INFO - Processing file /opt/airflow/dags/isr_pipeline.py for tasks to queue
[2026-04-03T17:51:06.134+0000] {logging_mixin.py:188} INFO - [2026-04-03T17:51:06.134+0000] {dagbag.py:540} INFO - Filling up the DagBag from /opt/airflow/dags/isr_pipeline.py
[2026-04-03T17:51:06.151+0000] {processor.py:840} INFO - DAG(s) 'isr_pipeline' retrieved from /opt/airflow/dags/isr_pipeline.py
[2026-04-03T17:51:06.189+0000] {logging_mixin.py:188} INFO - [2026-04-03T17:51:06.189+0000] {dag.py:3096} INFO - Sync 1 DAGs
[2026-04-03T17:51:06.232+0000] {processor.py:183} INFO - Processing /opt/airflow/dags/isr_pipeline.py took 0.108 seconds
[2026-04-03T17:51:36.335+0000] {processor.py:161} INFO - Started process (PID=49972) to work on /opt/airflow/dags/isr_pipeline.py
[2026-04-03T17:51:36.337+0000] {processor.py:830} INFO - Processing file /opt/airflow/dags/isr_pipeline.py for tasks to queue
[2026-04-03T17:51:36.338+0000] {logging_mixin.py:188} INFO - [2026-04-03T17:51:36.338+0000] {dagbag.py:540} INFO - Filling up the DagBag from /opt/airflow/dags/isr_pipeline.py
[2026-04-03T17:51:36.357+0000] {processor.py:840} INFO - DAG(s) 'isr_pipeline' retrieved from /opt/airflow/dags/isr_pipeline.py
[2026-04-03T17:51:36.394+0000] {logging_mixin.py:188} INFO - [2026-04-03T17:51:36.394+0000] {dag.py:3096} INFO - Sync 1 DAGs
[2026-04-03T17:51:36.437+0000] {processor.py:183} INFO - Processing /opt/airflow/dags/isr_pipeline.py took 0.111 seconds
[2026-04-03T17:52:06.580+0000] {processor.py:161} INFO - Started process (PID=49977) to work on /opt/airflow/dags/isr_pipeline.py
[2026-04-03T17:52:06.581+0000] {processor.py:830} INFO - Processing file /opt/airflow/dags/isr_pipeline.py for tasks to queue
[2026-04-03T17:52:06.583+0000] {logging_mixin.py:188} INFO - [2026-04-03T17:52:06.582+0000] {dagbag.py:540} INFO - Filling up the DagBag from /opt/airflow/dags/isr_pipeline.py
[2026-04-03T17:52:06.604+0000] {processor.py:840} INFO - DAG(s) 'isr_pipeline' retrieved from /opt/airflow/dags/isr_pipeline.py
[2026-04-03T17:52:06.643+0000] {logging_mixin.py:188} INFO - [2026-04-03T17:52:06.643+0000] {dag.py:3096} INFO - Sync 1 DAGs
[2026-04-03T17:52:06.685+0000] {processor.py:183} INFO - Processing /opt/airflow/dags/isr_pipeline.py took 0.114 seconds
[2026-04-03T17:52:36.780+0000] {processor.py:161} INFO - Started process (PID=49982) to work on /opt/airflow/dags/isr_pipeline.py
[2026-04-03T17:52:36.782+0000] {processor.py:830} INFO - Processing file /opt/airflow/dags/isr_pipeline.py for tasks to queue
[2026-04-03T17:52:36.784+0000] {logging_mixin.py:188} INFO - [2026-04-03T17:52:36.783+0000] {dagbag.py:540} INFO - Filling up the DagBag from /opt/airflow/dags/isr_pipeline.py
[2026-04-03T17:52:36.802+0000] {processor.py:840} INFO - DAG(s) 'isr_pipeline' retrieved from /opt/airflow/dags/isr_pipeline.py
[2026-04-03T17:52:36.839+0000] {logging_mixin.py:188} INFO - [2026-04-03T17:52:36.839+0000] {dag.py:3096} INFO - Sync 1 DAGs
[2026-04-03T17:52:36.880+0000] {processor.py:183} INFO - Processing /opt/airflow/dags/isr_pipeline.py took 0.109 seconds
[2026-04-03T17:53:07.057+0000] {processor.py:161} INFO - Started process (PID=49987) to work on /opt/airflow/dags/isr_pipeline.py
[2026-04-03T17:53:07.058+0000] {processor.py:830} INFO - Processing file /opt/airflow/dags/isr_pipeline.py for tasks to queue
[2026-04-03T17:53:07.059+0000] {logging_mixin.py:188} INFO - [2026-04-03T17:53:07.059+0000] {dagbag.py:540} INFO - Filling up the DagBag from /opt/airflow/dags/isr_pipeline.py
[2026-04-03T17:53:07.077+0000] {processor.py:840} INFO - DAG(s) 'isr_pipeline' retrieved from /opt/airflow/dags/isr_pipeline.py
[2026-04-03T17:53:07.115+0000] {logging_mixin.py:188} INFO - [2026-04-03T17:53:07.115+0000] {dag.py:3096} INFO - Sync 1 DAGs
[2026-04-03T17:53:07.157+0000] {processor.py:183} INFO - Processing /opt/airflow/dags/isr_pipeline.py took 0.108 seconds
[2026-04-03T17:53:37.206+0000] {processor.py:161} INFO - Started process (PID=49992) to work on /opt/airflow/dags/isr_pipeline.py
[2026-04-03T17:53:37.208+0000] {processor.py:830} INFO - Processing file /opt/airflow/dags/isr_pipeline.py for tasks to queue
[2026-04-03T17:53:37.210+0000] {logging_mixin.py:188} INFO - [2026-04-03T17:53:37.210+0000] {dagbag.py:540} INFO - Filling up the DagBag from /opt/airflow/dags/isr_pipeline.py
[2026-04-03T17:53:37.231+0000] {processor.py:840} INFO - DAG(s) 'isr_pipeline' retrieved from /opt/airflow/dags/isr_pipeline.py
[2026-04-03T17:53:37.280+0000] {logging_mixin.py:188} INFO - [2026-04-03T17:53:37.279+0000] {dag.py:3096} INFO - Sync 1 DAGs
[2026-04-03T17:53:37.349+0000] {processor.py:183} INFO - Processing /opt/airflow/dags/isr_pipeline.py took 0.152 seconds
[2026-04-03T17:54:07.475+0000] {processor.py:161} INFO - Started process (PID=49997) to work on /opt/airflow/dags/isr_pipeline.py
[2026-04-03T17:54:07.478+0000] {processor.py:830} INFO - Processing file /opt/airflow/dags/isr_pipeline.py for tasks to queue
[2026-04-03T17:54:07.480+0000] {logging_mixin.py:188} INFO - [2026-04-03T17:54:07.480+0000] {dagbag.py:540} INFO - Filling up the DagBag from /opt/airflow/dags/isr_pipeline.py
[2026-04-03T17:54:07.501+0000] {processor.py:840} INFO - DAG(s) 'isr_pipeline' retrieved from /opt/airflow/dags/isr_pipeline.py
[2026-04-03T17:54:07.544+0000] {logging_mixin.py:188} INFO - [2026-04-03T17:54:07.544+0000] {dag.py:3096} INFO - Sync 1 DAGs
[2026-04-03T17:54:07.602+0000] {processor.py:183} INFO - Processing /opt/airflow/dags/isr_pipeline.py took 0.137 seconds
[2026-04-03T17:54:37.756+0000] {processor.py:161} INFO - Started process (PID=50002) to work on /opt/airflow/dags/isr_pipeline.py
[2026-04-03T17:54:37.758+0000] {processor.py:830} INFO - Processing file /opt/airflow/dags/isr_pipeline.py for tasks to queue
[2026-04-03T17:54:37.759+0000] {logging_mixin.py:188} INFO - [2026-04-03T17:54:37.759+0000] {dagbag.py:540} INFO - Filling up the DagBag from /opt/airflow/dags/isr_pipeline.py
[2026-04-03T17:54:37.777+0000] {processor.py:840} INFO - DAG(s) 'isr_pipeline' retrieved from /opt/airflow/dags/isr_pipeline.py
[2026-04-03T17:54:37.818+0000] {logging_mixin.py:188} INFO - [2026-04-03T17:54:37.818+0000] {dag.py:3096} INFO - Sync 1 DAGs
[2026-04-03T17:54:37.861+0000] {processor.py:183} INFO - Processing /opt/airflow/dags/isr_pipeline.py took 0.113 seconds
[2026-04-03T17:55:07.915+0000] {processor.py:161} INFO - Started process (PID=50007) to work on /opt/airflow/dags/isr_pipeline.py
[2026-04-03T17:55:07.916+0000] {processor.py:830} INFO - Processing file /opt/airflow/dags/isr_pipeline.py for tasks to queue
[2026-04-03T17:55:07.917+0000] {logging_mixin.py:188} INFO - [2026-04-03T17:55:07.917+0000] {dagbag.py:540} INFO - Filling up the DagBag from /opt/airflow/dags/isr_pipeline.py
[2026-04-03T17:55:07.935+0000] {processor.py:840} INFO - DAG(s) 'isr_pipeline' retrieved from /opt/airflow/dags/isr_pipeline.py
[2026-04-03T17:55:07.973+0000] {logging_mixin.py:188} INFO - [2026-04-03T17:55:07.973+0000] {dag.py:3096} INFO - Sync 1 DAGs
[2026-04-03T17:55:08.016+0000] {processor.py:183} INFO - Processing /opt/airflow/dags/isr_pipeline.py took 0.109 seconds
[2026-04-03T17:55:38.175+0000] {processor.py:161} INFO - Started process (PID=50012) to work on /opt/airflow/dags/isr_pipeline.py
[2026-04-03T17:55:38.176+0000] {processor.py:830} INFO - Processing file /opt/airflow/dags/isr_pipeline.py for tasks to queue
[2026-04-03T17:55:38.177+0000] {logging_mixin.py:188} INFO - [2026-04-03T17:55:38.177+0000] {dagbag.py:540} INFO - Filling up the DagBag from /opt/airflow/dags/isr_pipeline.py
[2026-04-03T17:55:38.196+0000] {processor.py:840} INFO - DAG(s) 'isr_pipeline' retrieved from /opt/airflow/dags/isr_pipeline.py
[2026-04-03T17:55:38.235+0000] {logging_mixin.py:188} INFO - [2026-04-03T17:55:38.235+0000] {dag.py:3096} INFO - Sync 1 DAGs
[2026-04-03T17:55:38.277+0000] {processor.py:183} INFO - Processing /opt/airflow/dags/isr_pipeline.py took 0.110 seconds
[2026-04-03T17:56:08.387+0000] {processor.py:161} INFO - Started process (PID=50017) to work on /opt/airflow/dags/isr_pipeline.py
[2026-04-03T17:56:08.389+0000] {processor.py:830} INFO - Processing file /opt/airflow/dags/isr_pipeline.py for tasks to queue
[2026-04-03T17:56:08.390+0000] {logging_mixin.py:188} INFO - [2026-04-03T17:56:08.390+0000] {dagbag.py:540} INFO - Filling up the DagBag from /opt/airflow/dags/isr_pipeline.py
[2026-04-03T17:56:08.414+0000] {processor.py:840} INFO - DAG(s) 'isr_pipeline' retrieved from /opt/airflow/dags/isr_pipeline.py
[2026-04-03T17:56:08.463+0000] {logging_mixin.py:188} INFO - [2026-04-03T17:56:08.462+0000] {dag.py:3096} INFO - Sync 1 DAGs
[2026-04-03T17:56:08.510+0000] {processor.py:183} INFO - Processing /opt/airflow/dags/isr_pipeline.py took 0.134 seconds
[2026-04-03T17:56:38.590+0000] {processor.py:161} INFO - Started process (PID=50022) to work on /opt/airflow/dags/isr_pipeline.py
[2026-04-03T17:56:38.592+0000] {processor.py:830} INFO - Processing file /opt/airflow/dags/isr_pipeline.py for tasks to queue
[2026-04-03T17:56:38.594+0000] {logging_mixin.py:188} INFO - [2026-04-03T17:56:38.593+0000] {dagbag.py:540} INFO - Filling up the DagBag from /opt/airflow/dags/isr_pipeline.py
[2026-04-03T17:56:38.612+0000] {processor.py:840} INFO - DAG(s) 'isr_pipeline' retrieved from /opt/airflow/dags/isr_pipeline.py
[2026-04-03T17:56:38.652+0000] {logging_mixin.py:188} INFO - [2026-04-03T17:56:38.651+0000] {dag.py:3096} INFO - Sync 1 DAGs
[2026-04-03T17:56:38.695+0000] {processor.py:183} INFO - Processing /opt/airflow/dags/isr_pipeline.py took 0.113 seconds
[2026-04-03T17:57:08.817+0000] {processor.py:161} INFO - Started process (PID=50027) to work on /opt/airflow/dags/isr_pipeline.py
[2026-04-03T17:57:08.818+0000] {processor.py:830} INFO - Processing file /opt/airflow/dags/isr_pipeline.py for tasks to queue
[2026-04-03T17:57:08.820+0000] {logging_mixin.py:188} INFO - [2026-04-03T17:57:08.820+0000] {dagbag.py:540} INFO - Filling up the DagBag from /opt/airflow/dags/isr_pipeline.py
[2026-04-03T17:57:08.840+0000] {processor.py:840} INFO - DAG(s) 'isr_pipeline' retrieved from /opt/airflow/dags/isr_pipeline.py
[2026-04-03T17:57:08.879+0000] {logging_mixin.py:188} INFO - [2026-04-03T17:57:08.878+0000] {dag.py:3096} INFO - Sync 1 DAGs
[2026-04-03T17:57:08.924+0000] {processor.py:183} INFO - Processing /opt/airflow/dags/isr_pipeline.py took 0.115 seconds
[2026-04-03T17:57:39.036+0000] {processor.py:161} INFO - Started process (PID=50032) to work on /opt/airflow/dags/isr_pipeline.py
[2026-04-03T17:57:39.038+0000] {processor.py:830} INFO - Processing file /opt/airflow/dags/isr_pipeline.py for tasks to queue
[2026-04-03T17:57:39.039+0000] {logging_mixin.py:188} INFO - [2026-04-03T17:57:39.039+0000] {dagbag.py:540} INFO - Filling up the DagBag from /opt/airflow/dags/isr_pipeline.py
[2026-04-03T17:57:39.057+0000] {processor.py:840} INFO - DAG(s) 'isr_pipeline' retrieved from /opt/airflow/dags/isr_pipeline.py
[2026-04-03T17:57:39.097+0000] {logging_mixin.py:188} INFO - [2026-04-03T17:57:39.097+0000] {dag.py:3096} INFO - Sync 1 DAGs
[2026-04-03T17:57:39.140+0000] {processor.py:183} INFO - Processing /opt/airflow/dags/isr_pipeline.py took 0.112 seconds
[2026-04-03T17:58:09.202+0000] {processor.py:161} INFO - Started process (PID=50037) to work on /opt/airflow/dags/isr_pipeline.py
[2026-04-03T17:58:09.204+0000] {processor.py:830} INFO - Processing file /opt/airflow/dags/isr_pipeline.py for tasks to queue
[2026-04-03T17:58:09.206+0000] {logging_mixin.py:188} INFO - [2026-04-03T17:58:09.206+0000] {dagbag.py:540} INFO - Filling up the DagBag from /opt/airflow/dags/isr_pipeline.py
[2026-04-03T17:58:09.226+0000] {processor.py:840} INFO - DAG(s) 'isr_pipeline' retrieved from /opt/airflow/dags/isr_pipeline.py
[2026-04-03T17:58:09.265+0000] {logging_mixin.py:188} INFO - [2026-04-03T17:58:09.265+0000] {dag.py:3096} INFO - Sync 1 DAGs
[2026-04-03T17:58:09.310+0000] {processor.py:183} INFO - Processing /opt/airflow/dags/isr_pipeline.py took 0.115 seconds
[2026-04-03T17:58:39.455+0000] {processor.py:161} INFO - Started process (PID=50042) to work on /opt/airflow/dags/isr_pipeline.py
[2026-04-03T17:58:39.457+0000] {processor.py:830} INFO - Processing file /opt/airflow/dags/isr_pipeline.py for tasks to queue
[2026-04-03T17:58:39.458+0000] {logging_mixin.py:188} INFO - [2026-04-03T17:58:39.458+0000] {dagbag.py:540} INFO - Filling up the DagBag from /opt/airflow/dags/isr_pipeline.py
[2026-04-03T17:58:39.477+0000] {processor.py:840} INFO - DAG(s) 'isr_pipeline' retrieved from /opt/airflow/dags/isr_pipeline.py
[2026-04-03T17:58:39.515+0000] {logging_mixin.py:188} INFO - [2026-04-03T17:58:39.515+0000] {dag.py:3096} INFO - Sync 1 DAGs
[2026-04-03T17:58:39.559+0000] {processor.py:183} INFO - Processing /opt/airflow/dags/isr_pipeline.py took 0.112 seconds
[2026-04-03T17:59:09.625+0000] {processor.py:161} INFO - Started process (PID=50047) to work on /opt/airflow/dags/isr_pipeline.py
[2026-04-03T17:59:09.626+0000] {processor.py:830} INFO - Processing file /opt/airflow/dags/isr_pipeline.py for tasks to queue
[2026-04-03T17:59:09.628+0000] {logging_mixin.py:188} INFO - [2026-04-03T17:59:09.627+0000] {dagbag.py:540} INFO - Filling up the DagBag from /opt/airflow/dags/isr_pipeline.py
[2026-04-03T17:59:09.646+0000] {processor.py:840} INFO - DAG(s) 'isr_pipeline' retrieved from /opt/airflow/dags/isr_pipeline.py
[2026-04-03T17:59:09.685+0000] {logging_mixin.py:188} INFO - [2026-04-03T17:59:09.685+0000] {dag.py:3096} INFO - Sync 1 DAGs
[2026-04-03T17:59:09.730+0000] {processor.py:183} INFO - Processing /opt/airflow/dags/isr_pipeline.py took 0.114 seconds
[2026-04-03T17:59:39.854+0000] {processor.py:161} INFO - Started process (PID=50052) to work on /opt/airflow/dags/isr_pipeline.py
[2026-04-03T17:59:39.855+0000] {processor.py:830} INFO - Processing file /opt/airflow/dags/isr_pipeline.py for tasks to queue
[2026-04-03T17:59:39.857+0000] {logging_mixin.py:188} INFO - [2026-04-03T17:59:39.856+0000] {dagbag.py:540} INFO - Filling up the DagBag from /opt/airflow/dags/isr_pipeline.py
[2026-04-03T17:59:39.874+0000] {processor.py:840} INFO - DAG(s) 'isr_pipeline' retrieved from /opt/airflow/dags/isr_pipeline.py
[2026-04-03T17:59:39.910+0000] {logging_mixin.py:188} INFO - [2026-04-03T17:59:39.910+0000] {dag.py:3096} INFO - Sync 1 DAGs
[2026-04-03T17:59:39.951+0000] {processor.py:183} INFO - Processing /opt/airflow/dags/isr_pipeline.py took 0.106 seconds
[2026-04-03T18:00:10.023+0000] {processor.py:161} INFO - Started process (PID=50057) to work on /opt/airflow/dags/isr_pipeline.py
[2026-04-03T18:00:10.025+0000] {processor.py:830} INFO - Processing file /opt/airflow/dags/isr_pipeline.py for tasks to queue
[2026-04-03T18:00:10.026+0000] {logging_mixin.py:188} INFO - [2026-04-03T18:00:10.026+0000] {dagbag.py:540} INFO - Filling up the DagBag from /opt/airflow/dags/isr_pipeline.py
[2026-04-03T18:00:10.044+0000] {processor.py:840} INFO - DAG(s) 'isr_pipeline' retrieved from /opt/airflow/dags/isr_pipeline.py
[2026-04-03T18:00:10.082+0000] {logging_mixin.py:188} INFO - [2026-04-03T18:00:10.082+0000] {dag.py:3096} INFO - Sync 1 DAGs
[2026-04-03T18:00:10.123+0000] {processor.py:183} INFO - Processing /opt/airflow/dags/isr_pipeline.py took 0.107 seconds
[2026-04-03T18:00:40.257+0000] {processor.py:161} INFO - Started process (PID=50062) to work on /opt/airflow/dags/isr_pipeline.py
[2026-04-03T18:00:40.258+0000] {processor.py:830} INFO - Processing file /opt/airflow/dags/isr_pipeline.py for tasks to queue
[2026-04-03T18:00:40.260+0000] {logging_mixin.py:188} INFO - [2026-04-03T18:00:40.259+0000] {dagbag.py:540} INFO - Filling up the DagBag from /opt/airflow/dags/isr_pipeline.py
[2026-04-03T18:00:40.278+0000] {processor.py:840} INFO - DAG(s) 'isr_pipeline' retrieved from /opt/airflow/dags/isr_pipeline.py
[2026-04-03T18:00:40.315+0000] {logging_mixin.py:188} INFO - [2026-04-03T18:00:40.315+0000] {dag.py:3096} INFO - Sync 1 DAGs
[2026-04-03T18:00:40.357+0000] {processor.py:183} INFO - Processing /opt/airflow/dags/isr_pipeline.py took 0.107 seconds
[2026-04-03T18:01:10.435+0000] {processor.py:161} INFO - Started process (PID=50067) to work on /opt/airflow/dags/isr_pipeline.py
[2026-04-03T18:01:10.437+0000] {processor.py:830} INFO - Processing file /opt/airflow/dags/isr_pipeline.py for tasks to queue
[2026-04-03T18:01:10.438+0000] {logging_mixin.py:188} INFO - [2026-04-03T18:01:10.438+0000] {dagbag.py:540} INFO - Filling up the DagBag from /opt/airflow/dags/isr_pipeline.py
[2026-04-03T18:01:10.457+0000] {processor.py:840} INFO - DAG(s) 'isr_pipeline' retrieved from /opt/airflow/dags/isr_pipeline.py
[2026-04-03T18:01:10.495+0000] {logging_mixin.py:188} INFO - [2026-04-03T18:01:10.494+0000] {dag.py:3096} INFO - Sync 1 DAGs
[2026-04-03T18:01:10.537+0000] {processor.py:183} INFO - Processing /opt/airflow/dags/isr_pipeline.py took 0.112 seconds
[2026-04-03T18:01:40.714+0000] {processor.py:161} INFO - Started process (PID=50072) to work on /opt/airflow/dags/isr_pipeline.py
[2026-04-03T18:01:40.716+0000] {processor.py:830} INFO - Processing file /opt/airflow/dags/isr_pipeline.py for tasks to queue
[2026-04-03T18:01:40.718+0000] {logging_mixin.py:188} INFO - [2026-04-03T18:01:40.718+0000] {dagbag.py:540} INFO - Filling up the DagBag from /opt/airflow/dags/isr_pipeline.py
[2026-04-03T18:01:40.737+0000] {processor.py:840} INFO - DAG(s) 'isr_pipeline' retrieved from /opt/airflow/dags/isr_pipeline.py
[2026-04-03T18:01:40.774+0000] {logging_mixin.py:188} INFO - [2026-04-03T18:01:40.774+0000] {dag.py:3096} INFO - Sync 1 DAGs
[2026-04-03T18:01:40.816+0000] {processor.py:183} INFO - Processing /opt/airflow/dags/isr_pipeline.py took 0.111 seconds
[2026-04-03T18:02:10.873+0000] {processor.py:161} INFO - Started process (PID=50077) to work on /opt/airflow/dags/isr_pipeline.py
[2026-04-03T18:02:10.874+0000] {processor.py:830} INFO - Processing file /opt/airflow/dags/isr_pipeline.py for tasks to queue
[2026-04-03T18:02:10.876+0000] {logging_mixin.py:188} INFO - [2026-04-03T18:02:10.875+0000] {dagbag.py:540} INFO - Filling up the DagBag from /opt/airflow/dags/isr_pipeline.py
[2026-04-03T18:02:10.893+0000] {processor.py:840} INFO - DAG(s) 'isr_pipeline' retrieved from /opt/airflow/dags/isr_pipeline.py
[2026-04-03T18:02:10.929+0000] {logging_mixin.py:188} INFO - [2026-04-03T18:02:10.929+0000] {dag.py:3096} INFO - Sync 1 DAGs
[2026-04-03T18:02:10.970+0000] {processor.py:183} INFO - Processing /opt/airflow/dags/isr_pipeline.py took 0.106 seconds
[2026-04-03T18:02:41.170+0000] {processor.py:161} INFO - Started process (PID=50082) to work on /opt/airflow/dags/isr_pipeline.py
[2026-04-03T18:02:41.172+0000] {processor.py:830} INFO - Processing file /opt/airflow/dags/isr_pipeline.py for tasks to queue
[2026-04-03T18:02:41.173+0000] {logging_mixin.py:188} INFO - [2026-04-03T18:02:41.173+0000] {dagbag.py:540} INFO - Filling up the DagBag from /opt/airflow/dags/isr_pipeline.py
[2026-04-03T18:02:41.192+0000] {processor.py:840} INFO - DAG(s) 'isr_pipeline' retrieved from /opt/airflow/dags/isr_pipeline.py
[2026-04-03T18:02:41.228+0000] {logging_mixin.py:188} INFO - [2026-04-03T18:02:41.228+0000] {dag.py:3096} INFO - Sync 1 DAGs
[2026-04-03T18:02:41.271+0000] {processor.py:183} INFO - Processing /opt/airflow/dags/isr_pipeline.py took 0.109 seconds
[2026-04-03T18:03:11.343+0000] {processor.py:161} INFO - Started process (PID=50087) to work on /opt/airflow/dags/isr_pipeline.py
[2026-04-03T18:03:11.344+0000] {processor.py:830} INFO - Processing file /opt/airflow/dags/isr_pipeline.py for tasks to queue
[2026-04-03T18:03:11.345+0000] {logging_mixin.py:188} INFO - [2026-04-03T18:03:11.345+0000] {dagbag.py:540} INFO - Filling up the DagBag from /opt/airflow/dags/isr_pipeline.py
[2026-04-03T18:03:11.365+0000] {processor.py:840} INFO - DAG(s) 'isr_pipeline' retrieved from /opt/airflow/dags/isr_pipeline.py
[2026-04-03T18:03:11.416+0000] {logging_mixin.py:188} INFO - [2026-04-03T18:03:11.415+0000] {dag.py:3096} INFO - Sync 1 DAGs
[2026-04-03T18:03:11.473+0000] {processor.py:183} INFO - Processing /opt/airflow/dags/isr_pipeline.py took 0.138 seconds
[2026-04-03T18:03:41.614+0000] {processor.py:161} INFO - Started process (PID=50092) to work on /opt/airflow/dags/isr_pipeline.py
[2026-04-03T18:03:41.616+0000] {processor.py:830} INFO - Processing file /opt/airflow/dags/isr_pipeline.py for tasks to queue
[2026-04-03T18:03:41.618+0000] {logging_mixin.py:188} INFO - [2026-04-03T18:03:41.618+0000] {dagbag.py:540} INFO - Filling up the DagBag from /opt/airflow/dags/isr_pipeline.py
[2026-04-03T18:03:41.637+0000] {processor.py:840} INFO - DAG(s) 'isr_pipeline' retrieved from /opt/airflow/dags/isr_pipeline.py
[2026-04-03T18:03:41.675+0000] {logging_mixin.py:188} INFO - [2026-04-03T18:03:41.675+0000] {dag.py:3096} INFO - Sync 1 DAGs
[2026-04-03T18:03:41.721+0000] {processor.py:183} INFO - Processing /opt/airflow/dags/isr_pipeline.py took 0.115 seconds
[2026-04-03T18:04:11.772+0000] {processor.py:161} INFO - Started process (PID=50097) to work on /opt/airflow/dags/isr_pipeline.py
[2026-04-03T18:04:11.773+0000] {processor.py:830} INFO - Processing file /opt/airflow/dags/isr_pipeline.py for tasks to queue
[2026-04-03T18:04:11.774+0000] {logging_mixin.py:188} INFO - [2026-04-03T18:04:11.774+0000] {dagbag.py:540} INFO - Filling up the DagBag from /opt/airflow/dags/isr_pipeline.py
[2026-04-03T18:04:11.795+0000] {processor.py:840} INFO - DAG(s) 'isr_pipeline' retrieved from /opt/airflow/dags/isr_pipeline.py
[2026-04-03T18:04:11.834+0000] {logging_mixin.py:188} INFO - [2026-04-03T18:04:11.834+0000] {dag.py:3096} INFO - Sync 1 DAGs
[2026-04-03T18:04:11.879+0000] {processor.py:183} INFO - Processing /opt/airflow/dags/isr_pipeline.py took 0.115 seconds
[2026-04-03T18:04:42.033+0000] {processor.py:161} INFO - Started process (PID=50102) to work on /opt/airflow/dags/isr_pipeline.py
[2026-04-03T18:04:42.034+0000] {processor.py:830} INFO - Processing file /opt/airflow/dags/isr_pipeline.py for tasks to queue
[2026-04-03T18:04:42.036+0000] {logging_mixin.py:188} INFO - [2026-04-03T18:04:42.035+0000] {dagbag.py:540} INFO - Filling up the DagBag from /opt/airflow/dags/isr_pipeline.py
[2026-04-03T18:04:42.054+0000] {processor.py:840} INFO - DAG(s) 'isr_pipeline' retrieved from /opt/airflow/dags/isr_pipeline.py
[2026-04-03T18:04:42.093+0000] {logging_mixin.py:188} INFO - [2026-04-03T18:04:42.092+0000] {dag.py:3096} INFO - Sync 1 DAGs
[2026-04-03T18:04:42.137+0000] {processor.py:183} INFO - Processing /opt/airflow/dags/isr_pipeline.py took 0.112 seconds
[2026-04-03T18:05:12.247+0000] {processor.py:161} INFO - Started process (PID=50107) to work on /opt/airflow/dags/isr_pipeline.py
[2026-04-03T18:05:12.249+0000] {processor.py:830} INFO - Processing file /opt/airflow/dags/isr_pipeline.py for tasks to queue
[2026-04-03T18:05:12.250+0000] {logging_mixin.py:188} INFO - [2026-04-03T18:05:12.250+0000] {dagbag.py:540} INFO - Filling up the DagBag from /opt/airflow/dags/isr_pipeline.py
[2026-04-03T18:05:12.269+0000] {processor.py:840} INFO - DAG(s) 'isr_pipeline' retrieved from /opt/airflow/dags/isr_pipeline.py
[2026-04-03T18:05:12.309+0000] {logging_mixin.py:188} INFO - [2026-04-03T18:05:12.309+0000] {dag.py:3096} INFO - Sync 1 DAGs
[2026-04-03T18:05:12.354+0000] {processor.py:183} INFO - Processing /opt/airflow/dags/isr_pipeline.py took 0.116 seconds
[2026-04-03T18:05:42.398+0000] {processor.py:161} INFO - Started process (PID=50112) to work on /opt/airflow/dags/isr_pipeline.py
[2026-04-03T18:05:42.399+0000] {processor.py:830} INFO - Processing file /opt/airflow/dags/isr_pipeline.py for tasks to queue
[2026-04-03T18:05:42.401+0000] {logging_mixin.py:188} INFO - [2026-04-03T18:05:42.400+0000] {dagbag.py:540} INFO - Filling up the DagBag from /opt/airflow/dags/isr_pipeline.py
[2026-04-03T18:05:42.421+0000] {processor.py:840} INFO - DAG(s) 'isr_pipeline' retrieved from /opt/airflow/dags/isr_pipeline.py
[2026-04-03T18:05:42.460+0000] {logging_mixin.py:188} INFO - [2026-04-03T18:05:42.460+0000] {dag.py:3096} INFO - Sync 1 DAGs
[2026-04-03T18:05:42.505+0000] {processor.py:183} INFO - Processing /opt/airflow/dags/isr_pipeline.py took 0.115 seconds
[2026-04-03T18:06:12.667+0000] {processor.py:161} INFO - Started process (PID=50117) to work on /opt/airflow/dags/isr_pipeline.py
[2026-04-03T18:06:12.669+0000] {processor.py:830} INFO - Processing file /opt/airflow/dags/isr_pipeline.py for tasks to queue
[2026-04-03T18:06:12.670+0000] {logging_mixin.py:188} INFO - [2026-04-03T18:06:12.670+0000] {dagbag.py:540} INFO - Filling up the DagBag from /opt/airflow/dags/isr_pipeline.py
[2026-04-03T18:06:12.689+0000] {processor.py:840} INFO - DAG(s) 'isr_pipeline' retrieved from /opt/airflow/dags/isr_pipeline.py
[2026-04-03T18:06:12.727+0000] {logging_mixin.py:188} INFO - [2026-04-03T18:06:12.726+0000] {dag.py:3096} INFO - Sync 1 DAGs
[2026-04-03T18:06:12.773+0000] {processor.py:183} INFO - Processing /opt/airflow/dags/isr_pipeline.py took 0.113 seconds
[2026-04-03T18:06:42.846+0000] {processor.py:161} INFO - Started process (PID=50122) to work on /opt/airflow/dags/isr_pipeline.py
[2026-04-03T18:06:42.848+0000] {processor.py:830} INFO - Processing file /opt/airflow/dags/isr_pipeline.py for tasks to queue
[2026-04-03T18:06:42.849+0000] {logging_mixin.py:188} INFO - [2026-04-03T18:06:42.849+0000] {dagbag.py:540} INFO - Filling up the DagBag from /opt/airflow/dags/isr_pipeline.py
[2026-04-03T18:06:42.868+0000] {processor.py:840} INFO - DAG(s) 'isr_pipeline' retrieved from /opt/airflow/dags/isr_pipeline.py
[2026-04-03T18:06:42.911+0000] {logging_mixin.py:188} INFO - [2026-04-03T18:06:42.910+0000] {dag.py:3096} INFO - Sync 1 DAGs
[2026-04-03T18:06:42.954+0000] {processor.py:183} INFO - Processing /opt/airflow/dags/isr_pipeline.py took 0.117 seconds
[2026-04-03T18:07:13.088+0000] {processor.py:161} INFO - Started process (PID=50127) to work on /opt/airflow/dags/isr_pipeline.py
[2026-04-03T18:07:13.090+0000] {processor.py:830} INFO - Processing file /opt/airflow/dags/isr_pipeline.py for tasks to queue
[2026-04-03T18:07:13.091+0000] {logging_mixin.py:188} INFO - [2026-04-03T18:07:13.091+0000] {dagbag.py:540} INFO - Filling up the DagBag from /opt/airflow/dags/isr_pipeline.py
[2026-04-03T18:07:13.110+0000] {processor.py:840} INFO - DAG(s) 'isr_pipeline' retrieved from /opt/airflow/dags/isr_pipeline.py
[2026-04-03T18:07:13.152+0000] {logging_mixin.py:188} INFO - [2026-04-03T18:07:13.152+0000] {dag.py:3096} INFO - Sync 1 DAGs
[2026-04-03T18:07:13.199+0000] {processor.py:183} INFO - Processing /opt/airflow/dags/isr_pipeline.py took 0.118 seconds
[2026-04-03T18:07:43.270+0000] {processor.py:161} INFO - Started process (PID=50132) to work on /opt/airflow/dags/isr_pipeline.py
[2026-04-03T18:07:43.273+0000] {processor.py:830} INFO - Processing file /opt/airflow/dags/isr_pipeline.py for tasks to queue
[2026-04-03T18:07:43.275+0000] {logging_mixin.py:188} INFO - [2026-04-03T18:07:43.274+0000] {dagbag.py:540} INFO - Filling up the DagBag from /opt/airflow/dags/isr_pipeline.py
[2026-04-03T18:07:43.294+0000] {processor.py:840} INFO - DAG(s) 'isr_pipeline' retrieved from /opt/airflow/dags/isr_pipeline.py
[2026-04-03T18:07:43.337+0000] {logging_mixin.py:188} INFO - [2026-04-03T18:07:43.337+0000] {dag.py:3096} INFO - Sync 1 DAGs
[2026-04-03T18:07:43.382+0000] {processor.py:183} INFO - Processing /opt/airflow/dags/isr_pipeline.py took 0.121 seconds
[2026-04-03T18:08:13.502+0000] {processor.py:161} INFO - Started process (PID=50137) to work on /opt/airflow/dags/isr_pipeline.py
[2026-04-03T18:08:13.503+0000] {processor.py:830} INFO - Processing file /opt/airflow/dags/isr_pipeline.py for tasks to queue
[2026-04-03T18:08:13.505+0000] {logging_mixin.py:188} INFO - [2026-04-03T18:08:13.504+0000] {dagbag.py:540} INFO - Filling up the DagBag from /opt/airflow/dags/isr_pipeline.py
[2026-04-03T18:08:13.524+0000] {processor.py:840} INFO - DAG(s) 'isr_pipeline' retrieved from /opt/airflow/dags/isr_pipeline.py
[2026-04-03T18:08:13.565+0000] {logging_mixin.py:188} INFO - [2026-04-03T18:08:13.564+0000] {dag.py:3096} INFO - Sync 1 DAGs
[2026-04-03T18:08:13.609+0000] {processor.py:183} INFO - Processing /opt/airflow/dags/isr_pipeline.py took 0.116 seconds
[2026-04-03T18:08:43.768+0000] {processor.py:161} INFO - Started process (PID=50142) to work on /opt/airflow/dags/isr_pipeline.py
[2026-04-03T18:08:43.769+0000] {processor.py:830} INFO - Processing file /opt/airflow/dags/isr_pipeline.py for tasks to queue
[2026-04-03T18:08:43.771+0000] {logging_mixin.py:188} INFO - [2026-04-03T18:08:43.770+0000] {dagbag.py:540} INFO - Filling up the DagBag from /opt/airflow/dags/isr_pipeline.py
[2026-04-03T18:08:43.790+0000] {processor.py:840} INFO - DAG(s) 'isr_pipeline' retrieved from /opt/airflow/dags/isr_pipeline.py
[2026-04-03T18:08:43.828+0000] {logging_mixin.py:188} INFO - [2026-04-03T18:08:43.828+0000] {dag.py:3096} INFO - Sync 1 DAGs
[2026-04-03T18:08:43.872+0000] {processor.py:183} INFO - Processing /opt/airflow/dags/isr_pipeline.py took 0.113 seconds
[2026-04-03T18:09:13.936+0000] {processor.py:161} INFO - Started process (PID=50147) to work on /opt/airflow/dags/isr_pipeline.py
[2026-04-03T18:09:13.938+0000] {processor.py:830} INFO - Processing file /opt/airflow/dags/isr_pipeline.py for tasks to queue
[2026-04-03T18:09:13.939+0000] {logging_mixin.py:188} INFO - [2026-04-03T18:09:13.939+0000] {dagbag.py:540} INFO - Filling up the DagBag from /opt/airflow/dags/isr_pipeline.py
[2026-04-03T18:09:13.958+0000] {processor.py:840} INFO - DAG(s) 'isr_pipeline' retrieved from /opt/airflow/dags/isr_pipeline.py
[2026-04-03T18:09:13.996+0000] {logging_mixin.py:188} INFO - [2026-04-03T18:09:13.996+0000] {dag.py:3096} INFO - Sync 1 DAGs
[2026-04-03T18:09:14.040+0000] {processor.py:183} INFO - Processing /opt/airflow/dags/isr_pipeline.py took 0.112 seconds
[2026-04-03T18:09:44.161+0000] {processor.py:161} INFO - Started process (PID=50152) to work on /opt/airflow/dags/isr_pipeline.py
[2026-04-03T18:09:44.162+0000] {processor.py:830} INFO - Processing file /opt/airflow/dags/isr_pipeline.py for tasks to queue
[2026-04-03T18:09:44.163+0000] {logging_mixin.py:188} INFO - [2026-04-03T18:09:44.163+0000] {dagbag.py:540} INFO - Filling up the DagBag from /opt/airflow/dags/isr_pipeline.py
[2026-04-03T18:09:44.182+0000] {processor.py:840} INFO - DAG(s) 'isr_pipeline' retrieved from /opt/airflow/dags/isr_pipeline.py
[2026-04-03T18:09:44.220+0000] {logging_mixin.py:188} INFO - [2026-04-03T18:09:44.220+0000] {dag.py:3096} INFO - Sync 1 DAGs
[2026-04-03T18:09:44.264+0000] {processor.py:183} INFO - Processing /opt/airflow/dags/isr_pipeline.py took 0.112 seconds
[2026-04-03T18:10:14.353+0000] {processor.py:161} INFO - Started process (PID=50157) to work on /opt/airflow/dags/isr_pipeline.py
[2026-04-03T18:10:14.354+0000] {processor.py:830} INFO - Processing file /opt/airflow/dags/isr_pipeline.py for tasks to queue
[2026-04-03T18:10:14.356+0000] {logging_mixin.py:188} INFO - [2026-04-03T18:10:14.355+0000] {dagbag.py:540} INFO - Filling up the DagBag from /opt/airflow/dags/isr_pipeline.py
[2026-04-03T18:10:14.375+0000] {processor.py:840} INFO - DAG(s) 'isr_pipeline' retrieved from /opt/airflow/dags/isr_pipeline.py
[2026-04-03T18:10:14.415+0000] {logging_mixin.py:188} INFO - [2026-04-03T18:10:14.415+0000] {dag.py:3096} INFO - Sync 1 DAGs
[2026-04-03T18:10:14.459+0000] {processor.py:183} INFO - Processing /opt/airflow/dags/isr_pipeline.py took 0.114 seconds
[2026-04-03T18:10:44.595+0000] {processor.py:161} INFO - Started process (PID=50162) to work on /opt/airflow/dags/isr_pipeline.py
[2026-04-03T18:10:44.597+0000] {processor.py:830} INFO - Processing file /opt/airflow/dags/isr_pipeline.py for tasks to queue
[2026-04-03T18:10:44.598+0000] {logging_mixin.py:188} INFO - [2026-04-03T18:10:44.598+0000] {dagbag.py:540} INFO - Filling up the DagBag from /opt/airflow/dags/isr_pipeline.py
[2026-04-03T18:10:44.617+0000] {processor.py:840} INFO - DAG(s) 'isr_pipeline' retrieved from /opt/airflow/dags/isr_pipeline.py
[2026-04-03T18:10:44.657+0000] {logging_mixin.py:188} INFO - [2026-04-03T18:10:44.656+0000] {dag.py:3096} INFO - Sync 1 DAGs
[2026-04-03T18:10:44.700+0000] {processor.py:183} INFO - Processing /opt/airflow/dags/isr_pipeline.py took 0.117 seconds
[2026-04-03T18:11:14.796+0000] {processor.py:161} INFO - Started process (PID=50167) to work on /opt/airflow/dags/isr_pipeline.py
[2026-04-03T18:11:14.797+0000] {processor.py:830} INFO - Processing file /opt/airflow/dags/isr_pipeline.py for tasks to queue
[2026-04-03T18:11:14.799+0000] {logging_mixin.py:188} INFO - [2026-04-03T18:11:14.799+0000] {dagbag.py:540} INFO - Filling up the DagBag from /opt/airflow/dags/isr_pipeline.py
[2026-04-03T18:11:14.818+0000] {processor.py:840} INFO - DAG(s) 'isr_pipeline' retrieved from /opt/airflow/dags/isr_pipeline.py
[2026-04-03T18:11:14.856+0000] {logging_mixin.py:188} INFO - [2026-04-03T18:11:14.856+0000] {dag.py:3096} INFO - Sync 1 DAGs
[2026-04-03T18:11:14.900+0000] {processor.py:183} INFO - Processing /opt/airflow/dags/isr_pipeline.py took 0.112 seconds
[2026-04-03T18:11:44.990+0000] {processor.py:161} INFO - Started process (PID=50172) to work on /opt/airflow/dags/isr_pipeline.py
[2026-04-03T18:11:44.991+0000] {processor.py:830} INFO - Processing file /opt/airflow/dags/isr_pipeline.py for tasks to queue
[2026-04-03T18:11:44.992+0000] {logging_mixin.py:188} INFO - [2026-04-03T18:11:44.992+0000] {dagbag.py:540} INFO - Filling up the DagBag from /opt/airflow/dags/isr_pipeline.py
[2026-04-03T18:11:45.010+0000] {processor.py:840} INFO - DAG(s) 'isr_pipeline' retrieved from /opt/airflow/dags/isr_pipeline.py
[2026-04-03T18:11:45.047+0000] {logging_mixin.py:188} INFO - [2026-04-03T18:11:45.047+0000] {dag.py:3096} INFO - Sync 1 DAGs
[2026-04-03T18:11:45.090+0000] {processor.py:183} INFO - Processing /opt/airflow/dags/isr_pipeline.py took 0.109 seconds
[2026-04-03T18:12:15.201+0000] {processor.py:161} INFO - Started process (PID=50177) to work on /opt/airflow/dags/isr_pipeline.py
[2026-04-03T18:12:15.203+0000] {processor.py:830} INFO - Processing file /opt/airflow/dags/isr_pipeline.py for tasks to queue
[2026-04-03T18:12:15.204+0000] {logging_mixin.py:188} INFO - [2026-04-03T18:12:15.204+0000] {dagbag.py:540} INFO - Filling up the DagBag from /opt/airflow/dags/isr_pipeline.py
[2026-04-03T18:12:15.222+0000] {processor.py:840} INFO - DAG(s) 'isr_pipeline' retrieved from /opt/airflow/dags/isr_pipeline.py
[2026-04-03T18:12:15.260+0000] {logging_mixin.py:188} INFO - [2026-04-03T18:12:15.259+0000] {dag.py:3096} INFO - Sync 1 DAGs
[2026-04-03T18:12:15.301+0000] {processor.py:183} INFO - Processing /opt/airflow/dags/isr_pipeline.py took 0.108 seconds
[2026-04-03T18:12:45.426+0000] {processor.py:161} INFO - Started process (PID=50182) to work on /opt/airflow/dags/isr_pipeline.py
[2026-04-03T18:12:45.429+0000] {processor.py:830} INFO - Processing file /opt/airflow/dags/isr_pipeline.py for tasks to queue
[2026-04-03T18:12:45.449+0000] {logging_mixin.py:188} INFO - [2026-04-03T18:12:45.449+0000] {dagbag.py:540} INFO - Filling up the DagBag from /opt/airflow/dags/isr_pipeline.py
[2026-04-03T18:12:45.486+0000] {processor.py:840} INFO - DAG(s) 'isr_pipeline' retrieved from /opt/airflow/dags/isr_pipeline.py
[2026-04-03T18:12:45.526+0000] {logging_mixin.py:188} INFO - [2026-04-03T18:12:45.526+0000] {dag.py:3096} INFO - Sync 1 DAGs
[2026-04-03T18:12:45.571+0000] {processor.py:183} INFO - Processing /opt/airflow/dags/isr_pipeline.py took 0.154 seconds
[2026-04-03T18:13:15.637+0000] {processor.py:161} INFO - Started process (PID=50187) to work on /opt/airflow/dags/isr_pipeline.py
[2026-04-03T18:13:15.639+0000] {processor.py:830} INFO - Processing file /opt/airflow/dags/isr_pipeline.py for tasks to queue
[2026-04-03T18:13:15.641+0000] {logging_mixin.py:188} INFO - [2026-04-03T18:13:15.640+0000] {dagbag.py:540} INFO - Filling up the DagBag from /opt/airflow/dags/isr_pipeline.py
[2026-04-03T18:13:15.660+0000] {processor.py:840} INFO - DAG(s) 'isr_pipeline' retrieved from /opt/airflow/dags/isr_pipeline.py
[2026-04-03T18:13:15.699+0000] {logging_mixin.py:188} INFO - [2026-04-03T18:13:15.699+0000] {dag.py:3096} INFO - Sync 1 DAGs
[2026-04-03T18:13:15.744+0000] {processor.py:183} INFO - Processing /opt/airflow/dags/isr_pipeline.py took 0.117 seconds
[2026-04-03T18:13:45.880+0000] {processor.py:161} INFO - Started process (PID=50192) to work on /opt/airflow/dags/isr_pipeline.py
[2026-04-03T18:13:45.882+0000] {processor.py:830} INFO - Processing file /opt/airflow/dags/isr_pipeline.py for tasks to queue
[2026-04-03T18:13:45.883+0000] {logging_mixin.py:188} INFO - [2026-04-03T18:13:45.883+0000] {dagbag.py:540} INFO - Filling up the DagBag from /opt/airflow/dags/isr_pipeline.py
[2026-04-03T18:13:45.903+0000] {processor.py:840} INFO - DAG(s) 'isr_pipeline' retrieved from /opt/airflow/dags/isr_pipeline.py
[2026-04-03T18:13:45.941+0000] {logging_mixin.py:188} INFO - [2026-04-03T18:13:45.941+0000] {dag.py:3096} INFO - Sync 1 DAGs
[2026-04-03T18:13:45.984+0000] {processor.py:183} INFO - Processing /opt/airflow/dags/isr_pipeline.py took 0.112 seconds
[2026-04-03T18:14:16.076+0000] {processor.py:161} INFO - Started process (PID=50197) to work on /opt/airflow/dags/isr_pipeline.py
[2026-04-03T18:14:16.078+0000] {processor.py:830} INFO - Processing file /opt/airflow/dags/isr_pipeline.py for tasks to queue
[2026-04-03T18:14:16.079+0000] {logging_mixin.py:188} INFO - [2026-04-03T18:14:16.079+0000] {dagbag.py:540} INFO - Filling up the DagBag from /opt/airflow/dags/isr_pipeline.py
[2026-04-03T18:14:16.098+0000] {processor.py:840} INFO - DAG(s) 'isr_pipeline' retrieved from /opt/airflow/dags/isr_pipeline.py
[2026-04-03T18:14:16.139+0000] {logging_mixin.py:188} INFO - [2026-04-03T18:14:16.139+0000] {dag.py:3096} INFO - Sync 1 DAGs
[2026-04-03T18:14:16.183+0000] {processor.py:183} INFO - Processing /opt/airflow/dags/isr_pipeline.py took 0.116 seconds
[2026-04-03T18:14:46.355+0000] {processor.py:161} INFO - Started process (PID=50202) to work on /opt/airflow/dags/isr_pipeline.py
[2026-04-03T18:14:46.357+0000] {processor.py:830} INFO - Processing file /opt/airflow/dags/isr_pipeline.py for tasks to queue
[2026-04-03T18:14:46.359+0000] {logging_mixin.py:188} INFO - [2026-04-03T18:14:46.358+0000] {dagbag.py:540} INFO - Filling up the DagBag from /opt/airflow/dags/isr_pipeline.py
[2026-04-03T18:14:46.381+0000] {processor.py:840} INFO - DAG(s) 'isr_pipeline' retrieved from /opt/airflow/dags/isr_pipeline.py
[2026-04-03T18:14:46.430+0000] {logging_mixin.py:188} INFO - [2026-04-03T18:14:46.430+0000] {dag.py:3096} INFO - Sync 1 DAGs
[2026-04-03T18:14:46.481+0000] {processor.py:183} INFO - Processing /opt/airflow/dags/isr_pipeline.py took 0.134 seconds
[2026-04-03T18:15:16.671+0000] {processor.py:161} INFO - Started process (PID=50207) to work on /opt/airflow/dags/isr_pipeline.py
[2026-04-03T18:15:16.673+0000] {processor.py:830} INFO - Processing file /opt/airflow/dags/isr_pipeline.py for tasks to queue
[2026-04-03T18:15:16.675+0000] {logging_mixin.py:188} INFO - [2026-04-03T18:15:16.674+0000] {dagbag.py:540} INFO - Filling up the DagBag from /opt/airflow/dags/isr_pipeline.py
[2026-04-03T18:15:16.694+0000] {processor.py:840} INFO - DAG(s) 'isr_pipeline' retrieved from /opt/airflow/dags/isr_pipeline.py
[2026-04-03T18:15:16.733+0000] {logging_mixin.py:188} INFO - [2026-04-03T18:15:16.733+0000] {dag.py:3096} INFO - Sync 1 DAGs
[2026-04-03T18:15:16.778+0000] {processor.py:183} INFO - Processing /opt/airflow/dags/isr_pipeline.py took 0.117 seconds
[2026-04-03T18:15:46.827+0000] {processor.py:161} INFO - Started process (PID=50212) to work on /opt/airflow/dags/isr_pipeline.py
[2026-04-03T18:15:46.828+0000] {processor.py:830} INFO - Processing file /opt/airflow/dags/isr_pipeline.py for tasks to queue
[2026-04-03T18:15:46.831+0000] {logging_mixin.py:188} INFO - [2026-04-03T18:15:46.830+0000] {dagbag.py:540} INFO - Filling up the DagBag from /opt/airflow/dags/isr_pipeline.py
[2026-04-03T18:15:46.851+0000] {processor.py:840} INFO - DAG(s) 'isr_pipeline' retrieved from /opt/airflow/dags/isr_pipeline.py
[2026-04-03T18:15:46.890+0000] {logging_mixin.py:188} INFO - [2026-04-03T18:15:46.890+0000] {dag.py:3096} INFO - Sync 1 DAGs
[2026-04-03T18:15:46.934+0000] {processor.py:183} INFO - Processing /opt/airflow/dags/isr_pipeline.py took 0.117 seconds
[2026-04-03T18:16:17.117+0000] {processor.py:161} INFO - Started process (PID=50217) to work on /opt/airflow/dags/isr_pipeline.py
[2026-04-03T18:16:17.119+0000] {processor.py:830} INFO - Processing file /opt/airflow/dags/isr_pipeline.py for tasks to queue
[2026-04-03T18:16:17.120+0000] {logging_mixin.py:188} INFO - [2026-04-03T18:16:17.120+0000] {dagbag.py:540} INFO - Filling up the DagBag from /opt/airflow/dags/isr_pipeline.py
[2026-04-03T18:16:17.145+0000] {processor.py:840} INFO - DAG(s) 'isr_pipeline' retrieved from /opt/airflow/dags/isr_pipeline.py
[2026-04-03T18:16:17.187+0000] {logging_mixin.py:188} INFO - [2026-04-03T18:16:17.186+0000] {dag.py:3096} INFO - Sync 1 DAGs
[2026-04-03T18:16:17.234+0000] {processor.py:183} INFO - Processing /opt/airflow/dags/isr_pipeline.py took 0.124 seconds
[2026-04-03T18:16:47.416+0000] {processor.py:161} INFO - Started process (PID=50222) to work on /opt/airflow/dags/isr_pipeline.py
[2026-04-03T18:16:47.419+0000] {processor.py:830} INFO - Processing file /opt/airflow/dags/isr_pipeline.py for tasks to queue
[2026-04-03T18:16:47.421+0000] {logging_mixin.py:188} INFO - [2026-04-03T18:16:47.421+0000] {dagbag.py:540} INFO - Filling up the DagBag from /opt/airflow/dags/isr_pipeline.py
[2026-04-03T18:16:47.441+0000] {processor.py:840} INFO - DAG(s) 'isr_pipeline' retrieved from /opt/airflow/dags/isr_pipeline.py
[2026-04-03T18:16:47.480+0000] {logging_mixin.py:188} INFO - [2026-04-03T18:16:47.479+0000] {dag.py:3096} INFO - Sync 1 DAGs
[2026-04-03T18:16:47.527+0000] {processor.py:183} INFO - Processing /opt/airflow/dags/isr_pipeline.py took 0.120 seconds
[2026-04-03T18:17:17.710+0000] {processor.py:161} INFO - Started process (PID=50227) to work on /opt/airflow/dags/isr_pipeline.py
[2026-04-03T18:17:17.711+0000] {processor.py:830} INFO - Processing file /opt/airflow/dags/isr_pipeline.py for tasks to queue
[2026-04-03T18:17:17.713+0000] {logging_mixin.py:188} INFO - [2026-04-03T18:17:17.712+0000] {dagbag.py:540} INFO - Filling up the DagBag from /opt/airflow/dags/isr_pipeline.py
[2026-04-03T18:17:17.732+0000] {processor.py:840} INFO - DAG(s) 'isr_pipeline' retrieved from /opt/airflow/dags/isr_pipeline.py
[2026-04-03T18:17:17.770+0000] {logging_mixin.py:188} INFO - [2026-04-03T18:17:17.770+0000] {dag.py:3096} INFO - Sync 1 DAGs
[2026-04-03T18:17:17.816+0000] {processor.py:183} INFO - Processing /opt/airflow/dags/isr_pipeline.py took 0.116 seconds
[2026-04-03T18:17:47.870+0000] {processor.py:161} INFO - Started process (PID=50232) to work on /opt/airflow/dags/isr_pipeline.py
[2026-04-03T18:17:47.872+0000] {processor.py:830} INFO - Processing file /opt/airflow/dags/isr_pipeline.py for tasks to queue
[2026-04-03T18:17:47.873+0000] {logging_mixin.py:188} INFO - [2026-04-03T18:17:47.873+0000] {dagbag.py:540} INFO - Filling up the DagBag from /opt/airflow/dags/isr_pipeline.py
[2026-04-03T18:17:47.892+0000] {processor.py:840} INFO - DAG(s) 'isr_pipeline' retrieved from /opt/airflow/dags/isr_pipeline.py
[2026-04-03T18:17:47.931+0000] {logging_mixin.py:188} INFO - [2026-04-03T18:17:47.931+0000] {dag.py:3096} INFO - Sync 1 DAGs
[2026-04-03T18:17:47.975+0000] {processor.py:183} INFO - Processing /opt/airflow/dags/isr_pipeline.py took 0.115 seconds
[2026-04-03T18:18:18.169+0000] {processor.py:161} INFO - Started process (PID=50237) to work on /opt/airflow/dags/isr_pipeline.py
[2026-04-03T18:18:18.171+0000] {processor.py:830} INFO - Processing file /opt/airflow/dags/isr_pipeline.py for tasks to queue
[2026-04-03T18:18:18.172+0000] {logging_mixin.py:188} INFO - [2026-04-03T18:18:18.172+0000] {dagbag.py:540} INFO - Filling up the DagBag from /opt/airflow/dags/isr_pipeline.py
[2026-04-03T18:18:18.191+0000] {processor.py:840} INFO - DAG(s) 'isr_pipeline' retrieved from /opt/airflow/dags/isr_pipeline.py
[2026-04-03T18:18:18.230+0000] {logging_mixin.py:188} INFO - [2026-04-03T18:18:18.230+0000] {dag.py:3096} INFO - Sync 1 DAGs
[2026-04-03T18:18:18.273+0000] {processor.py:183} INFO - Processing /opt/airflow/dags/isr_pipeline.py took 0.112 seconds
[2026-04-03T18:18:48.373+0000] {processor.py:161} INFO - Started process (PID=50242) to work on /opt/airflow/dags/isr_pipeline.py
[2026-04-03T18:18:48.374+0000] {processor.py:830} INFO - Processing file /opt/airflow/dags/isr_pipeline.py for tasks to queue
[2026-04-03T18:18:48.376+0000] {logging_mixin.py:188} INFO - [2026-04-03T18:18:48.376+0000] {dagbag.py:540} INFO - Filling up the DagBag from /opt/airflow/dags/isr_pipeline.py
[2026-04-03T18:18:48.396+0000] {processor.py:840} INFO - DAG(s) 'isr_pipeline' retrieved from /opt/airflow/dags/isr_pipeline.py
[2026-04-03T18:18:48.436+0000] {logging_mixin.py:188} INFO - [2026-04-03T18:18:48.436+0000] {dag.py:3096} INFO - Sync 1 DAGs
[2026-04-03T18:18:48.481+0000] {processor.py:183} INFO - Processing /opt/airflow/dags/isr_pipeline.py took 0.119 seconds
[2026-04-03T18:19:18.623+0000] {processor.py:161} INFO - Started process (PID=50247) to work on /opt/airflow/dags/isr_pipeline.py
[2026-04-03T18:19:18.624+0000] {processor.py:830} INFO - Processing file /opt/airflow/dags/isr_pipeline.py for tasks to queue
[2026-04-03T18:19:18.626+0000] {logging_mixin.py:188} INFO - [2026-04-03T18:19:18.625+0000] {dagbag.py:540} INFO - Filling up the DagBag from /opt/airflow/dags/isr_pipeline.py
[2026-04-03T18:19:18.646+0000] {processor.py:840} INFO - DAG(s) 'isr_pipeline' retrieved from /opt/airflow/dags/isr_pipeline.py
[2026-04-03T18:19:18.685+0000] {logging_mixin.py:188} INFO - [2026-04-03T18:19:18.684+0000] {dag.py:3096} INFO - Sync 1 DAGs
[2026-04-03T18:19:18.729+0000] {processor.py:183} INFO - Processing /opt/airflow/dags/isr_pipeline.py took 0.116 seconds
[2026-04-03T18:19:48.836+0000] {processor.py:161} INFO - Started process (PID=50252) to work on /opt/airflow/dags/isr_pipeline.py
[2026-04-03T18:19:48.838+0000] {processor.py:830} INFO - Processing file /opt/airflow/dags/isr_pipeline.py for tasks to queue
[2026-04-03T18:19:48.840+0000] {logging_mixin.py:188} INFO - [2026-04-03T18:19:48.840+0000] {dagbag.py:540} INFO - Filling up the DagBag from /opt/airflow/dags/isr_pipeline.py
[2026-04-03T18:19:48.859+0000] {processor.py:840} INFO - DAG(s) 'isr_pipeline' retrieved from /opt/airflow/dags/isr_pipeline.py
[2026-04-03T18:19:48.899+0000] {logging_mixin.py:188} INFO - [2026-04-03T18:19:48.899+0000] {dag.py:3096} INFO - Sync 1 DAGs
[2026-04-03T18:19:48.943+0000] {processor.py:183} INFO - Processing /opt/airflow/dags/isr_pipeline.py took 0.116 seconds
[2026-04-03T18:20:19.092+0000] {processor.py:161} INFO - Started process (PID=50257) to work on /opt/airflow/dags/isr_pipeline.py
[2026-04-03T18:20:19.093+0000] {processor.py:830} INFO - Processing file /opt/airflow/dags/isr_pipeline.py for tasks to queue
[2026-04-03T18:20:19.094+0000] {logging_mixin.py:188} INFO - [2026-04-03T18:20:19.094+0000] {dagbag.py:540} INFO - Filling up the DagBag from /opt/airflow/dags/isr_pipeline.py
[2026-04-03T18:20:19.114+0000] {processor.py:840} INFO - DAG(s) 'isr_pipeline' retrieved from /opt/airflow/dags/isr_pipeline.py
[2026-04-03T18:20:19.152+0000] {logging_mixin.py:188} INFO - [2026-04-03T18:20:19.151+0000] {dag.py:3096} INFO - Sync 1 DAGs
[2026-04-03T18:20:19.195+0000] {processor.py:183} INFO - Processing /opt/airflow/dags/isr_pipeline.py took 0.111 seconds
[2026-04-03T18:20:49.259+0000] {processor.py:161} INFO - Started process (PID=50262) to work on /opt/airflow/dags/isr_pipeline.py
[2026-04-03T18:20:49.260+0000] {processor.py:830} INFO - Processing file /opt/airflow/dags/isr_pipeline.py for tasks to queue
[2026-04-03T18:20:49.261+0000] {logging_mixin.py:188} INFO - [2026-04-03T18:20:49.261+0000] {dagbag.py:540} INFO - Filling up the DagBag from /opt/airflow/dags/isr_pipeline.py
[2026-04-03T18:20:49.280+0000] {processor.py:840} INFO - DAG(s) 'isr_pipeline' retrieved from /opt/airflow/dags/isr_pipeline.py
[2026-04-03T18:20:49.320+0000] {logging_mixin.py:188} INFO - [2026-04-03T18:20:49.319+0000] {dag.py:3096} INFO - Sync 1 DAGs
[2026-04-03T18:20:49.365+0000] {processor.py:183} INFO - Processing /opt/airflow/dags/isr_pipeline.py took 0.115 seconds
[2026-04-03T18:21:19.582+0000] {processor.py:161} INFO - Started process (PID=50267) to work on /opt/airflow/dags/isr_pipeline.py
[2026-04-03T18:21:19.583+0000] {processor.py:830} INFO - Processing file /opt/airflow/dags/isr_pipeline.py for tasks to queue
[2026-04-03T18:21:19.585+0000] {logging_mixin.py:188} INFO - [2026-04-03T18:21:19.585+0000] {dagbag.py:540} INFO - Filling up the DagBag from /opt/airflow/dags/isr_pipeline.py
[2026-04-03T18:21:19.603+0000] {processor.py:840} INFO - DAG(s) 'isr_pipeline' retrieved from /opt/airflow/dags/isr_pipeline.py
[2026-04-03T18:21:19.641+0000] {logging_mixin.py:188} INFO - [2026-04-03T18:21:19.641+0000] {dag.py:3096} INFO - Sync 1 DAGs
[2026-04-03T18:21:19.685+0000] {processor.py:183} INFO - Processing /opt/airflow/dags/isr_pipeline.py took 0.111 seconds
[2026-04-03T18:21:49.766+0000] {processor.py:161} INFO - Started process (PID=50272) to work on /opt/airflow/dags/isr_pipeline.py
[2026-04-03T18:21:49.767+0000] {processor.py:830} INFO - Processing file /opt/airflow/dags/isr_pipeline.py for tasks to queue
[2026-04-03T18:21:49.769+0000] {logging_mixin.py:188} INFO - [2026-04-03T18:21:49.769+0000] {dagbag.py:540} INFO - Filling up the DagBag from /opt/airflow/dags/isr_pipeline.py
[2026-04-03T18:21:49.788+0000] {processor.py:840} INFO - DAG(s) 'isr_pipeline' retrieved from /opt/airflow/dags/isr_pipeline.py
[2026-04-03T18:21:49.829+0000] {logging_mixin.py:188} INFO - [2026-04-03T18:21:49.829+0000] {dag.py:3096} INFO - Sync 1 DAGs
[2026-04-03T18:21:49.875+0000] {processor.py:183} INFO - Processing /opt/airflow/dags/isr_pipeline.py took 0.120 seconds
[2026-04-03T18:22:20.033+0000] {processor.py:161} INFO - Started process (PID=50277) to work on /opt/airflow/dags/isr_pipeline.py
[2026-04-03T18:22:20.034+0000] {processor.py:830} INFO - Processing file /opt/airflow/dags/isr_pipeline.py for tasks to queue
[2026-04-03T18:22:20.035+0000] {logging_mixin.py:188} INFO - [2026-04-03T18:22:20.035+0000] {dagbag.py:540} INFO - Filling up the DagBag from /opt/airflow/dags/isr_pipeline.py
[2026-04-03T18:22:20.053+0000] {processor.py:840} INFO - DAG(s) 'isr_pipeline' retrieved from /opt/airflow/dags/isr_pipeline.py
[2026-04-03T18:22:20.093+0000] {logging_mixin.py:188} INFO - [2026-04-03T18:22:20.093+0000] {dag.py:3096} INFO - Sync 1 DAGs
[2026-04-03T18:22:20.139+0000] {processor.py:183} INFO - Processing /opt/airflow/dags/isr_pipeline.py took 0.115 seconds
[2026-04-03T18:22:50.202+0000] {processor.py:161} INFO - Started process (PID=50282) to work on /opt/airflow/dags/isr_pipeline.py
[2026-04-03T18:22:50.203+0000] {processor.py:830} INFO - Processing file /opt/airflow/dags/isr_pipeline.py for tasks to queue
[2026-04-03T18:22:50.205+0000] {logging_mixin.py:188} INFO - [2026-04-03T18:22:50.205+0000] {dagbag.py:540} INFO - Filling up the DagBag from /opt/airflow/dags/isr_pipeline.py
[2026-04-03T18:22:50.224+0000] {processor.py:840} INFO - DAG(s) 'isr_pipeline' retrieved from /opt/airflow/dags/isr_pipeline.py
[2026-04-03T18:22:50.264+0000] {logging_mixin.py:188} INFO - [2026-04-03T18:22:50.263+0000] {dag.py:3096} INFO - Sync 1 DAGs
[2026-04-03T18:22:50.307+0000] {processor.py:183} INFO - Processing /opt/airflow/dags/isr_pipeline.py took 0.115 seconds
[2026-04-03T18:23:20.479+0000] {processor.py:161} INFO - Started process (PID=50287) to work on /opt/airflow/dags/isr_pipeline.py
[2026-04-03T18:23:20.481+0000] {processor.py:830} INFO - Processing file /opt/airflow/dags/isr_pipeline.py for tasks to queue
[2026-04-03T18:23:20.482+0000] {logging_mixin.py:188} INFO - [2026-04-03T18:23:20.482+0000] {dagbag.py:540} INFO - Filling up the DagBag from /opt/airflow/dags/isr_pipeline.py
[2026-04-03T18:23:20.501+0000] {processor.py:840} INFO - DAG(s) 'isr_pipeline' retrieved from /opt/airflow/dags/isr_pipeline.py
[2026-04-03T18:23:20.541+0000] {logging_mixin.py:188} INFO - [2026-04-03T18:23:20.541+0000] {dag.py:3096} INFO - Sync 1 DAGs
[2026-04-03T18:23:20.584+0000] {processor.py:183} INFO - Processing /opt/airflow/dags/isr_pipeline.py took 0.112 seconds
[2026-04-03T18:23:50.747+0000] {processor.py:161} INFO - Started process (PID=50292) to work on /opt/airflow/dags/isr_pipeline.py
[2026-04-03T18:23:50.748+0000] {processor.py:830} INFO - Processing file /opt/airflow/dags/isr_pipeline.py for tasks to queue
[2026-04-03T18:23:50.750+0000] {logging_mixin.py:188} INFO - [2026-04-03T18:23:50.749+0000] {dagbag.py:540} INFO - Filling up the DagBag from /opt/airflow/dags/isr_pipeline.py
[2026-04-03T18:23:50.768+0000] {processor.py:840} INFO - DAG(s) 'isr_pipeline' retrieved from /opt/airflow/dags/isr_pipeline.py
[2026-04-03T18:23:50.807+0000] {logging_mixin.py:188} INFO - [2026-04-03T18:23:50.807+0000] {dag.py:3096} INFO - Sync 1 DAGs
[2026-04-03T18:23:50.852+0000] {processor.py:183} INFO - Processing /opt/airflow/dags/isr_pipeline.py took 0.115 seconds
[2026-04-03T18:24:20.924+0000] {processor.py:161} INFO - Started process (PID=50297) to work on /opt/airflow/dags/isr_pipeline.py
[2026-04-03T18:24:20.925+0000] {processor.py:830} INFO - Processing file /opt/airflow/dags/isr_pipeline.py for tasks to queue
[2026-04-03T18:24:20.926+0000] {logging_mixin.py:188} INFO - [2026-04-03T18:24:20.926+0000] {dagbag.py:540} INFO - Filling up the DagBag from /opt/airflow/dags/isr_pipeline.py
[2026-04-03T18:24:20.945+0000] {processor.py:840} INFO - DAG(s) 'isr_pipeline' retrieved from /opt/airflow/dags/isr_pipeline.py
[2026-04-03T18:24:20.984+0000] {logging_mixin.py:188} INFO - [2026-04-03T18:24:20.984+0000] {dag.py:3096} INFO - Sync 1 DAGs
[2026-04-03T18:24:21.028+0000] {processor.py:183} INFO - Processing /opt/airflow/dags/isr_pipeline.py took 0.114 seconds
[2026-04-03T18:24:51.242+0000] {processor.py:161} INFO - Started process (PID=50302) to work on /opt/airflow/dags/isr_pipeline.py
[2026-04-03T18:24:51.243+0000] {processor.py:830} INFO - Processing file /opt/airflow/dags/isr_pipeline.py for tasks to queue
[2026-04-03T18:24:51.245+0000] {logging_mixin.py:188} INFO - [2026-04-03T18:24:51.244+0000] {dagbag.py:540} INFO - Filling up the DagBag from /opt/airflow/dags/isr_pipeline.py
[2026-04-03T18:24:51.264+0000] {processor.py:840} INFO - DAG(s) 'isr_pipeline' retrieved from /opt/airflow/dags/isr_pipeline.py
[2026-04-03T18:24:51.302+0000] {logging_mixin.py:188} INFO - [2026-04-03T18:24:51.302+0000] {dag.py:3096} INFO - Sync 1 DAGs
[2026-04-03T18:24:51.347+0000] {processor.py:183} INFO - Processing /opt/airflow/dags/isr_pipeline.py took 0.113 seconds
[2026-04-03T18:25:21.423+0000] {processor.py:161} INFO - Started process (PID=50307) to work on /opt/airflow/dags/isr_pipeline.py
[2026-04-03T18:25:21.424+0000] {processor.py:830} INFO - Processing file /opt/airflow/dags/isr_pipeline.py for tasks to queue
[2026-04-03T18:25:21.426+0000] {logging_mixin.py:188} INFO - [2026-04-03T18:25:21.426+0000] {dagbag.py:540} INFO - Filling up the DagBag from /opt/airflow/dags/isr_pipeline.py
[2026-04-03T18:25:21.424+0000] {processor.py:840} INFO - DAG(s) 'isr_pipeline' retrieved from /opt/airflow/dags/isr_pipeline.py
[2026-04-03T18:25:21.463+0000] {logging_mixin.py:188} INFO - [2026-04-03T18:25:21.463+0000] {dag.py:3096} INFO - Sync 1 DAGs
[2026-04-03T18:25:21.507+0000] {processor.py:183} INFO - Processing /opt/airflow/dags/isr_pipeline.py took 0.116 seconds
[2026-04-03T18:25:51.678+0000] {processor.py:161} INFO - Started process (PID=50312) to work on /opt/airflow/dags/isr_pipeline.py
[2026-04-03T18:25:51.680+0000] {processor.py:830} INFO - Processing file /opt/airflow/dags/isr_pipeline.py for tasks to queue
[2026-04-03T18:25:51.681+0000] {logging_mixin.py:188} INFO - [2026-04-03T18:25:51.681+0000] {dagbag.py:540} INFO - Filling up the DagBag from /opt/airflow/dags/isr_pipeline.py
[2026-04-03T18:25:51.699+0000] {processor.py:840} INFO - DAG(s) 'isr_pipeline' retrieved from /opt/airflow/dags/isr_pipeline.py
[2026-04-03T18:25:51.737+0000] {logging_mixin.py:188} INFO - [2026-04-03T18:25:51.737+0000] {dag.py:3096} INFO - Sync 1 DAGs
[2026-04-03T18:25:51.781+0000] {processor.py:183} INFO - Processing /opt/airflow/dags/isr_pipeline.py took 0.111 seconds
[2026-04-03T18:26:21.853+0000] {processor.py:161} INFO - Started process (PID=50317) to work on /opt/airflow/dags/isr_pipeline.py
[2026-04-03T18:26:21.855+0000] {processor.py:830} INFO - Processing file /opt/airflow/dags/isr_pipeline.py for tasks to queue
[2026-04-03T18:26:21.856+0000] {logging_mixin.py:188} INFO - [2026-04-03T18:26:21.856+0000] {dagbag.py:540} INFO - Filling up the DagBag from /opt/airflow/dags/isr_pipeline.py
[2026-04-03T18:26:21.875+0000] {processor.py:840} INFO - DAG(s) 'isr_pipeline' retrieved from /opt/airflow/dags/isr_pipeline.py
[2026-04-03T18:26:21.913+0000] {logging_mixin.py:188} INFO - [2026-04-03T18:26:21.913+0000] {dag.py:3096} INFO - Sync 1 DAGs
[2026-04-03T18:26:21.959+0000] {processor.py:183} INFO - Processing /opt/airflow/dags/isr_pipeline.py took 0.114 seconds
[2026-04-03T18:26:52.098+0000] {processor.py:161} INFO - Started process (PID=50322) to work on /opt/airflow/dags/isr_pipeline.py
[2026-04-03T18:26:52.099+0000] {processor.py:830} INFO - Processing file /opt/airflow/dags/isr_pipeline.py for tasks to queue
[2026-04-03T18:26:52.101+0000] {logging_mixin.py:188} INFO - [2026-04-03T18:26:52.100+0000] {dagbag.py:540} INFO - Filling up the DagBag from /opt/airflow/dags/isr_pipeline.py
[2026-04-03T18:26:52.118+0000] {processor.py:840} INFO - DAG(s) 'isr_pipeline' retrieved from /opt/airflow/dags/isr_pipeline.py
[2026-04-03T18:26:52.157+0000] {logging_mixin.py:188} INFO - [2026-04-03T18:26:52.156+0000] {dag.py:3096} INFO - Sync 1 DAGs
[2026-04-03T18:26:52.201+0000] {processor.py:183} INFO - Processing /opt/airflow/dags/isr_pipeline.py took 0.111 seconds
[2026-04-03T18:27:22.265+0000] {processor.py:161} INFO - Started process (PID=50327) to work on /opt/airflow/dags/isr_pipeline.py
[2026-04-03T18:27:22.267+0000] {processor.py:830} INFO - Processing file /opt/airflow/dags/isr_pipeline.py for tasks to queue
[2026-04-03T18:27:22.268+0000] {logging_mixin.py:188} INFO - [2026-04-03T18:27:22.268+0000] {dagbag.py:540} INFO - Filling up the DagBag from /opt/airflow/dags/isr_pipeline.py
[2026-04-03T18:27:22.287+0000] {processor.py:840} INFO - DAG(s) 'isr_pipeline' retrieved from /opt/airflow/dags/isr_pipeline.py
[2026-04-03T18:27:22.328+0000] {logging_mixin.py:188} INFO - [2026-04-03T18:27:22.328+0000] {dag.py:3096} INFO - Sync 1 DAGs
[2026-04-03T18:27:22.373+0000] {processor.py:183} INFO - Processing /opt/airflow/dags/isr_pipeline.py took 0.117 seconds
[2026-04-03T18:27:52.580+0000] {processor.py:161} INFO - Started process (PID=50332) to work on /opt/airflow/dags/isr_pipeline.py
[2026-04-03T18:27:52.581+0000] {processor.py:830} INFO - Processing file /opt/airflow/dags/isr_pipeline.py for tasks to queue
[2026-04-03T18:27:52.583+0000] {logging_mixin.py:188} INFO - [2026-04-03T18:27:52.583+0000] {dagbag.py:540} INFO - Filling up the DagBag from /opt/airflow/dags/isr_pipeline.py
[2026-04-03T18:27:52.603+0000] {processor.py:840} INFO - DAG(s) 'isr_pipeline' retrieved from /opt/airflow/dags/isr_pipeline.py
[2026-04-03T18:27:52.641+0000] {logging_mixin.py:188} INFO - [2026-04-03T18:27:52.641+0000] {dag.py:3096} INFO - Sync 1 DAGs
[2026-04-03T18:27:52.685+0000] {processor.py:183} INFO - Processing /opt/airflow/dags/isr_pipeline.py took 0.115 seconds
[2026-04-03T18:28:22.777+0000] {processor.py:161} INFO - Started process (PID=50337) to work on /opt/airflow/dags/isr_pipeline.py
[2026-04-03T18:28:22.778+0000] {processor.py:830} INFO - Processing file /opt/airflow/dags/isr_pipeline.py for tasks to queue
[2026-04-03T18:28:22.779+0000] {logging_mixin.py:188} INFO - [2026-04-03T18:28:22.779+0000] {dagbag.py:540} INFO - Filling up the DagBag from /opt/airflow/dags/isr_pipeline.py
[2026-04-03T18:28:22.802+0000] {processor.py:840} INFO - DAG(s) 'isr_pipeline' retrieved from /opt/airflow/dags/isr_pipeline.py
[2026-04-03T18:28:22.843+0000] {logging_mixin.py:188} INFO - [2026-04-03T18:28:22.842+0000] {dag.py:3096} INFO - Sync 1 DAGs
[2026-04-03T18:28:22.890+0000] {processor.py:183} INFO - Processing /opt/airflow/dags/isr_pipeline.py took 0.121 seconds
[2026-04-03T18:28:53.145+0000] {processor.py:161} INFO - Started process (PID=50342) to work on /opt/airflow/dags/isr_pipeline.py
[2026-04-03T18:28:53.146+0000] {processor.py:830} INFO - Processing file /opt/airflow/dags/isr_pipeline.py for tasks to queue
[2026-04-03T18:28:53.148+0000] {logging_mixin.py:188} INFO - [2026-04-03T18:28:53.147+0000] {dagbag.py:540} INFO - Filling up the DagBag from /opt/airflow/dags/isr_pipeline.py
[2026-04-03T18:28:53.167+0000] {processor.py:840} INFO - DAG(s) 'isr_pipeline' retrieved from /opt/airflow/dags/isr_pipeline.py
[2026-04-03T18:28:53.205+0000] {logging_mixin.py:188} INFO - [2026-04-03T18:28:53.205+0000] {dag.py:3096} INFO - Sync 1 DAGs
[2026-04-03T18:28:53.251+0000] {processor.py:183} INFO - Processing /opt/airflow/dags/isr_pipeline.py took 0.114 seconds
[2026-04-03T18:29:23.405+0000] {processor.py:161} INFO - Started process (PID=50347) to work on /opt/airflow/dags/isr_pipeline.py
[2026-04-03T18:29:23.406+0000] {processor.py:830} INFO - Processing file /opt/airflow/dags/isr_pipeline.py for tasks to queue
[2026-04-03T18:29:23.408+0000] {logging_mixin.py:188} INFO - [2026-04-03T18:29:23.407+0000] {dagbag.py:540} INFO - Filling up the DagBag from /opt/airflow/dags/isr_pipeline.py
[2026-04-03T18:29:23.428+0000] {processor.py:840} INFO - DAG(s) 'isr_pipeline' retrieved from /opt/airflow/dags/isr_pipeline.py
[2026-04-03T18:29:23.469+0000] {logging_mixin.py:188} INFO - [2026-04-03T18:29:23.468+0000] {dag.py:3096} INFO - Sync 1 DAGs
[2026-04-03T18:29:23.523+0000] {processor.py:183} INFO - Processing /opt/airflow/dags/isr_pipeline.py took 0.126 seconds
[2026-04-03T18:29:53.589+0000] {processor.py:161} INFO - Started process (PID=50352) to work on /opt/airflow/dags/isr_pipeline.py
[2026-04-03T18:29:53.591+0000] {processor.py:830} INFO - Processing file /opt/airflow/dags/isr_pipeline.py for tasks to queue
[2026-04-03T18:29:53.592+0000] {logging_mixin.py:188} INFO - [2026-04-03T18:29:53.592+0000] {dagbag.py:540} INFO - Filling up the DagBag from /opt/airflow/dags/isr_pipeline.py
[2026-04-03T18:29:53.615+0000] {processor.py:840} INFO - DAG(s) 'isr_pipeline' retrieved from /opt/airflow/dags/isr_pipeline.py
[2026-04-03T18:29:53.657+0000] {logging_mixin.py:188} INFO - [2026-04-03T18:29:53.657+0000] {dag.py:3096} INFO - Sync 1 DAGs
[2026-04-03T18:29:53.706+0000] {processor.py:183} INFO - Processing /opt/airflow/dags/isr_pipeline.py took 0.126 seconds
[2026-04-03T18:30:23.879+0000] {processor.py:161} INFO - Started process (PID=50357) to work on /opt/airflow/dags/isr_pipeline.py
[2026-04-03T18:30:23.881+0000] {processor.py:830} INFO - Processing file /opt/airflow/dags/isr_pipeline.py for tasks to queue
[2026-04-03T18:30:23.882+0000] {logging_mixin.py:188} INFO - [2026-04-03T18:30:23.882+0000] {dagbag.py:540} INFO - Filling up the DagBag from /opt/airflow/dags/isr_pipeline.py
[2026-04-03T18:30:23.903+0000] {processor.py:840} INFO - DAG(s) 'isr_pipeline' retrieved from /opt/airflow/dags/isr_pipeline.py
[2026-04-03T18:30:23.943+0000] {logging_mixin.py:188} INFO - [2026-04-03T18:30:23.943+0000] {dag.py:3096} INFO - Sync 1 DAGs
[2026-04-03T18:30:23.989+0000] {processor.py:183} INFO - Processing /opt/airflow/dags/isr_pipeline.py took 0.120 seconds
[2026-04-03T18:30:54.187+0000] {processor.py:161} INFO - Started process (PID=50362) to work on /opt/airflow/dags/isr_pipeline.py
[2026-04-03T18:30:54.188+0000] {processor.py:830} INFO - Processing file /opt/airflow/dags/isr_pipeline.py for tasks to queue
[2026-04-03T18:30:54.190+0000] {logging_mixin.py:188} INFO - [2026-04-03T18:30:54.190+0000] {dagbag.py:540} INFO - Filling up the DagBag from /opt/airflow/dags/isr_pipeline.py
[2026-04-03T18:30:54.210+0000] {processor.py:840} INFO - DAG(s) 'isr_pipeline' retrieved from /opt/airflow/dags/isr_pipeline.py
[2026-04-03T18:30:54.251+0000] {logging_mixin.py:188} INFO - [2026-04-03T18:30:54.251+0000] {dag.py:3096} INFO - Sync 1 DAGs
[2026-04-03T18:30:54.300+0000] {processor.py:183} INFO - Processing /opt/airflow/dags/isr_pipeline.py took 0.122 seconds
[2026-04-03T18:31:24.357+0000] {processor.py:161} INFO - Started process (PID=50367) to work on /opt/airflow/dags/isr_pipeline.py
[2026-04-03T18:31:24.358+0000] {processor.py:830} INFO - Processing file /opt/airflow/dags/isr_pipeline.py for tasks to queue
[2026-04-03T18:31:24.359+0000] {logging_mixin.py:188} INFO - [2026-04-03T18:31:24.359+0000] {dagbag.py:540} INFO - Filling up the DagBag from /opt/airflow/dags/isr_pipeline.py
[2026-04-03T18:31:24.378+0000] {processor.py:840} INFO - DAG(s) 'isr_pipeline' retrieved from /opt/airflow/dags/isr_pipeline.py
[2026-04-03T18:31:24.417+0000] {logging_mixin.py:188} INFO - [2026-04-03T18:31:24.416+0000] {dag.py:3096} INFO - Sync 1 DAGs
[2026-04-03T18:31:24.460+0000] {processor.py:183} INFO - Processing /opt/airflow/dags/isr_pipeline.py took 0.111 seconds
[2026-04-03T18:31:54.668+0000] {processor.py:161} INFO - Started process (PID=50372) to work on /opt/airflow/dags/isr_pipeline.py
[2026-04-03T18:31:54.669+0000] {processor.py:830} INFO - Processing file /opt/airflow/dags/isr_pipeline.py for tasks to queue
[2026-04-03T18:31:54.671+0000] {logging_mixin.py:188} INFO - [2026-04-03T18:31:54.670+0000] {dagbag.py:540} INFO - Filling up the DagBag from /opt/airflow/dags/isr_pipeline.py
[2026-04-03T18:31:54.689+0000] {processor.py:840} INFO - DAG(s) 'isr_pipeline' retrieved from /opt/airflow/dags/isr_pipeline.py
[2026-04-03T18:31:54.726+0000] {logging_mixin.py:188} INFO - [2026-04-03T18:31:54.726+0000] {dag.py:3096} INFO - Sync 1 DAGs
[2026-04-03T18:31:54.768+0000] {processor.py:183} INFO - Processing /opt/airflow/dags/isr_pipeline.py took 0.108 seconds
[2026-04-03T18:32:24.842+0000] {processor.py:161} INFO - Started process (PID=50377) to work on /opt/airflow/dags/isr_pipeline.py
[2026-04-03T18:32:24.844+0000] {processor.py:830} INFO - Processing file /opt/airflow/dags/isr_pipeline.py for tasks to queue
[2026-04-03T18:32:24.846+0000] {logging_mixin.py:188} INFO - [2026-04-03T18:32:24.845+0000] {dagbag.py:540} INFO - Filling up the DagBag from /opt/airflow/dags/isr_pipeline.py
[2026-04-03T18:32:24.865+0000] {processor.py:840} INFO - DAG(s) 'isr_pipeline' retrieved from /opt/airflow/dags/isr_pipeline.py
[2026-04-03T18:32:24.907+0000] {logging_mixin.py:188} INFO - [2026-04-03T18:32:24.907+0000] {dag.py:3096} INFO - Sync 1 DAGs
[2026-04-03T18:32:24.961+0000] {processor.py:183} INFO - Processing /opt/airflow/dags/isr_pipeline.py took 0.128 seconds
[2026-04-03T18:32:55.086+0000] {processor.py:161} INFO - Started process (PID=50382) to work on /opt/airflow/dags/isr_pipeline.py
[2026-04-03T18:32:55.087+0000] {processor.py:830} INFO - Processing file /opt/airflow/dags/isr_pipeline.py for tasks to queue
[2026-04-03T18:32:55.090+0000] {logging_mixin.py:188} INFO - [2026-04-03T18:32:55.090+0000] {dagbag.py:540} INFO - Filling up the DagBag from /opt/airflow/dags/isr_pipeline.py
[2026-04-03T18:32:55.109+0000] {processor.py:840} INFO - DAG(s) 'isr_pipeline' retrieved from /opt/airflow/dags/isr_pipeline.py
[2026-04-03T18:32:55.147+0000] {logging_mixin.py:188} INFO - [2026-04-03T18:32:55.147+0000] {dag.py:3096} INFO - Sync 1 DAGs
[2026-04-03T18:32:55.196+0000] {processor.py:183} INFO - Processing /opt/airflow/dags/isr_pipeline.py took 0.118 seconds
[2026-04-03T18:33:25.323+0000] {processor.py:161} INFO - Started process (PID=50387) to work on /opt/airflow/dags/isr_pipeline.py
[2026-04-03T18:33:25.324+0000] {processor.py:830} INFO - Processing file /opt/airflow/dags/isr_pipeline.py for tasks to queue
[2026-04-03T18:33:25.326+0000] {logging_mixin.py:188} INFO - [2026-04-03T18:33:25.325+0000] {dagbag.py:540} INFO - Filling up the DagBag from /opt/airflow/dags/isr_pipeline.py
[2026-04-03T18:33:25.344+0000] {processor.py:840} INFO - DAG(s) 'isr_pipeline' retrieved from /opt/airflow/dags/isr_pipeline.py
[2026-04-03T18:33:25.382+0000] {logging_mixin.py:188} INFO - [2026-04-03T18:33:25.382+0000] {dag.py:3096} INFO - Sync 1 DAGs
[2026-04-03T18:33:25.429+0000] {processor.py:183} INFO - Processing /opt/airflow/dags/isr_pipeline.py took 0.114 seconds
[2026-04-03T18:33:55.490+0000] {processor.py:161} INFO - Started process (PID=50392) to work on /opt/airflow/dags/isr_pipeline.py
[2026-04-03T18:33:55.491+0000] {processor.py:830} INFO - Processing file /opt/airflow/dags/isr_pipeline.py for tasks to queue
[2026-04-03T18:33:55.493+0000] {logging_mixin.py:188} INFO - [2026-04-03T18:33:55.492+0000] {dagbag.py:540} INFO - Filling up the DagBag from /opt/airflow/dags/isr_pipeline.py
[2026-04-03T18:33:55.511+0000] {processor.py:840} INFO - DAG(s) 'isr_pipeline' retrieved from /opt/airflow/dags/isr_pipeline.py
[2026-04-03T18:33:55.550+0000] {logging_mixin.py:188} INFO - [2026-04-03T18:33:55.550+0000] {dag.py:3096} INFO - Sync 1 DAGs
[2026-04-03T18:33:55.598+0000] {processor.py:183} INFO - Processing /opt/airflow/dags/isr_pipeline.py took 0.116 seconds
[2026-04-03T18:34:25.684+0000] {processor.py:161} INFO - Started process (PID=50397) to work on /opt/airflow/dags/isr_pipeline.py
[2026-04-03T18:34:25.686+0000] {processor.py:830} INFO - Processing file /opt/airflow/dags/isr_pipeline.py for tasks to queue
[2026-04-03T18:34:25.688+0000] {logging_mixin.py:188} INFO - [2026-04-03T18:34:25.687+0000] {dagbag.py:540} INFO - Filling up the DagBag from /opt/airflow/dags/isr_pipeline.py
[2026-04-03T18:34:25.709+0000] {processor.py:840} INFO - DAG(s) 'isr_pipeline' retrieved from /opt/airflow/dags/isr_pipeline.py
[2026-04-03T18:34:25.750+0000] {logging_mixin.py:188} INFO - [2026-04-03T18:34:25.750+0000] {dag.py:3096} INFO - Sync 1 DAGs
[2026-04-03T18:34:25.793+0000] {processor.py:183} INFO - Processing /opt/airflow/dags/isr_pipeline.py took 0.119 seconds
[2026-04-03T18:34:55.962+0000] {processor.py:161} INFO - Started process (PID=50402) to work on /opt/airflow/dags/isr_pipeline.py
[2026-04-03T18:34:55.963+0000] {processor.py:830} INFO - Processing file /opt/airflow/dags/isr_pipeline.py for tasks to queue
[2026-04-03T18:34:55.965+0000] {logging_mixin.py:188} INFO - [2026-04-03T18:34:55.965+0000] {dagbag.py:540} INFO - Filling up the DagBag from /opt/airflow/dags/isr_pipeline.py
[2026-04-03T18:34:55.982+0000] {processor.py:840} INFO - DAG(s) 'isr_pipeline' retrieved from /opt/airflow/dags/isr_pipeline.py
[2026-04-03T18:34:56.019+0000] {logging_mixin.py:188} INFO - [2026-04-03T18:34:56.019+0000] {dag.py:3096} INFO - Sync 1 DAGs
[2026-04-03T18:34:56.062+0000] {processor.py:183} INFO - Processing /opt/airflow/dags/isr_pipeline.py took 0.108 seconds
[2026-04-03T18:35:26.139+0000] {processor.py:161} INFO - Started process (PID=50407) to work on /opt/airflow/dags/isr_pipeline.py
[2026-04-03T18:35:26.140+0000] {processor.py:830} INFO - Processing file /opt/airflow/dags/isr_pipeline.py for tasks to queue
[2026-04-03T18:35:26.141+0000] {logging_mixin.py:188} INFO - [2026-04-03T18:35:26.141+0000] {dagbag.py:540} INFO - Filling up the DagBag from /opt/airflow/dags/isr_pipeline.py
[2026-04-03T18:35:26.159+0000] {processor.py:840} INFO - DAG(s) 'isr_pipeline' retrieved from /opt/airflow/dags/isr_pipeline.py
[2026-04-03T18:35:26.196+0000] {logging_mixin.py:188} INFO - [2026-04-03T18:35:26.196+0000] {dag.py:3096} INFO - Sync 1 DAGs
[2026-04-03T18:35:26.237+0000] {processor.py:183} INFO - Processing /opt/airflow/dags/isr_pipeline.py took 0.107 seconds
[2026-04-03T18:35:56.412+0000] {processor.py:161} INFO - Started process (PID=50412) to work on /opt/airflow/dags/isr_pipeline.py
[2026-04-03T18:35:56.415+0000] {processor.py:830} INFO - Processing file /opt/airflow/dags/isr_pipeline.py for tasks to queue
[2026-04-03T18:35:56.418+0000] {logging_mixin.py:188} INFO - [2026-04-03T18:35:56.417+0000] {dagbag.py:540} INFO - Filling up the DagBag from /opt/airflow/dags/isr_pipeline.py
[2026-04-03T18:35:56.443+0000] {processor.py:840} INFO - DAG(s) 'isr_pipeline' retrieved from /opt/airflow/dags/isr_pipeline.py
[2026-04-03T18:35:56.516+0000] {logging_mixin.py:188} INFO - [2026-04-03T18:35:56.515+0000] {dag.py:3096} INFO - Sync 1 DAGs
[2026-04-03T18:35:56.574+0000] {processor.py:183} INFO - Processing /opt/airflow/dags/isr_pipeline.py took 0.185 seconds
[2026-04-03T18:36:26.800+0000] {processor.py:161} INFO - Started process (PID=50417) to work on /opt/airflow/dags/isr_pipeline.py
[2026-04-03T18:36:26.802+0000] {processor.py:830} INFO - Processing file /opt/airflow/dags/isr_pipeline.py for tasks to queue
[2026-04-03T18:36:26.804+0000] {logging_mixin.py:188} INFO - [2026-04-03T18:36:26.804+0000] {dagbag.py:540} INFO - Filling up the DagBag from /opt/airflow/dags/isr_pipeline.py
[2026-04-03T18:36:26.823+0000] {processor.py:840} INFO - DAG(s) 'isr_pipeline' retrieved from /opt/airflow/dags/isr_pipeline.py
[2026-04-03T18:36:26.861+0000] {logging_mixin.py:188} INFO - [2026-04-03T18:36:26.861+0000] {dag.py:3096} INFO - Sync 1 DAGs
[2026-04-03T18:36:26.905+0000] {processor.py:183} INFO - Processing /opt/airflow/dags/isr_pipeline.py took 0.113 seconds
[2026-04-03T18:36:56.959+0000] {processor.py:161} INFO - Started process (PID=50422) to work on /opt/airflow/dags/isr_pipeline.py
[2026-04-03T18:36:56.961+0000] {processor.py:830} INFO - Processing file /opt/airflow/dags/isr_pipeline.py for tasks to queue
[2026-04-03T18:36:56.962+0000] {logging_mixin.py:188} INFO - [2026-04-03T18:36:56.962+0000] {dagbag.py:540} INFO - Filling up the DagBag from /opt/airflow/dags/isr_pipeline.py
[2026-04-03T18:36:56.982+0000] {processor.py:840} INFO - DAG(s) 'isr_pipeline' retrieved from /opt/airflow/dags/isr_pipeline.py
[2026-04-03T18:36:57.024+0000] {logging_mixin.py:188} INFO - [2026-04-03T18:36:57.024+0000] {dag.py:3096} INFO - Sync 1 DAGs
[2026-04-03T18:36:57.071+0000] {processor.py:183} INFO - Processing /opt/airflow/dags/isr_pipeline.py took 0.121 seconds
[2026-04-03T18:37:27.178+0000] {processor.py:161} INFO - Started process (PID=50427) to work on /opt/airflow/dags/isr_pipeline.py
[2026-04-03T18:37:27.179+0000] {processor.py:830} INFO - Processing file /opt/airflow/dags/isr_pipeline.py for tasks to queue
[2026-04-03T18:37:27.181+0000] {logging_mixin.py:188} INFO - [2026-04-03T18:37:27.181+0000] {dagbag.py:540} INFO - Filling up the DagBag from /opt/airflow/dags/isr_pipeline.py
[2026-04-03T18:37:27.200+0000] {processor.py:840} INFO - DAG(s) 'isr_pipeline' retrieved from /opt/airflow/dags/isr_pipeline.py
[2026-04-03T18:37:27.239+0000] {logging_mixin.py:188} INFO - [2026-04-03T18:37:27.238+0000] {dag.py:3096} INFO - Sync 1 DAGs
[2026-04-03T18:37:27.281+0000] {processor.py:183} INFO - Processing /opt/airflow/dags/isr_pipeline.py took 0.113 seconds
[2026-04-03T18:37:57.421+0000] {processor.py:161} INFO - Started process (PID=50432) to work on /opt/airflow/dags/isr_pipeline.py
[2026-04-03T18:37:57.422+0000] {processor.py:830} INFO - Processing file /opt/airflow/dags/isr_pipeline.py for tasks to queue
[2026-04-03T18:37:57.424+0000] {logging_mixin.py:188} INFO - [2026-04-03T18:37:57.423+0000] {dagbag.py:540} INFO - Filling up the DagBag from /opt/airflow/dags/isr_pipeline.py
[2026-04-03T18:37:57.442+0000] {processor.py:840} INFO - DAG(s) 'isr_pipeline' retrieved from /opt/airflow/dags/isr_pipeline.py
[2026-04-03T18:37:57.478+0000] {logging_mixin.py:188} INFO - [2026-04-03T18:37:57.478+0000] {dag.py:3096} INFO - Sync 1 DAGs
[2026-04-03T18:37:57.520+0000] {processor.py:183} INFO - Processing /opt/airflow/dags/isr_pipeline.py took 0.108 seconds
[2026-04-03T18:38:27.572+0000] {processor.py:161} INFO - Started process (PID=50437) to work on /opt/airflow/dags/isr_pipeline.py
[2026-04-03T18:38:27.573+0000] {processor.py:830} INFO - Processing file /opt/airflow/dags/isr_pipeline.py for tasks to queue
[2026-04-03T18:38:27.574+0000] {logging_mixin.py:188} INFO - [2026-04-03T18:38:27.574+0000] {dagbag.py:540} INFO - Filling up the DagBag from /opt/airflow/dags/isr_pipeline.py
[2026-04-03T18:38:27.593+0000] {processor.py:840} INFO - DAG(s) 'isr_pipeline' retrieved from /opt/airflow/dags/isr_pipeline.py
[2026-04-03T18:38:27.630+0000] {logging_mixin.py:188} INFO - [2026-04-03T18:38:27.630+0000] {dag.py:3096} INFO - Sync 1 DAGs
[2026-04-03T18:38:27.673+0000] {processor.py:183} INFO - Processing /opt/airflow/dags/isr_pipeline.py took 0.109 seconds
[2026-04-03T18:38:57.806+0000] {processor.py:161} INFO - Started process (PID=50442) to work on /opt/airflow/dags/isr_pipeline.py
[2026-04-03T18:38:57.807+0000] {processor.py:830} INFO - Processing file /opt/airflow/dags/isr_pipeline.py for tasks to queue
[2026-04-03T18:38:57.808+0000] {logging_mixin.py:188} INFO - [2026-04-03T18:38:57.808+0000] {dagbag.py:540} INFO - Filling up the DagBag from /opt/airflow/dags/isr_pipeline.py
[2026-04-03T18:38:57.826+0000] {processor.py:840} INFO - DAG(s) 'isr_pipeline' retrieved from /opt/airflow/dags/isr_pipeline.py
[2026-04-03T18:38:57.863+0000] {logging_mixin.py:188} INFO - [2026-04-03T18:38:57.863+0000] {dag.py:3096} INFO - Sync 1 DAGs
[2026-04-03T18:38:57.906+0000] {processor.py:183} INFO - Processing /opt/airflow/dags/isr_pipeline.py took 0.108 seconds
[2026-04-03T18:39:27.980+0000] {processor.py:161} INFO - Started process (PID=50447) to work on /opt/airflow/dags/isr_pipeline.py
[2026-04-03T18:39:27.981+0000] {processor.py:830} INFO - Processing file /opt/airflow/dags/isr_pipeline.py for tasks to queue
[2026-04-03T18:39:27.982+0000] {logging_mixin.py:188} INFO - [2026-04-03T18:39:27.982+0000] {dagbag.py:540} INFO - Filling up the DagBag from /opt/airflow/dags/isr_pipeline.py
[2026-04-03T18:39:28.000+0000] {processor.py:840} INFO - DAG(s) 'isr_pipeline' retrieved from /opt/airflow/dags/isr_pipeline.py
[2026-04-03T18:39:28.038+0000] {logging_mixin.py:188} INFO - [2026-04-03T18:39:28.038+0000] {dag.py:3096} INFO - Sync 1 DAGs
[2026-04-03T18:39:28.081+0000] {processor.py:183} INFO - Processing /opt/airflow/dags/isr_pipeline.py took 0.109 seconds
[2026-04-03T18:39:58.276+0000] {processor.py:161} INFO - Started process (PID=50452) to work on /opt/airflow/dags/isr_pipeline.py
[2026-04-03T18:39:58.277+0000] {processor.py:830} INFO - Processing file /opt/airflow/dags/isr_pipeline.py for tasks to queue
[2026-04-03T18:39:58.279+0000] {logging_mixin.py:188} INFO - [2026-04-03T18:39:58.278+0000] {dagbag.py:540} INFO - Filling up the DagBag from /opt/airflow/dags/isr_pipeline.py
[2026-04-03T18:39:58.300+0000] {processor.py:840} INFO - DAG(s) 'isr_pipeline' retrieved from /opt/airflow/dags/isr_pipeline.py
[2026-04-03T18:39:58.338+0000] {logging_mixin.py:188} INFO - [2026-04-03T18:39:58.338+0000] {dag.py:3096} INFO - Sync 1 DAGs
[2026-04-03T18:39:58.382+0000] {processor.py:183} INFO - Processing /opt/airflow/dags/isr_pipeline.py took 0.115 seconds
[2026-04-03T18:40:28.459+0000] {processor.py:161} INFO - Started process (PID=50457) to work on /opt/airflow/dags/isr_pipeline.py
[2026-04-03T18:40:28.460+0000] {processor.py:830} INFO - Processing file /opt/airflow/dags/isr_pipeline.py for tasks to queue
[2026-04-03T18:40:28.462+0000] {logging_mixin.py:188} INFO - [2026-04-03T18:40:28.461+0000] {dagbag.py:540} INFO - Filling up the DagBag from /opt/airflow/dags/isr_pipeline.py
[2026-04-03T18:40:28.480+0000] {processor.py:840} INFO - DAG(s) 'isr_pipeline' retrieved from /opt/airflow/dags/isr_pipeline.py
[2026-04-03T18:40:28.518+0000] {logging_mixin.py:188} INFO - [2026-04-03T18:40:28.518+0000] {dag.py:3096} INFO - Sync 1 DAGs
[2026-04-03T18:40:28.560+0000] {processor.py:183} INFO - Processing /opt/airflow/dags/isr_pipeline.py took 0.109 seconds
[2026-04-03T18:40:58.730+0000] {processor.py:161} INFO - Started process (PID=50462) to work on /opt/airflow/dags/isr_pipeline.py
[2026-04-03T18:40:58.732+0000] {processor.py:830} INFO - Processing file /opt/airflow/dags/isr_pipeline.py for tasks to queue
[2026-04-03T18:40:58.734+0000] {logging_mixin.py:188} INFO - [2026-04-03T18:40:58.734+0000] {dagbag.py:540} INFO - Filling up the DagBag from /opt/airflow/dags/isr_pipeline.py
[2026-04-03T18:40:58.755+0000] {processor.py:840} INFO - DAG(s) 'isr_pipeline' retrieved from /opt/airflow/dags/isr_pipeline.py
[2026-04-03T18:40:58.792+0000] {logging_mixin.py:188} INFO - [2026-04-03T18:40:58.792+0000] {dag.py:3096} INFO - Sync 1 DAGs
[2026-04-03T18:40:58.836+0000] {processor.py:183} INFO - Processing /opt/airflow/dags/isr_pipeline.py took 0.115 seconds
[2026-04-03T18:41:28.994+0000] {processor.py:161} INFO - Started process (PID=50467) to work on /opt/airflow/dags/isr_pipeline.py
[2026-04-03T18:41:28.996+0000] {processor.py:830} INFO - Processing file /opt/airflow/dags/isr_pipeline.py for tasks to queue
[2026-04-03T18:41:28.997+0000] {logging_mixin.py:188} INFO - [2026-04-03T18:41:28.997+0000] {dagbag.py:540} INFO - Filling up the DagBag from /opt/airflow/dags/isr_pipeline.py
[2026-04-03T18:41:29.018+0000] {processor.py:840} INFO - DAG(s) 'isr_pipeline' retrieved from /opt/airflow/dags/isr_pipeline.py
[2026-04-03T18:41:29.056+0000] {logging_mixin.py:188} INFO - [2026-04-03T18:41:29.056+0000] {dag.py:3096} INFO - Sync 1 DAGs
[2026-04-03T18:41:29.099+0000] {processor.py:183} INFO - Processing /opt/airflow/dags/isr_pipeline.py took 0.113 seconds
[2026-04-03T18:41:59.152+0000] {processor.py:161} INFO - Started process (PID=50472) to work on /opt/airflow/dags/isr_pipeline.py
[2026-04-03T18:41:59.153+0000] {processor.py:830} INFO - Processing file /opt/airflow/dags/isr_pipeline.py for tasks to queue
[2026-04-03T18:41:59.154+0000] {logging_mixin.py:188} INFO - [2026-04-03T18:41:59.154+0000] {dagbag.py:540} INFO - Filling up the DagBag from /opt/airflow/dags/isr_pipeline.py
[2026-04-03T18:41:59.172+0000] {processor.py:840} INFO - DAG(s) 'isr_pipeline' retrieved from /opt/airflow/dags/isr_pipeline.py
[2026-04-03T18:41:59.211+0000] {logging_mixin.py:188} INFO - [2026-04-03T18:41:59.211+0000] {dag.py:3096} INFO - Sync 1 DAGs
[2026-04-03T18:41:59.255+0000] {processor.py:183} INFO - Processing /opt/airflow/dags/isr_pipeline.py took 0.111 seconds
[2026-04-03T18:42:29.452+0000] {processor.py:161} INFO - Started process (PID=50477) to work on /opt/airflow/dags/isr_pipeline.py
[2026-04-03T18:42:29.454+0000] {processor.py:830} INFO - Processing file /opt/airflow/dags/isr_pipeline.py for tasks to queue
[2026-04-03T18:42:29.455+0000] {logging_mixin.py:188} INFO - [2026-04-03T18:42:29.455+0000] {dagbag.py:540} INFO - Filling up the DagBag from /opt/airflow/dags/isr_pipeline.py
[2026-04-03T18:42:29.473+0000] {processor.py:840} INFO - DAG(s) 'isr_pipeline' retrieved from /opt/airflow/dags/isr_pipeline.py
[2026-04-03T18:42:29.511+0000] {logging_mixin.py:188} INFO - [2026-04-03T18:42:29.511+0000] {dag.py:3096} INFO - Sync 1 DAGs
[2026-04-03T18:42:29.554+0000] {processor.py:183} INFO - Processing /opt/airflow/dags/isr_pipeline.py took 0.110 seconds
[2026-04-03T18:42:59.603+0000] {processor.py:161} INFO - Started process (PID=50482) to work on /opt/airflow/dags/isr_pipeline.py
[2026-04-03T18:42:59.605+0000] {processor.py:830} INFO - Processing file /opt/airflow/dags/isr_pipeline.py for tasks to queue
[2026-04-03T18:42:59.606+0000] {logging_mixin.py:188} INFO - [2026-04-03T18:42:59.606+0000] {dagbag.py:540} INFO - Filling up the DagBag from /opt/airflow/dags/isr_pipeline.py
[2026-04-03T18:42:59.624+0000] {processor.py:840} INFO - DAG(s) 'isr_pipeline' retrieved from /opt/airflow/dags/isr_pipeline.py
[2026-04-03T18:42:59.663+0000] {logging_mixin.py:188} INFO - [2026-04-03T18:42:59.663+0000] {dag.py:3096} INFO - Sync 1 DAGs
[2026-04-03T18:42:59.706+0000] {processor.py:183} INFO - Processing /opt/airflow/dags/isr_pipeline.py took 0.112 seconds
[2026-04-03T18:43:29.880+0000] {processor.py:161} INFO - Started process (PID=50487) to work on /opt/airflow/dags/isr_pipeline.py
[2026-04-03T18:43:29.881+0000] {processor.py:830} INFO - Processing file /opt/airflow/dags/isr_pipeline.py for tasks to queue
[2026-04-03T18:43:29.882+0000] {logging_mixin.py:188} INFO - [2026-04-03T18:43:29.882+0000] {dagbag.py:540} INFO - Filling up the DagBag from /opt/airflow/dags/isr_pipeline.py
[2026-04-03T18:43:29.901+0000] {processor.py:840} INFO - DAG(s) 'isr_pipeline' retrieved from /opt/airflow/dags/isr_pipeline.py
[2026-04-03T18:43:29.938+0000] {logging_mixin.py:188} INFO - [2026-04-03T18:43:29.937+0000] {dag.py:3096} INFO - Sync 1 DAGs
[2026-04-03T18:43:29.979+0000] {processor.py:183} INFO - Processing /opt/airflow/dags/isr_pipeline.py took 0.108 seconds
[2026-04-03T18:44:00.058+0000] {processor.py:161} INFO - Started process (PID=50492) to work on /opt/airflow/dags/isr_pipeline.py
[2026-04-03T18:44:00.059+0000] {processor.py:830} INFO - Processing file /opt/airflow/dags/isr_pipeline.py for tasks to queue
[2026-04-03T18:44:00.061+0000] {logging_mixin.py:188} INFO - [2026-04-03T18:44:00.060+0000] {dagbag.py:540} INFO - Filling up the DagBag from /opt/airflow/dags/isr_pipeline.py
[2026-04-03T18:44:00.079+0000] {processor.py:840} INFO - DAG(s) 'isr_pipeline' retrieved from /opt/airflow/dags/isr_pipeline.py
[2026-04-03T18:44:00.117+0000] {logging_mixin.py:188} INFO - [2026-04-03T18:44:00.116+0000] {dag.py:3096} INFO - Sync 1 DAGs
[2026-04-03T18:44:00.160+0000] {processor.py:183} INFO - Processing /opt/airflow/dags/isr_pipeline.py took 0.110 seconds
[2026-04-03T18:44:30.282+0000] {processor.py:161} INFO - Started process (PID=50497) to work on /opt/airflow/dags/isr_pipeline.py
[2026-04-03T18:44:30.283+0000] {processor.py:830} INFO - Processing file /opt/airflow/dags/isr_pipeline.py for tasks to queue
[2026-04-03T18:44:30.285+0000] {logging_mixin.py:188} INFO - [2026-04-03T18:44:30.284+0000] {dagbag.py:540} INFO - Filling up the DagBag from /opt/airflow/dags/isr_pipeline.py
[2026-04-03T18:44:30.303+0000] {processor.py:840} INFO - DAG(s) 'isr_pipeline' retrieved from /opt/airflow/dags/isr_pipeline.py
[2026-04-03T18:44:30.347+0000] {logging_mixin.py:188} INFO - [2026-04-03T18:44:30.347+0000] {dag.py:3096} INFO - Sync 1 DAGs
[2026-04-03T18:44:30.394+0000] {processor.py:183} INFO - Processing /opt/airflow/dags/isr_pipeline.py took 0.120 seconds
[2026-04-03T18:45:00.454+0000] {processor.py:161} INFO - Started process (PID=50502) to work on /opt/airflow/dags/isr_pipeline.py
[2026-04-03T18:45:00.455+0000] {processor.py:830} INFO - Processing file /opt/airflow/dags/isr_pipeline.py for tasks to queue
[2026-04-03T18:45:00.456+0000] {logging_mixin.py:188} INFO - [2026-04-03T18:45:00.456+0000] {dagbag.py:540} INFO - Filling up the DagBag from /opt/airflow/dags/isr_pipeline.py
[2026-04-03T18:45:00.475+0000] {processor.py:840} INFO - DAG(s) 'isr_pipeline' retrieved from /opt/airflow/dags/isr_pipeline.py
[2026-04-03T18:45:00.515+0000] {logging_mixin.py:188} INFO - [2026-04-03T18:45:00.515+0000] {dag.py:3096} INFO - Sync 1 DAGs
[2026-04-03T18:45:00.558+0000] {processor.py:183} INFO - Processing /opt/airflow/dags/isr_pipeline.py took 0.112 seconds
[2026-04-03T18:45:30.684+0000] {processor.py:161} INFO - Started process (PID=50507) to work on /opt/airflow/dags/isr_pipeline.py
[2026-04-03T18:45:30.686+0000] {processor.py:830} INFO - Processing file /opt/airflow/dags/isr_pipeline.py for tasks to queue
[2026-04-03T18:45:30.687+0000] {logging_mixin.py:188} INFO - [2026-04-03T18:45:30.687+0000] {dagbag.py:540} INFO - Filling up the DagBag from /opt/airflow/dags/isr_pipeline.py
[2026-04-03T18:45:30.707+0000] {processor.py:840} INFO - DAG(s) 'isr_pipeline' retrieved from /opt/airflow/dags/isr_pipeline.py
[2026-04-03T18:45:30.745+0000] {logging_mixin.py:188} INFO - [2026-04-03T18:45:30.744+0000] {dag.py:3096} INFO - Sync 1 DAGs
[2026-04-03T18:45:30.787+0000] {processor.py:183} INFO - Processing /opt/airflow/dags/isr_pipeline.py took 0.112 seconds
[2026-04-03T18:46:00.847+0000] {processor.py:161} INFO - Started process (PID=50512) to work on /opt/airflow/dags/isr_pipeline.py
[2026-04-03T18:46:00.849+0000] {processor.py:830} INFO - Processing file /opt/airflow/dags/isr_pipeline.py for tasks to queue
[2026-04-03T18:46:00.850+0000] {logging_mixin.py:188} INFO - [2026-04-03T18:46:00.850+0000] {dagbag.py:540} INFO - Filling up the DagBag from /opt/airflow/dags/isr_pipeline.py
[2026-04-03T18:46:00.868+0000] {processor.py:840} INFO - DAG(s) 'isr_pipeline' retrieved from /opt/airflow/dags/isr_pipeline.py
[2026-04-03T18:46:00.906+0000] {logging_mixin.py:188} INFO - [2026-04-03T18:46:00.906+0000] {dag.py:3096} INFO - Sync 1 DAGs
[2026-04-03T18:46:00.948+0000] {processor.py:183} INFO - Processing /opt/airflow/dags/isr_pipeline.py took 0.109 seconds
[2026-04-03T18:46:31.155+0000] {processor.py:161} INFO - Started process (PID=50517) to work on /opt/airflow/dags/isr_pipeline.py
[2026-04-03T18:46:31.156+0000] {processor.py:830} INFO - Processing file /opt/airflow/dags/isr_pipeline.py for tasks to queue
[2026-04-03T18:46:31.158+0000] {logging_mixin.py:188} INFO - [2026-04-03T18:46:31.158+0000] {dagbag.py:540} INFO - Filling up the DagBag from /opt/airflow/dags/isr_pipeline.py
[2026-04-03T18:46:31.180+0000] {processor.py:840} INFO - DAG(s) 'isr_pipeline' retrieved from /opt/airflow/dags/isr_pipeline.py
[2026-04-03T18:46:31.218+0000] {logging_mixin.py:188} INFO - [2026-04-03T18:46:31.218+0000] {dag.py:3096} INFO - Sync 1 DAGs
[2026-04-03T18:46:31.265+0000] {processor.py:183} INFO - Processing /opt/airflow/dags/isr_pipeline.py took 0.117 seconds
[2026-04-03T18:47:01.374+0000] {processor.py:161} INFO - Started process (PID=50522) to work on /opt/airflow/dags/isr_pipeline.py
[2026-04-03T18:47:01.376+0000] {processor.py:830} INFO - Processing file /opt/airflow/dags/isr_pipeline.py for tasks to queue
[2026-04-03T18:47:01.377+0000] {logging_mixin.py:188} INFO - [2026-04-03T18:47:01.377+0000] {dagbag.py:540} INFO - Filling up the DagBag from /opt/airflow/dags/isr_pipeline.py
[2026-04-03T18:47:01.396+0000] {processor.py:840} INFO - DAG(s) 'isr_pipeline' retrieved from /opt/airflow/dags/isr_pipeline.py
[2026-04-03T18:47:01.438+0000] {logging_mixin.py:188} INFO - [2026-04-03T18:47:01.437+0000] {dag.py:3096} INFO - Sync 1 DAGs
[2026-04-03T18:47:01.482+0000] {processor.py:183} INFO - Processing /opt/airflow/dags/isr_pipeline.py took 0.119 seconds
[2026-04-03T18:47:31.696+0000] {processor.py:161} INFO - Started process (PID=50527) to work on /opt/airflow/dags/isr_pipeline.py
[2026-04-03T18:47:31.697+0000] {processor.py:830} INFO - Processing file /opt/airflow/dags/isr_pipeline.py for tasks to queue
[2026-04-03T18:47:31.699+0000] {logging_mixin.py:188} INFO - [2026-04-03T18:47:31.698+0000] {dagbag.py:540} INFO - Filling up the DagBag from /opt/airflow/dags/isr_pipeline.py
[2026-04-03T18:47:31.717+0000] {processor.py:840} INFO - DAG(s) 'isr_pipeline' retrieved from /opt/airflow/dags/isr_pipeline.py
[2026-04-03T18:47:31.757+0000] {logging_mixin.py:188} INFO - [2026-04-03T18:47:31.756+0000] {dag.py:3096} INFO - Sync 1 DAGs
[2026-04-03T18:47:31.804+0000] {processor.py:183} INFO - Processing /opt/airflow/dags/isr_pipeline.py took 0.116 seconds
[2026-04-03T18:48:01.876+0000] {processor.py:161} INFO - Started process (PID=50532) to work on /opt/airflow/dags/isr_pipeline.py
[2026-04-03T18:48:01.878+0000] {processor.py:830} INFO - Processing file /opt/airflow/dags/isr_pipeline.py for tasks to queue
[2026-04-03T18:48:01.880+0000] {logging_mixin.py:188} INFO - [2026-04-03T18:48:01.879+0000] {dagbag.py:540} INFO - Filling up the DagBag from /opt/airflow/dags/isr_pipeline.py
[2026-04-03T18:48:01.898+0000] {processor.py:840} INFO - DAG(s) 'isr_pipeline' retrieved from /opt/airflow/dags/isr_pipeline.py
[2026-04-03T18:48:01.939+0000] {logging_mixin.py:188} INFO - [2026-04-03T18:48:01.939+0000] {dag.py:3096} INFO - Sync 1 DAGs
[2026-04-03T18:48:01.984+0000] {processor.py:183} INFO - Processing /opt/airflow/dags/isr_pipeline.py took 0.118 seconds
[2026-04-03T18:48:32.196+0000] {processor.py:161} INFO - Started process (PID=50537) to work on /opt/airflow/dags/isr_pipeline.py
[2026-04-03T18:48:32.197+0000] {processor.py:830} INFO - Processing file /opt/airflow/dags/isr_pipeline.py for tasks to queue
[2026-04-03T18:48:32.198+0000] {logging_mixin.py:188} INFO - [2026-04-03T18:48:32.198+0000] {dagbag.py:540} INFO - Filling up the DagBag from /opt/airflow/dags/isr_pipeline.py
[2026-04-03T18:48:32.216+0000] {processor.py:840} INFO - DAG(s) 'isr_pipeline' retrieved from /opt/airflow/dags/isr_pipeline.py
[2026-04-03T18:48:32.256+0000] {logging_mixin.py:188} INFO - [2026-04-03T18:48:32.256+0000] {dag.py:3096} INFO - Sync 1 DAGs
[2026-04-03T18:48:32.301+0000] {processor.py:183} INFO - Processing /opt/airflow/dags/isr_pipeline.py took 0.113 seconds
[2026-04-03T18:49:02.374+0000] {processor.py:161} INFO - Started process (PID=50542) to work on /opt/airflow/dags/isr_pipeline.py
[2026-04-03T18:49:02.375+0000] {processor.py:830} INFO - Processing file /opt/airflow/dags/isr_pipeline.py for tasks to queue
[2026-04-03T18:49:02.377+0000] {logging_mixin.py:188} INFO - [2026-04-03T18:49:02.376+0000] {dagbag.py:540} INFO - Filling up the DagBag from /opt/airflow/dags/isr_pipeline.py
[2026-04-03T18:49:02.397+0000] {processor.py:840} INFO - DAG(s) 'isr_pipeline' retrieved from /opt/airflow/dags/isr_pipeline.py
[2026-04-03T18:49:02.439+0000] {logging_mixin.py:188} INFO - [2026-04-03T18:49:02.439+0000] {dag.py:3096} INFO - Sync 1 DAGs
[2026-04-03T18:49:02.485+0000] {processor.py:183} INFO - Processing /opt/airflow/dags/isr_pipeline.py took 0.121 seconds
[2026-04-03T18:49:32.692+0000] {processor.py:161} INFO - Started process (PID=50547) to work on /opt/airflow/dags/isr_pipeline.py
[2026-04-03T18:49:32.694+0000] {processor.py:830} INFO - Processing file /opt/airflow/dags/isr_pipeline.py for tasks to queue
[2026-04-03T18:49:32.695+0000] {logging_mixin.py:188} INFO - [2026-04-03T18:49:32.695+0000] {dagbag.py:540} INFO - Filling up the DagBag from /opt/airflow/dags/isr_pipeline.py
[2026-04-03T18:49:32.713+0000] {processor.py:840} INFO - DAG(s) 'isr_pipeline' retrieved from /opt/airflow/dags/isr_pipeline.py
[2026-04-03T18:49:32.753+0000] {logging_mixin.py:188} INFO - [2026-04-03T18:49:32.753+0000] {dag.py:3096} INFO - Sync 1 DAGs
[2026-04-03T18:49:32.801+0000] {processor.py:183} INFO - Processing /opt/airflow/dags/isr_pipeline.py took 0.117 seconds
[2026-04-03T18:50:02.863+0000] {processor.py:161} INFO - Started process (PID=50552) to work on /opt/airflow/dags/isr_pipeline.py
[2026-04-03T18:50:02.864+0000] {processor.py:830} INFO - Processing file /opt/airflow/dags/isr_pipeline.py for tasks to queue
[2026-04-03T18:50:02.866+0000] {logging_mixin.py:188} INFO - [2026-04-03T18:50:02.865+0000] {dagbag.py:540} INFO - Filling up the DagBag from /opt/airflow/dags/isr_pipeline.py
[2026-04-03T18:50:02.889+0000] {processor.py:840} INFO - DAG(s) 'isr_pipeline' retrieved from /opt/airflow/dags/isr_pipeline.py
[2026-04-03T18:50:02.931+0000] {logging_mixin.py:188} INFO - [2026-04-03T18:50:02.930+0000] {dag.py:3096} INFO - Sync 1 DAGs
[2026-04-03T18:50:02.975+0000] {processor.py:183} INFO - Processing /opt/airflow/dags/isr_pipeline.py took 0.120 seconds
[2026-04-03T18:50:33.051+0000] {processor.py:161} INFO - Started process (PID=50557) to work on /opt/airflow/dags/isr_pipeline.py
[2026-04-03T18:50:33.053+0000] {processor.py:830} INFO - Processing file /opt/airflow/dags/isr_pipeline.py for tasks to queue
[2026-04-03T18:50:33.054+0000] {logging_mixin.py:188} INFO - [2026-04-03T18:50:33.054+0000] {dagbag.py:540} INFO - Filling up the DagBag from /opt/airflow/dags/isr_pipeline.py
[2026-04-03T18:50:33.072+0000] {processor.py:840} INFO - DAG(s) 'isr_pipeline' retrieved from /opt/airflow/dags/isr_pipeline.py
[2026-04-03T18:50:33.111+0000] {logging_mixin.py:188} INFO - [2026-04-03T18:50:33.111+0000] {dag.py:3096} INFO - Sync 1 DAGs
[2026-04-03T18:50:33.156+0000] {processor.py:183} INFO - Processing /opt/airflow/dags/isr_pipeline.py took 0.113 seconds
[2026-04-03T18:51:03.250+0000] {processor.py:161} INFO - Started process (PID=50562) to work on /opt/airflow/dags/isr_pipeline.py
[2026-04-03T18:51:03.251+0000] {processor.py:830} INFO - Processing file /opt/airflow/dags/isr_pipeline.py for tasks to queue
[2026-04-03T18:51:03.253+0000] {logging_mixin.py:188} INFO - [2026-04-03T18:51:03.253+0000] {dagbag.py:540} INFO - Filling up the DagBag from /opt/airflow/dags/isr_pipeline.py
[2026-04-03T18:51:03.271+0000] {processor.py:840} INFO - DAG(s) 'isr_pipeline' retrieved from /opt/airflow/dags/isr_pipeline.py
[2026-04-03T18:51:03.313+0000] {logging_mixin.py:188} INFO - [2026-04-03T18:51:03.312+0000] {dag.py:3096} INFO - Sync 1 DAGs
[2026-04-03T18:51:03.361+0000] {processor.py:183} INFO - Processing /opt/airflow/dags/isr_pipeline.py took 0.119 seconds
[2026-04-03T18:51:33.613+0000] {processor.py:161} INFO - Started process (PID=50567) to work on /opt/airflow/dags/isr_pipeline.py
[2026-04-03T18:51:33.615+0000] {processor.py:830} INFO - Processing file /opt/airflow/dags/isr_pipeline.py for tasks to queue
[2026-04-03T18:51:33.616+0000] {logging_mixin.py:188} INFO - [2026-04-03T18:51:33.616+0000] {dagbag.py:540} INFO - Filling up the DagBag from /opt/airflow/dags/isr_pipeline.py
[2026-04-03T18:51:33.634+0000] {processor.py:840} INFO - DAG(s) 'isr_pipeline' retrieved from /opt/airflow/dags/isr_pipeline.py
[2026-04-03T18:51:33.670+0000] {logging_mixin.py:188} INFO - [2026-04-03T18:51:33.670+0000] {dag.py:3096} INFO - Sync 1 DAGs
[2026-04-03T18:51:33.712+0000] {processor.py:183} INFO - Processing /opt/airflow/dags/isr_pipeline.py took 0.107 seconds
[2026-04-03T19:21:45.293+0000] {processor.py:161} INFO - Started process (PID=50573) to work on /opt/airflow/dags/isr_pipeline.py
[2026-04-03T19:21:45.295+0000] {processor.py:830} INFO - Processing file /opt/airflow/dags/isr_pipeline.py for tasks to queue
[2026-04-03T19:21:45.297+0000] {logging_mixin.py:188} INFO - [2026-04-03T19:21:45.296+0000] {dagbag.py:540} INFO - Filling up the DagBag from /opt/airflow/dags/isr_pipeline.py
[2026-04-03T19:21:45.324+0000] {processor.py:840} INFO - DAG(s) 'isr_pipeline' retrieved from /opt/airflow/dags/isr_pipeline.py
[2026-04-03T19:21:45.387+0000] {logging_mixin.py:188} INFO - [2026-04-03T19:21:45.386+0000] {dag.py:3096} INFO - Sync 1 DAGs
[2026-04-03T19:21:45.439+0000] {processor.py:183} INFO - Processing /opt/airflow/dags/isr_pipeline.py took 0.159 seconds
[2026-04-03T19:22:15.578+0000] {processor.py:161} INFO - Started process (PID=50578) to work on /opt/airflow/dags/isr_pipeline.py
[2026-04-03T19:22:15.583+0000] {processor.py:830} INFO - Processing file /opt/airflow/dags/isr_pipeline.py for tasks to queue
[2026-04-03T19:22:15.591+0000] {logging_mixin.py:188} INFO - [2026-04-03T19:22:15.589+0000] {dagbag.py:540} INFO - Filling up the DagBag from /opt/airflow/dags/isr_pipeline.py
[2026-04-03T19:22:15.681+0000] {processor.py:840} INFO - DAG(s) 'isr_pipeline' retrieved from /opt/airflow/dags/isr_pipeline.py
[2026-04-03T19:22:15.861+0000] {logging_mixin.py:188} INFO - [2026-04-03T19:22:15.860+0000] {dag.py:3096} INFO - Sync 1 DAGs
[2026-04-03T19:22:16.065+0000] {processor.py:183} INFO - Processing /opt/airflow/dags/isr_pipeline.py took 0.527 seconds
[2026-04-03T19:29:58.999+0000] {processor.py:161} INFO - Started process (PID=50584) to work on /opt/airflow/dags/isr_pipeline.py
[2026-04-03T19:29:59.003+0000] {processor.py:830} INFO - Processing file /opt/airflow/dags/isr_pipeline.py for tasks to queue
[2026-04-03T19:29:59.007+0000] {logging_mixin.py:188} INFO - [2026-04-03T19:29:59.005+0000] {dagbag.py:540} INFO - Filling up the DagBag from /opt/airflow/dags/isr_pipeline.py
[2026-04-03T19:29:59.037+0000] {processor.py:840} INFO - DAG(s) 'isr_pipeline' retrieved from /opt/airflow/dags/isr_pipeline.py
[2026-04-03T19:29:59.089+0000] {logging_mixin.py:188} INFO - [2026-04-03T19:29:59.089+0000] {dag.py:3096} INFO - Sync 1 DAGs
[2026-04-03T19:29:59.282+0000] {processor.py:183} INFO - Processing /opt/airflow/dags/isr_pipeline.py took 0.293 seconds
[2026-04-03T19:30:29.440+0000] {processor.py:161} INFO - Started process (PID=50589) to work on /opt/airflow/dags/isr_pipeline.py
[2026-04-03T19:30:29.446+0000] {processor.py:830} INFO - Processing file /opt/airflow/dags/isr_pipeline.py for tasks to queue
[2026-04-03T19:30:29.455+0000] {logging_mixin.py:188} INFO - [2026-04-03T19:30:29.452+0000] {dagbag.py:540} INFO - Filling up the DagBag from /opt/airflow/dags/isr_pipeline.py
[2026-04-03T19:30:29.543+0000] {processor.py:840} INFO - DAG(s) 'isr_pipeline' retrieved from /opt/airflow/dags/isr_pipeline.py
[2026-04-03T19:30:29.724+0000] {logging_mixin.py:188} INFO - [2026-04-03T19:30:29.723+0000] {dag.py:3096} INFO - Sync 1 DAGs
[2026-04-03T19:30:29.954+0000] {processor.py:183} INFO - Processing /opt/airflow/dags/isr_pipeline.py took 0.552 seconds
[2026-04-03T19:32:39.258+0000] {processor.py:161} INFO - Started process (PID=50594) to work on /opt/airflow/dags/isr_pipeline.py
[2026-04-03T19:32:39.263+0000] {processor.py:830} INFO - Processing file /opt/airflow/dags/isr_pipeline.py for tasks to queue
[2026-04-03T19:32:39.265+0000] {logging_mixin.py:188} INFO - [2026-04-03T19:32:39.265+0000] {dagbag.py:540} INFO - Filling up the DagBag from /opt/airflow/dags/isr_pipeline.py
[2026-04-03T19:32:39.292+0000] {processor.py:840} INFO - DAG(s) 'isr_pipeline' retrieved from /opt/airflow/dags/isr_pipeline.py
[2026-04-03T19:32:39.347+0000] {logging_mixin.py:188} INFO - [2026-04-03T19:32:39.347+0000] {dag.py:3096} INFO - Sync 1 DAGs
[2026-04-03T19:32:39.567+0000] {processor.py:183} INFO - Processing /opt/airflow/dags/isr_pipeline.py took 0.323 seconds
[2026-04-03T19:33:10.024+0000] {processor.py:161} INFO - Started process (PID=50599) to work on /opt/airflow/dags/isr_pipeline.py
[2026-04-03T19:33:10.031+0000] {processor.py:830} INFO - Processing file /opt/airflow/dags/isr_pipeline.py for tasks to queue
[2026-04-03T19:33:10.039+0000] {logging_mixin.py:188} INFO - [2026-04-03T19:33:10.037+0000] {dagbag.py:540} INFO - Filling up the DagBag from /opt/airflow/dags/isr_pipeline.py
[2026-04-03T19:33:10.146+0000] {processor.py:840} INFO - DAG(s) 'isr_pipeline' retrieved from /opt/airflow/dags/isr_pipeline.py
[2026-04-03T19:33:10.362+0000] {logging_mixin.py:188} INFO - [2026-04-03T19:33:10.361+0000] {dag.py:3096} INFO - Sync 1 DAGs
[2026-04-03T19:33:10.596+0000] {processor.py:183} INFO - Processing /opt/airflow/dags/isr_pipeline.py took 0.612 seconds
[2026-04-03T19:36:03.952+0000] {processor.py:161} INFO - Started process (PID=50604) to work on /opt/airflow/dags/isr_pipeline.py
[2026-04-03T19:36:03.954+0000] {processor.py:830} INFO - Processing file /opt/airflow/dags/isr_pipeline.py for tasks to queue
[2026-04-03T19:36:03.956+0000] {logging_mixin.py:188} INFO - [2026-04-03T19:36:03.955+0000] {dagbag.py:540} INFO - Filling up the DagBag from /opt/airflow/dags/isr_pipeline.py
[2026-04-03T19:36:03.985+0000] {processor.py:840} INFO - DAG(s) 'isr_pipeline' retrieved from /opt/airflow/dags/isr_pipeline.py
[2026-04-03T19:36:04.027+0000] {logging_mixin.py:188} INFO - [2026-04-03T19:36:04.027+0000] {dag.py:3096} INFO - Sync 1 DAGs
[2026-04-03T19:36:04.189+0000] {processor.py:183} INFO - Processing /opt/airflow/dags/isr_pipeline.py took 0.250 seconds
[2026-04-03T19:36:34.370+0000] {processor.py:161} INFO - Started process (PID=50609) to work on /opt/airflow/dags/isr_pipeline.py
[2026-04-03T19:36:34.376+0000] {processor.py:830} INFO - Processing file /opt/airflow/dags/isr_pipeline.py for tasks to queue
[2026-04-03T19:36:34.383+0000] {logging_mixin.py:188} INFO - [2026-04-03T19:36:34.381+0000] {dagbag.py:540} INFO - Filling up the DagBag from /opt/airflow/dags/isr_pipeline.py
[2026-04-03T19:36:34.481+0000] {processor.py:840} INFO - DAG(s) 'isr_pipeline' retrieved from /opt/airflow/dags/isr_pipeline.py
[2026-04-03T19:36:34.671+0000] {logging_mixin.py:188} INFO - [2026-04-03T19:36:34.670+0000] {dag.py:3096} INFO - Sync 1 DAGs
[2026-04-03T19:36:34.869+0000] {processor.py:183} INFO - Processing /opt/airflow/dags/isr_pipeline.py took 0.537 seconds
[2026-04-03T19:44:28.559+0000] {processor.py:161} INFO - Started process (PID=50614) to work on /opt/airflow/dags/isr_pipeline.py
[2026-04-03T19:44:28.561+0000] {processor.py:830} INFO - Processing file /opt/airflow/dags/isr_pipeline.py for tasks to queue
[2026-04-03T19:44:28.566+0000] {logging_mixin.py:188} INFO - [2026-04-03T19:44:28.563+0000] {dagbag.py:540} INFO - Filling up the DagBag from /opt/airflow/dags/isr_pipeline.py
[2026-04-03T19:44:28.611+0000] {processor.py:840} INFO - DAG(s) 'isr_pipeline' retrieved from /opt/airflow/dags/isr_pipeline.py
[2026-04-03T19:44:28.674+0000] {logging_mixin.py:188} INFO - [2026-04-03T19:44:28.674+0000] {dag.py:3096} INFO - Sync 1 DAGs
[2026-04-03T19:44:28.792+0000] {processor.py:183} INFO - Processing /opt/airflow/dags/isr_pipeline.py took 0.252 seconds
[2026-04-03T19:44:58.978+0000] {processor.py:161} INFO - Started process (PID=50619) to work on /opt/airflow/dags/isr_pipeline.py
[2026-04-03T19:44:58.984+0000] {processor.py:830} INFO - Processing file /opt/airflow/dags/isr_pipeline.py for tasks to queue
[2026-04-03T19:44:58.991+0000] {logging_mixin.py:188} INFO - [2026-04-03T19:44:58.989+0000] {dagbag.py:540} INFO - Filling up the DagBag from /opt/airflow/dags/isr_pipeline.py
[2026-04-03T19:44:59.079+0000] {processor.py:840} INFO - DAG(s) 'isr_pipeline' retrieved from /opt/airflow/dags/isr_pipeline.py
[2026-04-03T19:44:59.257+0000] {logging_mixin.py:188} INFO - [2026-04-03T19:44:59.256+0000] {dag.py:3096} INFO - Sync 1 DAGs
[2026-04-03T19:44:59.453+0000] {processor.py:183} INFO - Processing /opt/airflow/dags/isr_pipeline.py took 0.512 seconds
[2026-04-03T20:02:10.313+0000] {processor.py:161} INFO - Started process (PID=50624) to work on /opt/airflow/dags/isr_pipeline.py
[2026-04-03T20:02:10.314+0000] {processor.py:830} INFO - Processing file /opt/airflow/dags/isr_pipeline.py for tasks to queue
[2026-04-03T20:02:10.319+0000] {logging_mixin.py:188} INFO - [2026-04-03T20:02:10.318+0000] {dagbag.py:540} INFO - Filling up the DagBag from /opt/airflow/dags/isr_pipeline.py
[2026-04-03T20:02:10.351+0000] {processor.py:840} INFO - DAG(s) 'isr_pipeline' retrieved from /opt/airflow/dags/isr_pipeline.py
[2026-04-03T20:02:10.404+0000] {logging_mixin.py:188} INFO - [2026-04-03T20:02:10.403+0000] {dag.py:3096} INFO - Sync 1 DAGs
[2026-04-03T20:02:10.546+0000] {processor.py:183} INFO - Processing /opt/airflow/dags/isr_pipeline.py took 0.248 seconds
[2026-04-03T20:02:40.835+0000] {processor.py:161} INFO - Started process (PID=50629) to work on /opt/airflow/dags/isr_pipeline.py
[2026-04-03T20:02:40.841+0000] {processor.py:830} INFO - Processing file /opt/airflow/dags/isr_pipeline.py for tasks to queue
[2026-04-03T20:02:40.848+0000] {logging_mixin.py:188} INFO - [2026-04-03T20:02:40.846+0000] {dagbag.py:540} INFO - Filling up the DagBag from /opt/airflow/dags/isr_pipeline.py
[2026-04-03T20:02:40.938+0000] {processor.py:840} INFO - DAG(s) 'isr_pipeline' retrieved from /opt/airflow/dags/isr_pipeline.py
[2026-04-03T20:02:41.125+0000] {logging_mixin.py:188} INFO - [2026-04-03T20:02:41.124+0000] {dag.py:3096} INFO - Sync 1 DAGs
[2026-04-03T20:02:41.338+0000] {processor.py:183} INFO - Processing /opt/airflow/dags/isr_pipeline.py took 0.541 seconds
[2026-04-03T20:13:45.381+0000] {processor.py:161} INFO - Started process (PID=50635) to work on /opt/airflow/dags/isr_pipeline.py
[2026-04-03T20:13:45.383+0000] {processor.py:830} INFO - Processing file /opt/airflow/dags/isr_pipeline.py for tasks to queue
[2026-04-03T20:13:45.386+0000] {logging_mixin.py:188} INFO - [2026-04-03T20:13:45.385+0000] {dagbag.py:540} INFO - Filling up the DagBag from /opt/airflow/dags/isr_pipeline.py
[2026-04-03T20:13:45.415+0000] {processor.py:840} INFO - DAG(s) 'isr_pipeline' retrieved from /opt/airflow/dags/isr_pipeline.py
[2026-04-03T20:13:45.460+0000] {logging_mixin.py:188} INFO - [2026-04-03T20:13:45.460+0000] {dag.py:3096} INFO - Sync 1 DAGs
[2026-04-03T20:13:45.645+0000] {processor.py:183} INFO - Processing /opt/airflow/dags/isr_pipeline.py took 0.274 seconds
[2026-04-03T20:14:16.150+0000] {processor.py:161} INFO - Started process (PID=50640) to work on /opt/airflow/dags/isr_pipeline.py
[2026-04-03T20:14:16.158+0000] {processor.py:830} INFO - Processing file /opt/airflow/dags/isr_pipeline.py for tasks to queue
[2026-04-03T20:14:16.165+0000] {logging_mixin.py:188} INFO - [2026-04-03T20:14:16.164+0000] {dagbag.py:540} INFO - Filling up the DagBag from /opt/airflow/dags/isr_pipeline.py
[2026-04-03T20:14:16.255+0000] {processor.py:840} INFO - DAG(s) 'isr_pipeline' retrieved from /opt/airflow/dags/isr_pipeline.py
[2026-04-03T20:14:16.434+0000] {logging_mixin.py:188} INFO - [2026-04-03T20:14:16.433+0000] {dag.py:3096} INFO - Sync 1 DAGs
[2026-04-03T20:14:16.649+0000] {processor.py:183} INFO - Processing /opt/airflow/dags/isr_pipeline.py took 0.543 seconds
[2026-04-03T20:30:36.185+0000] {processor.py:161} INFO - Started process (PID=50645) to work on /opt/airflow/dags/isr_pipeline.py
[2026-04-03T20:30:36.186+0000] {processor.py:830} INFO - Processing file /opt/airflow/dags/isr_pipeline.py for tasks to queue
[2026-04-03T20:30:36.189+0000] {logging_mixin.py:188} INFO - [2026-04-03T20:30:36.188+0000] {dagbag.py:540} INFO - Filling up the DagBag from /opt/airflow/dags/isr_pipeline.py
[2026-04-03T20:30:36.218+0000] {processor.py:840} INFO - DAG(s) 'isr_pipeline' retrieved from /opt/airflow/dags/isr_pipeline.py
[2026-04-03T20:30:36.274+0000] {logging_mixin.py:188} INFO - [2026-04-03T20:30:36.274+0000] {dag.py:3096} INFO - Sync 1 DAGs
[2026-04-03T20:30:36.436+0000] {processor.py:183} INFO - Processing /opt/airflow/dags/isr_pipeline.py took 0.259 seconds
[2026-04-03T20:31:06.798+0000] {processor.py:161} INFO - Started process (PID=50650) to work on /opt/airflow/dags/isr_pipeline.py
[2026-04-03T20:31:06.805+0000] {processor.py:830} INFO - Processing file /opt/airflow/dags/isr_pipeline.py for tasks to queue
[2026-04-03T20:31:06.812+0000] {logging_mixin.py:188} INFO - [2026-04-03T20:31:06.810+0000] {dagbag.py:540} INFO - Filling up the DagBag from /opt/airflow/dags/isr_pipeline.py
[2026-04-03T20:31:06.907+0000] {processor.py:840} INFO - DAG(s) 'isr_pipeline' retrieved from /opt/airflow/dags/isr_pipeline.py
[2026-04-03T20:31:07.095+0000] {logging_mixin.py:188} INFO - [2026-04-03T20:31:07.094+0000] {dag.py:3096} INFO - Sync 1 DAGs
[2026-04-03T20:31:07.321+0000] {processor.py:183} INFO - Processing /opt/airflow/dags/isr_pipeline.py took 0.563 seconds
[2026-04-03T20:31:37.808+0000] {processor.py:161} INFO - Started process (PID=50655) to work on /opt/airflow/dags/isr_pipeline.py
[2026-04-03T20:31:37.815+0000] {processor.py:830} INFO - Processing file /opt/airflow/dags/isr_pipeline.py for tasks to queue
[2026-04-03T20:31:37.822+0000] {logging_mixin.py:188} INFO - [2026-04-03T20:31:37.820+0000] {dagbag.py:540} INFO - Filling up the DagBag from /opt/airflow/dags/isr_pipeline.py
[2026-04-03T20:31:37.913+0000] {processor.py:840} INFO - DAG(s) 'isr_pipeline' retrieved from /opt/airflow/dags/isr_pipeline.py
[2026-04-03T20:31:38.094+0000] {logging_mixin.py:188} INFO - [2026-04-03T20:31:38.093+0000] {dag.py:3096} INFO - Sync 1 DAGs
[2026-04-03T20:31:38.303+0000] {processor.py:183} INFO - Processing /opt/airflow/dags/isr_pipeline.py took 0.534 seconds
[2026-04-03T20:32:08.832+0000] {processor.py:161} INFO - Started process (PID=50660) to work on /opt/airflow/dags/isr_pipeline.py
[2026-04-03T20:32:08.841+0000] {processor.py:830} INFO - Processing file /opt/airflow/dags/isr_pipeline.py for tasks to queue
[2026-04-03T20:32:08.848+0000] {logging_mixin.py:188} INFO - [2026-04-03T20:32:08.846+0000] {dagbag.py:540} INFO - Filling up the DagBag from /opt/airflow/dags/isr_pipeline.py
[2026-04-03T20:32:08.937+0000] {processor.py:840} INFO - DAG(s) 'isr_pipeline' retrieved from /opt/airflow/dags/isr_pipeline.py
[2026-04-03T20:32:09.121+0000] {logging_mixin.py:188} INFO - [2026-04-03T20:32:09.120+0000] {dag.py:3096} INFO - Sync 1 DAGs
[2026-04-03T20:32:09.330+0000] {processor.py:183} INFO - Processing /opt/airflow/dags/isr_pipeline.py took 0.536 seconds
[2026-04-03T20:32:39.622+0000] {processor.py:161} INFO - Started process (PID=50665) to work on /opt/airflow/dags/isr_pipeline.py
[2026-04-03T20:32:39.630+0000] {processor.py:830} INFO - Processing file /opt/airflow/dags/isr_pipeline.py for tasks to queue
[2026-04-03T20:32:39.640+0000] {logging_mixin.py:188} INFO - [2026-04-03T20:32:39.638+0000] {dagbag.py:540} INFO - Filling up the DagBag from /opt/airflow/dags/isr_pipeline.py
[2026-04-03T20:32:39.745+0000] {processor.py:840} INFO - DAG(s) 'isr_pipeline' retrieved from /opt/airflow/dags/isr_pipeline.py
[2026-04-03T20:32:39.922+0000] {logging_mixin.py:188} INFO - [2026-04-03T20:32:39.921+0000] {dag.py:3096} INFO - Sync 1 DAGs
[2026-04-03T20:32:40.126+0000] {processor.py:183} INFO - Processing /opt/airflow/dags/isr_pipeline.py took 0.543 seconds
[2026-04-03T20:33:10.662+0000] {processor.py:161} INFO - Started process (PID=50670) to work on /opt/airflow/dags/isr_pipeline.py
[2026-04-03T20:33:10.669+0000] {processor.py:830} INFO - Processing file /opt/airflow/dags/isr_pipeline.py for tasks to queue
[2026-04-03T20:33:10.676+0000] {logging_mixin.py:188} INFO - [2026-04-03T20:33:10.674+0000] {dagbag.py:540} INFO - Filling up the DagBag from /opt/airflow/dags/isr_pipeline.py
[2026-04-03T20:33:10.768+0000] {processor.py:840} INFO - DAG(s) 'isr_pipeline' retrieved from /opt/airflow/dags/isr_pipeline.py
[2026-04-03T20:33:10.953+0000] {logging_mixin.py:188} INFO - [2026-04-03T20:33:10.952+0000] {dag.py:3096} INFO - Sync 1 DAGs
[2026-04-03T20:33:11.161+0000] {processor.py:183} INFO - Processing /opt/airflow/dags/isr_pipeline.py took 0.538 seconds
[2026-04-03T20:33:41.556+0000] {processor.py:161} INFO - Started process (PID=50675) to work on /opt/airflow/dags/isr_pipeline.py
[2026-04-03T20:33:41.563+0000] {processor.py:830} INFO - Processing file /opt/airflow/dags/isr_pipeline.py for tasks to queue
[2026-04-03T20:33:41.569+0000] {logging_mixin.py:188} INFO - [2026-04-03T20:33:41.568+0000] {dagbag.py:540} INFO - Filling up the DagBag from /opt/airflow/dags/isr_pipeline.py
[2026-04-03T20:33:41.659+0000] {processor.py:840} INFO - DAG(s) 'isr_pipeline' retrieved from /opt/airflow/dags/isr_pipeline.py
[2026-04-03T20:33:41.836+0000] {logging_mixin.py:188} INFO - [2026-04-03T20:33:41.835+0000] {dag.py:3096} INFO - Sync 1 DAGs
[2026-04-03T20:33:42.042+0000] {processor.py:183} INFO - Processing /opt/airflow/dags/isr_pipeline.py took 0.526 seconds
[2026-04-03T20:34:12.587+0000] {processor.py:161} INFO - Started process (PID=50680) to work on /opt/airflow/dags/isr_pipeline.py
[2026-04-03T20:34:12.595+0000] {processor.py:830} INFO - Processing file /opt/airflow/dags/isr_pipeline.py for tasks to queue
[2026-04-03T20:34:12.602+0000] {logging_mixin.py:188} INFO - [2026-04-03T20:34:12.600+0000] {dagbag.py:540} INFO - Filling up the DagBag from /opt/airflow/dags/isr_pipeline.py
[2026-04-03T20:34:12.689+0000] {processor.py:840} INFO - DAG(s) 'isr_pipeline' retrieved from /opt/airflow/dags/isr_pipeline.py
[2026-04-03T20:34:12.880+0000] {logging_mixin.py:188} INFO - [2026-04-03T20:34:12.879+0000] {dag.py:3096} INFO - Sync 1 DAGs
[2026-04-03T20:34:13.087+0000] {processor.py:183} INFO - Processing /opt/airflow/dags/isr_pipeline.py took 0.540 seconds
[2026-04-03T20:34:43.349+0000] {processor.py:161} INFO - Started process (PID=50685) to work on /opt/airflow/dags/isr_pipeline.py
[2026-04-03T20:34:43.357+0000] {processor.py:830} INFO - Processing file /opt/airflow/dags/isr_pipeline.py for tasks to queue
[2026-04-03T20:34:43.366+0000] {logging_mixin.py:188} INFO - [2026-04-03T20:34:43.364+0000] {dagbag.py:540} INFO - Filling up the DagBag from /opt/airflow/dags/isr_pipeline.py
[2026-04-03T20:34:43.451+0000] {processor.py:840} INFO - DAG(s) 'isr_pipeline' retrieved from /opt/airflow/dags/isr_pipeline.py
[2026-04-03T20:34:43.632+0000] {logging_mixin.py:188} INFO - [2026-04-03T20:34:43.631+0000] {dag.py:3096} INFO - Sync 1 DAGs
[2026-04-03T20:34:43.835+0000] {processor.py:183} INFO - Processing /opt/airflow/dags/isr_pipeline.py took 0.526 seconds
[2026-04-03T20:35:14.296+0000] {processor.py:161} INFO - Started process (PID=50690) to work on /opt/airflow/dags/isr_pipeline.py
[2026-04-03T20:35:14.304+0000] {processor.py:830} INFO - Processing file /opt/airflow/dags/isr_pipeline.py for tasks to queue
[2026-04-03T20:35:14.312+0000] {logging_mixin.py:188} INFO - [2026-04-03T20:35:14.310+0000] {dagbag.py:540} INFO - Filling up the DagBag from /opt/airflow/dags/isr_pipeline.py
[2026-04-03T20:35:14.576+0000] {processor.py:840} INFO - DAG(s) 'isr_pipeline' retrieved from /opt/airflow/dags/isr_pipeline.py
[2026-04-03T20:35:14.804+0000] {logging_mixin.py:188} INFO - [2026-04-03T20:35:14.802+0000] {dag.py:3096} INFO - Sync 1 DAGs
[2026-04-03T20:35:15.017+0000] {processor.py:183} INFO - Processing /opt/airflow/dags/isr_pipeline.py took 0.761 seconds
[2026-04-03T20:35:45.354+0000] {processor.py:161} INFO - Started process (PID=50695) to work on /opt/airflow/dags/isr_pipeline.py
[2026-04-03T20:35:45.363+0000] {processor.py:830} INFO - Processing file /opt/airflow/dags/isr_pipeline.py for tasks to queue
[2026-04-03T20:35:45.370+0000] {logging_mixin.py:188} INFO - [2026-04-03T20:35:45.368+0000] {dagbag.py:540} INFO - Filling up the DagBag from /opt/airflow/dags/isr_pipeline.py
[2026-04-03T20:35:45.463+0000] {processor.py:840} INFO - DAG(s) 'isr_pipeline' retrieved from /opt/airflow/dags/isr_pipeline.py
[2026-04-03T20:35:45.657+0000] {logging_mixin.py:188} INFO - [2026-04-03T20:35:45.657+0000] {dag.py:3096} INFO - Sync 1 DAGs
[2026-04-03T20:35:45.866+0000] {processor.py:183} INFO - Processing /opt/airflow/dags/isr_pipeline.py took 0.563 seconds
[2026-04-03T20:36:16.364+0000] {processor.py:161} INFO - Started process (PID=50700) to work on /opt/airflow/dags/isr_pipeline.py
[2026-04-03T20:36:16.371+0000] {processor.py:830} INFO - Processing file /opt/airflow/dags/isr_pipeline.py for tasks to queue
[2026-04-03T20:36:16.379+0000] {logging_mixin.py:188} INFO - [2026-04-03T20:36:16.377+0000] {dagbag.py:540} INFO - Filling up the DagBag from /opt/airflow/dags/isr_pipeline.py
[2026-04-03T20:36:16.470+0000] {processor.py:840} INFO - DAG(s) 'isr_pipeline' retrieved from /opt/airflow/dags/isr_pipeline.py
[2026-04-03T20:36:16.655+0000] {logging_mixin.py:188} INFO - [2026-04-03T20:36:16.654+0000] {dag.py:3096} INFO - Sync 1 DAGs
[2026-04-03T20:36:16.875+0000] {processor.py:183} INFO - Processing /opt/airflow/dags/isr_pipeline.py took 0.554 seconds
[2026-04-03T20:36:47.264+0000] {processor.py:161} INFO - Started process (PID=50705) to work on /opt/airflow/dags/isr_pipeline.py
[2026-04-03T20:36:47.271+0000] {processor.py:830} INFO - Processing file /opt/airflow/dags/isr_pipeline.py for tasks to queue
[2026-04-03T20:36:47.279+0000] {logging_mixin.py:188} INFO - [2026-04-03T20:36:47.277+0000] {dagbag.py:540} INFO - Filling up the DagBag from /opt/airflow/dags/isr_pipeline.py
[2026-04-03T20:36:47.374+0000] {processor.py:840} INFO - DAG(s) 'isr_pipeline' retrieved from /opt/airflow/dags/isr_pipeline.py
[2026-04-03T20:36:47.553+0000] {logging_mixin.py:188} INFO - [2026-04-03T20:36:47.552+0000] {dag.py:3096} INFO - Sync 1 DAGs
[2026-04-03T20:36:47.752+0000] {processor.py:183} INFO - Processing /opt/airflow/dags/isr_pipeline.py took 0.525 seconds
[2026-04-03T20:37:18.227+0000] {processor.py:161} INFO - Started process (PID=50710) to work on /opt/airflow/dags/isr_pipeline.py
[2026-04-03T20:37:18.234+0000] {processor.py:830} INFO - Processing file /opt/airflow/dags/isr_pipeline.py for tasks to queue
[2026-04-03T20:37:18.243+0000] {logging_mixin.py:188} INFO - [2026-04-03T20:37:18.241+0000] {dagbag.py:540} INFO - Filling up the DagBag from /opt/airflow/dags/isr_pipeline.py
[2026-04-03T20:37:18.332+0000] {processor.py:840} INFO - DAG(s) 'isr_pipeline' retrieved from /opt/airflow/dags/isr_pipeline.py
[2026-04-03T20:37:18.518+0000] {logging_mixin.py:188} INFO - [2026-04-03T20:37:18.517+0000] {dag.py:3096} INFO - Sync 1 DAGs
[2026-04-03T20:37:18.717+0000] {processor.py:183} INFO - Processing /opt/airflow/dags/isr_pipeline.py took 0.529 seconds
[2026-04-03T20:37:49.159+0000] {processor.py:161} INFO - Started process (PID=50715) to work on /opt/airflow/dags/isr_pipeline.py
[2026-04-03T20:37:49.167+0000] {processor.py:830} INFO - Processing file /opt/airflow/dags/isr_pipeline.py for tasks to queue
[2026-04-03T20:37:49.174+0000] {logging_mixin.py:188} INFO - [2026-04-03T20:37:49.172+0000] {dagbag.py:540} INFO - Filling up the DagBag from /opt/airflow/dags/isr_pipeline.py
[2026-04-03T20:37:49.265+0000] {processor.py:840} INFO - DAG(s) 'isr_pipeline' retrieved from /opt/airflow/dags/isr_pipeline.py
[2026-04-03T20:37:49.444+0000] {logging_mixin.py:188} INFO - [2026-04-03T20:37:49.443+0000] {dag.py:3096} INFO - Sync 1 DAGs
[2026-04-03T20:37:49.647+0000] {processor.py:183} INFO - Processing /opt/airflow/dags/isr_pipeline.py took 0.525 seconds
[2026-04-03T20:38:20.246+0000] {processor.py:161} INFO - Started process (PID=50720) to work on /opt/airflow/dags/isr_pipeline.py
[2026-04-03T20:38:20.253+0000] {processor.py:830} INFO - Processing file /opt/airflow/dags/isr_pipeline.py for tasks to queue
[2026-04-03T20:38:20.260+0000] {logging_mixin.py:188} INFO - [2026-04-03T20:38:20.258+0000] {dagbag.py:540} INFO - Filling up the DagBag from /opt/airflow/dags/isr_pipeline.py
[2026-04-03T20:38:20.349+0000] {processor.py:840} INFO - DAG(s) 'isr_pipeline' retrieved from /opt/airflow/dags/isr_pipeline.py
[2026-04-03T20:38:20.532+0000] {logging_mixin.py:188} INFO - [2026-04-03T20:38:20.531+0000] {dag.py:3096} INFO - Sync 1 DAGs
[2026-04-03T20:38:20.735+0000] {processor.py:183} INFO - Processing /opt/airflow/dags/isr_pipeline.py took 0.529 seconds
[2026-04-03T20:38:51.251+0000] {processor.py:161} INFO - Started process (PID=50725) to work on /opt/airflow/dags/isr_pipeline.py
[2026-04-03T20:38:51.259+0000] {processor.py:830} INFO - Processing file /opt/airflow/dags/isr_pipeline.py for tasks to queue
[2026-04-03T20:38:51.267+0000] {logging_mixin.py:188} INFO - [2026-04-03T20:38:51.264+0000] {dagbag.py:540} INFO - Filling up the DagBag from /opt/airflow/dags/isr_pipeline.py
[2026-04-03T20:38:51.359+0000] {processor.py:840} INFO - DAG(s) 'isr_pipeline' retrieved from /opt/airflow/dags/isr_pipeline.py
[2026-04-03T20:38:51.548+0000] {logging_mixin.py:188} INFO - [2026-04-03T20:38:51.547+0000] {dag.py:3096} INFO - Sync 1 DAGs
[2026-04-03T20:38:51.752+0000] {processor.py:183} INFO - Processing /opt/airflow/dags/isr_pipeline.py took 0.542 seconds
[2026-04-03T20:39:22.203+0000] {processor.py:161} INFO - Started process (PID=50730) to work on /opt/airflow/dags/isr_pipeline.py
[2026-04-03T20:39:22.210+0000] {processor.py:830} INFO - Processing file /opt/airflow/dags/isr_pipeline.py for tasks to queue
[2026-04-03T20:39:22.217+0000] {logging_mixin.py:188} INFO - [2026-04-03T20:39:22.215+0000] {dagbag.py:540} INFO - Filling up the DagBag from /opt/airflow/dags/isr_pipeline.py
[2026-04-03T20:39:22.306+0000] {processor.py:840} INFO - DAG(s) 'isr_pipeline' retrieved from /opt/airflow/dags/isr_pipeline.py
[2026-04-03T20:39:22.492+0000] {logging_mixin.py:188} INFO - [2026-04-03T20:39:22.491+0000] {dag.py:3096} INFO - Sync 1 DAGs
[2026-04-03T20:39:22.701+0000] {processor.py:183} INFO - Processing /opt/airflow/dags/isr_pipeline.py took 0.534 seconds
[2026-04-03T20:39:53.227+0000] {processor.py:161} INFO - Started process (PID=50735) to work on /opt/airflow/dags/isr_pipeline.py
[2026-04-03T20:39:53.235+0000] {processor.py:830} INFO - Processing file /opt/airflow/dags/isr_pipeline.py for tasks to queue
[2026-04-03T20:39:53.244+0000] {logging_mixin.py:188} INFO - [2026-04-03T20:39:53.241+0000] {dagbag.py:540} INFO - Filling up the DagBag from /opt/airflow/dags/isr_pipeline.py
[2026-04-03T20:39:53.347+0000] {processor.py:840} INFO - DAG(s) 'isr_pipeline' retrieved from /opt/airflow/dags/isr_pipeline.py
[2026-04-03T20:39:53.532+0000] {logging_mixin.py:188} INFO - [2026-04-03T20:39:53.531+0000] {dag.py:3096} INFO - Sync 1 DAGs
[2026-04-03T20:39:53.741+0000] {processor.py:183} INFO - Processing /opt/airflow/dags/isr_pipeline.py took 0.554 seconds
[2026-04-03T20:40:24.256+0000] {processor.py:161} INFO - Started process (PID=50740) to work on /opt/airflow/dags/isr_pipeline.py
[2026-04-03T20:40:24.263+0000] {processor.py:830} INFO - Processing file /opt/airflow/dags/isr_pipeline.py for tasks to queue
[2026-04-03T20:40:24.271+0000] {logging_mixin.py:188} INFO - [2026-04-03T20:40:24.269+0000] {dagbag.py:540} INFO - Filling up the DagBag from /opt/airflow/dags/isr_pipeline.py
[2026-04-03T20:40:24.366+0000] {processor.py:840} INFO - DAG(s) 'isr_pipeline' retrieved from /opt/airflow/dags/isr_pipeline.py
[2026-04-03T20:40:24.547+0000] {logging_mixin.py:188} INFO - [2026-04-03T20:40:24.546+0000] {dag.py:3096} INFO - Sync 1 DAGs
[2026-04-03T20:40:24.760+0000] {processor.py:183} INFO - Processing /opt/airflow/dags/isr_pipeline.py took 0.543 seconds
[2026-04-03T20:40:55.332+0000] {processor.py:161} INFO - Started process (PID=50745) to work on /opt/airflow/dags/isr_pipeline.py
[2026-04-03T20:40:55.340+0000] {processor.py:830} INFO - Processing file /opt/airflow/dags/isr_pipeline.py for tasks to queue
[2026-04-03T20:40:55.347+0000] {logging_mixin.py:188} INFO - [2026-04-03T20:40:55.345+0000] {dagbag.py:540} INFO - Filling up the DagBag from /opt/airflow/dags/isr_pipeline.py
[2026-04-03T20:40:55.434+0000] {processor.py:840} INFO - DAG(s) 'isr_pipeline' retrieved from /opt/airflow/dags/isr_pipeline.py
[2026-04-03T20:40:55.617+0000] {logging_mixin.py:188} INFO - [2026-04-03T20:40:55.616+0000] {dag.py:3096} INFO - Sync 1 DAGs
[2026-04-03T20:40:55.854+0000] {processor.py:183} INFO - Processing /opt/airflow/dags/isr_pipeline.py took 0.558 seconds
[2026-04-03T20:41:26.378+0000] {processor.py:161} INFO - Started process (PID=50750) to work on /opt/airflow/dags/isr_pipeline.py
[2026-04-03T20:41:26.385+0000] {processor.py:830} INFO - Processing file /opt/airflow/dags/isr_pipeline.py for tasks to queue
[2026-04-03T20:41:26.396+0000] {logging_mixin.py:188} INFO - [2026-04-03T20:41:26.393+0000] {dagbag.py:540} INFO - Filling up the DagBag from /opt/airflow/dags/isr_pipeline.py
[2026-04-03T20:41:26.503+0000] {processor.py:840} INFO - DAG(s) 'isr_pipeline' retrieved from /opt/airflow/dags/isr_pipeline.py
[2026-04-03T20:41:26.711+0000] {logging_mixin.py:188} INFO - [2026-04-03T20:41:26.710+0000] {dag.py:3096} INFO - Sync 1 DAGs
[2026-04-03T20:41:26.943+0000] {processor.py:183} INFO - Processing /opt/airflow/dags/isr_pipeline.py took 0.609 seconds
[2026-04-03T20:41:57.448+0000] {processor.py:161} INFO - Started process (PID=50755) to work on /opt/airflow/dags/isr_pipeline.py
[2026-04-03T20:41:57.456+0000] {processor.py:830} INFO - Processing file /opt/airflow/dags/isr_pipeline.py for tasks to queue
[2026-04-03T20:41:57.463+0000] {logging_mixin.py:188} INFO - [2026-04-03T20:41:57.461+0000] {dagbag.py:540} INFO - Filling up the DagBag from /opt/airflow/dags/isr_pipeline.py
[2026-04-03T20:41:57.552+0000] {processor.py:840} INFO - DAG(s) 'isr_pipeline' retrieved from /opt/airflow/dags/isr_pipeline.py
[2026-04-03T20:41:57.737+0000] {logging_mixin.py:188} INFO - [2026-04-03T20:41:57.736+0000] {dag.py:3096} INFO - Sync 1 DAGs
[2026-04-03T20:41:57.942+0000] {processor.py:183} INFO - Processing /opt/airflow/dags/isr_pipeline.py took 0.533 seconds
[2026-04-03T20:42:28.376+0000] {processor.py:161} INFO - Started process (PID=50760) to work on /opt/airflow/dags/isr_pipeline.py
[2026-04-03T20:42:28.383+0000] {processor.py:830} INFO - Processing file /opt/airflow/dags/isr_pipeline.py for tasks to queue
[2026-04-03T20:42:28.392+0000] {logging_mixin.py:188} INFO - [2026-04-03T20:42:28.389+0000] {dagbag.py:540} INFO - Filling up the DagBag from /opt/airflow/dags/isr_pipeline.py
[2026-04-03T20:42:28.486+0000] {processor.py:840} INFO - DAG(s) 'isr_pipeline' retrieved from /opt/airflow/dags/isr_pipeline.py
[2026-04-03T20:42:28.683+0000] {logging_mixin.py:188} INFO - [2026-04-03T20:42:28.682+0000] {dag.py:3096} INFO - Sync 1 DAGs
[2026-04-03T20:42:28.911+0000] {processor.py:183} INFO - Processing /opt/airflow/dags/isr_pipeline.py took 0.574 seconds
[2026-04-03T20:42:59.417+0000] {processor.py:161} INFO - Started process (PID=50765) to work on /opt/airflow/dags/isr_pipeline.py
[2026-04-03T20:42:59.424+0000] {processor.py:830} INFO - Processing file /opt/airflow/dags/isr_pipeline.py for tasks to queue
[2026-04-03T20:42:59.431+0000] {logging_mixin.py:188} INFO - [2026-04-03T20:42:59.429+0000] {dagbag.py:540} INFO - Filling up the DagBag from /opt/airflow/dags/isr_pipeline.py
[2026-04-03T20:42:59.534+0000] {processor.py:840} INFO - DAG(s) 'isr_pipeline' retrieved from /opt/airflow/dags/isr_pipeline.py
[2026-04-03T20:42:59.719+0000] {logging_mixin.py:188} INFO - [2026-04-03T20:42:59.717+0000] {dag.py:3096} INFO - Sync 1 DAGs
[2026-04-03T20:42:59.934+0000] {processor.py:183} INFO - Processing /opt/airflow/dags/isr_pipeline.py took 0.558 seconds
[2026-04-03T20:43:30.134+0000] {processor.py:161} INFO - Started process (PID=50770) to work on /opt/airflow/dags/isr_pipeline.py
[2026-04-03T20:43:30.141+0000] {processor.py:830} INFO - Processing file /opt/airflow/dags/isr_pipeline.py for tasks to queue
[2026-04-03T20:43:30.149+0000] {logging_mixin.py:188} INFO - [2026-04-03T20:43:30.147+0000] {dagbag.py:540} INFO - Filling up the DagBag from /opt/airflow/dags/isr_pipeline.py
[2026-04-03T20:43:30.235+0000] {processor.py:840} INFO - DAG(s) 'isr_pipeline' retrieved from /opt/airflow/dags/isr_pipeline.py
[2026-04-03T20:43:30.420+0000] {logging_mixin.py:188} INFO - [2026-04-03T20:43:30.419+0000] {dag.py:3096} INFO - Sync 1 DAGs
[2026-04-03T20:43:30.639+0000] {processor.py:183} INFO - Processing /opt/airflow/dags/isr_pipeline.py took 0.545 seconds
[2026-04-03T20:44:01.159+0000] {processor.py:161} INFO - Started process (PID=50775) to work on /opt/airflow/dags/isr_pipeline.py
[2026-04-03T20:44:01.166+0000] {processor.py:830} INFO - Processing file /opt/airflow/dags/isr_pipeline.py for tasks to queue
[2026-04-03T20:44:01.173+0000] {logging_mixin.py:188} INFO - [2026-04-03T20:44:01.171+0000] {dagbag.py:540} INFO - Filling up the DagBag from /opt/airflow/dags/isr_pipeline.py
[2026-04-03T20:44:01.263+0000] {processor.py:840} INFO - DAG(s) 'isr_pipeline' retrieved from /opt/airflow/dags/isr_pipeline.py
[2026-04-03T20:44:01.477+0000] {logging_mixin.py:188} INFO - [2026-04-03T20:44:01.475+0000] {dag.py:3096} INFO - Sync 1 DAGs
[2026-04-03T20:44:01.701+0000] {processor.py:183} INFO - Processing /opt/airflow/dags/isr_pipeline.py took 0.580 seconds
[2026-04-03T20:44:32.093+0000] {processor.py:161} INFO - Started process (PID=50780) to work on /opt/airflow/dags/isr_pipeline.py
[2026-04-03T20:44:32.100+0000] {processor.py:830} INFO - Processing file /opt/airflow/dags/isr_pipeline.py for tasks to queue
[2026-04-03T20:44:32.107+0000] {logging_mixin.py:188} INFO - [2026-04-03T20:44:32.105+0000] {dagbag.py:540} INFO - Filling up the DagBag from /opt/airflow/dags/isr_pipeline.py
[2026-04-03T20:44:32.192+0000] {processor.py:840} INFO - DAG(s) 'isr_pipeline' retrieved from /opt/airflow/dags/isr_pipeline.py
[2026-04-03T20:44:32.381+0000] {logging_mixin.py:188} INFO - [2026-04-03T20:44:32.380+0000] {dag.py:3096} INFO - Sync 1 DAGs
[2026-04-03T20:44:32.600+0000] {processor.py:183} INFO - Processing /opt/airflow/dags/isr_pipeline.py took 0.542 seconds
[2026-04-03T20:45:03.143+0000] {processor.py:161} INFO - Started process (PID=50785) to work on /opt/airflow/dags/isr_pipeline.py
[2026-04-03T20:45:03.151+0000] {processor.py:830} INFO - Processing file /opt/airflow/dags/isr_pipeline.py for tasks to queue
[2026-04-03T20:45:03.157+0000] {logging_mixin.py:188} INFO - [2026-04-03T20:45:03.156+0000] {dagbag.py:540} INFO - Filling up the DagBag from /opt/airflow/dags/isr_pipeline.py
[2026-04-03T20:45:03.245+0000] {processor.py:840} INFO - DAG(s) 'isr_pipeline' retrieved from /opt/airflow/dags/isr_pipeline.py
[2026-04-03T20:45:03.439+0000] {logging_mixin.py:188} INFO - [2026-04-03T20:45:03.438+0000] {dag.py:3096} INFO - Sync 1 DAGs
[2026-04-03T20:45:03.662+0000] {processor.py:183} INFO - Processing /opt/airflow/dags/isr_pipeline.py took 0.558 seconds
[2026-04-03T20:45:34.182+0000] {processor.py:161} INFO - Started process (PID=50790) to work on /opt/airflow/dags/isr_pipeline.py
[2026-04-03T20:45:34.189+0000] {processor.py:830} INFO - Processing file /opt/airflow/dags/isr_pipeline.py for tasks to queue
[2026-04-03T20:45:34.196+0000] {logging_mixin.py:188} INFO - [2026-04-03T20:45:34.194+0000] {dagbag.py:540} INFO - Filling up the DagBag from /opt/airflow/dags/isr_pipeline.py
[2026-04-03T20:45:34.291+0000] {processor.py:840} INFO - DAG(s) 'isr_pipeline' retrieved from /opt/airflow/dags/isr_pipeline.py
[2026-04-03T20:45:34.500+0000] {logging_mixin.py:188} INFO - [2026-04-03T20:45:34.498+0000] {dag.py:3096} INFO - Sync 1 DAGs
[2026-04-03T20:45:34.728+0000] {processor.py:183} INFO - Processing /opt/airflow/dags/isr_pipeline.py took 0.583 seconds
[2026-04-03T20:46:05.234+0000] {processor.py:161} INFO - Started process (PID=50795) to work on /opt/airflow/dags/isr_pipeline.py
[2026-04-03T20:46:05.241+0000] {processor.py:830} INFO - Processing file /opt/airflow/dags/isr_pipeline.py for tasks to queue
[2026-04-03T20:46:05.249+0000] {logging_mixin.py:188} INFO - [2026-04-03T20:46:05.246+0000] {dagbag.py:540} INFO - Filling up the DagBag from /opt/airflow/dags/isr_pipeline.py
[2026-04-03T20:46:05.339+0000] {processor.py:840} INFO - DAG(s) 'isr_pipeline' retrieved from /opt/airflow/dags/isr_pipeline.py
[2026-04-03T20:46:05.523+0000] {logging_mixin.py:188} INFO - [2026-04-03T20:46:05.522+0000] {dag.py:3096} INFO - Sync 1 DAGs
[2026-04-03T20:46:05.723+0000] {processor.py:183} INFO - Processing /opt/airflow/dags/isr_pipeline.py took 0.551 seconds
[2026-04-03T20:46:36.235+0000] {processor.py:161} INFO - Started process (PID=50800) to work on /opt/airflow/dags/isr_pipeline.py
[2026-04-03T20:46:36.242+0000] {processor.py:830} INFO - Processing file /opt/airflow/dags/isr_pipeline.py for tasks to queue
[2026-04-03T20:46:36.250+0000] {logging_mixin.py:188} INFO - [2026-04-03T20:46:36.248+0000] {dagbag.py:540} INFO - Filling up the DagBag from /opt/airflow/dags/isr_pipeline.py
[2026-04-03T20:46:36.343+0000] {processor.py:840} INFO - DAG(s) 'isr_pipeline' retrieved from /opt/airflow/dags/isr_pipeline.py
[2026-04-03T20:46:36.567+0000] {logging_mixin.py:188} INFO - [2026-04-03T20:46:36.565+0000] {dag.py:3096} INFO - Sync 1 DAGs
[2026-04-03T20:46:36.769+0000] {processor.py:183} INFO - Processing /opt/airflow/dags/isr_pipeline.py took 0.577 seconds
[2026-04-03T20:47:06.982+0000] {processor.py:161} INFO - Started process (PID=50805) to work on /opt/airflow/dags/isr_pipeline.py
[2026-04-03T20:47:06.992+0000] {processor.py:830} INFO - Processing file /opt/airflow/dags/isr_pipeline.py for tasks to queue
[2026-04-03T20:47:07.000+0000] {logging_mixin.py:188} INFO - [2026-04-03T20:47:06.998+0000] {dagbag.py:540} INFO - Filling up the DagBag from /opt/airflow/dags/isr_pipeline.py
[2026-04-03T20:47:07.090+0000] {processor.py:840} INFO - DAG(s) 'isr_pipeline' retrieved from /opt/airflow/dags/isr_pipeline.py
[2026-04-03T20:47:07.275+0000] {logging_mixin.py:188} INFO - [2026-04-03T20:47:07.274+0000] {dag.py:3096} INFO - Sync 1 DAGs
[2026-04-03T20:47:07.512+0000] {processor.py:183} INFO - Processing /opt/airflow/dags/isr_pipeline.py took 0.569 seconds
[2026-04-03T20:47:38.001+0000] {processor.py:161} INFO - Started process (PID=50810) to work on /opt/airflow/dags/isr_pipeline.py
[2026-04-03T20:47:38.010+0000] {processor.py:830} INFO - Processing file /opt/airflow/dags/isr_pipeline.py for tasks to queue
[2026-04-03T20:47:38.020+0000] {logging_mixin.py:188} INFO - [2026-04-03T20:47:38.018+0000] {dagbag.py:540} INFO - Filling up the DagBag from /opt/airflow/dags/isr_pipeline.py
[2026-04-03T20:47:38.115+0000] {processor.py:840} INFO - DAG(s) 'isr_pipeline' retrieved from /opt/airflow/dags/isr_pipeline.py
[2026-04-03T20:47:38.311+0000] {logging_mixin.py:188} INFO - [2026-04-03T20:47:38.309+0000] {dag.py:3096} INFO - Sync 1 DAGs
[2026-04-03T20:47:38.531+0000] {processor.py:183} INFO - Processing /opt/airflow/dags/isr_pipeline.py took 0.574 seconds
[2026-04-03T20:48:08.902+0000] {processor.py:161} INFO - Started process (PID=50815) to work on /opt/airflow/dags/isr_pipeline.py
[2026-04-03T20:48:08.909+0000] {processor.py:830} INFO - Processing file /opt/airflow/dags/isr_pipeline.py for tasks to queue
[2026-04-03T20:48:08.917+0000] {logging_mixin.py:188} INFO - [2026-04-03T20:48:08.914+0000] {dagbag.py:540} INFO - Filling up the DagBag from /opt/airflow/dags/isr_pipeline.py
[2026-04-03T20:48:09.010+0000] {processor.py:840} INFO - DAG(s) 'isr_pipeline' retrieved from /opt/airflow/dags/isr_pipeline.py
[2026-04-03T20:48:09.187+0000] {logging_mixin.py:188} INFO - [2026-04-03T20:48:09.186+0000] {dag.py:3096} INFO - Sync 1 DAGs
[2026-04-03T20:48:09.406+0000] {processor.py:183} INFO - Processing /opt/airflow/dags/isr_pipeline.py took 0.542 seconds
[2026-04-03T20:48:40.001+0000] {processor.py:161} INFO - Started process (PID=50820) to work on /opt/airflow/dags/isr_pipeline.py
[2026-04-03T20:48:40.008+0000] {processor.py:830} INFO - Processing file /opt/airflow/dags/isr_pipeline.py for tasks to queue
[2026-04-03T20:48:40.014+0000] {logging_mixin.py:188} INFO - [2026-04-03T20:48:40.012+0000] {dagbag.py:540} INFO - Filling up the DagBag from /opt/airflow/dags/isr_pipeline.py
[2026-04-03T20:48:40.100+0000] {processor.py:840} INFO - DAG(s) 'isr_pipeline' retrieved from /opt/airflow/dags/isr_pipeline.py
[2026-04-03T20:48:40.285+0000] {logging_mixin.py:188} INFO - [2026-04-03T20:48:40.284+0000] {dag.py:3096} INFO - Sync 1 DAGs
[2026-04-03T20:48:40.492+0000] {processor.py:183} INFO - Processing /opt/airflow/dags/isr_pipeline.py took 0.529 seconds
[2026-04-03T20:49:10.834+0000] {processor.py:161} INFO - Started process (PID=50825) to work on /opt/airflow/dags/isr_pipeline.py
[2026-04-03T20:49:10.842+0000] {processor.py:830} INFO - Processing file /opt/airflow/dags/isr_pipeline.py for tasks to queue
[2026-04-03T20:49:10.849+0000] {logging_mixin.py:188} INFO - [2026-04-03T20:49:10.847+0000] {dagbag.py:540} INFO - Filling up the DagBag from /opt/airflow/dags/isr_pipeline.py
[2026-04-03T20:49:10.940+0000] {processor.py:840} INFO - DAG(s) 'isr_pipeline' retrieved from /opt/airflow/dags/isr_pipeline.py
[2026-04-03T20:49:11.132+0000] {logging_mixin.py:188} INFO - [2026-04-03T20:49:11.131+0000] {dag.py:3096} INFO - Sync 1 DAGs
[2026-04-03T20:49:11.332+0000] {processor.py:183} INFO - Processing /opt/airflow/dags/isr_pipeline.py took 0.540 seconds
[2026-04-03T20:49:41.857+0000] {processor.py:161} INFO - Started process (PID=50830) to work on /opt/airflow/dags/isr_pipeline.py
[2026-04-03T20:49:41.864+0000] {processor.py:830} INFO - Processing file /opt/airflow/dags/isr_pipeline.py for tasks to queue
[2026-04-03T20:49:41.872+0000] {logging_mixin.py:188} INFO - [2026-04-03T20:49:41.869+0000] {dagbag.py:540} INFO - Filling up the DagBag from /opt/airflow/dags/isr_pipeline.py
[2026-04-03T20:49:41.961+0000] {processor.py:840} INFO - DAG(s) 'isr_pipeline' retrieved from /opt/airflow/dags/isr_pipeline.py
[2026-04-03T20:49:42.157+0000] {logging_mixin.py:188} INFO - [2026-04-03T20:49:42.156+0000] {dag.py:3096} INFO - Sync 1 DAGs
[2026-04-03T20:49:42.363+0000] {processor.py:183} INFO - Processing /opt/airflow/dags/isr_pipeline.py took 0.546 seconds
[2026-04-03T20:50:12.653+0000] {processor.py:161} INFO - Started process (PID=50835) to work on /opt/airflow/dags/isr_pipeline.py
[2026-04-03T20:50:12.672+0000] {processor.py:830} INFO - Processing file /opt/airflow/dags/isr_pipeline.py for tasks to queue
[2026-04-03T20:50:12.690+0000] {logging_mixin.py:188} INFO - [2026-04-03T20:50:12.686+0000] {dagbag.py:540} INFO - Filling up the DagBag from /opt/airflow/dags/isr_pipeline.py
[2026-04-03T20:50:12.784+0000] {processor.py:840} INFO - DAG(s) 'isr_pipeline' retrieved from /opt/airflow/dags/isr_pipeline.py
[2026-04-03T20:50:12.975+0000] {logging_mixin.py:188} INFO - [2026-04-03T20:50:12.974+0000] {dag.py:3096} INFO - Sync 1 DAGs
[2026-04-03T20:50:13.186+0000] {processor.py:183} INFO - Processing /opt/airflow/dags/isr_pipeline.py took 0.571 seconds
[2026-04-03T20:50:43.729+0000] {processor.py:161} INFO - Started process (PID=50840) to work on /opt/airflow/dags/isr_pipeline.py
[2026-04-03T20:50:43.737+0000] {processor.py:830} INFO - Processing file /opt/airflow/dags/isr_pipeline.py for tasks to queue
[2026-04-03T20:50:43.744+0000] {logging_mixin.py:188} INFO - [2026-04-03T20:50:43.742+0000] {dagbag.py:540} INFO - Filling up the DagBag from /opt/airflow/dags/isr_pipeline.py
[2026-04-03T20:50:43.849+0000] {processor.py:840} INFO - DAG(s) 'isr_pipeline' retrieved from /opt/airflow/dags/isr_pipeline.py
[2026-04-03T20:50:44.056+0000] {logging_mixin.py:188} INFO - [2026-04-03T20:50:44.055+0000] {dag.py:3096} INFO - Sync 1 DAGs
[2026-04-03T20:50:44.269+0000] {processor.py:183} INFO - Processing /opt/airflow/dags/isr_pipeline.py took 0.585 seconds
[2026-04-03T20:51:14.696+0000] {processor.py:161} INFO - Started process (PID=50845) to work on /opt/airflow/dags/isr_pipeline.py
[2026-04-03T20:51:14.702+0000] {processor.py:830} INFO - Processing file /opt/airflow/dags/isr_pipeline.py for tasks to queue
[2026-04-03T20:51:14.714+0000] {logging_mixin.py:188} INFO - [2026-04-03T20:51:14.711+0000] {dagbag.py:540} INFO - Filling up the DagBag from /opt/airflow/dags/isr_pipeline.py
[2026-04-03T20:51:14.820+0000] {processor.py:840} INFO - DAG(s) 'isr_pipeline' retrieved from /opt/airflow/dags/isr_pipeline.py
[2026-04-03T20:51:15.029+0000] {logging_mixin.py:188} INFO - [2026-04-03T20:51:15.027+0000] {dag.py:3096} INFO - Sync 1 DAGs
[2026-04-03T20:51:15.235+0000] {processor.py:183} INFO - Processing /opt/airflow/dags/isr_pipeline.py took 0.588 seconds
[2026-04-03T20:51:45.805+0000] {processor.py:161} INFO - Started process (PID=50850) to work on /opt/airflow/dags/isr_pipeline.py
[2026-04-03T20:51:45.812+0000] {processor.py:830} INFO - Processing file /opt/airflow/dags/isr_pipeline.py for tasks to queue
[2026-04-03T20:51:45.819+0000] {logging_mixin.py:188} INFO - [2026-04-03T20:51:45.817+0000] {dagbag.py:540} INFO - Filling up the DagBag from /opt/airflow/dags/isr_pipeline.py
[2026-04-03T20:51:45.908+0000] {processor.py:840} INFO - DAG(s) 'isr_pipeline' retrieved from /opt/airflow/dags/isr_pipeline.py
[2026-04-03T20:51:46.095+0000] {logging_mixin.py:188} INFO - [2026-04-03T20:51:46.094+0000] {dag.py:3096} INFO - Sync 1 DAGs
[2026-04-03T20:51:46.301+0000] {processor.py:183} INFO - Processing /opt/airflow/dags/isr_pipeline.py took 0.537 seconds
[2026-04-03T20:52:16.808+0000] {processor.py:161} INFO - Started process (PID=50855) to work on /opt/airflow/dags/isr_pipeline.py
[2026-04-03T20:52:16.816+0000] {processor.py:830} INFO - Processing file /opt/airflow/dags/isr_pipeline.py for tasks to queue
[2026-04-03T20:52:16.823+0000] {logging_mixin.py:188} INFO - [2026-04-03T20:52:16.821+0000] {dagbag.py:540} INFO - Filling up the DagBag from /opt/airflow/dags/isr_pipeline.py
[2026-04-03T20:52:16.919+0000] {processor.py:840} INFO - DAG(s) 'isr_pipeline' retrieved from /opt/airflow/dags/isr_pipeline.py
[2026-04-03T20:52:17.118+0000] {logging_mixin.py:188} INFO - [2026-04-03T20:52:17.117+0000] {dag.py:3096} INFO - Sync 1 DAGs
[2026-04-03T20:52:17.335+0000] {processor.py:183} INFO - Processing /opt/airflow/dags/isr_pipeline.py took 0.567 seconds
[2026-04-03T20:52:47.730+0000] {processor.py:161} INFO - Started process (PID=50860) to work on /opt/airflow/dags/isr_pipeline.py
[2026-04-03T20:52:47.739+0000] {processor.py:830} INFO - Processing file /opt/airflow/dags/isr_pipeline.py for tasks to queue
[2026-04-03T20:52:47.746+0000] {logging_mixin.py:188} INFO - [2026-04-03T20:52:47.744+0000] {dagbag.py:540} INFO - Filling up the DagBag from /opt/airflow/dags/isr_pipeline.py
[2026-04-03T20:52:47.833+0000] {processor.py:840} INFO - DAG(s) 'isr_pipeline' retrieved from /opt/airflow/dags/isr_pipeline.py
[2026-04-03T20:52:48.013+0000] {logging_mixin.py:188} INFO - [2026-04-03T20:52:48.012+0000] {dag.py:3096} INFO - Sync 1 DAGs
[2026-04-03T20:52:48.218+0000] {processor.py:183} INFO - Processing /opt/airflow/dags/isr_pipeline.py took 0.527 seconds
[2026-04-03T20:53:18.721+0000] {processor.py:161} INFO - Started process (PID=50865) to work on /opt/airflow/dags/isr_pipeline.py
[2026-04-03T20:53:18.729+0000] {processor.py:830} INFO - Processing file /opt/airflow/dags/isr_pipeline.py for tasks to queue
[2026-04-03T20:53:18.737+0000] {logging_mixin.py:188} INFO - [2026-04-03T20:53:18.735+0000] {dagbag.py:540} INFO - Filling up the DagBag from /opt/airflow/dags/isr_pipeline.py
[2026-04-03T20:53:18.854+0000] {processor.py:840} INFO - DAG(s) 'isr_pipeline' retrieved from /opt/airflow/dags/isr_pipeline.py
[2026-04-03T20:53:19.042+0000] {logging_mixin.py:188} INFO - [2026-04-03T20:53:19.041+0000] {dag.py:3096} INFO - Sync 1 DAGs
[2026-04-03T20:53:19.246+0000] {processor.py:183} INFO - Processing /opt/airflow/dags/isr_pipeline.py took 0.564 seconds
[2026-04-03T20:53:49.556+0000] {processor.py:161} INFO - Started process (PID=50870) to work on /opt/airflow/dags/isr_pipeline.py
[2026-04-03T20:53:49.563+0000] {processor.py:830} INFO - Processing file /opt/airflow/dags/isr_pipeline.py for tasks to queue
[2026-04-03T20:53:49.570+0000] {logging_mixin.py:188} INFO - [2026-04-03T20:53:49.568+0000] {dagbag.py:540} INFO - Filling up the DagBag from /opt/airflow/dags/isr_pipeline.py
[2026-04-03T20:53:49.656+0000] {processor.py:840} INFO - DAG(s) 'isr_pipeline' retrieved from /opt/airflow/dags/isr_pipeline.py
[2026-04-03T20:53:49.861+0000] {logging_mixin.py:188} INFO - [2026-04-03T20:53:49.859+0000] {dag.py:3096} INFO - Sync 1 DAGs
[2026-04-03T20:53:50.067+0000] {processor.py:183} INFO - Processing /opt/airflow/dags/isr_pipeline.py took 0.553 seconds
[2026-04-03T20:54:20.572+0000] {processor.py:161} INFO - Started process (PID=50875) to work on /opt/airflow/dags/isr_pipeline.py
[2026-04-03T20:54:20.581+0000] {processor.py:830} INFO - Processing file /opt/airflow/dags/isr_pipeline.py for tasks to queue
[2026-04-03T20:54:20.592+0000] {logging_mixin.py:188} INFO - [2026-04-03T20:54:20.589+0000] {dagbag.py:540} INFO - Filling up the DagBag from /opt/airflow/dags/isr_pipeline.py
[2026-04-03T20:54:20.684+0000] {processor.py:840} INFO - DAG(s) 'isr_pipeline' retrieved from /opt/airflow/dags/isr_pipeline.py
[2026-04-03T20:54:20.882+0000] {logging_mixin.py:188} INFO - [2026-04-03T20:54:20.881+0000] {dag.py:3096} INFO - Sync 1 DAGs
[2026-04-03T20:54:21.078+0000] {processor.py:183} INFO - Processing /opt/airflow/dags/isr_pipeline.py took 0.545 seconds
[2026-04-03T20:54:51.450+0000] {processor.py:161} INFO - Started process (PID=50880) to work on /opt/airflow/dags/isr_pipeline.py
[2026-04-03T20:54:51.456+0000] {processor.py:830} INFO - Processing file /opt/airflow/dags/isr_pipeline.py for tasks to queue
[2026-04-03T20:54:51.468+0000] {logging_mixin.py:188} INFO - [2026-04-03T20:54:51.466+0000] {dagbag.py:540} INFO - Filling up the DagBag from /opt/airflow/dags/isr_pipeline.py
[2026-04-03T20:54:51.566+0000] {processor.py:840} INFO - DAG(s) 'isr_pipeline' retrieved from /opt/airflow/dags/isr_pipeline.py
[2026-04-03T20:54:51.751+0000] {logging_mixin.py:188} INFO - [2026-04-03T20:54:51.750+0000] {dag.py:3096} INFO - Sync 1 DAGs
[2026-04-03T20:54:51.961+0000] {processor.py:183} INFO - Processing /opt/airflow/dags/isr_pipeline.py took 0.552 seconds
[2026-04-03T20:55:22.465+0000] {processor.py:161} INFO - Started process (PID=50885) to work on /opt/airflow/dags/isr_pipeline.py
[2026-04-03T20:55:22.473+0000] {processor.py:830} INFO - Processing file /opt/airflow/dags/isr_pipeline.py for tasks to queue
[2026-04-03T20:55:22.480+0000] {logging_mixin.py:188} INFO - [2026-04-03T20:55:22.478+0000] {dagbag.py:540} INFO - Filling up the DagBag from /opt/airflow/dags/isr_pipeline.py
[2026-04-03T20:55:22.578+0000] {processor.py:840} INFO - DAG(s) 'isr_pipeline' retrieved from /opt/airflow/dags/isr_pipeline.py
[2026-04-03T20:55:22.770+0000] {logging_mixin.py:188} INFO - [2026-04-03T20:55:22.769+0000] {dag.py:3096} INFO - Sync 1 DAGs
[2026-04-03T20:55:22.979+0000] {processor.py:183} INFO - Processing /opt/airflow/dags/isr_pipeline.py took 0.555 seconds
[2026-04-03T20:55:53.227+0000] {processor.py:161} INFO - Started process (PID=50890) to work on /opt/airflow/dags/isr_pipeline.py
[2026-04-03T20:55:53.238+0000] {processor.py:830} INFO - Processing file /opt/airflow/dags/isr_pipeline.py for tasks to queue
[2026-04-03T20:55:53.245+0000] {logging_mixin.py:188} INFO - [2026-04-03T20:55:53.243+0000] {dagbag.py:540} INFO - Filling up the DagBag from /opt/airflow/dags/isr_pipeline.py
[2026-04-03T20:55:53.339+0000] {processor.py:840} INFO - DAG(s) 'isr_pipeline' retrieved from /opt/airflow/dags/isr_pipeline.py
[2026-04-03T20:55:53.530+0000] {logging_mixin.py:188} INFO - [2026-04-03T20:55:53.529+0000] {dag.py:3096} INFO - Sync 1 DAGs
[2026-04-03T20:55:53.737+0000] {processor.py:183} INFO - Processing /opt/airflow/dags/isr_pipeline.py took 0.551 seconds
[2026-04-03T20:56:23.935+0000] {processor.py:161} INFO - Started process (PID=50895) to work on /opt/airflow/dags/isr_pipeline.py
[2026-04-03T20:56:23.942+0000] {processor.py:830} INFO - Processing file /opt/airflow/dags/isr_pipeline.py for tasks to queue
[2026-04-03T20:56:23.949+0000] {logging_mixin.py:188} INFO - [2026-04-03T20:56:23.947+0000] {dagbag.py:540} INFO - Filling up the DagBag from /opt/airflow/dags/isr_pipeline.py
[2026-04-03T20:56:24.034+0000] {processor.py:840} INFO - DAG(s) 'isr_pipeline' retrieved from /opt/airflow/dags/isr_pipeline.py
[2026-04-03T20:56:24.215+0000] {logging_mixin.py:188} INFO - [2026-04-03T20:56:24.214+0000] {dag.py:3096} INFO - Sync 1 DAGs
[2026-04-03T20:56:24.430+0000] {processor.py:183} INFO - Processing /opt/airflow/dags/isr_pipeline.py took 0.535 seconds
[2026-04-03T20:56:54.943+0000] {processor.py:161} INFO - Started process (PID=50900) to work on /opt/airflow/dags/isr_pipeline.py
[2026-04-03T20:56:54.953+0000] {processor.py:830} INFO - Processing file /opt/airflow/dags/isr_pipeline.py for tasks to queue
[2026-04-03T20:56:54.960+0000] {logging_mixin.py:188} INFO - [2026-04-03T20:56:54.958+0000] {dagbag.py:540} INFO - Filling up the DagBag from /opt/airflow/dags/isr_pipeline.py
[2026-04-03T20:56:55.044+0000] {processor.py:840} INFO - DAG(s) 'isr_pipeline' retrieved from /opt/airflow/dags/isr_pipeline.py
[2026-04-03T20:56:55.232+0000] {logging_mixin.py:188} INFO - [2026-04-03T20:56:55.231+0000] {dag.py:3096} INFO - Sync 1 DAGs
[2026-04-03T20:56:55.445+0000] {processor.py:183} INFO - Processing /opt/airflow/dags/isr_pipeline.py took 0.539 seconds
[2026-04-03T21:27:15.477+0000] {processor.py:161} INFO - Started process (PID=50906) to work on /opt/airflow/dags/isr_pipeline.py
[2026-04-03T21:27:15.478+0000] {processor.py:830} INFO - Processing file /opt/airflow/dags/isr_pipeline.py for tasks to queue
[2026-04-03T21:27:15.480+0000] {logging_mixin.py:188} INFO - [2026-04-03T21:27:15.479+0000] {dagbag.py:540} INFO - Filling up the DagBag from /opt/airflow/dags/isr_pipeline.py
[2026-04-03T21:27:15.519+0000] {processor.py:840} INFO - DAG(s) 'isr_pipeline' retrieved from /opt/airflow/dags/isr_pipeline.py
[2026-04-03T21:27:15.559+0000] {logging_mixin.py:188} INFO - [2026-04-03T21:27:15.559+0000] {dag.py:3096} INFO - Sync 1 DAGs
[2026-04-03T21:27:15.603+0000] {processor.py:183} INFO - Processing /opt/airflow/dags/isr_pipeline.py took 0.139 seconds
[2026-04-03T21:27:45.840+0000] {processor.py:161} INFO - Started process (PID=50911) to work on /opt/airflow/dags/isr_pipeline.py
[2026-04-03T21:27:45.847+0000] {processor.py:830} INFO - Processing file /opt/airflow/dags/isr_pipeline.py for tasks to queue
[2026-04-03T21:27:45.855+0000] {logging_mixin.py:188} INFO - [2026-04-03T21:27:45.853+0000] {dagbag.py:540} INFO - Filling up the DagBag from /opt/airflow/dags/isr_pipeline.py
[2026-04-03T21:27:45.948+0000] {processor.py:840} INFO - DAG(s) 'isr_pipeline' retrieved from /opt/airflow/dags/isr_pipeline.py
[2026-04-03T21:27:46.137+0000] {logging_mixin.py:188} INFO - [2026-04-03T21:27:46.136+0000] {dag.py:3096} INFO - Sync 1 DAGs
[2026-04-03T21:27:46.355+0000] {processor.py:183} INFO - Processing /opt/airflow/dags/isr_pipeline.py took 0.553 seconds
[2026-04-03T21:28:16.850+0000] {processor.py:161} INFO - Started process (PID=50916) to work on /opt/airflow/dags/isr_pipeline.py
[2026-04-03T21:28:16.858+0000] {processor.py:830} INFO - Processing file /opt/airflow/dags/isr_pipeline.py for tasks to queue
[2026-04-03T21:28:16.866+0000] {logging_mixin.py:188} INFO - [2026-04-03T21:28:16.864+0000] {dagbag.py:540} INFO - Filling up the DagBag from /opt/airflow/dags/isr_pipeline.py
[2026-04-03T21:28:16.957+0000] {processor.py:840} INFO - DAG(s) 'isr_pipeline' retrieved from /opt/airflow/dags/isr_pipeline.py
[2026-04-03T21:28:17.139+0000] {logging_mixin.py:188} INFO - [2026-04-03T21:28:17.138+0000] {dag.py:3096} INFO - Sync 1 DAGs
[2026-04-03T21:28:17.341+0000] {processor.py:183} INFO - Processing /opt/airflow/dags/isr_pipeline.py took 0.531 seconds
[2026-04-03T21:28:47.588+0000] {processor.py:161} INFO - Started process (PID=50921) to work on /opt/airflow/dags/isr_pipeline.py
[2026-04-03T21:28:47.596+0000] {processor.py:830} INFO - Processing file /opt/airflow/dags/isr_pipeline.py for tasks to queue
[2026-04-03T21:28:47.606+0000] {logging_mixin.py:188} INFO - [2026-04-03T21:28:47.602+0000] {dagbag.py:540} INFO - Filling up the DagBag from /opt/airflow/dags/isr_pipeline.py
[2026-04-03T21:28:47.696+0000] {processor.py:840} INFO - DAG(s) 'isr_pipeline' retrieved from /opt/airflow/dags/isr_pipeline.py
[2026-04-03T21:28:47.873+0000] {logging_mixin.py:188} INFO - [2026-04-03T21:28:47.872+0000] {dag.py:3096} INFO - Sync 1 DAGs
[2026-04-03T21:28:48.077+0000] {processor.py:183} INFO - Processing /opt/airflow/dags/isr_pipeline.py took 0.526 seconds
[2026-04-03T21:29:18.549+0000] {processor.py:161} INFO - Started process (PID=50926) to work on /opt/airflow/dags/isr_pipeline.py
[2026-04-03T21:29:18.556+0000] {processor.py:830} INFO - Processing file /opt/airflow/dags/isr_pipeline.py for tasks to queue
[2026-04-03T21:29:18.563+0000] {logging_mixin.py:188} INFO - [2026-04-03T21:29:18.561+0000] {dagbag.py:540} INFO - Filling up the DagBag from /opt/airflow/dags/isr_pipeline.py
[2026-04-03T21:29:18.650+0000] {processor.py:840} INFO - DAG(s) 'isr_pipeline' retrieved from /opt/airflow/dags/isr_pipeline.py
[2026-04-03T21:29:18.827+0000] {logging_mixin.py:188} INFO - [2026-04-03T21:29:18.826+0000] {dag.py:3096} INFO - Sync 1 DAGs
[2026-04-03T21:29:19.040+0000] {processor.py:183} INFO - Processing /opt/airflow/dags/isr_pipeline.py took 0.529 seconds
[2026-04-03T21:29:49.479+0000] {processor.py:161} INFO - Started process (PID=50931) to work on /opt/airflow/dags/isr_pipeline.py
[2026-04-03T21:29:49.487+0000] {processor.py:830} INFO - Processing file /opt/airflow/dags/isr_pipeline.py for tasks to queue
[2026-04-03T21:29:49.495+0000] {logging_mixin.py:188} INFO - [2026-04-03T21:29:49.493+0000] {dagbag.py:540} INFO - Filling up the DagBag from /opt/airflow/dags/isr_pipeline.py
[2026-04-03T21:29:49.606+0000] {processor.py:840} INFO - DAG(s) 'isr_pipeline' retrieved from /opt/airflow/dags/isr_pipeline.py
[2026-04-03T21:29:49.824+0000] {logging_mixin.py:188} INFO - [2026-04-03T21:29:49.822+0000] {dag.py:3096} INFO - Sync 1 DAGs
[2026-04-03T21:29:50.041+0000] {processor.py:183} INFO - Processing /opt/airflow/dags/isr_pipeline.py took 0.607 seconds
[2026-04-03T21:30:20.563+0000] {processor.py:161} INFO - Started process (PID=50936) to work on /opt/airflow/dags/isr_pipeline.py
[2026-04-03T21:30:20.569+0000] {processor.py:830} INFO - Processing file /opt/airflow/dags/isr_pipeline.py for tasks to queue
[2026-04-03T21:30:20.576+0000] {logging_mixin.py:188} INFO - [2026-04-03T21:30:20.574+0000] {dagbag.py:540} INFO - Filling up the DagBag from /opt/airflow/dags/isr_pipeline.py
[2026-04-03T21:30:20.662+0000] {processor.py:840} INFO - DAG(s) 'isr_pipeline' retrieved from /opt/airflow/dags/isr_pipeline.py
[2026-04-03T21:30:20.841+0000] {logging_mixin.py:188} INFO - [2026-04-03T21:30:20.839+0000] {dag.py:3096} INFO - Sync 1 DAGs
[2026-04-03T21:30:21.044+0000] {processor.py:183} INFO - Processing /opt/airflow/dags/isr_pipeline.py took 0.520 seconds
[2026-04-03T21:30:51.269+0000] {processor.py:161} INFO - Started process (PID=50941) to work on /opt/airflow/dags/isr_pipeline.py
[2026-04-03T21:30:51.279+0000] {processor.py:830} INFO - Processing file /opt/airflow/dags/isr_pipeline.py for tasks to queue
[2026-04-03T21:30:51.285+0000] {logging_mixin.py:188} INFO - [2026-04-03T21:30:51.283+0000] {dagbag.py:540} INFO - Filling up the DagBag from /opt/airflow/dags/isr_pipeline.py
[2026-04-03T21:30:51.376+0000] {processor.py:840} INFO - DAG(s) 'isr_pipeline' retrieved from /opt/airflow/dags/isr_pipeline.py
[2026-04-03T21:30:51.555+0000] {logging_mixin.py:188} INFO - [2026-04-03T21:30:51.554+0000] {dag.py:3096} INFO - Sync 1 DAGs
[2026-04-03T21:30:51.760+0000] {processor.py:183} INFO - Processing /opt/airflow/dags/isr_pipeline.py took 0.531 seconds
[2026-04-03T21:31:22.269+0000] {processor.py:161} INFO - Started process (PID=50946) to work on /opt/airflow/dags/isr_pipeline.py
[2026-04-03T21:31:22.276+0000] {processor.py:830} INFO - Processing file /opt/airflow/dags/isr_pipeline.py for tasks to queue
[2026-04-03T21:31:22.282+0000] {logging_mixin.py:188} INFO - [2026-04-03T21:31:22.281+0000] {dagbag.py:540} INFO - Filling up the DagBag from /opt/airflow/dags/isr_pipeline.py
[2026-04-03T21:31:22.370+0000] {processor.py:840} INFO - DAG(s) 'isr_pipeline' retrieved from /opt/airflow/dags/isr_pipeline.py
[2026-04-03T21:31:22.554+0000] {logging_mixin.py:188} INFO - [2026-04-03T21:31:22.553+0000] {dag.py:3096} INFO - Sync 1 DAGs
[2026-04-03T21:31:22.759+0000] {processor.py:183} INFO - Processing /opt/airflow/dags/isr_pipeline.py took 0.529 seconds
[2026-04-03T21:31:53.176+0000] {processor.py:161} INFO - Started process (PID=50951) to work on /opt/airflow/dags/isr_pipeline.py
[2026-04-03T21:31:53.184+0000] {processor.py:830} INFO - Processing file /opt/airflow/dags/isr_pipeline.py for tasks to queue
[2026-04-03T21:31:53.191+0000] {logging_mixin.py:188} INFO - [2026-04-03T21:31:53.189+0000] {dagbag.py:540} INFO - Filling up the DagBag from /opt/airflow/dags/isr_pipeline.py
[2026-04-03T21:31:53.278+0000] {processor.py:840} INFO - DAG(s) 'isr_pipeline' retrieved from /opt/airflow/dags/isr_pipeline.py
[2026-04-03T21:31:53.455+0000] {logging_mixin.py:188} INFO - [2026-04-03T21:31:53.454+0000] {dag.py:3096} INFO - Sync 1 DAGs
[2026-04-03T21:31:53.659+0000] {processor.py:183} INFO - Processing /opt/airflow/dags/isr_pipeline.py took 0.520 seconds
[2026-04-03T21:32:24.112+0000] {processor.py:161} INFO - Started process (PID=50956) to work on /opt/airflow/dags/isr_pipeline.py
[2026-04-03T21:32:24.119+0000] {processor.py:830} INFO - Processing file /opt/airflow/dags/isr_pipeline.py for tasks to queue
[2026-04-03T21:32:24.126+0000] {logging_mixin.py:188} INFO - [2026-04-03T21:32:24.124+0000] {dagbag.py:540} INFO - Filling up the DagBag from /opt/airflow/dags/isr_pipeline.py
[2026-04-03T21:32:24.219+0000] {processor.py:840} INFO - DAG(s) 'isr_pipeline' retrieved from /opt/airflow/dags/isr_pipeline.py
[2026-04-03T21:32:24.410+0000] {logging_mixin.py:188} INFO - [2026-04-03T21:32:24.409+0000] {dag.py:3096} INFO - Sync 1 DAGs
[2026-04-03T21:32:24.626+0000] {processor.py:183} INFO - Processing /opt/airflow/dags/isr_pipeline.py took 0.556 seconds
[2026-04-03T21:32:55.040+0000] {processor.py:161} INFO - Started process (PID=50961) to work on /opt/airflow/dags/isr_pipeline.py
[2026-04-03T21:32:55.047+0000] {processor.py:830} INFO - Processing file /opt/airflow/dags/isr_pipeline.py for tasks to queue
[2026-04-03T21:32:55.054+0000] {logging_mixin.py:188} INFO - [2026-04-03T21:32:55.052+0000] {dagbag.py:540} INFO - Filling up the DagBag from /opt/airflow/dags/isr_pipeline.py
[2026-04-03T21:32:55.141+0000] {processor.py:840} INFO - DAG(s) 'isr_pipeline' retrieved from /opt/airflow/dags/isr_pipeline.py
[2026-04-03T21:32:55.324+0000] {logging_mixin.py:188} INFO - [2026-04-03T21:32:55.323+0000] {dag.py:3096} INFO - Sync 1 DAGs
[2026-04-03T21:32:55.533+0000] {processor.py:183} INFO - Processing /opt/airflow/dags/isr_pipeline.py took 0.531 seconds
[2026-04-03T21:33:26.047+0000] {processor.py:161} INFO - Started process (PID=50966) to work on /opt/airflow/dags/isr_pipeline.py
[2026-04-03T21:33:26.057+0000] {processor.py:830} INFO - Processing file /opt/airflow/dags/isr_pipeline.py for tasks to queue
[2026-04-03T21:33:26.064+0000] {logging_mixin.py:188} INFO - [2026-04-03T21:33:26.062+0000] {dagbag.py:540} INFO - Filling up the DagBag from /opt/airflow/dags/isr_pipeline.py
[2026-04-03T21:33:26.151+0000] {processor.py:840} INFO - DAG(s) 'isr_pipeline' retrieved from /opt/airflow/dags/isr_pipeline.py
[2026-04-03T21:33:26.332+0000] {logging_mixin.py:188} INFO - [2026-04-03T21:33:26.331+0000] {dag.py:3096} INFO - Sync 1 DAGs
[2026-04-03T21:33:26.537+0000] {processor.py:183} INFO - Processing /opt/airflow/dags/isr_pipeline.py took 0.531 seconds
[2026-04-03T21:33:56.778+0000] {processor.py:161} INFO - Started process (PID=50971) to work on /opt/airflow/dags/isr_pipeline.py
[2026-04-03T21:33:56.786+0000] {processor.py:830} INFO - Processing file /opt/airflow/dags/isr_pipeline.py for tasks to queue
[2026-04-03T21:33:56.794+0000] {logging_mixin.py:188} INFO - [2026-04-03T21:33:56.792+0000] {dagbag.py:540} INFO - Filling up the DagBag from /opt/airflow/dags/isr_pipeline.py
[2026-04-03T21:33:56.896+0000] {processor.py:840} INFO - DAG(s) 'isr_pipeline' retrieved from /opt/airflow/dags/isr_pipeline.py
[2026-04-03T21:33:57.072+0000] {logging_mixin.py:188} INFO - [2026-04-03T21:33:57.071+0000] {dag.py:3096} INFO - Sync 1 DAGs
[2026-04-03T21:33:57.275+0000] {processor.py:183} INFO - Processing /opt/airflow/dags/isr_pipeline.py took 0.536 seconds
[2026-04-03T21:34:27.777+0000] {processor.py:161} INFO - Started process (PID=50976) to work on /opt/airflow/dags/isr_pipeline.py
[2026-04-03T21:34:27.783+0000] {processor.py:830} INFO - Processing file /opt/airflow/dags/isr_pipeline.py for tasks to queue
[2026-04-03T21:34:27.790+0000] {logging_mixin.py:188} INFO - [2026-04-03T21:34:27.788+0000] {dagbag.py:540} INFO - Filling up the DagBag from /opt/airflow/dags/isr_pipeline.py
[2026-04-03T21:34:27.895+0000] {processor.py:840} INFO - DAG(s) 'isr_pipeline' retrieved from /opt/airflow/dags/isr_pipeline.py
[2026-04-03T21:34:28.080+0000] {logging_mixin.py:188} INFO - [2026-04-03T21:34:28.079+0000] {dag.py:3096} INFO - Sync 1 DAGs
[2026-04-03T21:34:28.291+0000] {processor.py:183} INFO - Processing /opt/airflow/dags/isr_pipeline.py took 0.553 seconds
[2026-04-03T21:34:58.721+0000] {processor.py:161} INFO - Started process (PID=50981) to work on /opt/airflow/dags/isr_pipeline.py
[2026-04-03T21:34:58.728+0000] {processor.py:830} INFO - Processing file /opt/airflow/dags/isr_pipeline.py for tasks to queue
[2026-04-03T21:34:58.734+0000] {logging_mixin.py:188} INFO - [2026-04-03T21:34:58.733+0000] {dagbag.py:540} INFO - Filling up the DagBag from /opt/airflow/dags/isr_pipeline.py
[2026-04-03T21:34:58.818+0000] {processor.py:840} INFO - DAG(s) 'isr_pipeline' retrieved from /opt/airflow/dags/isr_pipeline.py
[2026-04-03T21:34:59.005+0000] {logging_mixin.py:188} INFO - [2026-04-03T21:34:59.003+0000] {dag.py:3096} INFO - Sync 1 DAGs
[2026-04-03T21:34:59.208+0000] {processor.py:183} INFO - Processing /opt/airflow/dags/isr_pipeline.py took 0.528 seconds
[2026-04-03T21:35:29.410+0000] {processor.py:161} INFO - Started process (PID=50986) to work on /opt/airflow/dags/isr_pipeline.py
[2026-04-03T21:35:29.417+0000] {processor.py:830} INFO - Processing file /opt/airflow/dags/isr_pipeline.py for tasks to queue
[2026-04-03T21:35:29.424+0000] {logging_mixin.py:188} INFO - [2026-04-03T21:35:29.423+0000] {dagbag.py:540} INFO - Filling up the DagBag from /opt/airflow/dags/isr_pipeline.py
[2026-04-03T21:35:29.510+0000] {processor.py:840} INFO - DAG(s) 'isr_pipeline' retrieved from /opt/airflow/dags/isr_pipeline.py
[2026-04-03T21:35:29.693+0000] {logging_mixin.py:188} INFO - [2026-04-03T21:35:29.692+0000] {dag.py:3096} INFO - Sync 1 DAGs
[2026-04-03T21:35:29.895+0000] {processor.py:183} INFO - Processing /opt/airflow/dags/isr_pipeline.py took 0.534 seconds
[2026-04-03T21:47:17.003+0000] {processor.py:161} INFO - Started process (PID=50991) to work on /opt/airflow/dags/isr_pipeline.py
[2026-04-03T21:47:17.006+0000] {processor.py:830} INFO - Processing file /opt/airflow/dags/isr_pipeline.py for tasks to queue
[2026-04-03T21:47:17.009+0000] {logging_mixin.py:188} INFO - [2026-04-03T21:47:17.009+0000] {dagbag.py:540} INFO - Filling up the DagBag from /opt/airflow/dags/isr_pipeline.py
[2026-04-03T21:47:17.036+0000] {processor.py:840} INFO - DAG(s) 'isr_pipeline' retrieved from /opt/airflow/dags/isr_pipeline.py
[2026-04-03T21:47:17.082+0000] {logging_mixin.py:188} INFO - [2026-04-03T21:47:17.082+0000] {dag.py:3096} INFO - Sync 1 DAGs
[2026-04-03T21:47:17.270+0000] {processor.py:183} INFO - Processing /opt/airflow/dags/isr_pipeline.py took 0.280 seconds
[2026-04-03T21:47:47.605+0000] {processor.py:161} INFO - Started process (PID=50996) to work on /opt/airflow/dags/isr_pipeline.py
[2026-04-03T21:47:47.612+0000] {processor.py:830} INFO - Processing file /opt/airflow/dags/isr_pipeline.py for tasks to queue
[2026-04-03T21:47:47.623+0000] {logging_mixin.py:188} INFO - [2026-04-03T21:47:47.620+0000] {dagbag.py:540} INFO - Filling up the DagBag from /opt/airflow/dags/isr_pipeline.py
[2026-04-03T21:47:47.717+0000] {processor.py:840} INFO - DAG(s) 'isr_pipeline' retrieved from /opt/airflow/dags/isr_pipeline.py
[2026-04-03T21:47:47.907+0000] {logging_mixin.py:188} INFO - [2026-04-03T21:47:47.905+0000] {dag.py:3096} INFO - Sync 1 DAGs
[2026-04-03T21:47:48.117+0000] {processor.py:183} INFO - Processing /opt/airflow/dags/isr_pipeline.py took 0.552 seconds
[2026-04-03T21:48:18.821+0000] {processor.py:161} INFO - Started process (PID=51001) to work on /opt/airflow/dags/isr_pipeline.py
[2026-04-03T21:48:18.832+0000] {processor.py:830} INFO - Processing file /opt/airflow/dags/isr_pipeline.py for tasks to queue
[2026-04-03T21:48:18.839+0000] {logging_mixin.py:188} INFO - [2026-04-03T21:48:18.837+0000] {dagbag.py:540} INFO - Filling up the DagBag from /opt/airflow/dags/isr_pipeline.py
[2026-04-03T21:48:18.958+0000] {processor.py:840} INFO - DAG(s) 'isr_pipeline' retrieved from /opt/airflow/dags/isr_pipeline.py
[2026-04-03T21:48:19.188+0000] {logging_mixin.py:188} INFO - [2026-04-03T21:48:19.187+0000] {dag.py:3096} INFO - Sync 1 DAGs
[2026-04-03T21:48:19.416+0000] {processor.py:183} INFO - Processing /opt/airflow/dags/isr_pipeline.py took 0.642 seconds
[2026-04-03T21:48:49.907+0000] {processor.py:161} INFO - Started process (PID=51006) to work on /opt/airflow/dags/isr_pipeline.py
[2026-04-03T21:48:49.914+0000] {processor.py:830} INFO - Processing file /opt/airflow/dags/isr_pipeline.py for tasks to queue
[2026-04-03T21:48:49.922+0000] {logging_mixin.py:188} INFO - [2026-04-03T21:48:49.920+0000] {dagbag.py:540} INFO - Filling up the DagBag from /opt/airflow/dags/isr_pipeline.py
[2026-04-03T21:48:50.008+0000] {processor.py:840} INFO - DAG(s) 'isr_pipeline' retrieved from /opt/airflow/dags/isr_pipeline.py
[2026-04-03T21:48:50.192+0000] {logging_mixin.py:188} INFO - [2026-04-03T21:48:50.191+0000] {dag.py:3096} INFO - Sync 1 DAGs
[2026-04-03T21:48:50.475+0000] {processor.py:183} INFO - Processing /opt/airflow/dags/isr_pipeline.py took 0.606 seconds
[2026-04-03T21:49:21.028+0000] {processor.py:161} INFO - Started process (PID=51011) to work on /opt/airflow/dags/isr_pipeline.py
[2026-04-03T21:49:21.035+0000] {processor.py:830} INFO - Processing file /opt/airflow/dags/isr_pipeline.py for tasks to queue
[2026-04-03T21:49:21.042+0000] {logging_mixin.py:188} INFO - [2026-04-03T21:49:21.040+0000] {dagbag.py:540} INFO - Filling up the DagBag from /opt/airflow/dags/isr_pipeline.py
[2026-04-03T21:49:21.130+0000] {processor.py:840} INFO - DAG(s) 'isr_pipeline' retrieved from /opt/airflow/dags/isr_pipeline.py
[2026-04-03T21:49:21.348+0000] {logging_mixin.py:188} INFO - [2026-04-03T21:49:21.346+0000] {dag.py:3096} INFO - Sync 1 DAGs
[2026-04-03T21:49:21.593+0000] {processor.py:183} INFO - Processing /opt/airflow/dags/isr_pipeline.py took 0.606 seconds
[2026-04-03T21:49:51.916+0000] {processor.py:161} INFO - Started process (PID=51016) to work on /opt/airflow/dags/isr_pipeline.py
[2026-04-03T21:49:51.925+0000] {processor.py:830} INFO - Processing file /opt/airflow/dags/isr_pipeline.py for tasks to queue
[2026-04-03T21:49:51.934+0000] {logging_mixin.py:188} INFO - [2026-04-03T21:49:51.933+0000] {dagbag.py:540} INFO - Filling up the DagBag from /opt/airflow/dags/isr_pipeline.py
[2026-04-03T21:49:52.027+0000] {processor.py:840} INFO - DAG(s) 'isr_pipeline' retrieved from /opt/airflow/dags/isr_pipeline.py
[2026-04-03T21:49:52.234+0000] {logging_mixin.py:188} INFO - [2026-04-03T21:49:52.233+0000] {dag.py:3096} INFO - Sync 1 DAGs
[2026-04-03T21:49:52.433+0000] {processor.py:183} INFO - Processing /opt/airflow/dags/isr_pipeline.py took 0.571 seconds
[2026-04-03T21:50:22.933+0000] {processor.py:161} INFO - Started process (PID=51021) to work on /opt/airflow/dags/isr_pipeline.py
[2026-04-03T21:50:22.940+0000] {processor.py:830} INFO - Processing file /opt/airflow/dags/isr_pipeline.py for tasks to queue
[2026-04-03T21:50:22.947+0000] {logging_mixin.py:188} INFO - [2026-04-03T21:50:22.945+0000] {dagbag.py:540} INFO - Filling up the DagBag from /opt/airflow/dags/isr_pipeline.py
[2026-04-03T21:50:23.036+0000] {processor.py:840} INFO - DAG(s) 'isr_pipeline' retrieved from /opt/airflow/dags/isr_pipeline.py
[2026-04-03T21:50:23.222+0000] {logging_mixin.py:188} INFO - [2026-04-03T21:50:23.220+0000] {dag.py:3096} INFO - Sync 1 DAGs
[2026-04-03T21:50:23.415+0000] {processor.py:183} INFO - Processing /opt/airflow/dags/isr_pipeline.py took 0.521 seconds
[2026-04-03T21:50:53.839+0000] {processor.py:161} INFO - Started process (PID=51026) to work on /opt/airflow/dags/isr_pipeline.py
[2026-04-03T21:50:53.847+0000] {processor.py:830} INFO - Processing file /opt/airflow/dags/isr_pipeline.py for tasks to queue
[2026-04-03T21:50:53.855+0000] {logging_mixin.py:188} INFO - [2026-04-03T21:50:53.854+0000] {dagbag.py:540} INFO - Filling up the DagBag from /opt/airflow/dags/isr_pipeline.py
[2026-04-03T21:50:53.960+0000] {processor.py:840} INFO - DAG(s) 'isr_pipeline' retrieved from /opt/airflow/dags/isr_pipeline.py
[2026-04-03T21:50:54.171+0000] {logging_mixin.py:188} INFO - [2026-04-03T21:50:54.170+0000] {dag.py:3096} INFO - Sync 1 DAGs
[2026-04-03T21:50:54.386+0000] {processor.py:183} INFO - Processing /opt/airflow/dags/isr_pipeline.py took 0.586 seconds
[2026-04-03T21:51:24.999+0000] {processor.py:161} INFO - Started process (PID=51031) to work on /opt/airflow/dags/isr_pipeline.py
[2026-04-03T21:51:25.007+0000] {processor.py:830} INFO - Processing file /opt/airflow/dags/isr_pipeline.py for tasks to queue
[2026-04-03T21:51:25.014+0000] {logging_mixin.py:188} INFO - [2026-04-03T21:51:25.012+0000] {dagbag.py:540} INFO - Filling up the DagBag from /opt/airflow/dags/isr_pipeline.py
[2026-04-03T21:51:25.121+0000] {processor.py:840} INFO - DAG(s) 'isr_pipeline' retrieved from /opt/airflow/dags/isr_pipeline.py
[2026-04-03T21:51:25.300+0000] {logging_mixin.py:188} INFO - [2026-04-03T21:51:25.299+0000] {dag.py:3096} INFO - Sync 1 DAGs
[2026-04-03T21:51:25.504+0000] {processor.py:183} INFO - Processing /opt/airflow/dags/isr_pipeline.py took 0.554 seconds
[2026-04-03T21:51:56.040+0000] {processor.py:161} INFO - Started process (PID=51036) to work on /opt/airflow/dags/isr_pipeline.py
[2026-04-03T21:51:56.047+0000] {processor.py:830} INFO - Processing file /opt/airflow/dags/isr_pipeline.py for tasks to queue
[2026-04-03T21:51:56.054+0000] {logging_mixin.py:188} INFO - [2026-04-03T21:51:56.052+0000] {dagbag.py:540} INFO - Filling up the DagBag from /opt/airflow/dags/isr_pipeline.py
[2026-04-03T21:51:56.139+0000] {processor.py:840} INFO - DAG(s) 'isr_pipeline' retrieved from /opt/airflow/dags/isr_pipeline.py
[2026-04-03T21:51:56.316+0000] {logging_mixin.py:188} INFO - [2026-04-03T21:51:56.315+0000] {dag.py:3096} INFO - Sync 1 DAGs
[2026-04-03T21:51:56.516+0000] {processor.py:183} INFO - Processing /opt/airflow/dags/isr_pipeline.py took 0.516 seconds
[2026-04-03T21:52:27.008+0000] {processor.py:161} INFO - Started process (PID=51041) to work on /opt/airflow/dags/isr_pipeline.py
[2026-04-03T21:52:27.016+0000] {processor.py:830} INFO - Processing file /opt/airflow/dags/isr_pipeline.py for tasks to queue
[2026-04-03T21:52:27.023+0000] {logging_mixin.py:188} INFO - [2026-04-03T21:52:27.021+0000] {dagbag.py:540} INFO - Filling up the DagBag from /opt/airflow/dags/isr_pipeline.py
[2026-04-03T21:52:27.109+0000] {processor.py:840} INFO - DAG(s) 'isr_pipeline' retrieved from /opt/airflow/dags/isr_pipeline.py
[2026-04-03T21:52:27.286+0000] {logging_mixin.py:188} INFO - [2026-04-03T21:52:27.285+0000] {dag.py:3096} INFO - Sync 1 DAGs
[2026-04-03T21:52:27.491+0000] {processor.py:183} INFO - Processing /opt/airflow/dags/isr_pipeline.py took 0.523 seconds
[2026-04-03T21:52:57.864+0000] {processor.py:161} INFO - Started process (PID=51046) to work on /opt/airflow/dags/isr_pipeline.py
[2026-04-03T21:52:57.875+0000] {processor.py:830} INFO - Processing file /opt/airflow/dags/isr_pipeline.py for tasks to queue
[2026-04-03T21:52:57.883+0000] {logging_mixin.py:188} INFO - [2026-04-03T21:52:57.881+0000] {dagbag.py:540} INFO - Filling up the DagBag from /opt/airflow/dags/isr_pipeline.py
[2026-04-03T21:52:57.969+0000] {processor.py:840} INFO - DAG(s) 'isr_pipeline' retrieved from /opt/airflow/dags/isr_pipeline.py
[2026-04-03T21:52:58.144+0000] {logging_mixin.py:188} INFO - [2026-04-03T21:52:58.143+0000] {dag.py:3096} INFO - Sync 1 DAGs
[2026-04-03T21:52:58.347+0000] {processor.py:183} INFO - Processing /opt/airflow/dags/isr_pipeline.py took 0.530 seconds
[2026-04-03T21:53:28.879+0000] {processor.py:161} INFO - Started process (PID=51051) to work on /opt/airflow/dags/isr_pipeline.py
[2026-04-03T21:53:28.886+0000] {processor.py:830} INFO - Processing file /opt/airflow/dags/isr_pipeline.py for tasks to queue
[2026-04-03T21:53:28.893+0000] {logging_mixin.py:188} INFO - [2026-04-03T21:53:28.891+0000] {dagbag.py:540} INFO - Filling up the DagBag from /opt/airflow/dags/isr_pipeline.py
[2026-04-03T21:53:28.981+0000] {processor.py:840} INFO - DAG(s) 'isr_pipeline' retrieved from /opt/airflow/dags/isr_pipeline.py
[2026-04-03T21:53:29.164+0000] {logging_mixin.py:188} INFO - [2026-04-03T21:53:29.163+0000] {dag.py:3096} INFO - Sync 1 DAGs
[2026-04-03T21:53:29.359+0000] {processor.py:183} INFO - Processing /opt/airflow/dags/isr_pipeline.py took 0.520 seconds
[2026-04-03T21:53:59.656+0000] {processor.py:161} INFO - Started process (PID=51056) to work on /opt/airflow/dags/isr_pipeline.py
[2026-04-03T21:53:59.672+0000] {processor.py:830} INFO - Processing file /opt/airflow/dags/isr_pipeline.py for tasks to queue
[2026-04-03T21:53:59.695+0000] {logging_mixin.py:188} INFO - [2026-04-03T21:53:59.693+0000] {dagbag.py:540} INFO - Filling up the DagBag from /opt/airflow/dags/isr_pipeline.py
[2026-04-03T21:53:59.805+0000] {processor.py:840} INFO - DAG(s) 'isr_pipeline' retrieved from /opt/airflow/dags/isr_pipeline.py
[2026-04-03T21:53:59.999+0000] {logging_mixin.py:188} INFO - [2026-04-03T21:53:59.998+0000] {dag.py:3096} INFO - Sync 1 DAGs
[2026-04-03T21:54:00.197+0000] {processor.py:183} INFO - Processing /opt/airflow/dags/isr_pipeline.py took 0.582 seconds
[2026-04-03T21:54:30.766+0000] {processor.py:161} INFO - Started process (PID=51061) to work on /opt/airflow/dags/isr_pipeline.py
[2026-04-03T21:54:30.776+0000] {processor.py:830} INFO - Processing file /opt/airflow/dags/isr_pipeline.py for tasks to queue
[2026-04-03T21:54:30.783+0000] {logging_mixin.py:188} INFO - [2026-04-03T21:54:30.781+0000] {dagbag.py:540} INFO - Filling up the DagBag from /opt/airflow/dags/isr_pipeline.py
[2026-04-03T21:54:30.887+0000] {processor.py:840} INFO - DAG(s) 'isr_pipeline' retrieved from /opt/airflow/dags/isr_pipeline.py
[2026-04-03T21:54:31.095+0000] {logging_mixin.py:188} INFO - [2026-04-03T21:54:31.094+0000] {dag.py:3096} INFO - Sync 1 DAGs
[2026-04-03T21:54:31.316+0000] {processor.py:183} INFO - Processing /opt/airflow/dags/isr_pipeline.py took 0.592 seconds
[2026-04-03T21:55:01.528+0000] {processor.py:161} INFO - Started process (PID=51066) to work on /opt/airflow/dags/isr_pipeline.py
[2026-04-03T21:55:01.535+0000] {processor.py:830} INFO - Processing file /opt/airflow/dags/isr_pipeline.py for tasks to queue
[2026-04-03T21:55:01.544+0000] {logging_mixin.py:188} INFO - [2026-04-03T21:55:01.542+0000] {dagbag.py:540} INFO - Filling up the DagBag from /opt/airflow/dags/isr_pipeline.py
[2026-04-03T21:55:01.653+0000] {processor.py:840} INFO - DAG(s) 'isr_pipeline' retrieved from /opt/airflow/dags/isr_pipeline.py
[2026-04-03T21:55:01.843+0000] {logging_mixin.py:188} INFO - [2026-04-03T21:55:01.842+0000] {dag.py:3096} INFO - Sync 1 DAGs
[2026-04-03T21:55:02.039+0000] {processor.py:183} INFO - Processing /opt/airflow/dags/isr_pipeline.py took 0.555 seconds
[2026-04-03T21:55:32.515+0000] {processor.py:161} INFO - Started process (PID=51071) to work on /opt/airflow/dags/isr_pipeline.py
[2026-04-03T21:55:32.524+0000] {processor.py:830} INFO - Processing file /opt/airflow/dags/isr_pipeline.py for tasks to queue
[2026-04-03T21:55:32.531+0000] {logging_mixin.py:188} INFO - [2026-04-03T21:55:32.529+0000] {dagbag.py:540} INFO - Filling up the DagBag from /opt/airflow/dags/isr_pipeline.py
[2026-04-03T21:55:32.622+0000] {processor.py:840} INFO - DAG(s) 'isr_pipeline' retrieved from /opt/airflow/dags/isr_pipeline.py
[2026-04-03T21:55:32.807+0000] {logging_mixin.py:188} INFO - [2026-04-03T21:55:32.806+0000] {dag.py:3096} INFO - Sync 1 DAGs
[2026-04-03T21:55:33.015+0000] {processor.py:183} INFO - Processing /opt/airflow/dags/isr_pipeline.py took 0.540 seconds
[2026-04-03T21:56:03.549+0000] {processor.py:161} INFO - Started process (PID=51076) to work on /opt/airflow/dags/isr_pipeline.py
[2026-04-03T21:56:03.563+0000] {processor.py:830} INFO - Processing file /opt/airflow/dags/isr_pipeline.py for tasks to queue
[2026-04-03T21:56:03.571+0000] {logging_mixin.py:188} INFO - [2026-04-03T21:56:03.568+0000] {dagbag.py:540} INFO - Filling up the DagBag from /opt/airflow/dags/isr_pipeline.py
[2026-04-03T21:56:03.678+0000] {processor.py:840} INFO - DAG(s) 'isr_pipeline' retrieved from /opt/airflow/dags/isr_pipeline.py
[2026-04-03T21:56:03.877+0000] {logging_mixin.py:188} INFO - [2026-04-03T21:56:03.876+0000] {dag.py:3096} INFO - Sync 1 DAGs
[2026-04-03T21:56:04.102+0000] {processor.py:183} INFO - Processing /opt/airflow/dags/isr_pipeline.py took 0.596 seconds
[2026-04-03T22:26:27.277+0000] {processor.py:161} INFO - Started process (PID=51082) to work on /opt/airflow/dags/isr_pipeline.py
[2026-04-03T22:26:27.285+0000] {processor.py:830} INFO - Processing file /opt/airflow/dags/isr_pipeline.py for tasks to queue
[2026-04-03T22:26:27.289+0000] {logging_mixin.py:188} INFO - [2026-04-03T22:26:27.288+0000] {dagbag.py:540} INFO - Filling up the DagBag from /opt/airflow/dags/isr_pipeline.py
[2026-04-03T22:26:27.324+0000] {processor.py:840} INFO - DAG(s) 'isr_pipeline' retrieved from /opt/airflow/dags/isr_pipeline.py
[2026-04-03T22:26:27.385+0000] {logging_mixin.py:188} INFO - [2026-04-03T22:26:27.385+0000] {dag.py:3096} INFO - Sync 1 DAGs
[2026-04-03T22:26:27.468+0000] {processor.py:183} INFO - Processing /opt/airflow/dags/isr_pipeline.py took 0.215 seconds
[2026-04-03T22:26:57.669+0000] {processor.py:161} INFO - Started process (PID=51087) to work on /opt/airflow/dags/isr_pipeline.py
[2026-04-03T22:26:57.674+0000] {processor.py:830} INFO - Processing file /opt/airflow/dags/isr_pipeline.py for tasks to queue
[2026-04-03T22:26:57.683+0000] {logging_mixin.py:188} INFO - [2026-04-03T22:26:57.681+0000] {dagbag.py:540} INFO - Filling up the DagBag from /opt/airflow/dags/isr_pipeline.py
[2026-04-03T22:26:57.772+0000] {processor.py:840} INFO - DAG(s) 'isr_pipeline' retrieved from /opt/airflow/dags/isr_pipeline.py
[2026-04-03T22:26:57.964+0000] {logging_mixin.py:188} INFO - [2026-04-03T22:26:57.963+0000] {dag.py:3096} INFO - Sync 1 DAGs
[2026-04-03T22:26:58.185+0000] {processor.py:183} INFO - Processing /opt/airflow/dags/isr_pipeline.py took 0.556 seconds
[2026-04-03T22:27:28.714+0000] {processor.py:161} INFO - Started process (PID=51092) to work on /opt/airflow/dags/isr_pipeline.py
[2026-04-03T22:27:28.721+0000] {processor.py:830} INFO - Processing file /opt/airflow/dags/isr_pipeline.py for tasks to queue
[2026-04-03T22:27:28.729+0000] {logging_mixin.py:188} INFO - [2026-04-03T22:27:28.727+0000] {dagbag.py:540} INFO - Filling up the DagBag from /opt/airflow/dags/isr_pipeline.py
[2026-04-03T22:27:28.826+0000] {processor.py:840} INFO - DAG(s) 'isr_pipeline' retrieved from /opt/airflow/dags/isr_pipeline.py
[2026-04-03T22:27:29.015+0000] {logging_mixin.py:188} INFO - [2026-04-03T22:27:29.013+0000] {dag.py:3096} INFO - Sync 1 DAGs
[2026-04-03T22:27:29.231+0000] {processor.py:183} INFO - Processing /opt/airflow/dags/isr_pipeline.py took 0.559 seconds
[2026-04-03T22:27:59.582+0000] {processor.py:161} INFO - Started process (PID=51097) to work on /opt/airflow/dags/isr_pipeline.py
[2026-04-03T22:27:59.589+0000] {processor.py:830} INFO - Processing file /opt/airflow/dags/isr_pipeline.py for tasks to queue
[2026-04-03T22:27:59.597+0000] {logging_mixin.py:188} INFO - [2026-04-03T22:27:59.595+0000] {dagbag.py:540} INFO - Filling up the DagBag from /opt/airflow/dags/isr_pipeline.py
[2026-04-03T22:27:59.683+0000] {processor.py:840} INFO - DAG(s) 'isr_pipeline' retrieved from /opt/airflow/dags/isr_pipeline.py
[2026-04-03T22:27:59.864+0000] {logging_mixin.py:188} INFO - [2026-04-03T22:27:59.862+0000] {dag.py:3096} INFO - Sync 1 DAGs
[2026-04-03T22:28:00.077+0000] {processor.py:183} INFO - Processing /opt/airflow/dags/isr_pipeline.py took 0.534 seconds
[2026-04-03T22:28:30.549+0000] {processor.py:161} INFO - Started process (PID=51102) to work on /opt/airflow/dags/isr_pipeline.py
[2026-04-03T22:28:30.557+0000] {processor.py:830} INFO - Processing file /opt/airflow/dags/isr_pipeline.py for tasks to queue
[2026-04-03T22:28:30.563+0000] {logging_mixin.py:188} INFO - [2026-04-03T22:28:30.561+0000] {dagbag.py:540} INFO - Filling up the DagBag from /opt/airflow/dags/isr_pipeline.py
[2026-04-03T22:28:30.654+0000] {processor.py:840} INFO - DAG(s) 'isr_pipeline' retrieved from /opt/airflow/dags/isr_pipeline.py
[2026-04-03T22:28:30.844+0000] {logging_mixin.py:188} INFO - [2026-04-03T22:28:30.843+0000] {dag.py:3096} INFO - Sync 1 DAGs
[2026-04-03T22:28:31.039+0000] {processor.py:183} INFO - Processing /opt/airflow/dags/isr_pipeline.py took 0.528 seconds
[2026-04-03T22:29:01.360+0000] {processor.py:161} INFO - Started process (PID=51107) to work on /opt/airflow/dags/isr_pipeline.py
[2026-04-03T22:29:01.367+0000] {processor.py:830} INFO - Processing file /opt/airflow/dags/isr_pipeline.py for tasks to queue
[2026-04-03T22:29:01.374+0000] {logging_mixin.py:188} INFO - [2026-04-03T22:29:01.372+0000] {dagbag.py:540} INFO - Filling up the DagBag from /opt/airflow/dags/isr_pipeline.py
[2026-04-03T22:29:01.458+0000] {processor.py:840} INFO - DAG(s) 'isr_pipeline' retrieved from /opt/airflow/dags/isr_pipeline.py
[2026-04-03T22:29:01.634+0000] {logging_mixin.py:188} INFO - [2026-04-03T22:29:01.633+0000] {dag.py:3096} INFO - Sync 1 DAGs
[2026-04-03T22:29:01.856+0000] {processor.py:183} INFO - Processing /opt/airflow/dags/isr_pipeline.py took 0.534 seconds
[2026-04-03T22:29:32.430+0000] {processor.py:161} INFO - Started process (PID=51112) to work on /opt/airflow/dags/isr_pipeline.py
[2026-04-03T22:29:32.437+0000] {processor.py:830} INFO - Processing file /opt/airflow/dags/isr_pipeline.py for tasks to queue
[2026-04-03T22:29:32.444+0000] {logging_mixin.py:188} INFO - [2026-04-03T22:29:32.442+0000] {dagbag.py:540} INFO - Filling up the DagBag from /opt/airflow/dags/isr_pipeline.py
[2026-04-03T22:29:32.528+0000] {processor.py:840} INFO - DAG(s) 'isr_pipeline' retrieved from /opt/airflow/dags/isr_pipeline.py
[2026-04-03T22:29:32.716+0000] {logging_mixin.py:188} INFO - [2026-04-03T22:29:32.715+0000] {dag.py:3096} INFO - Sync 1 DAGs
[2026-04-03T22:29:32.919+0000] {processor.py:183} INFO - Processing /opt/airflow/dags/isr_pipeline.py took 0.528 seconds
[2026-04-03T22:30:03.249+0000] {processor.py:161} INFO - Started process (PID=51117) to work on /opt/airflow/dags/isr_pipeline.py
[2026-04-03T22:30:03.257+0000] {processor.py:830} INFO - Processing file /opt/airflow/dags/isr_pipeline.py for tasks to queue
[2026-04-03T22:30:03.264+0000] {logging_mixin.py:188} INFO - [2026-04-03T22:30:03.262+0000] {dagbag.py:540} INFO - Filling up the DagBag from /opt/airflow/dags/isr_pipeline.py
[2026-04-03T22:30:03.350+0000] {processor.py:840} INFO - DAG(s) 'isr_pipeline' retrieved from /opt/airflow/dags/isr_pipeline.py
[2026-04-03T22:30:03.528+0000] {logging_mixin.py:188} INFO - [2026-04-03T22:30:03.527+0000] {dag.py:3096} INFO - Sync 1 DAGs
[2026-04-03T22:30:03.735+0000] {processor.py:183} INFO - Processing /opt/airflow/dags/isr_pipeline.py took 0.525 seconds
[2026-04-03T22:30:34.273+0000] {processor.py:161} INFO - Started process (PID=51122) to work on /opt/airflow/dags/isr_pipeline.py
[2026-04-03T22:30:34.280+0000] {processor.py:830} INFO - Processing file /opt/airflow/dags/isr_pipeline.py for tasks to queue
[2026-04-03T22:30:34.287+0000] {logging_mixin.py:188} INFO - [2026-04-03T22:30:34.285+0000] {dagbag.py:540} INFO - Filling up the DagBag from /opt/airflow/dags/isr_pipeline.py
[2026-04-03T22:30:34.372+0000] {processor.py:840} INFO - DAG(s) 'isr_pipeline' retrieved from /opt/airflow/dags/isr_pipeline.py
[2026-04-03T22:30:34.552+0000] {logging_mixin.py:188} INFO - [2026-04-03T22:30:34.551+0000] {dag.py:3096} INFO - Sync 1 DAGs
[2026-04-03T22:30:34.776+0000] {processor.py:183} INFO - Processing /opt/airflow/dags/isr_pipeline.py took 0.542 seconds
[2026-04-03T22:31:05.108+0000] {processor.py:161} INFO - Started process (PID=51127) to work on /opt/airflow/dags/isr_pipeline.py
[2026-04-03T22:31:05.115+0000] {processor.py:830} INFO - Processing file /opt/airflow/dags/isr_pipeline.py for tasks to queue
[2026-04-03T22:31:05.124+0000] {logging_mixin.py:188} INFO - [2026-04-03T22:31:05.122+0000] {dagbag.py:540} INFO - Filling up the DagBag from /opt/airflow/dags/isr_pipeline.py
[2026-04-03T22:31:05.215+0000] {processor.py:840} INFO - DAG(s) 'isr_pipeline' retrieved from /opt/airflow/dags/isr_pipeline.py
[2026-04-03T22:31:05.386+0000] {logging_mixin.py:188} INFO - [2026-04-03T22:31:05.385+0000] {dag.py:3096} INFO - Sync 1 DAGs
[2026-04-03T22:31:05.586+0000] {processor.py:183} INFO - Processing /opt/airflow/dags/isr_pipeline.py took 0.522 seconds
[2026-04-03T22:31:36.080+0000] {processor.py:161} INFO - Started process (PID=51132) to work on /opt/airflow/dags/isr_pipeline.py
[2026-04-03T22:31:36.087+0000] {processor.py:830} INFO - Processing file /opt/airflow/dags/isr_pipeline.py for tasks to queue
[2026-04-03T22:31:36.094+0000] {logging_mixin.py:188} INFO - [2026-04-03T22:31:36.092+0000] {dagbag.py:540} INFO - Filling up the DagBag from /opt/airflow/dags/isr_pipeline.py
[2026-04-03T22:31:36.196+0000] {processor.py:840} INFO - DAG(s) 'isr_pipeline' retrieved from /opt/airflow/dags/isr_pipeline.py
[2026-04-03T22:31:36.376+0000] {logging_mixin.py:188} INFO - [2026-04-03T22:31:36.375+0000] {dag.py:3096} INFO - Sync 1 DAGs
[2026-04-03T22:31:36.586+0000] {processor.py:183} INFO - Processing /opt/airflow/dags/isr_pipeline.py took 0.545 seconds
[2026-04-03T22:32:06.983+0000] {processor.py:161} INFO - Started process (PID=51137) to work on /opt/airflow/dags/isr_pipeline.py
[2026-04-03T22:32:06.990+0000] {processor.py:830} INFO - Processing file /opt/airflow/dags/isr_pipeline.py for tasks to queue
[2026-04-03T22:32:06.998+0000] {logging_mixin.py:188} INFO - [2026-04-03T22:32:06.996+0000] {dagbag.py:540} INFO - Filling up the DagBag from /opt/airflow/dags/isr_pipeline.py
[2026-04-03T22:32:07.084+0000] {processor.py:840} INFO - DAG(s) 'isr_pipeline' retrieved from /opt/airflow/dags/isr_pipeline.py
[2026-04-03T22:32:07.257+0000] {logging_mixin.py:188} INFO - [2026-04-03T22:32:07.256+0000] {dag.py:3096} INFO - Sync 1 DAGs
[2026-04-03T22:32:07.454+0000] {processor.py:183} INFO - Processing /opt/airflow/dags/isr_pipeline.py took 0.508 seconds
[2026-04-03T22:32:37.992+0000] {processor.py:161} INFO - Started process (PID=51142) to work on /opt/airflow/dags/isr_pipeline.py
[2026-04-03T22:32:38.000+0000] {processor.py:830} INFO - Processing file /opt/airflow/dags/isr_pipeline.py for tasks to queue
[2026-04-03T22:32:38.007+0000] {logging_mixin.py:188} INFO - [2026-04-03T22:32:38.005+0000] {dagbag.py:540} INFO - Filling up the DagBag from /opt/airflow/dags/isr_pipeline.py
[2026-04-03T22:32:38.093+0000] {processor.py:840} INFO - DAG(s) 'isr_pipeline' retrieved from /opt/airflow/dags/isr_pipeline.py
[2026-04-03T22:32:38.278+0000] {logging_mixin.py:188} INFO - [2026-04-03T22:32:38.277+0000] {dag.py:3096} INFO - Sync 1 DAGs
[2026-04-03T22:32:38.472+0000] {processor.py:183} INFO - Processing /opt/airflow/dags/isr_pipeline.py took 0.519 seconds
[2026-04-03T22:33:08.722+0000] {processor.py:161} INFO - Started process (PID=51147) to work on /opt/airflow/dags/isr_pipeline.py
[2026-04-03T22:33:08.730+0000] {processor.py:830} INFO - Processing file /opt/airflow/dags/isr_pipeline.py for tasks to queue
[2026-04-03T22:33:08.737+0000] {logging_mixin.py:188} INFO - [2026-04-03T22:33:08.735+0000] {dagbag.py:540} INFO - Filling up the DagBag from /opt/airflow/dags/isr_pipeline.py
[2026-04-03T22:33:08.822+0000] {processor.py:840} INFO - DAG(s) 'isr_pipeline' retrieved from /opt/airflow/dags/isr_pipeline.py
[2026-04-03T22:33:09.001+0000] {logging_mixin.py:188} INFO - [2026-04-03T22:33:09.000+0000] {dag.py:3096} INFO - Sync 1 DAGs
[2026-04-03T22:33:09.202+0000] {processor.py:183} INFO - Processing /opt/airflow/dags/isr_pipeline.py took 0.519 seconds
[2026-04-03T22:33:39.701+0000] {processor.py:161} INFO - Started process (PID=51152) to work on /opt/airflow/dags/isr_pipeline.py
[2026-04-03T22:33:39.708+0000] {processor.py:830} INFO - Processing file /opt/airflow/dags/isr_pipeline.py for tasks to queue
[2026-04-03T22:33:39.715+0000] {logging_mixin.py:188} INFO - [2026-04-03T22:33:39.713+0000] {dagbag.py:540} INFO - Filling up the DagBag from /opt/airflow/dags/isr_pipeline.py
[2026-04-03T22:33:39.805+0000] {processor.py:840} INFO - DAG(s) 'isr_pipeline' retrieved from /opt/airflow/dags/isr_pipeline.py
[2026-04-03T22:33:39.985+0000] {logging_mixin.py:188} INFO - [2026-04-03T22:33:39.984+0000] {dag.py:3096} INFO - Sync 1 DAGs
[2026-04-03T22:33:40.200+0000] {processor.py:183} INFO - Processing /opt/airflow/dags/isr_pipeline.py took 0.540 seconds
[2026-04-03T22:34:10.620+0000] {processor.py:161} INFO - Started process (PID=51157) to work on /opt/airflow/dags/isr_pipeline.py
[2026-04-03T22:34:10.628+0000] {processor.py:830} INFO - Processing file /opt/airflow/dags/isr_pipeline.py for tasks to queue
[2026-04-03T22:34:10.635+0000] {logging_mixin.py:188} INFO - [2026-04-03T22:34:10.633+0000] {dagbag.py:540} INFO - Filling up the DagBag from /opt/airflow/dags/isr_pipeline.py
[2026-04-03T22:34:10.730+0000] {processor.py:840} INFO - DAG(s) 'isr_pipeline' retrieved from /opt/airflow/dags/isr_pipeline.py
[2026-04-03T22:34:10.917+0000] {logging_mixin.py:188} INFO - [2026-04-03T22:34:10.916+0000] {dag.py:3096} INFO - Sync 1 DAGs
[2026-04-03T22:34:11.125+0000] {processor.py:183} INFO - Processing /opt/airflow/dags/isr_pipeline.py took 0.551 seconds
[2026-04-03T22:34:41.636+0000] {processor.py:161} INFO - Started process (PID=51162) to work on /opt/airflow/dags/isr_pipeline.py
[2026-04-03T22:34:41.643+0000] {processor.py:830} INFO - Processing file /opt/airflow/dags/isr_pipeline.py for tasks to queue
[2026-04-03T22:34:41.650+0000] {logging_mixin.py:188} INFO - [2026-04-03T22:34:41.648+0000] {dagbag.py:540} INFO - Filling up the DagBag from /opt/airflow/dags/isr_pipeline.py
[2026-04-03T22:34:41.740+0000] {processor.py:840} INFO - DAG(s) 'isr_pipeline' retrieved from /opt/airflow/dags/isr_pipeline.py
[2026-04-03T22:34:41.923+0000] {logging_mixin.py:188} INFO - [2026-04-03T22:34:41.922+0000] {dag.py:3096} INFO - Sync 1 DAGs
[2026-04-03T22:34:42.126+0000] {processor.py:183} INFO - Processing /opt/airflow/dags/isr_pipeline.py took 0.530 seconds
[2026-04-03T22:35:12.338+0000] {processor.py:161} INFO - Started process (PID=51167) to work on /opt/airflow/dags/isr_pipeline.py
[2026-04-03T22:35:12.345+0000] {processor.py:830} INFO - Processing file /opt/airflow/dags/isr_pipeline.py for tasks to queue
[2026-04-03T22:35:12.352+0000] {logging_mixin.py:188} INFO - [2026-04-03T22:35:12.351+0000] {dagbag.py:540} INFO - Filling up the DagBag from /opt/airflow/dags/isr_pipeline.py
[2026-04-03T22:35:12.436+0000] {processor.py:840} INFO - DAG(s) 'isr_pipeline' retrieved from /opt/airflow/dags/isr_pipeline.py
[2026-04-03T22:35:12.610+0000] {logging_mixin.py:188} INFO - [2026-04-03T22:35:12.609+0000] {dag.py:3096} INFO - Sync 1 DAGs
[2026-04-03T22:35:12.831+0000] {processor.py:183} INFO - Processing /opt/airflow/dags/isr_pipeline.py took 0.534 seconds
[2026-04-03T22:35:43.288+0000] {processor.py:161} INFO - Started process (PID=51172) to work on /opt/airflow/dags/isr_pipeline.py
[2026-04-03T22:35:43.295+0000] {processor.py:830} INFO - Processing file /opt/airflow/dags/isr_pipeline.py for tasks to queue
[2026-04-03T22:35:43.302+0000] {logging_mixin.py:188} INFO - [2026-04-03T22:35:43.300+0000] {dagbag.py:540} INFO - Filling up the DagBag from /opt/airflow/dags/isr_pipeline.py
[2026-04-03T22:35:43.465+0000] {processor.py:840} INFO - DAG(s) 'isr_pipeline' retrieved from /opt/airflow/dags/isr_pipeline.py
[2026-04-03T22:35:43.643+0000] {logging_mixin.py:188} INFO - [2026-04-03T22:35:43.642+0000] {dag.py:3096} INFO - Sync 1 DAGs
[2026-04-03T22:35:43.866+0000] {processor.py:183} INFO - Processing /opt/airflow/dags/isr_pipeline.py took 0.617 seconds
[2026-04-03T22:36:14.281+0000] {processor.py:161} INFO - Started process (PID=51177) to work on /opt/airflow/dags/isr_pipeline.py
[2026-04-03T22:36:14.288+0000] {processor.py:830} INFO - Processing file /opt/airflow/dags/isr_pipeline.py for tasks to queue
[2026-04-03T22:36:14.296+0000] {logging_mixin.py:188} INFO - [2026-04-03T22:36:14.294+0000] {dagbag.py:540} INFO - Filling up the DagBag from /opt/airflow/dags/isr_pipeline.py
[2026-04-03T22:36:14.383+0000] {processor.py:840} INFO - DAG(s) 'isr_pipeline' retrieved from /opt/airflow/dags/isr_pipeline.py
[2026-04-03T22:36:14.557+0000] {logging_mixin.py:188} INFO - [2026-04-03T22:36:14.556+0000] {dag.py:3096} INFO - Sync 1 DAGs
[2026-04-03T22:36:14.763+0000] {processor.py:183} INFO - Processing /opt/airflow/dags/isr_pipeline.py took 0.517 seconds
[2026-04-03T22:36:45.278+0000] {processor.py:161} INFO - Started process (PID=51182) to work on /opt/airflow/dags/isr_pipeline.py
[2026-04-03T22:36:45.286+0000] {processor.py:830} INFO - Processing file /opt/airflow/dags/isr_pipeline.py for tasks to queue
[2026-04-03T22:36:45.293+0000] {logging_mixin.py:188} INFO - [2026-04-03T22:36:45.291+0000] {dagbag.py:540} INFO - Filling up the DagBag from /opt/airflow/dags/isr_pipeline.py
[2026-04-03T22:36:45.379+0000] {processor.py:840} INFO - DAG(s) 'isr_pipeline' retrieved from /opt/airflow/dags/isr_pipeline.py
[2026-04-03T22:36:45.559+0000] {logging_mixin.py:188} INFO - [2026-04-03T22:36:45.558+0000] {dag.py:3096} INFO - Sync 1 DAGs
[2026-04-03T22:36:45.762+0000] {processor.py:183} INFO - Processing /opt/airflow/dags/isr_pipeline.py took 0.524 seconds
[2026-04-03T22:37:16.153+0000] {processor.py:161} INFO - Started process (PID=51187) to work on /opt/airflow/dags/isr_pipeline.py
[2026-04-03T22:37:16.160+0000] {processor.py:830} INFO - Processing file /opt/airflow/dags/isr_pipeline.py for tasks to queue
[2026-04-03T22:37:16.167+0000] {logging_mixin.py:188} INFO - [2026-04-03T22:37:16.165+0000] {dagbag.py:540} INFO - Filling up the DagBag from /opt/airflow/dags/isr_pipeline.py
[2026-04-03T22:37:16.266+0000] {processor.py:840} INFO - DAG(s) 'isr_pipeline' retrieved from /opt/airflow/dags/isr_pipeline.py
[2026-04-03T22:37:16.444+0000] {logging_mixin.py:188} INFO - [2026-04-03T22:37:16.443+0000] {dag.py:3096} INFO - Sync 1 DAGs
[2026-04-03T22:37:16.650+0000] {processor.py:183} INFO - Processing /opt/airflow/dags/isr_pipeline.py took 0.537 seconds
[2026-04-03T22:48:18.205+0000] {processor.py:161} INFO - Started process (PID=51192) to work on /opt/airflow/dags/isr_pipeline.py
[2026-04-03T22:48:18.209+0000] {processor.py:830} INFO - Processing file /opt/airflow/dags/isr_pipeline.py for tasks to queue
[2026-04-03T22:48:18.217+0000] {logging_mixin.py:188} INFO - [2026-04-03T22:48:18.214+0000] {dagbag.py:540} INFO - Filling up the DagBag from /opt/airflow/dags/isr_pipeline.py
[2026-04-03T22:48:18.262+0000] {processor.py:840} INFO - DAG(s) 'isr_pipeline' retrieved from /opt/airflow/dags/isr_pipeline.py
[2026-04-03T22:48:18.315+0000] {logging_mixin.py:188} INFO - [2026-04-03T22:48:18.315+0000] {dag.py:3096} INFO - Sync 1 DAGs
[2026-04-03T22:48:18.361+0000] {processor.py:183} INFO - Processing /opt/airflow/dags/isr_pipeline.py took 0.166 seconds
[2026-04-03T22:48:48.856+0000] {processor.py:161} INFO - Started process (PID=51198) to work on /opt/airflow/dags/isr_pipeline.py
[2026-04-03T22:48:48.861+0000] {processor.py:830} INFO - Processing file /opt/airflow/dags/isr_pipeline.py for tasks to queue
[2026-04-03T22:48:48.868+0000] {logging_mixin.py:188} INFO - [2026-04-03T22:48:48.867+0000] {dagbag.py:540} INFO - Filling up the DagBag from /opt/airflow/dags/isr_pipeline.py
[2026-04-03T22:48:48.955+0000] {processor.py:840} INFO - DAG(s) 'isr_pipeline' retrieved from /opt/airflow/dags/isr_pipeline.py
[2026-04-03T22:48:49.143+0000] {logging_mixin.py:188} INFO - [2026-04-03T22:48:49.140+0000] {dag.py:3096} INFO - Sync 1 DAGs
[2026-04-03T22:48:49.379+0000] {processor.py:183} INFO - Processing /opt/airflow/dags/isr_pipeline.py took 0.561 seconds
[2026-04-03T22:49:19.536+0000] {processor.py:161} INFO - Started process (PID=51203) to work on /opt/airflow/dags/isr_pipeline.py
[2026-04-03T22:49:19.537+0000] {processor.py:830} INFO - Processing file /opt/airflow/dags/isr_pipeline.py for tasks to queue
[2026-04-03T22:49:19.538+0000] {logging_mixin.py:188} INFO - [2026-04-03T22:49:19.538+0000] {dagbag.py:540} INFO - Filling up the DagBag from /opt/airflow/dags/isr_pipeline.py
[2026-04-03T22:49:19.556+0000] {processor.py:840} INFO - DAG(s) 'isr_pipeline' retrieved from /opt/airflow/dags/isr_pipeline.py
[2026-04-03T22:49:19.593+0000] {logging_mixin.py:188} INFO - [2026-04-03T22:49:19.593+0000] {dag.py:3096} INFO - Sync 1 DAGs
[2026-04-03T22:49:19.634+0000] {processor.py:183} INFO - Processing /opt/airflow/dags/isr_pipeline.py took 0.107 seconds
[2026-04-03T22:49:49.991+0000] {processor.py:161} INFO - Started process (PID=51208) to work on /opt/airflow/dags/isr_pipeline.py
[2026-04-03T22:49:49.997+0000] {processor.py:830} INFO - Processing file /opt/airflow/dags/isr_pipeline.py for tasks to queue
[2026-04-03T22:49:50.006+0000] {logging_mixin.py:188} INFO - [2026-04-03T22:49:50.003+0000] {dagbag.py:540} INFO - Filling up the DagBag from /opt/airflow/dags/isr_pipeline.py
[2026-04-03T22:49:50.096+0000] {processor.py:840} INFO - DAG(s) 'isr_pipeline' retrieved from /opt/airflow/dags/isr_pipeline.py
[2026-04-03T22:49:50.286+0000] {logging_mixin.py:188} INFO - [2026-04-03T22:49:50.285+0000] {dag.py:3096} INFO - Sync 1 DAGs
[2026-04-03T22:49:50.494+0000] {processor.py:183} INFO - Processing /opt/airflow/dags/isr_pipeline.py took 0.545 seconds
[2026-04-03T23:07:16.131+0000] {processor.py:161} INFO - Started process (PID=51214) to work on /opt/airflow/dags/isr_pipeline.py
[2026-04-03T23:07:16.133+0000] {processor.py:830} INFO - Processing file /opt/airflow/dags/isr_pipeline.py for tasks to queue
[2026-04-03T23:07:16.135+0000] {logging_mixin.py:188} INFO - [2026-04-03T23:07:16.134+0000] {dagbag.py:540} INFO - Filling up the DagBag from /opt/airflow/dags/isr_pipeline.py
[2026-04-03T23:07:16.165+0000] {processor.py:840} INFO - DAG(s) 'isr_pipeline' retrieved from /opt/airflow/dags/isr_pipeline.py
[2026-04-03T23:07:16.208+0000] {logging_mixin.py:188} INFO - [2026-04-03T23:07:16.207+0000] {dag.py:3096} INFO - Sync 1 DAGs
[2026-04-03T23:07:16.382+0000] {processor.py:183} INFO - Processing /opt/airflow/dags/isr_pipeline.py took 0.262 seconds
[2026-04-03T23:07:46.669+0000] {processor.py:161} INFO - Started process (PID=51219) to work on /opt/airflow/dags/isr_pipeline.py
[2026-04-03T23:07:46.677+0000] {processor.py:830} INFO - Processing file /opt/airflow/dags/isr_pipeline.py for tasks to queue
[2026-04-03T23:07:46.685+0000] {logging_mixin.py:188} INFO - [2026-04-03T23:07:46.683+0000] {dagbag.py:540} INFO - Filling up the DagBag from /opt/airflow/dags/isr_pipeline.py
[2026-04-03T23:07:46.777+0000] {processor.py:840} INFO - DAG(s) 'isr_pipeline' retrieved from /opt/airflow/dags/isr_pipeline.py
[2026-04-03T23:07:46.955+0000] {logging_mixin.py:188} INFO - [2026-04-03T23:07:46.954+0000] {dag.py:3096} INFO - Sync 1 DAGs
[2026-04-03T23:07:47.152+0000] {processor.py:183} INFO - Processing /opt/airflow/dags/isr_pipeline.py took 0.520 seconds
[2026-04-03T23:08:17.696+0000] {processor.py:161} INFO - Started process (PID=51224) to work on /opt/airflow/dags/isr_pipeline.py
[2026-04-03T23:08:17.704+0000] {processor.py:830} INFO - Processing file /opt/airflow/dags/isr_pipeline.py for tasks to queue
[2026-04-03T23:08:17.710+0000] {logging_mixin.py:188} INFO - [2026-04-03T23:08:17.709+0000] {dagbag.py:540} INFO - Filling up the DagBag from /opt/airflow/dags/isr_pipeline.py
[2026-04-03T23:08:17.798+0000] {processor.py:840} INFO - DAG(s) 'isr_pipeline' retrieved from /opt/airflow/dags/isr_pipeline.py
[2026-04-03T23:08:17.980+0000] {logging_mixin.py:188} INFO - [2026-04-03T23:08:17.979+0000] {dag.py:3096} INFO - Sync 1 DAGs
[2026-04-03T23:08:18.217+0000] {processor.py:183} INFO - Processing /opt/airflow/dags/isr_pipeline.py took 0.560 seconds
[2026-04-03T23:24:44.917+0000] {processor.py:161} INFO - Started process (PID=51230) to work on /opt/airflow/dags/isr_pipeline.py
[2026-04-03T23:24:44.919+0000] {processor.py:830} INFO - Processing file /opt/airflow/dags/isr_pipeline.py for tasks to queue
[2026-04-03T23:24:44.920+0000] {logging_mixin.py:188} INFO - [2026-04-03T23:24:44.920+0000] {dagbag.py:540} INFO - Filling up the DagBag from /opt/airflow/dags/isr_pipeline.py
[2026-04-03T23:24:44.946+0000] {processor.py:840} INFO - DAG(s) 'isr_pipeline' retrieved from /opt/airflow/dags/isr_pipeline.py
[2026-04-03T23:24:45.008+0000] {logging_mixin.py:188} INFO - [2026-04-03T23:24:45.007+0000] {dag.py:3096} INFO - Sync 1 DAGs
[2026-04-03T23:24:44.341+0000] {processor.py:183} INFO - Processing /opt/airflow/dags/isr_pipeline.py took 0.332 seconds
[2026-04-03T23:25:14.642+0000] {processor.py:161} INFO - Started process (PID=51235) to work on /opt/airflow/dags/isr_pipeline.py
[2026-04-03T23:25:14.647+0000] {processor.py:830} INFO - Processing file /opt/airflow/dags/isr_pipeline.py for tasks to queue
[2026-04-03T23:25:14.655+0000] {logging_mixin.py:188} INFO - [2026-04-03T23:25:14.653+0000] {dagbag.py:540} INFO - Filling up the DagBag from /opt/airflow/dags/isr_pipeline.py
[2026-04-03T23:25:14.744+0000] {processor.py:840} INFO - DAG(s) 'isr_pipeline' retrieved from /opt/airflow/dags/isr_pipeline.py
[2026-04-03T23:25:14.927+0000] {logging_mixin.py:188} INFO - [2026-04-03T23:25:14.926+0000] {dag.py:3096} INFO - Sync 1 DAGs
[2026-04-03T23:25:15.132+0000] {processor.py:183} INFO - Processing /opt/airflow/dags/isr_pipeline.py took 0.528 seconds
[2026-04-03T23:25:45.343+0000] {processor.py:161} INFO - Started process (PID=51240) to work on /opt/airflow/dags/isr_pipeline.py
[2026-04-03T23:25:45.349+0000] {processor.py:830} INFO - Processing file /opt/airflow/dags/isr_pipeline.py for tasks to queue
[2026-04-03T23:25:45.356+0000] {logging_mixin.py:188} INFO - [2026-04-03T23:25:45.354+0000] {dagbag.py:540} INFO - Filling up the DagBag from /opt/airflow/dags/isr_pipeline.py
[2026-04-03T23:25:45.444+0000] {processor.py:840} INFO - DAG(s) 'isr_pipeline' retrieved from /opt/airflow/dags/isr_pipeline.py
[2026-04-03T23:25:45.625+0000] {logging_mixin.py:188} INFO - [2026-04-03T23:25:45.624+0000] {dag.py:3096} INFO - Sync 1 DAGs
[2026-04-03T23:25:45.826+0000] {processor.py:183} INFO - Processing /opt/airflow/dags/isr_pipeline.py took 0.521 seconds
[2026-04-03T23:26:16.100+0000] {processor.py:161} INFO - Started process (PID=51245) to work on /opt/airflow/dags/isr_pipeline.py
[2026-04-03T23:26:16.105+0000] {processor.py:830} INFO - Processing file /opt/airflow/dags/isr_pipeline.py for tasks to queue
[2026-04-03T23:26:16.117+0000] {logging_mixin.py:188} INFO - [2026-04-03T23:26:16.116+0000] {dagbag.py:540} INFO - Filling up the DagBag from /opt/airflow/dags/isr_pipeline.py
[2026-04-03T23:26:16.208+0000] {processor.py:840} INFO - DAG(s) 'isr_pipeline' retrieved from /opt/airflow/dags/isr_pipeline.py
[2026-04-03T23:26:16.396+0000] {logging_mixin.py:188} INFO - [2026-04-03T23:26:16.395+0000] {dag.py:3096} INFO - Sync 1 DAGs
[2026-04-03T23:26:16.605+0000] {processor.py:183} INFO - Processing /opt/airflow/dags/isr_pipeline.py took 0.560 seconds
[2026-04-03T23:26:47.126+0000] {processor.py:161} INFO - Started process (PID=51250) to work on /opt/airflow/dags/isr_pipeline.py
[2026-04-03T23:26:47.135+0000] {processor.py:830} INFO - Processing file /opt/airflow/dags/isr_pipeline.py for tasks to queue
[2026-04-03T23:26:47.142+0000] {logging_mixin.py:188} INFO - [2026-04-03T23:26:47.140+0000] {dagbag.py:540} INFO - Filling up the DagBag from /opt/airflow/dags/isr_pipeline.py
[2026-04-03T23:26:47.234+0000] {processor.py:840} INFO - DAG(s) 'isr_pipeline' retrieved from /opt/airflow/dags/isr_pipeline.py
[2026-04-03T23:26:47.419+0000] {logging_mixin.py:188} INFO - [2026-04-03T23:26:47.417+0000] {dag.py:3096} INFO - Sync 1 DAGs
[2026-04-03T23:26:47.626+0000] {processor.py:183} INFO - Processing /opt/airflow/dags/isr_pipeline.py took 0.540 seconds
[2026-04-03T23:27:18.056+0000] {processor.py:161} INFO - Started process (PID=51255) to work on /opt/airflow/dags/isr_pipeline.py
[2026-04-03T23:27:18.063+0000] {processor.py:830} INFO - Processing file /opt/airflow/dags/isr_pipeline.py for tasks to queue
[2026-04-03T23:27:18.070+0000] {logging_mixin.py:188} INFO - [2026-04-03T23:27:18.068+0000] {dagbag.py:540} INFO - Filling up the DagBag from /opt/airflow/dags/isr_pipeline.py
[2026-04-03T23:27:18.168+0000] {processor.py:840} INFO - DAG(s) 'isr_pipeline' retrieved from /opt/airflow/dags/isr_pipeline.py
[2026-04-03T23:27:18.344+0000] {logging_mixin.py:188} INFO - [2026-04-03T23:27:18.343+0000] {dag.py:3096} INFO - Sync 1 DAGs
[2026-04-03T23:27:18.544+0000] {processor.py:183} INFO - Processing /opt/airflow/dags/isr_pipeline.py took 0.525 seconds
[2026-04-03T23:27:49.043+0000] {processor.py:161} INFO - Started process (PID=51260) to work on /opt/airflow/dags/isr_pipeline.py
[2026-04-03T23:27:49.051+0000] {processor.py:830} INFO - Processing file /opt/airflow/dags/isr_pipeline.py for tasks to queue
[2026-04-03T23:27:49.058+0000] {logging_mixin.py:188} INFO - [2026-04-03T23:27:49.056+0000] {dagbag.py:540} INFO - Filling up the DagBag from /opt/airflow/dags/isr_pipeline.py
[2026-04-03T23:27:49.151+0000] {processor.py:840} INFO - DAG(s) 'isr_pipeline' retrieved from /opt/airflow/dags/isr_pipeline.py
[2026-04-03T23:27:49.335+0000] {logging_mixin.py:188} INFO - [2026-04-03T23:27:49.334+0000] {dag.py:3096} INFO - Sync 1 DAGs
[2026-04-03T23:27:49.536+0000] {processor.py:183} INFO - Processing /opt/airflow/dags/isr_pipeline.py took 0.532 seconds
[2026-04-03T23:28:19.856+0000] {processor.py:161} INFO - Started process (PID=51265) to work on /opt/airflow/dags/isr_pipeline.py
[2026-04-03T23:28:19.864+0000] {processor.py:830} INFO - Processing file /opt/airflow/dags/isr_pipeline.py for tasks to queue
[2026-04-03T23:28:19.871+0000] {logging_mixin.py:188} INFO - [2026-04-03T23:28:19.869+0000] {dagbag.py:540} INFO - Filling up the DagBag from /opt/airflow/dags/isr_pipeline.py
[2026-04-03T23:28:19.963+0000] {processor.py:840} INFO - DAG(s) 'isr_pipeline' retrieved from /opt/airflow/dags/isr_pipeline.py
[2026-04-03T23:28:20.143+0000] {logging_mixin.py:188} INFO - [2026-04-03T23:28:20.142+0000] {dag.py:3096} INFO - Sync 1 DAGs
[2026-04-03T23:28:20.347+0000] {processor.py:183} INFO - Processing /opt/airflow/dags/isr_pipeline.py took 0.530 seconds
[2026-04-03T23:28:50.823+0000] {processor.py:161} INFO - Started process (PID=51270) to work on /opt/airflow/dags/isr_pipeline.py
[2026-04-03T23:28:50.831+0000] {processor.py:830} INFO - Processing file /opt/airflow/dags/isr_pipeline.py for tasks to queue
[2026-04-03T23:28:50.838+0000] {logging_mixin.py:188} INFO - [2026-04-03T23:28:50.836+0000] {dagbag.py:540} INFO - Filling up the DagBag from /opt/airflow/dags/isr_pipeline.py
[2026-04-03T23:28:50.925+0000] {processor.py:840} INFO - DAG(s) 'isr_pipeline' retrieved from /opt/airflow/dags/isr_pipeline.py
[2026-04-03T23:28:51.123+0000] {logging_mixin.py:188} INFO - [2026-04-03T23:28:51.121+0000] {dag.py:3096} INFO - Sync 1 DAGs
[2026-04-03T23:28:51.327+0000] {processor.py:183} INFO - Processing /opt/airflow/dags/isr_pipeline.py took 0.543 seconds
[2026-04-03T23:29:21.717+0000] {processor.py:161} INFO - Started process (PID=51275) to work on /opt/airflow/dags/isr_pipeline.py
[2026-04-03T23:29:21.728+0000] {processor.py:830} INFO - Processing file /opt/airflow/dags/isr_pipeline.py for tasks to queue
[2026-04-03T23:29:21.736+0000] {logging_mixin.py:188} INFO - [2026-04-03T23:29:21.734+0000] {dagbag.py:540} INFO - Filling up the DagBag from /opt/airflow/dags/isr_pipeline.py
[2026-04-03T23:29:21.822+0000] {processor.py:840} INFO - DAG(s) 'isr_pipeline' retrieved from /opt/airflow/dags/isr_pipeline.py
[2026-04-03T23:29:22.003+0000] {logging_mixin.py:188} INFO - [2026-04-03T23:29:22.002+0000] {dag.py:3096} INFO - Sync 1 DAGs
[2026-04-03T23:29:22.216+0000] {processor.py:183} INFO - Processing /opt/airflow/dags/isr_pipeline.py took 0.535 seconds
[2026-04-03T23:29:52.767+0000] {processor.py:161} INFO - Started process (PID=51280) to work on /opt/airflow/dags/isr_pipeline.py
[2026-04-03T23:29:52.774+0000] {processor.py:830} INFO - Processing file /opt/airflow/dags/isr_pipeline.py for tasks to queue
[2026-04-03T23:29:52.782+0000] {logging_mixin.py:188} INFO - [2026-04-03T23:29:52.780+0000] {dagbag.py:540} INFO - Filling up the DagBag from /opt/airflow/dags/isr_pipeline.py
[2026-04-03T23:29:52.869+0000] {processor.py:840} INFO - DAG(s) 'isr_pipeline' retrieved from /opt/airflow/dags/isr_pipeline.py
[2026-04-03T23:29:53.066+0000] {logging_mixin.py:188} INFO - [2026-04-03T23:29:53.065+0000] {dag.py:3096} INFO - Sync 1 DAGs
[2026-04-03T23:29:53.284+0000] {processor.py:183} INFO - Processing /opt/airflow/dags/isr_pipeline.py took 0.557 seconds
[2026-04-03T23:30:23.601+0000] {processor.py:161} INFO - Started process (PID=51285) to work on /opt/airflow/dags/isr_pipeline.py
[2026-04-03T23:30:23.608+0000] {processor.py:830} INFO - Processing file /opt/airflow/dags/isr_pipeline.py for tasks to queue
[2026-04-03T23:30:23.615+0000] {logging_mixin.py:188} INFO - [2026-04-03T23:30:23.613+0000] {dagbag.py:540} INFO - Filling up the DagBag from /opt/airflow/dags/isr_pipeline.py
[2026-04-03T23:30:23.705+0000] {processor.py:840} INFO - DAG(s) 'isr_pipeline' retrieved from /opt/airflow/dags/isr_pipeline.py
[2026-04-03T23:30:23.879+0000] {logging_mixin.py:188} INFO - [2026-04-03T23:30:23.878+0000] {dag.py:3096} INFO - Sync 1 DAGs
[2026-04-03T23:30:24.098+0000] {processor.py:183} INFO - Processing /opt/airflow/dags/isr_pipeline.py took 0.537 seconds
[2026-04-03T23:30:54.624+0000] {processor.py:161} INFO - Started process (PID=51290) to work on /opt/airflow/dags/isr_pipeline.py
[2026-04-03T23:30:54.632+0000] {processor.py:830} INFO - Processing file /opt/airflow/dags/isr_pipeline.py for tasks to queue
[2026-04-03T23:30:54.639+0000] {logging_mixin.py:188} INFO - [2026-04-03T23:30:54.637+0000] {dagbag.py:540} INFO - Filling up the DagBag from /opt/airflow/dags/isr_pipeline.py
[2026-04-03T23:30:54.723+0000] {processor.py:840} INFO - DAG(s) 'isr_pipeline' retrieved from /opt/airflow/dags/isr_pipeline.py
[2026-04-03T23:30:54.905+0000] {logging_mixin.py:188} INFO - [2026-04-03T23:30:54.904+0000] {dag.py:3096} INFO - Sync 1 DAGs
[2026-04-03T23:30:55.114+0000] {processor.py:183} INFO - Processing /opt/airflow/dags/isr_pipeline.py took 0.529 seconds
[2026-04-03T23:31:25.550+0000] {processor.py:161} INFO - Started process (PID=51295) to work on /opt/airflow/dags/isr_pipeline.py
[2026-04-03T23:31:25.558+0000] {processor.py:830} INFO - Processing file /opt/airflow/dags/isr_pipeline.py for tasks to queue
[2026-04-03T23:31:25.565+0000] {logging_mixin.py:188} INFO - [2026-04-03T23:31:25.563+0000] {dagbag.py:540} INFO - Filling up the DagBag from /opt/airflow/dags/isr_pipeline.py
[2026-04-03T23:31:25.668+0000] {processor.py:840} INFO - DAG(s) 'isr_pipeline' retrieved from /opt/airflow/dags/isr_pipeline.py
[2026-04-03T23:31:25.867+0000] {logging_mixin.py:188} INFO - [2026-04-03T23:31:25.866+0000] {dag.py:3096} INFO - Sync 1 DAGs
[2026-04-03T23:31:26.126+0000] {processor.py:183} INFO - Processing /opt/airflow/dags/isr_pipeline.py took 0.619 seconds
[2026-04-03T23:31:56.669+0000] {processor.py:161} INFO - Started process (PID=51300) to work on /opt/airflow/dags/isr_pipeline.py
[2026-04-03T23:31:56.676+0000] {processor.py:830} INFO - Processing file /opt/airflow/dags/isr_pipeline.py for tasks to queue
[2026-04-03T23:31:56.685+0000] {logging_mixin.py:188} INFO - [2026-04-03T23:31:56.683+0000] {dagbag.py:540} INFO - Filling up the DagBag from /opt/airflow/dags/isr_pipeline.py
[2026-04-03T23:31:56.780+0000] {processor.py:840} INFO - DAG(s) 'isr_pipeline' retrieved from /opt/airflow/dags/isr_pipeline.py
[2026-04-03T23:31:56.958+0000] {logging_mixin.py:188} INFO - [2026-04-03T23:31:56.957+0000] {dag.py:3096} INFO - Sync 1 DAGs
[2026-04-03T23:31:57.325+0000] {processor.py:183} INFO - Processing /opt/airflow/dags/isr_pipeline.py took 0.695 seconds
[2026-04-03T23:32:27.803+0000] {processor.py:161} INFO - Started process (PID=51305) to work on /opt/airflow/dags/isr_pipeline.py
[2026-04-03T23:32:27.811+0000] {processor.py:830} INFO - Processing file /opt/airflow/dags/isr_pipeline.py for tasks to queue
[2026-04-03T23:32:27.818+0000] {logging_mixin.py:188} INFO - [2026-04-03T23:32:27.816+0000] {dagbag.py:540} INFO - Filling up the DagBag from /opt/airflow/dags/isr_pipeline.py
[2026-04-03T23:32:27.904+0000] {processor.py:840} INFO - DAG(s) 'isr_pipeline' retrieved from /opt/airflow/dags/isr_pipeline.py
[2026-04-03T23:32:28.091+0000] {logging_mixin.py:188} INFO - [2026-04-03T23:32:28.089+0000] {dag.py:3096} INFO - Sync 1 DAGs
[2026-04-03T23:32:28.310+0000] {processor.py:183} INFO - Processing /opt/airflow/dags/isr_pipeline.py took 0.544 seconds
[2026-04-03T23:32:58.661+0000] {processor.py:161} INFO - Started process (PID=51310) to work on /opt/airflow/dags/isr_pipeline.py
[2026-04-03T23:32:58.669+0000] {processor.py:830} INFO - Processing file /opt/airflow/dags/isr_pipeline.py for tasks to queue
[2026-04-03T23:32:58.675+0000] {logging_mixin.py:188} INFO - [2026-04-03T23:32:58.673+0000] {dagbag.py:540} INFO - Filling up the DagBag from /opt/airflow/dags/isr_pipeline.py
[2026-04-03T23:32:58.758+0000] {processor.py:840} INFO - DAG(s) 'isr_pipeline' retrieved from /opt/airflow/dags/isr_pipeline.py
[2026-04-03T23:32:58.933+0000] {logging_mixin.py:188} INFO - [2026-04-03T23:32:58.931+0000] {dag.py:3096} INFO - Sync 1 DAGs
[2026-04-03T23:32:59.144+0000] {processor.py:183} INFO - Processing /opt/airflow/dags/isr_pipeline.py took 0.521 seconds
[2026-04-03T23:33:29.669+0000] {processor.py:161} INFO - Started process (PID=51315) to work on /opt/airflow/dags/isr_pipeline.py
[2026-04-03T23:33:29.676+0000] {processor.py:830} INFO - Processing file /opt/airflow/dags/isr_pipeline.py for tasks to queue
[2026-04-03T23:33:29.682+0000] {logging_mixin.py:188} INFO - [2026-04-03T23:33:29.681+0000] {dagbag.py:540} INFO - Filling up the DagBag from /opt/airflow/dags/isr_pipeline.py
[2026-04-03T23:33:29.766+0000] {processor.py:840} INFO - DAG(s) 'isr_pipeline' retrieved from /opt/airflow/dags/isr_pipeline.py
[2026-04-03T23:33:29.959+0000] {logging_mixin.py:188} INFO - [2026-04-03T23:33:29.957+0000] {dag.py:3096} INFO - Sync 1 DAGs
[2026-04-03T23:33:30.174+0000] {processor.py:183} INFO - Processing /opt/airflow/dags/isr_pipeline.py took 0.543 seconds
[2026-04-03T23:34:00.503+0000] {processor.py:161} INFO - Started process (PID=51320) to work on /opt/airflow/dags/isr_pipeline.py
[2026-04-03T23:34:00.511+0000] {processor.py:830} INFO - Processing file /opt/airflow/dags/isr_pipeline.py for tasks to queue
[2026-04-03T23:34:00.518+0000] {logging_mixin.py:188} INFO - [2026-04-03T23:34:00.516+0000] {dagbag.py:540} INFO - Filling up the DagBag from /opt/airflow/dags/isr_pipeline.py
[2026-04-03T23:34:00.605+0000] {processor.py:840} INFO - DAG(s) 'isr_pipeline' retrieved from /opt/airflow/dags/isr_pipeline.py
[2026-04-03T23:34:00.778+0000] {logging_mixin.py:188} INFO - [2026-04-03T23:34:00.777+0000] {dag.py:3096} INFO - Sync 1 DAGs
[2026-04-03T23:34:00.981+0000] {processor.py:183} INFO - Processing /opt/airflow/dags/isr_pipeline.py took 0.519 seconds
[2026-04-03T23:34:31.502+0000] {processor.py:161} INFO - Started process (PID=51325) to work on /opt/airflow/dags/isr_pipeline.py
[2026-04-03T23:34:31.510+0000] {processor.py:830} INFO - Processing file /opt/airflow/dags/isr_pipeline.py for tasks to queue
[2026-04-03T23:34:31.520+0000] {logging_mixin.py:188} INFO - [2026-04-03T23:34:31.518+0000] {dagbag.py:540} INFO - Filling up the DagBag from /opt/airflow/dags/isr_pipeline.py
[2026-04-03T23:34:31.610+0000] {processor.py:840} INFO - DAG(s) 'isr_pipeline' retrieved from /opt/airflow/dags/isr_pipeline.py
[2026-04-03T23:34:31.791+0000] {logging_mixin.py:188} INFO - [2026-04-03T23:34:31.790+0000] {dag.py:3096} INFO - Sync 1 DAGs
[2026-04-03T23:34:31.998+0000] {processor.py:183} INFO - Processing /opt/airflow/dags/isr_pipeline.py took 0.540 seconds
[2026-04-03T23:35:02.481+0000] {processor.py:161} INFO - Started process (PID=51330) to work on /opt/airflow/dags/isr_pipeline.py
[2026-04-03T23:35:02.488+0000] {processor.py:830} INFO - Processing file /opt/airflow/dags/isr_pipeline.py for tasks to queue
[2026-04-03T23:35:02.495+0000] {logging_mixin.py:188} INFO - [2026-04-03T23:35:02.493+0000] {dagbag.py:540} INFO - Filling up the DagBag from /opt/airflow/dags/isr_pipeline.py
[2026-04-03T23:35:02.589+0000] {processor.py:840} INFO - DAG(s) 'isr_pipeline' retrieved from /opt/airflow/dags/isr_pipeline.py
[2026-04-03T23:35:02.770+0000] {logging_mixin.py:188} INFO - [2026-04-03T23:35:02.769+0000] {dag.py:3096} INFO - Sync 1 DAGs
[2026-04-03T23:35:02.975+0000] {processor.py:183} INFO - Processing /opt/airflow/dags/isr_pipeline.py took 0.530 seconds
[2026-04-03T23:35:33.433+0000] {processor.py:161} INFO - Started process (PID=51335) to work on /opt/airflow/dags/isr_pipeline.py
[2026-04-03T23:35:33.440+0000] {processor.py:830} INFO - Processing file /opt/airflow/dags/isr_pipeline.py for tasks to queue
[2026-04-03T23:35:33.448+0000] {logging_mixin.py:188} INFO - [2026-04-03T23:35:33.446+0000] {dagbag.py:540} INFO - Filling up the DagBag from /opt/airflow/dags/isr_pipeline.py
[2026-04-03T23:35:33.532+0000] {processor.py:840} INFO - DAG(s) 'isr_pipeline' retrieved from /opt/airflow/dags/isr_pipeline.py
[2026-04-03T23:35:33.713+0000] {logging_mixin.py:188} INFO - [2026-04-03T23:35:33.711+0000] {dag.py:3096} INFO - Sync 1 DAGs
[2026-04-03T23:35:33.909+0000] {processor.py:183} INFO - Processing /opt/airflow/dags/isr_pipeline.py took 0.516 seconds
[2026-04-03T23:36:04.209+0000] {processor.py:161} INFO - Started process (PID=51340) to work on /opt/airflow/dags/isr_pipeline.py
[2026-04-03T23:36:04.217+0000] {processor.py:830} INFO - Processing file /opt/airflow/dags/isr_pipeline.py for tasks to queue
[2026-04-03T23:36:04.224+0000] {logging_mixin.py:188} INFO - [2026-04-03T23:36:04.222+0000] {dagbag.py:540} INFO - Filling up the DagBag from /opt/airflow/dags/isr_pipeline.py
[2026-04-03T23:36:04.311+0000] {processor.py:840} INFO - DAG(s) 'isr_pipeline' retrieved from /opt/airflow/dags/isr_pipeline.py
[2026-04-03T23:36:04.487+0000] {logging_mixin.py:188} INFO - [2026-04-03T23:36:04.486+0000] {dag.py:3096} INFO - Sync 1 DAGs
[2026-04-03T23:36:04.684+0000] {processor.py:183} INFO - Processing /opt/airflow/dags/isr_pipeline.py took 0.514 seconds
[2026-04-03T23:36:35.177+0000] {processor.py:161} INFO - Started process (PID=51345) to work on /opt/airflow/dags/isr_pipeline.py
[2026-04-03T23:36:35.185+0000] {processor.py:830} INFO - Processing file /opt/airflow/dags/isr_pipeline.py for tasks to queue
[2026-04-03T23:36:35.192+0000] {logging_mixin.py:188} INFO - [2026-04-03T23:36:35.190+0000] {dagbag.py:540} INFO - Filling up the DagBag from /opt/airflow/dags/isr_pipeline.py
[2026-04-03T23:36:35.283+0000] {processor.py:840} INFO - DAG(s) 'isr_pipeline' retrieved from /opt/airflow/dags/isr_pipeline.py
[2026-04-03T23:36:35.479+0000] {logging_mixin.py:188} INFO - [2026-04-03T23:36:35.477+0000] {dag.py:3096} INFO - Sync 1 DAGs
[2026-04-03T23:36:35.687+0000] {processor.py:183} INFO - Processing /opt/airflow/dags/isr_pipeline.py took 0.549 seconds
[2026-04-03T23:37:06.380+0000] {processor.py:161} INFO - Started process (PID=51350) to work on /opt/airflow/dags/isr_pipeline.py
[2026-04-03T23:37:06.387+0000] {processor.py:830} INFO - Processing file /opt/airflow/dags/isr_pipeline.py for tasks to queue
[2026-04-03T23:37:06.395+0000] {logging_mixin.py:188} INFO - [2026-04-03T23:37:06.392+0000] {dagbag.py:540} INFO - Filling up the DagBag from /opt/airflow/dags/isr_pipeline.py
[2026-04-03T23:37:06.494+0000] {processor.py:840} INFO - DAG(s) 'isr_pipeline' retrieved from /opt/airflow/dags/isr_pipeline.py
[2026-04-03T23:37:06.686+0000] {logging_mixin.py:188} INFO - [2026-04-03T23:37:06.685+0000] {dag.py:3096} INFO - Sync 1 DAGs
[2026-04-03T23:37:06.899+0000] {processor.py:183} INFO - Processing /opt/airflow/dags/isr_pipeline.py took 0.556 seconds
[2026-04-03T23:37:37.482+0000] {processor.py:161} INFO - Started process (PID=51355) to work on /opt/airflow/dags/isr_pipeline.py
[2026-04-03T23:37:37.489+0000] {processor.py:830} INFO - Processing file /opt/airflow/dags/isr_pipeline.py for tasks to queue
[2026-04-03T23:37:37.496+0000] {logging_mixin.py:188} INFO - [2026-04-03T23:37:37.494+0000] {dagbag.py:540} INFO - Filling up the DagBag from /opt/airflow/dags/isr_pipeline.py
[2026-04-03T23:37:37.593+0000] {processor.py:840} INFO - DAG(s) 'isr_pipeline' retrieved from /opt/airflow/dags/isr_pipeline.py
[2026-04-03T23:37:37.770+0000] {logging_mixin.py:188} INFO - [2026-04-03T23:37:37.769+0000] {dag.py:3096} INFO - Sync 1 DAGs
[2026-04-03T23:37:37.976+0000] {processor.py:183} INFO - Processing /opt/airflow/dags/isr_pipeline.py took 0.530 seconds
[2026-04-03T23:38:08.534+0000] {processor.py:161} INFO - Started process (PID=51360) to work on /opt/airflow/dags/isr_pipeline.py
[2026-04-03T23:38:08.542+0000] {processor.py:830} INFO - Processing file /opt/airflow/dags/isr_pipeline.py for tasks to queue
[2026-04-03T23:38:08.549+0000] {logging_mixin.py:188} INFO - [2026-04-03T23:38:08.547+0000] {dagbag.py:540} INFO - Filling up the DagBag from /opt/airflow/dags/isr_pipeline.py
[2026-04-03T23:38:08.638+0000] {processor.py:840} INFO - DAG(s) 'isr_pipeline' retrieved from /opt/airflow/dags/isr_pipeline.py
[2026-04-03T23:38:08.817+0000] {logging_mixin.py:188} INFO - [2026-04-03T23:38:08.816+0000] {dag.py:3096} INFO - Sync 1 DAGs
[2026-04-03T23:38:09.022+0000] {processor.py:183} INFO - Processing /opt/airflow/dags/isr_pipeline.py took 0.527 seconds
[2026-04-03T23:38:39.512+0000] {processor.py:161} INFO - Started process (PID=51365) to work on /opt/airflow/dags/isr_pipeline.py
[2026-04-03T23:38:39.520+0000] {processor.py:830} INFO - Processing file /opt/airflow/dags/isr_pipeline.py for tasks to queue
[2026-04-03T23:38:39.527+0000] {logging_mixin.py:188} INFO - [2026-04-03T23:38:39.525+0000] {dagbag.py:540} INFO - Filling up the DagBag from /opt/airflow/dags/isr_pipeline.py
[2026-04-03T23:38:39.615+0000] {processor.py:840} INFO - DAG(s) 'isr_pipeline' retrieved from /opt/airflow/dags/isr_pipeline.py
[2026-04-03T23:38:39.795+0000] {logging_mixin.py:188} INFO - [2026-04-03T23:38:39.794+0000] {dag.py:3096} INFO - Sync 1 DAGs
[2026-04-03T23:38:40.001+0000] {processor.py:183} INFO - Processing /opt/airflow/dags/isr_pipeline.py took 0.528 seconds
[2026-04-03T23:39:10.527+0000] {processor.py:161} INFO - Started process (PID=51370) to work on /opt/airflow/dags/isr_pipeline.py
[2026-04-03T23:39:10.534+0000] {processor.py:830} INFO - Processing file /opt/airflow/dags/isr_pipeline.py for tasks to queue
[2026-04-03T23:39:10.541+0000] {logging_mixin.py:188} INFO - [2026-04-03T23:39:10.539+0000] {dagbag.py:540} INFO - Filling up the DagBag from /opt/airflow/dags/isr_pipeline.py
[2026-04-03T23:39:10.629+0000] {processor.py:840} INFO - DAG(s) 'isr_pipeline' retrieved from /opt/airflow/dags/isr_pipeline.py
[2026-04-03T23:39:10.807+0000] {logging_mixin.py:188} INFO - [2026-04-03T23:39:10.806+0000] {dag.py:3096} INFO - Sync 1 DAGs
[2026-04-03T23:39:11.031+0000] {processor.py:183} INFO - Processing /opt/airflow/dags/isr_pipeline.py took 0.544 seconds
[2026-04-03T23:39:41.555+0000] {processor.py:161} INFO - Started process (PID=51375) to work on /opt/airflow/dags/isr_pipeline.py
[2026-04-03T23:39:41.564+0000] {processor.py:830} INFO - Processing file /opt/airflow/dags/isr_pipeline.py for tasks to queue
[2026-04-03T23:39:41.571+0000] {logging_mixin.py:188} INFO - [2026-04-03T23:39:41.569+0000] {dagbag.py:540} INFO - Filling up the DagBag from /opt/airflow/dags/isr_pipeline.py
[2026-04-03T23:39:41.659+0000] {processor.py:840} INFO - DAG(s) 'isr_pipeline' retrieved from /opt/airflow/dags/isr_pipeline.py
[2026-04-03T23:39:41.839+0000] {logging_mixin.py:188} INFO - [2026-04-03T23:39:41.838+0000] {dag.py:3096} INFO - Sync 1 DAGs
[2026-04-03T23:39:42.044+0000] {processor.py:183} INFO - Processing /opt/airflow/dags/isr_pipeline.py took 0.528 seconds
[2026-04-03T23:40:12.697+0000] {processor.py:161} INFO - Started process (PID=51380) to work on /opt/airflow/dags/isr_pipeline.py
[2026-04-03T23:40:12.703+0000] {processor.py:830} INFO - Processing file /opt/airflow/dags/isr_pipeline.py for tasks to queue
[2026-04-03T23:40:12.710+0000] {logging_mixin.py:188} INFO - [2026-04-03T23:40:12.708+0000] {dagbag.py:540} INFO - Filling up the DagBag from /opt/airflow/dags/isr_pipeline.py
[2026-04-03T23:40:12.794+0000] {processor.py:840} INFO - DAG(s) 'isr_pipeline' retrieved from /opt/airflow/dags/isr_pipeline.py
[2026-04-03T23:40:12.969+0000] {logging_mixin.py:188} INFO - [2026-04-03T23:40:12.968+0000] {dag.py:3096} INFO - Sync 1 DAGs
[2026-04-03T23:40:13.174+0000] {processor.py:183} INFO - Processing /opt/airflow/dags/isr_pipeline.py took 0.512 seconds
[2026-04-03T23:40:43.695+0000] {processor.py:161} INFO - Started process (PID=51385) to work on /opt/airflow/dags/isr_pipeline.py
[2026-04-03T23:40:43.702+0000] {processor.py:830} INFO - Processing file /opt/airflow/dags/isr_pipeline.py for tasks to queue
[2026-04-03T23:40:43.709+0000] {logging_mixin.py:188} INFO - [2026-04-03T23:40:43.707+0000] {dagbag.py:540} INFO - Filling up the DagBag from /opt/airflow/dags/isr_pipeline.py
[2026-04-03T23:40:43.796+0000] {processor.py:840} INFO - DAG(s) 'isr_pipeline' retrieved from /opt/airflow/dags/isr_pipeline.py
[2026-04-03T23:40:43.985+0000] {logging_mixin.py:188} INFO - [2026-04-03T23:40:43.984+0000] {dag.py:3096} INFO - Sync 1 DAGs
[2026-04-03T23:40:44.175+0000] {processor.py:183} INFO - Processing /opt/airflow/dags/isr_pipeline.py took 0.538 seconds
[2026-04-03T23:41:14.394+0000] {processor.py:161} INFO - Started process (PID=51390) to work on /opt/airflow/dags/isr_pipeline.py
[2026-04-03T23:41:14.402+0000] {processor.py:830} INFO - Processing file /opt/airflow/dags/isr_pipeline.py for tasks to queue
[2026-04-03T23:41:14.408+0000] {logging_mixin.py:188} INFO - [2026-04-03T23:41:14.407+0000] {dagbag.py:540} INFO - Filling up the DagBag from /opt/airflow/dags/isr_pipeline.py
[2026-04-03T23:41:14.492+0000] {processor.py:840} INFO - DAG(s) 'isr_pipeline' retrieved from /opt/airflow/dags/isr_pipeline.py
[2026-04-03T23:41:14.677+0000] {logging_mixin.py:188} INFO - [2026-04-03T23:41:14.676+0000] {dag.py:3096} INFO - Sync 1 DAGs
[2026-04-03T23:41:14.870+0000] {processor.py:183} INFO - Processing /opt/airflow/dags/isr_pipeline.py took 0.520 seconds
[2026-04-03T23:41:45.418+0000] {processor.py:161} INFO - Started process (PID=51395) to work on /opt/airflow/dags/isr_pipeline.py
[2026-04-03T23:41:45.425+0000] {processor.py:830} INFO - Processing file /opt/airflow/dags/isr_pipeline.py for tasks to queue
[2026-04-03T23:41:45.433+0000] {logging_mixin.py:188} INFO - [2026-04-03T23:41:45.431+0000] {dagbag.py:540} INFO - Filling up the DagBag from /opt/airflow/dags/isr_pipeline.py
[2026-04-03T23:41:45.523+0000] {processor.py:840} INFO - DAG(s) 'isr_pipeline' retrieved from /opt/airflow/dags/isr_pipeline.py
[2026-04-03T23:41:45.705+0000] {logging_mixin.py:188} INFO - [2026-04-03T23:41:45.704+0000] {dag.py:3096} INFO - Sync 1 DAGs
[2026-04-03T23:41:45.909+0000] {processor.py:183} INFO - Processing /opt/airflow/dags/isr_pipeline.py took 0.529 seconds
