[2026-04-01T00:03:54.639+0000] {processor.py:161} INFO - Started process (PID=39611) to work on /opt/airflow/dags/isr_pipeline.py
[2026-04-01T00:03:54.641+0000] {processor.py:830} INFO - Processing file /opt/airflow/dags/isr_pipeline.py for tasks to queue
[2026-04-01T00:03:54.642+0000] {logging_mixin.py:188} INFO - [2026-04-01T00:03:54.642+0000] {dagbag.py:540} INFO - Filling up the DagBag from /opt/airflow/dags/isr_pipeline.py
[2026-04-01T00:03:54.692+0000] {processor.py:840} INFO - DAG(s) 'isr_pipeline' retrieved from /opt/airflow/dags/isr_pipeline.py
[2026-04-01T00:03:54.738+0000] {logging_mixin.py:188} INFO - [2026-04-01T00:03:54.738+0000] {dag.py:3096} INFO - Sync 1 DAGs
[2026-04-01T00:03:54.794+0000] {processor.py:183} INFO - Processing /opt/airflow/dags/isr_pipeline.py took 0.167 seconds
[2026-04-01T00:04:25.186+0000] {processor.py:161} INFO - Started process (PID=39616) to work on /opt/airflow/dags/isr_pipeline.py
[2026-04-01T00:04:25.193+0000] {processor.py:830} INFO - Processing file /opt/airflow/dags/isr_pipeline.py for tasks to queue
[2026-04-01T00:04:25.201+0000] {logging_mixin.py:188} INFO - [2026-04-01T00:04:25.199+0000] {dagbag.py:540} INFO - Filling up the DagBag from /opt/airflow/dags/isr_pipeline.py
[2026-04-01T00:04:25.301+0000] {processor.py:840} INFO - DAG(s) 'isr_pipeline' retrieved from /opt/airflow/dags/isr_pipeline.py
[2026-04-01T00:04:25.487+0000] {logging_mixin.py:188} INFO - [2026-04-01T00:04:25.486+0000] {dag.py:3096} INFO - Sync 1 DAGs
[2026-04-01T00:04:25.693+0000] {processor.py:183} INFO - Processing /opt/airflow/dags/isr_pipeline.py took 0.546 seconds
[2026-04-01T00:22:12.435+0000] {processor.py:161} INFO - Started process (PID=39622) to work on /opt/airflow/dags/isr_pipeline.py
[2026-04-01T00:22:12.437+0000] {processor.py:830} INFO - Processing file /opt/airflow/dags/isr_pipeline.py for tasks to queue
[2026-04-01T00:22:12.439+0000] {logging_mixin.py:188} INFO - [2026-04-01T00:22:12.438+0000] {dagbag.py:540} INFO - Filling up the DagBag from /opt/airflow/dags/isr_pipeline.py
[2026-04-01T00:22:12.460+0000] {processor.py:840} INFO - DAG(s) 'isr_pipeline' retrieved from /opt/airflow/dags/isr_pipeline.py
[2026-04-01T00:22:12.502+0000] {logging_mixin.py:188} INFO - [2026-04-01T00:22:12.502+0000] {dag.py:3096} INFO - Sync 1 DAGs
[2026-04-01T00:22:12.691+0000] {processor.py:183} INFO - Processing /opt/airflow/dags/isr_pipeline.py took 0.268 seconds
[2026-04-01T00:22:43.050+0000] {processor.py:161} INFO - Started process (PID=39627) to work on /opt/airflow/dags/isr_pipeline.py
[2026-04-01T00:22:43.059+0000] {processor.py:830} INFO - Processing file /opt/airflow/dags/isr_pipeline.py for tasks to queue
[2026-04-01T00:22:43.067+0000] {logging_mixin.py:188} INFO - [2026-04-01T00:22:43.065+0000] {dagbag.py:540} INFO - Filling up the DagBag from /opt/airflow/dags/isr_pipeline.py
[2026-04-01T00:22:43.178+0000] {processor.py:840} INFO - DAG(s) 'isr_pipeline' retrieved from /opt/airflow/dags/isr_pipeline.py
[2026-04-01T00:22:43.381+0000] {logging_mixin.py:188} INFO - [2026-04-01T00:22:43.379+0000] {dag.py:3096} INFO - Sync 1 DAGs
[2026-04-01T00:22:43.602+0000] {processor.py:183} INFO - Processing /opt/airflow/dags/isr_pipeline.py took 0.598 seconds
[2026-04-01T00:23:14.642+0000] {processor.py:161} INFO - Started process (PID=39632) to work on /opt/airflow/dags/isr_pipeline.py
[2026-04-01T00:23:14.644+0000] {processor.py:830} INFO - Processing file /opt/airflow/dags/isr_pipeline.py for tasks to queue
[2026-04-01T00:23:14.645+0000] {logging_mixin.py:188} INFO - [2026-04-01T00:23:14.645+0000] {dagbag.py:540} INFO - Filling up the DagBag from /opt/airflow/dags/isr_pipeline.py
[2026-04-01T00:23:14.663+0000] {processor.py:840} INFO - DAG(s) 'isr_pipeline' retrieved from /opt/airflow/dags/isr_pipeline.py
[2026-04-01T00:23:14.700+0000] {logging_mixin.py:188} INFO - [2026-04-01T00:23:14.699+0000] {dag.py:3096} INFO - Sync 1 DAGs
[2026-04-01T00:23:14.743+0000] {processor.py:183} INFO - Processing /opt/airflow/dags/isr_pipeline.py took 0.109 seconds
[2026-04-01T00:23:45.185+0000] {processor.py:161} INFO - Started process (PID=39637) to work on /opt/airflow/dags/isr_pipeline.py
[2026-04-01T00:23:45.199+0000] {processor.py:830} INFO - Processing file /opt/airflow/dags/isr_pipeline.py for tasks to queue
[2026-04-01T00:23:45.216+0000] {logging_mixin.py:188} INFO - [2026-04-01T00:23:45.213+0000] {dagbag.py:540} INFO - Filling up the DagBag from /opt/airflow/dags/isr_pipeline.py
[2026-04-01T00:23:45.361+0000] {processor.py:840} INFO - DAG(s) 'isr_pipeline' retrieved from /opt/airflow/dags/isr_pipeline.py
[2026-04-01T00:23:45.700+0000] {logging_mixin.py:188} INFO - [2026-04-01T00:23:45.698+0000] {dag.py:3096} INFO - Sync 1 DAGs
[2026-04-01T00:23:45.963+0000] {processor.py:183} INFO - Processing /opt/airflow/dags/isr_pipeline.py took 0.840 seconds
[2026-04-01T00:39:38.119+0000] {processor.py:161} INFO - Started process (PID=39648) to work on /opt/airflow/dags/isr_pipeline.py
[2026-04-01T00:39:38.121+0000] {processor.py:830} INFO - Processing file /opt/airflow/dags/isr_pipeline.py for tasks to queue
[2026-04-01T00:39:38.123+0000] {logging_mixin.py:188} INFO - [2026-04-01T00:39:38.122+0000] {dagbag.py:540} INFO - Filling up the DagBag from /opt/airflow/dags/isr_pipeline.py
[2026-04-01T00:39:38.139+0000] {processor.py:840} INFO - DAG(s) 'isr_pipeline' retrieved from /opt/airflow/dags/isr_pipeline.py
[2026-04-01T00:39:38.185+0000] {logging_mixin.py:188} INFO - [2026-04-01T00:39:38.185+0000] {dag.py:3096} INFO - Sync 1 DAGs
[2026-04-01T00:39:38.231+0000] {processor.py:183} INFO - Processing /opt/airflow/dags/isr_pipeline.py took 0.119 seconds
[2026-04-01T00:40:08.517+0000] {processor.py:161} INFO - Started process (PID=39653) to work on /opt/airflow/dags/isr_pipeline.py
[2026-04-01T00:40:08.523+0000] {processor.py:830} INFO - Processing file /opt/airflow/dags/isr_pipeline.py for tasks to queue
[2026-04-01T00:40:08.531+0000] {logging_mixin.py:188} INFO - [2026-04-01T00:40:08.529+0000] {dagbag.py:540} INFO - Filling up the DagBag from /opt/airflow/dags/isr_pipeline.py
[2026-04-01T00:40:08.628+0000] {processor.py:840} INFO - DAG(s) 'isr_pipeline' retrieved from /opt/airflow/dags/isr_pipeline.py
[2026-04-01T00:40:08.831+0000] {logging_mixin.py:188} INFO - [2026-04-01T00:40:08.830+0000] {dag.py:3096} INFO - Sync 1 DAGs
[2026-04-01T00:40:09.053+0000] {processor.py:183} INFO - Processing /opt/airflow/dags/isr_pipeline.py took 0.577 seconds
[2026-04-01T00:55:53.642+0000] {processor.py:161} INFO - Started process (PID=39660) to work on /opt/airflow/dags/isr_pipeline.py
[2026-04-01T00:55:53.644+0000] {processor.py:830} INFO - Processing file /opt/airflow/dags/isr_pipeline.py for tasks to queue
[2026-04-01T00:55:53.646+0000] {logging_mixin.py:188} INFO - [2026-04-01T00:55:53.646+0000] {dagbag.py:540} INFO - Filling up the DagBag from /opt/airflow/dags/isr_pipeline.py
[2026-04-01T00:55:53.667+0000] {processor.py:840} INFO - DAG(s) 'isr_pipeline' retrieved from /opt/airflow/dags/isr_pipeline.py
[2026-04-01T00:55:53.707+0000] {logging_mixin.py:188} INFO - [2026-04-01T00:55:53.707+0000] {dag.py:3096} INFO - Sync 1 DAGs
[2026-04-01T00:55:53.752+0000] {processor.py:183} INFO - Processing /opt/airflow/dags/isr_pipeline.py took 0.126 seconds
[2026-04-01T00:56:24.007+0000] {processor.py:161} INFO - Started process (PID=39665) to work on /opt/airflow/dags/isr_pipeline.py
[2026-04-01T00:56:24.014+0000] {processor.py:830} INFO - Processing file /opt/airflow/dags/isr_pipeline.py for tasks to queue
[2026-04-01T00:56:24.022+0000] {logging_mixin.py:188} INFO - [2026-04-01T00:56:24.020+0000] {dagbag.py:540} INFO - Filling up the DagBag from /opt/airflow/dags/isr_pipeline.py
[2026-04-01T00:56:24.111+0000] {processor.py:840} INFO - DAG(s) 'isr_pipeline' retrieved from /opt/airflow/dags/isr_pipeline.py
[2026-04-01T00:56:24.294+0000] {logging_mixin.py:188} INFO - [2026-04-01T00:56:24.293+0000] {dag.py:3096} INFO - Sync 1 DAGs
[2026-04-01T00:56:24.514+0000] {processor.py:183} INFO - Processing /opt/airflow/dags/isr_pipeline.py took 0.542 seconds
[2026-04-01T00:56:55.027+0000] {processor.py:161} INFO - Started process (PID=39670) to work on /opt/airflow/dags/isr_pipeline.py
[2026-04-01T00:56:55.035+0000] {processor.py:830} INFO - Processing file /opt/airflow/dags/isr_pipeline.py for tasks to queue
[2026-04-01T00:56:55.046+0000] {logging_mixin.py:188} INFO - [2026-04-01T00:56:55.044+0000] {dagbag.py:540} INFO - Filling up the DagBag from /opt/airflow/dags/isr_pipeline.py
[2026-04-01T00:56:55.140+0000] {processor.py:840} INFO - DAG(s) 'isr_pipeline' retrieved from /opt/airflow/dags/isr_pipeline.py
[2026-04-01T00:56:55.324+0000] {logging_mixin.py:188} INFO - [2026-04-01T00:56:55.323+0000] {dag.py:3096} INFO - Sync 1 DAGs
[2026-04-01T00:56:55.536+0000] {processor.py:183} INFO - Processing /opt/airflow/dags/isr_pipeline.py took 0.555 seconds
[2026-04-01T00:57:26.195+0000] {processor.py:161} INFO - Started process (PID=39675) to work on /opt/airflow/dags/isr_pipeline.py
[2026-04-01T00:57:26.206+0000] {processor.py:830} INFO - Processing file /opt/airflow/dags/isr_pipeline.py for tasks to queue
[2026-04-01T00:57:26.218+0000] {logging_mixin.py:188} INFO - [2026-04-01T00:57:26.215+0000] {dagbag.py:540} INFO - Filling up the DagBag from /opt/airflow/dags/isr_pipeline.py
[2026-04-01T00:57:26.347+0000] {processor.py:840} INFO - DAG(s) 'isr_pipeline' retrieved from /opt/airflow/dags/isr_pipeline.py
[2026-04-01T00:57:26.560+0000] {logging_mixin.py:188} INFO - [2026-04-01T00:57:26.558+0000] {dag.py:3096} INFO - Sync 1 DAGs
[2026-04-01T00:57:26.871+0000] {processor.py:183} INFO - Processing /opt/airflow/dags/isr_pipeline.py took 0.739 seconds
[2026-04-01T00:57:57.515+0000] {processor.py:161} INFO - Started process (PID=39680) to work on /opt/airflow/dags/isr_pipeline.py
[2026-04-01T00:57:57.522+0000] {processor.py:830} INFO - Processing file /opt/airflow/dags/isr_pipeline.py for tasks to queue
[2026-04-01T00:57:57.542+0000] {logging_mixin.py:188} INFO - [2026-04-01T00:57:57.540+0000] {dagbag.py:540} INFO - Filling up the DagBag from /opt/airflow/dags/isr_pipeline.py
[2026-04-01T00:57:57.635+0000] {processor.py:840} INFO - DAG(s) 'isr_pipeline' retrieved from /opt/airflow/dags/isr_pipeline.py
[2026-04-01T00:57:57.820+0000] {logging_mixin.py:188} INFO - [2026-04-01T00:57:57.819+0000] {dag.py:3096} INFO - Sync 1 DAGs
[2026-04-01T00:57:58.067+0000] {processor.py:183} INFO - Processing /opt/airflow/dags/isr_pipeline.py took 0.591 seconds
[2026-04-01T00:58:28.732+0000] {processor.py:161} INFO - Started process (PID=39685) to work on /opt/airflow/dags/isr_pipeline.py
[2026-04-01T00:58:28.739+0000] {processor.py:830} INFO - Processing file /opt/airflow/dags/isr_pipeline.py for tasks to queue
[2026-04-01T00:58:28.747+0000] {logging_mixin.py:188} INFO - [2026-04-01T00:58:28.745+0000] {dagbag.py:540} INFO - Filling up the DagBag from /opt/airflow/dags/isr_pipeline.py
[2026-04-01T00:58:28.841+0000] {processor.py:840} INFO - DAG(s) 'isr_pipeline' retrieved from /opt/airflow/dags/isr_pipeline.py
[2026-04-01T00:58:29.029+0000] {logging_mixin.py:188} INFO - [2026-04-01T00:58:29.027+0000] {dag.py:3096} INFO - Sync 1 DAGs
[2026-04-01T00:58:29.247+0000] {processor.py:183} INFO - Processing /opt/airflow/dags/isr_pipeline.py took 0.556 seconds
[2026-04-01T00:58:59.769+0000] {processor.py:161} INFO - Started process (PID=39690) to work on /opt/airflow/dags/isr_pipeline.py
[2026-04-01T00:58:59.778+0000] {processor.py:830} INFO - Processing file /opt/airflow/dags/isr_pipeline.py for tasks to queue
[2026-04-01T00:58:59.786+0000] {logging_mixin.py:188} INFO - [2026-04-01T00:58:59.784+0000] {dagbag.py:540} INFO - Filling up the DagBag from /opt/airflow/dags/isr_pipeline.py
[2026-04-01T00:58:59.876+0000] {processor.py:840} INFO - DAG(s) 'isr_pipeline' retrieved from /opt/airflow/dags/isr_pipeline.py
[2026-04-01T00:59:00.064+0000] {logging_mixin.py:188} INFO - [2026-04-01T00:59:00.063+0000] {dag.py:3096} INFO - Sync 1 DAGs
[2026-04-01T00:59:00.287+0000] {processor.py:183} INFO - Processing /opt/airflow/dags/isr_pipeline.py took 0.557 seconds
[2026-04-01T00:59:30.709+0000] {processor.py:161} INFO - Started process (PID=39695) to work on /opt/airflow/dags/isr_pipeline.py
[2026-04-01T00:59:30.717+0000] {processor.py:830} INFO - Processing file /opt/airflow/dags/isr_pipeline.py for tasks to queue
[2026-04-01T00:59:30.726+0000] {logging_mixin.py:188} INFO - [2026-04-01T00:59:30.724+0000] {dagbag.py:540} INFO - Filling up the DagBag from /opt/airflow/dags/isr_pipeline.py
[2026-04-01T00:59:30.814+0000] {processor.py:840} INFO - DAG(s) 'isr_pipeline' retrieved from /opt/airflow/dags/isr_pipeline.py
[2026-04-01T00:59:30.992+0000] {logging_mixin.py:188} INFO - [2026-04-01T00:59:30.991+0000] {dag.py:3096} INFO - Sync 1 DAGs
[2026-04-01T00:59:31.199+0000] {processor.py:183} INFO - Processing /opt/airflow/dags/isr_pipeline.py took 0.529 seconds
[2026-04-01T01:00:01.721+0000] {processor.py:161} INFO - Started process (PID=39700) to work on /opt/airflow/dags/isr_pipeline.py
[2026-04-01T01:00:01.731+0000] {processor.py:830} INFO - Processing file /opt/airflow/dags/isr_pipeline.py for tasks to queue
[2026-04-01T01:00:01.738+0000] {logging_mixin.py:188} INFO - [2026-04-01T01:00:01.736+0000] {dagbag.py:540} INFO - Filling up the DagBag from /opt/airflow/dags/isr_pipeline.py
[2026-04-01T01:00:01.827+0000] {processor.py:840} INFO - DAG(s) 'isr_pipeline' retrieved from /opt/airflow/dags/isr_pipeline.py
[2026-04-01T01:00:02.013+0000] {logging_mixin.py:188} INFO - [2026-04-01T01:00:02.012+0000] {dag.py:3096} INFO - Sync 1 DAGs
[2026-04-01T01:00:02.233+0000] {processor.py:183} INFO - Processing /opt/airflow/dags/isr_pipeline.py took 0.551 seconds
[2026-04-01T01:00:32.539+0000] {processor.py:161} INFO - Started process (PID=39705) to work on /opt/airflow/dags/isr_pipeline.py
[2026-04-01T01:00:32.548+0000] {processor.py:830} INFO - Processing file /opt/airflow/dags/isr_pipeline.py for tasks to queue
[2026-04-01T01:00:32.555+0000] {logging_mixin.py:188} INFO - [2026-04-01T01:00:32.553+0000] {dagbag.py:540} INFO - Filling up the DagBag from /opt/airflow/dags/isr_pipeline.py
[2026-04-01T01:00:32.643+0000] {processor.py:840} INFO - DAG(s) 'isr_pipeline' retrieved from /opt/airflow/dags/isr_pipeline.py
[2026-04-01T01:00:32.830+0000] {logging_mixin.py:188} INFO - [2026-04-01T01:00:32.829+0000] {dag.py:3096} INFO - Sync 1 DAGs
[2026-04-01T01:00:33.101+0000] {processor.py:183} INFO - Processing /opt/airflow/dags/isr_pipeline.py took 0.602 seconds
[2026-04-01T01:01:03.871+0000] {processor.py:161} INFO - Started process (PID=39710) to work on /opt/airflow/dags/isr_pipeline.py
[2026-04-01T01:01:03.879+0000] {processor.py:830} INFO - Processing file /opt/airflow/dags/isr_pipeline.py for tasks to queue
[2026-04-01T01:01:03.887+0000] {logging_mixin.py:188} INFO - [2026-04-01T01:01:03.886+0000] {dagbag.py:540} INFO - Filling up the DagBag from /opt/airflow/dags/isr_pipeline.py
[2026-04-01T01:01:03.983+0000] {processor.py:840} INFO - DAG(s) 'isr_pipeline' retrieved from /opt/airflow/dags/isr_pipeline.py
[2026-04-01T01:01:04.205+0000] {logging_mixin.py:188} INFO - [2026-04-01T01:01:04.204+0000] {dag.py:3096} INFO - Sync 1 DAGs
[2026-04-01T01:01:04.477+0000] {processor.py:183} INFO - Processing /opt/airflow/dags/isr_pipeline.py took 0.649 seconds
[2026-04-01T01:01:35.264+0000] {processor.py:161} INFO - Started process (PID=39715) to work on /opt/airflow/dags/isr_pipeline.py
[2026-04-01T01:01:35.275+0000] {processor.py:830} INFO - Processing file /opt/airflow/dags/isr_pipeline.py for tasks to queue
[2026-04-01T01:01:35.289+0000] {logging_mixin.py:188} INFO - [2026-04-01T01:01:35.286+0000] {dagbag.py:540} INFO - Filling up the DagBag from /opt/airflow/dags/isr_pipeline.py
[2026-04-01T01:01:35.419+0000] {processor.py:840} INFO - DAG(s) 'isr_pipeline' retrieved from /opt/airflow/dags/isr_pipeline.py
[2026-04-01T01:01:35.620+0000] {logging_mixin.py:188} INFO - [2026-04-01T01:01:35.619+0000] {dag.py:3096} INFO - Sync 1 DAGs
[2026-04-01T01:01:35.922+0000] {processor.py:183} INFO - Processing /opt/airflow/dags/isr_pipeline.py took 0.699 seconds
[2026-04-01T01:02:06.501+0000] {processor.py:161} INFO - Started process (PID=39720) to work on /opt/airflow/dags/isr_pipeline.py
[2026-04-01T01:02:06.509+0000] {processor.py:830} INFO - Processing file /opt/airflow/dags/isr_pipeline.py for tasks to queue
[2026-04-01T01:02:06.517+0000] {logging_mixin.py:188} INFO - [2026-04-01T01:02:06.515+0000] {dagbag.py:540} INFO - Filling up the DagBag from /opt/airflow/dags/isr_pipeline.py
[2026-04-01T01:02:06.617+0000] {processor.py:840} INFO - DAG(s) 'isr_pipeline' retrieved from /opt/airflow/dags/isr_pipeline.py
[2026-04-01T01:02:06.811+0000] {logging_mixin.py:188} INFO - [2026-04-01T01:02:06.810+0000] {dag.py:3096} INFO - Sync 1 DAGs
[2026-04-01T01:02:07.019+0000] {processor.py:183} INFO - Processing /opt/airflow/dags/isr_pipeline.py took 0.566 seconds
[2026-04-01T01:02:37.345+0000] {processor.py:161} INFO - Started process (PID=39725) to work on /opt/airflow/dags/isr_pipeline.py
[2026-04-01T01:02:37.353+0000] {processor.py:830} INFO - Processing file /opt/airflow/dags/isr_pipeline.py for tasks to queue
[2026-04-01T01:02:37.361+0000] {logging_mixin.py:188} INFO - [2026-04-01T01:02:37.359+0000] {dagbag.py:540} INFO - Filling up the DagBag from /opt/airflow/dags/isr_pipeline.py
[2026-04-01T01:02:37.470+0000] {processor.py:840} INFO - DAG(s) 'isr_pipeline' retrieved from /opt/airflow/dags/isr_pipeline.py
[2026-04-01T01:02:37.662+0000] {logging_mixin.py:188} INFO - [2026-04-01T01:02:37.661+0000] {dag.py:3096} INFO - Sync 1 DAGs
[2026-04-01T01:02:37.881+0000] {processor.py:183} INFO - Processing /opt/airflow/dags/isr_pipeline.py took 0.577 seconds
[2026-04-01T01:03:08.444+0000] {processor.py:161} INFO - Started process (PID=39730) to work on /opt/airflow/dags/isr_pipeline.py
[2026-04-01T01:03:08.452+0000] {processor.py:830} INFO - Processing file /opt/airflow/dags/isr_pipeline.py for tasks to queue
[2026-04-01T01:03:08.460+0000] {logging_mixin.py:188} INFO - [2026-04-01T01:03:08.458+0000] {dagbag.py:540} INFO - Filling up the DagBag from /opt/airflow/dags/isr_pipeline.py
[2026-04-01T01:03:08.562+0000] {processor.py:840} INFO - DAG(s) 'isr_pipeline' retrieved from /opt/airflow/dags/isr_pipeline.py
[2026-04-01T01:03:08.774+0000] {logging_mixin.py:188} INFO - [2026-04-01T01:03:08.773+0000] {dag.py:3096} INFO - Sync 1 DAGs
[2026-04-01T01:03:08.987+0000] {processor.py:183} INFO - Processing /opt/airflow/dags/isr_pipeline.py took 0.590 seconds
[2026-04-01T01:03:39.211+0000] {processor.py:161} INFO - Started process (PID=39735) to work on /opt/airflow/dags/isr_pipeline.py
[2026-04-01T01:03:39.219+0000] {processor.py:830} INFO - Processing file /opt/airflow/dags/isr_pipeline.py for tasks to queue
[2026-04-01T01:03:39.228+0000] {logging_mixin.py:188} INFO - [2026-04-01T01:03:39.226+0000] {dagbag.py:540} INFO - Filling up the DagBag from /opt/airflow/dags/isr_pipeline.py
[2026-04-01T01:03:39.322+0000] {processor.py:840} INFO - DAG(s) 'isr_pipeline' retrieved from /opt/airflow/dags/isr_pipeline.py
[2026-04-01T01:03:39.519+0000] {logging_mixin.py:188} INFO - [2026-04-01T01:03:39.517+0000] {dag.py:3096} INFO - Sync 1 DAGs
[2026-04-01T01:03:39.761+0000] {processor.py:183} INFO - Processing /opt/airflow/dags/isr_pipeline.py took 0.597 seconds
[2026-04-01T01:04:10.287+0000] {processor.py:161} INFO - Started process (PID=39740) to work on /opt/airflow/dags/isr_pipeline.py
[2026-04-01T01:04:10.295+0000] {processor.py:830} INFO - Processing file /opt/airflow/dags/isr_pipeline.py for tasks to queue
[2026-04-01T01:04:10.304+0000] {logging_mixin.py:188} INFO - [2026-04-01T01:04:10.302+0000] {dagbag.py:540} INFO - Filling up the DagBag from /opt/airflow/dags/isr_pipeline.py
[2026-04-01T01:04:10.398+0000] {processor.py:840} INFO - DAG(s) 'isr_pipeline' retrieved from /opt/airflow/dags/isr_pipeline.py
[2026-04-01T01:04:10.588+0000] {logging_mixin.py:188} INFO - [2026-04-01T01:04:10.587+0000] {dag.py:3096} INFO - Sync 1 DAGs
[2026-04-01T01:04:10.811+0000] {processor.py:183} INFO - Processing /opt/airflow/dags/isr_pipeline.py took 0.564 seconds
[2026-04-01T01:04:41.345+0000] {processor.py:161} INFO - Started process (PID=39745) to work on /opt/airflow/dags/isr_pipeline.py
[2026-04-01T01:04:41.354+0000] {processor.py:830} INFO - Processing file /opt/airflow/dags/isr_pipeline.py for tasks to queue
[2026-04-01T01:04:41.364+0000] {logging_mixin.py:188} INFO - [2026-04-01T01:04:41.361+0000] {dagbag.py:540} INFO - Filling up the DagBag from /opt/airflow/dags/isr_pipeline.py
[2026-04-01T01:04:41.481+0000] {processor.py:840} INFO - DAG(s) 'isr_pipeline' retrieved from /opt/airflow/dags/isr_pipeline.py
[2026-04-01T01:04:41.673+0000] {logging_mixin.py:188} INFO - [2026-04-01T01:04:41.672+0000] {dag.py:3096} INFO - Sync 1 DAGs
[2026-04-01T01:04:41.913+0000] {processor.py:183} INFO - Processing /opt/airflow/dags/isr_pipeline.py took 0.625 seconds
[2026-04-01T01:05:12.487+0000] {processor.py:161} INFO - Started process (PID=39750) to work on /opt/airflow/dags/isr_pipeline.py
[2026-04-01T01:05:12.495+0000] {processor.py:830} INFO - Processing file /opt/airflow/dags/isr_pipeline.py for tasks to queue
[2026-04-01T01:05:12.503+0000] {logging_mixin.py:188} INFO - [2026-04-01T01:05:12.501+0000] {dagbag.py:540} INFO - Filling up the DagBag from /opt/airflow/dags/isr_pipeline.py
[2026-04-01T01:05:12.595+0000] {processor.py:840} INFO - DAG(s) 'isr_pipeline' retrieved from /opt/airflow/dags/isr_pipeline.py
[2026-04-01T01:05:12.790+0000] {logging_mixin.py:188} INFO - [2026-04-01T01:05:12.789+0000] {dag.py:3096} INFO - Sync 1 DAGs
[2026-04-01T01:05:13.026+0000] {processor.py:183} INFO - Processing /opt/airflow/dags/isr_pipeline.py took 0.580 seconds
[2026-04-01T01:05:43.574+0000] {processor.py:161} INFO - Started process (PID=39755) to work on /opt/airflow/dags/isr_pipeline.py
[2026-04-01T01:05:43.582+0000] {processor.py:830} INFO - Processing file /opt/airflow/dags/isr_pipeline.py for tasks to queue
[2026-04-01T01:05:43.590+0000] {logging_mixin.py:188} INFO - [2026-04-01T01:05:43.588+0000] {dagbag.py:540} INFO - Filling up the DagBag from /opt/airflow/dags/isr_pipeline.py
[2026-04-01T01:05:43.687+0000] {processor.py:840} INFO - DAG(s) 'isr_pipeline' retrieved from /opt/airflow/dags/isr_pipeline.py
[2026-04-01T01:05:43.880+0000] {logging_mixin.py:188} INFO - [2026-04-01T01:05:43.878+0000] {dag.py:3096} INFO - Sync 1 DAGs
[2026-04-01T01:05:44.092+0000] {processor.py:183} INFO - Processing /opt/airflow/dags/isr_pipeline.py took 0.560 seconds
[2026-04-01T01:06:14.495+0000] {processor.py:161} INFO - Started process (PID=39760) to work on /opt/airflow/dags/isr_pipeline.py
[2026-04-01T01:06:14.507+0000] {processor.py:830} INFO - Processing file /opt/airflow/dags/isr_pipeline.py for tasks to queue
[2026-04-01T01:06:14.515+0000] {logging_mixin.py:188} INFO - [2026-04-01T01:06:14.513+0000] {dagbag.py:540} INFO - Filling up the DagBag from /opt/airflow/dags/isr_pipeline.py
[2026-04-01T01:06:14.611+0000] {processor.py:840} INFO - DAG(s) 'isr_pipeline' retrieved from /opt/airflow/dags/isr_pipeline.py
[2026-04-01T01:06:14.848+0000] {logging_mixin.py:188} INFO - [2026-04-01T01:06:14.847+0000] {dag.py:3096} INFO - Sync 1 DAGs
[2026-04-01T01:06:15.072+0000] {processor.py:183} INFO - Processing /opt/airflow/dags/isr_pipeline.py took 0.617 seconds
[2026-04-01T01:06:45.598+0000] {processor.py:161} INFO - Started process (PID=39765) to work on /opt/airflow/dags/isr_pipeline.py
[2026-04-01T01:06:45.607+0000] {processor.py:830} INFO - Processing file /opt/airflow/dags/isr_pipeline.py for tasks to queue
[2026-04-01T01:06:45.614+0000] {logging_mixin.py:188} INFO - [2026-04-01T01:06:45.612+0000] {dagbag.py:540} INFO - Filling up the DagBag from /opt/airflow/dags/isr_pipeline.py
[2026-04-01T01:06:45.704+0000] {processor.py:840} INFO - DAG(s) 'isr_pipeline' retrieved from /opt/airflow/dags/isr_pipeline.py
[2026-04-01T01:06:45.886+0000] {logging_mixin.py:188} INFO - [2026-04-01T01:06:45.885+0000] {dag.py:3096} INFO - Sync 1 DAGs
[2026-04-01T01:06:46.119+0000] {processor.py:183} INFO - Processing /opt/airflow/dags/isr_pipeline.py took 0.560 seconds
[2026-04-01T01:07:16.649+0000] {processor.py:161} INFO - Started process (PID=39770) to work on /opt/airflow/dags/isr_pipeline.py
[2026-04-01T01:07:16.658+0000] {processor.py:830} INFO - Processing file /opt/airflow/dags/isr_pipeline.py for tasks to queue
[2026-04-01T01:07:16.665+0000] {logging_mixin.py:188} INFO - [2026-04-01T01:07:16.663+0000] {dagbag.py:540} INFO - Filling up the DagBag from /opt/airflow/dags/isr_pipeline.py
[2026-04-01T01:07:16.757+0000] {processor.py:840} INFO - DAG(s) 'isr_pipeline' retrieved from /opt/airflow/dags/isr_pipeline.py
[2026-04-01T01:07:16.943+0000] {logging_mixin.py:188} INFO - [2026-04-01T01:07:16.942+0000] {dag.py:3096} INFO - Sync 1 DAGs
[2026-04-01T01:07:17.163+0000] {processor.py:183} INFO - Processing /opt/airflow/dags/isr_pipeline.py took 0.555 seconds
[2026-04-01T01:07:47.639+0000] {processor.py:161} INFO - Started process (PID=39775) to work on /opt/airflow/dags/isr_pipeline.py
[2026-04-01T01:07:47.646+0000] {processor.py:830} INFO - Processing file /opt/airflow/dags/isr_pipeline.py for tasks to queue
[2026-04-01T01:07:47.654+0000] {logging_mixin.py:188} INFO - [2026-04-01T01:07:47.652+0000] {dagbag.py:540} INFO - Filling up the DagBag from /opt/airflow/dags/isr_pipeline.py
[2026-04-01T01:07:47.744+0000] {processor.py:840} INFO - DAG(s) 'isr_pipeline' retrieved from /opt/airflow/dags/isr_pipeline.py
[2026-04-01T01:07:47.922+0000] {logging_mixin.py:188} INFO - [2026-04-01T01:07:47.921+0000] {dag.py:3096} INFO - Sync 1 DAGs
[2026-04-01T01:07:48.141+0000] {processor.py:183} INFO - Processing /opt/airflow/dags/isr_pipeline.py took 0.539 seconds
[2026-04-01T01:08:18.727+0000] {processor.py:161} INFO - Started process (PID=39780) to work on /opt/airflow/dags/isr_pipeline.py
[2026-04-01T01:08:18.735+0000] {processor.py:830} INFO - Processing file /opt/airflow/dags/isr_pipeline.py for tasks to queue
[2026-04-01T01:08:18.742+0000] {logging_mixin.py:188} INFO - [2026-04-01T01:08:18.740+0000] {dagbag.py:540} INFO - Filling up the DagBag from /opt/airflow/dags/isr_pipeline.py
[2026-04-01T01:08:18.830+0000] {processor.py:840} INFO - DAG(s) 'isr_pipeline' retrieved from /opt/airflow/dags/isr_pipeline.py
[2026-04-01T01:08:19.021+0000] {logging_mixin.py:188} INFO - [2026-04-01T01:08:19.020+0000] {dag.py:3096} INFO - Sync 1 DAGs
[2026-04-01T01:08:19.233+0000] {processor.py:183} INFO - Processing /opt/airflow/dags/isr_pipeline.py took 0.545 seconds
[2026-04-01T01:08:49.763+0000] {processor.py:161} INFO - Started process (PID=39785) to work on /opt/airflow/dags/isr_pipeline.py
[2026-04-01T01:08:49.772+0000] {processor.py:830} INFO - Processing file /opt/airflow/dags/isr_pipeline.py for tasks to queue
[2026-04-01T01:08:49.780+0000] {logging_mixin.py:188} INFO - [2026-04-01T01:08:49.778+0000] {dagbag.py:540} INFO - Filling up the DagBag from /opt/airflow/dags/isr_pipeline.py
[2026-04-01T01:08:49.883+0000] {processor.py:840} INFO - DAG(s) 'isr_pipeline' retrieved from /opt/airflow/dags/isr_pipeline.py
[2026-04-01T01:08:50.092+0000] {logging_mixin.py:188} INFO - [2026-04-01T01:08:50.091+0000] {dag.py:3096} INFO - Sync 1 DAGs
[2026-04-01T01:08:50.347+0000] {processor.py:183} INFO - Processing /opt/airflow/dags/isr_pipeline.py took 0.635 seconds
[2026-04-01T01:38:55.253+0000] {processor.py:161} INFO - Started process (PID=39796) to work on /opt/airflow/dags/isr_pipeline.py
[2026-04-01T01:38:55.255+0000] {processor.py:830} INFO - Processing file /opt/airflow/dags/isr_pipeline.py for tasks to queue
[2026-04-01T01:38:55.257+0000] {logging_mixin.py:188} INFO - [2026-04-01T01:38:55.256+0000] {dagbag.py:540} INFO - Filling up the DagBag from /opt/airflow/dags/isr_pipeline.py
[2026-04-01T01:38:55.276+0000] {processor.py:840} INFO - DAG(s) 'isr_pipeline' retrieved from /opt/airflow/dags/isr_pipeline.py
[2026-04-01T01:38:55.317+0000] {logging_mixin.py:188} INFO - [2026-04-01T01:38:55.317+0000] {dag.py:3096} INFO - Sync 1 DAGs
[2026-04-01T01:38:55.374+0000] {processor.py:183} INFO - Processing /opt/airflow/dags/isr_pipeline.py took 0.128 seconds
[2026-04-01T01:39:25.782+0000] {processor.py:161} INFO - Started process (PID=39801) to work on /opt/airflow/dags/isr_pipeline.py
[2026-04-01T01:39:25.790+0000] {processor.py:830} INFO - Processing file /opt/airflow/dags/isr_pipeline.py for tasks to queue
[2026-04-01T01:39:25.798+0000] {logging_mixin.py:188} INFO - [2026-04-01T01:39:25.796+0000] {dagbag.py:540} INFO - Filling up the DagBag from /opt/airflow/dags/isr_pipeline.py
[2026-04-01T01:39:25.916+0000] {processor.py:840} INFO - DAG(s) 'isr_pipeline' retrieved from /opt/airflow/dags/isr_pipeline.py
[2026-04-01T01:39:26.150+0000] {logging_mixin.py:188} INFO - [2026-04-01T01:39:26.148+0000] {dag.py:3096} INFO - Sync 1 DAGs
[2026-04-01T01:39:26.440+0000] {processor.py:183} INFO - Processing /opt/airflow/dags/isr_pipeline.py took 0.706 seconds
[2026-04-01T01:39:57.108+0000] {processor.py:161} INFO - Started process (PID=39806) to work on /opt/airflow/dags/isr_pipeline.py
[2026-04-01T01:39:57.117+0000] {processor.py:830} INFO - Processing file /opt/airflow/dags/isr_pipeline.py for tasks to queue
[2026-04-01T01:39:57.125+0000] {logging_mixin.py:188} INFO - [2026-04-01T01:39:57.123+0000] {dagbag.py:540} INFO - Filling up the DagBag from /opt/airflow/dags/isr_pipeline.py
[2026-04-01T01:39:57.256+0000] {processor.py:840} INFO - DAG(s) 'isr_pipeline' retrieved from /opt/airflow/dags/isr_pipeline.py
[2026-04-01T01:39:57.535+0000] {logging_mixin.py:188} INFO - [2026-04-01T01:39:57.534+0000] {dag.py:3096} INFO - Sync 1 DAGs
[2026-04-01T01:39:57.769+0000] {processor.py:183} INFO - Processing /opt/airflow/dags/isr_pipeline.py took 0.700 seconds
[2026-04-01T01:40:28.384+0000] {processor.py:161} INFO - Started process (PID=39811) to work on /opt/airflow/dags/isr_pipeline.py
[2026-04-01T01:40:28.392+0000] {processor.py:830} INFO - Processing file /opt/airflow/dags/isr_pipeline.py for tasks to queue
[2026-04-01T01:40:28.400+0000] {logging_mixin.py:188} INFO - [2026-04-01T01:40:28.398+0000] {dagbag.py:540} INFO - Filling up the DagBag from /opt/airflow/dags/isr_pipeline.py
[2026-04-01T01:40:28.488+0000] {processor.py:840} INFO - DAG(s) 'isr_pipeline' retrieved from /opt/airflow/dags/isr_pipeline.py
[2026-04-01T01:40:28.693+0000] {logging_mixin.py:188} INFO - [2026-04-01T01:40:28.691+0000] {dag.py:3096} INFO - Sync 1 DAGs
[2026-04-01T01:40:28.896+0000] {processor.py:183} INFO - Processing /opt/airflow/dags/isr_pipeline.py took 0.551 seconds
[2026-04-01T01:40:59.184+0000] {processor.py:161} INFO - Started process (PID=39816) to work on /opt/airflow/dags/isr_pipeline.py
[2026-04-01T01:40:59.192+0000] {processor.py:830} INFO - Processing file /opt/airflow/dags/isr_pipeline.py for tasks to queue
[2026-04-01T01:40:59.199+0000] {logging_mixin.py:188} INFO - [2026-04-01T01:40:59.197+0000] {dagbag.py:540} INFO - Filling up the DagBag from /opt/airflow/dags/isr_pipeline.py
[2026-04-01T01:40:59.287+0000] {processor.py:840} INFO - DAG(s) 'isr_pipeline' retrieved from /opt/airflow/dags/isr_pipeline.py
[2026-04-01T01:40:59.466+0000] {logging_mixin.py:188} INFO - [2026-04-01T01:40:59.465+0000] {dag.py:3096} INFO - Sync 1 DAGs
[2026-04-01T01:40:59.725+0000] {processor.py:183} INFO - Processing /opt/airflow/dags/isr_pipeline.py took 0.578 seconds
[2026-04-01T01:41:30.320+0000] {processor.py:161} INFO - Started process (PID=39821) to work on /opt/airflow/dags/isr_pipeline.py
[2026-04-01T01:41:30.330+0000] {processor.py:830} INFO - Processing file /opt/airflow/dags/isr_pipeline.py for tasks to queue
[2026-04-01T01:41:30.340+0000] {logging_mixin.py:188} INFO - [2026-04-01T01:41:30.337+0000] {dagbag.py:540} INFO - Filling up the DagBag from /opt/airflow/dags/isr_pipeline.py
[2026-04-01T01:41:30.445+0000] {processor.py:840} INFO - DAG(s) 'isr_pipeline' retrieved from /opt/airflow/dags/isr_pipeline.py
[2026-04-01T01:41:30.826+0000] {logging_mixin.py:188} INFO - [2026-04-01T01:41:30.825+0000] {dag.py:3096} INFO - Sync 1 DAGs
[2026-04-01T01:41:31.244+0000] {processor.py:183} INFO - Processing /opt/airflow/dags/isr_pipeline.py took 0.974 seconds
[2026-04-01T01:42:02.277+0000] {processor.py:161} INFO - Started process (PID=39826) to work on /opt/airflow/dags/isr_pipeline.py
[2026-04-01T01:42:02.289+0000] {processor.py:830} INFO - Processing file /opt/airflow/dags/isr_pipeline.py for tasks to queue
[2026-04-01T01:42:02.301+0000] {logging_mixin.py:188} INFO - [2026-04-01T01:42:02.298+0000] {dagbag.py:540} INFO - Filling up the DagBag from /opt/airflow/dags/isr_pipeline.py
[2026-04-01T01:42:02.431+0000] {processor.py:840} INFO - DAG(s) 'isr_pipeline' retrieved from /opt/airflow/dags/isr_pipeline.py
[2026-04-01T01:42:02.889+0000] {logging_mixin.py:188} INFO - [2026-04-01T01:42:02.887+0000] {dag.py:3096} INFO - Sync 1 DAGs
[2026-04-01T01:42:03.284+0000] {processor.py:183} INFO - Processing /opt/airflow/dags/isr_pipeline.py took 1.075 seconds
[2026-04-01T01:42:33.635+0000] {processor.py:161} INFO - Started process (PID=39831) to work on /opt/airflow/dags/isr_pipeline.py
[2026-04-01T01:42:33.643+0000] {processor.py:830} INFO - Processing file /opt/airflow/dags/isr_pipeline.py for tasks to queue
[2026-04-01T01:42:33.652+0000] {logging_mixin.py:188} INFO - [2026-04-01T01:42:33.650+0000] {dagbag.py:540} INFO - Filling up the DagBag from /opt/airflow/dags/isr_pipeline.py
[2026-04-01T01:42:33.750+0000] {processor.py:840} INFO - DAG(s) 'isr_pipeline' retrieved from /opt/airflow/dags/isr_pipeline.py
[2026-04-01T01:42:33.946+0000] {logging_mixin.py:188} INFO - [2026-04-01T01:42:33.944+0000] {dag.py:3096} INFO - Sync 1 DAGs
[2026-04-01T01:42:34.174+0000] {processor.py:183} INFO - Processing /opt/airflow/dags/isr_pipeline.py took 0.586 seconds
[2026-04-01T01:43:04.756+0000] {processor.py:161} INFO - Started process (PID=39836) to work on /opt/airflow/dags/isr_pipeline.py
[2026-04-01T01:43:04.766+0000] {processor.py:830} INFO - Processing file /opt/airflow/dags/isr_pipeline.py for tasks to queue
[2026-04-01T01:43:04.773+0000] {logging_mixin.py:188} INFO - [2026-04-01T01:43:04.771+0000] {dagbag.py:540} INFO - Filling up the DagBag from /opt/airflow/dags/isr_pipeline.py
[2026-04-01T01:43:04.889+0000] {processor.py:840} INFO - DAG(s) 'isr_pipeline' retrieved from /opt/airflow/dags/isr_pipeline.py
[2026-04-01T01:43:05.119+0000] {logging_mixin.py:188} INFO - [2026-04-01T01:43:05.118+0000] {dag.py:3096} INFO - Sync 1 DAGs
[2026-04-01T01:43:05.338+0000] {processor.py:183} INFO - Processing /opt/airflow/dags/isr_pipeline.py took 0.622 seconds
[2026-04-01T01:43:35.694+0000] {processor.py:161} INFO - Started process (PID=39841) to work on /opt/airflow/dags/isr_pipeline.py
[2026-04-01T01:43:35.705+0000] {processor.py:830} INFO - Processing file /opt/airflow/dags/isr_pipeline.py for tasks to queue
[2026-04-01T01:43:35.715+0000] {logging_mixin.py:188} INFO - [2026-04-01T01:43:35.712+0000] {dagbag.py:540} INFO - Filling up the DagBag from /opt/airflow/dags/isr_pipeline.py
[2026-04-01T01:43:35.833+0000] {processor.py:840} INFO - DAG(s) 'isr_pipeline' retrieved from /opt/airflow/dags/isr_pipeline.py
[2026-04-01T01:43:36.037+0000] {logging_mixin.py:188} INFO - [2026-04-01T01:43:36.036+0000] {dag.py:3096} INFO - Sync 1 DAGs
[2026-04-01T01:43:36.245+0000] {processor.py:183} INFO - Processing /opt/airflow/dags/isr_pipeline.py took 0.600 seconds
[2026-04-01T01:44:06.870+0000] {processor.py:161} INFO - Started process (PID=39846) to work on /opt/airflow/dags/isr_pipeline.py
[2026-04-01T01:44:06.878+0000] {processor.py:830} INFO - Processing file /opt/airflow/dags/isr_pipeline.py for tasks to queue
[2026-04-01T01:44:06.885+0000] {logging_mixin.py:188} INFO - [2026-04-01T01:44:06.883+0000] {dagbag.py:540} INFO - Filling up the DagBag from /opt/airflow/dags/isr_pipeline.py
[2026-04-01T01:44:06.976+0000] {processor.py:840} INFO - DAG(s) 'isr_pipeline' retrieved from /opt/airflow/dags/isr_pipeline.py
[2026-04-01T01:44:07.160+0000] {logging_mixin.py:188} INFO - [2026-04-01T01:44:07.159+0000] {dag.py:3096} INFO - Sync 1 DAGs
[2026-04-01T01:44:07.370+0000] {processor.py:183} INFO - Processing /opt/airflow/dags/isr_pipeline.py took 0.537 seconds
[2026-04-01T01:44:37.836+0000] {processor.py:161} INFO - Started process (PID=39851) to work on /opt/airflow/dags/isr_pipeline.py
[2026-04-01T01:44:37.843+0000] {processor.py:830} INFO - Processing file /opt/airflow/dags/isr_pipeline.py for tasks to queue
[2026-04-01T01:44:37.851+0000] {logging_mixin.py:188} INFO - [2026-04-01T01:44:37.849+0000] {dagbag.py:540} INFO - Filling up the DagBag from /opt/airflow/dags/isr_pipeline.py
[2026-04-01T01:44:37.937+0000] {processor.py:840} INFO - DAG(s) 'isr_pipeline' retrieved from /opt/airflow/dags/isr_pipeline.py
[2026-04-01T01:44:38.134+0000] {logging_mixin.py:188} INFO - [2026-04-01T01:44:38.132+0000] {dag.py:3096} INFO - Sync 1 DAGs
[2026-04-01T01:44:38.362+0000] {processor.py:183} INFO - Processing /opt/airflow/dags/isr_pipeline.py took 0.564 seconds
[2026-04-01T01:45:08.869+0000] {processor.py:161} INFO - Started process (PID=39856) to work on /opt/airflow/dags/isr_pipeline.py
[2026-04-01T01:45:08.876+0000] {processor.py:830} INFO - Processing file /opt/airflow/dags/isr_pipeline.py for tasks to queue
[2026-04-01T01:45:08.884+0000] {logging_mixin.py:188} INFO - [2026-04-01T01:45:08.882+0000] {dagbag.py:540} INFO - Filling up the DagBag from /opt/airflow/dags/isr_pipeline.py
[2026-04-01T01:45:08.991+0000] {processor.py:840} INFO - DAG(s) 'isr_pipeline' retrieved from /opt/airflow/dags/isr_pipeline.py
[2026-04-01T01:45:09.179+0000] {logging_mixin.py:188} INFO - [2026-04-01T01:45:09.178+0000] {dag.py:3096} INFO - Sync 1 DAGs
[2026-04-01T01:45:09.386+0000] {processor.py:183} INFO - Processing /opt/airflow/dags/isr_pipeline.py took 0.552 seconds
[2026-04-01T01:45:39.986+0000] {processor.py:161} INFO - Started process (PID=39861) to work on /opt/airflow/dags/isr_pipeline.py
[2026-04-01T01:45:39.994+0000] {processor.py:830} INFO - Processing file /opt/airflow/dags/isr_pipeline.py for tasks to queue
[2026-04-01T01:45:40.002+0000] {logging_mixin.py:188} INFO - [2026-04-01T01:45:40.000+0000] {dagbag.py:540} INFO - Filling up the DagBag from /opt/airflow/dags/isr_pipeline.py
[2026-04-01T01:45:40.097+0000] {processor.py:840} INFO - DAG(s) 'isr_pipeline' retrieved from /opt/airflow/dags/isr_pipeline.py
[2026-04-01T01:45:40.295+0000] {logging_mixin.py:188} INFO - [2026-04-01T01:45:40.294+0000] {dag.py:3096} INFO - Sync 1 DAGs
[2026-04-01T01:45:40.503+0000] {processor.py:183} INFO - Processing /opt/airflow/dags/isr_pipeline.py took 0.566 seconds
[2026-04-01T01:46:10.812+0000] {processor.py:161} INFO - Started process (PID=39866) to work on /opt/airflow/dags/isr_pipeline.py
[2026-04-01T01:46:10.826+0000] {processor.py:830} INFO - Processing file /opt/airflow/dags/isr_pipeline.py for tasks to queue
[2026-04-01T01:46:10.834+0000] {logging_mixin.py:188} INFO - [2026-04-01T01:46:10.832+0000] {dagbag.py:540} INFO - Filling up the DagBag from /opt/airflow/dags/isr_pipeline.py
[2026-04-01T01:46:10.978+0000] {processor.py:840} INFO - DAG(s) 'isr_pipeline' retrieved from /opt/airflow/dags/isr_pipeline.py
[2026-04-01T01:46:11.260+0000] {logging_mixin.py:188} INFO - [2026-04-01T01:46:11.258+0000] {dag.py:3096} INFO - Sync 1 DAGs
[2026-04-01T01:46:11.523+0000] {processor.py:183} INFO - Processing /opt/airflow/dags/isr_pipeline.py took 0.761 seconds
[2026-04-01T01:46:42.135+0000] {processor.py:161} INFO - Started process (PID=39871) to work on /opt/airflow/dags/isr_pipeline.py
[2026-04-01T01:46:42.147+0000] {processor.py:830} INFO - Processing file /opt/airflow/dags/isr_pipeline.py for tasks to queue
[2026-04-01T01:46:42.159+0000] {logging_mixin.py:188} INFO - [2026-04-01T01:46:42.156+0000] {dagbag.py:540} INFO - Filling up the DagBag from /opt/airflow/dags/isr_pipeline.py
[2026-04-01T01:46:42.276+0000] {processor.py:840} INFO - DAG(s) 'isr_pipeline' retrieved from /opt/airflow/dags/isr_pipeline.py
[2026-04-01T01:46:42.590+0000] {logging_mixin.py:188} INFO - [2026-04-01T01:46:42.589+0000] {dag.py:3096} INFO - Sync 1 DAGs
[2026-04-01T01:46:42.857+0000] {processor.py:183} INFO - Processing /opt/airflow/dags/isr_pipeline.py took 0.761 seconds
[2026-04-01T01:47:13.399+0000] {processor.py:161} INFO - Started process (PID=39876) to work on /opt/airflow/dags/isr_pipeline.py
[2026-04-01T01:47:13.407+0000] {processor.py:830} INFO - Processing file /opt/airflow/dags/isr_pipeline.py for tasks to queue
[2026-04-01T01:47:13.416+0000] {logging_mixin.py:188} INFO - [2026-04-01T01:47:13.414+0000] {dagbag.py:540} INFO - Filling up the DagBag from /opt/airflow/dags/isr_pipeline.py
[2026-04-01T01:47:13.510+0000] {processor.py:840} INFO - DAG(s) 'isr_pipeline' retrieved from /opt/airflow/dags/isr_pipeline.py
[2026-04-01T01:47:13.716+0000] {logging_mixin.py:188} INFO - [2026-04-01T01:47:13.715+0000] {dag.py:3096} INFO - Sync 1 DAGs
[2026-04-01T01:47:13.943+0000] {processor.py:183} INFO - Processing /opt/airflow/dags/isr_pipeline.py took 0.584 seconds
[2026-04-01T01:47:44.400+0000] {processor.py:161} INFO - Started process (PID=39881) to work on /opt/airflow/dags/isr_pipeline.py
[2026-04-01T01:47:44.409+0000] {processor.py:830} INFO - Processing file /opt/airflow/dags/isr_pipeline.py for tasks to queue
[2026-04-01T01:47:44.416+0000] {logging_mixin.py:188} INFO - [2026-04-01T01:47:44.414+0000] {dagbag.py:540} INFO - Filling up the DagBag from /opt/airflow/dags/isr_pipeline.py
[2026-04-01T01:47:44.501+0000] {processor.py:840} INFO - DAG(s) 'isr_pipeline' retrieved from /opt/airflow/dags/isr_pipeline.py
[2026-04-01T01:47:44.711+0000] {logging_mixin.py:188} INFO - [2026-04-01T01:47:44.709+0000] {dag.py:3096} INFO - Sync 1 DAGs
[2026-04-01T01:47:44.930+0000] {processor.py:183} INFO - Processing /opt/airflow/dags/isr_pipeline.py took 0.571 seconds
[2026-04-01T01:48:15.521+0000] {processor.py:161} INFO - Started process (PID=39886) to work on /opt/airflow/dags/isr_pipeline.py
[2026-04-01T01:48:15.532+0000] {processor.py:830} INFO - Processing file /opt/airflow/dags/isr_pipeline.py for tasks to queue
[2026-04-01T01:48:15.543+0000] {logging_mixin.py:188} INFO - [2026-04-01T01:48:15.540+0000] {dagbag.py:540} INFO - Filling up the DagBag from /opt/airflow/dags/isr_pipeline.py
[2026-04-01T01:48:15.671+0000] {processor.py:840} INFO - DAG(s) 'isr_pipeline' retrieved from /opt/airflow/dags/isr_pipeline.py
[2026-04-01T01:48:15.919+0000] {logging_mixin.py:188} INFO - [2026-04-01T01:48:15.918+0000] {dag.py:3096} INFO - Sync 1 DAGs
[2026-04-01T01:48:16.145+0000] {processor.py:183} INFO - Processing /opt/airflow/dags/isr_pipeline.py took 0.685 seconds
[2026-04-01T01:48:46.823+0000] {processor.py:161} INFO - Started process (PID=39891) to work on /opt/airflow/dags/isr_pipeline.py
[2026-04-01T01:48:46.833+0000] {processor.py:830} INFO - Processing file /opt/airflow/dags/isr_pipeline.py for tasks to queue
[2026-04-01T01:48:46.843+0000] {logging_mixin.py:188} INFO - [2026-04-01T01:48:46.840+0000] {dagbag.py:540} INFO - Filling up the DagBag from /opt/airflow/dags/isr_pipeline.py
[2026-04-01T01:48:46.950+0000] {processor.py:840} INFO - DAG(s) 'isr_pipeline' retrieved from /opt/airflow/dags/isr_pipeline.py
[2026-04-01T01:48:47.174+0000] {logging_mixin.py:188} INFO - [2026-04-01T01:48:47.173+0000] {dag.py:3096} INFO - Sync 1 DAGs
[2026-04-01T01:48:47.423+0000] {processor.py:183} INFO - Processing /opt/airflow/dags/isr_pipeline.py took 0.640 seconds
[2026-04-01T01:49:18.026+0000] {processor.py:161} INFO - Started process (PID=39896) to work on /opt/airflow/dags/isr_pipeline.py
[2026-04-01T01:49:18.035+0000] {processor.py:830} INFO - Processing file /opt/airflow/dags/isr_pipeline.py for tasks to queue
[2026-04-01T01:49:18.042+0000] {logging_mixin.py:188} INFO - [2026-04-01T01:49:18.040+0000] {dagbag.py:540} INFO - Filling up the DagBag from /opt/airflow/dags/isr_pipeline.py
[2026-04-01T01:49:18.134+0000] {processor.py:840} INFO - DAG(s) 'isr_pipeline' retrieved from /opt/airflow/dags/isr_pipeline.py
[2026-04-01T01:49:18.337+0000] {logging_mixin.py:188} INFO - [2026-04-01T01:49:18.336+0000] {dag.py:3096} INFO - Sync 1 DAGs
[2026-04-01T01:49:18.563+0000] {processor.py:183} INFO - Processing /opt/airflow/dags/isr_pipeline.py took 0.576 seconds
[2026-04-01T01:49:48.938+0000] {processor.py:161} INFO - Started process (PID=39901) to work on /opt/airflow/dags/isr_pipeline.py
[2026-04-01T01:49:48.946+0000] {processor.py:830} INFO - Processing file /opt/airflow/dags/isr_pipeline.py for tasks to queue
[2026-04-01T01:49:48.954+0000] {logging_mixin.py:188} INFO - [2026-04-01T01:49:48.952+0000] {dagbag.py:540} INFO - Filling up the DagBag from /opt/airflow/dags/isr_pipeline.py
[2026-04-01T01:49:49.052+0000] {processor.py:840} INFO - DAG(s) 'isr_pipeline' retrieved from /opt/airflow/dags/isr_pipeline.py
[2026-04-01T01:49:49.276+0000] {logging_mixin.py:188} INFO - [2026-04-01T01:49:49.275+0000] {dag.py:3096} INFO - Sync 1 DAGs
[2026-04-01T01:49:49.479+0000] {processor.py:183} INFO - Processing /opt/airflow/dags/isr_pipeline.py took 0.580 seconds
[2026-04-01T02:20:17.160+0000] {processor.py:161} INFO - Started process (PID=39911) to work on /opt/airflow/dags/isr_pipeline.py
[2026-04-01T02:20:17.162+0000] {processor.py:830} INFO - Processing file /opt/airflow/dags/isr_pipeline.py for tasks to queue
[2026-04-01T02:20:17.163+0000] {logging_mixin.py:188} INFO - [2026-04-01T02:20:17.163+0000] {dagbag.py:540} INFO - Filling up the DagBag from /opt/airflow/dags/isr_pipeline.py
[2026-04-01T02:20:17.185+0000] {processor.py:840} INFO - DAG(s) 'isr_pipeline' retrieved from /opt/airflow/dags/isr_pipeline.py
[2026-04-01T02:20:17.244+0000] {logging_mixin.py:188} INFO - [2026-04-01T02:20:17.244+0000] {dag.py:3096} INFO - Sync 1 DAGs
[2026-04-01T02:20:17.300+0000] {processor.py:183} INFO - Processing /opt/airflow/dags/isr_pipeline.py took 0.147 seconds
[2026-04-01T02:20:47.527+0000] {processor.py:161} INFO - Started process (PID=39916) to work on /opt/airflow/dags/isr_pipeline.py
[2026-04-01T02:20:47.533+0000] {processor.py:830} INFO - Processing file /opt/airflow/dags/isr_pipeline.py for tasks to queue
[2026-04-01T02:20:47.542+0000] {logging_mixin.py:188} INFO - [2026-04-01T02:20:47.540+0000] {dagbag.py:540} INFO - Filling up the DagBag from /opt/airflow/dags/isr_pipeline.py
[2026-04-01T02:20:47.637+0000] {processor.py:840} INFO - DAG(s) 'isr_pipeline' retrieved from /opt/airflow/dags/isr_pipeline.py
[2026-04-01T02:20:47.822+0000] {logging_mixin.py:188} INFO - [2026-04-01T02:20:47.821+0000] {dag.py:3096} INFO - Sync 1 DAGs
[2026-04-01T02:20:48.030+0000] {processor.py:183} INFO - Processing /opt/airflow/dags/isr_pipeline.py took 0.547 seconds
[2026-04-01T02:21:18.623+0000] {processor.py:161} INFO - Started process (PID=39921) to work on /opt/airflow/dags/isr_pipeline.py
[2026-04-01T02:21:18.631+0000] {processor.py:830} INFO - Processing file /opt/airflow/dags/isr_pipeline.py for tasks to queue
[2026-04-01T02:21:18.638+0000] {logging_mixin.py:188} INFO - [2026-04-01T02:21:18.636+0000] {dagbag.py:540} INFO - Filling up the DagBag from /opt/airflow/dags/isr_pipeline.py
[2026-04-01T02:21:18.737+0000] {processor.py:840} INFO - DAG(s) 'isr_pipeline' retrieved from /opt/airflow/dags/isr_pipeline.py
[2026-04-01T02:21:18.939+0000] {logging_mixin.py:188} INFO - [2026-04-01T02:21:18.938+0000] {dag.py:3096} INFO - Sync 1 DAGs
[2026-04-01T02:21:19.164+0000] {processor.py:183} INFO - Processing /opt/airflow/dags/isr_pipeline.py took 0.577 seconds
[2026-04-01T02:21:49.471+0000] {processor.py:161} INFO - Started process (PID=39926) to work on /opt/airflow/dags/isr_pipeline.py
[2026-04-01T02:21:49.480+0000] {processor.py:830} INFO - Processing file /opt/airflow/dags/isr_pipeline.py for tasks to queue
[2026-04-01T02:21:49.489+0000] {logging_mixin.py:188} INFO - [2026-04-01T02:21:49.487+0000] {dagbag.py:540} INFO - Filling up the DagBag from /opt/airflow/dags/isr_pipeline.py
[2026-04-01T02:21:49.598+0000] {processor.py:840} INFO - DAG(s) 'isr_pipeline' retrieved from /opt/airflow/dags/isr_pipeline.py
[2026-04-01T02:21:49.791+0000] {logging_mixin.py:188} INFO - [2026-04-01T02:21:49.790+0000] {dag.py:3096} INFO - Sync 1 DAGs
[2026-04-01T02:21:50.003+0000] {processor.py:183} INFO - Processing /opt/airflow/dags/isr_pipeline.py took 0.584 seconds
[2026-04-01T02:22:20.538+0000] {processor.py:161} INFO - Started process (PID=39931) to work on /opt/airflow/dags/isr_pipeline.py
[2026-04-01T02:22:20.546+0000] {processor.py:830} INFO - Processing file /opt/airflow/dags/isr_pipeline.py for tasks to queue
[2026-04-01T02:22:20.554+0000] {logging_mixin.py:188} INFO - [2026-04-01T02:22:20.552+0000] {dagbag.py:540} INFO - Filling up the DagBag from /opt/airflow/dags/isr_pipeline.py
[2026-04-01T02:22:20.647+0000] {processor.py:840} INFO - DAG(s) 'isr_pipeline' retrieved from /opt/airflow/dags/isr_pipeline.py
[2026-04-01T02:22:20.863+0000] {logging_mixin.py:188} INFO - [2026-04-01T02:22:20.862+0000] {dag.py:3096} INFO - Sync 1 DAGs
[2026-04-01T02:22:21.090+0000] {processor.py:183} INFO - Processing /opt/airflow/dags/isr_pipeline.py took 0.590 seconds
[2026-04-01T02:22:51.484+0000] {processor.py:161} INFO - Started process (PID=39936) to work on /opt/airflow/dags/isr_pipeline.py
[2026-04-01T02:22:51.493+0000] {processor.py:830} INFO - Processing file /opt/airflow/dags/isr_pipeline.py for tasks to queue
[2026-04-01T02:22:51.501+0000] {logging_mixin.py:188} INFO - [2026-04-01T02:22:51.500+0000] {dagbag.py:540} INFO - Filling up the DagBag from /opt/airflow/dags/isr_pipeline.py
[2026-04-01T02:22:51.594+0000] {processor.py:840} INFO - DAG(s) 'isr_pipeline' retrieved from /opt/airflow/dags/isr_pipeline.py
[2026-04-01T02:22:51.798+0000] {logging_mixin.py:188} INFO - [2026-04-01T02:22:51.797+0000] {dag.py:3096} INFO - Sync 1 DAGs
[2026-04-01T02:22:52.013+0000] {processor.py:183} INFO - Processing /opt/airflow/dags/isr_pipeline.py took 0.573 seconds
[2026-04-01T02:23:22.616+0000] {processor.py:161} INFO - Started process (PID=39941) to work on /opt/airflow/dags/isr_pipeline.py
[2026-04-01T02:23:22.625+0000] {processor.py:830} INFO - Processing file /opt/airflow/dags/isr_pipeline.py for tasks to queue
[2026-04-01T02:23:22.632+0000] {logging_mixin.py:188} INFO - [2026-04-01T02:23:22.630+0000] {dagbag.py:540} INFO - Filling up the DagBag from /opt/airflow/dags/isr_pipeline.py
[2026-04-01T02:23:22.728+0000] {processor.py:840} INFO - DAG(s) 'isr_pipeline' retrieved from /opt/airflow/dags/isr_pipeline.py
[2026-04-01T02:23:22.981+0000] {logging_mixin.py:188} INFO - [2026-04-01T02:23:22.980+0000] {dag.py:3096} INFO - Sync 1 DAGs
[2026-04-01T02:23:23.209+0000] {processor.py:183} INFO - Processing /opt/airflow/dags/isr_pipeline.py took 0.629 seconds
[2026-04-01T02:23:53.738+0000] {processor.py:161} INFO - Started process (PID=39946) to work on /opt/airflow/dags/isr_pipeline.py
[2026-04-01T02:23:53.746+0000] {processor.py:830} INFO - Processing file /opt/airflow/dags/isr_pipeline.py for tasks to queue
[2026-04-01T02:23:53.754+0000] {logging_mixin.py:188} INFO - [2026-04-01T02:23:53.752+0000] {dagbag.py:540} INFO - Filling up the DagBag from /opt/airflow/dags/isr_pipeline.py
[2026-04-01T02:23:53.842+0000] {processor.py:840} INFO - DAG(s) 'isr_pipeline' retrieved from /opt/airflow/dags/isr_pipeline.py
[2026-04-01T02:23:54.040+0000] {logging_mixin.py:188} INFO - [2026-04-01T02:23:54.039+0000] {dag.py:3096} INFO - Sync 1 DAGs
[2026-04-01T02:23:54.266+0000] {processor.py:183} INFO - Processing /opt/airflow/dags/isr_pipeline.py took 0.565 seconds
[2026-04-01T02:24:24.711+0000] {processor.py:161} INFO - Started process (PID=39951) to work on /opt/airflow/dags/isr_pipeline.py
[2026-04-01T02:24:24.719+0000] {processor.py:830} INFO - Processing file /opt/airflow/dags/isr_pipeline.py for tasks to queue
[2026-04-01T02:24:24.727+0000] {logging_mixin.py:188} INFO - [2026-04-01T02:24:24.725+0000] {dagbag.py:540} INFO - Filling up the DagBag from /opt/airflow/dags/isr_pipeline.py
[2026-04-01T02:24:24.813+0000] {processor.py:840} INFO - DAG(s) 'isr_pipeline' retrieved from /opt/airflow/dags/isr_pipeline.py
[2026-04-01T02:24:25.002+0000] {logging_mixin.py:188} INFO - [2026-04-01T02:24:25.001+0000] {dag.py:3096} INFO - Sync 1 DAGs
[2026-04-01T02:24:25.230+0000] {processor.py:183} INFO - Processing /opt/airflow/dags/isr_pipeline.py took 0.555 seconds
[2026-04-01T02:24:55.943+0000] {processor.py:161} INFO - Started process (PID=39956) to work on /opt/airflow/dags/isr_pipeline.py
[2026-04-01T02:24:55.952+0000] {processor.py:830} INFO - Processing file /opt/airflow/dags/isr_pipeline.py for tasks to queue
[2026-04-01T02:24:55.960+0000] {logging_mixin.py:188} INFO - [2026-04-01T02:24:55.958+0000] {dagbag.py:540} INFO - Filling up the DagBag from /opt/airflow/dags/isr_pipeline.py
[2026-04-01T02:24:56.051+0000] {processor.py:840} INFO - DAG(s) 'isr_pipeline' retrieved from /opt/airflow/dags/isr_pipeline.py
[2026-04-01T02:24:56.254+0000] {logging_mixin.py:188} INFO - [2026-04-01T02:24:56.252+0000] {dag.py:3096} INFO - Sync 1 DAGs
[2026-04-01T02:24:56.500+0000] {processor.py:183} INFO - Processing /opt/airflow/dags/isr_pipeline.py took 0.597 seconds
[2026-04-01T02:25:27.051+0000] {processor.py:161} INFO - Started process (PID=39961) to work on /opt/airflow/dags/isr_pipeline.py
[2026-04-01T02:25:27.069+0000] {processor.py:830} INFO - Processing file /opt/airflow/dags/isr_pipeline.py for tasks to queue
[2026-04-01T02:25:27.077+0000] {logging_mixin.py:188} INFO - [2026-04-01T02:25:27.075+0000] {dagbag.py:540} INFO - Filling up the DagBag from /opt/airflow/dags/isr_pipeline.py
[2026-04-01T02:25:27.175+0000] {processor.py:840} INFO - DAG(s) 'isr_pipeline' retrieved from /opt/airflow/dags/isr_pipeline.py
[2026-04-01T02:25:27.375+0000] {logging_mixin.py:188} INFO - [2026-04-01T02:25:27.374+0000] {dag.py:3096} INFO - Sync 1 DAGs
[2026-04-01T02:25:27.600+0000] {processor.py:183} INFO - Processing /opt/airflow/dags/isr_pipeline.py took 0.587 seconds
[2026-04-01T02:25:58.135+0000] {processor.py:161} INFO - Started process (PID=39966) to work on /opt/airflow/dags/isr_pipeline.py
[2026-04-01T02:25:58.145+0000] {processor.py:830} INFO - Processing file /opt/airflow/dags/isr_pipeline.py for tasks to queue
[2026-04-01T02:25:58.155+0000] {logging_mixin.py:188} INFO - [2026-04-01T02:25:58.152+0000] {dagbag.py:540} INFO - Filling up the DagBag from /opt/airflow/dags/isr_pipeline.py
[2026-04-01T02:25:58.289+0000] {processor.py:840} INFO - DAG(s) 'isr_pipeline' retrieved from /opt/airflow/dags/isr_pipeline.py
[2026-04-01T02:25:58.516+0000] {logging_mixin.py:188} INFO - [2026-04-01T02:25:58.514+0000] {dag.py:3096} INFO - Sync 1 DAGs
[2026-04-01T02:25:58.763+0000] {processor.py:183} INFO - Processing /opt/airflow/dags/isr_pipeline.py took 0.675 seconds
[2026-04-01T02:26:29.340+0000] {processor.py:161} INFO - Started process (PID=39971) to work on /opt/airflow/dags/isr_pipeline.py
[2026-04-01T02:26:29.378+0000] {processor.py:830} INFO - Processing file /opt/airflow/dags/isr_pipeline.py for tasks to queue
[2026-04-01T02:26:29.387+0000] {logging_mixin.py:188} INFO - [2026-04-01T02:26:29.385+0000] {dagbag.py:540} INFO - Filling up the DagBag from /opt/airflow/dags/isr_pipeline.py
[2026-04-01T02:26:29.498+0000] {processor.py:840} INFO - DAG(s) 'isr_pipeline' retrieved from /opt/airflow/dags/isr_pipeline.py
[2026-04-01T02:26:29.723+0000] {logging_mixin.py:188} INFO - [2026-04-01T02:26:29.721+0000] {dag.py:3096} INFO - Sync 1 DAGs
[2026-04-01T02:26:29.955+0000] {processor.py:183} INFO - Processing /opt/airflow/dags/isr_pipeline.py took 0.670 seconds
[2026-04-01T02:27:00.423+0000] {processor.py:161} INFO - Started process (PID=39976) to work on /opt/airflow/dags/isr_pipeline.py
[2026-04-01T02:27:00.435+0000] {processor.py:830} INFO - Processing file /opt/airflow/dags/isr_pipeline.py for tasks to queue
[2026-04-01T02:27:00.446+0000] {logging_mixin.py:188} INFO - [2026-04-01T02:27:00.443+0000] {dagbag.py:540} INFO - Filling up the DagBag from /opt/airflow/dags/isr_pipeline.py
[2026-04-01T02:27:00.591+0000] {processor.py:840} INFO - DAG(s) 'isr_pipeline' retrieved from /opt/airflow/dags/isr_pipeline.py
[2026-04-01T02:27:00.908+0000] {logging_mixin.py:188} INFO - [2026-04-01T02:27:00.906+0000] {dag.py:3096} INFO - Sync 1 DAGs
[2026-04-01T02:27:01.241+0000] {processor.py:183} INFO - Processing /opt/airflow/dags/isr_pipeline.py took 0.878 seconds
[2026-04-01T02:27:31.935+0000] {processor.py:161} INFO - Started process (PID=39981) to work on /opt/airflow/dags/isr_pipeline.py
[2026-04-01T02:27:31.944+0000] {processor.py:830} INFO - Processing file /opt/airflow/dags/isr_pipeline.py for tasks to queue
[2026-04-01T02:27:31.952+0000] {logging_mixin.py:188} INFO - [2026-04-01T02:27:31.950+0000] {dagbag.py:540} INFO - Filling up the DagBag from /opt/airflow/dags/isr_pipeline.py
[2026-04-01T02:27:32.066+0000] {processor.py:840} INFO - DAG(s) 'isr_pipeline' retrieved from /opt/airflow/dags/isr_pipeline.py
[2026-04-01T02:27:32.281+0000] {logging_mixin.py:188} INFO - [2026-04-01T02:27:32.279+0000] {dag.py:3096} INFO - Sync 1 DAGs
[2026-04-01T02:27:32.526+0000] {processor.py:183} INFO - Processing /opt/airflow/dags/isr_pipeline.py took 0.624 seconds
[2026-04-01T02:28:03.115+0000] {processor.py:161} INFO - Started process (PID=39986) to work on /opt/airflow/dags/isr_pipeline.py
[2026-04-01T02:28:03.125+0000] {processor.py:830} INFO - Processing file /opt/airflow/dags/isr_pipeline.py for tasks to queue
[2026-04-01T02:28:03.138+0000] {logging_mixin.py:188} INFO - [2026-04-01T02:28:03.131+0000] {dagbag.py:540} INFO - Filling up the DagBag from /opt/airflow/dags/isr_pipeline.py
[2026-04-01T02:28:03.233+0000] {processor.py:840} INFO - DAG(s) 'isr_pipeline' retrieved from /opt/airflow/dags/isr_pipeline.py
[2026-04-01T02:28:03.436+0000] {logging_mixin.py:188} INFO - [2026-04-01T02:28:03.435+0000] {dag.py:3096} INFO - Sync 1 DAGs
[2026-04-01T02:28:03.646+0000] {processor.py:183} INFO - Processing /opt/airflow/dags/isr_pipeline.py took 0.573 seconds
[2026-04-01T02:28:34.250+0000] {processor.py:161} INFO - Started process (PID=39991) to work on /opt/airflow/dags/isr_pipeline.py
[2026-04-01T02:28:34.261+0000] {processor.py:830} INFO - Processing file /opt/airflow/dags/isr_pipeline.py for tasks to queue
[2026-04-01T02:28:34.270+0000] {logging_mixin.py:188} INFO - [2026-04-01T02:28:34.268+0000] {dagbag.py:540} INFO - Filling up the DagBag from /opt/airflow/dags/isr_pipeline.py
[2026-04-01T02:28:34.372+0000] {processor.py:840} INFO - DAG(s) 'isr_pipeline' retrieved from /opt/airflow/dags/isr_pipeline.py
[2026-04-01T02:28:34.635+0000] {logging_mixin.py:188} INFO - [2026-04-01T02:28:34.634+0000] {dag.py:3096} INFO - Sync 1 DAGs
[2026-04-01T02:28:34.864+0000] {processor.py:183} INFO - Processing /opt/airflow/dags/isr_pipeline.py took 0.654 seconds
[2026-04-01T02:29:05.416+0000] {processor.py:161} INFO - Started process (PID=39996) to work on /opt/airflow/dags/isr_pipeline.py
[2026-04-01T02:29:05.430+0000] {processor.py:830} INFO - Processing file /opt/airflow/dags/isr_pipeline.py for tasks to queue
[2026-04-01T02:29:05.437+0000] {logging_mixin.py:188} INFO - [2026-04-01T02:29:05.435+0000] {dagbag.py:540} INFO - Filling up the DagBag from /opt/airflow/dags/isr_pipeline.py
[2026-04-01T02:29:05.543+0000] {processor.py:840} INFO - DAG(s) 'isr_pipeline' retrieved from /opt/airflow/dags/isr_pipeline.py
[2026-04-01T02:29:05.819+0000] {logging_mixin.py:188} INFO - [2026-04-01T02:29:05.818+0000] {dag.py:3096} INFO - Sync 1 DAGs
[2026-04-01T02:29:06.034+0000] {processor.py:183} INFO - Processing /opt/airflow/dags/isr_pipeline.py took 0.659 seconds
[2026-04-01T02:29:36.303+0000] {processor.py:161} INFO - Started process (PID=40001) to work on /opt/airflow/dags/isr_pipeline.py
[2026-04-01T02:29:36.313+0000] {processor.py:830} INFO - Processing file /opt/airflow/dags/isr_pipeline.py for tasks to queue
[2026-04-01T02:29:36.323+0000] {logging_mixin.py:188} INFO - [2026-04-01T02:29:36.320+0000] {dagbag.py:540} INFO - Filling up the DagBag from /opt/airflow/dags/isr_pipeline.py
[2026-04-01T02:29:36.428+0000] {processor.py:840} INFO - DAG(s) 'isr_pipeline' retrieved from /opt/airflow/dags/isr_pipeline.py
[2026-04-01T02:29:36.633+0000] {logging_mixin.py:188} INFO - [2026-04-01T02:29:36.632+0000] {dag.py:3096} INFO - Sync 1 DAGs
[2026-04-01T02:29:36.880+0000] {processor.py:183} INFO - Processing /opt/airflow/dags/isr_pipeline.py took 0.617 seconds
[2026-04-01T02:30:07.425+0000] {processor.py:161} INFO - Started process (PID=40006) to work on /opt/airflow/dags/isr_pipeline.py
[2026-04-01T02:30:07.433+0000] {processor.py:830} INFO - Processing file /opt/airflow/dags/isr_pipeline.py for tasks to queue
[2026-04-01T02:30:07.441+0000] {logging_mixin.py:188} INFO - [2026-04-01T02:30:07.439+0000] {dagbag.py:540} INFO - Filling up the DagBag from /opt/airflow/dags/isr_pipeline.py
[2026-04-01T02:30:07.540+0000] {processor.py:840} INFO - DAG(s) 'isr_pipeline' retrieved from /opt/airflow/dags/isr_pipeline.py
[2026-04-01T02:30:07.775+0000] {logging_mixin.py:188} INFO - [2026-04-01T02:30:07.774+0000] {dag.py:3096} INFO - Sync 1 DAGs
[2026-04-01T02:30:07.990+0000] {processor.py:183} INFO - Processing /opt/airflow/dags/isr_pipeline.py took 0.609 seconds
[2026-04-01T02:30:38.333+0000] {processor.py:161} INFO - Started process (PID=40011) to work on /opt/airflow/dags/isr_pipeline.py
[2026-04-01T02:30:38.340+0000] {processor.py:830} INFO - Processing file /opt/airflow/dags/isr_pipeline.py for tasks to queue
[2026-04-01T02:30:38.351+0000] {logging_mixin.py:188} INFO - [2026-04-01T02:30:38.349+0000] {dagbag.py:540} INFO - Filling up the DagBag from /opt/airflow/dags/isr_pipeline.py
[2026-04-01T02:30:38.454+0000] {processor.py:840} INFO - DAG(s) 'isr_pipeline' retrieved from /opt/airflow/dags/isr_pipeline.py
[2026-04-01T02:30:38.650+0000] {logging_mixin.py:188} INFO - [2026-04-01T02:30:38.648+0000] {dag.py:3096} INFO - Sync 1 DAGs
[2026-04-01T02:30:38.878+0000] {processor.py:183} INFO - Processing /opt/airflow/dags/isr_pipeline.py took 0.584 seconds
[2026-04-01T03:01:01.911+0000] {processor.py:161} INFO - Started process (PID=40016) to work on /opt/airflow/dags/isr_pipeline.py
[2026-04-01T03:01:01.913+0000] {processor.py:830} INFO - Processing file /opt/airflow/dags/isr_pipeline.py for tasks to queue
[2026-04-01T03:01:01.918+0000] {logging_mixin.py:188} INFO - [2026-04-01T03:01:01.916+0000] {dagbag.py:540} INFO - Filling up the DagBag from /opt/airflow/dags/isr_pipeline.py
[2026-04-01T03:01:01.958+0000] {processor.py:840} INFO - DAG(s) 'isr_pipeline' retrieved from /opt/airflow/dags/isr_pipeline.py
[2026-04-01T03:01:02.030+0000] {logging_mixin.py:188} INFO - [2026-04-01T03:01:02.030+0000] {dag.py:3096} INFO - Sync 1 DAGs
[2026-04-01T03:01:02.110+0000] {processor.py:183} INFO - Processing /opt/airflow/dags/isr_pipeline.py took 0.218 seconds
[2026-04-01T03:01:32.450+0000] {processor.py:161} INFO - Started process (PID=40021) to work on /opt/airflow/dags/isr_pipeline.py
[2026-04-01T03:01:32.455+0000] {processor.py:830} INFO - Processing file /opt/airflow/dags/isr_pipeline.py for tasks to queue
[2026-04-01T03:01:32.462+0000] {logging_mixin.py:188} INFO - [2026-04-01T03:01:32.461+0000] {dagbag.py:540} INFO - Filling up the DagBag from /opt/airflow/dags/isr_pipeline.py
[2026-04-01T03:01:32.550+0000] {processor.py:840} INFO - DAG(s) 'isr_pipeline' retrieved from /opt/airflow/dags/isr_pipeline.py
[2026-04-01T03:01:32.749+0000] {logging_mixin.py:188} INFO - [2026-04-01T03:01:32.747+0000] {dag.py:3096} INFO - Sync 1 DAGs
[2026-04-01T03:01:32.977+0000] {processor.py:183} INFO - Processing /opt/airflow/dags/isr_pipeline.py took 0.567 seconds
[2026-04-01T03:18:19.697+0000] {processor.py:161} INFO - Started process (PID=40026) to work on /opt/airflow/dags/isr_pipeline.py
[2026-04-01T03:18:19.699+0000] {processor.py:830} INFO - Processing file /opt/airflow/dags/isr_pipeline.py for tasks to queue
[2026-04-01T03:18:19.704+0000] {logging_mixin.py:188} INFO - [2026-04-01T03:18:19.703+0000] {dagbag.py:540} INFO - Filling up the DagBag from /opt/airflow/dags/isr_pipeline.py
[2026-04-01T03:18:19.749+0000] {processor.py:840} INFO - DAG(s) 'isr_pipeline' retrieved from /opt/airflow/dags/isr_pipeline.py
[2026-04-01T03:18:19.798+0000] {logging_mixin.py:188} INFO - [2026-04-01T03:18:19.797+0000] {dag.py:3096} INFO - Sync 1 DAGs
[2026-04-01T03:18:19.844+0000] {processor.py:183} INFO - Processing /opt/airflow/dags/isr_pipeline.py took 0.172 seconds
[2026-04-01T03:18:50.042+0000] {processor.py:161} INFO - Started process (PID=40031) to work on /opt/airflow/dags/isr_pipeline.py
[2026-04-01T03:18:50.049+0000] {processor.py:830} INFO - Processing file /opt/airflow/dags/isr_pipeline.py for tasks to queue
[2026-04-01T03:18:50.056+0000] {logging_mixin.py:188} INFO - [2026-04-01T03:18:50.054+0000] {dagbag.py:540} INFO - Filling up the DagBag from /opt/airflow/dags/isr_pipeline.py
[2026-04-01T03:18:50.155+0000] {processor.py:840} INFO - DAG(s) 'isr_pipeline' retrieved from /opt/airflow/dags/isr_pipeline.py
[2026-04-01T03:18:50.341+0000] {logging_mixin.py:188} INFO - [2026-04-01T03:18:50.340+0000] {dag.py:3096} INFO - Sync 1 DAGs
[2026-04-01T03:18:50.548+0000] {processor.py:183} INFO - Processing /opt/airflow/dags/isr_pipeline.py took 0.541 seconds
[2026-04-01T03:19:21.113+0000] {processor.py:161} INFO - Started process (PID=40036) to work on /opt/airflow/dags/isr_pipeline.py
[2026-04-01T03:19:21.121+0000] {processor.py:830} INFO - Processing file /opt/airflow/dags/isr_pipeline.py for tasks to queue
[2026-04-01T03:19:21.130+0000] {logging_mixin.py:188} INFO - [2026-04-01T03:19:21.128+0000] {dagbag.py:540} INFO - Filling up the DagBag from /opt/airflow/dags/isr_pipeline.py
[2026-04-01T03:19:21.240+0000] {processor.py:840} INFO - DAG(s) 'isr_pipeline' retrieved from /opt/airflow/dags/isr_pipeline.py
[2026-04-01T03:19:21.441+0000] {logging_mixin.py:188} INFO - [2026-04-01T03:19:21.440+0000] {dag.py:3096} INFO - Sync 1 DAGs
[2026-04-01T03:19:21.676+0000] {processor.py:183} INFO - Processing /opt/airflow/dags/isr_pipeline.py took 0.602 seconds
[2026-04-01T03:19:51.964+0000] {processor.py:161} INFO - Started process (PID=40041) to work on /opt/airflow/dags/isr_pipeline.py
[2026-04-01T03:19:51.973+0000] {processor.py:830} INFO - Processing file /opt/airflow/dags/isr_pipeline.py for tasks to queue
[2026-04-01T03:19:52.070+0000] {logging_mixin.py:188} INFO - [2026-04-01T03:19:52.064+0000] {dagbag.py:540} INFO - Filling up the DagBag from /opt/airflow/dags/isr_pipeline.py
[2026-04-01T03:19:52.247+0000] {processor.py:840} INFO - DAG(s) 'isr_pipeline' retrieved from /opt/airflow/dags/isr_pipeline.py
[2026-04-01T03:19:52.603+0000] {logging_mixin.py:188} INFO - [2026-04-01T03:19:52.601+0000] {dag.py:3096} INFO - Sync 1 DAGs
[2026-04-01T03:19:52.923+0000] {processor.py:183} INFO - Processing /opt/airflow/dags/isr_pipeline.py took 0.999 seconds
[2026-04-01T03:20:23.377+0000] {processor.py:161} INFO - Started process (PID=40046) to work on /opt/airflow/dags/isr_pipeline.py
[2026-04-01T03:20:23.384+0000] {processor.py:830} INFO - Processing file /opt/airflow/dags/isr_pipeline.py for tasks to queue
[2026-04-01T03:20:23.391+0000] {logging_mixin.py:188} INFO - [2026-04-01T03:20:23.389+0000] {dagbag.py:540} INFO - Filling up the DagBag from /opt/airflow/dags/isr_pipeline.py
[2026-04-01T03:20:23.484+0000] {processor.py:840} INFO - DAG(s) 'isr_pipeline' retrieved from /opt/airflow/dags/isr_pipeline.py
[2026-04-01T03:20:23.678+0000] {logging_mixin.py:188} INFO - [2026-04-01T03:20:23.677+0000] {dag.py:3096} INFO - Sync 1 DAGs
[2026-04-01T03:20:23.935+0000] {processor.py:183} INFO - Processing /opt/airflow/dags/isr_pipeline.py took 0.593 seconds
[2026-04-01T03:20:54.482+0000] {processor.py:161} INFO - Started process (PID=40051) to work on /opt/airflow/dags/isr_pipeline.py
[2026-04-01T03:20:54.491+0000] {processor.py:830} INFO - Processing file /opt/airflow/dags/isr_pipeline.py for tasks to queue
[2026-04-01T03:20:54.498+0000] {logging_mixin.py:188} INFO - [2026-04-01T03:20:54.496+0000] {dagbag.py:540} INFO - Filling up the DagBag from /opt/airflow/dags/isr_pipeline.py
[2026-04-01T03:20:54.595+0000] {processor.py:840} INFO - DAG(s) 'isr_pipeline' retrieved from /opt/airflow/dags/isr_pipeline.py
[2026-04-01T03:20:54.803+0000] {logging_mixin.py:188} INFO - [2026-04-01T03:20:54.802+0000] {dag.py:3096} INFO - Sync 1 DAGs
[2026-04-01T03:20:55.037+0000] {processor.py:183} INFO - Processing /opt/airflow/dags/isr_pipeline.py took 0.593 seconds
[2026-04-01T03:21:25.558+0000] {processor.py:161} INFO - Started process (PID=40056) to work on /opt/airflow/dags/isr_pipeline.py
[2026-04-01T03:21:25.567+0000] {processor.py:830} INFO - Processing file /opt/airflow/dags/isr_pipeline.py for tasks to queue
[2026-04-01T03:21:25.578+0000] {logging_mixin.py:188} INFO - [2026-04-01T03:21:25.575+0000] {dagbag.py:540} INFO - Filling up the DagBag from /opt/airflow/dags/isr_pipeline.py
[2026-04-01T03:21:25.677+0000] {processor.py:840} INFO - DAG(s) 'isr_pipeline' retrieved from /opt/airflow/dags/isr_pipeline.py
[2026-04-01T03:21:25.877+0000] {logging_mixin.py:188} INFO - [2026-04-01T03:21:25.875+0000] {dag.py:3096} INFO - Sync 1 DAGs
[2026-04-01T03:21:26.091+0000] {processor.py:183} INFO - Processing /opt/airflow/dags/isr_pipeline.py took 0.572 seconds
[2026-04-01T03:21:56.472+0000] {processor.py:161} INFO - Started process (PID=40061) to work on /opt/airflow/dags/isr_pipeline.py
[2026-04-01T03:21:56.480+0000] {processor.py:830} INFO - Processing file /opt/airflow/dags/isr_pipeline.py for tasks to queue
[2026-04-01T03:21:56.487+0000] {logging_mixin.py:188} INFO - [2026-04-01T03:21:56.485+0000] {dagbag.py:540} INFO - Filling up the DagBag from /opt/airflow/dags/isr_pipeline.py
[2026-04-01T03:21:56.579+0000] {processor.py:840} INFO - DAG(s) 'isr_pipeline' retrieved from /opt/airflow/dags/isr_pipeline.py
[2026-04-01T03:21:56.778+0000] {logging_mixin.py:188} INFO - [2026-04-01T03:21:56.776+0000] {dag.py:3096} INFO - Sync 1 DAGs
[2026-04-01T03:21:57.020+0000] {processor.py:183} INFO - Processing /opt/airflow/dags/isr_pipeline.py took 0.585 seconds
[2026-04-01T03:22:27.552+0000] {processor.py:161} INFO - Started process (PID=40066) to work on /opt/airflow/dags/isr_pipeline.py
[2026-04-01T03:22:27.562+0000] {processor.py:830} INFO - Processing file /opt/airflow/dags/isr_pipeline.py for tasks to queue
[2026-04-01T03:22:27.569+0000] {logging_mixin.py:188} INFO - [2026-04-01T03:22:27.567+0000] {dagbag.py:540} INFO - Filling up the DagBag from /opt/airflow/dags/isr_pipeline.py
[2026-04-01T03:22:27.690+0000] {processor.py:840} INFO - DAG(s) 'isr_pipeline' retrieved from /opt/airflow/dags/isr_pipeline.py
[2026-04-01T03:22:27.898+0000] {logging_mixin.py:188} INFO - [2026-04-01T03:22:27.897+0000] {dag.py:3096} INFO - Sync 1 DAGs
[2026-04-01T03:22:28.116+0000] {processor.py:183} INFO - Processing /opt/airflow/dags/isr_pipeline.py took 0.603 seconds
[2026-04-01T03:22:58.358+0000] {processor.py:161} INFO - Started process (PID=40071) to work on /opt/airflow/dags/isr_pipeline.py
[2026-04-01T03:22:58.367+0000] {processor.py:830} INFO - Processing file /opt/airflow/dags/isr_pipeline.py for tasks to queue
[2026-04-01T03:22:58.374+0000] {logging_mixin.py:188} INFO - [2026-04-01T03:22:58.373+0000] {dagbag.py:540} INFO - Filling up the DagBag from /opt/airflow/dags/isr_pipeline.py
[2026-04-01T03:22:58.462+0000] {processor.py:840} INFO - DAG(s) 'isr_pipeline' retrieved from /opt/airflow/dags/isr_pipeline.py
[2026-04-01T03:22:58.645+0000] {logging_mixin.py:188} INFO - [2026-04-01T03:22:58.643+0000] {dag.py:3096} INFO - Sync 1 DAGs
[2026-04-01T03:22:58.866+0000] {processor.py:183} INFO - Processing /opt/airflow/dags/isr_pipeline.py took 0.546 seconds
[2026-04-01T03:23:29.390+0000] {processor.py:161} INFO - Started process (PID=40076) to work on /opt/airflow/dags/isr_pipeline.py
[2026-04-01T03:23:29.398+0000] {processor.py:830} INFO - Processing file /opt/airflow/dags/isr_pipeline.py for tasks to queue
[2026-04-01T03:23:29.406+0000] {logging_mixin.py:188} INFO - [2026-04-01T03:23:29.404+0000] {dagbag.py:540} INFO - Filling up the DagBag from /opt/airflow/dags/isr_pipeline.py
[2026-04-01T03:23:29.496+0000] {processor.py:840} INFO - DAG(s) 'isr_pipeline' retrieved from /opt/airflow/dags/isr_pipeline.py
[2026-04-01T03:23:29.701+0000] {logging_mixin.py:188} INFO - [2026-04-01T03:23:29.700+0000] {dag.py:3096} INFO - Sync 1 DAGs
[2026-04-01T03:23:29.940+0000] {processor.py:183} INFO - Processing /opt/airflow/dags/isr_pipeline.py took 0.588 seconds
[2026-04-01T03:24:01.352+0000] {processor.py:161} INFO - Started process (PID=40081) to work on /opt/airflow/dags/isr_pipeline.py
[2026-04-01T03:24:01.360+0000] {processor.py:830} INFO - Processing file /opt/airflow/dags/isr_pipeline.py for tasks to queue
[2026-04-01T03:24:01.368+0000] {logging_mixin.py:188} INFO - [2026-04-01T03:24:01.366+0000] {dagbag.py:540} INFO - Filling up the DagBag from /opt/airflow/dags/isr_pipeline.py
[2026-04-01T03:24:01.470+0000] {processor.py:840} INFO - DAG(s) 'isr_pipeline' retrieved from /opt/airflow/dags/isr_pipeline.py
[2026-04-01T03:24:01.654+0000] {logging_mixin.py:188} INFO - [2026-04-01T03:24:01.652+0000] {dag.py:3096} INFO - Sync 1 DAGs
[2026-04-01T03:24:01.885+0000] {processor.py:183} INFO - Processing /opt/airflow/dags/isr_pipeline.py took 0.576 seconds
[2026-04-01T03:24:32.425+0000] {processor.py:161} INFO - Started process (PID=40086) to work on /opt/airflow/dags/isr_pipeline.py
[2026-04-01T03:24:32.434+0000] {processor.py:830} INFO - Processing file /opt/airflow/dags/isr_pipeline.py for tasks to queue
[2026-04-01T03:24:32.442+0000] {logging_mixin.py:188} INFO - [2026-04-01T03:24:32.440+0000] {dagbag.py:540} INFO - Filling up the DagBag from /opt/airflow/dags/isr_pipeline.py
[2026-04-01T03:24:32.534+0000] {processor.py:840} INFO - DAG(s) 'isr_pipeline' retrieved from /opt/airflow/dags/isr_pipeline.py
[2026-04-01T03:24:32.739+0000] {logging_mixin.py:188} INFO - [2026-04-01T03:24:32.738+0000] {dag.py:3096} INFO - Sync 1 DAGs
[2026-04-01T03:24:33.063+0000] {processor.py:183} INFO - Processing /opt/airflow/dags/isr_pipeline.py took 0.696 seconds
[2026-04-01T03:25:03.597+0000] {processor.py:161} INFO - Started process (PID=40091) to work on /opt/airflow/dags/isr_pipeline.py
[2026-04-01T03:25:03.606+0000] {processor.py:830} INFO - Processing file /opt/airflow/dags/isr_pipeline.py for tasks to queue
[2026-04-01T03:25:03.612+0000] {logging_mixin.py:188} INFO - [2026-04-01T03:25:03.611+0000] {dagbag.py:540} INFO - Filling up the DagBag from /opt/airflow/dags/isr_pipeline.py
[2026-04-01T03:25:03.710+0000] {processor.py:840} INFO - DAG(s) 'isr_pipeline' retrieved from /opt/airflow/dags/isr_pipeline.py
[2026-04-01T03:25:03.958+0000] {logging_mixin.py:188} INFO - [2026-04-01T03:25:03.957+0000] {dag.py:3096} INFO - Sync 1 DAGs
[2026-04-01T03:25:04.291+0000] {processor.py:183} INFO - Processing /opt/airflow/dags/isr_pipeline.py took 0.733 seconds
[2026-04-01T03:25:34.584+0000] {processor.py:161} INFO - Started process (PID=40096) to work on /opt/airflow/dags/isr_pipeline.py
[2026-04-01T03:25:34.593+0000] {processor.py:830} INFO - Processing file /opt/airflow/dags/isr_pipeline.py for tasks to queue
[2026-04-01T03:25:34.600+0000] {logging_mixin.py:188} INFO - [2026-04-01T03:25:34.598+0000] {dagbag.py:540} INFO - Filling up the DagBag from /opt/airflow/dags/isr_pipeline.py
[2026-04-01T03:25:34.697+0000] {processor.py:840} INFO - DAG(s) 'isr_pipeline' retrieved from /opt/airflow/dags/isr_pipeline.py
[2026-04-01T03:25:34.919+0000] {logging_mixin.py:188} INFO - [2026-04-01T03:25:34.917+0000] {dag.py:3096} INFO - Sync 1 DAGs
[2026-04-01T03:25:35.146+0000] {processor.py:183} INFO - Processing /opt/airflow/dags/isr_pipeline.py took 0.598 seconds
[2026-04-01T03:26:05.803+0000] {processor.py:161} INFO - Started process (PID=40101) to work on /opt/airflow/dags/isr_pipeline.py
[2026-04-01T03:26:05.813+0000] {processor.py:830} INFO - Processing file /opt/airflow/dags/isr_pipeline.py for tasks to queue
[2026-04-01T03:26:05.825+0000] {logging_mixin.py:188} INFO - [2026-04-01T03:26:05.822+0000] {dagbag.py:540} INFO - Filling up the DagBag from /opt/airflow/dags/isr_pipeline.py
[2026-04-01T03:26:05.968+0000] {processor.py:840} INFO - DAG(s) 'isr_pipeline' retrieved from /opt/airflow/dags/isr_pipeline.py
[2026-04-01T03:26:06.245+0000] {logging_mixin.py:188} INFO - [2026-04-01T03:26:06.242+0000] {dag.py:3096} INFO - Sync 1 DAGs
[2026-04-01T03:26:06.582+0000] {processor.py:183} INFO - Processing /opt/airflow/dags/isr_pipeline.py took 0.840 seconds
[2026-04-01T03:26:37.218+0000] {processor.py:161} INFO - Started process (PID=40106) to work on /opt/airflow/dags/isr_pipeline.py
[2026-04-01T03:26:37.264+0000] {processor.py:830} INFO - Processing file /opt/airflow/dags/isr_pipeline.py for tasks to queue
[2026-04-01T03:26:37.281+0000] {logging_mixin.py:188} INFO - [2026-04-01T03:26:37.278+0000] {dagbag.py:540} INFO - Filling up the DagBag from /opt/airflow/dags/isr_pipeline.py
[2026-04-01T03:26:37.439+0000] {processor.py:840} INFO - DAG(s) 'isr_pipeline' retrieved from /opt/airflow/dags/isr_pipeline.py
[2026-04-01T03:26:37.682+0000] {logging_mixin.py:188} INFO - [2026-04-01T03:26:37.681+0000] {dag.py:3096} INFO - Sync 1 DAGs
[2026-04-01T03:26:37.941+0000] {processor.py:183} INFO - Processing /opt/airflow/dags/isr_pipeline.py took 0.795 seconds
[2026-04-01T03:27:08.529+0000] {processor.py:161} INFO - Started process (PID=40111) to work on /opt/airflow/dags/isr_pipeline.py
[2026-04-01T03:27:08.536+0000] {processor.py:830} INFO - Processing file /opt/airflow/dags/isr_pipeline.py for tasks to queue
[2026-04-01T03:27:08.544+0000] {logging_mixin.py:188} INFO - [2026-04-01T03:27:08.542+0000] {dagbag.py:540} INFO - Filling up the DagBag from /opt/airflow/dags/isr_pipeline.py
[2026-04-01T03:27:08.633+0000] {processor.py:840} INFO - DAG(s) 'isr_pipeline' retrieved from /opt/airflow/dags/isr_pipeline.py
[2026-04-01T03:27:08.824+0000] {logging_mixin.py:188} INFO - [2026-04-01T03:27:08.823+0000] {dag.py:3096} INFO - Sync 1 DAGs
[2026-04-01T03:27:09.054+0000] {processor.py:183} INFO - Processing /opt/airflow/dags/isr_pipeline.py took 0.560 seconds
[2026-04-01T03:27:39.636+0000] {processor.py:161} INFO - Started process (PID=40116) to work on /opt/airflow/dags/isr_pipeline.py
[2026-04-01T03:27:39.644+0000] {processor.py:830} INFO - Processing file /opt/airflow/dags/isr_pipeline.py for tasks to queue
[2026-04-01T03:27:39.651+0000] {logging_mixin.py:188} INFO - [2026-04-01T03:27:39.649+0000] {dagbag.py:540} INFO - Filling up the DagBag from /opt/airflow/dags/isr_pipeline.py
[2026-04-01T03:27:39.744+0000] {processor.py:840} INFO - DAG(s) 'isr_pipeline' retrieved from /opt/airflow/dags/isr_pipeline.py
[2026-04-01T03:27:39.942+0000] {logging_mixin.py:188} INFO - [2026-04-01T03:27:39.941+0000] {dag.py:3096} INFO - Sync 1 DAGs
[2026-04-01T03:27:40.155+0000] {processor.py:183} INFO - Processing /opt/airflow/dags/isr_pipeline.py took 0.556 seconds
[2026-04-01T03:28:10.632+0000] {processor.py:161} INFO - Started process (PID=40121) to work on /opt/airflow/dags/isr_pipeline.py
[2026-04-01T03:28:10.640+0000] {processor.py:830} INFO - Processing file /opt/airflow/dags/isr_pipeline.py for tasks to queue
[2026-04-01T03:28:10.655+0000] {logging_mixin.py:188} INFO - [2026-04-01T03:28:10.648+0000] {dagbag.py:540} INFO - Filling up the DagBag from /opt/airflow/dags/isr_pipeline.py
[2026-04-01T03:28:10.748+0000] {processor.py:840} INFO - DAG(s) 'isr_pipeline' retrieved from /opt/airflow/dags/isr_pipeline.py
[2026-04-01T03:28:10.937+0000] {logging_mixin.py:188} INFO - [2026-04-01T03:28:10.936+0000] {dag.py:3096} INFO - Sync 1 DAGs
[2026-04-01T03:28:11.145+0000] {processor.py:183} INFO - Processing /opt/airflow/dags/isr_pipeline.py took 0.550 seconds
[2026-04-01T03:28:41.956+0000] {processor.py:161} INFO - Started process (PID=40126) to work on /opt/airflow/dags/isr_pipeline.py
[2026-04-01T03:28:41.964+0000] {processor.py:830} INFO - Processing file /opt/airflow/dags/isr_pipeline.py for tasks to queue
[2026-04-01T03:28:41.972+0000] {logging_mixin.py:188} INFO - [2026-04-01T03:28:41.970+0000] {dagbag.py:540} INFO - Filling up the DagBag from /opt/airflow/dags/isr_pipeline.py
[2026-04-01T03:28:42.059+0000] {processor.py:840} INFO - DAG(s) 'isr_pipeline' retrieved from /opt/airflow/dags/isr_pipeline.py
[2026-04-01T03:28:42.257+0000] {logging_mixin.py:188} INFO - [2026-04-01T03:28:42.254+0000] {dag.py:3096} INFO - Sync 1 DAGs
[2026-04-01T03:28:42.518+0000] {processor.py:183} INFO - Processing /opt/airflow/dags/isr_pipeline.py took 0.601 seconds
[2026-04-01T03:29:13.047+0000] {processor.py:161} INFO - Started process (PID=40131) to work on /opt/airflow/dags/isr_pipeline.py
[2026-04-01T03:29:13.055+0000] {processor.py:830} INFO - Processing file /opt/airflow/dags/isr_pipeline.py for tasks to queue
[2026-04-01T03:29:13.062+0000] {logging_mixin.py:188} INFO - [2026-04-01T03:29:13.061+0000] {dagbag.py:540} INFO - Filling up the DagBag from /opt/airflow/dags/isr_pipeline.py
[2026-04-01T03:29:13.152+0000] {processor.py:840} INFO - DAG(s) 'isr_pipeline' retrieved from /opt/airflow/dags/isr_pipeline.py
[2026-04-01T03:29:13.335+0000] {logging_mixin.py:188} INFO - [2026-04-01T03:29:13.333+0000] {dag.py:3096} INFO - Sync 1 DAGs
[2026-04-01T03:29:13.544+0000] {processor.py:183} INFO - Processing /opt/airflow/dags/isr_pipeline.py took 0.537 seconds
[2026-04-01T03:29:44.053+0000] {processor.py:161} INFO - Started process (PID=40136) to work on /opt/airflow/dags/isr_pipeline.py
[2026-04-01T03:29:44.061+0000] {processor.py:830} INFO - Processing file /opt/airflow/dags/isr_pipeline.py for tasks to queue
[2026-04-01T03:29:44.069+0000] {logging_mixin.py:188} INFO - [2026-04-01T03:29:44.067+0000] {dagbag.py:540} INFO - Filling up the DagBag from /opt/airflow/dags/isr_pipeline.py
[2026-04-01T03:29:44.158+0000] {processor.py:840} INFO - DAG(s) 'isr_pipeline' retrieved from /opt/airflow/dags/isr_pipeline.py
[2026-04-01T03:29:44.347+0000] {logging_mixin.py:188} INFO - [2026-04-01T03:29:44.345+0000] {dag.py:3096} INFO - Sync 1 DAGs
[2026-04-01T03:29:44.560+0000] {processor.py:183} INFO - Processing /opt/airflow/dags/isr_pipeline.py took 0.544 seconds
[2026-04-01T03:30:14.972+0000] {processor.py:161} INFO - Started process (PID=40141) to work on /opt/airflow/dags/isr_pipeline.py
[2026-04-01T03:30:14.978+0000] {processor.py:830} INFO - Processing file /opt/airflow/dags/isr_pipeline.py for tasks to queue
[2026-04-01T03:30:14.985+0000] {logging_mixin.py:188} INFO - [2026-04-01T03:30:14.983+0000] {dagbag.py:540} INFO - Filling up the DagBag from /opt/airflow/dags/isr_pipeline.py
[2026-04-01T03:30:15.079+0000] {processor.py:840} INFO - DAG(s) 'isr_pipeline' retrieved from /opt/airflow/dags/isr_pipeline.py
[2026-04-01T03:30:15.284+0000] {logging_mixin.py:188} INFO - [2026-04-01T03:30:15.283+0000] {dag.py:3096} INFO - Sync 1 DAGs
[2026-04-01T03:30:15.510+0000] {processor.py:183} INFO - Processing /opt/airflow/dags/isr_pipeline.py took 0.572 seconds
[2026-04-01T03:30:46.094+0000] {processor.py:161} INFO - Started process (PID=40146) to work on /opt/airflow/dags/isr_pipeline.py
[2026-04-01T03:30:46.102+0000] {processor.py:830} INFO - Processing file /opt/airflow/dags/isr_pipeline.py for tasks to queue
[2026-04-01T03:30:46.108+0000] {logging_mixin.py:188} INFO - [2026-04-01T03:30:46.107+0000] {dagbag.py:540} INFO - Filling up the DagBag from /opt/airflow/dags/isr_pipeline.py
[2026-04-01T03:30:46.201+0000] {processor.py:840} INFO - DAG(s) 'isr_pipeline' retrieved from /opt/airflow/dags/isr_pipeline.py
[2026-04-01T03:30:46.414+0000] {logging_mixin.py:188} INFO - [2026-04-01T03:30:46.413+0000] {dag.py:3096} INFO - Sync 1 DAGs
[2026-04-01T03:30:46.609+0000] {processor.py:183} INFO - Processing /opt/airflow/dags/isr_pipeline.py took 0.551 seconds
[2026-04-01T04:00:44.714+0000] {processor.py:161} INFO - Started process (PID=40153) to work on /opt/airflow/dags/isr_pipeline.py
[2026-04-01T04:00:44.726+0000] {processor.py:830} INFO - Processing file /opt/airflow/dags/isr_pipeline.py for tasks to queue
[2026-04-01T04:00:44.744+0000] {logging_mixin.py:188} INFO - [2026-04-01T04:00:44.743+0000] {dagbag.py:540} INFO - Filling up the DagBag from /opt/airflow/dags/isr_pipeline.py
[2026-04-01T04:00:44.787+0000] {processor.py:840} INFO - DAG(s) 'isr_pipeline' retrieved from /opt/airflow/dags/isr_pipeline.py
[2026-04-01T04:00:44.871+0000] {logging_mixin.py:188} INFO - [2026-04-01T04:00:44.870+0000] {dag.py:3096} INFO - Sync 1 DAGs
[2026-04-01T04:00:44.943+0000] {processor.py:183} INFO - Processing /opt/airflow/dags/isr_pipeline.py took 0.243 seconds
[2026-04-01T04:01:15.247+0000] {processor.py:161} INFO - Started process (PID=40158) to work on /opt/airflow/dags/isr_pipeline.py
[2026-04-01T04:01:15.255+0000] {processor.py:830} INFO - Processing file /opt/airflow/dags/isr_pipeline.py for tasks to queue
[2026-04-01T04:01:15.265+0000] {logging_mixin.py:188} INFO - [2026-04-01T04:01:15.262+0000] {dagbag.py:540} INFO - Filling up the DagBag from /opt/airflow/dags/isr_pipeline.py
[2026-04-01T04:01:15.368+0000] {processor.py:840} INFO - DAG(s) 'isr_pipeline' retrieved from /opt/airflow/dags/isr_pipeline.py
[2026-04-01T04:01:15.550+0000] {logging_mixin.py:188} INFO - [2026-04-01T04:01:15.548+0000] {dag.py:3096} INFO - Sync 1 DAGs
[2026-04-01T04:01:15.778+0000] {processor.py:183} INFO - Processing /opt/airflow/dags/isr_pipeline.py took 0.570 seconds
[2026-04-01T04:01:46.354+0000] {processor.py:161} INFO - Started process (PID=40163) to work on /opt/airflow/dags/isr_pipeline.py
[2026-04-01T04:01:46.362+0000] {processor.py:830} INFO - Processing file /opt/airflow/dags/isr_pipeline.py for tasks to queue
[2026-04-01T04:01:46.369+0000] {logging_mixin.py:188} INFO - [2026-04-01T04:01:46.367+0000] {dagbag.py:540} INFO - Filling up the DagBag from /opt/airflow/dags/isr_pipeline.py
[2026-04-01T04:01:46.467+0000] {processor.py:840} INFO - DAG(s) 'isr_pipeline' retrieved from /opt/airflow/dags/isr_pipeline.py
[2026-04-01T04:01:46.678+0000] {logging_mixin.py:188} INFO - [2026-04-01T04:01:46.677+0000] {dag.py:3096} INFO - Sync 1 DAGs
[2026-04-01T04:01:46.914+0000] {processor.py:183} INFO - Processing /opt/airflow/dags/isr_pipeline.py took 0.597 seconds
[2026-04-01T04:02:17.275+0000] {processor.py:161} INFO - Started process (PID=40168) to work on /opt/airflow/dags/isr_pipeline.py
[2026-04-01T04:02:17.283+0000] {processor.py:830} INFO - Processing file /opt/airflow/dags/isr_pipeline.py for tasks to queue
[2026-04-01T04:02:17.292+0000] {logging_mixin.py:188} INFO - [2026-04-01T04:02:17.290+0000] {dagbag.py:540} INFO - Filling up the DagBag from /opt/airflow/dags/isr_pipeline.py
[2026-04-01T04:02:17.424+0000] {processor.py:840} INFO - DAG(s) 'isr_pipeline' retrieved from /opt/airflow/dags/isr_pipeline.py
[2026-04-01T04:02:17.896+0000] {logging_mixin.py:188} INFO - [2026-04-01T04:02:17.894+0000] {dag.py:3096} INFO - Sync 1 DAGs
[2026-04-01T04:02:18.295+0000] {processor.py:183} INFO - Processing /opt/airflow/dags/isr_pipeline.py took 1.065 seconds
[2026-04-01T04:02:48.824+0000] {processor.py:161} INFO - Started process (PID=40173) to work on /opt/airflow/dags/isr_pipeline.py
[2026-04-01T04:02:48.833+0000] {processor.py:830} INFO - Processing file /opt/airflow/dags/isr_pipeline.py for tasks to queue
[2026-04-01T04:02:48.840+0000] {logging_mixin.py:188} INFO - [2026-04-01T04:02:48.838+0000] {dagbag.py:540} INFO - Filling up the DagBag from /opt/airflow/dags/isr_pipeline.py
[2026-04-01T04:02:48.939+0000] {processor.py:840} INFO - DAG(s) 'isr_pipeline' retrieved from /opt/airflow/dags/isr_pipeline.py
[2026-04-01T04:02:49.135+0000] {logging_mixin.py:188} INFO - [2026-04-01T04:02:49.134+0000] {dag.py:3096} INFO - Sync 1 DAGs
[2026-04-01T04:02:49.355+0000] {processor.py:183} INFO - Processing /opt/airflow/dags/isr_pipeline.py took 0.570 seconds
[2026-04-01T04:03:19.874+0000] {processor.py:161} INFO - Started process (PID=40178) to work on /opt/airflow/dags/isr_pipeline.py
[2026-04-01T04:03:19.882+0000] {processor.py:830} INFO - Processing file /opt/airflow/dags/isr_pipeline.py for tasks to queue
[2026-04-01T04:03:19.891+0000] {logging_mixin.py:188} INFO - [2026-04-01T04:03:19.889+0000] {dagbag.py:540} INFO - Filling up the DagBag from /opt/airflow/dags/isr_pipeline.py
[2026-04-01T04:03:19.984+0000] {processor.py:840} INFO - DAG(s) 'isr_pipeline' retrieved from /opt/airflow/dags/isr_pipeline.py
[2026-04-01T04:03:20.167+0000] {logging_mixin.py:188} INFO - [2026-04-01T04:03:20.166+0000] {dag.py:3096} INFO - Sync 1 DAGs
[2026-04-01T04:03:20.410+0000] {processor.py:183} INFO - Processing /opt/airflow/dags/isr_pipeline.py took 0.582 seconds
[2026-04-01T04:03:50.991+0000] {processor.py:161} INFO - Started process (PID=40183) to work on /opt/airflow/dags/isr_pipeline.py
[2026-04-01T04:03:50.999+0000] {processor.py:830} INFO - Processing file /opt/airflow/dags/isr_pipeline.py for tasks to queue
[2026-04-01T04:03:51.007+0000] {logging_mixin.py:188} INFO - [2026-04-01T04:03:51.005+0000] {dagbag.py:540} INFO - Filling up the DagBag from /opt/airflow/dags/isr_pipeline.py
[2026-04-01T04:03:51.112+0000] {processor.py:840} INFO - DAG(s) 'isr_pipeline' retrieved from /opt/airflow/dags/isr_pipeline.py
[2026-04-01T04:03:51.300+0000] {logging_mixin.py:188} INFO - [2026-04-01T04:03:51.299+0000] {dag.py:3096} INFO - Sync 1 DAGs
[2026-04-01T04:03:51.510+0000] {processor.py:183} INFO - Processing /opt/airflow/dags/isr_pipeline.py took 0.557 seconds
[2026-04-01T04:04:22.020+0000] {processor.py:161} INFO - Started process (PID=40188) to work on /opt/airflow/dags/isr_pipeline.py
[2026-04-01T04:04:22.030+0000] {processor.py:830} INFO - Processing file /opt/airflow/dags/isr_pipeline.py for tasks to queue
[2026-04-01T04:04:22.039+0000] {logging_mixin.py:188} INFO - [2026-04-01T04:04:22.037+0000] {dagbag.py:540} INFO - Filling up the DagBag from /opt/airflow/dags/isr_pipeline.py
[2026-04-01T04:04:22.125+0000] {processor.py:840} INFO - DAG(s) 'isr_pipeline' retrieved from /opt/airflow/dags/isr_pipeline.py
[2026-04-01T04:04:22.311+0000] {logging_mixin.py:188} INFO - [2026-04-01T04:04:22.310+0000] {dag.py:3096} INFO - Sync 1 DAGs
[2026-04-01T04:04:22.524+0000] {processor.py:183} INFO - Processing /opt/airflow/dags/isr_pipeline.py took 0.541 seconds
[2026-04-01T04:04:52.965+0000] {processor.py:161} INFO - Started process (PID=40193) to work on /opt/airflow/dags/isr_pipeline.py
[2026-04-01T04:04:52.973+0000] {processor.py:830} INFO - Processing file /opt/airflow/dags/isr_pipeline.py for tasks to queue
[2026-04-01T04:04:52.981+0000] {logging_mixin.py:188} INFO - [2026-04-01T04:04:52.979+0000] {dagbag.py:540} INFO - Filling up the DagBag from /opt/airflow/dags/isr_pipeline.py
[2026-04-01T04:04:53.073+0000] {processor.py:840} INFO - DAG(s) 'isr_pipeline' retrieved from /opt/airflow/dags/isr_pipeline.py
[2026-04-01T04:04:53.255+0000] {logging_mixin.py:188} INFO - [2026-04-01T04:04:53.254+0000] {dag.py:3096} INFO - Sync 1 DAGs
[2026-04-01T04:04:53.475+0000] {processor.py:183} INFO - Processing /opt/airflow/dags/isr_pipeline.py took 0.548 seconds
[2026-04-01T04:05:23.964+0000] {processor.py:161} INFO - Started process (PID=40198) to work on /opt/airflow/dags/isr_pipeline.py
[2026-04-01T04:05:23.972+0000] {processor.py:830} INFO - Processing file /opt/airflow/dags/isr_pipeline.py for tasks to queue
[2026-04-01T04:05:23.980+0000] {logging_mixin.py:188} INFO - [2026-04-01T04:05:23.977+0000] {dagbag.py:540} INFO - Filling up the DagBag from /opt/airflow/dags/isr_pipeline.py
[2026-04-01T04:05:24.068+0000] {processor.py:840} INFO - DAG(s) 'isr_pipeline' retrieved from /opt/airflow/dags/isr_pipeline.py
[2026-04-01T04:05:24.254+0000] {logging_mixin.py:188} INFO - [2026-04-01T04:05:24.253+0000] {dag.py:3096} INFO - Sync 1 DAGs
[2026-04-01T04:05:24.494+0000] {processor.py:183} INFO - Processing /opt/airflow/dags/isr_pipeline.py took 0.568 seconds
[2026-04-01T04:05:54.876+0000] {processor.py:161} INFO - Started process (PID=40203) to work on /opt/airflow/dags/isr_pipeline.py
[2026-04-01T04:05:54.884+0000] {processor.py:830} INFO - Processing file /opt/airflow/dags/isr_pipeline.py for tasks to queue
[2026-04-01T04:05:54.891+0000] {logging_mixin.py:188} INFO - [2026-04-01T04:05:54.889+0000] {dagbag.py:540} INFO - Filling up the DagBag from /opt/airflow/dags/isr_pipeline.py
[2026-04-01T04:05:54.978+0000] {processor.py:840} INFO - DAG(s) 'isr_pipeline' retrieved from /opt/airflow/dags/isr_pipeline.py
[2026-04-01T04:05:55.154+0000] {logging_mixin.py:188} INFO - [2026-04-01T04:05:55.153+0000] {dag.py:3096} INFO - Sync 1 DAGs
[2026-04-01T04:05:55.379+0000] {processor.py:183} INFO - Processing /opt/airflow/dags/isr_pipeline.py took 0.540 seconds
[2026-04-01T04:06:25.935+0000] {processor.py:161} INFO - Started process (PID=40208) to work on /opt/airflow/dags/isr_pipeline.py
[2026-04-01T04:06:25.943+0000] {processor.py:830} INFO - Processing file /opt/airflow/dags/isr_pipeline.py for tasks to queue
[2026-04-01T04:06:25.950+0000] {logging_mixin.py:188} INFO - [2026-04-01T04:06:25.949+0000] {dagbag.py:540} INFO - Filling up the DagBag from /opt/airflow/dags/isr_pipeline.py
[2026-04-01T04:06:26.047+0000] {processor.py:840} INFO - DAG(s) 'isr_pipeline' retrieved from /opt/airflow/dags/isr_pipeline.py
[2026-04-01T04:06:26.245+0000] {logging_mixin.py:188} INFO - [2026-04-01T04:06:26.243+0000] {dag.py:3096} INFO - Sync 1 DAGs
[2026-04-01T04:06:26.462+0000] {processor.py:183} INFO - Processing /opt/airflow/dags/isr_pipeline.py took 0.564 seconds
[2026-04-01T04:06:56.755+0000] {processor.py:161} INFO - Started process (PID=40213) to work on /opt/airflow/dags/isr_pipeline.py
[2026-04-01T04:06:56.766+0000] {processor.py:830} INFO - Processing file /opt/airflow/dags/isr_pipeline.py for tasks to queue
[2026-04-01T04:06:56.784+0000] {logging_mixin.py:188} INFO - [2026-04-01T04:06:56.779+0000] {dagbag.py:540} INFO - Filling up the DagBag from /opt/airflow/dags/isr_pipeline.py
[2026-04-01T04:06:56.895+0000] {processor.py:840} INFO - DAG(s) 'isr_pipeline' retrieved from /opt/airflow/dags/isr_pipeline.py
[2026-04-01T04:06:57.077+0000] {logging_mixin.py:188} INFO - [2026-04-01T04:06:57.076+0000] {dag.py:3096} INFO - Sync 1 DAGs
[2026-04-01T04:06:57.298+0000] {processor.py:183} INFO - Processing /opt/airflow/dags/isr_pipeline.py took 0.594 seconds
[2026-04-01T04:07:27.884+0000] {processor.py:161} INFO - Started process (PID=40218) to work on /opt/airflow/dags/isr_pipeline.py
[2026-04-01T04:07:27.893+0000] {processor.py:830} INFO - Processing file /opt/airflow/dags/isr_pipeline.py for tasks to queue
[2026-04-01T04:07:27.901+0000] {logging_mixin.py:188} INFO - [2026-04-01T04:07:27.899+0000] {dagbag.py:540} INFO - Filling up the DagBag from /opt/airflow/dags/isr_pipeline.py
[2026-04-01T04:07:27.996+0000] {processor.py:840} INFO - DAG(s) 'isr_pipeline' retrieved from /opt/airflow/dags/isr_pipeline.py
[2026-04-01T04:07:28.180+0000] {logging_mixin.py:188} INFO - [2026-04-01T04:07:28.179+0000] {dag.py:3096} INFO - Sync 1 DAGs
[2026-04-01T04:07:28.392+0000] {processor.py:183} INFO - Processing /opt/airflow/dags/isr_pipeline.py took 0.551 seconds
[2026-04-01T04:07:58.624+0000] {processor.py:161} INFO - Started process (PID=40223) to work on /opt/airflow/dags/isr_pipeline.py
[2026-04-01T04:07:58.632+0000] {processor.py:830} INFO - Processing file /opt/airflow/dags/isr_pipeline.py for tasks to queue
[2026-04-01T04:07:58.640+0000] {logging_mixin.py:188} INFO - [2026-04-01T04:07:58.638+0000] {dagbag.py:540} INFO - Filling up the DagBag from /opt/airflow/dags/isr_pipeline.py
[2026-04-01T04:07:58.728+0000] {processor.py:840} INFO - DAG(s) 'isr_pipeline' retrieved from /opt/airflow/dags/isr_pipeline.py
[2026-04-01T04:07:58.910+0000] {logging_mixin.py:188} INFO - [2026-04-01T04:07:58.909+0000] {dag.py:3096} INFO - Sync 1 DAGs
[2026-04-01T04:07:59.120+0000] {processor.py:183} INFO - Processing /opt/airflow/dags/isr_pipeline.py took 0.534 seconds
[2026-04-01T04:08:29.388+0000] {processor.py:161} INFO - Started process (PID=40228) to work on /opt/airflow/dags/isr_pipeline.py
[2026-04-01T04:08:29.396+0000] {processor.py:830} INFO - Processing file /opt/airflow/dags/isr_pipeline.py for tasks to queue
[2026-04-01T04:08:29.410+0000] {logging_mixin.py:188} INFO - [2026-04-01T04:08:29.405+0000] {dagbag.py:540} INFO - Filling up the DagBag from /opt/airflow/dags/isr_pipeline.py
[2026-04-01T04:08:29.537+0000] {processor.py:840} INFO - DAG(s) 'isr_pipeline' retrieved from /opt/airflow/dags/isr_pipeline.py
[2026-04-01T04:08:29.724+0000] {logging_mixin.py:188} INFO - [2026-04-01T04:08:29.723+0000] {dag.py:3096} INFO - Sync 1 DAGs
[2026-04-01T04:08:29.944+0000] {processor.py:183} INFO - Processing /opt/airflow/dags/isr_pipeline.py took 0.594 seconds
[2026-04-01T04:09:00.481+0000] {processor.py:161} INFO - Started process (PID=40233) to work on /opt/airflow/dags/isr_pipeline.py
[2026-04-01T04:09:00.488+0000] {processor.py:830} INFO - Processing file /opt/airflow/dags/isr_pipeline.py for tasks to queue
[2026-04-01T04:09:00.496+0000] {logging_mixin.py:188} INFO - [2026-04-01T04:09:00.494+0000] {dagbag.py:540} INFO - Filling up the DagBag from /opt/airflow/dags/isr_pipeline.py
[2026-04-01T04:09:00.588+0000] {processor.py:840} INFO - DAG(s) 'isr_pipeline' retrieved from /opt/airflow/dags/isr_pipeline.py
[2026-04-01T04:09:00.782+0000] {logging_mixin.py:188} INFO - [2026-04-01T04:09:00.781+0000] {dag.py:3096} INFO - Sync 1 DAGs
[2026-04-01T04:09:00.997+0000] {processor.py:183} INFO - Processing /opt/airflow/dags/isr_pipeline.py took 0.557 seconds
[2026-04-01T04:09:31.297+0000] {processor.py:161} INFO - Started process (PID=40238) to work on /opt/airflow/dags/isr_pipeline.py
[2026-04-01T04:09:31.305+0000] {processor.py:830} INFO - Processing file /opt/airflow/dags/isr_pipeline.py for tasks to queue
[2026-04-01T04:09:31.311+0000] {logging_mixin.py:188} INFO - [2026-04-01T04:09:31.309+0000] {dagbag.py:540} INFO - Filling up the DagBag from /opt/airflow/dags/isr_pipeline.py
[2026-04-01T04:09:31.398+0000] {processor.py:840} INFO - DAG(s) 'isr_pipeline' retrieved from /opt/airflow/dags/isr_pipeline.py
[2026-04-01T04:09:31.578+0000] {logging_mixin.py:188} INFO - [2026-04-01T04:09:31.577+0000] {dag.py:3096} INFO - Sync 1 DAGs
[2026-04-01T04:09:31.785+0000] {processor.py:183} INFO - Processing /opt/airflow/dags/isr_pipeline.py took 0.526 seconds
[2026-04-01T04:10:02.288+0000] {processor.py:161} INFO - Started process (PID=40243) to work on /opt/airflow/dags/isr_pipeline.py
[2026-04-01T04:10:02.296+0000] {processor.py:830} INFO - Processing file /opt/airflow/dags/isr_pipeline.py for tasks to queue
[2026-04-01T04:10:02.303+0000] {logging_mixin.py:188} INFO - [2026-04-01T04:10:02.302+0000] {dagbag.py:540} INFO - Filling up the DagBag from /opt/airflow/dags/isr_pipeline.py
[2026-04-01T04:10:02.399+0000] {processor.py:840} INFO - DAG(s) 'isr_pipeline' retrieved from /opt/airflow/dags/isr_pipeline.py
[2026-04-01T04:10:02.604+0000] {logging_mixin.py:188} INFO - [2026-04-01T04:10:02.603+0000] {dag.py:3096} INFO - Sync 1 DAGs
[2026-04-01T04:10:02.832+0000] {processor.py:183} INFO - Processing /opt/airflow/dags/isr_pipeline.py took 0.583 seconds
[2026-04-01T04:10:33.488+0000] {processor.py:161} INFO - Started process (PID=40248) to work on /opt/airflow/dags/isr_pipeline.py
[2026-04-01T04:10:33.497+0000] {processor.py:830} INFO - Processing file /opt/airflow/dags/isr_pipeline.py for tasks to queue
[2026-04-01T04:10:33.507+0000] {logging_mixin.py:188} INFO - [2026-04-01T04:10:33.504+0000] {dagbag.py:540} INFO - Filling up the DagBag from /opt/airflow/dags/isr_pipeline.py
[2026-04-01T04:10:33.610+0000] {processor.py:840} INFO - DAG(s) 'isr_pipeline' retrieved from /opt/airflow/dags/isr_pipeline.py
[2026-04-01T04:10:33.833+0000] {logging_mixin.py:188} INFO - [2026-04-01T04:10:33.832+0000] {dag.py:3096} INFO - Sync 1 DAGs
[2026-04-01T04:10:34.206+0000] {processor.py:183} INFO - Processing /opt/airflow/dags/isr_pipeline.py took 0.782 seconds
[2026-04-01T04:11:05.194+0000] {processor.py:161} INFO - Started process (PID=40253) to work on /opt/airflow/dags/isr_pipeline.py
[2026-04-01T04:11:05.205+0000] {processor.py:830} INFO - Processing file /opt/airflow/dags/isr_pipeline.py for tasks to queue
[2026-04-01T04:11:05.240+0000] {logging_mixin.py:188} INFO - [2026-04-01T04:11:05.236+0000] {dagbag.py:540} INFO - Filling up the DagBag from /opt/airflow/dags/isr_pipeline.py
[2026-04-01T04:11:05.493+0000] {processor.py:840} INFO - DAG(s) 'isr_pipeline' retrieved from /opt/airflow/dags/isr_pipeline.py
[2026-04-01T04:11:05.720+0000] {logging_mixin.py:188} INFO - [2026-04-01T04:11:05.718+0000] {dag.py:3096} INFO - Sync 1 DAGs
[2026-04-01T04:11:06.102+0000] {processor.py:183} INFO - Processing /opt/airflow/dags/isr_pipeline.py took 0.962 seconds
[2026-04-01T04:11:36.739+0000] {processor.py:161} INFO - Started process (PID=40258) to work on /opt/airflow/dags/isr_pipeline.py
[2026-04-01T04:11:36.748+0000] {processor.py:830} INFO - Processing file /opt/airflow/dags/isr_pipeline.py for tasks to queue
[2026-04-01T04:11:36.763+0000] {logging_mixin.py:188} INFO - [2026-04-01T04:11:36.758+0000] {dagbag.py:540} INFO - Filling up the DagBag from /opt/airflow/dags/isr_pipeline.py
[2026-04-01T04:11:36.875+0000] {processor.py:840} INFO - DAG(s) 'isr_pipeline' retrieved from /opt/airflow/dags/isr_pipeline.py
[2026-04-01T04:11:37.058+0000] {logging_mixin.py:188} INFO - [2026-04-01T04:11:37.057+0000] {dag.py:3096} INFO - Sync 1 DAGs
[2026-04-01T04:11:37.301+0000] {processor.py:183} INFO - Processing /opt/airflow/dags/isr_pipeline.py took 0.604 seconds
[2026-04-01T04:12:07.874+0000] {processor.py:161} INFO - Started process (PID=40263) to work on /opt/airflow/dags/isr_pipeline.py
[2026-04-01T04:12:07.888+0000] {processor.py:830} INFO - Processing file /opt/airflow/dags/isr_pipeline.py for tasks to queue
[2026-04-01T04:12:07.895+0000] {logging_mixin.py:188} INFO - [2026-04-01T04:12:07.893+0000] {dagbag.py:540} INFO - Filling up the DagBag from /opt/airflow/dags/isr_pipeline.py
[2026-04-01T04:12:07.988+0000] {processor.py:840} INFO - DAG(s) 'isr_pipeline' retrieved from /opt/airflow/dags/isr_pipeline.py
[2026-04-01T04:12:08.168+0000] {logging_mixin.py:188} INFO - [2026-04-01T04:12:08.167+0000] {dag.py:3096} INFO - Sync 1 DAGs
[2026-04-01T04:12:08.379+0000] {processor.py:183} INFO - Processing /opt/airflow/dags/isr_pipeline.py took 0.556 seconds
[2026-04-01T04:42:13.689+0000] {processor.py:161} INFO - Started process (PID=40268) to work on /opt/airflow/dags/isr_pipeline.py
[2026-04-01T04:42:13.691+0000] {processor.py:830} INFO - Processing file /opt/airflow/dags/isr_pipeline.py for tasks to queue
[2026-04-01T04:42:13.693+0000] {logging_mixin.py:188} INFO - [2026-04-01T04:42:13.693+0000] {dagbag.py:540} INFO - Filling up the DagBag from /opt/airflow/dags/isr_pipeline.py
[2026-04-01T04:42:13.720+0000] {processor.py:840} INFO - DAG(s) 'isr_pipeline' retrieved from /opt/airflow/dags/isr_pipeline.py
[2026-04-01T04:42:13.787+0000] {logging_mixin.py:188} INFO - [2026-04-01T04:42:13.786+0000] {dag.py:3096} INFO - Sync 1 DAGs
[2026-04-01T04:42:13.837+0000] {processor.py:183} INFO - Processing /opt/airflow/dags/isr_pipeline.py took 0.157 seconds
[2026-04-01T04:42:44.451+0000] {processor.py:161} INFO - Started process (PID=40273) to work on /opt/airflow/dags/isr_pipeline.py
[2026-04-01T04:42:44.457+0000] {processor.py:830} INFO - Processing file /opt/airflow/dags/isr_pipeline.py for tasks to queue
[2026-04-01T04:42:44.465+0000] {logging_mixin.py:188} INFO - [2026-04-01T04:42:44.463+0000] {dagbag.py:540} INFO - Filling up the DagBag from /opt/airflow/dags/isr_pipeline.py
[2026-04-01T04:42:44.592+0000] {processor.py:840} INFO - DAG(s) 'isr_pipeline' retrieved from /opt/airflow/dags/isr_pipeline.py
[2026-04-01T04:42:44.917+0000] {logging_mixin.py:188} INFO - [2026-04-01T04:42:44.915+0000] {dag.py:3096} INFO - Sync 1 DAGs
[2026-04-01T04:42:45.235+0000] {processor.py:183} INFO - Processing /opt/airflow/dags/isr_pipeline.py took 0.822 seconds
[2026-04-01T04:43:16.046+0000] {processor.py:161} INFO - Started process (PID=40281) to work on /opt/airflow/dags/isr_pipeline.py
[2026-04-01T04:43:16.061+0000] {processor.py:830} INFO - Processing file /opt/airflow/dags/isr_pipeline.py for tasks to queue
[2026-04-01T04:43:16.083+0000] {logging_mixin.py:188} INFO - [2026-04-01T04:43:16.077+0000] {dagbag.py:540} INFO - Filling up the DagBag from /opt/airflow/dags/isr_pipeline.py
[2026-04-01T04:43:16.295+0000] {processor.py:840} INFO - DAG(s) 'isr_pipeline' retrieved from /opt/airflow/dags/isr_pipeline.py
[2026-04-01T04:43:16.610+0000] {logging_mixin.py:188} INFO - [2026-04-01T04:43:16.608+0000] {dag.py:3096} INFO - Sync 1 DAGs
[2026-04-01T04:43:17.004+0000] {processor.py:183} INFO - Processing /opt/airflow/dags/isr_pipeline.py took 1.005 seconds
[2026-04-01T04:43:47.473+0000] {processor.py:161} INFO - Started process (PID=40286) to work on /opt/airflow/dags/isr_pipeline.py
[2026-04-01T04:43:47.481+0000] {processor.py:830} INFO - Processing file /opt/airflow/dags/isr_pipeline.py for tasks to queue
[2026-04-01T04:43:47.489+0000] {logging_mixin.py:188} INFO - [2026-04-01T04:43:47.487+0000] {dagbag.py:540} INFO - Filling up the DagBag from /opt/airflow/dags/isr_pipeline.py
[2026-04-01T04:43:47.599+0000] {processor.py:840} INFO - DAG(s) 'isr_pipeline' retrieved from /opt/airflow/dags/isr_pipeline.py
[2026-04-01T04:43:47.794+0000] {logging_mixin.py:188} INFO - [2026-04-01T04:43:47.793+0000] {dag.py:3096} INFO - Sync 1 DAGs
[2026-04-01T04:43:48.034+0000] {processor.py:183} INFO - Processing /opt/airflow/dags/isr_pipeline.py took 0.607 seconds
[2026-04-01T04:44:18.652+0000] {processor.py:161} INFO - Started process (PID=40291) to work on /opt/airflow/dags/isr_pipeline.py
[2026-04-01T04:44:18.661+0000] {processor.py:830} INFO - Processing file /opt/airflow/dags/isr_pipeline.py for tasks to queue
[2026-04-01T04:44:18.669+0000] {logging_mixin.py:188} INFO - [2026-04-01T04:44:18.667+0000] {dagbag.py:540} INFO - Filling up the DagBag from /opt/airflow/dags/isr_pipeline.py
[2026-04-01T04:44:18.774+0000] {processor.py:840} INFO - DAG(s) 'isr_pipeline' retrieved from /opt/airflow/dags/isr_pipeline.py
[2026-04-01T04:44:18.975+0000] {logging_mixin.py:188} INFO - [2026-04-01T04:44:18.974+0000] {dag.py:3096} INFO - Sync 1 DAGs
[2026-04-01T04:44:19.209+0000] {processor.py:183} INFO - Processing /opt/airflow/dags/isr_pipeline.py took 0.594 seconds
[2026-04-01T04:44:49.770+0000] {processor.py:161} INFO - Started process (PID=40296) to work on /opt/airflow/dags/isr_pipeline.py
[2026-04-01T04:44:49.782+0000] {processor.py:830} INFO - Processing file /opt/airflow/dags/isr_pipeline.py for tasks to queue
[2026-04-01T04:44:49.797+0000] {logging_mixin.py:188} INFO - [2026-04-01T04:44:49.794+0000] {dagbag.py:540} INFO - Filling up the DagBag from /opt/airflow/dags/isr_pipeline.py
[2026-04-01T04:44:49.890+0000] {processor.py:840} INFO - DAG(s) 'isr_pipeline' retrieved from /opt/airflow/dags/isr_pipeline.py
[2026-04-01T04:44:50.088+0000] {logging_mixin.py:188} INFO - [2026-04-01T04:44:50.087+0000] {dag.py:3096} INFO - Sync 1 DAGs
[2026-04-01T04:44:50.294+0000] {processor.py:183} INFO - Processing /opt/airflow/dags/isr_pipeline.py took 0.564 seconds
[2026-04-01T04:45:20.623+0000] {processor.py:161} INFO - Started process (PID=40301) to work on /opt/airflow/dags/isr_pipeline.py
[2026-04-01T04:45:20.631+0000] {processor.py:830} INFO - Processing file /opt/airflow/dags/isr_pipeline.py for tasks to queue
[2026-04-01T04:45:20.638+0000] {logging_mixin.py:188} INFO - [2026-04-01T04:45:20.636+0000] {dagbag.py:540} INFO - Filling up the DagBag from /opt/airflow/dags/isr_pipeline.py
[2026-04-01T04:45:20.740+0000] {processor.py:840} INFO - DAG(s) 'isr_pipeline' retrieved from /opt/airflow/dags/isr_pipeline.py
[2026-04-01T04:45:20.943+0000] {logging_mixin.py:188} INFO - [2026-04-01T04:45:20.942+0000] {dag.py:3096} INFO - Sync 1 DAGs
[2026-04-01T04:45:21.150+0000] {processor.py:183} INFO - Processing /opt/airflow/dags/isr_pipeline.py took 0.564 seconds
[2026-04-01T04:45:51.663+0000] {processor.py:161} INFO - Started process (PID=40306) to work on /opt/airflow/dags/isr_pipeline.py
[2026-04-01T04:45:51.671+0000] {processor.py:830} INFO - Processing file /opt/airflow/dags/isr_pipeline.py for tasks to queue
[2026-04-01T04:45:51.679+0000] {logging_mixin.py:188} INFO - [2026-04-01T04:45:51.677+0000] {dagbag.py:540} INFO - Filling up the DagBag from /opt/airflow/dags/isr_pipeline.py
[2026-04-01T04:45:51.785+0000] {processor.py:840} INFO - DAG(s) 'isr_pipeline' retrieved from /opt/airflow/dags/isr_pipeline.py
[2026-04-01T04:45:51.977+0000] {logging_mixin.py:188} INFO - [2026-04-01T04:45:51.976+0000] {dag.py:3096} INFO - Sync 1 DAGs
[2026-04-01T04:45:52.196+0000] {processor.py:183} INFO - Processing /opt/airflow/dags/isr_pipeline.py took 0.571 seconds
[2026-04-01T04:46:22.613+0000] {processor.py:161} INFO - Started process (PID=40311) to work on /opt/airflow/dags/isr_pipeline.py
[2026-04-01T04:46:22.623+0000] {processor.py:830} INFO - Processing file /opt/airflow/dags/isr_pipeline.py for tasks to queue
[2026-04-01T04:46:22.630+0000] {logging_mixin.py:188} INFO - [2026-04-01T04:46:22.628+0000] {dagbag.py:540} INFO - Filling up the DagBag from /opt/airflow/dags/isr_pipeline.py
[2026-04-01T04:46:22.722+0000] {processor.py:840} INFO - DAG(s) 'isr_pipeline' retrieved from /opt/airflow/dags/isr_pipeline.py
[2026-04-01T04:46:22.929+0000] {logging_mixin.py:188} INFO - [2026-04-01T04:46:22.927+0000] {dag.py:3096} INFO - Sync 1 DAGs
[2026-04-01T04:46:23.142+0000] {processor.py:183} INFO - Processing /opt/airflow/dags/isr_pipeline.py took 0.565 seconds
[2026-04-01T04:46:53.731+0000] {processor.py:161} INFO - Started process (PID=40316) to work on /opt/airflow/dags/isr_pipeline.py
[2026-04-01T04:46:53.740+0000] {processor.py:830} INFO - Processing file /opt/airflow/dags/isr_pipeline.py for tasks to queue
[2026-04-01T04:46:53.748+0000] {logging_mixin.py:188} INFO - [2026-04-01T04:46:53.746+0000] {dagbag.py:540} INFO - Filling up the DagBag from /opt/airflow/dags/isr_pipeline.py
[2026-04-01T04:46:53.854+0000] {processor.py:840} INFO - DAG(s) 'isr_pipeline' retrieved from /opt/airflow/dags/isr_pipeline.py
[2026-04-01T04:46:54.050+0000] {logging_mixin.py:188} INFO - [2026-04-01T04:46:54.049+0000] {dag.py:3096} INFO - Sync 1 DAGs
[2026-04-01T04:46:54.277+0000] {processor.py:183} INFO - Processing /opt/airflow/dags/isr_pipeline.py took 0.582 seconds
[2026-04-01T04:47:24.544+0000] {processor.py:161} INFO - Started process (PID=40321) to work on /opt/airflow/dags/isr_pipeline.py
[2026-04-01T04:47:24.553+0000] {processor.py:830} INFO - Processing file /opt/airflow/dags/isr_pipeline.py for tasks to queue
[2026-04-01T04:47:25.581+0000] {logging_mixin.py:188} INFO - [2026-04-01T04:47:25.578+0000] {dagbag.py:540} INFO - Filling up the DagBag from /opt/airflow/dags/isr_pipeline.py
[2026-04-01T04:47:25.720+0000] {processor.py:840} INFO - DAG(s) 'isr_pipeline' retrieved from /opt/airflow/dags/isr_pipeline.py
[2026-04-01T04:47:26.047+0000] {logging_mixin.py:188} INFO - [2026-04-01T04:47:26.045+0000] {dag.py:3096} INFO - Sync 1 DAGs
[2026-04-01T04:47:26.603+0000] {processor.py:183} INFO - Processing /opt/airflow/dags/isr_pipeline.py took 2.107 seconds
[2026-04-01T04:47:57.245+0000] {processor.py:161} INFO - Started process (PID=40326) to work on /opt/airflow/dags/isr_pipeline.py
[2026-04-01T04:47:57.254+0000] {processor.py:830} INFO - Processing file /opt/airflow/dags/isr_pipeline.py for tasks to queue
[2026-04-01T04:47:57.262+0000] {logging_mixin.py:188} INFO - [2026-04-01T04:47:57.260+0000] {dagbag.py:540} INFO - Filling up the DagBag from /opt/airflow/dags/isr_pipeline.py
[2026-04-01T04:47:57.358+0000] {processor.py:840} INFO - DAG(s) 'isr_pipeline' retrieved from /opt/airflow/dags/isr_pipeline.py
[2026-04-01T04:47:57.545+0000] {logging_mixin.py:188} INFO - [2026-04-01T04:47:57.543+0000] {dag.py:3096} INFO - Sync 1 DAGs
[2026-04-01T04:47:57.751+0000] {processor.py:183} INFO - Processing /opt/airflow/dags/isr_pipeline.py took 0.552 seconds
[2026-04-01T04:48:28.456+0000] {processor.py:161} INFO - Started process (PID=40331) to work on /opt/airflow/dags/isr_pipeline.py
[2026-04-01T04:48:28.465+0000] {processor.py:830} INFO - Processing file /opt/airflow/dags/isr_pipeline.py for tasks to queue
[2026-04-01T04:48:28.473+0000] {logging_mixin.py:188} INFO - [2026-04-01T04:48:28.471+0000] {dagbag.py:540} INFO - Filling up the DagBag from /opt/airflow/dags/isr_pipeline.py
[2026-04-01T04:48:28.563+0000] {processor.py:840} INFO - DAG(s) 'isr_pipeline' retrieved from /opt/airflow/dags/isr_pipeline.py
[2026-04-01T04:48:28.747+0000] {logging_mixin.py:188} INFO - [2026-04-01T04:48:28.746+0000] {dag.py:3096} INFO - Sync 1 DAGs
[2026-04-01T04:48:28.974+0000] {processor.py:183} INFO - Processing /opt/airflow/dags/isr_pipeline.py took 0.559 seconds
[2026-04-01T04:48:59.505+0000] {processor.py:161} INFO - Started process (PID=40336) to work on /opt/airflow/dags/isr_pipeline.py
[2026-04-01T04:48:59.513+0000] {processor.py:830} INFO - Processing file /opt/airflow/dags/isr_pipeline.py for tasks to queue
[2026-04-01T04:48:59.521+0000] {logging_mixin.py:188} INFO - [2026-04-01T04:48:59.519+0000] {dagbag.py:540} INFO - Filling up the DagBag from /opt/airflow/dags/isr_pipeline.py
[2026-04-01T04:48:59.610+0000] {processor.py:840} INFO - DAG(s) 'isr_pipeline' retrieved from /opt/airflow/dags/isr_pipeline.py
[2026-04-01T04:48:59.818+0000] {logging_mixin.py:188} INFO - [2026-04-01T04:48:59.817+0000] {dag.py:3096} INFO - Sync 1 DAGs
[2026-04-01T04:49:00.049+0000] {processor.py:183} INFO - Processing /opt/airflow/dags/isr_pipeline.py took 0.582 seconds
[2026-04-01T04:49:30.468+0000] {processor.py:161} INFO - Started process (PID=40341) to work on /opt/airflow/dags/isr_pipeline.py
[2026-04-01T04:49:30.476+0000] {processor.py:830} INFO - Processing file /opt/airflow/dags/isr_pipeline.py for tasks to queue
[2026-04-01T04:49:30.483+0000] {logging_mixin.py:188} INFO - [2026-04-01T04:49:30.481+0000] {dagbag.py:540} INFO - Filling up the DagBag from /opt/airflow/dags/isr_pipeline.py
[2026-04-01T04:49:30.571+0000] {processor.py:840} INFO - DAG(s) 'isr_pipeline' retrieved from /opt/airflow/dags/isr_pipeline.py
[2026-04-01T04:49:30.752+0000] {logging_mixin.py:188} INFO - [2026-04-01T04:49:30.751+0000] {dag.py:3096} INFO - Sync 1 DAGs
[2026-04-01T04:49:30.975+0000] {processor.py:183} INFO - Processing /opt/airflow/dags/isr_pipeline.py took 0.545 seconds
[2026-04-01T04:50:01.503+0000] {processor.py:161} INFO - Started process (PID=40346) to work on /opt/airflow/dags/isr_pipeline.py
[2026-04-01T04:50:01.510+0000] {processor.py:830} INFO - Processing file /opt/airflow/dags/isr_pipeline.py for tasks to queue
[2026-04-01T04:50:01.521+0000] {logging_mixin.py:188} INFO - [2026-04-01T04:50:01.519+0000] {dagbag.py:540} INFO - Filling up the DagBag from /opt/airflow/dags/isr_pipeline.py
[2026-04-01T04:50:01.610+0000] {processor.py:840} INFO - DAG(s) 'isr_pipeline' retrieved from /opt/airflow/dags/isr_pipeline.py
[2026-04-01T04:50:01.814+0000] {logging_mixin.py:188} INFO - [2026-04-01T04:50:01.813+0000] {dag.py:3096} INFO - Sync 1 DAGs
[2026-04-01T04:50:02.033+0000] {processor.py:183} INFO - Processing /opt/airflow/dags/isr_pipeline.py took 0.570 seconds
[2026-04-01T04:50:32.407+0000] {processor.py:161} INFO - Started process (PID=40351) to work on /opt/airflow/dags/isr_pipeline.py
[2026-04-01T04:50:32.415+0000] {processor.py:830} INFO - Processing file /opt/airflow/dags/isr_pipeline.py for tasks to queue
[2026-04-01T04:50:32.422+0000] {logging_mixin.py:188} INFO - [2026-04-01T04:50:32.420+0000] {dagbag.py:540} INFO - Filling up the DagBag from /opt/airflow/dags/isr_pipeline.py
[2026-04-01T04:50:32.526+0000] {processor.py:840} INFO - DAG(s) 'isr_pipeline' retrieved from /opt/airflow/dags/isr_pipeline.py
[2026-04-01T04:50:32.709+0000] {logging_mixin.py:188} INFO - [2026-04-01T04:50:32.708+0000] {dag.py:3096} INFO - Sync 1 DAGs
[2026-04-01T04:50:32.945+0000] {processor.py:183} INFO - Processing /opt/airflow/dags/isr_pipeline.py took 0.576 seconds
[2026-04-01T04:51:03.667+0000] {processor.py:161} INFO - Started process (PID=40356) to work on /opt/airflow/dags/isr_pipeline.py
[2026-04-01T04:51:03.677+0000] {processor.py:830} INFO - Processing file /opt/airflow/dags/isr_pipeline.py for tasks to queue
[2026-04-01T04:51:03.684+0000] {logging_mixin.py:188} INFO - [2026-04-01T04:51:03.682+0000] {dagbag.py:540} INFO - Filling up the DagBag from /opt/airflow/dags/isr_pipeline.py
[2026-04-01T04:51:03.777+0000] {processor.py:840} INFO - DAG(s) 'isr_pipeline' retrieved from /opt/airflow/dags/isr_pipeline.py
[2026-04-01T04:51:03.962+0000] {logging_mixin.py:188} INFO - [2026-04-01T04:51:03.961+0000] {dag.py:3096} INFO - Sync 1 DAGs
[2026-04-01T04:51:04.179+0000] {processor.py:183} INFO - Processing /opt/airflow/dags/isr_pipeline.py took 0.557 seconds
[2026-04-01T04:51:34.721+0000] {processor.py:161} INFO - Started process (PID=40361) to work on /opt/airflow/dags/isr_pipeline.py
[2026-04-01T04:51:34.730+0000] {processor.py:830} INFO - Processing file /opt/airflow/dags/isr_pipeline.py for tasks to queue
[2026-04-01T04:51:34.738+0000] {logging_mixin.py:188} INFO - [2026-04-01T04:51:34.736+0000] {dagbag.py:540} INFO - Filling up the DagBag from /opt/airflow/dags/isr_pipeline.py
[2026-04-01T04:51:34.833+0000] {processor.py:840} INFO - DAG(s) 'isr_pipeline' retrieved from /opt/airflow/dags/isr_pipeline.py
[2026-04-01T04:51:35.029+0000] {logging_mixin.py:188} INFO - [2026-04-01T04:51:35.028+0000] {dag.py:3096} INFO - Sync 1 DAGs
[2026-04-01T04:51:35.267+0000] {processor.py:183} INFO - Processing /opt/airflow/dags/isr_pipeline.py took 0.586 seconds
[2026-04-01T05:02:02.567+0000] {processor.py:161} INFO - Started process (PID=40367) to work on /opt/airflow/dags/isr_pipeline.py
[2026-04-01T05:02:02.569+0000] {processor.py:830} INFO - Processing file /opt/airflow/dags/isr_pipeline.py for tasks to queue
[2026-04-01T05:02:02.572+0000] {logging_mixin.py:188} INFO - [2026-04-01T05:02:02.571+0000] {dagbag.py:540} INFO - Filling up the DagBag from /opt/airflow/dags/isr_pipeline.py
[2026-04-01T05:02:02.621+0000] {processor.py:840} INFO - DAG(s) 'isr_pipeline' retrieved from /opt/airflow/dags/isr_pipeline.py
[2026-04-01T05:02:02.692+0000] {logging_mixin.py:188} INFO - [2026-04-01T05:02:02.692+0000] {dag.py:3096} INFO - Sync 1 DAGs
[2026-04-01T05:02:02.759+0000] {processor.py:183} INFO - Processing /opt/airflow/dags/isr_pipeline.py took 0.207 seconds
[2026-04-01T05:02:33.493+0000] {processor.py:161} INFO - Started process (PID=40372) to work on /opt/airflow/dags/isr_pipeline.py
[2026-04-01T05:02:33.499+0000] {processor.py:830} INFO - Processing file /opt/airflow/dags/isr_pipeline.py for tasks to queue
[2026-04-01T05:02:33.507+0000] {logging_mixin.py:188} INFO - [2026-04-01T05:02:33.505+0000] {dagbag.py:540} INFO - Filling up the DagBag from /opt/airflow/dags/isr_pipeline.py
[2026-04-01T05:02:33.614+0000] {processor.py:840} INFO - DAG(s) 'isr_pipeline' retrieved from /opt/airflow/dags/isr_pipeline.py
[2026-04-01T05:02:33.812+0000] {logging_mixin.py:188} INFO - [2026-04-01T05:02:33.810+0000] {dag.py:3096} INFO - Sync 1 DAGs
[2026-04-01T05:02:34.044+0000] {processor.py:183} INFO - Processing /opt/airflow/dags/isr_pipeline.py took 0.587 seconds
[2026-04-01T05:21:41.932+0000] {processor.py:161} INFO - Started process (PID=40381) to work on /opt/airflow/dags/isr_pipeline.py
[2026-04-01T05:21:41.934+0000] {processor.py:830} INFO - Processing file /opt/airflow/dags/isr_pipeline.py for tasks to queue
[2026-04-01T05:21:41.936+0000] {logging_mixin.py:188} INFO - [2026-04-01T05:21:41.935+0000] {dagbag.py:540} INFO - Filling up the DagBag from /opt/airflow/dags/isr_pipeline.py
[2026-04-01T05:21:41.968+0000] {processor.py:840} INFO - DAG(s) 'isr_pipeline' retrieved from /opt/airflow/dags/isr_pipeline.py
[2026-04-01T05:21:42.012+0000] {logging_mixin.py:188} INFO - [2026-04-01T05:21:42.011+0000] {dag.py:3096} INFO - Sync 1 DAGs
[2026-04-01T05:21:42.061+0000] {processor.py:183} INFO - Processing /opt/airflow/dags/isr_pipeline.py took 0.139 seconds
[2026-04-01T05:22:12.437+0000] {processor.py:161} INFO - Started process (PID=40386) to work on /opt/airflow/dags/isr_pipeline.py
[2026-04-01T05:22:12.444+0000] {processor.py:830} INFO - Processing file /opt/airflow/dags/isr_pipeline.py for tasks to queue
[2026-04-01T05:22:12.454+0000] {logging_mixin.py:188} INFO - [2026-04-01T05:22:12.451+0000] {dagbag.py:540} INFO - Filling up the DagBag from /opt/airflow/dags/isr_pipeline.py
[2026-04-01T05:22:12.552+0000] {processor.py:840} INFO - DAG(s) 'isr_pipeline' retrieved from /opt/airflow/dags/isr_pipeline.py
[2026-04-01T05:22:12.754+0000] {logging_mixin.py:188} INFO - [2026-04-01T05:22:12.752+0000] {dag.py:3096} INFO - Sync 1 DAGs
[2026-04-01T05:22:12.975+0000] {processor.py:183} INFO - Processing /opt/airflow/dags/isr_pipeline.py took 0.578 seconds
[2026-04-01T05:22:43.552+0000] {processor.py:161} INFO - Started process (PID=40391) to work on /opt/airflow/dags/isr_pipeline.py
[2026-04-01T05:22:43.560+0000] {processor.py:830} INFO - Processing file /opt/airflow/dags/isr_pipeline.py for tasks to queue
[2026-04-01T05:22:43.569+0000] {logging_mixin.py:188} INFO - [2026-04-01T05:22:43.566+0000] {dagbag.py:540} INFO - Filling up the DagBag from /opt/airflow/dags/isr_pipeline.py
[2026-04-01T05:22:43.657+0000] {processor.py:840} INFO - DAG(s) 'isr_pipeline' retrieved from /opt/airflow/dags/isr_pipeline.py
[2026-04-01T05:22:43.878+0000] {logging_mixin.py:188} INFO - [2026-04-01T05:22:43.877+0000] {dag.py:3096} INFO - Sync 1 DAGs
[2026-04-01T05:22:44.154+0000] {processor.py:183} INFO - Processing /opt/airflow/dags/isr_pipeline.py took 0.641 seconds
[2026-04-01T05:23:14.767+0000] {processor.py:161} INFO - Started process (PID=40396) to work on /opt/airflow/dags/isr_pipeline.py
[2026-04-01T05:23:14.775+0000] {processor.py:830} INFO - Processing file /opt/airflow/dags/isr_pipeline.py for tasks to queue
[2026-04-01T05:23:14.783+0000] {logging_mixin.py:188} INFO - [2026-04-01T05:23:14.781+0000] {dagbag.py:540} INFO - Filling up the DagBag from /opt/airflow/dags/isr_pipeline.py
[2026-04-01T05:23:14.871+0000] {processor.py:840} INFO - DAG(s) 'isr_pipeline' retrieved from /opt/airflow/dags/isr_pipeline.py
[2026-04-01T05:23:15.077+0000] {logging_mixin.py:188} INFO - [2026-04-01T05:23:15.076+0000] {dag.py:3096} INFO - Sync 1 DAGs
[2026-04-01T05:23:15.326+0000] {processor.py:183} INFO - Processing /opt/airflow/dags/isr_pipeline.py took 0.596 seconds
[2026-04-01T05:23:46.012+0000] {processor.py:161} INFO - Started process (PID=40401) to work on /opt/airflow/dags/isr_pipeline.py
[2026-04-01T05:23:46.023+0000] {processor.py:830} INFO - Processing file /opt/airflow/dags/isr_pipeline.py for tasks to queue
[2026-04-01T05:23:46.048+0000] {logging_mixin.py:188} INFO - [2026-04-01T05:23:46.031+0000] {dagbag.py:540} INFO - Filling up the DagBag from /opt/airflow/dags/isr_pipeline.py
[2026-04-01T05:23:46.222+0000] {processor.py:840} INFO - DAG(s) 'isr_pipeline' retrieved from /opt/airflow/dags/isr_pipeline.py
[2026-04-01T05:23:46.556+0000] {logging_mixin.py:188} INFO - [2026-04-01T05:23:46.554+0000] {dag.py:3096} INFO - Sync 1 DAGs
[2026-04-01T05:23:46.924+0000] {processor.py:183} INFO - Processing /opt/airflow/dags/isr_pipeline.py took 0.973 seconds
[2026-04-01T05:24:17.520+0000] {processor.py:161} INFO - Started process (PID=40406) to work on /opt/airflow/dags/isr_pipeline.py
[2026-04-01T05:24:17.532+0000] {processor.py:830} INFO - Processing file /opt/airflow/dags/isr_pipeline.py for tasks to queue
[2026-04-01T05:24:17.545+0000] {logging_mixin.py:188} INFO - [2026-04-01T05:24:17.542+0000] {dagbag.py:540} INFO - Filling up the DagBag from /opt/airflow/dags/isr_pipeline.py
[2026-04-01T05:24:17.669+0000] {processor.py:840} INFO - DAG(s) 'isr_pipeline' retrieved from /opt/airflow/dags/isr_pipeline.py
[2026-04-01T05:24:17.928+0000] {logging_mixin.py:188} INFO - [2026-04-01T05:24:17.927+0000] {dag.py:3096} INFO - Sync 1 DAGs
[2026-04-01T05:24:18.148+0000] {processor.py:183} INFO - Processing /opt/airflow/dags/isr_pipeline.py took 0.753 seconds
[2026-04-01T05:24:48.761+0000] {processor.py:161} INFO - Started process (PID=40411) to work on /opt/airflow/dags/isr_pipeline.py
[2026-04-01T05:24:48.770+0000] {processor.py:830} INFO - Processing file /opt/airflow/dags/isr_pipeline.py for tasks to queue
[2026-04-01T05:24:48.779+0000] {logging_mixin.py:188} INFO - [2026-04-01T05:24:48.777+0000] {dagbag.py:540} INFO - Filling up the DagBag from /opt/airflow/dags/isr_pipeline.py
[2026-04-01T05:24:48.889+0000] {processor.py:840} INFO - DAG(s) 'isr_pipeline' retrieved from /opt/airflow/dags/isr_pipeline.py
[2026-04-01T05:24:49.072+0000] {logging_mixin.py:188} INFO - [2026-04-01T05:24:49.070+0000] {dag.py:3096} INFO - Sync 1 DAGs
[2026-04-01T05:24:49.301+0000] {processor.py:183} INFO - Processing /opt/airflow/dags/isr_pipeline.py took 0.590 seconds
[2026-04-01T05:25:20.131+0000] {processor.py:161} INFO - Started process (PID=40416) to work on /opt/airflow/dags/isr_pipeline.py
[2026-04-01T05:25:20.141+0000] {processor.py:830} INFO - Processing file /opt/airflow/dags/isr_pipeline.py for tasks to queue
[2026-04-01T05:25:20.152+0000] {logging_mixin.py:188} INFO - [2026-04-01T05:25:20.149+0000] {dagbag.py:540} INFO - Filling up the DagBag from /opt/airflow/dags/isr_pipeline.py
[2026-04-01T05:25:20.259+0000] {processor.py:840} INFO - DAG(s) 'isr_pipeline' retrieved from /opt/airflow/dags/isr_pipeline.py
[2026-04-01T05:25:20.569+0000] {logging_mixin.py:188} INFO - [2026-04-01T05:25:20.567+0000] {dag.py:3096} INFO - Sync 1 DAGs
[2026-04-01T05:25:20.977+0000] {processor.py:183} INFO - Processing /opt/airflow/dags/isr_pipeline.py took 0.899 seconds
[2026-04-01T05:25:51.526+0000] {processor.py:161} INFO - Started process (PID=40421) to work on /opt/airflow/dags/isr_pipeline.py
[2026-04-01T05:25:51.534+0000] {processor.py:830} INFO - Processing file /opt/airflow/dags/isr_pipeline.py for tasks to queue
[2026-04-01T05:25:51.541+0000] {logging_mixin.py:188} INFO - [2026-04-01T05:25:51.539+0000] {dagbag.py:540} INFO - Filling up the DagBag from /opt/airflow/dags/isr_pipeline.py
[2026-04-01T05:25:51.631+0000] {processor.py:840} INFO - DAG(s) 'isr_pipeline' retrieved from /opt/airflow/dags/isr_pipeline.py
[2026-04-01T05:25:51.811+0000] {logging_mixin.py:188} INFO - [2026-04-01T05:25:51.810+0000] {dag.py:3096} INFO - Sync 1 DAGs
[2026-04-01T05:25:52.022+0000] {processor.py:183} INFO - Processing /opt/airflow/dags/isr_pipeline.py took 0.542 seconds
[2026-04-01T05:26:22.556+0000] {processor.py:161} INFO - Started process (PID=40426) to work on /opt/airflow/dags/isr_pipeline.py
[2026-04-01T05:26:22.565+0000] {processor.py:830} INFO - Processing file /opt/airflow/dags/isr_pipeline.py for tasks to queue
[2026-04-01T05:26:22.575+0000] {logging_mixin.py:188} INFO - [2026-04-01T05:26:22.572+0000] {dagbag.py:540} INFO - Filling up the DagBag from /opt/airflow/dags/isr_pipeline.py
[2026-04-01T05:26:22.667+0000] {processor.py:840} INFO - DAG(s) 'isr_pipeline' retrieved from /opt/airflow/dags/isr_pipeline.py
[2026-04-01T05:26:22.870+0000] {logging_mixin.py:188} INFO - [2026-04-01T05:26:22.869+0000] {dag.py:3096} INFO - Sync 1 DAGs
[2026-04-01T05:26:23.135+0000] {processor.py:183} INFO - Processing /opt/airflow/dags/isr_pipeline.py took 0.617 seconds
[2026-04-01T05:26:53.422+0000] {processor.py:161} INFO - Started process (PID=40431) to work on /opt/airflow/dags/isr_pipeline.py
[2026-04-01T05:26:53.432+0000] {processor.py:830} INFO - Processing file /opt/airflow/dags/isr_pipeline.py for tasks to queue
[2026-04-01T05:26:53.440+0000] {logging_mixin.py:188} INFO - [2026-04-01T05:26:53.438+0000] {dagbag.py:540} INFO - Filling up the DagBag from /opt/airflow/dags/isr_pipeline.py
[2026-04-01T05:26:53.535+0000] {processor.py:840} INFO - DAG(s) 'isr_pipeline' retrieved from /opt/airflow/dags/isr_pipeline.py
[2026-04-01T05:26:53.721+0000] {logging_mixin.py:188} INFO - [2026-04-01T05:26:53.719+0000] {dag.py:3096} INFO - Sync 1 DAGs
[2026-04-01T05:26:53.942+0000] {processor.py:183} INFO - Processing /opt/airflow/dags/isr_pipeline.py took 0.560 seconds
[2026-04-01T05:27:24.355+0000] {processor.py:161} INFO - Started process (PID=40436) to work on /opt/airflow/dags/isr_pipeline.py
[2026-04-01T05:27:24.367+0000] {processor.py:830} INFO - Processing file /opt/airflow/dags/isr_pipeline.py for tasks to queue
[2026-04-01T05:27:24.385+0000] {logging_mixin.py:188} INFO - [2026-04-01T05:27:24.381+0000] {dagbag.py:540} INFO - Filling up the DagBag from /opt/airflow/dags/isr_pipeline.py
[2026-04-01T05:27:24.534+0000] {processor.py:840} INFO - DAG(s) 'isr_pipeline' retrieved from /opt/airflow/dags/isr_pipeline.py
[2026-04-01T05:27:24.853+0000] {logging_mixin.py:188} INFO - [2026-04-01T05:27:24.852+0000] {dag.py:3096} INFO - Sync 1 DAGs
[2026-04-01T05:27:25.208+0000] {processor.py:183} INFO - Processing /opt/airflow/dags/isr_pipeline.py took 0.907 seconds
[2026-04-01T05:27:55.902+0000] {processor.py:161} INFO - Started process (PID=40441) to work on /opt/airflow/dags/isr_pipeline.py
[2026-04-01T05:27:55.913+0000] {processor.py:830} INFO - Processing file /opt/airflow/dags/isr_pipeline.py for tasks to queue
[2026-04-01T05:27:55.921+0000] {logging_mixin.py:188} INFO - [2026-04-01T05:27:55.919+0000] {dagbag.py:540} INFO - Filling up the DagBag from /opt/airflow/dags/isr_pipeline.py
[2026-04-01T05:27:56.039+0000] {processor.py:840} INFO - DAG(s) 'isr_pipeline' retrieved from /opt/airflow/dags/isr_pipeline.py
[2026-04-01T05:27:56.251+0000] {logging_mixin.py:188} INFO - [2026-04-01T05:27:56.250+0000] {dag.py:3096} INFO - Sync 1 DAGs
[2026-04-01T05:27:56.488+0000] {processor.py:183} INFO - Processing /opt/airflow/dags/isr_pipeline.py took 0.626 seconds
[2026-04-01T05:28:27.045+0000] {processor.py:161} INFO - Started process (PID=40446) to work on /opt/airflow/dags/isr_pipeline.py
[2026-04-01T05:28:27.055+0000] {processor.py:830} INFO - Processing file /opt/airflow/dags/isr_pipeline.py for tasks to queue
[2026-04-01T05:28:27.065+0000] {logging_mixin.py:188} INFO - [2026-04-01T05:28:27.061+0000] {dagbag.py:540} INFO - Filling up the DagBag from /opt/airflow/dags/isr_pipeline.py
[2026-04-01T05:28:27.153+0000] {processor.py:840} INFO - DAG(s) 'isr_pipeline' retrieved from /opt/airflow/dags/isr_pipeline.py
[2026-04-01T05:28:27.352+0000] {logging_mixin.py:188} INFO - [2026-04-01T05:28:27.351+0000] {dag.py:3096} INFO - Sync 1 DAGs
[2026-04-01T05:28:27.567+0000] {processor.py:183} INFO - Processing /opt/airflow/dags/isr_pipeline.py took 0.564 seconds
[2026-04-01T05:28:58.121+0000] {processor.py:161} INFO - Started process (PID=40451) to work on /opt/airflow/dags/isr_pipeline.py
[2026-04-01T05:28:58.132+0000] {processor.py:830} INFO - Processing file /opt/airflow/dags/isr_pipeline.py for tasks to queue
[2026-04-01T05:28:58.142+0000] {logging_mixin.py:188} INFO - [2026-04-01T05:28:58.139+0000] {dagbag.py:540} INFO - Filling up the DagBag from /opt/airflow/dags/isr_pipeline.py
[2026-04-01T05:28:58.238+0000] {processor.py:840} INFO - DAG(s) 'isr_pipeline' retrieved from /opt/airflow/dags/isr_pipeline.py
[2026-04-01T05:28:58.435+0000] {logging_mixin.py:188} INFO - [2026-04-01T05:28:58.433+0000] {dag.py:3096} INFO - Sync 1 DAGs
[2026-04-01T05:28:58.667+0000] {processor.py:183} INFO - Processing /opt/airflow/dags/isr_pipeline.py took 0.597 seconds
[2026-04-01T05:29:28.999+0000] {processor.py:161} INFO - Started process (PID=40456) to work on /opt/airflow/dags/isr_pipeline.py
[2026-04-01T05:29:29.010+0000] {processor.py:830} INFO - Processing file /opt/airflow/dags/isr_pipeline.py for tasks to queue
[2026-04-01T05:29:29.020+0000] {logging_mixin.py:188} INFO - [2026-04-01T05:29:29.018+0000] {dagbag.py:540} INFO - Filling up the DagBag from /opt/airflow/dags/isr_pipeline.py
[2026-04-01T05:29:29.108+0000] {processor.py:840} INFO - DAG(s) 'isr_pipeline' retrieved from /opt/airflow/dags/isr_pipeline.py
[2026-04-01T05:29:29.299+0000] {logging_mixin.py:188} INFO - [2026-04-01T05:29:29.298+0000] {dag.py:3096} INFO - Sync 1 DAGs
[2026-04-01T05:29:29.539+0000] {processor.py:183} INFO - Processing /opt/airflow/dags/isr_pipeline.py took 0.582 seconds
[2026-04-01T05:30:00.094+0000] {processor.py:161} INFO - Started process (PID=40461) to work on /opt/airflow/dags/isr_pipeline.py
[2026-04-01T05:30:00.103+0000] {processor.py:830} INFO - Processing file /opt/airflow/dags/isr_pipeline.py for tasks to queue
[2026-04-01T05:30:00.111+0000] {logging_mixin.py:188} INFO - [2026-04-01T05:30:00.109+0000] {dagbag.py:540} INFO - Filling up the DagBag from /opt/airflow/dags/isr_pipeline.py
[2026-04-01T05:30:00.215+0000] {processor.py:840} INFO - DAG(s) 'isr_pipeline' retrieved from /opt/airflow/dags/isr_pipeline.py
[2026-04-01T05:30:00.416+0000] {logging_mixin.py:188} INFO - [2026-04-01T05:30:00.415+0000] {dag.py:3096} INFO - Sync 1 DAGs
[2026-04-01T05:30:00.639+0000] {processor.py:183} INFO - Processing /opt/airflow/dags/isr_pipeline.py took 0.587 seconds
[2026-04-01T05:30:30.875+0000] {processor.py:161} INFO - Started process (PID=40466) to work on /opt/airflow/dags/isr_pipeline.py
[2026-04-01T05:30:30.885+0000] {processor.py:830} INFO - Processing file /opt/airflow/dags/isr_pipeline.py for tasks to queue
[2026-04-01T05:30:30.893+0000] {logging_mixin.py:188} INFO - [2026-04-01T05:30:30.891+0000] {dagbag.py:540} INFO - Filling up the DagBag from /opt/airflow/dags/isr_pipeline.py
[2026-04-01T05:30:31.008+0000] {processor.py:840} INFO - DAG(s) 'isr_pipeline' retrieved from /opt/airflow/dags/isr_pipeline.py
[2026-04-01T05:30:31.192+0000] {logging_mixin.py:188} INFO - [2026-04-01T05:30:31.191+0000] {dag.py:3096} INFO - Sync 1 DAGs
[2026-04-01T05:30:31.406+0000] {processor.py:183} INFO - Processing /opt/airflow/dags/isr_pipeline.py took 0.570 seconds
[2026-04-01T05:31:02.086+0000] {processor.py:161} INFO - Started process (PID=40471) to work on /opt/airflow/dags/isr_pipeline.py
[2026-04-01T05:31:02.095+0000] {processor.py:830} INFO - Processing file /opt/airflow/dags/isr_pipeline.py for tasks to queue
[2026-04-01T05:31:02.103+0000] {logging_mixin.py:188} INFO - [2026-04-01T05:31:02.101+0000] {dagbag.py:540} INFO - Filling up the DagBag from /opt/airflow/dags/isr_pipeline.py
[2026-04-01T05:31:02.369+0000] {processor.py:840} INFO - DAG(s) 'isr_pipeline' retrieved from /opt/airflow/dags/isr_pipeline.py
[2026-04-01T05:31:02.628+0000] {logging_mixin.py:188} INFO - [2026-04-01T05:31:02.625+0000] {dag.py:3096} INFO - Sync 1 DAGs
[2026-04-01T05:31:02.889+0000] {processor.py:183} INFO - Processing /opt/airflow/dags/isr_pipeline.py took 0.849 seconds
[2026-04-01T05:31:33.922+0000] {processor.py:161} INFO - Started process (PID=40476) to work on /opt/airflow/dags/isr_pipeline.py
[2026-04-01T05:31:33.934+0000] {processor.py:830} INFO - Processing file /opt/airflow/dags/isr_pipeline.py for tasks to queue
[2026-04-01T05:31:34.073+0000] {logging_mixin.py:188} INFO - [2026-04-01T05:31:34.070+0000] {dagbag.py:540} INFO - Filling up the DagBag from /opt/airflow/dags/isr_pipeline.py
[2026-04-01T05:31:34.298+0000] {processor.py:840} INFO - DAG(s) 'isr_pipeline' retrieved from /opt/airflow/dags/isr_pipeline.py
[2026-04-01T05:31:34.824+0000] {logging_mixin.py:188} INFO - [2026-04-01T05:31:34.821+0000] {dag.py:3096} INFO - Sync 1 DAGs
[2026-04-01T05:31:35.432+0000] {processor.py:183} INFO - Processing /opt/airflow/dags/isr_pipeline.py took 1.578 seconds
[2026-04-01T06:01:51.877+0000] {processor.py:161} INFO - Started process (PID=40482) to work on /opt/airflow/dags/isr_pipeline.py
[2026-04-01T06:01:51.879+0000] {processor.py:830} INFO - Processing file /opt/airflow/dags/isr_pipeline.py for tasks to queue
[2026-04-01T06:01:51.881+0000] {logging_mixin.py:188} INFO - [2026-04-01T06:01:51.881+0000] {dagbag.py:540} INFO - Filling up the DagBag from /opt/airflow/dags/isr_pipeline.py
[2026-04-01T06:01:51.910+0000] {processor.py:840} INFO - DAG(s) 'isr_pipeline' retrieved from /opt/airflow/dags/isr_pipeline.py
[2026-04-01T06:01:51.958+0000] {logging_mixin.py:188} INFO - [2026-04-01T06:01:51.958+0000] {dag.py:3096} INFO - Sync 1 DAGs
[2026-04-01T06:01:52.012+0000] {processor.py:183} INFO - Processing /opt/airflow/dags/isr_pipeline.py took 0.151 seconds
[2026-04-01T06:02:22.578+0000] {processor.py:161} INFO - Started process (PID=40487) to work on /opt/airflow/dags/isr_pipeline.py
[2026-04-01T06:02:22.586+0000] {processor.py:830} INFO - Processing file /opt/airflow/dags/isr_pipeline.py for tasks to queue
[2026-04-01T06:02:22.595+0000] {logging_mixin.py:188} INFO - [2026-04-01T06:02:22.592+0000] {dagbag.py:540} INFO - Filling up the DagBag from /opt/airflow/dags/isr_pipeline.py
[2026-04-01T06:02:22.699+0000] {processor.py:840} INFO - DAG(s) 'isr_pipeline' retrieved from /opt/airflow/dags/isr_pipeline.py
[2026-04-01T06:02:22.949+0000] {logging_mixin.py:188} INFO - [2026-04-01T06:02:22.948+0000] {dag.py:3096} INFO - Sync 1 DAGs
[2026-04-01T06:02:23.212+0000] {processor.py:183} INFO - Processing /opt/airflow/dags/isr_pipeline.py took 0.675 seconds
[2026-04-01T06:02:52.601+0000] {processor.py:161} INFO - Started process (PID=40495) to work on /opt/airflow/dags/isr_pipeline.py
[2026-04-01T06:02:52.609+0000] {processor.py:830} INFO - Processing file /opt/airflow/dags/isr_pipeline.py for tasks to queue
[2026-04-01T06:02:52.616+0000] {logging_mixin.py:188} INFO - [2026-04-01T06:02:52.614+0000] {dagbag.py:540} INFO - Filling up the DagBag from /opt/airflow/dags/isr_pipeline.py
[2026-04-01T06:02:52.712+0000] {processor.py:840} INFO - DAG(s) 'isr_pipeline' retrieved from /opt/airflow/dags/isr_pipeline.py
[2026-04-01T06:02:52.919+0000] {logging_mixin.py:188} INFO - [2026-04-01T06:02:52.918+0000] {dag.py:3096} INFO - Sync 1 DAGs
[2026-04-01T06:02:53.128+0000] {processor.py:183} INFO - Processing /opt/airflow/dags/isr_pipeline.py took 0.571 seconds
[2026-04-01T06:03:23.640+0000] {processor.py:161} INFO - Started process (PID=40500) to work on /opt/airflow/dags/isr_pipeline.py
[2026-04-01T06:03:23.647+0000] {processor.py:830} INFO - Processing file /opt/airflow/dags/isr_pipeline.py for tasks to queue
[2026-04-01T06:03:23.657+0000] {logging_mixin.py:188} INFO - [2026-04-01T06:03:23.655+0000] {dagbag.py:540} INFO - Filling up the DagBag from /opt/airflow/dags/isr_pipeline.py
[2026-04-01T06:03:23.745+0000] {processor.py:840} INFO - DAG(s) 'isr_pipeline' retrieved from /opt/airflow/dags/isr_pipeline.py
[2026-04-01T06:03:23.943+0000] {logging_mixin.py:188} INFO - [2026-04-01T06:03:23.942+0000] {dag.py:3096} INFO - Sync 1 DAGs
[2026-04-01T06:03:24.179+0000] {processor.py:183} INFO - Processing /opt/airflow/dags/isr_pipeline.py took 0.576 seconds
[2026-04-01T06:03:54.474+0000] {processor.py:161} INFO - Started process (PID=40505) to work on /opt/airflow/dags/isr_pipeline.py
[2026-04-01T06:03:54.483+0000] {processor.py:830} INFO - Processing file /opt/airflow/dags/isr_pipeline.py for tasks to queue
[2026-04-01T06:03:54.493+0000] {logging_mixin.py:188} INFO - [2026-04-01T06:03:54.491+0000] {dagbag.py:540} INFO - Filling up the DagBag from /opt/airflow/dags/isr_pipeline.py
[2026-04-01T06:03:54.589+0000] {processor.py:840} INFO - DAG(s) 'isr_pipeline' retrieved from /opt/airflow/dags/isr_pipeline.py
[2026-04-01T06:03:54.785+0000] {logging_mixin.py:188} INFO - [2026-04-01T06:03:54.783+0000] {dag.py:3096} INFO - Sync 1 DAGs
[2026-04-01T06:03:55.003+0000] {processor.py:183} INFO - Processing /opt/airflow/dags/isr_pipeline.py took 0.570 seconds
[2026-04-01T06:04:25.553+0000] {processor.py:161} INFO - Started process (PID=40510) to work on /opt/airflow/dags/isr_pipeline.py
[2026-04-01T06:04:25.561+0000] {processor.py:830} INFO - Processing file /opt/airflow/dags/isr_pipeline.py for tasks to queue
[2026-04-01T06:04:25.569+0000] {logging_mixin.py:188} INFO - [2026-04-01T06:04:25.567+0000] {dagbag.py:540} INFO - Filling up the DagBag from /opt/airflow/dags/isr_pipeline.py
[2026-04-01T06:04:25.664+0000] {processor.py:840} INFO - DAG(s) 'isr_pipeline' retrieved from /opt/airflow/dags/isr_pipeline.py
[2026-04-01T06:04:25.857+0000] {logging_mixin.py:188} INFO - [2026-04-01T06:04:25.856+0000] {dag.py:3096} INFO - Sync 1 DAGs
[2026-04-01T06:04:26.080+0000] {processor.py:183} INFO - Processing /opt/airflow/dags/isr_pipeline.py took 0.577 seconds
[2026-04-01T06:04:56.394+0000] {processor.py:161} INFO - Started process (PID=40515) to work on /opt/airflow/dags/isr_pipeline.py
[2026-04-01T06:04:56.403+0000] {processor.py:830} INFO - Processing file /opt/airflow/dags/isr_pipeline.py for tasks to queue
[2026-04-01T06:04:56.410+0000] {logging_mixin.py:188} INFO - [2026-04-01T06:04:56.408+0000] {dagbag.py:540} INFO - Filling up the DagBag from /opt/airflow/dags/isr_pipeline.py
[2026-04-01T06:04:56.503+0000] {processor.py:840} INFO - DAG(s) 'isr_pipeline' retrieved from /opt/airflow/dags/isr_pipeline.py
[2026-04-01T06:04:56.706+0000] {logging_mixin.py:188} INFO - [2026-04-01T06:04:56.704+0000] {dag.py:3096} INFO - Sync 1 DAGs
[2026-04-01T06:04:56.923+0000] {processor.py:183} INFO - Processing /opt/airflow/dags/isr_pipeline.py took 0.568 seconds
[2026-04-01T06:05:27.439+0000] {processor.py:161} INFO - Started process (PID=40520) to work on /opt/airflow/dags/isr_pipeline.py
[2026-04-01T06:05:27.449+0000] {processor.py:830} INFO - Processing file /opt/airflow/dags/isr_pipeline.py for tasks to queue
[2026-04-01T06:05:27.459+0000] {logging_mixin.py:188} INFO - [2026-04-01T06:05:27.457+0000] {dagbag.py:540} INFO - Filling up the DagBag from /opt/airflow/dags/isr_pipeline.py
[2026-04-01T06:05:27.548+0000] {processor.py:840} INFO - DAG(s) 'isr_pipeline' retrieved from /opt/airflow/dags/isr_pipeline.py
[2026-04-01T06:05:27.733+0000] {logging_mixin.py:188} INFO - [2026-04-01T06:05:27.732+0000] {dag.py:3096} INFO - Sync 1 DAGs
[2026-04-01T06:05:27.950+0000] {processor.py:183} INFO - Processing /opt/airflow/dags/isr_pipeline.py took 0.551 seconds
[2026-04-01T06:05:58.278+0000] {processor.py:161} INFO - Started process (PID=40525) to work on /opt/airflow/dags/isr_pipeline.py
[2026-04-01T06:05:58.286+0000] {processor.py:830} INFO - Processing file /opt/airflow/dags/isr_pipeline.py for tasks to queue
[2026-04-01T06:05:58.295+0000] {logging_mixin.py:188} INFO - [2026-04-01T06:05:58.293+0000] {dagbag.py:540} INFO - Filling up the DagBag from /opt/airflow/dags/isr_pipeline.py
[2026-04-01T06:05:58.384+0000] {processor.py:840} INFO - DAG(s) 'isr_pipeline' retrieved from /opt/airflow/dags/isr_pipeline.py
[2026-04-01T06:05:58.569+0000] {logging_mixin.py:188} INFO - [2026-04-01T06:05:58.566+0000] {dag.py:3096} INFO - Sync 1 DAGs
[2026-04-01T06:05:58.783+0000] {processor.py:183} INFO - Processing /opt/airflow/dags/isr_pipeline.py took 0.544 seconds
[2026-04-01T06:06:29.348+0000] {processor.py:161} INFO - Started process (PID=40530) to work on /opt/airflow/dags/isr_pipeline.py
[2026-04-01T06:06:29.357+0000] {processor.py:830} INFO - Processing file /opt/airflow/dags/isr_pipeline.py for tasks to queue
[2026-04-01T06:06:29.365+0000] {logging_mixin.py:188} INFO - [2026-04-01T06:06:29.363+0000] {dagbag.py:540} INFO - Filling up the DagBag from /opt/airflow/dags/isr_pipeline.py
[2026-04-01T06:06:29.464+0000] {processor.py:840} INFO - DAG(s) 'isr_pipeline' retrieved from /opt/airflow/dags/isr_pipeline.py
[2026-04-01T06:06:29.664+0000] {logging_mixin.py:188} INFO - [2026-04-01T06:06:29.663+0000] {dag.py:3096} INFO - Sync 1 DAGs
[2026-04-01T06:06:29.879+0000] {processor.py:183} INFO - Processing /opt/airflow/dags/isr_pipeline.py took 0.576 seconds
[2026-04-01T06:07:00.127+0000] {processor.py:161} INFO - Started process (PID=40535) to work on /opt/airflow/dags/isr_pipeline.py
[2026-04-01T06:07:00.135+0000] {processor.py:830} INFO - Processing file /opt/airflow/dags/isr_pipeline.py for tasks to queue
[2026-04-01T06:07:00.142+0000] {logging_mixin.py:188} INFO - [2026-04-01T06:07:00.140+0000] {dagbag.py:540} INFO - Filling up the DagBag from /opt/airflow/dags/isr_pipeline.py
[2026-04-01T06:07:00.227+0000] {processor.py:840} INFO - DAG(s) 'isr_pipeline' retrieved from /opt/airflow/dags/isr_pipeline.py
[2026-04-01T06:07:00.428+0000] {logging_mixin.py:188} INFO - [2026-04-01T06:07:00.427+0000] {dag.py:3096} INFO - Sync 1 DAGs
[2026-04-01T06:07:00.650+0000] {processor.py:183} INFO - Processing /opt/airflow/dags/isr_pipeline.py took 0.561 seconds
[2026-04-01T06:07:31.183+0000] {processor.py:161} INFO - Started process (PID=40540) to work on /opt/airflow/dags/isr_pipeline.py
[2026-04-01T06:07:31.191+0000] {processor.py:830} INFO - Processing file /opt/airflow/dags/isr_pipeline.py for tasks to queue
[2026-04-01T06:07:31.198+0000] {logging_mixin.py:188} INFO - [2026-04-01T06:07:31.196+0000] {dagbag.py:540} INFO - Filling up the DagBag from /opt/airflow/dags/isr_pipeline.py
[2026-04-01T06:07:31.286+0000] {processor.py:840} INFO - DAG(s) 'isr_pipeline' retrieved from /opt/airflow/dags/isr_pipeline.py
[2026-04-01T06:07:31.479+0000] {logging_mixin.py:188} INFO - [2026-04-01T06:07:31.478+0000] {dag.py:3096} INFO - Sync 1 DAGs
[2026-04-01T06:07:31.696+0000] {processor.py:183} INFO - Processing /opt/airflow/dags/isr_pipeline.py took 0.561 seconds
[2026-04-01T06:08:02.266+0000] {processor.py:161} INFO - Started process (PID=40545) to work on /opt/airflow/dags/isr_pipeline.py
[2026-04-01T06:08:02.293+0000] {processor.py:830} INFO - Processing file /opt/airflow/dags/isr_pipeline.py for tasks to queue
[2026-04-01T06:08:02.313+0000] {logging_mixin.py:188} INFO - [2026-04-01T06:08:02.306+0000] {dagbag.py:540} INFO - Filling up the DagBag from /opt/airflow/dags/isr_pipeline.py
[2026-04-01T06:08:02.514+0000] {processor.py:840} INFO - DAG(s) 'isr_pipeline' retrieved from /opt/airflow/dags/isr_pipeline.py
[2026-04-01T06:08:02.765+0000] {logging_mixin.py:188} INFO - [2026-04-01T06:08:02.764+0000] {dag.py:3096} INFO - Sync 1 DAGs
[2026-04-01T06:08:03.408+0000] {processor.py:183} INFO - Processing /opt/airflow/dags/isr_pipeline.py took 1.197 seconds
[2026-04-01T06:08:33.829+0000] {processor.py:161} INFO - Started process (PID=40550) to work on /opt/airflow/dags/isr_pipeline.py
[2026-04-01T06:08:33.839+0000] {processor.py:830} INFO - Processing file /opt/airflow/dags/isr_pipeline.py for tasks to queue
[2026-04-01T06:08:33.848+0000] {logging_mixin.py:188} INFO - [2026-04-01T06:08:33.846+0000] {dagbag.py:540} INFO - Filling up the DagBag from /opt/airflow/dags/isr_pipeline.py
[2026-04-01T06:08:33.946+0000] {processor.py:840} INFO - DAG(s) 'isr_pipeline' retrieved from /opt/airflow/dags/isr_pipeline.py
[2026-04-01T06:08:34.158+0000] {logging_mixin.py:188} INFO - [2026-04-01T06:08:34.156+0000] {dag.py:3096} INFO - Sync 1 DAGs
[2026-04-01T06:08:34.449+0000] {processor.py:183} INFO - Processing /opt/airflow/dags/isr_pipeline.py took 0.663 seconds
[2026-04-01T06:09:04.771+0000] {processor.py:161} INFO - Started process (PID=40555) to work on /opt/airflow/dags/isr_pipeline.py
[2026-04-01T06:09:04.781+0000] {processor.py:830} INFO - Processing file /opt/airflow/dags/isr_pipeline.py for tasks to queue
[2026-04-01T06:09:04.793+0000] {logging_mixin.py:188} INFO - [2026-04-01T06:09:04.788+0000] {dagbag.py:540} INFO - Filling up the DagBag from /opt/airflow/dags/isr_pipeline.py
[2026-04-01T06:09:04.952+0000] {processor.py:840} INFO - DAG(s) 'isr_pipeline' retrieved from /opt/airflow/dags/isr_pipeline.py
[2026-04-01T06:09:05.219+0000] {logging_mixin.py:188} INFO - [2026-04-01T06:09:05.218+0000] {dag.py:3096} INFO - Sync 1 DAGs
[2026-04-01T06:09:05.489+0000] {processor.py:183} INFO - Processing /opt/airflow/dags/isr_pipeline.py took 0.771 seconds
[2026-04-01T06:09:36.071+0000] {processor.py:161} INFO - Started process (PID=40560) to work on /opt/airflow/dags/isr_pipeline.py
[2026-04-01T06:09:36.080+0000] {processor.py:830} INFO - Processing file /opt/airflow/dags/isr_pipeline.py for tasks to queue
[2026-04-01T06:09:36.088+0000] {logging_mixin.py:188} INFO - [2026-04-01T06:09:36.086+0000] {dagbag.py:540} INFO - Filling up the DagBag from /opt/airflow/dags/isr_pipeline.py
[2026-04-01T06:09:36.181+0000] {processor.py:840} INFO - DAG(s) 'isr_pipeline' retrieved from /opt/airflow/dags/isr_pipeline.py
[2026-04-01T06:09:36.387+0000] {logging_mixin.py:188} INFO - [2026-04-01T06:09:36.386+0000] {dag.py:3096} INFO - Sync 1 DAGs
[2026-04-01T06:09:36.613+0000] {processor.py:183} INFO - Processing /opt/airflow/dags/isr_pipeline.py took 0.584 seconds
[2026-04-01T06:10:06.927+0000] {processor.py:161} INFO - Started process (PID=40565) to work on /opt/airflow/dags/isr_pipeline.py
[2026-04-01T06:10:06.943+0000] {processor.py:830} INFO - Processing file /opt/airflow/dags/isr_pipeline.py for tasks to queue
[2026-04-01T06:10:06.963+0000] {logging_mixin.py:188} INFO - [2026-04-01T06:10:06.955+0000] {dagbag.py:540} INFO - Filling up the DagBag from /opt/airflow/dags/isr_pipeline.py
[2026-04-01T06:10:07.168+0000] {processor.py:840} INFO - DAG(s) 'isr_pipeline' retrieved from /opt/airflow/dags/isr_pipeline.py
[2026-04-01T06:10:07.749+0000] {logging_mixin.py:188} INFO - [2026-04-01T06:10:07.747+0000] {dag.py:3096} INFO - Sync 1 DAGs
[2026-04-01T06:10:08.195+0000] {processor.py:183} INFO - Processing /opt/airflow/dags/isr_pipeline.py took 1.331 seconds
[2026-04-01T06:10:38.716+0000] {processor.py:161} INFO - Started process (PID=40570) to work on /opt/airflow/dags/isr_pipeline.py
[2026-04-01T06:10:38.724+0000] {processor.py:830} INFO - Processing file /opt/airflow/dags/isr_pipeline.py for tasks to queue
[2026-04-01T06:10:38.736+0000] {logging_mixin.py:188} INFO - [2026-04-01T06:10:38.733+0000] {dagbag.py:540} INFO - Filling up the DagBag from /opt/airflow/dags/isr_pipeline.py
[2026-04-01T06:10:38.842+0000] {processor.py:840} INFO - DAG(s) 'isr_pipeline' retrieved from /opt/airflow/dags/isr_pipeline.py
[2026-04-01T06:10:39.045+0000] {logging_mixin.py:188} INFO - [2026-04-01T06:10:39.044+0000] {dag.py:3096} INFO - Sync 1 DAGs
[2026-04-01T06:10:39.260+0000] {processor.py:183} INFO - Processing /opt/airflow/dags/isr_pipeline.py took 0.584 seconds
[2026-04-01T06:11:09.809+0000] {processor.py:161} INFO - Started process (PID=40575) to work on /opt/airflow/dags/isr_pipeline.py
[2026-04-01T06:11:09.817+0000] {processor.py:830} INFO - Processing file /opt/airflow/dags/isr_pipeline.py for tasks to queue
[2026-04-01T06:11:09.825+0000] {logging_mixin.py:188} INFO - [2026-04-01T06:11:09.823+0000] {dagbag.py:540} INFO - Filling up the DagBag from /opt/airflow/dags/isr_pipeline.py
[2026-04-01T06:11:09.916+0000] {processor.py:840} INFO - DAG(s) 'isr_pipeline' retrieved from /opt/airflow/dags/isr_pipeline.py
[2026-04-01T06:11:10.111+0000] {logging_mixin.py:188} INFO - [2026-04-01T06:11:10.110+0000] {dag.py:3096} INFO - Sync 1 DAGs
[2026-04-01T06:11:10.327+0000] {processor.py:183} INFO - Processing /opt/airflow/dags/isr_pipeline.py took 0.556 seconds
[2026-04-01T06:11:40.941+0000] {processor.py:161} INFO - Started process (PID=40580) to work on /opt/airflow/dags/isr_pipeline.py
[2026-04-01T06:11:40.950+0000] {processor.py:830} INFO - Processing file /opt/airflow/dags/isr_pipeline.py for tasks to queue
[2026-04-01T06:11:40.958+0000] {logging_mixin.py:188} INFO - [2026-04-01T06:11:40.956+0000] {dagbag.py:540} INFO - Filling up the DagBag from /opt/airflow/dags/isr_pipeline.py
[2026-04-01T06:11:41.051+0000] {processor.py:840} INFO - DAG(s) 'isr_pipeline' retrieved from /opt/airflow/dags/isr_pipeline.py
[2026-04-01T06:11:41.253+0000] {logging_mixin.py:188} INFO - [2026-04-01T06:11:41.252+0000] {dag.py:3096} INFO - Sync 1 DAGs
[2026-04-01T06:11:41.470+0000] {processor.py:183} INFO - Processing /opt/airflow/dags/isr_pipeline.py took 0.576 seconds
[2026-04-01T06:42:04.717+0000] {processor.py:161} INFO - Started process (PID=40585) to work on /opt/airflow/dags/isr_pipeline.py
[2026-04-01T06:42:04.720+0000] {processor.py:830} INFO - Processing file /opt/airflow/dags/isr_pipeline.py for tasks to queue
[2026-04-01T06:42:04.722+0000] {logging_mixin.py:188} INFO - [2026-04-01T06:42:04.721+0000] {dagbag.py:540} INFO - Filling up the DagBag from /opt/airflow/dags/isr_pipeline.py
[2026-04-01T06:42:04.753+0000] {processor.py:840} INFO - DAG(s) 'isr_pipeline' retrieved from /opt/airflow/dags/isr_pipeline.py
[2026-04-01T06:42:04.829+0000] {logging_mixin.py:188} INFO - [2026-04-01T06:42:04.829+0000] {dag.py:3096} INFO - Sync 1 DAGs
[2026-04-01T06:42:04.897+0000] {processor.py:183} INFO - Processing /opt/airflow/dags/isr_pipeline.py took 0.191 seconds
[2026-04-01T06:42:35.231+0000] {processor.py:161} INFO - Started process (PID=40590) to work on /opt/airflow/dags/isr_pipeline.py
[2026-04-01T06:42:35.241+0000] {processor.py:830} INFO - Processing file /opt/airflow/dags/isr_pipeline.py for tasks to queue
[2026-04-01T06:42:35.250+0000] {logging_mixin.py:188} INFO - [2026-04-01T06:42:35.247+0000] {dagbag.py:540} INFO - Filling up the DagBag from /opt/airflow/dags/isr_pipeline.py
[2026-04-01T06:42:35.358+0000] {processor.py:840} INFO - DAG(s) 'isr_pipeline' retrieved from /opt/airflow/dags/isr_pipeline.py
[2026-04-01T06:42:35.597+0000] {logging_mixin.py:188} INFO - [2026-04-01T06:42:35.595+0000] {dag.py:3096} INFO - Sync 1 DAGs
[2026-04-01T06:42:35.842+0000] {processor.py:183} INFO - Processing /opt/airflow/dags/isr_pipeline.py took 0.653 seconds
[2026-04-01T06:43:06.469+0000] {processor.py:161} INFO - Started process (PID=40595) to work on /opt/airflow/dags/isr_pipeline.py
[2026-04-01T06:43:06.487+0000] {processor.py:830} INFO - Processing file /opt/airflow/dags/isr_pipeline.py for tasks to queue
[2026-04-01T06:43:06.496+0000] {logging_mixin.py:188} INFO - [2026-04-01T06:43:06.494+0000] {dagbag.py:540} INFO - Filling up the DagBag from /opt/airflow/dags/isr_pipeline.py
[2026-04-01T06:43:06.640+0000] {processor.py:840} INFO - DAG(s) 'isr_pipeline' retrieved from /opt/airflow/dags/isr_pipeline.py
[2026-04-01T06:43:06.962+0000] {logging_mixin.py:188} INFO - [2026-04-01T06:43:06.961+0000] {dag.py:3096} INFO - Sync 1 DAGs
[2026-04-01T06:43:07.224+0000] {processor.py:183} INFO - Processing /opt/airflow/dags/isr_pipeline.py took 0.810 seconds
[2026-04-01T06:43:37.818+0000] {processor.py:161} INFO - Started process (PID=40600) to work on /opt/airflow/dags/isr_pipeline.py
[2026-04-01T06:43:37.825+0000] {processor.py:830} INFO - Processing file /opt/airflow/dags/isr_pipeline.py for tasks to queue
[2026-04-01T06:43:37.833+0000] {logging_mixin.py:188} INFO - [2026-04-01T06:43:37.830+0000] {dagbag.py:540} INFO - Filling up the DagBag from /opt/airflow/dags/isr_pipeline.py
[2026-04-01T06:43:37.924+0000] {processor.py:840} INFO - DAG(s) 'isr_pipeline' retrieved from /opt/airflow/dags/isr_pipeline.py
[2026-04-01T06:43:38.123+0000] {logging_mixin.py:188} INFO - [2026-04-01T06:43:38.122+0000] {dag.py:3096} INFO - Sync 1 DAGs
[2026-04-01T06:43:38.359+0000] {processor.py:183} INFO - Processing /opt/airflow/dags/isr_pipeline.py took 0.581 seconds
[2026-04-01T06:44:08.912+0000] {processor.py:161} INFO - Started process (PID=40605) to work on /opt/airflow/dags/isr_pipeline.py
[2026-04-01T06:44:08.920+0000] {processor.py:830} INFO - Processing file /opt/airflow/dags/isr_pipeline.py for tasks to queue
[2026-04-01T06:44:08.928+0000] {logging_mixin.py:188} INFO - [2026-04-01T06:44:08.926+0000] {dagbag.py:540} INFO - Filling up the DagBag from /opt/airflow/dags/isr_pipeline.py
[2026-04-01T06:44:09.033+0000] {processor.py:840} INFO - DAG(s) 'isr_pipeline' retrieved from /opt/airflow/dags/isr_pipeline.py
[2026-04-01T06:44:09.248+0000] {logging_mixin.py:188} INFO - [2026-04-01T06:44:09.247+0000] {dag.py:3096} INFO - Sync 1 DAGs
[2026-04-01T06:44:09.461+0000] {processor.py:183} INFO - Processing /opt/airflow/dags/isr_pipeline.py took 0.588 seconds
[2026-04-01T06:44:39.751+0000] {processor.py:161} INFO - Started process (PID=40610) to work on /opt/airflow/dags/isr_pipeline.py
[2026-04-01T06:44:39.764+0000] {processor.py:830} INFO - Processing file /opt/airflow/dags/isr_pipeline.py for tasks to queue
[2026-04-01T06:44:39.772+0000] {logging_mixin.py:188} INFO - [2026-04-01T06:44:39.770+0000] {dagbag.py:540} INFO - Filling up the DagBag from /opt/airflow/dags/isr_pipeline.py
[2026-04-01T06:44:39.863+0000] {processor.py:840} INFO - DAG(s) 'isr_pipeline' retrieved from /opt/airflow/dags/isr_pipeline.py
[2026-04-01T06:44:40.070+0000] {logging_mixin.py:188} INFO - [2026-04-01T06:44:40.069+0000] {dag.py:3096} INFO - Sync 1 DAGs
[2026-04-01T06:44:40.307+0000] {processor.py:183} INFO - Processing /opt/airflow/dags/isr_pipeline.py took 0.611 seconds
[2026-04-01T06:45:10.896+0000] {processor.py:161} INFO - Started process (PID=40615) to work on /opt/airflow/dags/isr_pipeline.py
[2026-04-01T06:45:10.907+0000] {processor.py:830} INFO - Processing file /opt/airflow/dags/isr_pipeline.py for tasks to queue
[2026-04-01T06:45:10.914+0000] {logging_mixin.py:188} INFO - [2026-04-01T06:45:10.912+0000] {dagbag.py:540} INFO - Filling up the DagBag from /opt/airflow/dags/isr_pipeline.py
[2026-04-01T06:45:11.036+0000] {processor.py:840} INFO - DAG(s) 'isr_pipeline' retrieved from /opt/airflow/dags/isr_pipeline.py
[2026-04-01T06:45:11.307+0000] {logging_mixin.py:188} INFO - [2026-04-01T06:45:11.306+0000] {dag.py:3096} INFO - Sync 1 DAGs
[2026-04-01T06:45:11.618+0000] {processor.py:183} INFO - Processing /opt/airflow/dags/isr_pipeline.py took 0.764 seconds
[2026-04-01T06:45:42.166+0000] {processor.py:161} INFO - Started process (PID=40620) to work on /opt/airflow/dags/isr_pipeline.py
[2026-04-01T06:45:42.184+0000] {processor.py:830} INFO - Processing file /opt/airflow/dags/isr_pipeline.py for tasks to queue
[2026-04-01T06:45:42.192+0000] {logging_mixin.py:188} INFO - [2026-04-01T06:45:42.190+0000] {dagbag.py:540} INFO - Filling up the DagBag from /opt/airflow/dags/isr_pipeline.py
[2026-04-01T06:45:42.284+0000] {processor.py:840} INFO - DAG(s) 'isr_pipeline' retrieved from /opt/airflow/dags/isr_pipeline.py
[2026-04-01T06:45:42.477+0000] {logging_mixin.py:188} INFO - [2026-04-01T06:45:42.476+0000] {dag.py:3096} INFO - Sync 1 DAGs
[2026-04-01T06:45:42.703+0000] {processor.py:183} INFO - Processing /opt/airflow/dags/isr_pipeline.py took 0.577 seconds
[2026-04-01T06:46:13.258+0000] {processor.py:161} INFO - Started process (PID=40625) to work on /opt/airflow/dags/isr_pipeline.py
[2026-04-01T06:46:13.266+0000] {processor.py:830} INFO - Processing file /opt/airflow/dags/isr_pipeline.py for tasks to queue
[2026-04-01T06:46:13.276+0000] {logging_mixin.py:188} INFO - [2026-04-01T06:46:13.274+0000] {dagbag.py:540} INFO - Filling up the DagBag from /opt/airflow/dags/isr_pipeline.py
[2026-04-01T06:46:13.416+0000] {processor.py:840} INFO - DAG(s) 'isr_pipeline' retrieved from /opt/airflow/dags/isr_pipeline.py
[2026-04-01T06:46:13.695+0000] {logging_mixin.py:188} INFO - [2026-04-01T06:46:13.693+0000] {dag.py:3096} INFO - Sync 1 DAGs
[2026-04-01T06:46:13.985+0000] {processor.py:183} INFO - Processing /opt/airflow/dags/isr_pipeline.py took 0.782 seconds
[2026-04-01T06:46:44.861+0000] {processor.py:161} INFO - Started process (PID=40630) to work on /opt/airflow/dags/isr_pipeline.py
[2026-04-01T06:46:44.870+0000] {processor.py:830} INFO - Processing file /opt/airflow/dags/isr_pipeline.py for tasks to queue
[2026-04-01T06:46:44.878+0000] {logging_mixin.py:188} INFO - [2026-04-01T06:46:44.876+0000] {dagbag.py:540} INFO - Filling up the DagBag from /opt/airflow/dags/isr_pipeline.py
[2026-04-01T06:46:44.967+0000] {processor.py:840} INFO - DAG(s) 'isr_pipeline' retrieved from /opt/airflow/dags/isr_pipeline.py
[2026-04-01T06:46:45.170+0000] {logging_mixin.py:188} INFO - [2026-04-01T06:46:45.169+0000] {dag.py:3096} INFO - Sync 1 DAGs
[2026-04-01T06:46:45.381+0000] {processor.py:183} INFO - Processing /opt/airflow/dags/isr_pipeline.py took 0.558 seconds
[2026-04-01T06:47:15.991+0000] {processor.py:161} INFO - Started process (PID=40635) to work on /opt/airflow/dags/isr_pipeline.py
[2026-04-01T06:47:16.001+0000] {processor.py:830} INFO - Processing file /opt/airflow/dags/isr_pipeline.py for tasks to queue
[2026-04-01T06:47:16.015+0000] {logging_mixin.py:188} INFO - [2026-04-01T06:47:16.011+0000] {dagbag.py:540} INFO - Filling up the DagBag from /opt/airflow/dags/isr_pipeline.py
[2026-04-01T06:47:16.132+0000] {processor.py:840} INFO - DAG(s) 'isr_pipeline' retrieved from /opt/airflow/dags/isr_pipeline.py
[2026-04-01T06:47:16.349+0000] {logging_mixin.py:188} INFO - [2026-04-01T06:47:16.348+0000] {dag.py:3096} INFO - Sync 1 DAGs
[2026-04-01T06:47:16.769+0000] {processor.py:183} INFO - Processing /opt/airflow/dags/isr_pipeline.py took 0.822 seconds
[2026-04-01T06:47:47.346+0000] {processor.py:161} INFO - Started process (PID=40640) to work on /opt/airflow/dags/isr_pipeline.py
[2026-04-01T06:47:47.356+0000] {processor.py:830} INFO - Processing file /opt/airflow/dags/isr_pipeline.py for tasks to queue
[2026-04-01T06:47:47.364+0000] {logging_mixin.py:188} INFO - [2026-04-01T06:47:47.362+0000] {dagbag.py:540} INFO - Filling up the DagBag from /opt/airflow/dags/isr_pipeline.py
[2026-04-01T06:47:47.466+0000] {processor.py:840} INFO - DAG(s) 'isr_pipeline' retrieved from /opt/airflow/dags/isr_pipeline.py
[2026-04-01T06:47:47.670+0000] {logging_mixin.py:188} INFO - [2026-04-01T06:47:47.669+0000] {dag.py:3096} INFO - Sync 1 DAGs
[2026-04-01T06:47:47.878+0000] {processor.py:183} INFO - Processing /opt/airflow/dags/isr_pipeline.py took 0.575 seconds
[2026-04-01T06:48:18.419+0000] {processor.py:161} INFO - Started process (PID=40645) to work on /opt/airflow/dags/isr_pipeline.py
[2026-04-01T06:48:18.426+0000] {processor.py:830} INFO - Processing file /opt/airflow/dags/isr_pipeline.py for tasks to queue
[2026-04-01T06:48:18.433+0000] {logging_mixin.py:188} INFO - [2026-04-01T06:48:18.431+0000] {dagbag.py:540} INFO - Filling up the DagBag from /opt/airflow/dags/isr_pipeline.py
[2026-04-01T06:48:18.522+0000] {processor.py:840} INFO - DAG(s) 'isr_pipeline' retrieved from /opt/airflow/dags/isr_pipeline.py
[2026-04-01T06:48:18.708+0000] {logging_mixin.py:188} INFO - [2026-04-01T06:48:18.707+0000] {dag.py:3096} INFO - Sync 1 DAGs
[2026-04-01T06:48:18.925+0000] {processor.py:183} INFO - Processing /opt/airflow/dags/isr_pipeline.py took 0.546 seconds
[2026-04-01T06:48:49.371+0000] {processor.py:161} INFO - Started process (PID=40650) to work on /opt/airflow/dags/isr_pipeline.py
[2026-04-01T06:48:49.379+0000] {processor.py:830} INFO - Processing file /opt/airflow/dags/isr_pipeline.py for tasks to queue
[2026-04-01T06:48:49.386+0000] {logging_mixin.py:188} INFO - [2026-04-01T06:48:49.384+0000] {dagbag.py:540} INFO - Filling up the DagBag from /opt/airflow/dags/isr_pipeline.py
[2026-04-01T06:48:49.476+0000] {processor.py:840} INFO - DAG(s) 'isr_pipeline' retrieved from /opt/airflow/dags/isr_pipeline.py
[2026-04-01T06:48:49.660+0000] {logging_mixin.py:188} INFO - [2026-04-01T06:48:49.659+0000] {dag.py:3096} INFO - Sync 1 DAGs
[2026-04-01T06:48:49.873+0000] {processor.py:183} INFO - Processing /opt/airflow/dags/isr_pipeline.py took 0.539 seconds
[2026-04-01T06:49:20.439+0000] {processor.py:161} INFO - Started process (PID=40655) to work on /opt/airflow/dags/isr_pipeline.py
[2026-04-01T06:49:20.448+0000] {processor.py:830} INFO - Processing file /opt/airflow/dags/isr_pipeline.py for tasks to queue
[2026-04-01T06:49:20.456+0000] {logging_mixin.py:188} INFO - [2026-04-01T06:49:20.454+0000] {dagbag.py:540} INFO - Filling up the DagBag from /opt/airflow/dags/isr_pipeline.py
[2026-04-01T06:49:20.555+0000] {processor.py:840} INFO - DAG(s) 'isr_pipeline' retrieved from /opt/airflow/dags/isr_pipeline.py
[2026-04-01T06:49:20.754+0000] {logging_mixin.py:188} INFO - [2026-04-01T06:49:20.753+0000] {dag.py:3096} INFO - Sync 1 DAGs
[2026-04-01T06:49:20.968+0000] {processor.py:183} INFO - Processing /opt/airflow/dags/isr_pipeline.py took 0.582 seconds
[2026-04-01T06:49:51.160+0000] {processor.py:161} INFO - Started process (PID=40660) to work on /opt/airflow/dags/isr_pipeline.py
[2026-04-01T06:49:51.168+0000] {processor.py:830} INFO - Processing file /opt/airflow/dags/isr_pipeline.py for tasks to queue
[2026-04-01T06:49:51.178+0000] {logging_mixin.py:188} INFO - [2026-04-01T06:49:51.176+0000] {dagbag.py:540} INFO - Filling up the DagBag from /opt/airflow/dags/isr_pipeline.py
[2026-04-01T06:49:51.269+0000] {processor.py:840} INFO - DAG(s) 'isr_pipeline' retrieved from /opt/airflow/dags/isr_pipeline.py
[2026-04-01T06:49:51.476+0000] {logging_mixin.py:188} INFO - [2026-04-01T06:49:51.475+0000] {dag.py:3096} INFO - Sync 1 DAGs
[2026-04-01T06:49:51.725+0000] {processor.py:183} INFO - Processing /opt/airflow/dags/isr_pipeline.py took 0.605 seconds
[2026-04-01T06:50:22.338+0000] {processor.py:161} INFO - Started process (PID=40665) to work on /opt/airflow/dags/isr_pipeline.py
[2026-04-01T06:50:22.349+0000] {processor.py:830} INFO - Processing file /opt/airflow/dags/isr_pipeline.py for tasks to queue
[2026-04-01T06:50:22.368+0000] {logging_mixin.py:188} INFO - [2026-04-01T06:50:22.362+0000] {dagbag.py:540} INFO - Filling up the DagBag from /opt/airflow/dags/isr_pipeline.py
[2026-04-01T06:50:22.471+0000] {processor.py:840} INFO - DAG(s) 'isr_pipeline' retrieved from /opt/airflow/dags/isr_pipeline.py
[2026-04-01T06:50:22.678+0000] {logging_mixin.py:188} INFO - [2026-04-01T06:50:22.676+0000] {dag.py:3096} INFO - Sync 1 DAGs
[2026-04-01T06:50:22.921+0000] {processor.py:183} INFO - Processing /opt/airflow/dags/isr_pipeline.py took 0.624 seconds
[2026-04-01T06:50:53.507+0000] {processor.py:161} INFO - Started process (PID=40670) to work on /opt/airflow/dags/isr_pipeline.py
[2026-04-01T06:50:53.517+0000] {processor.py:830} INFO - Processing file /opt/airflow/dags/isr_pipeline.py for tasks to queue
[2026-04-01T06:50:53.524+0000] {logging_mixin.py:188} INFO - [2026-04-01T06:50:53.522+0000] {dagbag.py:540} INFO - Filling up the DagBag from /opt/airflow/dags/isr_pipeline.py
[2026-04-01T06:50:53.630+0000] {processor.py:840} INFO - DAG(s) 'isr_pipeline' retrieved from /opt/airflow/dags/isr_pipeline.py
[2026-04-01T06:50:53.859+0000] {logging_mixin.py:188} INFO - [2026-04-01T06:50:53.858+0000] {dag.py:3096} INFO - Sync 1 DAGs
[2026-04-01T06:50:54.074+0000] {processor.py:183} INFO - Processing /opt/airflow/dags/isr_pipeline.py took 0.610 seconds
[2026-04-01T06:51:24.495+0000] {processor.py:161} INFO - Started process (PID=40675) to work on /opt/airflow/dags/isr_pipeline.py
[2026-04-01T06:51:24.503+0000] {processor.py:830} INFO - Processing file /opt/airflow/dags/isr_pipeline.py for tasks to queue
[2026-04-01T06:51:24.511+0000] {logging_mixin.py:188} INFO - [2026-04-01T06:51:24.509+0000] {dagbag.py:540} INFO - Filling up the DagBag from /opt/airflow/dags/isr_pipeline.py
[2026-04-01T06:51:24.599+0000] {processor.py:840} INFO - DAG(s) 'isr_pipeline' retrieved from /opt/airflow/dags/isr_pipeline.py
[2026-04-01T06:51:24.793+0000] {logging_mixin.py:188} INFO - [2026-04-01T06:51:24.791+0000] {dag.py:3096} INFO - Sync 1 DAGs
[2026-04-01T06:51:25.012+0000] {processor.py:183} INFO - Processing /opt/airflow/dags/isr_pipeline.py took 0.564 seconds
[2026-04-01T06:51:55.544+0000] {processor.py:161} INFO - Started process (PID=40680) to work on /opt/airflow/dags/isr_pipeline.py
[2026-04-01T06:51:55.552+0000] {processor.py:830} INFO - Processing file /opt/airflow/dags/isr_pipeline.py for tasks to queue
[2026-04-01T06:51:55.561+0000] {logging_mixin.py:188} INFO - [2026-04-01T06:51:55.558+0000] {dagbag.py:540} INFO - Filling up the DagBag from /opt/airflow/dags/isr_pipeline.py
[2026-04-01T06:51:55.654+0000] {processor.py:840} INFO - DAG(s) 'isr_pipeline' retrieved from /opt/airflow/dags/isr_pipeline.py
[2026-04-01T06:51:55.864+0000] {logging_mixin.py:188} INFO - [2026-04-01T06:51:55.863+0000] {dag.py:3096} INFO - Sync 1 DAGs
[2026-04-01T06:51:56.071+0000] {processor.py:183} INFO - Processing /opt/airflow/dags/isr_pipeline.py took 0.569 seconds
[2026-04-01T06:52:26.683+0000] {processor.py:161} INFO - Started process (PID=40685) to work on /opt/airflow/dags/isr_pipeline.py
[2026-04-01T06:52:26.693+0000] {processor.py:830} INFO - Processing file /opt/airflow/dags/isr_pipeline.py for tasks to queue
[2026-04-01T06:52:26.703+0000] {logging_mixin.py:188} INFO - [2026-04-01T06:52:26.699+0000] {dagbag.py:540} INFO - Filling up the DagBag from /opt/airflow/dags/isr_pipeline.py
[2026-04-01T06:52:26.829+0000] {processor.py:840} INFO - DAG(s) 'isr_pipeline' retrieved from /opt/airflow/dags/isr_pipeline.py
[2026-04-01T06:52:27.038+0000] {logging_mixin.py:188} INFO - [2026-04-01T06:52:27.037+0000] {dag.py:3096} INFO - Sync 1 DAGs
[2026-04-01T06:52:27.351+0000] {processor.py:183} INFO - Processing /opt/airflow/dags/isr_pipeline.py took 0.729 seconds
[2026-04-01T07:03:03.626+0000] {processor.py:161} INFO - Started process (PID=40691) to work on /opt/airflow/dags/isr_pipeline.py
[2026-04-01T07:03:03.628+0000] {processor.py:830} INFO - Processing file /opt/airflow/dags/isr_pipeline.py for tasks to queue
[2026-04-01T07:03:03.630+0000] {logging_mixin.py:188} INFO - [2026-04-01T07:03:03.629+0000] {dagbag.py:540} INFO - Filling up the DagBag from /opt/airflow/dags/isr_pipeline.py
[2026-04-01T07:03:03.656+0000] {processor.py:840} INFO - DAG(s) 'isr_pipeline' retrieved from /opt/airflow/dags/isr_pipeline.py
[2026-04-01T07:03:03.705+0000] {logging_mixin.py:188} INFO - [2026-04-01T07:03:03.704+0000] {dag.py:3096} INFO - Sync 1 DAGs
[2026-04-01T07:03:03.751+0000] {processor.py:183} INFO - Processing /opt/airflow/dags/isr_pipeline.py took 0.133 seconds
[2026-04-01T07:03:33.935+0000] {processor.py:161} INFO - Started process (PID=40696) to work on /opt/airflow/dags/isr_pipeline.py
[2026-04-01T07:03:33.943+0000] {processor.py:830} INFO - Processing file /opt/airflow/dags/isr_pipeline.py for tasks to queue
[2026-04-01T07:03:33.951+0000] {logging_mixin.py:188} INFO - [2026-04-01T07:03:33.949+0000] {dagbag.py:540} INFO - Filling up the DagBag from /opt/airflow/dags/isr_pipeline.py
[2026-04-01T07:03:34.049+0000] {processor.py:840} INFO - DAG(s) 'isr_pipeline' retrieved from /opt/airflow/dags/isr_pipeline.py
[2026-04-01T07:03:34.239+0000] {logging_mixin.py:188} INFO - [2026-04-01T07:03:34.238+0000] {dag.py:3096} INFO - Sync 1 DAGs
[2026-04-01T07:03:34.492+0000] {processor.py:183} INFO - Processing /opt/airflow/dags/isr_pipeline.py took 0.595 seconds
[2026-04-01T07:22:41.599+0000] {processor.py:161} INFO - Started process (PID=40702) to work on /opt/airflow/dags/isr_pipeline.py
[2026-04-01T07:22:41.609+0000] {processor.py:830} INFO - Processing file /opt/airflow/dags/isr_pipeline.py for tasks to queue
[2026-04-01T07:22:41.613+0000] {logging_mixin.py:188} INFO - [2026-04-01T07:22:41.612+0000] {dagbag.py:540} INFO - Filling up the DagBag from /opt/airflow/dags/isr_pipeline.py
[2026-04-01T07:22:41.658+0000] {processor.py:840} INFO - DAG(s) 'isr_pipeline' retrieved from /opt/airflow/dags/isr_pipeline.py
[2026-04-01T07:22:41.728+0000] {logging_mixin.py:188} INFO - [2026-04-01T07:22:41.728+0000] {dag.py:3096} INFO - Sync 1 DAGs
[2026-04-01T07:22:41.797+0000] {processor.py:183} INFO - Processing /opt/airflow/dags/isr_pipeline.py took 0.214 seconds
[2026-04-01T07:23:12.103+0000] {processor.py:161} INFO - Started process (PID=40707) to work on /opt/airflow/dags/isr_pipeline.py
[2026-04-01T07:23:12.109+0000] {processor.py:830} INFO - Processing file /opt/airflow/dags/isr_pipeline.py for tasks to queue
[2026-04-01T07:23:12.116+0000] {logging_mixin.py:188} INFO - [2026-04-01T07:23:12.114+0000] {dagbag.py:540} INFO - Filling up the DagBag from /opt/airflow/dags/isr_pipeline.py
[2026-04-01T07:23:12.201+0000] {processor.py:840} INFO - DAG(s) 'isr_pipeline' retrieved from /opt/airflow/dags/isr_pipeline.py
[2026-04-01T07:23:12.383+0000] {logging_mixin.py:188} INFO - [2026-04-01T07:23:12.382+0000] {dag.py:3096} INFO - Sync 1 DAGs
[2026-04-01T07:23:12.597+0000] {processor.py:183} INFO - Processing /opt/airflow/dags/isr_pipeline.py took 0.536 seconds
[2026-04-01T07:23:43.134+0000] {processor.py:161} INFO - Started process (PID=40712) to work on /opt/airflow/dags/isr_pipeline.py
[2026-04-01T07:23:43.142+0000] {processor.py:830} INFO - Processing file /opt/airflow/dags/isr_pipeline.py for tasks to queue
[2026-04-01T07:23:43.149+0000] {logging_mixin.py:188} INFO - [2026-04-01T07:23:43.147+0000] {dagbag.py:540} INFO - Filling up the DagBag from /opt/airflow/dags/isr_pipeline.py
[2026-04-01T07:23:43.242+0000] {processor.py:840} INFO - DAG(s) 'isr_pipeline' retrieved from /opt/airflow/dags/isr_pipeline.py
[2026-04-01T07:23:43.436+0000] {logging_mixin.py:188} INFO - [2026-04-01T07:23:43.435+0000] {dag.py:3096} INFO - Sync 1 DAGs
[2026-04-01T07:23:43.655+0000] {processor.py:183} INFO - Processing /opt/airflow/dags/isr_pipeline.py took 0.559 seconds
[2026-04-01T07:24:14.170+0000] {processor.py:161} INFO - Started process (PID=40717) to work on /opt/airflow/dags/isr_pipeline.py
[2026-04-01T07:24:14.177+0000] {processor.py:830} INFO - Processing file /opt/airflow/dags/isr_pipeline.py for tasks to queue
[2026-04-01T07:24:14.185+0000] {logging_mixin.py:188} INFO - [2026-04-01T07:24:14.183+0000] {dagbag.py:540} INFO - Filling up the DagBag from /opt/airflow/dags/isr_pipeline.py
[2026-04-01T07:24:14.279+0000] {processor.py:840} INFO - DAG(s) 'isr_pipeline' retrieved from /opt/airflow/dags/isr_pipeline.py
[2026-04-01T07:24:14.474+0000] {logging_mixin.py:188} INFO - [2026-04-01T07:24:14.473+0000] {dag.py:3096} INFO - Sync 1 DAGs
[2026-04-01T07:24:14.760+0000] {processor.py:183} INFO - Processing /opt/airflow/dags/isr_pipeline.py took 0.630 seconds
[2026-04-01T07:24:45.391+0000] {processor.py:161} INFO - Started process (PID=40722) to work on /opt/airflow/dags/isr_pipeline.py
[2026-04-01T07:24:45.399+0000] {processor.py:830} INFO - Processing file /opt/airflow/dags/isr_pipeline.py for tasks to queue
[2026-04-01T07:24:45.407+0000] {logging_mixin.py:188} INFO - [2026-04-01T07:24:45.405+0000] {dagbag.py:540} INFO - Filling up the DagBag from /opt/airflow/dags/isr_pipeline.py
[2026-04-01T07:24:45.500+0000] {processor.py:840} INFO - DAG(s) 'isr_pipeline' retrieved from /opt/airflow/dags/isr_pipeline.py
[2026-04-01T07:24:45.680+0000] {logging_mixin.py:188} INFO - [2026-04-01T07:24:45.678+0000] {dag.py:3096} INFO - Sync 1 DAGs
[2026-04-01T07:24:45.893+0000] {processor.py:183} INFO - Processing /opt/airflow/dags/isr_pipeline.py took 0.544 seconds
[2026-04-01T07:25:16.416+0000] {processor.py:161} INFO - Started process (PID=40727) to work on /opt/airflow/dags/isr_pipeline.py
[2026-04-01T07:25:16.425+0000] {processor.py:830} INFO - Processing file /opt/airflow/dags/isr_pipeline.py for tasks to queue
[2026-04-01T07:25:16.432+0000] {logging_mixin.py:188} INFO - [2026-04-01T07:25:16.430+0000] {dagbag.py:540} INFO - Filling up the DagBag from /opt/airflow/dags/isr_pipeline.py
[2026-04-01T07:25:16.522+0000] {processor.py:840} INFO - DAG(s) 'isr_pipeline' retrieved from /opt/airflow/dags/isr_pipeline.py
[2026-04-01T07:25:16.710+0000] {logging_mixin.py:188} INFO - [2026-04-01T07:25:16.709+0000] {dag.py:3096} INFO - Sync 1 DAGs
[2026-04-01T07:25:17.012+0000] {processor.py:183} INFO - Processing /opt/airflow/dags/isr_pipeline.py took 0.638 seconds
[2026-04-01T07:25:47.300+0000] {processor.py:161} INFO - Started process (PID=40732) to work on /opt/airflow/dags/isr_pipeline.py
[2026-04-01T07:25:47.308+0000] {processor.py:830} INFO - Processing file /opt/airflow/dags/isr_pipeline.py for tasks to queue
[2026-04-01T07:25:47.315+0000] {logging_mixin.py:188} INFO - [2026-04-01T07:25:47.313+0000] {dagbag.py:540} INFO - Filling up the DagBag from /opt/airflow/dags/isr_pipeline.py
[2026-04-01T07:25:47.414+0000] {processor.py:840} INFO - DAG(s) 'isr_pipeline' retrieved from /opt/airflow/dags/isr_pipeline.py
[2026-04-01T07:25:47.603+0000] {logging_mixin.py:188} INFO - [2026-04-01T07:25:47.602+0000] {dag.py:3096} INFO - Sync 1 DAGs
[2026-04-01T07:25:47.830+0000] {processor.py:183} INFO - Processing /opt/airflow/dags/isr_pipeline.py took 0.570 seconds
[2026-04-01T07:26:18.424+0000] {processor.py:161} INFO - Started process (PID=40737) to work on /opt/airflow/dags/isr_pipeline.py
[2026-04-01T07:26:18.434+0000] {processor.py:830} INFO - Processing file /opt/airflow/dags/isr_pipeline.py for tasks to queue
[2026-04-01T07:26:18.443+0000] {logging_mixin.py:188} INFO - [2026-04-01T07:26:18.440+0000] {dagbag.py:540} INFO - Filling up the DagBag from /opt/airflow/dags/isr_pipeline.py
[2026-04-01T07:26:18.690+0000] {processor.py:840} INFO - DAG(s) 'isr_pipeline' retrieved from /opt/airflow/dags/isr_pipeline.py
[2026-04-01T07:26:18.958+0000] {logging_mixin.py:188} INFO - [2026-04-01T07:26:18.956+0000] {dag.py:3096} INFO - Sync 1 DAGs
[2026-04-01T07:26:19.207+0000] {processor.py:183} INFO - Processing /opt/airflow/dags/isr_pipeline.py took 0.831 seconds
[2026-04-01T07:26:49.772+0000] {processor.py:161} INFO - Started process (PID=40742) to work on /opt/airflow/dags/isr_pipeline.py
[2026-04-01T07:26:49.781+0000] {processor.py:830} INFO - Processing file /opt/airflow/dags/isr_pipeline.py for tasks to queue
[2026-04-01T07:26:49.789+0000] {logging_mixin.py:188} INFO - [2026-04-01T07:26:49.787+0000] {dagbag.py:540} INFO - Filling up the DagBag from /opt/airflow/dags/isr_pipeline.py
[2026-04-01T07:26:49.884+0000] {processor.py:840} INFO - DAG(s) 'isr_pipeline' retrieved from /opt/airflow/dags/isr_pipeline.py
[2026-04-01T07:26:50.074+0000] {logging_mixin.py:188} INFO - [2026-04-01T07:26:50.073+0000] {dag.py:3096} INFO - Sync 1 DAGs
[2026-04-01T07:26:50.286+0000] {processor.py:183} INFO - Processing /opt/airflow/dags/isr_pipeline.py took 0.554 seconds
[2026-04-01T07:27:20.697+0000] {processor.py:161} INFO - Started process (PID=40747) to work on /opt/airflow/dags/isr_pipeline.py
[2026-04-01T07:27:20.702+0000] {processor.py:830} INFO - Processing file /opt/airflow/dags/isr_pipeline.py for tasks to queue
[2026-04-01T07:27:20.710+0000] {logging_mixin.py:188} INFO - [2026-04-01T07:27:20.707+0000] {dagbag.py:540} INFO - Filling up the DagBag from /opt/airflow/dags/isr_pipeline.py
[2026-04-01T07:27:20.770+0000] {processor.py:840} INFO - DAG(s) 'isr_pipeline' retrieved from /opt/airflow/dags/isr_pipeline.py
[2026-04-01T07:27:20.903+0000] {logging_mixin.py:188} INFO - [2026-04-01T07:27:20.900+0000] {dag.py:3096} INFO - Sync 1 DAGs
[2026-04-01T07:27:21.081+0000] {processor.py:183} INFO - Processing /opt/airflow/dags/isr_pipeline.py took 0.411 seconds
[2026-04-01T07:27:51.427+0000] {processor.py:161} INFO - Started process (PID=40752) to work on /opt/airflow/dags/isr_pipeline.py
[2026-04-01T07:27:51.429+0000] {processor.py:830} INFO - Processing file /opt/airflow/dags/isr_pipeline.py for tasks to queue
[2026-04-01T07:27:51.430+0000] {logging_mixin.py:188} INFO - [2026-04-01T07:27:51.430+0000] {dagbag.py:540} INFO - Filling up the DagBag from /opt/airflow/dags/isr_pipeline.py
[2026-04-01T07:27:51.453+0000] {processor.py:840} INFO - DAG(s) 'isr_pipeline' retrieved from /opt/airflow/dags/isr_pipeline.py
[2026-04-01T07:27:51.495+0000] {logging_mixin.py:188} INFO - [2026-04-01T07:27:51.495+0000] {dag.py:3096} INFO - Sync 1 DAGs
[2026-04-01T07:27:51.551+0000] {processor.py:183} INFO - Processing /opt/airflow/dags/isr_pipeline.py took 0.132 seconds
[2026-04-01T07:28:21.715+0000] {processor.py:161} INFO - Started process (PID=40757) to work on /opt/airflow/dags/isr_pipeline.py
[2026-04-01T07:28:21.718+0000] {processor.py:830} INFO - Processing file /opt/airflow/dags/isr_pipeline.py for tasks to queue
[2026-04-01T07:28:21.720+0000] {logging_mixin.py:188} INFO - [2026-04-01T07:28:21.719+0000] {dagbag.py:540} INFO - Filling up the DagBag from /opt/airflow/dags/isr_pipeline.py
[2026-04-01T07:28:21.741+0000] {processor.py:840} INFO - DAG(s) 'isr_pipeline' retrieved from /opt/airflow/dags/isr_pipeline.py
[2026-04-01T07:28:21.794+0000] {logging_mixin.py:188} INFO - [2026-04-01T07:28:21.794+0000] {dag.py:3096} INFO - Sync 1 DAGs
[2026-04-01T07:28:21.851+0000] {processor.py:183} INFO - Processing /opt/airflow/dags/isr_pipeline.py took 0.145 seconds
[2026-04-01T07:28:52.055+0000] {processor.py:161} INFO - Started process (PID=40762) to work on /opt/airflow/dags/isr_pipeline.py
[2026-04-01T07:28:52.058+0000] {processor.py:830} INFO - Processing file /opt/airflow/dags/isr_pipeline.py for tasks to queue
[2026-04-01T07:28:52.061+0000] {logging_mixin.py:188} INFO - [2026-04-01T07:28:52.060+0000] {dagbag.py:540} INFO - Filling up the DagBag from /opt/airflow/dags/isr_pipeline.py
[2026-04-01T07:28:52.083+0000] {processor.py:840} INFO - DAG(s) 'isr_pipeline' retrieved from /opt/airflow/dags/isr_pipeline.py
[2026-04-01T07:28:52.126+0000] {logging_mixin.py:188} INFO - [2026-04-01T07:28:52.126+0000] {dag.py:3096} INFO - Sync 1 DAGs
[2026-04-01T07:28:52.179+0000] {processor.py:183} INFO - Processing /opt/airflow/dags/isr_pipeline.py took 0.141 seconds
[2026-04-01T07:29:22.264+0000] {processor.py:161} INFO - Started process (PID=40767) to work on /opt/airflow/dags/isr_pipeline.py
[2026-04-01T07:29:22.267+0000] {processor.py:830} INFO - Processing file /opt/airflow/dags/isr_pipeline.py for tasks to queue
[2026-04-01T07:29:22.270+0000] {logging_mixin.py:188} INFO - [2026-04-01T07:29:22.269+0000] {dagbag.py:540} INFO - Filling up the DagBag from /opt/airflow/dags/isr_pipeline.py
[2026-04-01T07:29:22.289+0000] {processor.py:840} INFO - DAG(s) 'isr_pipeline' retrieved from /opt/airflow/dags/isr_pipeline.py
[2026-04-01T07:29:22.334+0000] {logging_mixin.py:188} INFO - [2026-04-01T07:29:22.333+0000] {dag.py:3096} INFO - Sync 1 DAGs
[2026-04-01T07:29:22.384+0000] {processor.py:183} INFO - Processing /opt/airflow/dags/isr_pipeline.py took 0.127 seconds
[2026-04-01T07:29:52.549+0000] {processor.py:161} INFO - Started process (PID=40772) to work on /opt/airflow/dags/isr_pipeline.py
[2026-04-01T07:29:52.551+0000] {processor.py:830} INFO - Processing file /opt/airflow/dags/isr_pipeline.py for tasks to queue
[2026-04-01T07:29:52.554+0000] {logging_mixin.py:188} INFO - [2026-04-01T07:29:52.553+0000] {dagbag.py:540} INFO - Filling up the DagBag from /opt/airflow/dags/isr_pipeline.py
[2026-04-01T07:29:52.574+0000] {processor.py:840} INFO - DAG(s) 'isr_pipeline' retrieved from /opt/airflow/dags/isr_pipeline.py
[2026-04-01T07:29:52.661+0000] {logging_mixin.py:188} INFO - [2026-04-01T07:29:52.661+0000] {dag.py:3096} INFO - Sync 1 DAGs
[2026-04-01T07:29:52.719+0000] {processor.py:183} INFO - Processing /opt/airflow/dags/isr_pipeline.py took 0.179 seconds
[2026-04-01T07:30:22.998+0000] {processor.py:161} INFO - Started process (PID=40777) to work on /opt/airflow/dags/isr_pipeline.py
[2026-04-01T07:30:23.002+0000] {processor.py:830} INFO - Processing file /opt/airflow/dags/isr_pipeline.py for tasks to queue
[2026-04-01T07:30:23.005+0000] {logging_mixin.py:188} INFO - [2026-04-01T07:30:23.004+0000] {dagbag.py:540} INFO - Filling up the DagBag from /opt/airflow/dags/isr_pipeline.py
[2026-04-01T07:30:23.027+0000] {processor.py:840} INFO - DAG(s) 'isr_pipeline' retrieved from /opt/airflow/dags/isr_pipeline.py
[2026-04-01T07:30:23.078+0000] {logging_mixin.py:188} INFO - [2026-04-01T07:30:23.077+0000] {dag.py:3096} INFO - Sync 1 DAGs
[2026-04-01T07:30:23.138+0000] {processor.py:183} INFO - Processing /opt/airflow/dags/isr_pipeline.py took 0.156 seconds
[2026-04-01T07:30:53.325+0000] {processor.py:161} INFO - Started process (PID=40782) to work on /opt/airflow/dags/isr_pipeline.py
[2026-04-01T07:30:53.327+0000] {processor.py:830} INFO - Processing file /opt/airflow/dags/isr_pipeline.py for tasks to queue
[2026-04-01T07:30:53.329+0000] {logging_mixin.py:188} INFO - [2026-04-01T07:30:53.328+0000] {dagbag.py:540} INFO - Filling up the DagBag from /opt/airflow/dags/isr_pipeline.py
[2026-04-01T07:30:53.347+0000] {processor.py:840} INFO - DAG(s) 'isr_pipeline' retrieved from /opt/airflow/dags/isr_pipeline.py
[2026-04-01T07:30:53.388+0000] {logging_mixin.py:188} INFO - [2026-04-01T07:30:53.388+0000] {dag.py:3096} INFO - Sync 1 DAGs
[2026-04-01T07:30:53.441+0000] {processor.py:183} INFO - Processing /opt/airflow/dags/isr_pipeline.py took 0.125 seconds
[2026-04-01T07:31:23.625+0000] {processor.py:161} INFO - Started process (PID=40787) to work on /opt/airflow/dags/isr_pipeline.py
[2026-04-01T07:31:23.628+0000] {processor.py:830} INFO - Processing file /opt/airflow/dags/isr_pipeline.py for tasks to queue
[2026-04-01T07:31:23.630+0000] {logging_mixin.py:188} INFO - [2026-04-01T07:31:23.629+0000] {dagbag.py:540} INFO - Filling up the DagBag from /opt/airflow/dags/isr_pipeline.py
[2026-04-01T07:31:23.655+0000] {processor.py:840} INFO - DAG(s) 'isr_pipeline' retrieved from /opt/airflow/dags/isr_pipeline.py
[2026-04-01T07:31:23.710+0000] {logging_mixin.py:188} INFO - [2026-04-01T07:31:23.709+0000] {dag.py:3096} INFO - Sync 1 DAGs
[2026-04-01T07:31:23.774+0000] {processor.py:183} INFO - Processing /opt/airflow/dags/isr_pipeline.py took 0.160 seconds
[2026-04-01T07:31:53.935+0000] {processor.py:161} INFO - Started process (PID=40792) to work on /opt/airflow/dags/isr_pipeline.py
[2026-04-01T07:31:53.938+0000] {processor.py:830} INFO - Processing file /opt/airflow/dags/isr_pipeline.py for tasks to queue
[2026-04-01T07:31:53.939+0000] {logging_mixin.py:188} INFO - [2026-04-01T07:31:53.939+0000] {dagbag.py:540} INFO - Filling up the DagBag from /opt/airflow/dags/isr_pipeline.py
[2026-04-01T07:31:53.959+0000] {processor.py:840} INFO - DAG(s) 'isr_pipeline' retrieved from /opt/airflow/dags/isr_pipeline.py
[2026-04-01T07:31:54.002+0000] {logging_mixin.py:188} INFO - [2026-04-01T07:31:54.002+0000] {dag.py:3096} INFO - Sync 1 DAGs
[2026-04-01T07:31:54.051+0000] {processor.py:183} INFO - Processing /opt/airflow/dags/isr_pipeline.py took 0.124 seconds
[2026-04-01T07:32:24.228+0000] {processor.py:161} INFO - Started process (PID=40797) to work on /opt/airflow/dags/isr_pipeline.py
[2026-04-01T07:32:24.230+0000] {processor.py:830} INFO - Processing file /opt/airflow/dags/isr_pipeline.py for tasks to queue
[2026-04-01T07:32:24.232+0000] {logging_mixin.py:188} INFO - [2026-04-01T07:32:24.231+0000] {dagbag.py:540} INFO - Filling up the DagBag from /opt/airflow/dags/isr_pipeline.py
[2026-04-01T07:32:24.249+0000] {processor.py:840} INFO - DAG(s) 'isr_pipeline' retrieved from /opt/airflow/dags/isr_pipeline.py
[2026-04-01T07:32:24.288+0000] {logging_mixin.py:188} INFO - [2026-04-01T07:32:24.288+0000] {dag.py:3096} INFO - Sync 1 DAGs
[2026-04-01T07:32:24.334+0000] {processor.py:183} INFO - Processing /opt/airflow/dags/isr_pipeline.py took 0.115 seconds
[2026-04-01T07:32:54.415+0000] {processor.py:161} INFO - Started process (PID=40802) to work on /opt/airflow/dags/isr_pipeline.py
[2026-04-01T07:32:54.417+0000] {processor.py:830} INFO - Processing file /opt/airflow/dags/isr_pipeline.py for tasks to queue
[2026-04-01T07:32:54.419+0000] {logging_mixin.py:188} INFO - [2026-04-01T07:32:54.419+0000] {dagbag.py:540} INFO - Filling up the DagBag from /opt/airflow/dags/isr_pipeline.py
[2026-04-01T07:32:54.440+0000] {processor.py:840} INFO - DAG(s) 'isr_pipeline' retrieved from /opt/airflow/dags/isr_pipeline.py
[2026-04-01T07:32:54.493+0000] {logging_mixin.py:188} INFO - [2026-04-01T07:32:54.492+0000] {dag.py:3096} INFO - Sync 1 DAGs
[2026-04-01T07:32:54.559+0000] {processor.py:183} INFO - Processing /opt/airflow/dags/isr_pipeline.py took 0.156 seconds
[2026-04-01T07:33:24.668+0000] {processor.py:161} INFO - Started process (PID=40807) to work on /opt/airflow/dags/isr_pipeline.py
[2026-04-01T07:33:24.672+0000] {processor.py:830} INFO - Processing file /opt/airflow/dags/isr_pipeline.py for tasks to queue
[2026-04-01T07:33:24.674+0000] {logging_mixin.py:188} INFO - [2026-04-01T07:33:24.673+0000] {dagbag.py:540} INFO - Filling up the DagBag from /opt/airflow/dags/isr_pipeline.py
[2026-04-01T07:33:24.696+0000] {processor.py:840} INFO - DAG(s) 'isr_pipeline' retrieved from /opt/airflow/dags/isr_pipeline.py
[2026-04-01T07:33:24.742+0000] {logging_mixin.py:188} INFO - [2026-04-01T07:33:24.742+0000] {dag.py:3096} INFO - Sync 1 DAGs
[2026-04-01T07:33:24.797+0000] {processor.py:183} INFO - Processing /opt/airflow/dags/isr_pipeline.py took 0.140 seconds
[2026-04-01T07:33:54.931+0000] {processor.py:161} INFO - Started process (PID=40812) to work on /opt/airflow/dags/isr_pipeline.py
[2026-04-01T07:33:54.933+0000] {processor.py:830} INFO - Processing file /opt/airflow/dags/isr_pipeline.py for tasks to queue
[2026-04-01T07:33:54.934+0000] {logging_mixin.py:188} INFO - [2026-04-01T07:33:54.934+0000] {dagbag.py:540} INFO - Filling up the DagBag from /opt/airflow/dags/isr_pipeline.py
[2026-04-01T07:33:54.952+0000] {processor.py:840} INFO - DAG(s) 'isr_pipeline' retrieved from /opt/airflow/dags/isr_pipeline.py
[2026-04-01T07:33:54.989+0000] {logging_mixin.py:188} INFO - [2026-04-01T07:33:54.989+0000] {dag.py:3096} INFO - Sync 1 DAGs
[2026-04-01T07:33:55.035+0000] {processor.py:183} INFO - Processing /opt/airflow/dags/isr_pipeline.py took 0.113 seconds
[2026-04-01T07:34:25.121+0000] {processor.py:161} INFO - Started process (PID=40817) to work on /opt/airflow/dags/isr_pipeline.py
[2026-04-01T07:34:25.123+0000] {processor.py:830} INFO - Processing file /opt/airflow/dags/isr_pipeline.py for tasks to queue
[2026-04-01T07:34:25.125+0000] {logging_mixin.py:188} INFO - [2026-04-01T07:34:25.124+0000] {dagbag.py:540} INFO - Filling up the DagBag from /opt/airflow/dags/isr_pipeline.py
[2026-04-01T07:34:25.142+0000] {processor.py:840} INFO - DAG(s) 'isr_pipeline' retrieved from /opt/airflow/dags/isr_pipeline.py
[2026-04-01T07:34:25.180+0000] {logging_mixin.py:188} INFO - [2026-04-01T07:34:25.179+0000] {dag.py:3096} INFO - Sync 1 DAGs
[2026-04-01T07:34:25.222+0000] {processor.py:183} INFO - Processing /opt/airflow/dags/isr_pipeline.py took 0.110 seconds
[2026-04-01T07:34:55.311+0000] {processor.py:161} INFO - Started process (PID=40822) to work on /opt/airflow/dags/isr_pipeline.py
[2026-04-01T07:34:55.313+0000] {processor.py:830} INFO - Processing file /opt/airflow/dags/isr_pipeline.py for tasks to queue
[2026-04-01T07:34:55.315+0000] {logging_mixin.py:188} INFO - [2026-04-01T07:34:55.314+0000] {dagbag.py:540} INFO - Filling up the DagBag from /opt/airflow/dags/isr_pipeline.py
[2026-04-01T07:34:55.335+0000] {processor.py:840} INFO - DAG(s) 'isr_pipeline' retrieved from /opt/airflow/dags/isr_pipeline.py
[2026-04-01T07:34:55.373+0000] {logging_mixin.py:188} INFO - [2026-04-01T07:34:55.373+0000] {dag.py:3096} INFO - Sync 1 DAGs
[2026-04-01T07:34:55.419+0000] {processor.py:183} INFO - Processing /opt/airflow/dags/isr_pipeline.py took 0.116 seconds
[2026-04-01T07:35:25.516+0000] {processor.py:161} INFO - Started process (PID=40827) to work on /opt/airflow/dags/isr_pipeline.py
[2026-04-01T07:35:25.518+0000] {processor.py:830} INFO - Processing file /opt/airflow/dags/isr_pipeline.py for tasks to queue
[2026-04-01T07:35:25.520+0000] {logging_mixin.py:188} INFO - [2026-04-01T07:35:25.519+0000] {dagbag.py:540} INFO - Filling up the DagBag from /opt/airflow/dags/isr_pipeline.py
[2026-04-01T07:35:25.538+0000] {processor.py:840} INFO - DAG(s) 'isr_pipeline' retrieved from /opt/airflow/dags/isr_pipeline.py
[2026-04-01T07:35:25.576+0000] {logging_mixin.py:188} INFO - [2026-04-01T07:35:25.575+0000] {dag.py:3096} INFO - Sync 1 DAGs
[2026-04-01T07:35:25.618+0000] {processor.py:183} INFO - Processing /opt/airflow/dags/isr_pipeline.py took 0.112 seconds
[2026-04-01T07:35:55.720+0000] {processor.py:161} INFO - Started process (PID=40832) to work on /opt/airflow/dags/isr_pipeline.py
[2026-04-01T07:35:55.722+0000] {processor.py:830} INFO - Processing file /opt/airflow/dags/isr_pipeline.py for tasks to queue
[2026-04-01T07:35:55.724+0000] {logging_mixin.py:188} INFO - [2026-04-01T07:35:55.723+0000] {dagbag.py:540} INFO - Filling up the DagBag from /opt/airflow/dags/isr_pipeline.py
[2026-04-01T07:35:55.742+0000] {processor.py:840} INFO - DAG(s) 'isr_pipeline' retrieved from /opt/airflow/dags/isr_pipeline.py
[2026-04-01T07:35:55.781+0000] {logging_mixin.py:188} INFO - [2026-04-01T07:35:55.781+0000] {dag.py:3096} INFO - Sync 1 DAGs
[2026-04-01T07:35:55.825+0000] {processor.py:183} INFO - Processing /opt/airflow/dags/isr_pipeline.py took 0.113 seconds
[2026-04-01T07:36:25.916+0000] {processor.py:161} INFO - Started process (PID=40837) to work on /opt/airflow/dags/isr_pipeline.py
[2026-04-01T07:36:25.918+0000] {processor.py:830} INFO - Processing file /opt/airflow/dags/isr_pipeline.py for tasks to queue
[2026-04-01T07:36:25.920+0000] {logging_mixin.py:188} INFO - [2026-04-01T07:36:25.919+0000] {dagbag.py:540} INFO - Filling up the DagBag from /opt/airflow/dags/isr_pipeline.py
[2026-04-01T07:36:25.938+0000] {processor.py:840} INFO - DAG(s) 'isr_pipeline' retrieved from /opt/airflow/dags/isr_pipeline.py
[2026-04-01T07:36:25.977+0000] {logging_mixin.py:188} INFO - [2026-04-01T07:36:25.977+0000] {dag.py:3096} INFO - Sync 1 DAGs
[2026-04-01T07:36:26.022+0000] {processor.py:183} INFO - Processing /opt/airflow/dags/isr_pipeline.py took 0.116 seconds
[2026-04-01T07:36:56.132+0000] {processor.py:161} INFO - Started process (PID=40842) to work on /opt/airflow/dags/isr_pipeline.py
[2026-04-01T07:36:56.134+0000] {processor.py:830} INFO - Processing file /opt/airflow/dags/isr_pipeline.py for tasks to queue
[2026-04-01T07:36:56.135+0000] {logging_mixin.py:188} INFO - [2026-04-01T07:36:56.135+0000] {dagbag.py:540} INFO - Filling up the DagBag from /opt/airflow/dags/isr_pipeline.py
[2026-04-01T07:36:56.153+0000] {processor.py:840} INFO - DAG(s) 'isr_pipeline' retrieved from /opt/airflow/dags/isr_pipeline.py
[2026-04-01T07:36:56.189+0000] {logging_mixin.py:188} INFO - [2026-04-01T07:36:56.189+0000] {dag.py:3096} INFO - Sync 1 DAGs
[2026-04-01T07:36:56.232+0000] {processor.py:183} INFO - Processing /opt/airflow/dags/isr_pipeline.py took 0.108 seconds
[2026-04-01T07:37:26.312+0000] {processor.py:161} INFO - Started process (PID=40847) to work on /opt/airflow/dags/isr_pipeline.py
[2026-04-01T07:37:26.314+0000] {processor.py:830} INFO - Processing file /opt/airflow/dags/isr_pipeline.py for tasks to queue
[2026-04-01T07:37:26.315+0000] {logging_mixin.py:188} INFO - [2026-04-01T07:37:26.315+0000] {dagbag.py:540} INFO - Filling up the DagBag from /opt/airflow/dags/isr_pipeline.py
[2026-04-01T07:37:26.333+0000] {processor.py:840} INFO - DAG(s) 'isr_pipeline' retrieved from /opt/airflow/dags/isr_pipeline.py
[2026-04-01T07:37:26.373+0000] {logging_mixin.py:188} INFO - [2026-04-01T07:37:26.373+0000] {dag.py:3096} INFO - Sync 1 DAGs
[2026-04-01T07:37:26.418+0000] {processor.py:183} INFO - Processing /opt/airflow/dags/isr_pipeline.py took 0.114 seconds
[2026-04-01T07:37:56.642+0000] {processor.py:161} INFO - Started process (PID=40852) to work on /opt/airflow/dags/isr_pipeline.py
[2026-04-01T07:37:56.644+0000] {processor.py:830} INFO - Processing file /opt/airflow/dags/isr_pipeline.py for tasks to queue
[2026-04-01T07:37:56.645+0000] {logging_mixin.py:188} INFO - [2026-04-01T07:37:56.645+0000] {dagbag.py:540} INFO - Filling up the DagBag from /opt/airflow/dags/isr_pipeline.py
[2026-04-01T07:37:56.663+0000] {processor.py:840} INFO - DAG(s) 'isr_pipeline' retrieved from /opt/airflow/dags/isr_pipeline.py
[2026-04-01T07:37:56.701+0000] {logging_mixin.py:188} INFO - [2026-04-01T07:37:56.701+0000] {dag.py:3096} INFO - Sync 1 DAGs
[2026-04-01T07:37:56.742+0000] {processor.py:183} INFO - Processing /opt/airflow/dags/isr_pipeline.py took 0.108 seconds
[2026-04-01T07:38:26.804+0000] {processor.py:161} INFO - Started process (PID=40857) to work on /opt/airflow/dags/isr_pipeline.py
[2026-04-01T07:38:26.806+0000] {processor.py:830} INFO - Processing file /opt/airflow/dags/isr_pipeline.py for tasks to queue
[2026-04-01T07:38:26.808+0000] {logging_mixin.py:188} INFO - [2026-04-01T07:38:26.807+0000] {dagbag.py:540} INFO - Filling up the DagBag from /opt/airflow/dags/isr_pipeline.py
[2026-04-01T07:38:26.829+0000] {processor.py:840} INFO - DAG(s) 'isr_pipeline' retrieved from /opt/airflow/dags/isr_pipeline.py
[2026-04-01T07:38:26.874+0000] {logging_mixin.py:188} INFO - [2026-04-01T07:38:26.874+0000] {dag.py:3096} INFO - Sync 1 DAGs
[2026-04-01T07:38:26.924+0000] {processor.py:183} INFO - Processing /opt/airflow/dags/isr_pipeline.py took 0.131 seconds
[2026-04-01T07:38:57.070+0000] {processor.py:161} INFO - Started process (PID=40862) to work on /opt/airflow/dags/isr_pipeline.py
[2026-04-01T07:38:57.072+0000] {processor.py:830} INFO - Processing file /opt/airflow/dags/isr_pipeline.py for tasks to queue
[2026-04-01T07:38:57.074+0000] {logging_mixin.py:188} INFO - [2026-04-01T07:38:57.073+0000] {dagbag.py:540} INFO - Filling up the DagBag from /opt/airflow/dags/isr_pipeline.py
[2026-04-01T07:38:57.092+0000] {processor.py:840} INFO - DAG(s) 'isr_pipeline' retrieved from /opt/airflow/dags/isr_pipeline.py
[2026-04-01T07:38:57.131+0000] {logging_mixin.py:188} INFO - [2026-04-01T07:38:57.130+0000] {dag.py:3096} INFO - Sync 1 DAGs
[2026-04-01T07:38:57.172+0000] {processor.py:183} INFO - Processing /opt/airflow/dags/isr_pipeline.py took 0.112 seconds
[2026-04-01T07:39:27.305+0000] {processor.py:161} INFO - Started process (PID=40867) to work on /opt/airflow/dags/isr_pipeline.py
[2026-04-01T07:39:27.306+0000] {processor.py:830} INFO - Processing file /opt/airflow/dags/isr_pipeline.py for tasks to queue
[2026-04-01T07:39:27.309+0000] {logging_mixin.py:188} INFO - [2026-04-01T07:39:27.308+0000] {dagbag.py:540} INFO - Filling up the DagBag from /opt/airflow/dags/isr_pipeline.py
[2026-04-01T07:39:27.329+0000] {processor.py:840} INFO - DAG(s) 'isr_pipeline' retrieved from /opt/airflow/dags/isr_pipeline.py
[2026-04-01T07:39:27.371+0000] {logging_mixin.py:188} INFO - [2026-04-01T07:39:27.371+0000] {dag.py:3096} INFO - Sync 1 DAGs
[2026-04-01T07:39:27.422+0000] {processor.py:183} INFO - Processing /opt/airflow/dags/isr_pipeline.py took 0.124 seconds
[2026-04-01T07:39:57.496+0000] {processor.py:161} INFO - Started process (PID=40872) to work on /opt/airflow/dags/isr_pipeline.py
[2026-04-01T07:39:57.498+0000] {processor.py:830} INFO - Processing file /opt/airflow/dags/isr_pipeline.py for tasks to queue
[2026-04-01T07:39:57.499+0000] {logging_mixin.py:188} INFO - [2026-04-01T07:39:57.499+0000] {dagbag.py:540} INFO - Filling up the DagBag from /opt/airflow/dags/isr_pipeline.py
[2026-04-01T07:39:57.518+0000] {processor.py:840} INFO - DAG(s) 'isr_pipeline' retrieved from /opt/airflow/dags/isr_pipeline.py
[2026-04-01T07:39:57.558+0000] {logging_mixin.py:188} INFO - [2026-04-01T07:39:57.557+0000] {dag.py:3096} INFO - Sync 1 DAGs
[2026-04-01T07:39:57.604+0000] {processor.py:183} INFO - Processing /opt/airflow/dags/isr_pipeline.py took 0.117 seconds
[2026-04-01T07:40:27.726+0000] {processor.py:161} INFO - Started process (PID=40877) to work on /opt/airflow/dags/isr_pipeline.py
[2026-04-01T07:40:27.728+0000] {processor.py:830} INFO - Processing file /opt/airflow/dags/isr_pipeline.py for tasks to queue
[2026-04-01T07:40:27.730+0000] {logging_mixin.py:188} INFO - [2026-04-01T07:40:27.730+0000] {dagbag.py:540} INFO - Filling up the DagBag from /opt/airflow/dags/isr_pipeline.py
[2026-04-01T07:40:27.749+0000] {processor.py:840} INFO - DAG(s) 'isr_pipeline' retrieved from /opt/airflow/dags/isr_pipeline.py
[2026-04-01T07:40:27.789+0000] {logging_mixin.py:188} INFO - [2026-04-01T07:40:27.789+0000] {dag.py:3096} INFO - Sync 1 DAGs
[2026-04-01T07:40:27.839+0000] {processor.py:183} INFO - Processing /opt/airflow/dags/isr_pipeline.py took 0.122 seconds
[2026-04-01T07:40:57.958+0000] {processor.py:161} INFO - Started process (PID=40882) to work on /opt/airflow/dags/isr_pipeline.py
[2026-04-01T07:40:57.961+0000] {processor.py:830} INFO - Processing file /opt/airflow/dags/isr_pipeline.py for tasks to queue
[2026-04-01T07:40:57.963+0000] {logging_mixin.py:188} INFO - [2026-04-01T07:40:57.963+0000] {dagbag.py:540} INFO - Filling up the DagBag from /opt/airflow/dags/isr_pipeline.py
[2026-04-01T07:40:57.988+0000] {processor.py:840} INFO - DAG(s) 'isr_pipeline' retrieved from /opt/airflow/dags/isr_pipeline.py
[2026-04-01T07:40:58.039+0000] {logging_mixin.py:188} INFO - [2026-04-01T07:40:58.039+0000] {dag.py:3096} INFO - Sync 1 DAGs
[2026-04-01T07:40:58.088+0000] {processor.py:183} INFO - Processing /opt/airflow/dags/isr_pipeline.py took 0.140 seconds
[2026-04-01T07:41:28.159+0000] {processor.py:161} INFO - Started process (PID=40887) to work on /opt/airflow/dags/isr_pipeline.py
[2026-04-01T07:41:28.160+0000] {processor.py:830} INFO - Processing file /opt/airflow/dags/isr_pipeline.py for tasks to queue
[2026-04-01T07:41:28.162+0000] {logging_mixin.py:188} INFO - [2026-04-01T07:41:28.162+0000] {dagbag.py:540} INFO - Filling up the DagBag from /opt/airflow/dags/isr_pipeline.py
[2026-04-01T07:41:28.180+0000] {processor.py:840} INFO - DAG(s) 'isr_pipeline' retrieved from /opt/airflow/dags/isr_pipeline.py
[2026-04-01T07:41:28.218+0000] {logging_mixin.py:188} INFO - [2026-04-01T07:41:28.218+0000] {dag.py:3096} INFO - Sync 1 DAGs
[2026-04-01T07:41:28.260+0000] {processor.py:183} INFO - Processing /opt/airflow/dags/isr_pipeline.py took 0.109 seconds
[2026-04-01T07:41:58.406+0000] {processor.py:161} INFO - Started process (PID=40892) to work on /opt/airflow/dags/isr_pipeline.py
[2026-04-01T07:41:58.408+0000] {processor.py:830} INFO - Processing file /opt/airflow/dags/isr_pipeline.py for tasks to queue
[2026-04-01T07:41:58.409+0000] {logging_mixin.py:188} INFO - [2026-04-01T07:41:58.409+0000] {dagbag.py:540} INFO - Filling up the DagBag from /opt/airflow/dags/isr_pipeline.py
[2026-04-01T07:41:58.427+0000] {processor.py:840} INFO - DAG(s) 'isr_pipeline' retrieved from /opt/airflow/dags/isr_pipeline.py
[2026-04-01T07:41:58.464+0000] {logging_mixin.py:188} INFO - [2026-04-01T07:41:58.464+0000] {dag.py:3096} INFO - Sync 1 DAGs
[2026-04-01T07:41:58.507+0000] {processor.py:183} INFO - Processing /opt/airflow/dags/isr_pipeline.py took 0.108 seconds
[2026-04-01T07:42:28.565+0000] {processor.py:161} INFO - Started process (PID=40897) to work on /opt/airflow/dags/isr_pipeline.py
[2026-04-01T07:42:28.567+0000] {processor.py:830} INFO - Processing file /opt/airflow/dags/isr_pipeline.py for tasks to queue
[2026-04-01T07:42:28.568+0000] {logging_mixin.py:188} INFO - [2026-04-01T07:42:28.568+0000] {dagbag.py:540} INFO - Filling up the DagBag from /opt/airflow/dags/isr_pipeline.py
[2026-04-01T07:42:28.593+0000] {processor.py:840} INFO - DAG(s) 'isr_pipeline' retrieved from /opt/airflow/dags/isr_pipeline.py
[2026-04-01T07:42:28.630+0000] {logging_mixin.py:188} INFO - [2026-04-01T07:42:28.629+0000] {dag.py:3096} INFO - Sync 1 DAGs
[2026-04-01T07:42:28.675+0000] {processor.py:183} INFO - Processing /opt/airflow/dags/isr_pipeline.py took 0.117 seconds
[2026-04-01T07:42:58.920+0000] {processor.py:161} INFO - Started process (PID=40902) to work on /opt/airflow/dags/isr_pipeline.py
[2026-04-01T07:42:58.922+0000] {processor.py:830} INFO - Processing file /opt/airflow/dags/isr_pipeline.py for tasks to queue
[2026-04-01T07:42:58.923+0000] {logging_mixin.py:188} INFO - [2026-04-01T07:42:58.923+0000] {dagbag.py:540} INFO - Filling up the DagBag from /opt/airflow/dags/isr_pipeline.py
[2026-04-01T07:42:58.943+0000] {processor.py:840} INFO - DAG(s) 'isr_pipeline' retrieved from /opt/airflow/dags/isr_pipeline.py
[2026-04-01T07:42:58.980+0000] {logging_mixin.py:188} INFO - [2026-04-01T07:42:58.979+0000] {dag.py:3096} INFO - Sync 1 DAGs
[2026-04-01T07:42:59.024+0000] {processor.py:183} INFO - Processing /opt/airflow/dags/isr_pipeline.py took 0.114 seconds
[2026-04-01T07:43:29.074+0000] {processor.py:161} INFO - Started process (PID=40907) to work on /opt/airflow/dags/isr_pipeline.py
[2026-04-01T07:43:29.076+0000] {processor.py:830} INFO - Processing file /opt/airflow/dags/isr_pipeline.py for tasks to queue
[2026-04-01T07:43:29.077+0000] {logging_mixin.py:188} INFO - [2026-04-01T07:43:29.077+0000] {dagbag.py:540} INFO - Filling up the DagBag from /opt/airflow/dags/isr_pipeline.py
[2026-04-01T07:43:29.095+0000] {processor.py:840} INFO - DAG(s) 'isr_pipeline' retrieved from /opt/airflow/dags/isr_pipeline.py
[2026-04-01T07:43:29.132+0000] {logging_mixin.py:188} INFO - [2026-04-01T07:43:29.132+0000] {dag.py:3096} INFO - Sync 1 DAGs
[2026-04-01T07:43:29.173+0000] {processor.py:183} INFO - Processing /opt/airflow/dags/isr_pipeline.py took 0.107 seconds
[2026-04-01T07:43:59.345+0000] {processor.py:161} INFO - Started process (PID=40912) to work on /opt/airflow/dags/isr_pipeline.py
[2026-04-01T07:43:59.346+0000] {processor.py:830} INFO - Processing file /opt/airflow/dags/isr_pipeline.py for tasks to queue
[2026-04-01T07:43:59.348+0000] {logging_mixin.py:188} INFO - [2026-04-01T07:43:59.348+0000] {dagbag.py:540} INFO - Filling up the DagBag from /opt/airflow/dags/isr_pipeline.py
[2026-04-01T07:43:59.366+0000] {processor.py:840} INFO - DAG(s) 'isr_pipeline' retrieved from /opt/airflow/dags/isr_pipeline.py
[2026-04-01T07:43:59.404+0000] {logging_mixin.py:188} INFO - [2026-04-01T07:43:59.404+0000] {dag.py:3096} INFO - Sync 1 DAGs
[2026-04-01T07:43:59.447+0000] {processor.py:183} INFO - Processing /opt/airflow/dags/isr_pipeline.py took 0.109 seconds
[2026-04-01T07:44:29.498+0000] {processor.py:161} INFO - Started process (PID=40917) to work on /opt/airflow/dags/isr_pipeline.py
[2026-04-01T07:44:29.500+0000] {processor.py:830} INFO - Processing file /opt/airflow/dags/isr_pipeline.py for tasks to queue
[2026-04-01T07:44:29.502+0000] {logging_mixin.py:188} INFO - [2026-04-01T07:44:29.501+0000] {dagbag.py:540} INFO - Filling up the DagBag from /opt/airflow/dags/isr_pipeline.py
[2026-04-01T07:44:29.520+0000] {processor.py:840} INFO - DAG(s) 'isr_pipeline' retrieved from /opt/airflow/dags/isr_pipeline.py
[2026-04-01T07:44:29.558+0000] {logging_mixin.py:188} INFO - [2026-04-01T07:44:29.558+0000] {dag.py:3096} INFO - Sync 1 DAGs
[2026-04-01T07:44:29.601+0000] {processor.py:183} INFO - Processing /opt/airflow/dags/isr_pipeline.py took 0.112 seconds
[2026-04-01T07:44:59.764+0000] {processor.py:161} INFO - Started process (PID=40922) to work on /opt/airflow/dags/isr_pipeline.py
[2026-04-01T07:44:59.766+0000] {processor.py:830} INFO - Processing file /opt/airflow/dags/isr_pipeline.py for tasks to queue
[2026-04-01T07:44:59.768+0000] {logging_mixin.py:188} INFO - [2026-04-01T07:44:59.768+0000] {dagbag.py:540} INFO - Filling up the DagBag from /opt/airflow/dags/isr_pipeline.py
[2026-04-01T07:44:59.786+0000] {processor.py:840} INFO - DAG(s) 'isr_pipeline' retrieved from /opt/airflow/dags/isr_pipeline.py
[2026-04-01T07:44:59.824+0000] {logging_mixin.py:188} INFO - [2026-04-01T07:44:59.824+0000] {dag.py:3096} INFO - Sync 1 DAGs
[2026-04-01T07:44:59.866+0000] {processor.py:183} INFO - Processing /opt/airflow/dags/isr_pipeline.py took 0.109 seconds
[2026-04-01T07:45:29.919+0000] {processor.py:161} INFO - Started process (PID=40927) to work on /opt/airflow/dags/isr_pipeline.py
[2026-04-01T07:45:29.922+0000] {processor.py:830} INFO - Processing file /opt/airflow/dags/isr_pipeline.py for tasks to queue
[2026-04-01T07:45:29.924+0000] {logging_mixin.py:188} INFO - [2026-04-01T07:45:29.923+0000] {dagbag.py:540} INFO - Filling up the DagBag from /opt/airflow/dags/isr_pipeline.py
[2026-04-01T07:45:29.942+0000] {processor.py:840} INFO - DAG(s) 'isr_pipeline' retrieved from /opt/airflow/dags/isr_pipeline.py
[2026-04-01T07:45:29.981+0000] {logging_mixin.py:188} INFO - [2026-04-01T07:45:29.980+0000] {dag.py:3096} INFO - Sync 1 DAGs
[2026-04-01T07:45:30.022+0000] {processor.py:183} INFO - Processing /opt/airflow/dags/isr_pipeline.py took 0.111 seconds
[2026-04-01T07:46:00.158+0000] {processor.py:161} INFO - Started process (PID=40932) to work on /opt/airflow/dags/isr_pipeline.py
[2026-04-01T07:46:00.160+0000] {processor.py:830} INFO - Processing file /opt/airflow/dags/isr_pipeline.py for tasks to queue
[2026-04-01T07:46:00.162+0000] {logging_mixin.py:188} INFO - [2026-04-01T07:46:00.161+0000] {dagbag.py:540} INFO - Filling up the DagBag from /opt/airflow/dags/isr_pipeline.py
[2026-04-01T07:46:00.178+0000] {processor.py:840} INFO - DAG(s) 'isr_pipeline' retrieved from /opt/airflow/dags/isr_pipeline.py
[2026-04-01T07:46:00.215+0000] {logging_mixin.py:188} INFO - [2026-04-01T07:46:00.215+0000] {dag.py:3096} INFO - Sync 1 DAGs
[2026-04-01T07:46:00.257+0000] {processor.py:183} INFO - Processing /opt/airflow/dags/isr_pipeline.py took 0.106 seconds
[2026-04-01T07:46:30.349+0000] {processor.py:161} INFO - Started process (PID=40937) to work on /opt/airflow/dags/isr_pipeline.py
[2026-04-01T07:46:30.352+0000] {processor.py:830} INFO - Processing file /opt/airflow/dags/isr_pipeline.py for tasks to queue
[2026-04-01T07:46:30.353+0000] {logging_mixin.py:188} INFO - [2026-04-01T07:46:30.353+0000] {dagbag.py:540} INFO - Filling up the DagBag from /opt/airflow/dags/isr_pipeline.py
[2026-04-01T07:46:30.371+0000] {processor.py:840} INFO - DAG(s) 'isr_pipeline' retrieved from /opt/airflow/dags/isr_pipeline.py
[2026-04-01T07:46:30.411+0000] {logging_mixin.py:188} INFO - [2026-04-01T07:46:30.411+0000] {dag.py:3096} INFO - Sync 1 DAGs
[2026-04-01T07:46:30.455+0000] {processor.py:183} INFO - Processing /opt/airflow/dags/isr_pipeline.py took 0.115 seconds
[2026-04-01T07:47:00.668+0000] {processor.py:161} INFO - Started process (PID=40942) to work on /opt/airflow/dags/isr_pipeline.py
[2026-04-01T07:47:00.670+0000] {processor.py:830} INFO - Processing file /opt/airflow/dags/isr_pipeline.py for tasks to queue
[2026-04-01T07:47:00.672+0000] {logging_mixin.py:188} INFO - [2026-04-01T07:47:00.672+0000] {dagbag.py:540} INFO - Filling up the DagBag from /opt/airflow/dags/isr_pipeline.py
[2026-04-01T07:47:00.690+0000] {processor.py:840} INFO - DAG(s) 'isr_pipeline' retrieved from /opt/airflow/dags/isr_pipeline.py
[2026-04-01T07:47:00.726+0000] {logging_mixin.py:188} INFO - [2026-04-01T07:47:00.725+0000] {dag.py:3096} INFO - Sync 1 DAGs
[2026-04-01T07:47:00.767+0000] {processor.py:183} INFO - Processing /opt/airflow/dags/isr_pipeline.py took 0.107 seconds
[2026-04-01T07:47:30.850+0000] {processor.py:161} INFO - Started process (PID=40947) to work on /opt/airflow/dags/isr_pipeline.py
[2026-04-01T07:47:30.853+0000] {processor.py:830} INFO - Processing file /opt/airflow/dags/isr_pipeline.py for tasks to queue
[2026-04-01T07:47:30.855+0000] {logging_mixin.py:188} INFO - [2026-04-01T07:47:30.855+0000] {dagbag.py:540} INFO - Filling up the DagBag from /opt/airflow/dags/isr_pipeline.py
[2026-04-01T07:47:30.874+0000] {processor.py:840} INFO - DAG(s) 'isr_pipeline' retrieved from /opt/airflow/dags/isr_pipeline.py
[2026-04-01T07:47:30.915+0000] {logging_mixin.py:188} INFO - [2026-04-01T07:47:30.915+0000] {dag.py:3096} INFO - Sync 1 DAGs
[2026-04-01T07:47:30.959+0000] {processor.py:183} INFO - Processing /opt/airflow/dags/isr_pipeline.py took 0.119 seconds
[2026-04-01T07:48:01.099+0000] {processor.py:161} INFO - Started process (PID=40952) to work on /opt/airflow/dags/isr_pipeline.py
[2026-04-01T07:48:01.101+0000] {processor.py:830} INFO - Processing file /opt/airflow/dags/isr_pipeline.py for tasks to queue
[2026-04-01T07:48:01.102+0000] {logging_mixin.py:188} INFO - [2026-04-01T07:48:01.102+0000] {dagbag.py:540} INFO - Filling up the DagBag from /opt/airflow/dags/isr_pipeline.py
[2026-04-01T07:48:01.120+0000] {processor.py:840} INFO - DAG(s) 'isr_pipeline' retrieved from /opt/airflow/dags/isr_pipeline.py
[2026-04-01T07:48:01.157+0000] {logging_mixin.py:188} INFO - [2026-04-01T07:48:01.156+0000] {dag.py:3096} INFO - Sync 1 DAGs
[2026-04-01T07:48:01.195+0000] {processor.py:183} INFO - Processing /opt/airflow/dags/isr_pipeline.py took 0.104 seconds
[2026-04-01T07:48:31.265+0000] {processor.py:161} INFO - Started process (PID=40957) to work on /opt/airflow/dags/isr_pipeline.py
[2026-04-01T07:48:31.267+0000] {processor.py:830} INFO - Processing file /opt/airflow/dags/isr_pipeline.py for tasks to queue
[2026-04-01T07:48:31.268+0000] {logging_mixin.py:188} INFO - [2026-04-01T07:48:31.268+0000] {dagbag.py:540} INFO - Filling up the DagBag from /opt/airflow/dags/isr_pipeline.py
[2026-04-01T07:48:31.285+0000] {processor.py:840} INFO - DAG(s) 'isr_pipeline' retrieved from /opt/airflow/dags/isr_pipeline.py
[2026-04-01T07:48:31.323+0000] {logging_mixin.py:188} INFO - [2026-04-01T07:48:31.323+0000] {dag.py:3096} INFO - Sync 1 DAGs
[2026-04-01T07:48:31.367+0000] {processor.py:183} INFO - Processing /opt/airflow/dags/isr_pipeline.py took 0.109 seconds
[2026-04-01T07:49:01.572+0000] {processor.py:161} INFO - Started process (PID=40962) to work on /opt/airflow/dags/isr_pipeline.py
[2026-04-01T07:49:01.574+0000] {processor.py:830} INFO - Processing file /opt/airflow/dags/isr_pipeline.py for tasks to queue
[2026-04-01T07:49:01.576+0000] {logging_mixin.py:188} INFO - [2026-04-01T07:49:01.575+0000] {dagbag.py:540} INFO - Filling up the DagBag from /opt/airflow/dags/isr_pipeline.py
[2026-04-01T07:49:01.593+0000] {processor.py:840} INFO - DAG(s) 'isr_pipeline' retrieved from /opt/airflow/dags/isr_pipeline.py
[2026-04-01T07:49:01.630+0000] {logging_mixin.py:188} INFO - [2026-04-01T07:49:01.630+0000] {dag.py:3096} INFO - Sync 1 DAGs
[2026-04-01T07:49:01.670+0000] {processor.py:183} INFO - Processing /opt/airflow/dags/isr_pipeline.py took 0.105 seconds
[2026-04-01T07:49:31.771+0000] {processor.py:161} INFO - Started process (PID=40967) to work on /opt/airflow/dags/isr_pipeline.py
[2026-04-01T07:49:31.775+0000] {processor.py:830} INFO - Processing file /opt/airflow/dags/isr_pipeline.py for tasks to queue
[2026-04-01T07:49:31.780+0000] {logging_mixin.py:188} INFO - [2026-04-01T07:49:31.778+0000] {dagbag.py:540} INFO - Filling up the DagBag from /opt/airflow/dags/isr_pipeline.py
[2026-04-01T07:49:31.812+0000] {processor.py:840} INFO - DAG(s) 'isr_pipeline' retrieved from /opt/airflow/dags/isr_pipeline.py
[2026-04-01T07:49:31.881+0000] {logging_mixin.py:188} INFO - [2026-04-01T07:49:31.880+0000] {dag.py:3096} INFO - Sync 1 DAGs
[2026-04-01T07:49:31.970+0000] {processor.py:183} INFO - Processing /opt/airflow/dags/isr_pipeline.py took 0.219 seconds
[2026-04-01T07:50:02.069+0000] {processor.py:161} INFO - Started process (PID=40972) to work on /opt/airflow/dags/isr_pipeline.py
[2026-04-01T07:50:02.071+0000] {processor.py:830} INFO - Processing file /opt/airflow/dags/isr_pipeline.py for tasks to queue
[2026-04-01T07:50:02.073+0000] {logging_mixin.py:188} INFO - [2026-04-01T07:50:02.072+0000] {dagbag.py:540} INFO - Filling up the DagBag from /opt/airflow/dags/isr_pipeline.py
[2026-04-01T07:50:02.091+0000] {processor.py:840} INFO - DAG(s) 'isr_pipeline' retrieved from /opt/airflow/dags/isr_pipeline.py
[2026-04-01T07:50:02.128+0000] {logging_mixin.py:188} INFO - [2026-04-01T07:50:02.128+0000] {dag.py:3096} INFO - Sync 1 DAGs
[2026-04-01T07:50:02.166+0000] {processor.py:183} INFO - Processing /opt/airflow/dags/isr_pipeline.py took 0.105 seconds
[2026-04-01T07:50:32.319+0000] {processor.py:161} INFO - Started process (PID=40977) to work on /opt/airflow/dags/isr_pipeline.py
[2026-04-01T07:50:32.321+0000] {processor.py:830} INFO - Processing file /opt/airflow/dags/isr_pipeline.py for tasks to queue
[2026-04-01T07:50:32.323+0000] {logging_mixin.py:188} INFO - [2026-04-01T07:50:32.322+0000] {dagbag.py:540} INFO - Filling up the DagBag from /opt/airflow/dags/isr_pipeline.py
[2026-04-01T07:50:32.341+0000] {processor.py:840} INFO - DAG(s) 'isr_pipeline' retrieved from /opt/airflow/dags/isr_pipeline.py
[2026-04-01T07:50:32.379+0000] {logging_mixin.py:188} INFO - [2026-04-01T07:50:32.379+0000] {dag.py:3096} INFO - Sync 1 DAGs
[2026-04-01T07:50:32.424+0000] {processor.py:183} INFO - Processing /opt/airflow/dags/isr_pipeline.py took 0.113 seconds
[2026-04-01T07:51:02.502+0000] {processor.py:161} INFO - Started process (PID=40982) to work on /opt/airflow/dags/isr_pipeline.py
[2026-04-01T07:51:02.503+0000] {processor.py:830} INFO - Processing file /opt/airflow/dags/isr_pipeline.py for tasks to queue
[2026-04-01T07:51:02.505+0000] {logging_mixin.py:188} INFO - [2026-04-01T07:51:02.505+0000] {dagbag.py:540} INFO - Filling up the DagBag from /opt/airflow/dags/isr_pipeline.py
[2026-04-01T07:51:02.524+0000] {processor.py:840} INFO - DAG(s) 'isr_pipeline' retrieved from /opt/airflow/dags/isr_pipeline.py
[2026-04-01T07:51:02.561+0000] {logging_mixin.py:188} INFO - [2026-04-01T07:51:02.561+0000] {dag.py:3096} INFO - Sync 1 DAGs
[2026-04-01T07:51:02.603+0000] {processor.py:183} INFO - Processing /opt/airflow/dags/isr_pipeline.py took 0.111 seconds
[2026-04-01T07:51:32.725+0000] {processor.py:161} INFO - Started process (PID=40987) to work on /opt/airflow/dags/isr_pipeline.py
[2026-04-01T07:51:32.727+0000] {processor.py:830} INFO - Processing file /opt/airflow/dags/isr_pipeline.py for tasks to queue
[2026-04-01T07:51:32.728+0000] {logging_mixin.py:188} INFO - [2026-04-01T07:51:32.728+0000] {dagbag.py:540} INFO - Filling up the DagBag from /opt/airflow/dags/isr_pipeline.py
[2026-04-01T07:51:32.746+0000] {processor.py:840} INFO - DAG(s) 'isr_pipeline' retrieved from /opt/airflow/dags/isr_pipeline.py
[2026-04-01T07:51:32.783+0000] {logging_mixin.py:188} INFO - [2026-04-01T07:51:32.783+0000] {dag.py:3096} INFO - Sync 1 DAGs
[2026-04-01T07:51:32.826+0000] {processor.py:183} INFO - Processing /opt/airflow/dags/isr_pipeline.py took 0.109 seconds
[2026-04-01T07:52:02.921+0000] {processor.py:161} INFO - Started process (PID=40992) to work on /opt/airflow/dags/isr_pipeline.py
[2026-04-01T07:52:02.923+0000] {processor.py:830} INFO - Processing file /opt/airflow/dags/isr_pipeline.py for tasks to queue
[2026-04-01T07:52:02.924+0000] {logging_mixin.py:188} INFO - [2026-04-01T07:52:02.924+0000] {dagbag.py:540} INFO - Filling up the DagBag from /opt/airflow/dags/isr_pipeline.py
[2026-04-01T07:52:02.943+0000] {processor.py:840} INFO - DAG(s) 'isr_pipeline' retrieved from /opt/airflow/dags/isr_pipeline.py
[2026-04-01T07:52:02.982+0000] {logging_mixin.py:188} INFO - [2026-04-01T07:52:02.981+0000] {dag.py:3096} INFO - Sync 1 DAGs
[2026-04-01T07:52:03.024+0000] {processor.py:183} INFO - Processing /opt/airflow/dags/isr_pipeline.py took 0.112 seconds
[2026-04-01T07:52:33.180+0000] {processor.py:161} INFO - Started process (PID=40997) to work on /opt/airflow/dags/isr_pipeline.py
[2026-04-01T07:52:33.182+0000] {processor.py:830} INFO - Processing file /opt/airflow/dags/isr_pipeline.py for tasks to queue
[2026-04-01T07:52:33.183+0000] {logging_mixin.py:188} INFO - [2026-04-01T07:52:33.183+0000] {dagbag.py:540} INFO - Filling up the DagBag from /opt/airflow/dags/isr_pipeline.py
[2026-04-01T07:52:33.200+0000] {processor.py:840} INFO - DAG(s) 'isr_pipeline' retrieved from /opt/airflow/dags/isr_pipeline.py
[2026-04-01T07:52:33.236+0000] {logging_mixin.py:188} INFO - [2026-04-01T07:52:33.236+0000] {dag.py:3096} INFO - Sync 1 DAGs
[2026-04-01T07:52:33.277+0000] {processor.py:183} INFO - Processing /opt/airflow/dags/isr_pipeline.py took 0.104 seconds
[2026-04-01T07:53:03.396+0000] {processor.py:161} INFO - Started process (PID=41002) to work on /opt/airflow/dags/isr_pipeline.py
[2026-04-01T07:53:03.398+0000] {processor.py:830} INFO - Processing file /opt/airflow/dags/isr_pipeline.py for tasks to queue
[2026-04-01T07:53:03.400+0000] {logging_mixin.py:188} INFO - [2026-04-01T07:53:03.400+0000] {dagbag.py:540} INFO - Filling up the DagBag from /opt/airflow/dags/isr_pipeline.py
[2026-04-01T07:53:03.420+0000] {processor.py:840} INFO - DAG(s) 'isr_pipeline' retrieved from /opt/airflow/dags/isr_pipeline.py
[2026-04-01T07:53:03.457+0000] {logging_mixin.py:188} INFO - [2026-04-01T07:53:03.457+0000] {dag.py:3096} INFO - Sync 1 DAGs
[2026-04-01T07:53:03.502+0000] {processor.py:183} INFO - Processing /opt/airflow/dags/isr_pipeline.py took 0.115 seconds
[2026-04-01T07:53:33.579+0000] {processor.py:161} INFO - Started process (PID=41007) to work on /opt/airflow/dags/isr_pipeline.py
[2026-04-01T07:53:33.584+0000] {processor.py:830} INFO - Processing file /opt/airflow/dags/isr_pipeline.py for tasks to queue
[2026-04-01T07:53:33.605+0000] {logging_mixin.py:188} INFO - [2026-04-01T07:53:33.604+0000] {dagbag.py:540} INFO - Filling up the DagBag from /opt/airflow/dags/isr_pipeline.py
[2026-04-01T07:53:33.628+0000] {processor.py:840} INFO - DAG(s) 'isr_pipeline' retrieved from /opt/airflow/dags/isr_pipeline.py
[2026-04-01T07:53:33.668+0000] {logging_mixin.py:188} INFO - [2026-04-01T07:53:33.667+0000] {dag.py:3096} INFO - Sync 1 DAGs
[2026-04-01T07:53:33.720+0000] {processor.py:183} INFO - Processing /opt/airflow/dags/isr_pipeline.py took 0.150 seconds
[2026-04-01T07:54:03.819+0000] {processor.py:161} INFO - Started process (PID=41012) to work on /opt/airflow/dags/isr_pipeline.py
[2026-04-01T07:54:03.821+0000] {processor.py:830} INFO - Processing file /opt/airflow/dags/isr_pipeline.py for tasks to queue
[2026-04-01T07:54:03.823+0000] {logging_mixin.py:188} INFO - [2026-04-01T07:54:03.822+0000] {dagbag.py:540} INFO - Filling up the DagBag from /opt/airflow/dags/isr_pipeline.py
[2026-04-01T07:54:03.842+0000] {processor.py:840} INFO - DAG(s) 'isr_pipeline' retrieved from /opt/airflow/dags/isr_pipeline.py
[2026-04-01T07:54:03.878+0000] {logging_mixin.py:188} INFO - [2026-04-01T07:54:03.877+0000] {dag.py:3096} INFO - Sync 1 DAGs
[2026-04-01T07:54:03.922+0000] {processor.py:183} INFO - Processing /opt/airflow/dags/isr_pipeline.py took 0.113 seconds
[2026-04-01T07:54:34.034+0000] {processor.py:161} INFO - Started process (PID=41017) to work on /opt/airflow/dags/isr_pipeline.py
[2026-04-01T07:54:34.036+0000] {processor.py:830} INFO - Processing file /opt/airflow/dags/isr_pipeline.py for tasks to queue
[2026-04-01T07:54:34.038+0000] {logging_mixin.py:188} INFO - [2026-04-01T07:54:34.037+0000] {dagbag.py:540} INFO - Filling up the DagBag from /opt/airflow/dags/isr_pipeline.py
[2026-04-01T07:54:34.059+0000] {processor.py:840} INFO - DAG(s) 'isr_pipeline' retrieved from /opt/airflow/dags/isr_pipeline.py
[2026-04-01T07:54:34.100+0000] {logging_mixin.py:188} INFO - [2026-04-01T07:54:34.099+0000] {dag.py:3096} INFO - Sync 1 DAGs
[2026-04-01T07:54:34.171+0000] {processor.py:183} INFO - Processing /opt/airflow/dags/isr_pipeline.py took 0.148 seconds
[2026-04-01T07:55:04.291+0000] {processor.py:161} INFO - Started process (PID=41022) to work on /opt/airflow/dags/isr_pipeline.py
[2026-04-01T07:55:04.293+0000] {processor.py:830} INFO - Processing file /opt/airflow/dags/isr_pipeline.py for tasks to queue
[2026-04-01T07:55:04.295+0000] {logging_mixin.py:188} INFO - [2026-04-01T07:55:04.294+0000] {dagbag.py:540} INFO - Filling up the DagBag from /opt/airflow/dags/isr_pipeline.py
[2026-04-01T07:55:04.318+0000] {processor.py:840} INFO - DAG(s) 'isr_pipeline' retrieved from /opt/airflow/dags/isr_pipeline.py
[2026-04-01T07:55:04.363+0000] {logging_mixin.py:188} INFO - [2026-04-01T07:55:04.363+0000] {dag.py:3096} INFO - Sync 1 DAGs
[2026-04-01T07:55:04.429+0000] {processor.py:183} INFO - Processing /opt/airflow/dags/isr_pipeline.py took 0.147 seconds
[2026-04-01T07:55:34.597+0000] {processor.py:161} INFO - Started process (PID=41027) to work on /opt/airflow/dags/isr_pipeline.py
[2026-04-01T07:55:34.599+0000] {processor.py:830} INFO - Processing file /opt/airflow/dags/isr_pipeline.py for tasks to queue
[2026-04-01T07:55:34.600+0000] {logging_mixin.py:188} INFO - [2026-04-01T07:55:34.600+0000] {dagbag.py:540} INFO - Filling up the DagBag from /opt/airflow/dags/isr_pipeline.py
[2026-04-01T07:55:34.619+0000] {processor.py:840} INFO - DAG(s) 'isr_pipeline' retrieved from /opt/airflow/dags/isr_pipeline.py
[2026-04-01T07:55:34.659+0000] {logging_mixin.py:188} INFO - [2026-04-01T07:55:34.659+0000] {dag.py:3096} INFO - Sync 1 DAGs
[2026-04-01T07:55:34.708+0000] {processor.py:183} INFO - Processing /opt/airflow/dags/isr_pipeline.py took 0.120 seconds
[2026-04-01T07:56:04.769+0000] {processor.py:161} INFO - Started process (PID=41032) to work on /opt/airflow/dags/isr_pipeline.py
[2026-04-01T07:56:04.771+0000] {processor.py:830} INFO - Processing file /opt/airflow/dags/isr_pipeline.py for tasks to queue
[2026-04-01T07:56:04.773+0000] {logging_mixin.py:188} INFO - [2026-04-01T07:56:04.772+0000] {dagbag.py:540} INFO - Filling up the DagBag from /opt/airflow/dags/isr_pipeline.py
[2026-04-01T07:56:04.792+0000] {processor.py:840} INFO - DAG(s) 'isr_pipeline' retrieved from /opt/airflow/dags/isr_pipeline.py
[2026-04-01T07:56:04.829+0000] {logging_mixin.py:188} INFO - [2026-04-01T07:56:04.829+0000] {dag.py:3096} INFO - Sync 1 DAGs
[2026-04-01T07:56:04.882+0000] {processor.py:183} INFO - Processing /opt/airflow/dags/isr_pipeline.py took 0.121 seconds
[2026-04-01T07:56:35.040+0000] {processor.py:161} INFO - Started process (PID=41037) to work on /opt/airflow/dags/isr_pipeline.py
[2026-04-01T07:56:35.042+0000] {processor.py:830} INFO - Processing file /opt/airflow/dags/isr_pipeline.py for tasks to queue
[2026-04-01T07:56:35.044+0000] {logging_mixin.py:188} INFO - [2026-04-01T07:56:35.043+0000] {dagbag.py:540} INFO - Filling up the DagBag from /opt/airflow/dags/isr_pipeline.py
[2026-04-01T07:56:35.063+0000] {processor.py:840} INFO - DAG(s) 'isr_pipeline' retrieved from /opt/airflow/dags/isr_pipeline.py
[2026-04-01T07:56:35.102+0000] {logging_mixin.py:188} INFO - [2026-04-01T07:56:35.102+0000] {dag.py:3096} INFO - Sync 1 DAGs
[2026-04-01T07:56:35.143+0000] {processor.py:183} INFO - Processing /opt/airflow/dags/isr_pipeline.py took 0.112 seconds
[2026-04-01T07:57:05.199+0000] {processor.py:161} INFO - Started process (PID=41042) to work on /opt/airflow/dags/isr_pipeline.py
[2026-04-01T07:57:05.201+0000] {processor.py:830} INFO - Processing file /opt/airflow/dags/isr_pipeline.py for tasks to queue
[2026-04-01T07:57:05.202+0000] {logging_mixin.py:188} INFO - [2026-04-01T07:57:05.202+0000] {dagbag.py:540} INFO - Filling up the DagBag from /opt/airflow/dags/isr_pipeline.py
[2026-04-01T07:57:05.220+0000] {processor.py:840} INFO - DAG(s) 'isr_pipeline' retrieved from /opt/airflow/dags/isr_pipeline.py
[2026-04-01T07:57:05.257+0000] {logging_mixin.py:188} INFO - [2026-04-01T07:57:05.257+0000] {dag.py:3096} INFO - Sync 1 DAGs
[2026-04-01T07:57:05.302+0000] {processor.py:183} INFO - Processing /opt/airflow/dags/isr_pipeline.py took 0.110 seconds
[2026-04-01T07:57:35.483+0000] {processor.py:161} INFO - Started process (PID=41047) to work on /opt/airflow/dags/isr_pipeline.py
[2026-04-01T07:57:35.484+0000] {processor.py:830} INFO - Processing file /opt/airflow/dags/isr_pipeline.py for tasks to queue
[2026-04-01T07:57:35.486+0000] {logging_mixin.py:188} INFO - [2026-04-01T07:57:35.486+0000] {dagbag.py:540} INFO - Filling up the DagBag from /opt/airflow/dags/isr_pipeline.py
[2026-04-01T07:57:35.507+0000] {processor.py:840} INFO - DAG(s) 'isr_pipeline' retrieved from /opt/airflow/dags/isr_pipeline.py
[2026-04-01T07:57:35.547+0000] {logging_mixin.py:188} INFO - [2026-04-01T07:57:35.546+0000] {dag.py:3096} INFO - Sync 1 DAGs
[2026-04-01T07:57:35.594+0000] {processor.py:183} INFO - Processing /opt/airflow/dags/isr_pipeline.py took 0.118 seconds
[2026-04-01T07:58:05.733+0000] {processor.py:161} INFO - Started process (PID=41052) to work on /opt/airflow/dags/isr_pipeline.py
[2026-04-01T07:58:05.735+0000] {processor.py:830} INFO - Processing file /opt/airflow/dags/isr_pipeline.py for tasks to queue
[2026-04-01T07:58:05.740+0000] {logging_mixin.py:188} INFO - [2026-04-01T07:58:05.737+0000] {dagbag.py:540} INFO - Filling up the DagBag from /opt/airflow/dags/isr_pipeline.py
[2026-04-01T07:58:05.760+0000] {processor.py:840} INFO - DAG(s) 'isr_pipeline' retrieved from /opt/airflow/dags/isr_pipeline.py
[2026-04-01T07:58:05.802+0000] {logging_mixin.py:188} INFO - [2026-04-01T07:58:05.802+0000] {dag.py:3096} INFO - Sync 1 DAGs
[2026-04-01T07:58:05.848+0000] {processor.py:183} INFO - Processing /opt/airflow/dags/isr_pipeline.py took 0.123 seconds
[2026-04-01T07:58:35.900+0000] {processor.py:161} INFO - Started process (PID=41057) to work on /opt/airflow/dags/isr_pipeline.py
[2026-04-01T07:58:35.902+0000] {processor.py:830} INFO - Processing file /opt/airflow/dags/isr_pipeline.py for tasks to queue
[2026-04-01T07:58:35.904+0000] {logging_mixin.py:188} INFO - [2026-04-01T07:58:35.903+0000] {dagbag.py:540} INFO - Filling up the DagBag from /opt/airflow/dags/isr_pipeline.py
[2026-04-01T07:58:35.937+0000] {processor.py:840} INFO - DAG(s) 'isr_pipeline' retrieved from /opt/airflow/dags/isr_pipeline.py
[2026-04-01T07:58:36.006+0000] {logging_mixin.py:188} INFO - [2026-04-01T07:58:36.005+0000] {dag.py:3096} INFO - Sync 1 DAGs
[2026-04-01T07:58:36.101+0000] {processor.py:183} INFO - Processing /opt/airflow/dags/isr_pipeline.py took 0.208 seconds
[2026-04-01T07:59:06.174+0000] {processor.py:161} INFO - Started process (PID=41062) to work on /opt/airflow/dags/isr_pipeline.py
[2026-04-01T07:59:06.177+0000] {processor.py:830} INFO - Processing file /opt/airflow/dags/isr_pipeline.py for tasks to queue
[2026-04-01T07:59:06.179+0000] {logging_mixin.py:188} INFO - [2026-04-01T07:59:06.179+0000] {dagbag.py:540} INFO - Filling up the DagBag from /opt/airflow/dags/isr_pipeline.py
[2026-04-01T07:59:06.196+0000] {processor.py:840} INFO - DAG(s) 'isr_pipeline' retrieved from /opt/airflow/dags/isr_pipeline.py
[2026-04-01T07:59:06.241+0000] {logging_mixin.py:188} INFO - [2026-04-01T07:59:06.240+0000] {dag.py:3096} INFO - Sync 1 DAGs
[2026-04-01T07:59:06.281+0000] {processor.py:183} INFO - Processing /opt/airflow/dags/isr_pipeline.py took 0.116 seconds
[2026-04-01T07:59:36.431+0000] {processor.py:161} INFO - Started process (PID=41067) to work on /opt/airflow/dags/isr_pipeline.py
[2026-04-01T07:59:36.433+0000] {processor.py:830} INFO - Processing file /opt/airflow/dags/isr_pipeline.py for tasks to queue
[2026-04-01T07:59:36.434+0000] {logging_mixin.py:188} INFO - [2026-04-01T07:59:36.434+0000] {dagbag.py:540} INFO - Filling up the DagBag from /opt/airflow/dags/isr_pipeline.py
[2026-04-01T07:59:36.455+0000] {processor.py:840} INFO - DAG(s) 'isr_pipeline' retrieved from /opt/airflow/dags/isr_pipeline.py
[2026-04-01T07:59:36.494+0000] {logging_mixin.py:188} INFO - [2026-04-01T07:59:36.494+0000] {dag.py:3096} INFO - Sync 1 DAGs
[2026-04-01T07:59:36.537+0000] {processor.py:183} INFO - Processing /opt/airflow/dags/isr_pipeline.py took 0.113 seconds
[2026-04-01T08:00:06.623+0000] {processor.py:161} INFO - Started process (PID=41072) to work on /opt/airflow/dags/isr_pipeline.py
[2026-04-01T08:00:06.625+0000] {processor.py:830} INFO - Processing file /opt/airflow/dags/isr_pipeline.py for tasks to queue
[2026-04-01T08:00:06.626+0000] {logging_mixin.py:188} INFO - [2026-04-01T08:00:06.626+0000] {dagbag.py:540} INFO - Filling up the DagBag from /opt/airflow/dags/isr_pipeline.py
[2026-04-01T08:00:06.643+0000] {processor.py:840} INFO - DAG(s) 'isr_pipeline' retrieved from /opt/airflow/dags/isr_pipeline.py
[2026-04-01T08:00:06.683+0000] {logging_mixin.py:188} INFO - [2026-04-01T08:00:06.683+0000] {dag.py:3096} INFO - Sync 1 DAGs
[2026-04-01T08:00:06.724+0000] {processor.py:183} INFO - Processing /opt/airflow/dags/isr_pipeline.py took 0.109 seconds
[2026-04-01T08:00:36.878+0000] {processor.py:161} INFO - Started process (PID=41077) to work on /opt/airflow/dags/isr_pipeline.py
[2026-04-01T08:00:36.880+0000] {processor.py:830} INFO - Processing file /opt/airflow/dags/isr_pipeline.py for tasks to queue
[2026-04-01T08:00:36.881+0000] {logging_mixin.py:188} INFO - [2026-04-01T08:00:36.881+0000] {dagbag.py:540} INFO - Filling up the DagBag from /opt/airflow/dags/isr_pipeline.py
[2026-04-01T08:00:36.899+0000] {processor.py:840} INFO - DAG(s) 'isr_pipeline' retrieved from /opt/airflow/dags/isr_pipeline.py
[2026-04-01T08:00:36.935+0000] {logging_mixin.py:188} INFO - [2026-04-01T08:00:36.935+0000] {dag.py:3096} INFO - Sync 1 DAGs
[2026-04-01T08:00:36.979+0000] {processor.py:183} INFO - Processing /opt/airflow/dags/isr_pipeline.py took 0.109 seconds
[2026-04-01T08:01:07.045+0000] {processor.py:161} INFO - Started process (PID=41082) to work on /opt/airflow/dags/isr_pipeline.py
[2026-04-01T08:01:07.046+0000] {processor.py:830} INFO - Processing file /opt/airflow/dags/isr_pipeline.py for tasks to queue
[2026-04-01T08:01:07.048+0000] {logging_mixin.py:188} INFO - [2026-04-01T08:01:07.047+0000] {dagbag.py:540} INFO - Filling up the DagBag from /opt/airflow/dags/isr_pipeline.py
[2026-04-01T08:01:07.068+0000] {processor.py:840} INFO - DAG(s) 'isr_pipeline' retrieved from /opt/airflow/dags/isr_pipeline.py
[2026-04-01T08:01:07.105+0000] {logging_mixin.py:188} INFO - [2026-04-01T08:01:07.105+0000] {dag.py:3096} INFO - Sync 1 DAGs
[2026-04-01T08:01:07.150+0000] {processor.py:183} INFO - Processing /opt/airflow/dags/isr_pipeline.py took 0.113 seconds
[2026-04-01T08:01:37.302+0000] {processor.py:161} INFO - Started process (PID=41087) to work on /opt/airflow/dags/isr_pipeline.py
[2026-04-01T08:01:37.304+0000] {processor.py:830} INFO - Processing file /opt/airflow/dags/isr_pipeline.py for tasks to queue
[2026-04-01T08:01:37.305+0000] {logging_mixin.py:188} INFO - [2026-04-01T08:01:37.305+0000] {dagbag.py:540} INFO - Filling up the DagBag from /opt/airflow/dags/isr_pipeline.py
[2026-04-01T08:01:37.322+0000] {processor.py:840} INFO - DAG(s) 'isr_pipeline' retrieved from /opt/airflow/dags/isr_pipeline.py
[2026-04-01T08:01:37.359+0000] {logging_mixin.py:188} INFO - [2026-04-01T08:01:37.359+0000] {dag.py:3096} INFO - Sync 1 DAGs
[2026-04-01T08:01:37.401+0000] {processor.py:183} INFO - Processing /opt/airflow/dags/isr_pipeline.py took 0.108 seconds
[2026-04-01T08:02:07.452+0000] {processor.py:161} INFO - Started process (PID=41092) to work on /opt/airflow/dags/isr_pipeline.py
[2026-04-01T08:02:07.454+0000] {processor.py:830} INFO - Processing file /opt/airflow/dags/isr_pipeline.py for tasks to queue
[2026-04-01T08:02:07.455+0000] {logging_mixin.py:188} INFO - [2026-04-01T08:02:07.455+0000] {dagbag.py:540} INFO - Filling up the DagBag from /opt/airflow/dags/isr_pipeline.py
[2026-04-01T08:02:07.473+0000] {processor.py:840} INFO - DAG(s) 'isr_pipeline' retrieved from /opt/airflow/dags/isr_pipeline.py
[2026-04-01T08:02:07.514+0000] {logging_mixin.py:188} INFO - [2026-04-01T08:02:07.513+0000] {dag.py:3096} INFO - Sync 1 DAGs
[2026-04-01T08:02:07.555+0000] {processor.py:183} INFO - Processing /opt/airflow/dags/isr_pipeline.py took 0.111 seconds
[2026-04-01T08:02:37.747+0000] {processor.py:161} INFO - Started process (PID=41097) to work on /opt/airflow/dags/isr_pipeline.py
[2026-04-01T08:02:37.748+0000] {processor.py:830} INFO - Processing file /opt/airflow/dags/isr_pipeline.py for tasks to queue
[2026-04-01T08:02:37.750+0000] {logging_mixin.py:188} INFO - [2026-04-01T08:02:37.750+0000] {dagbag.py:540} INFO - Filling up the DagBag from /opt/airflow/dags/isr_pipeline.py
[2026-04-01T08:02:37.773+0000] {processor.py:840} INFO - DAG(s) 'isr_pipeline' retrieved from /opt/airflow/dags/isr_pipeline.py
[2026-04-01T08:02:37.820+0000] {logging_mixin.py:188} INFO - [2026-04-01T08:02:37.820+0000] {dag.py:3096} INFO - Sync 1 DAGs
[2026-04-01T08:02:37.874+0000] {processor.py:183} INFO - Processing /opt/airflow/dags/isr_pipeline.py took 0.136 seconds
[2026-04-01T08:03:07.932+0000] {processor.py:161} INFO - Started process (PID=41102) to work on /opt/airflow/dags/isr_pipeline.py
[2026-04-01T08:03:07.934+0000] {processor.py:830} INFO - Processing file /opt/airflow/dags/isr_pipeline.py for tasks to queue
[2026-04-01T08:03:07.936+0000] {logging_mixin.py:188} INFO - [2026-04-01T08:03:07.936+0000] {dagbag.py:540} INFO - Filling up the DagBag from /opt/airflow/dags/isr_pipeline.py
[2026-04-01T08:03:07.958+0000] {processor.py:840} INFO - DAG(s) 'isr_pipeline' retrieved from /opt/airflow/dags/isr_pipeline.py
[2026-04-01T08:03:08.001+0000] {logging_mixin.py:188} INFO - [2026-04-01T08:03:08.001+0000] {dag.py:3096} INFO - Sync 1 DAGs
[2026-04-01T08:03:08.062+0000] {processor.py:183} INFO - Processing /opt/airflow/dags/isr_pipeline.py took 0.139 seconds
[2026-04-01T08:03:38.232+0000] {processor.py:161} INFO - Started process (PID=41107) to work on /opt/airflow/dags/isr_pipeline.py
[2026-04-01T08:03:38.234+0000] {processor.py:830} INFO - Processing file /opt/airflow/dags/isr_pipeline.py for tasks to queue
[2026-04-01T08:03:38.235+0000] {logging_mixin.py:188} INFO - [2026-04-01T08:03:38.235+0000] {dagbag.py:540} INFO - Filling up the DagBag from /opt/airflow/dags/isr_pipeline.py
[2026-04-01T08:03:38.252+0000] {processor.py:840} INFO - DAG(s) 'isr_pipeline' retrieved from /opt/airflow/dags/isr_pipeline.py
[2026-04-01T08:03:38.288+0000] {logging_mixin.py:188} INFO - [2026-04-01T08:03:38.288+0000] {dag.py:3096} INFO - Sync 1 DAGs
[2026-04-01T08:03:38.331+0000] {processor.py:183} INFO - Processing /opt/airflow/dags/isr_pipeline.py took 0.107 seconds
[2026-04-01T08:04:08.405+0000] {processor.py:161} INFO - Started process (PID=41112) to work on /opt/airflow/dags/isr_pipeline.py
[2026-04-01T08:04:08.406+0000] {processor.py:830} INFO - Processing file /opt/airflow/dags/isr_pipeline.py for tasks to queue
[2026-04-01T08:04:08.408+0000] {logging_mixin.py:188} INFO - [2026-04-01T08:04:08.407+0000] {dagbag.py:540} INFO - Filling up the DagBag from /opt/airflow/dags/isr_pipeline.py
[2026-04-01T08:04:08.425+0000] {processor.py:840} INFO - DAG(s) 'isr_pipeline' retrieved from /opt/airflow/dags/isr_pipeline.py
[2026-04-01T08:04:08.470+0000] {logging_mixin.py:188} INFO - [2026-04-01T08:04:08.469+0000] {dag.py:3096} INFO - Sync 1 DAGs
[2026-04-01T08:04:08.512+0000] {processor.py:183} INFO - Processing /opt/airflow/dags/isr_pipeline.py took 0.115 seconds
[2026-04-01T08:04:38.631+0000] {processor.py:161} INFO - Started process (PID=41117) to work on /opt/airflow/dags/isr_pipeline.py
[2026-04-01T08:04:38.632+0000] {processor.py:830} INFO - Processing file /opt/airflow/dags/isr_pipeline.py for tasks to queue
[2026-04-01T08:04:38.634+0000] {logging_mixin.py:188} INFO - [2026-04-01T08:04:38.633+0000] {dagbag.py:540} INFO - Filling up the DagBag from /opt/airflow/dags/isr_pipeline.py
[2026-04-01T08:04:38.651+0000] {processor.py:840} INFO - DAG(s) 'isr_pipeline' retrieved from /opt/airflow/dags/isr_pipeline.py
[2026-04-01T08:04:38.687+0000] {logging_mixin.py:188} INFO - [2026-04-01T08:04:38.687+0000] {dag.py:3096} INFO - Sync 1 DAGs
[2026-04-01T08:04:38.729+0000] {processor.py:183} INFO - Processing /opt/airflow/dags/isr_pipeline.py took 0.106 seconds
[2026-04-01T08:05:08.799+0000] {processor.py:161} INFO - Started process (PID=41122) to work on /opt/airflow/dags/isr_pipeline.py
[2026-04-01T08:05:08.802+0000] {processor.py:830} INFO - Processing file /opt/airflow/dags/isr_pipeline.py for tasks to queue
[2026-04-01T08:05:08.803+0000] {logging_mixin.py:188} INFO - [2026-04-01T08:05:08.803+0000] {dagbag.py:540} INFO - Filling up the DagBag from /opt/airflow/dags/isr_pipeline.py
[2026-04-01T08:05:08.824+0000] {processor.py:840} INFO - DAG(s) 'isr_pipeline' retrieved from /opt/airflow/dags/isr_pipeline.py
[2026-04-01T08:05:08.892+0000] {logging_mixin.py:188} INFO - [2026-04-01T08:05:08.892+0000] {dag.py:3096} INFO - Sync 1 DAGs
[2026-04-01T08:05:08.991+0000] {processor.py:183} INFO - Processing /opt/airflow/dags/isr_pipeline.py took 0.200 seconds
[2026-04-01T08:05:39.053+0000] {processor.py:161} INFO - Started process (PID=41127) to work on /opt/airflow/dags/isr_pipeline.py
[2026-04-01T08:05:39.055+0000] {processor.py:830} INFO - Processing file /opt/airflow/dags/isr_pipeline.py for tasks to queue
[2026-04-01T08:05:39.057+0000] {logging_mixin.py:188} INFO - [2026-04-01T08:05:39.056+0000] {dagbag.py:540} INFO - Filling up the DagBag from /opt/airflow/dags/isr_pipeline.py
[2026-04-01T08:05:39.078+0000] {processor.py:840} INFO - DAG(s) 'isr_pipeline' retrieved from /opt/airflow/dags/isr_pipeline.py
[2026-04-01T08:05:39.116+0000] {logging_mixin.py:188} INFO - [2026-04-01T08:05:39.115+0000] {dag.py:3096} INFO - Sync 1 DAGs
[2026-04-01T08:05:39.159+0000] {processor.py:183} INFO - Processing /opt/airflow/dags/isr_pipeline.py took 0.115 seconds
[2026-04-01T08:06:09.217+0000] {processor.py:161} INFO - Started process (PID=41132) to work on /opt/airflow/dags/isr_pipeline.py
[2026-04-01T08:06:09.219+0000] {processor.py:830} INFO - Processing file /opt/airflow/dags/isr_pipeline.py for tasks to queue
[2026-04-01T08:06:09.220+0000] {logging_mixin.py:188} INFO - [2026-04-01T08:06:09.220+0000] {dagbag.py:540} INFO - Filling up the DagBag from /opt/airflow/dags/isr_pipeline.py
[2026-04-01T08:06:09.237+0000] {processor.py:840} INFO - DAG(s) 'isr_pipeline' retrieved from /opt/airflow/dags/isr_pipeline.py
[2026-04-01T08:06:09.275+0000] {logging_mixin.py:188} INFO - [2026-04-01T08:06:09.275+0000] {dag.py:3096} INFO - Sync 1 DAGs
[2026-04-01T08:06:09.318+0000] {processor.py:183} INFO - Processing /opt/airflow/dags/isr_pipeline.py took 0.110 seconds
[2026-04-01T08:06:39.407+0000] {processor.py:161} INFO - Started process (PID=41137) to work on /opt/airflow/dags/isr_pipeline.py
[2026-04-01T08:06:39.409+0000] {processor.py:830} INFO - Processing file /opt/airflow/dags/isr_pipeline.py for tasks to queue
[2026-04-01T08:06:39.410+0000] {logging_mixin.py:188} INFO - [2026-04-01T08:06:39.410+0000] {dagbag.py:540} INFO - Filling up the DagBag from /opt/airflow/dags/isr_pipeline.py
[2026-04-01T08:06:39.428+0000] {processor.py:840} INFO - DAG(s) 'isr_pipeline' retrieved from /opt/airflow/dags/isr_pipeline.py
[2026-04-01T08:06:39.472+0000] {logging_mixin.py:188} INFO - [2026-04-01T08:06:39.472+0000] {dag.py:3096} INFO - Sync 1 DAGs
[2026-04-01T08:06:39.516+0000] {processor.py:183} INFO - Processing /opt/airflow/dags/isr_pipeline.py took 0.120 seconds
[2026-04-01T08:07:09.686+0000] {processor.py:161} INFO - Started process (PID=41142) to work on /opt/airflow/dags/isr_pipeline.py
[2026-04-01T08:07:09.688+0000] {processor.py:830} INFO - Processing file /opt/airflow/dags/isr_pipeline.py for tasks to queue
[2026-04-01T08:07:09.690+0000] {logging_mixin.py:188} INFO - [2026-04-01T08:07:09.689+0000] {dagbag.py:540} INFO - Filling up the DagBag from /opt/airflow/dags/isr_pipeline.py
[2026-04-01T08:07:09.708+0000] {processor.py:840} INFO - DAG(s) 'isr_pipeline' retrieved from /opt/airflow/dags/isr_pipeline.py
[2026-04-01T08:07:09.745+0000] {logging_mixin.py:188} INFO - [2026-04-01T08:07:09.745+0000] {dag.py:3096} INFO - Sync 1 DAGs
[2026-04-01T08:07:09.789+0000] {processor.py:183} INFO - Processing /opt/airflow/dags/isr_pipeline.py took 0.113 seconds
[2026-04-01T08:07:39.850+0000] {processor.py:161} INFO - Started process (PID=41147) to work on /opt/airflow/dags/isr_pipeline.py
[2026-04-01T08:07:39.852+0000] {processor.py:830} INFO - Processing file /opt/airflow/dags/isr_pipeline.py for tasks to queue
[2026-04-01T08:07:39.854+0000] {logging_mixin.py:188} INFO - [2026-04-01T08:07:39.853+0000] {dagbag.py:540} INFO - Filling up the DagBag from /opt/airflow/dags/isr_pipeline.py
[2026-04-01T08:07:39.871+0000] {processor.py:840} INFO - DAG(s) 'isr_pipeline' retrieved from /opt/airflow/dags/isr_pipeline.py
[2026-04-01T08:07:39.911+0000] {logging_mixin.py:188} INFO - [2026-04-01T08:07:39.911+0000] {dag.py:3096} INFO - Sync 1 DAGs
[2026-04-01T08:07:39.954+0000] {processor.py:183} INFO - Processing /opt/airflow/dags/isr_pipeline.py took 0.112 seconds
[2026-04-01T08:08:10.160+0000] {processor.py:161} INFO - Started process (PID=41152) to work on /opt/airflow/dags/isr_pipeline.py
[2026-04-01T08:08:10.162+0000] {processor.py:830} INFO - Processing file /opt/airflow/dags/isr_pipeline.py for tasks to queue
[2026-04-01T08:08:10.163+0000] {logging_mixin.py:188} INFO - [2026-04-01T08:08:10.163+0000] {dagbag.py:540} INFO - Filling up the DagBag from /opt/airflow/dags/isr_pipeline.py
[2026-04-01T08:08:10.180+0000] {processor.py:840} INFO - DAG(s) 'isr_pipeline' retrieved from /opt/airflow/dags/isr_pipeline.py
[2026-04-01T08:08:10.216+0000] {logging_mixin.py:188} INFO - [2026-04-01T08:08:10.215+0000] {dag.py:3096} INFO - Sync 1 DAGs
[2026-04-01T08:08:10.256+0000] {processor.py:183} INFO - Processing /opt/airflow/dags/isr_pipeline.py took 0.103 seconds
[2026-04-01T08:08:40.348+0000] {processor.py:161} INFO - Started process (PID=41157) to work on /opt/airflow/dags/isr_pipeline.py
[2026-04-01T08:08:40.349+0000] {processor.py:830} INFO - Processing file /opt/airflow/dags/isr_pipeline.py for tasks to queue
[2026-04-01T08:08:40.351+0000] {logging_mixin.py:188} INFO - [2026-04-01T08:08:40.351+0000] {dagbag.py:540} INFO - Filling up the DagBag from /opt/airflow/dags/isr_pipeline.py
[2026-04-01T08:08:40.369+0000] {processor.py:840} INFO - DAG(s) 'isr_pipeline' retrieved from /opt/airflow/dags/isr_pipeline.py
[2026-04-01T08:08:40.406+0000] {logging_mixin.py:188} INFO - [2026-04-01T08:08:40.406+0000] {dag.py:3096} INFO - Sync 1 DAGs
[2026-04-01T08:08:40.449+0000] {processor.py:183} INFO - Processing /opt/airflow/dags/isr_pipeline.py took 0.109 seconds
[2026-04-01T08:09:10.613+0000] {processor.py:161} INFO - Started process (PID=41162) to work on /opt/airflow/dags/isr_pipeline.py
[2026-04-01T08:09:10.614+0000] {processor.py:830} INFO - Processing file /opt/airflow/dags/isr_pipeline.py for tasks to queue
[2026-04-01T08:09:10.616+0000] {logging_mixin.py:188} INFO - [2026-04-01T08:09:10.615+0000] {dagbag.py:540} INFO - Filling up the DagBag from /opt/airflow/dags/isr_pipeline.py
[2026-04-01T08:09:10.633+0000] {processor.py:840} INFO - DAG(s) 'isr_pipeline' retrieved from /opt/airflow/dags/isr_pipeline.py
[2026-04-01T08:09:10.669+0000] {logging_mixin.py:188} INFO - [2026-04-01T08:09:10.669+0000] {dag.py:3096} INFO - Sync 1 DAGs
[2026-04-01T08:09:10.710+0000] {processor.py:183} INFO - Processing /opt/airflow/dags/isr_pipeline.py took 0.105 seconds
[2026-04-01T08:09:40.801+0000] {processor.py:161} INFO - Started process (PID=41167) to work on /opt/airflow/dags/isr_pipeline.py
[2026-04-01T08:09:40.803+0000] {processor.py:830} INFO - Processing file /opt/airflow/dags/isr_pipeline.py for tasks to queue
[2026-04-01T08:09:40.804+0000] {logging_mixin.py:188} INFO - [2026-04-01T08:09:40.804+0000] {dagbag.py:540} INFO - Filling up the DagBag from /opt/airflow/dags/isr_pipeline.py
[2026-04-01T08:09:40.822+0000] {processor.py:840} INFO - DAG(s) 'isr_pipeline' retrieved from /opt/airflow/dags/isr_pipeline.py
[2026-04-01T08:09:40.860+0000] {logging_mixin.py:188} INFO - [2026-04-01T08:09:40.860+0000] {dag.py:3096} INFO - Sync 1 DAGs
[2026-04-01T08:09:40.906+0000] {processor.py:183} INFO - Processing /opt/airflow/dags/isr_pipeline.py took 0.113 seconds
[2026-04-01T08:10:11.088+0000] {processor.py:161} INFO - Started process (PID=41172) to work on /opt/airflow/dags/isr_pipeline.py
[2026-04-01T08:10:11.089+0000] {processor.py:830} INFO - Processing file /opt/airflow/dags/isr_pipeline.py for tasks to queue
[2026-04-01T08:10:11.091+0000] {logging_mixin.py:188} INFO - [2026-04-01T08:10:11.090+0000] {dagbag.py:540} INFO - Filling up the DagBag from /opt/airflow/dags/isr_pipeline.py
[2026-04-01T08:10:11.109+0000] {processor.py:840} INFO - DAG(s) 'isr_pipeline' retrieved from /opt/airflow/dags/isr_pipeline.py
[2026-04-01T08:10:11.147+0000] {logging_mixin.py:188} INFO - [2026-04-01T08:10:11.146+0000] {dag.py:3096} INFO - Sync 1 DAGs
[2026-04-01T08:10:11.191+0000] {processor.py:183} INFO - Processing /opt/airflow/dags/isr_pipeline.py took 0.112 seconds
[2026-04-01T08:10:41.261+0000] {processor.py:161} INFO - Started process (PID=41177) to work on /opt/airflow/dags/isr_pipeline.py
[2026-04-01T08:10:41.263+0000] {processor.py:830} INFO - Processing file /opt/airflow/dags/isr_pipeline.py for tasks to queue
[2026-04-01T08:10:41.264+0000] {logging_mixin.py:188} INFO - [2026-04-01T08:10:41.264+0000] {dagbag.py:540} INFO - Filling up the DagBag from /opt/airflow/dags/isr_pipeline.py
[2026-04-01T08:10:41.282+0000] {processor.py:840} INFO - DAG(s) 'isr_pipeline' retrieved from /opt/airflow/dags/isr_pipeline.py
[2026-04-01T08:10:41.321+0000] {logging_mixin.py:188} INFO - [2026-04-01T08:10:41.321+0000] {dag.py:3096} INFO - Sync 1 DAGs
[2026-04-01T08:10:41.366+0000] {processor.py:183} INFO - Processing /opt/airflow/dags/isr_pipeline.py took 0.113 seconds
[2026-04-01T08:11:11.537+0000] {processor.py:161} INFO - Started process (PID=41182) to work on /opt/airflow/dags/isr_pipeline.py
[2026-04-01T08:11:11.539+0000] {processor.py:830} INFO - Processing file /opt/airflow/dags/isr_pipeline.py for tasks to queue
[2026-04-01T08:11:11.541+0000] {logging_mixin.py:188} INFO - [2026-04-01T08:11:11.540+0000] {dagbag.py:540} INFO - Filling up the DagBag from /opt/airflow/dags/isr_pipeline.py
[2026-04-01T08:11:11.558+0000] {processor.py:840} INFO - DAG(s) 'isr_pipeline' retrieved from /opt/airflow/dags/isr_pipeline.py
[2026-04-01T08:11:11.595+0000] {logging_mixin.py:188} INFO - [2026-04-01T08:11:11.594+0000] {dag.py:3096} INFO - Sync 1 DAGs
[2026-04-01T08:11:11.638+0000] {processor.py:183} INFO - Processing /opt/airflow/dags/isr_pipeline.py took 0.108 seconds
[2026-04-01T08:11:41.703+0000] {processor.py:161} INFO - Started process (PID=41187) to work on /opt/airflow/dags/isr_pipeline.py
[2026-04-01T08:11:41.705+0000] {processor.py:830} INFO - Processing file /opt/airflow/dags/isr_pipeline.py for tasks to queue
[2026-04-01T08:11:41.706+0000] {logging_mixin.py:188} INFO - [2026-04-01T08:11:41.706+0000] {dagbag.py:540} INFO - Filling up the DagBag from /opt/airflow/dags/isr_pipeline.py
[2026-04-01T08:11:41.725+0000] {processor.py:840} INFO - DAG(s) 'isr_pipeline' retrieved from /opt/airflow/dags/isr_pipeline.py
[2026-04-01T08:11:41.764+0000] {logging_mixin.py:188} INFO - [2026-04-01T08:11:41.764+0000] {dag.py:3096} INFO - Sync 1 DAGs
[2026-04-01T08:11:41.809+0000] {processor.py:183} INFO - Processing /opt/airflow/dags/isr_pipeline.py took 0.114 seconds
[2026-04-01T08:12:11.995+0000] {processor.py:161} INFO - Started process (PID=41192) to work on /opt/airflow/dags/isr_pipeline.py
[2026-04-01T08:12:11.996+0000] {processor.py:830} INFO - Processing file /opt/airflow/dags/isr_pipeline.py for tasks to queue
[2026-04-01T08:12:11.998+0000] {logging_mixin.py:188} INFO - [2026-04-01T08:12:11.998+0000] {dagbag.py:540} INFO - Filling up the DagBag from /opt/airflow/dags/isr_pipeline.py
[2026-04-01T08:12:12.016+0000] {processor.py:840} INFO - DAG(s) 'isr_pipeline' retrieved from /opt/airflow/dags/isr_pipeline.py
[2026-04-01T08:12:12.054+0000] {logging_mixin.py:188} INFO - [2026-04-01T08:12:12.054+0000] {dag.py:3096} INFO - Sync 1 DAGs
[2026-04-01T08:12:12.097+0000] {processor.py:183} INFO - Processing /opt/airflow/dags/isr_pipeline.py took 0.110 seconds
[2026-04-01T08:12:42.168+0000] {processor.py:161} INFO - Started process (PID=41197) to work on /opt/airflow/dags/isr_pipeline.py
[2026-04-01T08:12:42.170+0000] {processor.py:830} INFO - Processing file /opt/airflow/dags/isr_pipeline.py for tasks to queue
[2026-04-01T08:12:42.171+0000] {logging_mixin.py:188} INFO - [2026-04-01T08:12:42.171+0000] {dagbag.py:540} INFO - Filling up the DagBag from /opt/airflow/dags/isr_pipeline.py
[2026-04-01T08:12:42.188+0000] {processor.py:840} INFO - DAG(s) 'isr_pipeline' retrieved from /opt/airflow/dags/isr_pipeline.py
[2026-04-01T08:12:42.225+0000] {logging_mixin.py:188} INFO - [2026-04-01T08:12:42.225+0000] {dag.py:3096} INFO - Sync 1 DAGs
[2026-04-01T08:12:42.267+0000] {processor.py:183} INFO - Processing /opt/airflow/dags/isr_pipeline.py took 0.106 seconds
[2026-04-01T08:13:12.447+0000] {processor.py:161} INFO - Started process (PID=41202) to work on /opt/airflow/dags/isr_pipeline.py
[2026-04-01T08:13:12.448+0000] {processor.py:830} INFO - Processing file /opt/airflow/dags/isr_pipeline.py for tasks to queue
[2026-04-01T08:13:12.450+0000] {logging_mixin.py:188} INFO - [2026-04-01T08:13:12.449+0000] {dagbag.py:540} INFO - Filling up the DagBag from /opt/airflow/dags/isr_pipeline.py
[2026-04-01T08:13:12.467+0000] {processor.py:840} INFO - DAG(s) 'isr_pipeline' retrieved from /opt/airflow/dags/isr_pipeline.py
[2026-04-01T08:13:12.504+0000] {logging_mixin.py:188} INFO - [2026-04-01T08:13:12.504+0000] {dag.py:3096} INFO - Sync 1 DAGs
[2026-04-01T08:13:12.548+0000] {processor.py:183} INFO - Processing /opt/airflow/dags/isr_pipeline.py took 0.109 seconds
[2026-04-01T08:13:42.610+0000] {processor.py:161} INFO - Started process (PID=41207) to work on /opt/airflow/dags/isr_pipeline.py
[2026-04-01T08:13:42.612+0000] {processor.py:830} INFO - Processing file /opt/airflow/dags/isr_pipeline.py for tasks to queue
[2026-04-01T08:13:42.614+0000] {logging_mixin.py:188} INFO - [2026-04-01T08:13:42.613+0000] {dagbag.py:540} INFO - Filling up the DagBag from /opt/airflow/dags/isr_pipeline.py
[2026-04-01T08:13:42.632+0000] {processor.py:840} INFO - DAG(s) 'isr_pipeline' retrieved from /opt/airflow/dags/isr_pipeline.py
[2026-04-01T08:13:42.669+0000] {logging_mixin.py:188} INFO - [2026-04-01T08:13:42.669+0000] {dag.py:3096} INFO - Sync 1 DAGs
[2026-04-01T08:13:42.712+0000] {processor.py:183} INFO - Processing /opt/airflow/dags/isr_pipeline.py took 0.109 seconds
[2026-04-01T08:14:12.913+0000] {processor.py:161} INFO - Started process (PID=41212) to work on /opt/airflow/dags/isr_pipeline.py
[2026-04-01T08:14:12.914+0000] {processor.py:830} INFO - Processing file /opt/airflow/dags/isr_pipeline.py for tasks to queue
[2026-04-01T08:14:12.916+0000] {logging_mixin.py:188} INFO - [2026-04-01T08:14:12.915+0000] {dagbag.py:540} INFO - Filling up the DagBag from /opt/airflow/dags/isr_pipeline.py
[2026-04-01T08:14:12.934+0000] {processor.py:840} INFO - DAG(s) 'isr_pipeline' retrieved from /opt/airflow/dags/isr_pipeline.py
[2026-04-01T08:14:12.971+0000] {logging_mixin.py:188} INFO - [2026-04-01T08:14:12.970+0000] {dag.py:3096} INFO - Sync 1 DAGs
[2026-04-01T08:14:13.016+0000] {processor.py:183} INFO - Processing /opt/airflow/dags/isr_pipeline.py took 0.111 seconds
[2026-04-01T08:14:43.071+0000] {processor.py:161} INFO - Started process (PID=41217) to work on /opt/airflow/dags/isr_pipeline.py
[2026-04-01T08:14:43.073+0000] {processor.py:830} INFO - Processing file /opt/airflow/dags/isr_pipeline.py for tasks to queue
[2026-04-01T08:14:43.075+0000] {logging_mixin.py:188} INFO - [2026-04-01T08:14:43.074+0000] {dagbag.py:540} INFO - Filling up the DagBag from /opt/airflow/dags/isr_pipeline.py
[2026-04-01T08:14:43.093+0000] {processor.py:840} INFO - DAG(s) 'isr_pipeline' retrieved from /opt/airflow/dags/isr_pipeline.py
[2026-04-01T08:14:43.131+0000] {logging_mixin.py:188} INFO - [2026-04-01T08:14:43.131+0000] {dag.py:3096} INFO - Sync 1 DAGs
[2026-04-01T08:14:43.171+0000] {processor.py:183} INFO - Processing /opt/airflow/dags/isr_pipeline.py took 0.108 seconds
[2026-04-01T08:15:13.328+0000] {processor.py:161} INFO - Started process (PID=41222) to work on /opt/airflow/dags/isr_pipeline.py
[2026-04-01T08:15:13.330+0000] {processor.py:830} INFO - Processing file /opt/airflow/dags/isr_pipeline.py for tasks to queue
[2026-04-01T08:15:13.332+0000] {logging_mixin.py:188} INFO - [2026-04-01T08:15:13.332+0000] {dagbag.py:540} INFO - Filling up the DagBag from /opt/airflow/dags/isr_pipeline.py
[2026-04-01T08:15:13.349+0000] {processor.py:840} INFO - DAG(s) 'isr_pipeline' retrieved from /opt/airflow/dags/isr_pipeline.py
[2026-04-01T08:15:13.388+0000] {logging_mixin.py:188} INFO - [2026-04-01T08:15:13.387+0000] {dag.py:3096} INFO - Sync 1 DAGs
[2026-04-01T08:15:13.432+0000] {processor.py:183} INFO - Processing /opt/airflow/dags/isr_pipeline.py took 0.112 seconds
[2026-04-01T08:15:43.585+0000] {processor.py:161} INFO - Started process (PID=41227) to work on /opt/airflow/dags/isr_pipeline.py
[2026-04-01T08:15:43.587+0000] {processor.py:830} INFO - Processing file /opt/airflow/dags/isr_pipeline.py for tasks to queue
[2026-04-01T08:15:43.588+0000] {logging_mixin.py:188} INFO - [2026-04-01T08:15:43.588+0000] {dagbag.py:540} INFO - Filling up the DagBag from /opt/airflow/dags/isr_pipeline.py
[2026-04-01T08:15:43.606+0000] {processor.py:840} INFO - DAG(s) 'isr_pipeline' retrieved from /opt/airflow/dags/isr_pipeline.py
[2026-04-01T08:15:43.643+0000] {logging_mixin.py:188} INFO - [2026-04-01T08:15:43.643+0000] {dag.py:3096} INFO - Sync 1 DAGs
[2026-04-01T08:15:43.686+0000] {processor.py:183} INFO - Processing /opt/airflow/dags/isr_pipeline.py took 0.108 seconds
[2026-04-01T08:16:13.737+0000] {processor.py:161} INFO - Started process (PID=41232) to work on /opt/airflow/dags/isr_pipeline.py
[2026-04-01T08:16:13.738+0000] {processor.py:830} INFO - Processing file /opt/airflow/dags/isr_pipeline.py for tasks to queue
[2026-04-01T08:16:13.740+0000] {logging_mixin.py:188} INFO - [2026-04-01T08:16:13.739+0000] {dagbag.py:540} INFO - Filling up the DagBag from /opt/airflow/dags/isr_pipeline.py
[2026-04-01T08:16:13.758+0000] {processor.py:840} INFO - DAG(s) 'isr_pipeline' retrieved from /opt/airflow/dags/isr_pipeline.py
[2026-04-01T08:16:13.799+0000] {logging_mixin.py:188} INFO - [2026-04-01T08:16:13.798+0000] {dag.py:3096} INFO - Sync 1 DAGs
[2026-04-01T08:16:13.845+0000] {processor.py:183} INFO - Processing /opt/airflow/dags/isr_pipeline.py took 0.117 seconds
[2026-04-01T08:16:43.971+0000] {processor.py:161} INFO - Started process (PID=41237) to work on /opt/airflow/dags/isr_pipeline.py
[2026-04-01T08:16:43.973+0000] {processor.py:830} INFO - Processing file /opt/airflow/dags/isr_pipeline.py for tasks to queue
[2026-04-01T08:16:43.975+0000] {logging_mixin.py:188} INFO - [2026-04-01T08:16:43.974+0000] {dagbag.py:540} INFO - Filling up the DagBag from /opt/airflow/dags/isr_pipeline.py
[2026-04-01T08:16:43.993+0000] {processor.py:840} INFO - DAG(s) 'isr_pipeline' retrieved from /opt/airflow/dags/isr_pipeline.py
[2026-04-01T08:16:44.032+0000] {logging_mixin.py:188} INFO - [2026-04-01T08:16:44.031+0000] {dag.py:3096} INFO - Sync 1 DAGs
[2026-04-01T08:16:44.078+0000] {processor.py:183} INFO - Processing /opt/airflow/dags/isr_pipeline.py took 0.116 seconds
[2026-04-01T08:17:14.162+0000] {processor.py:161} INFO - Started process (PID=41242) to work on /opt/airflow/dags/isr_pipeline.py
[2026-04-01T08:17:14.164+0000] {processor.py:830} INFO - Processing file /opt/airflow/dags/isr_pipeline.py for tasks to queue
[2026-04-01T08:17:14.165+0000] {logging_mixin.py:188} INFO - [2026-04-01T08:17:14.165+0000] {dagbag.py:540} INFO - Filling up the DagBag from /opt/airflow/dags/isr_pipeline.py
[2026-04-01T08:17:14.182+0000] {processor.py:840} INFO - DAG(s) 'isr_pipeline' retrieved from /opt/airflow/dags/isr_pipeline.py
[2026-04-01T08:17:14.219+0000] {logging_mixin.py:188} INFO - [2026-04-01T08:17:14.219+0000] {dag.py:3096} INFO - Sync 1 DAGs
[2026-04-01T08:17:14.263+0000] {processor.py:183} INFO - Processing /opt/airflow/dags/isr_pipeline.py took 0.109 seconds
[2026-04-01T08:17:44.444+0000] {processor.py:161} INFO - Started process (PID=41247) to work on /opt/airflow/dags/isr_pipeline.py
[2026-04-01T08:17:44.446+0000] {processor.py:830} INFO - Processing file /opt/airflow/dags/isr_pipeline.py for tasks to queue
[2026-04-01T08:17:44.448+0000] {logging_mixin.py:188} INFO - [2026-04-01T08:17:44.448+0000] {dagbag.py:540} INFO - Filling up the DagBag from /opt/airflow/dags/isr_pipeline.py
[2026-04-01T08:17:44.467+0000] {processor.py:840} INFO - DAG(s) 'isr_pipeline' retrieved from /opt/airflow/dags/isr_pipeline.py
[2026-04-01T08:17:44.509+0000] {logging_mixin.py:188} INFO - [2026-04-01T08:17:44.509+0000] {dag.py:3096} INFO - Sync 1 DAGs
[2026-04-01T08:17:44.554+0000] {processor.py:183} INFO - Processing /opt/airflow/dags/isr_pipeline.py took 0.117 seconds
[2026-04-01T08:18:14.624+0000] {processor.py:161} INFO - Started process (PID=41252) to work on /opt/airflow/dags/isr_pipeline.py
[2026-04-01T08:18:14.626+0000] {processor.py:830} INFO - Processing file /opt/airflow/dags/isr_pipeline.py for tasks to queue
[2026-04-01T08:18:14.627+0000] {logging_mixin.py:188} INFO - [2026-04-01T08:18:14.627+0000] {dagbag.py:540} INFO - Filling up the DagBag from /opt/airflow/dags/isr_pipeline.py
[2026-04-01T08:18:14.654+0000] {processor.py:840} INFO - DAG(s) 'isr_pipeline' retrieved from /opt/airflow/dags/isr_pipeline.py
[2026-04-01T08:18:14.693+0000] {logging_mixin.py:188} INFO - [2026-04-01T08:18:14.693+0000] {dag.py:3096} INFO - Sync 1 DAGs
[2026-04-01T08:18:14.739+0000] {processor.py:183} INFO - Processing /opt/airflow/dags/isr_pipeline.py took 0.122 seconds
[2026-04-01T08:18:44.886+0000] {processor.py:161} INFO - Started process (PID=41257) to work on /opt/airflow/dags/isr_pipeline.py
[2026-04-01T08:18:44.888+0000] {processor.py:830} INFO - Processing file /opt/airflow/dags/isr_pipeline.py for tasks to queue
[2026-04-01T08:18:44.889+0000] {logging_mixin.py:188} INFO - [2026-04-01T08:18:44.889+0000] {dagbag.py:540} INFO - Filling up the DagBag from /opt/airflow/dags/isr_pipeline.py
[2026-04-01T08:18:44.908+0000] {processor.py:840} INFO - DAG(s) 'isr_pipeline' retrieved from /opt/airflow/dags/isr_pipeline.py
[2026-04-01T08:18:44.948+0000] {logging_mixin.py:188} INFO - [2026-04-01T08:18:44.948+0000] {dag.py:3096} INFO - Sync 1 DAGs
[2026-04-01T08:18:44.994+0000] {processor.py:183} INFO - Processing /opt/airflow/dags/isr_pipeline.py took 0.116 seconds
[2026-04-01T08:19:15.067+0000] {processor.py:161} INFO - Started process (PID=41262) to work on /opt/airflow/dags/isr_pipeline.py
[2026-04-01T08:19:15.069+0000] {processor.py:830} INFO - Processing file /opt/airflow/dags/isr_pipeline.py for tasks to queue
[2026-04-01T08:19:15.071+0000] {logging_mixin.py:188} INFO - [2026-04-01T08:19:15.070+0000] {dagbag.py:540} INFO - Filling up the DagBag from /opt/airflow/dags/isr_pipeline.py
[2026-04-01T08:19:15.090+0000] {processor.py:840} INFO - DAG(s) 'isr_pipeline' retrieved from /opt/airflow/dags/isr_pipeline.py
[2026-04-01T08:19:15.135+0000] {logging_mixin.py:188} INFO - [2026-04-01T08:19:15.135+0000] {dag.py:3096} INFO - Sync 1 DAGs
[2026-04-01T08:19:15.192+0000] {processor.py:183} INFO - Processing /opt/airflow/dags/isr_pipeline.py took 0.133 seconds
[2026-04-01T08:19:45.345+0000] {processor.py:161} INFO - Started process (PID=41267) to work on /opt/airflow/dags/isr_pipeline.py
[2026-04-01T08:19:45.347+0000] {processor.py:830} INFO - Processing file /opt/airflow/dags/isr_pipeline.py for tasks to queue
[2026-04-01T08:19:45.348+0000] {logging_mixin.py:188} INFO - [2026-04-01T08:19:45.348+0000] {dagbag.py:540} INFO - Filling up the DagBag from /opt/airflow/dags/isr_pipeline.py
[2026-04-01T08:19:45.366+0000] {processor.py:840} INFO - DAG(s) 'isr_pipeline' retrieved from /opt/airflow/dags/isr_pipeline.py
[2026-04-01T08:19:45.403+0000] {logging_mixin.py:188} INFO - [2026-04-01T08:19:45.403+0000] {dag.py:3096} INFO - Sync 1 DAGs
[2026-04-01T08:19:45.446+0000] {processor.py:183} INFO - Processing /opt/airflow/dags/isr_pipeline.py took 0.109 seconds
[2026-04-01T08:20:15.525+0000] {processor.py:161} INFO - Started process (PID=41272) to work on /opt/airflow/dags/isr_pipeline.py
[2026-04-01T08:20:15.527+0000] {processor.py:830} INFO - Processing file /opt/airflow/dags/isr_pipeline.py for tasks to queue
[2026-04-01T08:20:15.528+0000] {logging_mixin.py:188} INFO - [2026-04-01T08:20:15.528+0000] {dagbag.py:540} INFO - Filling up the DagBag from /opt/airflow/dags/isr_pipeline.py
[2026-04-01T08:20:15.546+0000] {processor.py:840} INFO - DAG(s) 'isr_pipeline' retrieved from /opt/airflow/dags/isr_pipeline.py
[2026-04-01T08:20:15.584+0000] {logging_mixin.py:188} INFO - [2026-04-01T08:20:15.583+0000] {dag.py:3096} INFO - Sync 1 DAGs
[2026-04-01T08:20:15.654+0000] {processor.py:183} INFO - Processing /opt/airflow/dags/isr_pipeline.py took 0.138 seconds
[2026-04-01T08:20:45.880+0000] {processor.py:161} INFO - Started process (PID=41277) to work on /opt/airflow/dags/isr_pipeline.py
[2026-04-01T08:20:45.882+0000] {processor.py:830} INFO - Processing file /opt/airflow/dags/isr_pipeline.py for tasks to queue
[2026-04-01T08:20:45.883+0000] {logging_mixin.py:188} INFO - [2026-04-01T08:20:45.883+0000] {dagbag.py:540} INFO - Filling up the DagBag from /opt/airflow/dags/isr_pipeline.py
[2026-04-01T08:20:45.902+0000] {processor.py:840} INFO - DAG(s) 'isr_pipeline' retrieved from /opt/airflow/dags/isr_pipeline.py
[2026-04-01T08:20:45.943+0000] {logging_mixin.py:188} INFO - [2026-04-01T08:20:45.942+0000] {dag.py:3096} INFO - Sync 1 DAGs
[2026-04-01T08:20:45.991+0000] {processor.py:183} INFO - Processing /opt/airflow/dags/isr_pipeline.py took 0.121 seconds
[2026-04-01T08:21:16.043+0000] {processor.py:161} INFO - Started process (PID=41282) to work on /opt/airflow/dags/isr_pipeline.py
[2026-04-01T08:21:16.045+0000] {processor.py:830} INFO - Processing file /opt/airflow/dags/isr_pipeline.py for tasks to queue
[2026-04-01T08:21:16.046+0000] {logging_mixin.py:188} INFO - [2026-04-01T08:21:16.046+0000] {dagbag.py:540} INFO - Filling up the DagBag from /opt/airflow/dags/isr_pipeline.py
[2026-04-01T08:21:16.064+0000] {processor.py:840} INFO - DAG(s) 'isr_pipeline' retrieved from /opt/airflow/dags/isr_pipeline.py
[2026-04-01T08:21:16.101+0000] {logging_mixin.py:188} INFO - [2026-04-01T08:21:16.101+0000] {dag.py:3096} INFO - Sync 1 DAGs
[2026-04-01T08:21:16.142+0000] {processor.py:183} INFO - Processing /opt/airflow/dags/isr_pipeline.py took 0.107 seconds
[2026-04-01T08:21:46.328+0000] {processor.py:161} INFO - Started process (PID=41287) to work on /opt/airflow/dags/isr_pipeline.py
[2026-04-01T08:21:46.329+0000] {processor.py:830} INFO - Processing file /opt/airflow/dags/isr_pipeline.py for tasks to queue
[2026-04-01T08:21:46.331+0000] {logging_mixin.py:188} INFO - [2026-04-01T08:21:46.330+0000] {dagbag.py:540} INFO - Filling up the DagBag from /opt/airflow/dags/isr_pipeline.py
[2026-04-01T08:21:46.349+0000] {processor.py:840} INFO - DAG(s) 'isr_pipeline' retrieved from /opt/airflow/dags/isr_pipeline.py
[2026-04-01T08:21:46.386+0000] {logging_mixin.py:188} INFO - [2026-04-01T08:21:46.386+0000] {dag.py:3096} INFO - Sync 1 DAGs
[2026-04-01T08:21:46.430+0000] {processor.py:183} INFO - Processing /opt/airflow/dags/isr_pipeline.py took 0.110 seconds
[2026-04-01T08:22:16.499+0000] {processor.py:161} INFO - Started process (PID=41292) to work on /opt/airflow/dags/isr_pipeline.py
[2026-04-01T08:22:16.501+0000] {processor.py:830} INFO - Processing file /opt/airflow/dags/isr_pipeline.py for tasks to queue
[2026-04-01T08:22:16.503+0000] {logging_mixin.py:188} INFO - [2026-04-01T08:22:16.502+0000] {dagbag.py:540} INFO - Filling up the DagBag from /opt/airflow/dags/isr_pipeline.py
[2026-04-01T08:22:16.523+0000] {processor.py:840} INFO - DAG(s) 'isr_pipeline' retrieved from /opt/airflow/dags/isr_pipeline.py
[2026-04-01T08:22:16.564+0000] {logging_mixin.py:188} INFO - [2026-04-01T08:22:16.564+0000] {dag.py:3096} INFO - Sync 1 DAGs
[2026-04-01T08:22:16.610+0000] {processor.py:183} INFO - Processing /opt/airflow/dags/isr_pipeline.py took 0.122 seconds
[2026-04-01T08:22:46.766+0000] {processor.py:161} INFO - Started process (PID=41297) to work on /opt/airflow/dags/isr_pipeline.py
[2026-04-01T08:22:46.767+0000] {processor.py:830} INFO - Processing file /opt/airflow/dags/isr_pipeline.py for tasks to queue
[2026-04-01T08:22:46.769+0000] {logging_mixin.py:188} INFO - [2026-04-01T08:22:46.768+0000] {dagbag.py:540} INFO - Filling up the DagBag from /opt/airflow/dags/isr_pipeline.py
[2026-04-01T08:22:46.787+0000] {processor.py:840} INFO - DAG(s) 'isr_pipeline' retrieved from /opt/airflow/dags/isr_pipeline.py
[2026-04-01T08:22:46.825+0000] {logging_mixin.py:188} INFO - [2026-04-01T08:22:46.825+0000] {dag.py:3096} INFO - Sync 1 DAGs
[2026-04-01T08:22:46.869+0000] {processor.py:183} INFO - Processing /opt/airflow/dags/isr_pipeline.py took 0.112 seconds
[2026-04-01T08:23:16.930+0000] {processor.py:161} INFO - Started process (PID=41302) to work on /opt/airflow/dags/isr_pipeline.py
[2026-04-01T08:23:16.932+0000] {processor.py:830} INFO - Processing file /opt/airflow/dags/isr_pipeline.py for tasks to queue
[2026-04-01T08:23:16.934+0000] {logging_mixin.py:188} INFO - [2026-04-01T08:23:16.933+0000] {dagbag.py:540} INFO - Filling up the DagBag from /opt/airflow/dags/isr_pipeline.py
[2026-04-01T08:23:16.953+0000] {processor.py:840} INFO - DAG(s) 'isr_pipeline' retrieved from /opt/airflow/dags/isr_pipeline.py
[2026-04-01T08:23:16.993+0000] {logging_mixin.py:188} INFO - [2026-04-01T08:23:16.992+0000] {dag.py:3096} INFO - Sync 1 DAGs
[2026-04-01T08:23:17.038+0000] {processor.py:183} INFO - Processing /opt/airflow/dags/isr_pipeline.py took 0.117 seconds
[2026-04-01T08:23:47.206+0000] {processor.py:161} INFO - Started process (PID=41307) to work on /opt/airflow/dags/isr_pipeline.py
[2026-04-01T08:23:47.208+0000] {processor.py:830} INFO - Processing file /opt/airflow/dags/isr_pipeline.py for tasks to queue
[2026-04-01T08:23:47.209+0000] {logging_mixin.py:188} INFO - [2026-04-01T08:23:47.209+0000] {dagbag.py:540} INFO - Filling up the DagBag from /opt/airflow/dags/isr_pipeline.py
[2026-04-01T08:23:47.227+0000] {processor.py:840} INFO - DAG(s) 'isr_pipeline' retrieved from /opt/airflow/dags/isr_pipeline.py
[2026-04-01T08:23:47.263+0000] {logging_mixin.py:188} INFO - [2026-04-01T08:23:47.262+0000] {dag.py:3096} INFO - Sync 1 DAGs
[2026-04-01T08:23:47.304+0000] {processor.py:183} INFO - Processing /opt/airflow/dags/isr_pipeline.py took 0.105 seconds
[2026-04-01T08:24:17.376+0000] {processor.py:161} INFO - Started process (PID=41312) to work on /opt/airflow/dags/isr_pipeline.py
[2026-04-01T08:24:17.378+0000] {processor.py:830} INFO - Processing file /opt/airflow/dags/isr_pipeline.py for tasks to queue
[2026-04-01T08:24:17.380+0000] {logging_mixin.py:188} INFO - [2026-04-01T08:24:17.379+0000] {dagbag.py:540} INFO - Filling up the DagBag from /opt/airflow/dags/isr_pipeline.py
[2026-04-01T08:24:17.398+0000] {processor.py:840} INFO - DAG(s) 'isr_pipeline' retrieved from /opt/airflow/dags/isr_pipeline.py
[2026-04-01T08:24:17.439+0000] {logging_mixin.py:188} INFO - [2026-04-01T08:24:17.438+0000] {dag.py:3096} INFO - Sync 1 DAGs
[2026-04-01T08:24:17.483+0000] {processor.py:183} INFO - Processing /opt/airflow/dags/isr_pipeline.py took 0.116 seconds
[2026-04-01T08:24:47.578+0000] {processor.py:161} INFO - Started process (PID=41317) to work on /opt/airflow/dags/isr_pipeline.py
[2026-04-01T08:24:47.580+0000] {processor.py:830} INFO - Processing file /opt/airflow/dags/isr_pipeline.py for tasks to queue
[2026-04-01T08:24:47.581+0000] {logging_mixin.py:188} INFO - [2026-04-01T08:24:47.581+0000] {dagbag.py:540} INFO - Filling up the DagBag from /opt/airflow/dags/isr_pipeline.py
[2026-04-01T08:24:47.599+0000] {processor.py:840} INFO - DAG(s) 'isr_pipeline' retrieved from /opt/airflow/dags/isr_pipeline.py
[2026-04-01T08:24:47.637+0000] {logging_mixin.py:188} INFO - [2026-04-01T08:24:47.637+0000] {dag.py:3096} INFO - Sync 1 DAGs
[2026-04-01T08:24:47.680+0000] {processor.py:183} INFO - Processing /opt/airflow/dags/isr_pipeline.py took 0.109 seconds
[2026-04-01T08:25:17.810+0000] {processor.py:161} INFO - Started process (PID=41322) to work on /opt/airflow/dags/isr_pipeline.py
[2026-04-01T08:25:17.811+0000] {processor.py:830} INFO - Processing file /opt/airflow/dags/isr_pipeline.py for tasks to queue
[2026-04-01T08:25:17.813+0000] {logging_mixin.py:188} INFO - [2026-04-01T08:25:17.813+0000] {dagbag.py:540} INFO - Filling up the DagBag from /opt/airflow/dags/isr_pipeline.py
[2026-04-01T08:25:17.832+0000] {processor.py:840} INFO - DAG(s) 'isr_pipeline' retrieved from /opt/airflow/dags/isr_pipeline.py
[2026-04-01T08:25:17.871+0000] {logging_mixin.py:188} INFO - [2026-04-01T08:25:17.871+0000] {dag.py:3096} INFO - Sync 1 DAGs
[2026-04-01T08:25:17.916+0000] {processor.py:183} INFO - Processing /opt/airflow/dags/isr_pipeline.py took 0.113 seconds
[2026-04-01T08:25:47.994+0000] {processor.py:161} INFO - Started process (PID=41327) to work on /opt/airflow/dags/isr_pipeline.py
[2026-04-01T08:25:47.996+0000] {processor.py:830} INFO - Processing file /opt/airflow/dags/isr_pipeline.py for tasks to queue
[2026-04-01T08:25:47.998+0000] {logging_mixin.py:188} INFO - [2026-04-01T08:25:47.997+0000] {dagbag.py:540} INFO - Filling up the DagBag from /opt/airflow/dags/isr_pipeline.py
[2026-04-01T08:25:48.016+0000] {processor.py:840} INFO - DAG(s) 'isr_pipeline' retrieved from /opt/airflow/dags/isr_pipeline.py
[2026-04-01T08:25:48.055+0000] {logging_mixin.py:188} INFO - [2026-04-01T08:25:48.055+0000] {dag.py:3096} INFO - Sync 1 DAGs
[2026-04-01T08:25:48.099+0000] {processor.py:183} INFO - Processing /opt/airflow/dags/isr_pipeline.py took 0.113 seconds
[2026-04-01T08:26:18.233+0000] {processor.py:161} INFO - Started process (PID=41332) to work on /opt/airflow/dags/isr_pipeline.py
[2026-04-01T08:26:18.235+0000] {processor.py:830} INFO - Processing file /opt/airflow/dags/isr_pipeline.py for tasks to queue
[2026-04-01T08:26:18.236+0000] {logging_mixin.py:188} INFO - [2026-04-01T08:26:18.236+0000] {dagbag.py:540} INFO - Filling up the DagBag from /opt/airflow/dags/isr_pipeline.py
[2026-04-01T08:26:18.255+0000] {processor.py:840} INFO - DAG(s) 'isr_pipeline' retrieved from /opt/airflow/dags/isr_pipeline.py
[2026-04-01T08:26:18.291+0000] {logging_mixin.py:188} INFO - [2026-04-01T08:26:18.291+0000] {dag.py:3096} INFO - Sync 1 DAGs
[2026-04-01T08:26:18.335+0000] {processor.py:183} INFO - Processing /opt/airflow/dags/isr_pipeline.py took 0.110 seconds
[2026-04-01T08:26:48.420+0000] {processor.py:161} INFO - Started process (PID=41337) to work on /opt/airflow/dags/isr_pipeline.py
[2026-04-01T08:26:48.422+0000] {processor.py:830} INFO - Processing file /opt/airflow/dags/isr_pipeline.py for tasks to queue
[2026-04-01T08:26:48.424+0000] {logging_mixin.py:188} INFO - [2026-04-01T08:26:48.423+0000] {dagbag.py:540} INFO - Filling up the DagBag from /opt/airflow/dags/isr_pipeline.py
[2026-04-01T08:26:48.442+0000] {processor.py:840} INFO - DAG(s) 'isr_pipeline' retrieved from /opt/airflow/dags/isr_pipeline.py
[2026-04-01T08:26:48.480+0000] {logging_mixin.py:188} INFO - [2026-04-01T08:26:48.480+0000] {dag.py:3096} INFO - Sync 1 DAGs
[2026-04-01T08:26:48.524+0000] {processor.py:183} INFO - Processing /opt/airflow/dags/isr_pipeline.py took 0.112 seconds
[2026-04-01T08:27:18.657+0000] {processor.py:161} INFO - Started process (PID=41342) to work on /opt/airflow/dags/isr_pipeline.py
[2026-04-01T08:27:18.658+0000] {processor.py:830} INFO - Processing file /opt/airflow/dags/isr_pipeline.py for tasks to queue
[2026-04-01T08:27:18.660+0000] {logging_mixin.py:188} INFO - [2026-04-01T08:27:18.659+0000] {dagbag.py:540} INFO - Filling up the DagBag from /opt/airflow/dags/isr_pipeline.py
[2026-04-01T08:27:18.677+0000] {processor.py:840} INFO - DAG(s) 'isr_pipeline' retrieved from /opt/airflow/dags/isr_pipeline.py
[2026-04-01T08:27:18.714+0000] {logging_mixin.py:188} INFO - [2026-04-01T08:27:18.713+0000] {dag.py:3096} INFO - Sync 1 DAGs
[2026-04-01T08:27:18.758+0000] {processor.py:183} INFO - Processing /opt/airflow/dags/isr_pipeline.py took 0.109 seconds
[2026-04-01T08:27:48.832+0000] {processor.py:161} INFO - Started process (PID=41347) to work on /opt/airflow/dags/isr_pipeline.py
[2026-04-01T08:27:48.834+0000] {processor.py:830} INFO - Processing file /opt/airflow/dags/isr_pipeline.py for tasks to queue
[2026-04-01T08:27:48.836+0000] {logging_mixin.py:188} INFO - [2026-04-01T08:27:48.835+0000] {dagbag.py:540} INFO - Filling up the DagBag from /opt/airflow/dags/isr_pipeline.py
[2026-04-01T08:27:48.854+0000] {processor.py:840} INFO - DAG(s) 'isr_pipeline' retrieved from /opt/airflow/dags/isr_pipeline.py
[2026-04-01T08:27:48.891+0000] {logging_mixin.py:188} INFO - [2026-04-01T08:27:48.891+0000] {dag.py:3096} INFO - Sync 1 DAGs
[2026-04-01T08:27:48.935+0000] {processor.py:183} INFO - Processing /opt/airflow/dags/isr_pipeline.py took 0.111 seconds
[2026-04-01T08:28:19.089+0000] {processor.py:161} INFO - Started process (PID=41352) to work on /opt/airflow/dags/isr_pipeline.py
[2026-04-01T08:28:19.091+0000] {processor.py:830} INFO - Processing file /opt/airflow/dags/isr_pipeline.py for tasks to queue
[2026-04-01T08:28:19.092+0000] {logging_mixin.py:188} INFO - [2026-04-01T08:28:19.092+0000] {dagbag.py:540} INFO - Filling up the DagBag from /opt/airflow/dags/isr_pipeline.py
[2026-04-01T08:28:19.110+0000] {processor.py:840} INFO - DAG(s) 'isr_pipeline' retrieved from /opt/airflow/dags/isr_pipeline.py
[2026-04-01T08:28:19.146+0000] {logging_mixin.py:188} INFO - [2026-04-01T08:28:19.145+0000] {dag.py:3096} INFO - Sync 1 DAGs
[2026-04-01T08:28:19.186+0000] {processor.py:183} INFO - Processing /opt/airflow/dags/isr_pipeline.py took 0.105 seconds
[2026-04-01T08:28:49.266+0000] {processor.py:161} INFO - Started process (PID=41357) to work on /opt/airflow/dags/isr_pipeline.py
[2026-04-01T08:28:49.268+0000] {processor.py:830} INFO - Processing file /opt/airflow/dags/isr_pipeline.py for tasks to queue
[2026-04-01T08:28:49.270+0000] {logging_mixin.py:188} INFO - [2026-04-01T08:28:49.269+0000] {dagbag.py:540} INFO - Filling up the DagBag from /opt/airflow/dags/isr_pipeline.py
[2026-04-01T08:28:49.287+0000] {processor.py:840} INFO - DAG(s) 'isr_pipeline' retrieved from /opt/airflow/dags/isr_pipeline.py
[2026-04-01T08:28:49.323+0000] {logging_mixin.py:188} INFO - [2026-04-01T08:28:49.323+0000] {dag.py:3096} INFO - Sync 1 DAGs
[2026-04-01T08:28:49.367+0000] {processor.py:183} INFO - Processing /opt/airflow/dags/isr_pipeline.py took 0.108 seconds
[2026-04-01T08:29:19.430+0000] {processor.py:161} INFO - Started process (PID=41362) to work on /opt/airflow/dags/isr_pipeline.py
[2026-04-01T08:29:19.432+0000] {processor.py:830} INFO - Processing file /opt/airflow/dags/isr_pipeline.py for tasks to queue
[2026-04-01T08:29:19.434+0000] {logging_mixin.py:188} INFO - [2026-04-01T08:29:19.433+0000] {dagbag.py:540} INFO - Filling up the DagBag from /opt/airflow/dags/isr_pipeline.py
[2026-04-01T08:29:19.454+0000] {processor.py:840} INFO - DAG(s) 'isr_pipeline' retrieved from /opt/airflow/dags/isr_pipeline.py
[2026-04-01T08:29:19.499+0000] {logging_mixin.py:188} INFO - [2026-04-01T08:29:19.499+0000] {dag.py:3096} INFO - Sync 1 DAGs
[2026-04-01T08:29:19.548+0000] {processor.py:183} INFO - Processing /opt/airflow/dags/isr_pipeline.py took 0.126 seconds
[2026-04-01T08:29:49.704+0000] {processor.py:161} INFO - Started process (PID=41367) to work on /opt/airflow/dags/isr_pipeline.py
[2026-04-01T08:29:49.705+0000] {processor.py:830} INFO - Processing file /opt/airflow/dags/isr_pipeline.py for tasks to queue
[2026-04-01T08:29:49.707+0000] {logging_mixin.py:188} INFO - [2026-04-01T08:29:49.706+0000] {dagbag.py:540} INFO - Filling up the DagBag from /opt/airflow/dags/isr_pipeline.py
[2026-04-01T08:29:49.734+0000] {processor.py:840} INFO - DAG(s) 'isr_pipeline' retrieved from /opt/airflow/dags/isr_pipeline.py
[2026-04-01T08:29:49.771+0000] {logging_mixin.py:188} INFO - [2026-04-01T08:29:49.771+0000] {dag.py:3096} INFO - Sync 1 DAGs
[2026-04-01T08:29:49.815+0000] {processor.py:183} INFO - Processing /opt/airflow/dags/isr_pipeline.py took 0.119 seconds
[2026-04-01T08:30:19.876+0000] {processor.py:161} INFO - Started process (PID=41372) to work on /opt/airflow/dags/isr_pipeline.py
[2026-04-01T08:30:19.877+0000] {processor.py:830} INFO - Processing file /opt/airflow/dags/isr_pipeline.py for tasks to queue
[2026-04-01T08:30:19.879+0000] {logging_mixin.py:188} INFO - [2026-04-01T08:30:19.879+0000] {dagbag.py:540} INFO - Filling up the DagBag from /opt/airflow/dags/isr_pipeline.py
[2026-04-01T08:30:19.897+0000] {processor.py:840} INFO - DAG(s) 'isr_pipeline' retrieved from /opt/airflow/dags/isr_pipeline.py
[2026-04-01T08:30:19.936+0000] {logging_mixin.py:188} INFO - [2026-04-01T08:30:19.936+0000] {dag.py:3096} INFO - Sync 1 DAGs
[2026-04-01T08:30:19.981+0000] {processor.py:183} INFO - Processing /opt/airflow/dags/isr_pipeline.py took 0.113 seconds
[2026-04-01T08:30:50.140+0000] {processor.py:161} INFO - Started process (PID=41377) to work on /opt/airflow/dags/isr_pipeline.py
[2026-04-01T08:30:50.141+0000] {processor.py:830} INFO - Processing file /opt/airflow/dags/isr_pipeline.py for tasks to queue
[2026-04-01T08:30:50.143+0000] {logging_mixin.py:188} INFO - [2026-04-01T08:30:50.143+0000] {dagbag.py:540} INFO - Filling up the DagBag from /opt/airflow/dags/isr_pipeline.py
[2026-04-01T08:30:50.161+0000] {processor.py:840} INFO - DAG(s) 'isr_pipeline' retrieved from /opt/airflow/dags/isr_pipeline.py
[2026-04-01T08:30:50.199+0000] {logging_mixin.py:188} INFO - [2026-04-01T08:30:50.198+0000] {dag.py:3096} INFO - Sync 1 DAGs
[2026-04-01T08:30:50.240+0000] {processor.py:183} INFO - Processing /opt/airflow/dags/isr_pipeline.py took 0.108 seconds
[2026-04-01T08:31:20.292+0000] {processor.py:161} INFO - Started process (PID=41382) to work on /opt/airflow/dags/isr_pipeline.py
[2026-04-01T08:31:20.294+0000] {processor.py:830} INFO - Processing file /opt/airflow/dags/isr_pipeline.py for tasks to queue
[2026-04-01T08:31:20.295+0000] {logging_mixin.py:188} INFO - [2026-04-01T08:31:20.295+0000] {dagbag.py:540} INFO - Filling up the DagBag from /opt/airflow/dags/isr_pipeline.py
[2026-04-01T08:31:20.314+0000] {processor.py:840} INFO - DAG(s) 'isr_pipeline' retrieved from /opt/airflow/dags/isr_pipeline.py
[2026-04-01T08:31:20.354+0000] {logging_mixin.py:188} INFO - [2026-04-01T08:31:20.354+0000] {dag.py:3096} INFO - Sync 1 DAGs
[2026-04-01T08:31:20.400+0000] {processor.py:183} INFO - Processing /opt/airflow/dags/isr_pipeline.py took 0.116 seconds
[2026-04-01T08:31:50.607+0000] {processor.py:161} INFO - Started process (PID=41387) to work on /opt/airflow/dags/isr_pipeline.py
[2026-04-01T08:31:50.608+0000] {processor.py:830} INFO - Processing file /opt/airflow/dags/isr_pipeline.py for tasks to queue
[2026-04-01T08:31:50.610+0000] {logging_mixin.py:188} INFO - [2026-04-01T08:31:50.609+0000] {dagbag.py:540} INFO - Filling up the DagBag from /opt/airflow/dags/isr_pipeline.py
[2026-04-01T08:31:50.627+0000] {processor.py:840} INFO - DAG(s) 'isr_pipeline' retrieved from /opt/airflow/dags/isr_pipeline.py
[2026-04-01T08:31:50.662+0000] {logging_mixin.py:188} INFO - [2026-04-01T08:31:50.662+0000] {dag.py:3096} INFO - Sync 1 DAGs
[2026-04-01T08:31:50.703+0000] {processor.py:183} INFO - Processing /opt/airflow/dags/isr_pipeline.py took 0.105 seconds
[2026-04-01T08:32:20.788+0000] {processor.py:161} INFO - Started process (PID=41392) to work on /opt/airflow/dags/isr_pipeline.py
[2026-04-01T08:32:20.789+0000] {processor.py:830} INFO - Processing file /opt/airflow/dags/isr_pipeline.py for tasks to queue
[2026-04-01T08:32:20.791+0000] {logging_mixin.py:188} INFO - [2026-04-01T08:32:20.790+0000] {dagbag.py:540} INFO - Filling up the DagBag from /opt/airflow/dags/isr_pipeline.py
[2026-04-01T08:32:20.810+0000] {processor.py:840} INFO - DAG(s) 'isr_pipeline' retrieved from /opt/airflow/dags/isr_pipeline.py
[2026-04-01T08:32:20.849+0000] {logging_mixin.py:188} INFO - [2026-04-01T08:32:20.848+0000] {dag.py:3096} INFO - Sync 1 DAGs
[2026-04-01T08:32:20.891+0000] {processor.py:183} INFO - Processing /opt/airflow/dags/isr_pipeline.py took 0.111 seconds
[2026-04-01T08:32:51.035+0000] {processor.py:161} INFO - Started process (PID=41397) to work on /opt/airflow/dags/isr_pipeline.py
[2026-04-01T08:32:51.036+0000] {processor.py:830} INFO - Processing file /opt/airflow/dags/isr_pipeline.py for tasks to queue
[2026-04-01T08:32:51.038+0000] {logging_mixin.py:188} INFO - [2026-04-01T08:32:51.038+0000] {dagbag.py:540} INFO - Filling up the DagBag from /opt/airflow/dags/isr_pipeline.py
[2026-04-01T08:32:51.058+0000] {processor.py:840} INFO - DAG(s) 'isr_pipeline' retrieved from /opt/airflow/dags/isr_pipeline.py
[2026-04-01T08:32:51.095+0000] {logging_mixin.py:188} INFO - [2026-04-01T08:32:51.095+0000] {dag.py:3096} INFO - Sync 1 DAGs
[2026-04-01T08:32:51.138+0000] {processor.py:183} INFO - Processing /opt/airflow/dags/isr_pipeline.py took 0.111 seconds
[2026-04-01T08:33:21.201+0000] {processor.py:161} INFO - Started process (PID=41402) to work on /opt/airflow/dags/isr_pipeline.py
[2026-04-01T08:33:21.203+0000] {processor.py:830} INFO - Processing file /opt/airflow/dags/isr_pipeline.py for tasks to queue
[2026-04-01T08:33:21.204+0000] {logging_mixin.py:188} INFO - [2026-04-01T08:33:21.204+0000] {dagbag.py:540} INFO - Filling up the DagBag from /opt/airflow/dags/isr_pipeline.py
[2026-04-01T08:33:21.222+0000] {processor.py:840} INFO - DAG(s) 'isr_pipeline' retrieved from /opt/airflow/dags/isr_pipeline.py
[2026-04-01T08:33:21.260+0000] {logging_mixin.py:188} INFO - [2026-04-01T08:33:21.259+0000] {dag.py:3096} INFO - Sync 1 DAGs
[2026-04-01T08:33:21.303+0000] {processor.py:183} INFO - Processing /opt/airflow/dags/isr_pipeline.py took 0.109 seconds
[2026-04-01T08:33:51.453+0000] {processor.py:161} INFO - Started process (PID=41407) to work on /opt/airflow/dags/isr_pipeline.py
[2026-04-01T08:33:51.455+0000] {processor.py:830} INFO - Processing file /opt/airflow/dags/isr_pipeline.py for tasks to queue
[2026-04-01T08:33:51.456+0000] {logging_mixin.py:188} INFO - [2026-04-01T08:33:51.456+0000] {dagbag.py:540} INFO - Filling up the DagBag from /opt/airflow/dags/isr_pipeline.py
[2026-04-01T08:33:51.474+0000] {processor.py:840} INFO - DAG(s) 'isr_pipeline' retrieved from /opt/airflow/dags/isr_pipeline.py
[2026-04-01T08:33:51.513+0000] {logging_mixin.py:188} INFO - [2026-04-01T08:33:51.513+0000] {dag.py:3096} INFO - Sync 1 DAGs
[2026-04-01T08:33:51.560+0000] {processor.py:183} INFO - Processing /opt/airflow/dags/isr_pipeline.py took 0.114 seconds
[2026-04-01T08:34:21.630+0000] {processor.py:161} INFO - Started process (PID=41412) to work on /opt/airflow/dags/isr_pipeline.py
[2026-04-01T08:34:21.632+0000] {processor.py:830} INFO - Processing file /opt/airflow/dags/isr_pipeline.py for tasks to queue
[2026-04-01T08:34:21.634+0000] {logging_mixin.py:188} INFO - [2026-04-01T08:34:21.633+0000] {dagbag.py:540} INFO - Filling up the DagBag from /opt/airflow/dags/isr_pipeline.py
[2026-04-01T08:34:21.652+0000] {processor.py:840} INFO - DAG(s) 'isr_pipeline' retrieved from /opt/airflow/dags/isr_pipeline.py
[2026-04-01T08:34:21.689+0000] {logging_mixin.py:188} INFO - [2026-04-01T08:34:21.689+0000] {dag.py:3096} INFO - Sync 1 DAGs
[2026-04-01T08:34:21.731+0000] {processor.py:183} INFO - Processing /opt/airflow/dags/isr_pipeline.py took 0.109 seconds
[2026-04-01T08:34:51.898+0000] {processor.py:161} INFO - Started process (PID=41417) to work on /opt/airflow/dags/isr_pipeline.py
[2026-04-01T08:34:51.900+0000] {processor.py:830} INFO - Processing file /opt/airflow/dags/isr_pipeline.py for tasks to queue
[2026-04-01T08:34:51.901+0000] {logging_mixin.py:188} INFO - [2026-04-01T08:34:51.901+0000] {dagbag.py:540} INFO - Filling up the DagBag from /opt/airflow/dags/isr_pipeline.py
[2026-04-01T08:34:51.919+0000] {processor.py:840} INFO - DAG(s) 'isr_pipeline' retrieved from /opt/airflow/dags/isr_pipeline.py
[2026-04-01T08:34:51.957+0000] {logging_mixin.py:188} INFO - [2026-04-01T08:34:51.957+0000] {dag.py:3096} INFO - Sync 1 DAGs
[2026-04-01T08:34:52.007+0000] {processor.py:183} INFO - Processing /opt/airflow/dags/isr_pipeline.py took 0.117 seconds
[2026-04-01T08:35:22.183+0000] {processor.py:161} INFO - Started process (PID=41422) to work on /opt/airflow/dags/isr_pipeline.py
[2026-04-01T08:35:22.184+0000] {processor.py:830} INFO - Processing file /opt/airflow/dags/isr_pipeline.py for tasks to queue
[2026-04-01T08:35:22.186+0000] {logging_mixin.py:188} INFO - [2026-04-01T08:35:22.185+0000] {dagbag.py:540} INFO - Filling up the DagBag from /opt/airflow/dags/isr_pipeline.py
[2026-04-01T08:35:22.206+0000] {processor.py:840} INFO - DAG(s) 'isr_pipeline' retrieved from /opt/airflow/dags/isr_pipeline.py
[2026-04-01T08:35:22.243+0000] {logging_mixin.py:188} INFO - [2026-04-01T08:35:22.242+0000] {dag.py:3096} INFO - Sync 1 DAGs
[2026-04-01T08:35:22.289+0000] {processor.py:183} INFO - Processing /opt/airflow/dags/isr_pipeline.py took 0.114 seconds
[2026-04-01T08:35:52.462+0000] {processor.py:161} INFO - Started process (PID=41427) to work on /opt/airflow/dags/isr_pipeline.py
[2026-04-01T08:35:52.463+0000] {processor.py:830} INFO - Processing file /opt/airflow/dags/isr_pipeline.py for tasks to queue
[2026-04-01T08:35:52.465+0000] {logging_mixin.py:188} INFO - [2026-04-01T08:35:52.464+0000] {dagbag.py:540} INFO - Filling up the DagBag from /opt/airflow/dags/isr_pipeline.py
[2026-04-01T08:35:52.483+0000] {processor.py:840} INFO - DAG(s) 'isr_pipeline' retrieved from /opt/airflow/dags/isr_pipeline.py
[2026-04-01T08:35:52.524+0000] {logging_mixin.py:188} INFO - [2026-04-01T08:35:52.524+0000] {dag.py:3096} INFO - Sync 1 DAGs
[2026-04-01T08:35:52.568+0000] {processor.py:183} INFO - Processing /opt/airflow/dags/isr_pipeline.py took 0.116 seconds
[2026-04-01T08:36:22.702+0000] {processor.py:161} INFO - Started process (PID=41432) to work on /opt/airflow/dags/isr_pipeline.py
[2026-04-01T08:36:22.704+0000] {processor.py:830} INFO - Processing file /opt/airflow/dags/isr_pipeline.py for tasks to queue
[2026-04-01T08:36:22.706+0000] {logging_mixin.py:188} INFO - [2026-04-01T08:36:22.706+0000] {dagbag.py:540} INFO - Filling up the DagBag from /opt/airflow/dags/isr_pipeline.py
[2026-04-01T08:36:22.725+0000] {processor.py:840} INFO - DAG(s) 'isr_pipeline' retrieved from /opt/airflow/dags/isr_pipeline.py
[2026-04-01T08:36:22.761+0000] {logging_mixin.py:188} INFO - [2026-04-01T08:36:22.761+0000] {dag.py:3096} INFO - Sync 1 DAGs
[2026-04-01T08:36:22.804+0000] {processor.py:183} INFO - Processing /opt/airflow/dags/isr_pipeline.py took 0.111 seconds
[2026-04-01T08:36:53.054+0000] {processor.py:161} INFO - Started process (PID=41437) to work on /opt/airflow/dags/isr_pipeline.py
[2026-04-01T08:36:53.056+0000] {processor.py:830} INFO - Processing file /opt/airflow/dags/isr_pipeline.py for tasks to queue
[2026-04-01T08:36:53.059+0000] {logging_mixin.py:188} INFO - [2026-04-01T08:36:53.058+0000] {dagbag.py:540} INFO - Filling up the DagBag from /opt/airflow/dags/isr_pipeline.py
[2026-04-01T08:36:53.077+0000] {processor.py:840} INFO - DAG(s) 'isr_pipeline' retrieved from /opt/airflow/dags/isr_pipeline.py
[2026-04-01T08:36:53.121+0000] {logging_mixin.py:188} INFO - [2026-04-01T08:36:53.121+0000] {dag.py:3096} INFO - Sync 1 DAGs
[2026-04-01T08:36:53.167+0000] {processor.py:183} INFO - Processing /opt/airflow/dags/isr_pipeline.py took 0.122 seconds
[2026-04-01T08:37:23.281+0000] {processor.py:161} INFO - Started process (PID=41442) to work on /opt/airflow/dags/isr_pipeline.py
[2026-04-01T08:37:23.283+0000] {processor.py:830} INFO - Processing file /opt/airflow/dags/isr_pipeline.py for tasks to queue
[2026-04-01T08:37:23.284+0000] {logging_mixin.py:188} INFO - [2026-04-01T08:37:23.284+0000] {dagbag.py:540} INFO - Filling up the DagBag from /opt/airflow/dags/isr_pipeline.py
[2026-04-01T08:37:23.304+0000] {processor.py:840} INFO - DAG(s) 'isr_pipeline' retrieved from /opt/airflow/dags/isr_pipeline.py
[2026-04-01T08:37:23.344+0000] {logging_mixin.py:188} INFO - [2026-04-01T08:37:23.343+0000] {dag.py:3096} INFO - Sync 1 DAGs
[2026-04-01T08:37:23.387+0000] {processor.py:183} INFO - Processing /opt/airflow/dags/isr_pipeline.py took 0.114 seconds
[2026-04-01T08:37:53.614+0000] {processor.py:161} INFO - Started process (PID=41447) to work on /opt/airflow/dags/isr_pipeline.py
[2026-04-01T08:37:53.616+0000] {processor.py:830} INFO - Processing file /opt/airflow/dags/isr_pipeline.py for tasks to queue
[2026-04-01T08:37:53.617+0000] {logging_mixin.py:188} INFO - [2026-04-01T08:37:53.617+0000] {dagbag.py:540} INFO - Filling up the DagBag from /opt/airflow/dags/isr_pipeline.py
[2026-04-01T08:37:53.635+0000] {processor.py:840} INFO - DAG(s) 'isr_pipeline' retrieved from /opt/airflow/dags/isr_pipeline.py
[2026-04-01T08:37:53.678+0000] {logging_mixin.py:188} INFO - [2026-04-01T08:37:53.677+0000] {dag.py:3096} INFO - Sync 1 DAGs
[2026-04-01T08:37:53.730+0000] {processor.py:183} INFO - Processing /opt/airflow/dags/isr_pipeline.py took 0.125 seconds
[2026-04-01T08:38:23.789+0000] {processor.py:161} INFO - Started process (PID=41452) to work on /opt/airflow/dags/isr_pipeline.py
[2026-04-01T08:38:23.790+0000] {processor.py:830} INFO - Processing file /opt/airflow/dags/isr_pipeline.py for tasks to queue
[2026-04-01T08:38:23.792+0000] {logging_mixin.py:188} INFO - [2026-04-01T08:38:23.791+0000] {dagbag.py:540} INFO - Filling up the DagBag from /opt/airflow/dags/isr_pipeline.py
[2026-04-01T08:38:23.813+0000] {processor.py:840} INFO - DAG(s) 'isr_pipeline' retrieved from /opt/airflow/dags/isr_pipeline.py
[2026-04-01T08:38:23.855+0000] {logging_mixin.py:188} INFO - [2026-04-01T08:38:23.854+0000] {dag.py:3096} INFO - Sync 1 DAGs
[2026-04-01T08:38:23.901+0000] {processor.py:183} INFO - Processing /opt/airflow/dags/isr_pipeline.py took 0.120 seconds
[2026-04-01T08:38:54.157+0000] {processor.py:161} INFO - Started process (PID=41457) to work on /opt/airflow/dags/isr_pipeline.py
[2026-04-01T08:38:54.159+0000] {processor.py:830} INFO - Processing file /opt/airflow/dags/isr_pipeline.py for tasks to queue
[2026-04-01T08:38:54.161+0000] {logging_mixin.py:188} INFO - [2026-04-01T08:38:54.161+0000] {dagbag.py:540} INFO - Filling up the DagBag from /opt/airflow/dags/isr_pipeline.py
[2026-04-01T08:38:54.179+0000] {processor.py:840} INFO - DAG(s) 'isr_pipeline' retrieved from /opt/airflow/dags/isr_pipeline.py
[2026-04-01T08:38:54.218+0000] {logging_mixin.py:188} INFO - [2026-04-01T08:38:54.218+0000] {dag.py:3096} INFO - Sync 1 DAGs
[2026-04-01T08:38:54.265+0000] {processor.py:183} INFO - Processing /opt/airflow/dags/isr_pipeline.py took 0.117 seconds
[2026-04-01T08:39:24.326+0000] {processor.py:161} INFO - Started process (PID=41462) to work on /opt/airflow/dags/isr_pipeline.py
[2026-04-01T08:39:24.328+0000] {processor.py:830} INFO - Processing file /opt/airflow/dags/isr_pipeline.py for tasks to queue
[2026-04-01T08:39:24.329+0000] {logging_mixin.py:188} INFO - [2026-04-01T08:39:24.329+0000] {dagbag.py:540} INFO - Filling up the DagBag from /opt/airflow/dags/isr_pipeline.py
[2026-04-01T08:39:24.348+0000] {processor.py:840} INFO - DAG(s) 'isr_pipeline' retrieved from /opt/airflow/dags/isr_pipeline.py
[2026-04-01T08:39:24.390+0000] {logging_mixin.py:188} INFO - [2026-04-01T08:39:24.390+0000] {dag.py:3096} INFO - Sync 1 DAGs
[2026-04-01T08:39:24.439+0000] {processor.py:183} INFO - Processing /opt/airflow/dags/isr_pipeline.py took 0.121 seconds
[2026-04-01T08:39:54.653+0000] {processor.py:161} INFO - Started process (PID=41467) to work on /opt/airflow/dags/isr_pipeline.py
[2026-04-01T08:39:54.659+0000] {processor.py:830} INFO - Processing file /opt/airflow/dags/isr_pipeline.py for tasks to queue
[2026-04-01T08:39:54.662+0000] {logging_mixin.py:188} INFO - [2026-04-01T08:39:54.662+0000] {dagbag.py:540} INFO - Filling up the DagBag from /opt/airflow/dags/isr_pipeline.py
[2026-04-01T08:39:54.681+0000] {processor.py:840} INFO - DAG(s) 'isr_pipeline' retrieved from /opt/airflow/dags/isr_pipeline.py
[2026-04-01T08:39:54.721+0000] {logging_mixin.py:188} INFO - [2026-04-01T08:39:54.721+0000] {dag.py:3096} INFO - Sync 1 DAGs
[2026-04-01T08:39:54.775+0000] {processor.py:183} INFO - Processing /opt/airflow/dags/isr_pipeline.py took 0.130 seconds
[2026-04-01T08:59:54.117+0000] {processor.py:161} INFO - Started process (PID=41472) to work on /opt/airflow/dags/isr_pipeline.py
[2026-04-01T08:59:54.120+0000] {processor.py:830} INFO - Processing file /opt/airflow/dags/isr_pipeline.py for tasks to queue
[2026-04-01T08:59:54.123+0000] {logging_mixin.py:188} INFO - [2026-04-01T08:59:54.122+0000] {dagbag.py:540} INFO - Filling up the DagBag from /opt/airflow/dags/isr_pipeline.py
[2026-04-01T08:59:54.173+0000] {processor.py:840} INFO - DAG(s) 'isr_pipeline' retrieved from /opt/airflow/dags/isr_pipeline.py
[2026-04-01T08:59:54.238+0000] {logging_mixin.py:188} INFO - [2026-04-01T08:59:54.238+0000] {dag.py:3096} INFO - Sync 1 DAGs
[2026-04-01T08:59:54.297+0000] {processor.py:183} INFO - Processing /opt/airflow/dags/isr_pipeline.py took 0.258 seconds
[2026-04-01T09:00:24.630+0000] {processor.py:161} INFO - Started process (PID=41477) to work on /opt/airflow/dags/isr_pipeline.py
[2026-04-01T09:00:24.632+0000] {processor.py:830} INFO - Processing file /opt/airflow/dags/isr_pipeline.py for tasks to queue
[2026-04-01T09:00:24.636+0000] {logging_mixin.py:188} INFO - [2026-04-01T09:00:24.635+0000] {dagbag.py:540} INFO - Filling up the DagBag from /opt/airflow/dags/isr_pipeline.py
[2026-04-01T09:00:24.672+0000] {processor.py:840} INFO - DAG(s) 'isr_pipeline' retrieved from /opt/airflow/dags/isr_pipeline.py
[2026-04-01T09:00:24.730+0000] {logging_mixin.py:188} INFO - [2026-04-01T09:00:24.729+0000] {dag.py:3096} INFO - Sync 1 DAGs
[2026-04-01T09:00:24.804+0000] {processor.py:183} INFO - Processing /opt/airflow/dags/isr_pipeline.py took 0.188 seconds
[2026-04-01T09:00:55.033+0000] {processor.py:161} INFO - Started process (PID=41482) to work on /opt/airflow/dags/isr_pipeline.py
[2026-04-01T09:00:55.034+0000] {processor.py:830} INFO - Processing file /opt/airflow/dags/isr_pipeline.py for tasks to queue
[2026-04-01T09:00:55.036+0000] {logging_mixin.py:188} INFO - [2026-04-01T09:00:55.035+0000] {dagbag.py:540} INFO - Filling up the DagBag from /opt/airflow/dags/isr_pipeline.py
[2026-04-01T09:00:55.071+0000] {processor.py:840} INFO - DAG(s) 'isr_pipeline' retrieved from /opt/airflow/dags/isr_pipeline.py
[2026-04-01T09:00:55.141+0000] {logging_mixin.py:188} INFO - [2026-04-01T09:00:55.140+0000] {dag.py:3096} INFO - Sync 1 DAGs
[2026-04-01T09:00:55.212+0000] {processor.py:183} INFO - Processing /opt/airflow/dags/isr_pipeline.py took 0.188 seconds
[2026-04-01T09:01:25.429+0000] {processor.py:161} INFO - Started process (PID=41487) to work on /opt/airflow/dags/isr_pipeline.py
[2026-04-01T09:01:25.431+0000] {processor.py:830} INFO - Processing file /opt/airflow/dags/isr_pipeline.py for tasks to queue
[2026-04-01T09:01:25.434+0000] {logging_mixin.py:188} INFO - [2026-04-01T09:01:25.433+0000] {dagbag.py:540} INFO - Filling up the DagBag from /opt/airflow/dags/isr_pipeline.py
[2026-04-01T09:01:25.453+0000] {processor.py:840} INFO - DAG(s) 'isr_pipeline' retrieved from /opt/airflow/dags/isr_pipeline.py
[2026-04-01T09:01:25.518+0000] {logging_mixin.py:188} INFO - [2026-04-01T09:01:25.518+0000] {dag.py:3096} INFO - Sync 1 DAGs
[2026-04-01T09:01:25.577+0000] {processor.py:183} INFO - Processing /opt/airflow/dags/isr_pipeline.py took 0.156 seconds
[2026-04-01T09:01:55.792+0000] {processor.py:161} INFO - Started process (PID=41492) to work on /opt/airflow/dags/isr_pipeline.py
[2026-04-01T09:01:55.794+0000] {processor.py:830} INFO - Processing file /opt/airflow/dags/isr_pipeline.py for tasks to queue
[2026-04-01T09:01:55.795+0000] {logging_mixin.py:188} INFO - [2026-04-01T09:01:55.795+0000] {dagbag.py:540} INFO - Filling up the DagBag from /opt/airflow/dags/isr_pipeline.py
[2026-04-01T09:01:55.814+0000] {processor.py:840} INFO - DAG(s) 'isr_pipeline' retrieved from /opt/airflow/dags/isr_pipeline.py
[2026-04-01T09:01:55.852+0000] {logging_mixin.py:188} INFO - [2026-04-01T09:01:55.852+0000] {dag.py:3096} INFO - Sync 1 DAGs
[2026-04-01T09:01:55.897+0000] {processor.py:183} INFO - Processing /opt/airflow/dags/isr_pipeline.py took 0.113 seconds
[2026-04-01T09:02:25.956+0000] {processor.py:161} INFO - Started process (PID=41497) to work on /opt/airflow/dags/isr_pipeline.py
[2026-04-01T09:02:25.957+0000] {processor.py:830} INFO - Processing file /opt/airflow/dags/isr_pipeline.py for tasks to queue
[2026-04-01T09:02:25.959+0000] {logging_mixin.py:188} INFO - [2026-04-01T09:02:25.958+0000] {dagbag.py:540} INFO - Filling up the DagBag from /opt/airflow/dags/isr_pipeline.py
[2026-04-01T09:02:25.977+0000] {processor.py:840} INFO - DAG(s) 'isr_pipeline' retrieved from /opt/airflow/dags/isr_pipeline.py
[2026-04-01T09:02:26.015+0000] {logging_mixin.py:188} INFO - [2026-04-01T09:02:26.015+0000] {dag.py:3096} INFO - Sync 1 DAGs
[2026-04-01T09:02:26.059+0000] {processor.py:183} INFO - Processing /opt/airflow/dags/isr_pipeline.py took 0.112 seconds
[2026-04-01T09:02:56.162+0000] {processor.py:161} INFO - Started process (PID=41502) to work on /opt/airflow/dags/isr_pipeline.py
[2026-04-01T09:02:56.164+0000] {processor.py:830} INFO - Processing file /opt/airflow/dags/isr_pipeline.py for tasks to queue
[2026-04-01T09:02:56.165+0000] {logging_mixin.py:188} INFO - [2026-04-01T09:02:56.165+0000] {dagbag.py:540} INFO - Filling up the DagBag from /opt/airflow/dags/isr_pipeline.py
[2026-04-01T09:02:56.183+0000] {processor.py:840} INFO - DAG(s) 'isr_pipeline' retrieved from /opt/airflow/dags/isr_pipeline.py
[2026-04-01T09:02:56.221+0000] {logging_mixin.py:188} INFO - [2026-04-01T09:02:56.220+0000] {dag.py:3096} INFO - Sync 1 DAGs
[2026-04-01T09:02:56.264+0000] {processor.py:183} INFO - Processing /opt/airflow/dags/isr_pipeline.py took 0.110 seconds
[2026-04-01T09:03:26.382+0000] {processor.py:161} INFO - Started process (PID=41507) to work on /opt/airflow/dags/isr_pipeline.py
[2026-04-01T09:03:26.383+0000] {processor.py:830} INFO - Processing file /opt/airflow/dags/isr_pipeline.py for tasks to queue
[2026-04-01T09:03:26.385+0000] {logging_mixin.py:188} INFO - [2026-04-01T09:03:26.385+0000] {dagbag.py:540} INFO - Filling up the DagBag from /opt/airflow/dags/isr_pipeline.py
[2026-04-01T09:03:26.404+0000] {processor.py:840} INFO - DAG(s) 'isr_pipeline' retrieved from /opt/airflow/dags/isr_pipeline.py
[2026-04-01T09:03:26.442+0000] {logging_mixin.py:188} INFO - [2026-04-01T09:03:26.442+0000] {dag.py:3096} INFO - Sync 1 DAGs
[2026-04-01T09:03:26.486+0000] {processor.py:183} INFO - Processing /opt/airflow/dags/isr_pipeline.py took 0.111 seconds
[2026-04-01T09:03:56.586+0000] {processor.py:161} INFO - Started process (PID=41512) to work on /opt/airflow/dags/isr_pipeline.py
[2026-04-01T09:03:56.588+0000] {processor.py:830} INFO - Processing file /opt/airflow/dags/isr_pipeline.py for tasks to queue
[2026-04-01T09:03:56.589+0000] {logging_mixin.py:188} INFO - [2026-04-01T09:03:56.589+0000] {dagbag.py:540} INFO - Filling up the DagBag from /opt/airflow/dags/isr_pipeline.py
[2026-04-01T09:03:56.607+0000] {processor.py:840} INFO - DAG(s) 'isr_pipeline' retrieved from /opt/airflow/dags/isr_pipeline.py
[2026-04-01T09:03:56.645+0000] {logging_mixin.py:188} INFO - [2026-04-01T09:03:56.645+0000] {dag.py:3096} INFO - Sync 1 DAGs
[2026-04-01T09:03:56.692+0000] {processor.py:183} INFO - Processing /opt/airflow/dags/isr_pipeline.py took 0.114 seconds
[2026-04-01T09:04:26.817+0000] {processor.py:161} INFO - Started process (PID=41517) to work on /opt/airflow/dags/isr_pipeline.py
[2026-04-01T09:04:26.818+0000] {processor.py:830} INFO - Processing file /opt/airflow/dags/isr_pipeline.py for tasks to queue
[2026-04-01T09:04:26.820+0000] {logging_mixin.py:188} INFO - [2026-04-01T09:04:26.819+0000] {dagbag.py:540} INFO - Filling up the DagBag from /opt/airflow/dags/isr_pipeline.py
[2026-04-01T09:04:26.838+0000] {processor.py:840} INFO - DAG(s) 'isr_pipeline' retrieved from /opt/airflow/dags/isr_pipeline.py
[2026-04-01T09:04:26.875+0000] {logging_mixin.py:188} INFO - [2026-04-01T09:04:26.875+0000] {dag.py:3096} INFO - Sync 1 DAGs
[2026-04-01T09:04:26.919+0000] {processor.py:183} INFO - Processing /opt/airflow/dags/isr_pipeline.py took 0.110 seconds
[2026-04-01T09:04:57.043+0000] {processor.py:161} INFO - Started process (PID=41522) to work on /opt/airflow/dags/isr_pipeline.py
[2026-04-01T09:04:57.044+0000] {processor.py:830} INFO - Processing file /opt/airflow/dags/isr_pipeline.py for tasks to queue
[2026-04-01T09:04:57.045+0000] {logging_mixin.py:188} INFO - [2026-04-01T09:04:57.045+0000] {dagbag.py:540} INFO - Filling up the DagBag from /opt/airflow/dags/isr_pipeline.py
[2026-04-01T09:04:57.062+0000] {processor.py:840} INFO - DAG(s) 'isr_pipeline' retrieved from /opt/airflow/dags/isr_pipeline.py
[2026-04-01T09:04:57.099+0000] {logging_mixin.py:188} INFO - [2026-04-01T09:04:57.098+0000] {dag.py:3096} INFO - Sync 1 DAGs
[2026-04-01T09:04:57.142+0000] {processor.py:183} INFO - Processing /opt/airflow/dags/isr_pipeline.py took 0.107 seconds
[2026-04-01T09:05:27.284+0000] {processor.py:161} INFO - Started process (PID=41527) to work on /opt/airflow/dags/isr_pipeline.py
[2026-04-01T09:05:27.286+0000] {processor.py:830} INFO - Processing file /opt/airflow/dags/isr_pipeline.py for tasks to queue
[2026-04-01T09:05:27.287+0000] {logging_mixin.py:188} INFO - [2026-04-01T09:05:27.287+0000] {dagbag.py:540} INFO - Filling up the DagBag from /opt/airflow/dags/isr_pipeline.py
[2026-04-01T09:05:27.305+0000] {processor.py:840} INFO - DAG(s) 'isr_pipeline' retrieved from /opt/airflow/dags/isr_pipeline.py
[2026-04-01T09:05:27.342+0000] {logging_mixin.py:188} INFO - [2026-04-01T09:05:27.342+0000] {dag.py:3096} INFO - Sync 1 DAGs
[2026-04-01T09:05:27.387+0000] {processor.py:183} INFO - Processing /opt/airflow/dags/isr_pipeline.py took 0.110 seconds
[2026-04-01T09:05:57.474+0000] {processor.py:161} INFO - Started process (PID=41532) to work on /opt/airflow/dags/isr_pipeline.py
[2026-04-01T09:05:57.475+0000] {processor.py:830} INFO - Processing file /opt/airflow/dags/isr_pipeline.py for tasks to queue
[2026-04-01T09:05:57.477+0000] {logging_mixin.py:188} INFO - [2026-04-01T09:05:57.477+0000] {dagbag.py:540} INFO - Filling up the DagBag from /opt/airflow/dags/isr_pipeline.py
[2026-04-01T09:05:57.494+0000] {processor.py:840} INFO - DAG(s) 'isr_pipeline' retrieved from /opt/airflow/dags/isr_pipeline.py
[2026-04-01T09:05:57.531+0000] {logging_mixin.py:188} INFO - [2026-04-01T09:05:57.531+0000] {dag.py:3096} INFO - Sync 1 DAGs
[2026-04-01T09:05:57.573+0000] {processor.py:183} INFO - Processing /opt/airflow/dags/isr_pipeline.py took 0.108 seconds
[2026-04-01T09:06:27.718+0000] {processor.py:161} INFO - Started process (PID=41537) to work on /opt/airflow/dags/isr_pipeline.py
[2026-04-01T09:06:27.719+0000] {processor.py:830} INFO - Processing file /opt/airflow/dags/isr_pipeline.py for tasks to queue
[2026-04-01T09:06:27.720+0000] {logging_mixin.py:188} INFO - [2026-04-01T09:06:27.720+0000] {dagbag.py:540} INFO - Filling up the DagBag from /opt/airflow/dags/isr_pipeline.py
[2026-04-01T09:06:27.738+0000] {processor.py:840} INFO - DAG(s) 'isr_pipeline' retrieved from /opt/airflow/dags/isr_pipeline.py
[2026-04-01T09:06:27.775+0000] {logging_mixin.py:188} INFO - [2026-04-01T09:06:27.775+0000] {dag.py:3096} INFO - Sync 1 DAGs
[2026-04-01T09:06:27.818+0000] {processor.py:183} INFO - Processing /opt/airflow/dags/isr_pipeline.py took 0.109 seconds
[2026-04-01T09:06:57.903+0000] {processor.py:161} INFO - Started process (PID=41542) to work on /opt/airflow/dags/isr_pipeline.py
[2026-04-01T09:06:57.904+0000] {processor.py:830} INFO - Processing file /opt/airflow/dags/isr_pipeline.py for tasks to queue
[2026-04-01T09:06:57.906+0000] {logging_mixin.py:188} INFO - [2026-04-01T09:06:57.905+0000] {dagbag.py:540} INFO - Filling up the DagBag from /opt/airflow/dags/isr_pipeline.py
[2026-04-01T09:06:57.924+0000] {processor.py:840} INFO - DAG(s) 'isr_pipeline' retrieved from /opt/airflow/dags/isr_pipeline.py
[2026-04-01T09:06:57.961+0000] {logging_mixin.py:188} INFO - [2026-04-01T09:06:57.960+0000] {dag.py:3096} INFO - Sync 1 DAGs
[2026-04-01T09:06:58.004+0000] {processor.py:183} INFO - Processing /opt/airflow/dags/isr_pipeline.py took 0.108 seconds
[2026-04-01T09:07:28.179+0000] {processor.py:161} INFO - Started process (PID=41547) to work on /opt/airflow/dags/isr_pipeline.py
[2026-04-01T09:07:28.180+0000] {processor.py:830} INFO - Processing file /opt/airflow/dags/isr_pipeline.py for tasks to queue
[2026-04-01T09:07:28.182+0000] {logging_mixin.py:188} INFO - [2026-04-01T09:07:28.181+0000] {dagbag.py:540} INFO - Filling up the DagBag from /opt/airflow/dags/isr_pipeline.py
[2026-04-01T09:07:28.199+0000] {processor.py:840} INFO - DAG(s) 'isr_pipeline' retrieved from /opt/airflow/dags/isr_pipeline.py
[2026-04-01T09:07:28.236+0000] {logging_mixin.py:188} INFO - [2026-04-01T09:07:28.236+0000] {dag.py:3096} INFO - Sync 1 DAGs
[2026-04-01T09:07:28.279+0000] {processor.py:183} INFO - Processing /opt/airflow/dags/isr_pipeline.py took 0.108 seconds
[2026-04-01T09:07:58.389+0000] {processor.py:161} INFO - Started process (PID=41552) to work on /opt/airflow/dags/isr_pipeline.py
[2026-04-01T09:07:58.391+0000] {processor.py:830} INFO - Processing file /opt/airflow/dags/isr_pipeline.py for tasks to queue
[2026-04-01T09:07:58.392+0000] {logging_mixin.py:188} INFO - [2026-04-01T09:07:58.392+0000] {dagbag.py:540} INFO - Filling up the DagBag from /opt/airflow/dags/isr_pipeline.py
[2026-04-01T09:07:58.410+0000] {processor.py:840} INFO - DAG(s) 'isr_pipeline' retrieved from /opt/airflow/dags/isr_pipeline.py
[2026-04-01T09:07:58.448+0000] {logging_mixin.py:188} INFO - [2026-04-01T09:07:58.448+0000] {dag.py:3096} INFO - Sync 1 DAGs
[2026-04-01T09:07:58.490+0000] {processor.py:183} INFO - Processing /opt/airflow/dags/isr_pipeline.py took 0.109 seconds
[2026-04-01T09:08:28.668+0000] {processor.py:161} INFO - Started process (PID=41557) to work on /opt/airflow/dags/isr_pipeline.py
[2026-04-01T09:08:28.669+0000] {processor.py:830} INFO - Processing file /opt/airflow/dags/isr_pipeline.py for tasks to queue
[2026-04-01T09:08:28.671+0000] {logging_mixin.py:188} INFO - [2026-04-01T09:08:28.670+0000] {dagbag.py:540} INFO - Filling up the DagBag from /opt/airflow/dags/isr_pipeline.py
[2026-04-01T09:08:28.688+0000] {processor.py:840} INFO - DAG(s) 'isr_pipeline' retrieved from /opt/airflow/dags/isr_pipeline.py
[2026-04-01T09:08:28.725+0000] {logging_mixin.py:188} INFO - [2026-04-01T09:08:28.724+0000] {dag.py:3096} INFO - Sync 1 DAGs
[2026-04-01T09:08:28.767+0000] {processor.py:183} INFO - Processing /opt/airflow/dags/isr_pipeline.py took 0.107 seconds
[2026-04-01T09:08:58.948+0000] {processor.py:161} INFO - Started process (PID=41562) to work on /opt/airflow/dags/isr_pipeline.py
[2026-04-01T09:08:58.950+0000] {processor.py:830} INFO - Processing file /opt/airflow/dags/isr_pipeline.py for tasks to queue
[2026-04-01T09:08:58.951+0000] {logging_mixin.py:188} INFO - [2026-04-01T09:08:58.951+0000] {dagbag.py:540} INFO - Filling up the DagBag from /opt/airflow/dags/isr_pipeline.py
[2026-04-01T09:08:58.969+0000] {processor.py:840} INFO - DAG(s) 'isr_pipeline' retrieved from /opt/airflow/dags/isr_pipeline.py
[2026-04-01T09:08:59.005+0000] {logging_mixin.py:188} INFO - [2026-04-01T09:08:59.005+0000] {dag.py:3096} INFO - Sync 1 DAGs
[2026-04-01T09:08:59.046+0000] {processor.py:183} INFO - Processing /opt/airflow/dags/isr_pipeline.py took 0.105 seconds
[2026-04-01T09:09:29.175+0000] {processor.py:161} INFO - Started process (PID=41567) to work on /opt/airflow/dags/isr_pipeline.py
[2026-04-01T09:09:29.177+0000] {processor.py:830} INFO - Processing file /opt/airflow/dags/isr_pipeline.py for tasks to queue
[2026-04-01T09:09:29.178+0000] {logging_mixin.py:188} INFO - [2026-04-01T09:09:29.178+0000] {dagbag.py:540} INFO - Filling up the DagBag from /opt/airflow/dags/isr_pipeline.py
[2026-04-01T09:09:29.196+0000] {processor.py:840} INFO - DAG(s) 'isr_pipeline' retrieved from /opt/airflow/dags/isr_pipeline.py
[2026-04-01T09:09:29.233+0000] {logging_mixin.py:188} INFO - [2026-04-01T09:09:29.233+0000] {dag.py:3096} INFO - Sync 1 DAGs
[2026-04-01T09:09:29.276+0000] {processor.py:183} INFO - Processing /opt/airflow/dags/isr_pipeline.py took 0.108 seconds
[2026-04-01T09:09:59.418+0000] {processor.py:161} INFO - Started process (PID=41572) to work on /opt/airflow/dags/isr_pipeline.py
[2026-04-01T09:09:59.419+0000] {processor.py:830} INFO - Processing file /opt/airflow/dags/isr_pipeline.py for tasks to queue
[2026-04-01T09:09:59.421+0000] {logging_mixin.py:188} INFO - [2026-04-01T09:09:59.420+0000] {dagbag.py:540} INFO - Filling up the DagBag from /opt/airflow/dags/isr_pipeline.py
[2026-04-01T09:09:59.439+0000] {processor.py:840} INFO - DAG(s) 'isr_pipeline' retrieved from /opt/airflow/dags/isr_pipeline.py
[2026-04-01T09:09:59.475+0000] {logging_mixin.py:188} INFO - [2026-04-01T09:09:59.475+0000] {dag.py:3096} INFO - Sync 1 DAGs
[2026-04-01T09:09:59.518+0000] {processor.py:183} INFO - Processing /opt/airflow/dags/isr_pipeline.py took 0.108 seconds
[2026-04-01T09:10:29.613+0000] {processor.py:161} INFO - Started process (PID=41577) to work on /opt/airflow/dags/isr_pipeline.py
[2026-04-01T09:10:29.614+0000] {processor.py:830} INFO - Processing file /opt/airflow/dags/isr_pipeline.py for tasks to queue
[2026-04-01T09:10:29.617+0000] {logging_mixin.py:188} INFO - [2026-04-01T09:10:29.616+0000] {dagbag.py:540} INFO - Filling up the DagBag from /opt/airflow/dags/isr_pipeline.py
[2026-04-01T09:10:29.634+0000] {processor.py:840} INFO - DAG(s) 'isr_pipeline' retrieved from /opt/airflow/dags/isr_pipeline.py
[2026-04-01T09:10:29.671+0000] {logging_mixin.py:188} INFO - [2026-04-01T09:10:29.671+0000] {dag.py:3096} INFO - Sync 1 DAGs
[2026-04-01T09:10:29.715+0000] {processor.py:183} INFO - Processing /opt/airflow/dags/isr_pipeline.py took 0.114 seconds
[2026-04-01T09:10:59.840+0000] {processor.py:161} INFO - Started process (PID=41582) to work on /opt/airflow/dags/isr_pipeline.py
[2026-04-01T09:10:59.841+0000] {processor.py:830} INFO - Processing file /opt/airflow/dags/isr_pipeline.py for tasks to queue
[2026-04-01T09:10:59.843+0000] {logging_mixin.py:188} INFO - [2026-04-01T09:10:59.842+0000] {dagbag.py:540} INFO - Filling up the DagBag from /opt/airflow/dags/isr_pipeline.py
[2026-04-01T09:10:59.862+0000] {processor.py:840} INFO - DAG(s) 'isr_pipeline' retrieved from /opt/airflow/dags/isr_pipeline.py
[2026-04-01T09:10:59.899+0000] {logging_mixin.py:188} INFO - [2026-04-01T09:10:59.899+0000] {dag.py:3096} INFO - Sync 1 DAGs
[2026-04-01T09:10:59.942+0000] {processor.py:183} INFO - Processing /opt/airflow/dags/isr_pipeline.py took 0.110 seconds
[2026-04-01T09:11:30.044+0000] {processor.py:161} INFO - Started process (PID=41587) to work on /opt/airflow/dags/isr_pipeline.py
[2026-04-01T09:11:30.045+0000] {processor.py:830} INFO - Processing file /opt/airflow/dags/isr_pipeline.py for tasks to queue
[2026-04-01T09:11:30.046+0000] {logging_mixin.py:188} INFO - [2026-04-01T09:11:30.046+0000] {dagbag.py:540} INFO - Filling up the DagBag from /opt/airflow/dags/isr_pipeline.py
[2026-04-01T09:11:30.064+0000] {processor.py:840} INFO - DAG(s) 'isr_pipeline' retrieved from /opt/airflow/dags/isr_pipeline.py
[2026-04-01T09:11:30.101+0000] {logging_mixin.py:188} INFO - [2026-04-01T09:11:30.101+0000] {dag.py:3096} INFO - Sync 1 DAGs
[2026-04-01T09:11:30.142+0000] {processor.py:183} INFO - Processing /opt/airflow/dags/isr_pipeline.py took 0.107 seconds
[2026-04-01T09:12:00.298+0000] {processor.py:161} INFO - Started process (PID=41592) to work on /opt/airflow/dags/isr_pipeline.py
[2026-04-01T09:12:00.299+0000] {processor.py:830} INFO - Processing file /opt/airflow/dags/isr_pipeline.py for tasks to queue
[2026-04-01T09:12:00.300+0000] {logging_mixin.py:188} INFO - [2026-04-01T09:12:00.300+0000] {dagbag.py:540} INFO - Filling up the DagBag from /opt/airflow/dags/isr_pipeline.py
[2026-04-01T09:12:00.318+0000] {processor.py:840} INFO - DAG(s) 'isr_pipeline' retrieved from /opt/airflow/dags/isr_pipeline.py
[2026-04-01T09:12:00.354+0000] {logging_mixin.py:188} INFO - [2026-04-01T09:12:00.354+0000] {dag.py:3096} INFO - Sync 1 DAGs
[2026-04-01T09:12:00.397+0000] {processor.py:183} INFO - Processing /opt/airflow/dags/isr_pipeline.py took 0.107 seconds
[2026-04-01T09:12:30.479+0000] {processor.py:161} INFO - Started process (PID=41597) to work on /opt/airflow/dags/isr_pipeline.py
[2026-04-01T09:12:30.481+0000] {processor.py:830} INFO - Processing file /opt/airflow/dags/isr_pipeline.py for tasks to queue
[2026-04-01T09:12:30.482+0000] {logging_mixin.py:188} INFO - [2026-04-01T09:12:30.481+0000] {dagbag.py:540} INFO - Filling up the DagBag from /opt/airflow/dags/isr_pipeline.py
[2026-04-01T09:12:30.499+0000] {processor.py:840} INFO - DAG(s) 'isr_pipeline' retrieved from /opt/airflow/dags/isr_pipeline.py
[2026-04-01T09:12:30.536+0000] {logging_mixin.py:188} INFO - [2026-04-01T09:12:30.536+0000] {dag.py:3096} INFO - Sync 1 DAGs
[2026-04-01T09:12:30.576+0000] {processor.py:183} INFO - Processing /opt/airflow/dags/isr_pipeline.py took 0.105 seconds
[2026-04-01T09:13:00.735+0000] {processor.py:161} INFO - Started process (PID=41602) to work on /opt/airflow/dags/isr_pipeline.py
[2026-04-01T09:13:00.736+0000] {processor.py:830} INFO - Processing file /opt/airflow/dags/isr_pipeline.py for tasks to queue
[2026-04-01T09:13:00.738+0000] {logging_mixin.py:188} INFO - [2026-04-01T09:13:00.738+0000] {dagbag.py:540} INFO - Filling up the DagBag from /opt/airflow/dags/isr_pipeline.py
[2026-04-01T09:13:00.755+0000] {processor.py:840} INFO - DAG(s) 'isr_pipeline' retrieved from /opt/airflow/dags/isr_pipeline.py
[2026-04-01T09:13:00.792+0000] {logging_mixin.py:188} INFO - [2026-04-01T09:13:00.792+0000] {dag.py:3096} INFO - Sync 1 DAGs
[2026-04-01T09:13:00.838+0000] {processor.py:183} INFO - Processing /opt/airflow/dags/isr_pipeline.py took 0.111 seconds
[2026-04-01T09:13:30.937+0000] {processor.py:161} INFO - Started process (PID=41607) to work on /opt/airflow/dags/isr_pipeline.py
[2026-04-01T09:13:30.939+0000] {processor.py:830} INFO - Processing file /opt/airflow/dags/isr_pipeline.py for tasks to queue
[2026-04-01T09:13:30.940+0000] {logging_mixin.py:188} INFO - [2026-04-01T09:13:30.940+0000] {dagbag.py:540} INFO - Filling up the DagBag from /opt/airflow/dags/isr_pipeline.py
[2026-04-01T09:13:30.957+0000] {processor.py:840} INFO - DAG(s) 'isr_pipeline' retrieved from /opt/airflow/dags/isr_pipeline.py
[2026-04-01T09:13:30.995+0000] {logging_mixin.py:188} INFO - [2026-04-01T09:13:30.995+0000] {dag.py:3096} INFO - Sync 1 DAGs
[2026-04-01T09:13:31.037+0000] {processor.py:183} INFO - Processing /opt/airflow/dags/isr_pipeline.py took 0.108 seconds
[2026-04-01T09:14:01.179+0000] {processor.py:161} INFO - Started process (PID=41612) to work on /opt/airflow/dags/isr_pipeline.py
[2026-04-01T09:14:01.180+0000] {processor.py:830} INFO - Processing file /opt/airflow/dags/isr_pipeline.py for tasks to queue
[2026-04-01T09:14:01.181+0000] {logging_mixin.py:188} INFO - [2026-04-01T09:14:01.181+0000] {dagbag.py:540} INFO - Filling up the DagBag from /opt/airflow/dags/isr_pipeline.py
[2026-04-01T09:14:01.198+0000] {processor.py:840} INFO - DAG(s) 'isr_pipeline' retrieved from /opt/airflow/dags/isr_pipeline.py
[2026-04-01T09:14:01.237+0000] {logging_mixin.py:188} INFO - [2026-04-01T09:14:01.237+0000] {dag.py:3096} INFO - Sync 1 DAGs
[2026-04-01T09:14:01.280+0000] {processor.py:183} INFO - Processing /opt/airflow/dags/isr_pipeline.py took 0.110 seconds
[2026-04-01T09:14:31.382+0000] {processor.py:161} INFO - Started process (PID=41617) to work on /opt/airflow/dags/isr_pipeline.py
[2026-04-01T09:14:31.383+0000] {processor.py:830} INFO - Processing file /opt/airflow/dags/isr_pipeline.py for tasks to queue
[2026-04-01T09:14:31.384+0000] {logging_mixin.py:188} INFO - [2026-04-01T09:14:31.384+0000] {dagbag.py:540} INFO - Filling up the DagBag from /opt/airflow/dags/isr_pipeline.py
[2026-04-01T09:14:31.402+0000] {processor.py:840} INFO - DAG(s) 'isr_pipeline' retrieved from /opt/airflow/dags/isr_pipeline.py
[2026-04-01T09:14:31.441+0000] {logging_mixin.py:188} INFO - [2026-04-01T09:14:31.441+0000] {dag.py:3096} INFO - Sync 1 DAGs
[2026-04-01T09:14:31.483+0000] {processor.py:183} INFO - Processing /opt/airflow/dags/isr_pipeline.py took 0.109 seconds
[2026-04-01T09:15:01.637+0000] {processor.py:161} INFO - Started process (PID=41622) to work on /opt/airflow/dags/isr_pipeline.py
[2026-04-01T09:15:01.638+0000] {processor.py:830} INFO - Processing file /opt/airflow/dags/isr_pipeline.py for tasks to queue
[2026-04-01T09:15:01.640+0000] {logging_mixin.py:188} INFO - [2026-04-01T09:15:01.639+0000] {dagbag.py:540} INFO - Filling up the DagBag from /opt/airflow/dags/isr_pipeline.py
[2026-04-01T09:15:01.659+0000] {processor.py:840} INFO - DAG(s) 'isr_pipeline' retrieved from /opt/airflow/dags/isr_pipeline.py
[2026-04-01T09:15:01.698+0000] {logging_mixin.py:188} INFO - [2026-04-01T09:15:01.698+0000] {dag.py:3096} INFO - Sync 1 DAGs
[2026-04-01T09:15:01.746+0000] {processor.py:183} INFO - Processing /opt/airflow/dags/isr_pipeline.py took 0.116 seconds
[2026-04-01T09:15:31.820+0000] {processor.py:161} INFO - Started process (PID=41627) to work on /opt/airflow/dags/isr_pipeline.py
[2026-04-01T09:15:31.821+0000] {processor.py:830} INFO - Processing file /opt/airflow/dags/isr_pipeline.py for tasks to queue
[2026-04-01T09:15:31.822+0000] {logging_mixin.py:188} INFO - [2026-04-01T09:15:31.822+0000] {dagbag.py:540} INFO - Filling up the DagBag from /opt/airflow/dags/isr_pipeline.py
[2026-04-01T09:15:31.841+0000] {processor.py:840} INFO - DAG(s) 'isr_pipeline' retrieved from /opt/airflow/dags/isr_pipeline.py
[2026-04-01T09:15:31.879+0000] {logging_mixin.py:188} INFO - [2026-04-01T09:15:31.879+0000] {dag.py:3096} INFO - Sync 1 DAGs
[2026-04-01T09:15:31.923+0000] {processor.py:183} INFO - Processing /opt/airflow/dags/isr_pipeline.py took 0.111 seconds
[2026-04-01T09:16:02.124+0000] {processor.py:161} INFO - Started process (PID=41632) to work on /opt/airflow/dags/isr_pipeline.py
[2026-04-01T09:16:02.125+0000] {processor.py:830} INFO - Processing file /opt/airflow/dags/isr_pipeline.py for tasks to queue
[2026-04-01T09:16:02.126+0000] {logging_mixin.py:188} INFO - [2026-04-01T09:16:02.126+0000] {dagbag.py:540} INFO - Filling up the DagBag from /opt/airflow/dags/isr_pipeline.py
[2026-04-01T09:16:02.147+0000] {processor.py:840} INFO - DAG(s) 'isr_pipeline' retrieved from /opt/airflow/dags/isr_pipeline.py
[2026-04-01T09:16:02.185+0000] {logging_mixin.py:188} INFO - [2026-04-01T09:16:02.185+0000] {dag.py:3096} INFO - Sync 1 DAGs
[2026-04-01T09:16:02.229+0000] {processor.py:183} INFO - Processing /opt/airflow/dags/isr_pipeline.py took 0.113 seconds
[2026-04-01T09:16:32.301+0000] {processor.py:161} INFO - Started process (PID=41637) to work on /opt/airflow/dags/isr_pipeline.py
[2026-04-01T09:16:32.303+0000] {processor.py:830} INFO - Processing file /opt/airflow/dags/isr_pipeline.py for tasks to queue
[2026-04-01T09:16:32.304+0000] {logging_mixin.py:188} INFO - [2026-04-01T09:16:32.304+0000] {dagbag.py:540} INFO - Filling up the DagBag from /opt/airflow/dags/isr_pipeline.py
[2026-04-01T09:16:32.322+0000] {processor.py:840} INFO - DAG(s) 'isr_pipeline' retrieved from /opt/airflow/dags/isr_pipeline.py
[2026-04-01T09:16:32.361+0000] {logging_mixin.py:188} INFO - [2026-04-01T09:16:32.361+0000] {dag.py:3096} INFO - Sync 1 DAGs
[2026-04-01T09:16:32.404+0000] {processor.py:183} INFO - Processing /opt/airflow/dags/isr_pipeline.py took 0.111 seconds
[2026-04-01T09:17:02.582+0000] {processor.py:161} INFO - Started process (PID=41642) to work on /opt/airflow/dags/isr_pipeline.py
[2026-04-01T09:17:02.584+0000] {processor.py:830} INFO - Processing file /opt/airflow/dags/isr_pipeline.py for tasks to queue
[2026-04-01T09:17:02.585+0000] {logging_mixin.py:188} INFO - [2026-04-01T09:17:02.585+0000] {dagbag.py:540} INFO - Filling up the DagBag from /opt/airflow/dags/isr_pipeline.py
[2026-04-01T09:17:02.602+0000] {processor.py:840} INFO - DAG(s) 'isr_pipeline' retrieved from /opt/airflow/dags/isr_pipeline.py
[2026-04-01T09:17:02.639+0000] {logging_mixin.py:188} INFO - [2026-04-01T09:17:02.638+0000] {dag.py:3096} INFO - Sync 1 DAGs
[2026-04-01T09:17:02.680+0000] {processor.py:183} INFO - Processing /opt/airflow/dags/isr_pipeline.py took 0.105 seconds
[2026-04-01T09:17:32.751+0000] {processor.py:161} INFO - Started process (PID=41647) to work on /opt/airflow/dags/isr_pipeline.py
[2026-04-01T09:17:32.752+0000] {processor.py:830} INFO - Processing file /opt/airflow/dags/isr_pipeline.py for tasks to queue
[2026-04-01T09:17:32.754+0000] {logging_mixin.py:188} INFO - [2026-04-01T09:17:32.753+0000] {dagbag.py:540} INFO - Filling up the DagBag from /opt/airflow/dags/isr_pipeline.py
[2026-04-01T09:17:32.772+0000] {processor.py:840} INFO - DAG(s) 'isr_pipeline' retrieved from /opt/airflow/dags/isr_pipeline.py
[2026-04-01T09:17:32.809+0000] {logging_mixin.py:188} INFO - [2026-04-01T09:17:32.809+0000] {dag.py:3096} INFO - Sync 1 DAGs
[2026-04-01T09:17:32.853+0000] {processor.py:183} INFO - Processing /opt/airflow/dags/isr_pipeline.py took 0.109 seconds
[2026-04-01T09:18:02.998+0000] {processor.py:161} INFO - Started process (PID=41652) to work on /opt/airflow/dags/isr_pipeline.py
[2026-04-01T09:18:03.000+0000] {processor.py:830} INFO - Processing file /opt/airflow/dags/isr_pipeline.py for tasks to queue
[2026-04-01T09:18:03.001+0000] {logging_mixin.py:188} INFO - [2026-04-01T09:18:03.001+0000] {dagbag.py:540} INFO - Filling up the DagBag from /opt/airflow/dags/isr_pipeline.py
[2026-04-01T09:18:03.020+0000] {processor.py:840} INFO - DAG(s) 'isr_pipeline' retrieved from /opt/airflow/dags/isr_pipeline.py
[2026-04-01T09:18:03.055+0000] {logging_mixin.py:188} INFO - [2026-04-01T09:18:03.055+0000] {dag.py:3096} INFO - Sync 1 DAGs
[2026-04-01T09:18:03.096+0000] {processor.py:183} INFO - Processing /opt/airflow/dags/isr_pipeline.py took 0.105 seconds
[2026-04-01T09:18:33.178+0000] {processor.py:161} INFO - Started process (PID=41657) to work on /opt/airflow/dags/isr_pipeline.py
[2026-04-01T09:18:33.180+0000] {processor.py:830} INFO - Processing file /opt/airflow/dags/isr_pipeline.py for tasks to queue
[2026-04-01T09:18:33.181+0000] {logging_mixin.py:188} INFO - [2026-04-01T09:18:33.181+0000] {dagbag.py:540} INFO - Filling up the DagBag from /opt/airflow/dags/isr_pipeline.py
[2026-04-01T09:18:33.198+0000] {processor.py:840} INFO - DAG(s) 'isr_pipeline' retrieved from /opt/airflow/dags/isr_pipeline.py
[2026-04-01T09:18:33.235+0000] {logging_mixin.py:188} INFO - [2026-04-01T09:18:33.235+0000] {dag.py:3096} INFO - Sync 1 DAGs
[2026-04-01T09:18:33.278+0000] {processor.py:183} INFO - Processing /opt/airflow/dags/isr_pipeline.py took 0.108 seconds
[2026-04-01T09:19:03.380+0000] {processor.py:161} INFO - Started process (PID=41662) to work on /opt/airflow/dags/isr_pipeline.py
[2026-04-01T09:19:03.381+0000] {processor.py:830} INFO - Processing file /opt/airflow/dags/isr_pipeline.py for tasks to queue
[2026-04-01T09:19:03.383+0000] {logging_mixin.py:188} INFO - [2026-04-01T09:19:03.382+0000] {dagbag.py:540} INFO - Filling up the DagBag from /opt/airflow/dags/isr_pipeline.py
[2026-04-01T09:19:03.401+0000] {processor.py:840} INFO - DAG(s) 'isr_pipeline' retrieved from /opt/airflow/dags/isr_pipeline.py
[2026-04-01T09:19:03.439+0000] {logging_mixin.py:188} INFO - [2026-04-01T09:19:03.439+0000] {dag.py:3096} INFO - Sync 1 DAGs
[2026-04-01T09:19:03.484+0000] {processor.py:183} INFO - Processing /opt/airflow/dags/isr_pipeline.py took 0.112 seconds
[2026-04-01T09:19:33.584+0000] {processor.py:161} INFO - Started process (PID=41667) to work on /opt/airflow/dags/isr_pipeline.py
[2026-04-01T09:19:33.585+0000] {processor.py:830} INFO - Processing file /opt/airflow/dags/isr_pipeline.py for tasks to queue
[2026-04-01T09:19:33.587+0000] {logging_mixin.py:188} INFO - [2026-04-01T09:19:33.587+0000] {dagbag.py:540} INFO - Filling up the DagBag from /opt/airflow/dags/isr_pipeline.py
[2026-04-01T09:19:33.605+0000] {processor.py:840} INFO - DAG(s) 'isr_pipeline' retrieved from /opt/airflow/dags/isr_pipeline.py
[2026-04-01T09:19:33.644+0000] {logging_mixin.py:188} INFO - [2026-04-01T09:19:33.643+0000] {dag.py:3096} INFO - Sync 1 DAGs
[2026-04-01T09:19:33.685+0000] {processor.py:183} INFO - Processing /opt/airflow/dags/isr_pipeline.py took 0.109 seconds
[2026-04-01T09:20:03.818+0000] {processor.py:161} INFO - Started process (PID=41672) to work on /opt/airflow/dags/isr_pipeline.py
[2026-04-01T09:20:03.819+0000] {processor.py:830} INFO - Processing file /opt/airflow/dags/isr_pipeline.py for tasks to queue
[2026-04-01T09:20:03.820+0000] {logging_mixin.py:188} INFO - [2026-04-01T09:20:03.820+0000] {dagbag.py:540} INFO - Filling up the DagBag from /opt/airflow/dags/isr_pipeline.py
[2026-04-01T09:20:03.839+0000] {processor.py:840} INFO - DAG(s) 'isr_pipeline' retrieved from /opt/airflow/dags/isr_pipeline.py
[2026-04-01T09:20:03.877+0000] {logging_mixin.py:188} INFO - [2026-04-01T09:20:03.876+0000] {dag.py:3096} INFO - Sync 1 DAGs
[2026-04-01T09:20:03.920+0000] {processor.py:183} INFO - Processing /opt/airflow/dags/isr_pipeline.py took 0.110 seconds
[2026-04-01T09:20:33.983+0000] {processor.py:161} INFO - Started process (PID=41677) to work on /opt/airflow/dags/isr_pipeline.py
[2026-04-01T09:20:33.984+0000] {processor.py:830} INFO - Processing file /opt/airflow/dags/isr_pipeline.py for tasks to queue
[2026-04-01T09:20:33.986+0000] {logging_mixin.py:188} INFO - [2026-04-01T09:20:33.985+0000] {dagbag.py:540} INFO - Filling up the DagBag from /opt/airflow/dags/isr_pipeline.py
[2026-04-01T09:20:34.004+0000] {processor.py:840} INFO - DAG(s) 'isr_pipeline' retrieved from /opt/airflow/dags/isr_pipeline.py
[2026-04-01T09:20:34.043+0000] {logging_mixin.py:188} INFO - [2026-04-01T09:20:34.043+0000] {dag.py:3096} INFO - Sync 1 DAGs
[2026-04-01T09:20:34.086+0000] {processor.py:183} INFO - Processing /opt/airflow/dags/isr_pipeline.py took 0.111 seconds
[2026-04-01T09:21:04.236+0000] {processor.py:161} INFO - Started process (PID=41682) to work on /opt/airflow/dags/isr_pipeline.py
[2026-04-01T09:21:04.237+0000] {processor.py:830} INFO - Processing file /opt/airflow/dags/isr_pipeline.py for tasks to queue
[2026-04-01T09:21:04.239+0000] {logging_mixin.py:188} INFO - [2026-04-01T09:21:04.238+0000] {dagbag.py:540} INFO - Filling up the DagBag from /opt/airflow/dags/isr_pipeline.py
[2026-04-01T09:21:04.257+0000] {processor.py:840} INFO - DAG(s) 'isr_pipeline' retrieved from /opt/airflow/dags/isr_pipeline.py
[2026-04-01T09:21:04.294+0000] {logging_mixin.py:188} INFO - [2026-04-01T09:21:04.294+0000] {dag.py:3096} INFO - Sync 1 DAGs
[2026-04-01T09:21:04.338+0000] {processor.py:183} INFO - Processing /opt/airflow/dags/isr_pipeline.py took 0.110 seconds
[2026-04-01T09:21:34.422+0000] {processor.py:161} INFO - Started process (PID=41687) to work on /opt/airflow/dags/isr_pipeline.py
[2026-04-01T09:21:34.423+0000] {processor.py:830} INFO - Processing file /opt/airflow/dags/isr_pipeline.py for tasks to queue
[2026-04-01T09:21:34.425+0000] {logging_mixin.py:188} INFO - [2026-04-01T09:21:34.424+0000] {dagbag.py:540} INFO - Filling up the DagBag from /opt/airflow/dags/isr_pipeline.py
[2026-04-01T09:21:34.443+0000] {processor.py:840} INFO - DAG(s) 'isr_pipeline' retrieved from /opt/airflow/dags/isr_pipeline.py
[2026-04-01T09:21:34.481+0000] {logging_mixin.py:188} INFO - [2026-04-01T09:21:34.481+0000] {dag.py:3096} INFO - Sync 1 DAGs
[2026-04-01T09:21:34.526+0000] {processor.py:183} INFO - Processing /opt/airflow/dags/isr_pipeline.py took 0.112 seconds
[2026-04-01T09:22:04.714+0000] {processor.py:161} INFO - Started process (PID=41692) to work on /opt/airflow/dags/isr_pipeline.py
[2026-04-01T09:22:04.715+0000] {processor.py:830} INFO - Processing file /opt/airflow/dags/isr_pipeline.py for tasks to queue
[2026-04-01T09:22:04.717+0000] {logging_mixin.py:188} INFO - [2026-04-01T09:22:04.716+0000] {dagbag.py:540} INFO - Filling up the DagBag from /opt/airflow/dags/isr_pipeline.py
[2026-04-01T09:22:04.735+0000] {processor.py:840} INFO - DAG(s) 'isr_pipeline' retrieved from /opt/airflow/dags/isr_pipeline.py
[2026-04-01T09:22:04.774+0000] {logging_mixin.py:188} INFO - [2026-04-01T09:22:04.774+0000] {dag.py:3096} INFO - Sync 1 DAGs
[2026-04-01T09:22:04.821+0000] {processor.py:183} INFO - Processing /opt/airflow/dags/isr_pipeline.py took 0.115 seconds
[2026-04-01T09:22:34.902+0000] {processor.py:161} INFO - Started process (PID=41697) to work on /opt/airflow/dags/isr_pipeline.py
[2026-04-01T09:22:34.903+0000] {processor.py:830} INFO - Processing file /opt/airflow/dags/isr_pipeline.py for tasks to queue
[2026-04-01T09:22:34.905+0000] {logging_mixin.py:188} INFO - [2026-04-01T09:22:34.904+0000] {dagbag.py:540} INFO - Filling up the DagBag from /opt/airflow/dags/isr_pipeline.py
[2026-04-01T09:22:34.922+0000] {processor.py:840} INFO - DAG(s) 'isr_pipeline' retrieved from /opt/airflow/dags/isr_pipeline.py
[2026-04-01T09:22:34.962+0000] {logging_mixin.py:188} INFO - [2026-04-01T09:22:34.962+0000] {dag.py:3096} INFO - Sync 1 DAGs
[2026-04-01T09:22:35.005+0000] {processor.py:183} INFO - Processing /opt/airflow/dags/isr_pipeline.py took 0.111 seconds
[2026-04-01T09:23:05.123+0000] {processor.py:161} INFO - Started process (PID=41702) to work on /opt/airflow/dags/isr_pipeline.py
[2026-04-01T09:23:05.124+0000] {processor.py:830} INFO - Processing file /opt/airflow/dags/isr_pipeline.py for tasks to queue
[2026-04-01T09:23:05.126+0000] {logging_mixin.py:188} INFO - [2026-04-01T09:23:05.125+0000] {dagbag.py:540} INFO - Filling up the DagBag from /opt/airflow/dags/isr_pipeline.py
[2026-04-01T09:23:05.143+0000] {processor.py:840} INFO - DAG(s) 'isr_pipeline' retrieved from /opt/airflow/dags/isr_pipeline.py
[2026-04-01T09:23:05.180+0000] {logging_mixin.py:188} INFO - [2026-04-01T09:23:05.179+0000] {dag.py:3096} INFO - Sync 1 DAGs
[2026-04-01T09:23:05.220+0000] {processor.py:183} INFO - Processing /opt/airflow/dags/isr_pipeline.py took 0.105 seconds
[2026-04-01T09:23:35.280+0000] {processor.py:161} INFO - Started process (PID=41707) to work on /opt/airflow/dags/isr_pipeline.py
[2026-04-01T09:23:35.282+0000] {processor.py:830} INFO - Processing file /opt/airflow/dags/isr_pipeline.py for tasks to queue
[2026-04-01T09:23:35.283+0000] {logging_mixin.py:188} INFO - [2026-04-01T09:23:35.283+0000] {dagbag.py:540} INFO - Filling up the DagBag from /opt/airflow/dags/isr_pipeline.py
[2026-04-01T09:23:35.301+0000] {processor.py:840} INFO - DAG(s) 'isr_pipeline' retrieved from /opt/airflow/dags/isr_pipeline.py
[2026-04-01T09:23:35.339+0000] {logging_mixin.py:188} INFO - [2026-04-01T09:23:35.338+0000] {dag.py:3096} INFO - Sync 1 DAGs
[2026-04-01T09:23:35.382+0000] {processor.py:183} INFO - Processing /opt/airflow/dags/isr_pipeline.py took 0.109 seconds
[2026-04-01T09:24:05.527+0000] {processor.py:161} INFO - Started process (PID=41712) to work on /opt/airflow/dags/isr_pipeline.py
[2026-04-01T09:24:05.528+0000] {processor.py:830} INFO - Processing file /opt/airflow/dags/isr_pipeline.py for tasks to queue
[2026-04-01T09:24:05.530+0000] {logging_mixin.py:188} INFO - [2026-04-01T09:24:05.529+0000] {dagbag.py:540} INFO - Filling up the DagBag from /opt/airflow/dags/isr_pipeline.py
[2026-04-01T09:24:05.547+0000] {processor.py:840} INFO - DAG(s) 'isr_pipeline' retrieved from /opt/airflow/dags/isr_pipeline.py
[2026-04-01T09:24:05.583+0000] {logging_mixin.py:188} INFO - [2026-04-01T09:24:05.583+0000] {dag.py:3096} INFO - Sync 1 DAGs
[2026-04-01T09:24:05.625+0000] {processor.py:183} INFO - Processing /opt/airflow/dags/isr_pipeline.py took 0.105 seconds
[2026-04-01T09:24:35.712+0000] {processor.py:161} INFO - Started process (PID=41717) to work on /opt/airflow/dags/isr_pipeline.py
[2026-04-01T09:24:35.713+0000] {processor.py:830} INFO - Processing file /opt/airflow/dags/isr_pipeline.py for tasks to queue
[2026-04-01T09:24:35.715+0000] {logging_mixin.py:188} INFO - [2026-04-01T09:24:35.714+0000] {dagbag.py:540} INFO - Filling up the DagBag from /opt/airflow/dags/isr_pipeline.py
[2026-04-01T09:24:35.732+0000] {processor.py:840} INFO - DAG(s) 'isr_pipeline' retrieved from /opt/airflow/dags/isr_pipeline.py
[2026-04-01T09:24:35.769+0000] {logging_mixin.py:188} INFO - [2026-04-01T09:24:35.769+0000] {dag.py:3096} INFO - Sync 1 DAGs
[2026-04-01T09:24:35.813+0000] {processor.py:183} INFO - Processing /opt/airflow/dags/isr_pipeline.py took 0.109 seconds
[2026-04-01T09:25:05.996+0000] {processor.py:161} INFO - Started process (PID=41722) to work on /opt/airflow/dags/isr_pipeline.py
[2026-04-01T09:25:05.998+0000] {processor.py:830} INFO - Processing file /opt/airflow/dags/isr_pipeline.py for tasks to queue
[2026-04-01T09:25:05.999+0000] {logging_mixin.py:188} INFO - [2026-04-01T09:25:05.999+0000] {dagbag.py:540} INFO - Filling up the DagBag from /opt/airflow/dags/isr_pipeline.py
[2026-04-01T09:25:06.017+0000] {processor.py:840} INFO - DAG(s) 'isr_pipeline' retrieved from /opt/airflow/dags/isr_pipeline.py
[2026-04-01T09:25:06.053+0000] {logging_mixin.py:188} INFO - [2026-04-01T09:25:06.053+0000] {dag.py:3096} INFO - Sync 1 DAGs
[2026-04-01T09:25:06.094+0000] {processor.py:183} INFO - Processing /opt/airflow/dags/isr_pipeline.py took 0.106 seconds
[2026-04-01T09:25:36.200+0000] {processor.py:161} INFO - Started process (PID=41727) to work on /opt/airflow/dags/isr_pipeline.py
[2026-04-01T09:25:36.201+0000] {processor.py:830} INFO - Processing file /opt/airflow/dags/isr_pipeline.py for tasks to queue
[2026-04-01T09:25:36.202+0000] {logging_mixin.py:188} INFO - [2026-04-01T09:25:36.202+0000] {dagbag.py:540} INFO - Filling up the DagBag from /opt/airflow/dags/isr_pipeline.py
[2026-04-01T09:25:36.220+0000] {processor.py:840} INFO - DAG(s) 'isr_pipeline' retrieved from /opt/airflow/dags/isr_pipeline.py
[2026-04-01T09:25:36.258+0000] {logging_mixin.py:188} INFO - [2026-04-01T09:25:36.257+0000] {dag.py:3096} INFO - Sync 1 DAGs
[2026-04-01T09:25:36.301+0000] {processor.py:183} INFO - Processing /opt/airflow/dags/isr_pipeline.py took 0.110 seconds
[2026-04-01T09:26:06.454+0000] {processor.py:161} INFO - Started process (PID=41732) to work on /opt/airflow/dags/isr_pipeline.py
[2026-04-01T09:26:06.455+0000] {processor.py:830} INFO - Processing file /opt/airflow/dags/isr_pipeline.py for tasks to queue
[2026-04-01T09:26:06.457+0000] {logging_mixin.py:188} INFO - [2026-04-01T09:26:06.456+0000] {dagbag.py:540} INFO - Filling up the DagBag from /opt/airflow/dags/isr_pipeline.py
[2026-04-01T09:26:06.475+0000] {processor.py:840} INFO - DAG(s) 'isr_pipeline' retrieved from /opt/airflow/dags/isr_pipeline.py
[2026-04-01T09:26:06.510+0000] {logging_mixin.py:188} INFO - [2026-04-01T09:26:06.510+0000] {dag.py:3096} INFO - Sync 1 DAGs
[2026-04-01T09:26:06.550+0000] {processor.py:183} INFO - Processing /opt/airflow/dags/isr_pipeline.py took 0.103 seconds
[2026-04-01T09:26:36.653+0000] {processor.py:161} INFO - Started process (PID=41737) to work on /opt/airflow/dags/isr_pipeline.py
[2026-04-01T09:26:36.654+0000] {processor.py:830} INFO - Processing file /opt/airflow/dags/isr_pipeline.py for tasks to queue
[2026-04-01T09:26:36.656+0000] {logging_mixin.py:188} INFO - [2026-04-01T09:26:36.655+0000] {dagbag.py:540} INFO - Filling up the DagBag from /opt/airflow/dags/isr_pipeline.py
[2026-04-01T09:26:36.673+0000] {processor.py:840} INFO - DAG(s) 'isr_pipeline' retrieved from /opt/airflow/dags/isr_pipeline.py
[2026-04-01T09:26:36.711+0000] {logging_mixin.py:188} INFO - [2026-04-01T09:26:36.711+0000] {dag.py:3096} INFO - Sync 1 DAGs
[2026-04-01T09:26:36.755+0000] {processor.py:183} INFO - Processing /opt/airflow/dags/isr_pipeline.py took 0.110 seconds
[2026-04-01T09:27:06.872+0000] {processor.py:161} INFO - Started process (PID=41742) to work on /opt/airflow/dags/isr_pipeline.py
[2026-04-01T09:27:06.873+0000] {processor.py:830} INFO - Processing file /opt/airflow/dags/isr_pipeline.py for tasks to queue
[2026-04-01T09:27:06.874+0000] {logging_mixin.py:188} INFO - [2026-04-01T09:27:06.874+0000] {dagbag.py:540} INFO - Filling up the DagBag from /opt/airflow/dags/isr_pipeline.py
[2026-04-01T09:27:06.893+0000] {processor.py:840} INFO - DAG(s) 'isr_pipeline' retrieved from /opt/airflow/dags/isr_pipeline.py
[2026-04-01T09:27:06.931+0000] {logging_mixin.py:188} INFO - [2026-04-01T09:27:06.931+0000] {dag.py:3096} INFO - Sync 1 DAGs
[2026-04-01T09:27:06.976+0000] {processor.py:183} INFO - Processing /opt/airflow/dags/isr_pipeline.py took 0.112 seconds
[2026-04-01T09:27:37.060+0000] {processor.py:161} INFO - Started process (PID=41747) to work on /opt/airflow/dags/isr_pipeline.py
[2026-04-01T09:27:37.061+0000] {processor.py:830} INFO - Processing file /opt/airflow/dags/isr_pipeline.py for tasks to queue
[2026-04-01T09:27:37.063+0000] {logging_mixin.py:188} INFO - [2026-04-01T09:27:37.062+0000] {dagbag.py:540} INFO - Filling up the DagBag from /opt/airflow/dags/isr_pipeline.py
[2026-04-01T09:27:37.080+0000] {processor.py:840} INFO - DAG(s) 'isr_pipeline' retrieved from /opt/airflow/dags/isr_pipeline.py
[2026-04-01T09:27:37.117+0000] {logging_mixin.py:188} INFO - [2026-04-01T09:27:37.117+0000] {dag.py:3096} INFO - Sync 1 DAGs
[2026-04-01T09:27:37.157+0000] {processor.py:183} INFO - Processing /opt/airflow/dags/isr_pipeline.py took 0.106 seconds
[2026-04-01T09:28:07.285+0000] {processor.py:161} INFO - Started process (PID=41752) to work on /opt/airflow/dags/isr_pipeline.py
[2026-04-01T09:28:07.286+0000] {processor.py:830} INFO - Processing file /opt/airflow/dags/isr_pipeline.py for tasks to queue
[2026-04-01T09:28:07.288+0000] {logging_mixin.py:188} INFO - [2026-04-01T09:28:07.288+0000] {dagbag.py:540} INFO - Filling up the DagBag from /opt/airflow/dags/isr_pipeline.py
[2026-04-01T09:28:07.305+0000] {processor.py:840} INFO - DAG(s) 'isr_pipeline' retrieved from /opt/airflow/dags/isr_pipeline.py
[2026-04-01T09:28:07.342+0000] {logging_mixin.py:188} INFO - [2026-04-01T09:28:07.341+0000] {dag.py:3096} INFO - Sync 1 DAGs
[2026-04-01T09:28:07.385+0000] {processor.py:183} INFO - Processing /opt/airflow/dags/isr_pipeline.py took 0.107 seconds
[2026-04-01T09:28:37.433+0000] {processor.py:161} INFO - Started process (PID=41757) to work on /opt/airflow/dags/isr_pipeline.py
[2026-04-01T09:28:37.434+0000] {processor.py:830} INFO - Processing file /opt/airflow/dags/isr_pipeline.py for tasks to queue
[2026-04-01T09:28:37.436+0000] {logging_mixin.py:188} INFO - [2026-04-01T09:28:37.436+0000] {dagbag.py:540} INFO - Filling up the DagBag from /opt/airflow/dags/isr_pipeline.py
[2026-04-01T09:28:37.456+0000] {processor.py:840} INFO - DAG(s) 'isr_pipeline' retrieved from /opt/airflow/dags/isr_pipeline.py
[2026-04-01T09:28:37.496+0000] {logging_mixin.py:188} INFO - [2026-04-01T09:28:37.496+0000] {dag.py:3096} INFO - Sync 1 DAGs
[2026-04-01T09:28:37.540+0000] {processor.py:183} INFO - Processing /opt/airflow/dags/isr_pipeline.py took 0.116 seconds
[2026-04-01T09:29:07.718+0000] {processor.py:161} INFO - Started process (PID=41762) to work on /opt/airflow/dags/isr_pipeline.py
[2026-04-01T09:29:07.719+0000] {processor.py:830} INFO - Processing file /opt/airflow/dags/isr_pipeline.py for tasks to queue
[2026-04-01T09:29:07.721+0000] {logging_mixin.py:188} INFO - [2026-04-01T09:29:07.721+0000] {dagbag.py:540} INFO - Filling up the DagBag from /opt/airflow/dags/isr_pipeline.py
[2026-04-01T09:29:07.738+0000] {processor.py:840} INFO - DAG(s) 'isr_pipeline' retrieved from /opt/airflow/dags/isr_pipeline.py
[2026-04-01T09:29:07.775+0000] {logging_mixin.py:188} INFO - [2026-04-01T09:29:07.775+0000] {dag.py:3096} INFO - Sync 1 DAGs
[2026-04-01T09:29:07.817+0000] {processor.py:183} INFO - Processing /opt/airflow/dags/isr_pipeline.py took 0.107 seconds
[2026-04-01T09:29:37.916+0000] {processor.py:161} INFO - Started process (PID=41767) to work on /opt/airflow/dags/isr_pipeline.py
[2026-04-01T09:29:37.918+0000] {processor.py:830} INFO - Processing file /opt/airflow/dags/isr_pipeline.py for tasks to queue
[2026-04-01T09:29:37.920+0000] {logging_mixin.py:188} INFO - [2026-04-01T09:29:37.919+0000] {dagbag.py:540} INFO - Filling up the DagBag from /opt/airflow/dags/isr_pipeline.py
[2026-04-01T09:29:37.938+0000] {processor.py:840} INFO - DAG(s) 'isr_pipeline' retrieved from /opt/airflow/dags/isr_pipeline.py
[2026-04-01T09:29:37.976+0000] {logging_mixin.py:188} INFO - [2026-04-01T09:29:37.976+0000] {dag.py:3096} INFO - Sync 1 DAGs
[2026-04-01T09:29:38.019+0000] {processor.py:183} INFO - Processing /opt/airflow/dags/isr_pipeline.py took 0.111 seconds
[2026-04-01T09:30:08.189+0000] {processor.py:161} INFO - Started process (PID=41772) to work on /opt/airflow/dags/isr_pipeline.py
[2026-04-01T09:30:08.190+0000] {processor.py:830} INFO - Processing file /opt/airflow/dags/isr_pipeline.py for tasks to queue
[2026-04-01T09:30:08.192+0000] {logging_mixin.py:188} INFO - [2026-04-01T09:30:08.191+0000] {dagbag.py:540} INFO - Filling up the DagBag from /opt/airflow/dags/isr_pipeline.py
[2026-04-01T09:30:08.209+0000] {processor.py:840} INFO - DAG(s) 'isr_pipeline' retrieved from /opt/airflow/dags/isr_pipeline.py
[2026-04-01T09:30:08.245+0000] {logging_mixin.py:188} INFO - [2026-04-01T09:30:08.245+0000] {dag.py:3096} INFO - Sync 1 DAGs
[2026-04-01T09:30:08.288+0000] {processor.py:183} INFO - Processing /opt/airflow/dags/isr_pipeline.py took 0.107 seconds
[2026-04-01T09:30:38.368+0000] {processor.py:161} INFO - Started process (PID=41777) to work on /opt/airflow/dags/isr_pipeline.py
[2026-04-01T09:30:38.369+0000] {processor.py:830} INFO - Processing file /opt/airflow/dags/isr_pipeline.py for tasks to queue
[2026-04-01T09:30:38.371+0000] {logging_mixin.py:188} INFO - [2026-04-01T09:30:38.371+0000] {dagbag.py:540} INFO - Filling up the DagBag from /opt/airflow/dags/isr_pipeline.py
[2026-04-01T09:30:38.390+0000] {processor.py:840} INFO - DAG(s) 'isr_pipeline' retrieved from /opt/airflow/dags/isr_pipeline.py
[2026-04-01T09:30:38.428+0000] {logging_mixin.py:188} INFO - [2026-04-01T09:30:38.427+0000] {dag.py:3096} INFO - Sync 1 DAGs
[2026-04-01T09:30:38.476+0000] {processor.py:183} INFO - Processing /opt/airflow/dags/isr_pipeline.py took 0.117 seconds
[2026-04-01T09:31:08.601+0000] {processor.py:161} INFO - Started process (PID=41782) to work on /opt/airflow/dags/isr_pipeline.py
[2026-04-01T09:31:08.602+0000] {processor.py:830} INFO - Processing file /opt/airflow/dags/isr_pipeline.py for tasks to queue
[2026-04-01T09:31:08.604+0000] {logging_mixin.py:188} INFO - [2026-04-01T09:31:08.603+0000] {dagbag.py:540} INFO - Filling up the DagBag from /opt/airflow/dags/isr_pipeline.py
[2026-04-01T09:31:08.621+0000] {processor.py:840} INFO - DAG(s) 'isr_pipeline' retrieved from /opt/airflow/dags/isr_pipeline.py
[2026-04-01T09:31:08.656+0000] {logging_mixin.py:188} INFO - [2026-04-01T09:31:08.656+0000] {dag.py:3096} INFO - Sync 1 DAGs
[2026-04-01T09:31:08.699+0000] {processor.py:183} INFO - Processing /opt/airflow/dags/isr_pipeline.py took 0.105 seconds
[2026-04-01T09:31:38.793+0000] {processor.py:161} INFO - Started process (PID=41787) to work on /opt/airflow/dags/isr_pipeline.py
[2026-04-01T09:31:38.794+0000] {processor.py:830} INFO - Processing file /opt/airflow/dags/isr_pipeline.py for tasks to queue
[2026-04-01T09:31:38.796+0000] {logging_mixin.py:188} INFO - [2026-04-01T09:31:38.796+0000] {dagbag.py:540} INFO - Filling up the DagBag from /opt/airflow/dags/isr_pipeline.py
[2026-04-01T09:31:38.815+0000] {processor.py:840} INFO - DAG(s) 'isr_pipeline' retrieved from /opt/airflow/dags/isr_pipeline.py
[2026-04-01T09:31:38.854+0000] {logging_mixin.py:188} INFO - [2026-04-01T09:31:38.854+0000] {dag.py:3096} INFO - Sync 1 DAGs
[2026-04-01T09:31:38.898+0000] {processor.py:183} INFO - Processing /opt/airflow/dags/isr_pipeline.py took 0.118 seconds
[2026-04-01T09:32:09.042+0000] {processor.py:161} INFO - Started process (PID=41792) to work on /opt/airflow/dags/isr_pipeline.py
[2026-04-01T09:32:09.044+0000] {processor.py:830} INFO - Processing file /opt/airflow/dags/isr_pipeline.py for tasks to queue
[2026-04-01T09:32:09.045+0000] {logging_mixin.py:188} INFO - [2026-04-01T09:32:09.045+0000] {dagbag.py:540} INFO - Filling up the DagBag from /opt/airflow/dags/isr_pipeline.py
[2026-04-01T09:32:09.062+0000] {processor.py:840} INFO - DAG(s) 'isr_pipeline' retrieved from /opt/airflow/dags/isr_pipeline.py
[2026-04-01T09:32:09.097+0000] {logging_mixin.py:188} INFO - [2026-04-01T09:32:09.097+0000] {dag.py:3096} INFO - Sync 1 DAGs
[2026-04-01T09:32:09.139+0000] {processor.py:183} INFO - Processing /opt/airflow/dags/isr_pipeline.py took 0.105 seconds
[2026-04-01T09:32:39.208+0000] {processor.py:161} INFO - Started process (PID=41797) to work on /opt/airflow/dags/isr_pipeline.py
[2026-04-01T09:32:39.210+0000] {processor.py:830} INFO - Processing file /opt/airflow/dags/isr_pipeline.py for tasks to queue
[2026-04-01T09:32:39.211+0000] {logging_mixin.py:188} INFO - [2026-04-01T09:32:39.211+0000] {dagbag.py:540} INFO - Filling up the DagBag from /opt/airflow/dags/isr_pipeline.py
[2026-04-01T09:32:39.230+0000] {processor.py:840} INFO - DAG(s) 'isr_pipeline' retrieved from /opt/airflow/dags/isr_pipeline.py
[2026-04-01T09:32:39.270+0000] {logging_mixin.py:188} INFO - [2026-04-01T09:32:39.270+0000] {dag.py:3096} INFO - Sync 1 DAGs
[2026-04-01T09:32:39.317+0000] {processor.py:183} INFO - Processing /opt/airflow/dags/isr_pipeline.py took 0.117 seconds
[2026-04-01T09:33:09.488+0000] {processor.py:161} INFO - Started process (PID=41802) to work on /opt/airflow/dags/isr_pipeline.py
[2026-04-01T09:33:09.489+0000] {processor.py:830} INFO - Processing file /opt/airflow/dags/isr_pipeline.py for tasks to queue
[2026-04-01T09:33:09.492+0000] {logging_mixin.py:188} INFO - [2026-04-01T09:33:09.491+0000] {dagbag.py:540} INFO - Filling up the DagBag from /opt/airflow/dags/isr_pipeline.py
[2026-04-01T09:33:09.518+0000] {processor.py:840} INFO - DAG(s) 'isr_pipeline' retrieved from /opt/airflow/dags/isr_pipeline.py
[2026-04-01T09:33:09.568+0000] {logging_mixin.py:188} INFO - [2026-04-01T09:33:09.566+0000] {dag.py:3096} INFO - Sync 1 DAGs
[2026-04-01T09:33:09.620+0000] {processor.py:183} INFO - Processing /opt/airflow/dags/isr_pipeline.py took 0.140 seconds
[2026-04-01T09:33:39.922+0000] {processor.py:161} INFO - Started process (PID=41807) to work on /opt/airflow/dags/isr_pipeline.py
[2026-04-01T09:33:39.924+0000] {processor.py:830} INFO - Processing file /opt/airflow/dags/isr_pipeline.py for tasks to queue
[2026-04-01T09:33:39.926+0000] {logging_mixin.py:188} INFO - [2026-04-01T09:33:39.925+0000] {dagbag.py:540} INFO - Filling up the DagBag from /opt/airflow/dags/isr_pipeline.py
[2026-04-01T09:33:39.944+0000] {processor.py:840} INFO - DAG(s) 'isr_pipeline' retrieved from /opt/airflow/dags/isr_pipeline.py
[2026-04-01T09:33:39.983+0000] {logging_mixin.py:188} INFO - [2026-04-01T09:33:39.983+0000] {dag.py:3096} INFO - Sync 1 DAGs
[2026-04-01T09:33:40.026+0000] {processor.py:183} INFO - Processing /opt/airflow/dags/isr_pipeline.py took 0.111 seconds
[2026-04-01T09:34:10.119+0000] {processor.py:161} INFO - Started process (PID=41812) to work on /opt/airflow/dags/isr_pipeline.py
[2026-04-01T09:34:10.120+0000] {processor.py:830} INFO - Processing file /opt/airflow/dags/isr_pipeline.py for tasks to queue
[2026-04-01T09:34:10.122+0000] {logging_mixin.py:188} INFO - [2026-04-01T09:34:10.121+0000] {dagbag.py:540} INFO - Filling up the DagBag from /opt/airflow/dags/isr_pipeline.py
[2026-04-01T09:34:10.140+0000] {processor.py:840} INFO - DAG(s) 'isr_pipeline' retrieved from /opt/airflow/dags/isr_pipeline.py
[2026-04-01T09:34:10.177+0000] {logging_mixin.py:188} INFO - [2026-04-01T09:34:10.177+0000] {dag.py:3096} INFO - Sync 1 DAGs
[2026-04-01T09:34:10.219+0000] {processor.py:183} INFO - Processing /opt/airflow/dags/isr_pipeline.py took 0.109 seconds
[2026-04-01T09:34:40.354+0000] {processor.py:161} INFO - Started process (PID=41817) to work on /opt/airflow/dags/isr_pipeline.py
[2026-04-01T09:34:40.355+0000] {processor.py:830} INFO - Processing file /opt/airflow/dags/isr_pipeline.py for tasks to queue
[2026-04-01T09:34:40.357+0000] {logging_mixin.py:188} INFO - [2026-04-01T09:34:40.356+0000] {dagbag.py:540} INFO - Filling up the DagBag from /opt/airflow/dags/isr_pipeline.py
[2026-04-01T09:34:40.374+0000] {processor.py:840} INFO - DAG(s) 'isr_pipeline' retrieved from /opt/airflow/dags/isr_pipeline.py
[2026-04-01T09:34:40.412+0000] {logging_mixin.py:188} INFO - [2026-04-01T09:34:40.411+0000] {dag.py:3096} INFO - Sync 1 DAGs
[2026-04-01T09:34:40.457+0000] {processor.py:183} INFO - Processing /opt/airflow/dags/isr_pipeline.py took 0.110 seconds
[2026-04-01T09:35:10.529+0000] {processor.py:161} INFO - Started process (PID=41822) to work on /opt/airflow/dags/isr_pipeline.py
[2026-04-01T09:35:10.531+0000] {processor.py:830} INFO - Processing file /opt/airflow/dags/isr_pipeline.py for tasks to queue
[2026-04-01T09:35:10.532+0000] {logging_mixin.py:188} INFO - [2026-04-01T09:35:10.532+0000] {dagbag.py:540} INFO - Filling up the DagBag from /opt/airflow/dags/isr_pipeline.py
[2026-04-01T09:35:10.550+0000] {processor.py:840} INFO - DAG(s) 'isr_pipeline' retrieved from /opt/airflow/dags/isr_pipeline.py
[2026-04-01T09:35:10.588+0000] {logging_mixin.py:188} INFO - [2026-04-01T09:35:10.588+0000] {dag.py:3096} INFO - Sync 1 DAGs
[2026-04-01T09:35:10.632+0000] {processor.py:183} INFO - Processing /opt/airflow/dags/isr_pipeline.py took 0.110 seconds
[2026-04-01T09:35:40.769+0000] {processor.py:161} INFO - Started process (PID=41827) to work on /opt/airflow/dags/isr_pipeline.py
[2026-04-01T09:35:40.770+0000] {processor.py:830} INFO - Processing file /opt/airflow/dags/isr_pipeline.py for tasks to queue
[2026-04-01T09:35:40.772+0000] {logging_mixin.py:188} INFO - [2026-04-01T09:35:40.771+0000] {dagbag.py:540} INFO - Filling up the DagBag from /opt/airflow/dags/isr_pipeline.py
[2026-04-01T09:35:40.789+0000] {processor.py:840} INFO - DAG(s) 'isr_pipeline' retrieved from /opt/airflow/dags/isr_pipeline.py
[2026-04-01T09:35:40.826+0000] {logging_mixin.py:188} INFO - [2026-04-01T09:35:40.825+0000] {dag.py:3096} INFO - Sync 1 DAGs
[2026-04-01T09:35:40.868+0000] {processor.py:183} INFO - Processing /opt/airflow/dags/isr_pipeline.py took 0.107 seconds
[2026-04-01T09:36:10.963+0000] {processor.py:161} INFO - Started process (PID=41832) to work on /opt/airflow/dags/isr_pipeline.py
[2026-04-01T09:36:10.965+0000] {processor.py:830} INFO - Processing file /opt/airflow/dags/isr_pipeline.py for tasks to queue
[2026-04-01T09:36:10.966+0000] {logging_mixin.py:188} INFO - [2026-04-01T09:36:10.966+0000] {dagbag.py:540} INFO - Filling up the DagBag from /opt/airflow/dags/isr_pipeline.py
[2026-04-01T09:36:10.984+0000] {processor.py:840} INFO - DAG(s) 'isr_pipeline' retrieved from /opt/airflow/dags/isr_pipeline.py
[2026-04-01T09:36:11.022+0000] {logging_mixin.py:188} INFO - [2026-04-01T09:36:11.022+0000] {dag.py:3096} INFO - Sync 1 DAGs
[2026-04-01T09:36:11.063+0000] {processor.py:183} INFO - Processing /opt/airflow/dags/isr_pipeline.py took 0.107 seconds
[2026-04-01T09:36:41.215+0000] {processor.py:161} INFO - Started process (PID=41837) to work on /opt/airflow/dags/isr_pipeline.py
[2026-04-01T09:36:41.217+0000] {processor.py:830} INFO - Processing file /opt/airflow/dags/isr_pipeline.py for tasks to queue
[2026-04-01T09:36:41.218+0000] {logging_mixin.py:188} INFO - [2026-04-01T09:36:41.218+0000] {dagbag.py:540} INFO - Filling up the DagBag from /opt/airflow/dags/isr_pipeline.py
[2026-04-01T09:36:41.236+0000] {processor.py:840} INFO - DAG(s) 'isr_pipeline' retrieved from /opt/airflow/dags/isr_pipeline.py
[2026-04-01T09:36:41.273+0000] {logging_mixin.py:188} INFO - [2026-04-01T09:36:41.273+0000] {dag.py:3096} INFO - Sync 1 DAGs
[2026-04-01T09:36:41.316+0000] {processor.py:183} INFO - Processing /opt/airflow/dags/isr_pipeline.py took 0.107 seconds
[2026-04-01T09:37:11.401+0000] {processor.py:161} INFO - Started process (PID=41842) to work on /opt/airflow/dags/isr_pipeline.py
[2026-04-01T09:37:11.403+0000] {processor.py:830} INFO - Processing file /opt/airflow/dags/isr_pipeline.py for tasks to queue
[2026-04-01T09:37:11.405+0000] {logging_mixin.py:188} INFO - [2026-04-01T09:37:11.404+0000] {dagbag.py:540} INFO - Filling up the DagBag from /opt/airflow/dags/isr_pipeline.py
[2026-04-01T09:37:11.430+0000] {processor.py:840} INFO - DAG(s) 'isr_pipeline' retrieved from /opt/airflow/dags/isr_pipeline.py
[2026-04-01T09:37:11.468+0000] {logging_mixin.py:188} INFO - [2026-04-01T09:37:11.468+0000] {dag.py:3096} INFO - Sync 1 DAGs
[2026-04-01T09:37:11.512+0000] {processor.py:183} INFO - Processing /opt/airflow/dags/isr_pipeline.py took 0.146 seconds
[2026-04-01T09:37:41.673+0000] {processor.py:161} INFO - Started process (PID=41847) to work on /opt/airflow/dags/isr_pipeline.py
[2026-04-01T09:37:41.675+0000] {processor.py:830} INFO - Processing file /opt/airflow/dags/isr_pipeline.py for tasks to queue
[2026-04-01T09:37:41.676+0000] {logging_mixin.py:188} INFO - [2026-04-01T09:37:41.676+0000] {dagbag.py:540} INFO - Filling up the DagBag from /opt/airflow/dags/isr_pipeline.py
[2026-04-01T09:37:41.695+0000] {processor.py:840} INFO - DAG(s) 'isr_pipeline' retrieved from /opt/airflow/dags/isr_pipeline.py
[2026-04-01T09:37:41.733+0000] {logging_mixin.py:188} INFO - [2026-04-01T09:37:41.733+0000] {dag.py:3096} INFO - Sync 1 DAGs
[2026-04-01T09:37:41.785+0000] {processor.py:183} INFO - Processing /opt/airflow/dags/isr_pipeline.py took 0.120 seconds
[2026-04-01T09:38:11.965+0000] {processor.py:161} INFO - Started process (PID=41852) to work on /opt/airflow/dags/isr_pipeline.py
[2026-04-01T09:38:11.967+0000] {processor.py:830} INFO - Processing file /opt/airflow/dags/isr_pipeline.py for tasks to queue
[2026-04-01T09:38:11.969+0000] {logging_mixin.py:188} INFO - [2026-04-01T09:38:11.968+0000] {dagbag.py:540} INFO - Filling up the DagBag from /opt/airflow/dags/isr_pipeline.py
[2026-04-01T09:38:11.987+0000] {processor.py:840} INFO - DAG(s) 'isr_pipeline' retrieved from /opt/airflow/dags/isr_pipeline.py
[2026-04-01T09:38:12.026+0000] {logging_mixin.py:188} INFO - [2026-04-01T09:38:12.026+0000] {dag.py:3096} INFO - Sync 1 DAGs
[2026-04-01T09:38:12.070+0000] {processor.py:183} INFO - Processing /opt/airflow/dags/isr_pipeline.py took 0.113 seconds
[2026-04-01T09:38:42.250+0000] {processor.py:161} INFO - Started process (PID=41857) to work on /opt/airflow/dags/isr_pipeline.py
[2026-04-01T09:38:42.253+0000] {processor.py:830} INFO - Processing file /opt/airflow/dags/isr_pipeline.py for tasks to queue
[2026-04-01T09:38:42.254+0000] {logging_mixin.py:188} INFO - [2026-04-01T09:38:42.254+0000] {dagbag.py:540} INFO - Filling up the DagBag from /opt/airflow/dags/isr_pipeline.py
[2026-04-01T09:38:42.272+0000] {processor.py:840} INFO - DAG(s) 'isr_pipeline' retrieved from /opt/airflow/dags/isr_pipeline.py
[2026-04-01T09:38:42.311+0000] {logging_mixin.py:188} INFO - [2026-04-01T09:38:42.311+0000] {dag.py:3096} INFO - Sync 1 DAGs
[2026-04-01T09:38:42.356+0000] {processor.py:183} INFO - Processing /opt/airflow/dags/isr_pipeline.py took 0.115 seconds
[2026-04-01T09:39:12.463+0000] {processor.py:161} INFO - Started process (PID=41862) to work on /opt/airflow/dags/isr_pipeline.py
[2026-04-01T09:39:12.465+0000] {processor.py:830} INFO - Processing file /opt/airflow/dags/isr_pipeline.py for tasks to queue
[2026-04-01T09:39:12.467+0000] {logging_mixin.py:188} INFO - [2026-04-01T09:39:12.466+0000] {dagbag.py:540} INFO - Filling up the DagBag from /opt/airflow/dags/isr_pipeline.py
[2026-04-01T09:39:12.485+0000] {processor.py:840} INFO - DAG(s) 'isr_pipeline' retrieved from /opt/airflow/dags/isr_pipeline.py
[2026-04-01T09:39:12.523+0000] {logging_mixin.py:188} INFO - [2026-04-01T09:39:12.523+0000] {dag.py:3096} INFO - Sync 1 DAGs
[2026-04-01T09:39:12.566+0000] {processor.py:183} INFO - Processing /opt/airflow/dags/isr_pipeline.py took 0.111 seconds
[2026-04-01T09:39:42.683+0000] {processor.py:161} INFO - Started process (PID=41867) to work on /opt/airflow/dags/isr_pipeline.py
[2026-04-01T09:39:42.684+0000] {processor.py:830} INFO - Processing file /opt/airflow/dags/isr_pipeline.py for tasks to queue
[2026-04-01T09:39:42.686+0000] {logging_mixin.py:188} INFO - [2026-04-01T09:39:42.685+0000] {dagbag.py:540} INFO - Filling up the DagBag from /opt/airflow/dags/isr_pipeline.py
[2026-04-01T09:39:42.704+0000] {processor.py:840} INFO - DAG(s) 'isr_pipeline' retrieved from /opt/airflow/dags/isr_pipeline.py
[2026-04-01T09:39:42.741+0000] {logging_mixin.py:188} INFO - [2026-04-01T09:39:42.741+0000] {dag.py:3096} INFO - Sync 1 DAGs
[2026-04-01T09:39:42.787+0000] {processor.py:183} INFO - Processing /opt/airflow/dags/isr_pipeline.py took 0.112 seconds
[2026-04-01T09:40:12.896+0000] {processor.py:161} INFO - Started process (PID=41872) to work on /opt/airflow/dags/isr_pipeline.py
[2026-04-01T09:40:12.898+0000] {processor.py:830} INFO - Processing file /opt/airflow/dags/isr_pipeline.py for tasks to queue
[2026-04-01T09:40:12.899+0000] {logging_mixin.py:188} INFO - [2026-04-01T09:40:12.899+0000] {dagbag.py:540} INFO - Filling up the DagBag from /opt/airflow/dags/isr_pipeline.py
[2026-04-01T09:40:12.918+0000] {processor.py:840} INFO - DAG(s) 'isr_pipeline' retrieved from /opt/airflow/dags/isr_pipeline.py
[2026-04-01T09:40:12.958+0000] {logging_mixin.py:188} INFO - [2026-04-01T09:40:12.958+0000] {dag.py:3096} INFO - Sync 1 DAGs
[2026-04-01T09:40:13.005+0000] {processor.py:183} INFO - Processing /opt/airflow/dags/isr_pipeline.py took 0.117 seconds
[2026-04-01T09:40:43.098+0000] {processor.py:161} INFO - Started process (PID=41877) to work on /opt/airflow/dags/isr_pipeline.py
[2026-04-01T09:40:43.099+0000] {processor.py:830} INFO - Processing file /opt/airflow/dags/isr_pipeline.py for tasks to queue
[2026-04-01T09:40:43.101+0000] {logging_mixin.py:188} INFO - [2026-04-01T09:40:43.100+0000] {dagbag.py:540} INFO - Filling up the DagBag from /opt/airflow/dags/isr_pipeline.py
[2026-04-01T09:40:43.118+0000] {processor.py:840} INFO - DAG(s) 'isr_pipeline' retrieved from /opt/airflow/dags/isr_pipeline.py
[2026-04-01T09:40:43.156+0000] {logging_mixin.py:188} INFO - [2026-04-01T09:40:43.156+0000] {dag.py:3096} INFO - Sync 1 DAGs
[2026-04-01T09:40:43.197+0000] {processor.py:183} INFO - Processing /opt/airflow/dags/isr_pipeline.py took 0.108 seconds
[2026-04-01T09:41:13.313+0000] {processor.py:161} INFO - Started process (PID=41882) to work on /opt/airflow/dags/isr_pipeline.py
[2026-04-01T09:41:13.314+0000] {processor.py:830} INFO - Processing file /opt/airflow/dags/isr_pipeline.py for tasks to queue
[2026-04-01T09:41:13.316+0000] {logging_mixin.py:188} INFO - [2026-04-01T09:41:13.316+0000] {dagbag.py:540} INFO - Filling up the DagBag from /opt/airflow/dags/isr_pipeline.py
[2026-04-01T09:41:13.334+0000] {processor.py:840} INFO - DAG(s) 'isr_pipeline' retrieved from /opt/airflow/dags/isr_pipeline.py
[2026-04-01T09:41:13.373+0000] {logging_mixin.py:188} INFO - [2026-04-01T09:41:13.373+0000] {dag.py:3096} INFO - Sync 1 DAGs
[2026-04-01T09:41:13.416+0000] {processor.py:183} INFO - Processing /opt/airflow/dags/isr_pipeline.py took 0.112 seconds
[2026-04-01T09:41:43.483+0000] {processor.py:161} INFO - Started process (PID=41887) to work on /opt/airflow/dags/isr_pipeline.py
[2026-04-01T09:41:43.484+0000] {processor.py:830} INFO - Processing file /opt/airflow/dags/isr_pipeline.py for tasks to queue
[2026-04-01T09:41:43.486+0000] {logging_mixin.py:188} INFO - [2026-04-01T09:41:43.485+0000] {dagbag.py:540} INFO - Filling up the DagBag from /opt/airflow/dags/isr_pipeline.py
[2026-04-01T09:41:43.506+0000] {processor.py:840} INFO - DAG(s) 'isr_pipeline' retrieved from /opt/airflow/dags/isr_pipeline.py
[2026-04-01T09:41:43.545+0000] {logging_mixin.py:188} INFO - [2026-04-01T09:41:43.545+0000] {dag.py:3096} INFO - Sync 1 DAGs
[2026-04-01T09:41:43.595+0000] {processor.py:183} INFO - Processing /opt/airflow/dags/isr_pipeline.py took 0.120 seconds
[2026-04-01T09:42:13.781+0000] {processor.py:161} INFO - Started process (PID=41892) to work on /opt/airflow/dags/isr_pipeline.py
[2026-04-01T09:42:13.782+0000] {processor.py:830} INFO - Processing file /opt/airflow/dags/isr_pipeline.py for tasks to queue
[2026-04-01T09:42:13.784+0000] {logging_mixin.py:188} INFO - [2026-04-01T09:42:13.783+0000] {dagbag.py:540} INFO - Filling up the DagBag from /opt/airflow/dags/isr_pipeline.py
[2026-04-01T09:42:13.802+0000] {processor.py:840} INFO - DAG(s) 'isr_pipeline' retrieved from /opt/airflow/dags/isr_pipeline.py
[2026-04-01T09:42:13.839+0000] {logging_mixin.py:188} INFO - [2026-04-01T09:42:13.839+0000] {dag.py:3096} INFO - Sync 1 DAGs
[2026-04-01T09:42:13.885+0000] {processor.py:183} INFO - Processing /opt/airflow/dags/isr_pipeline.py took 0.112 seconds
[2026-04-01T09:42:43.991+0000] {processor.py:161} INFO - Started process (PID=41897) to work on /opt/airflow/dags/isr_pipeline.py
[2026-04-01T09:42:43.993+0000] {processor.py:830} INFO - Processing file /opt/airflow/dags/isr_pipeline.py for tasks to queue
[2026-04-01T09:42:43.995+0000] {logging_mixin.py:188} INFO - [2026-04-01T09:42:43.994+0000] {dagbag.py:540} INFO - Filling up the DagBag from /opt/airflow/dags/isr_pipeline.py
[2026-04-01T09:42:44.016+0000] {processor.py:840} INFO - DAG(s) 'isr_pipeline' retrieved from /opt/airflow/dags/isr_pipeline.py
[2026-04-01T09:42:44.053+0000] {logging_mixin.py:188} INFO - [2026-04-01T09:42:44.053+0000] {dag.py:3096} INFO - Sync 1 DAGs
[2026-04-01T09:42:44.099+0000] {processor.py:183} INFO - Processing /opt/airflow/dags/isr_pipeline.py took 0.116 seconds
[2026-04-01T09:43:14.249+0000] {processor.py:161} INFO - Started process (PID=41902) to work on /opt/airflow/dags/isr_pipeline.py
[2026-04-01T09:43:14.250+0000] {processor.py:830} INFO - Processing file /opt/airflow/dags/isr_pipeline.py for tasks to queue
[2026-04-01T09:43:14.252+0000] {logging_mixin.py:188} INFO - [2026-04-01T09:43:14.251+0000] {dagbag.py:540} INFO - Filling up the DagBag from /opt/airflow/dags/isr_pipeline.py
[2026-04-01T09:43:14.272+0000] {processor.py:840} INFO - DAG(s) 'isr_pipeline' retrieved from /opt/airflow/dags/isr_pipeline.py
[2026-04-01T09:43:14.314+0000] {logging_mixin.py:188} INFO - [2026-04-01T09:43:14.314+0000] {dag.py:3096} INFO - Sync 1 DAGs
[2026-04-01T09:43:14.360+0000] {processor.py:183} INFO - Processing /opt/airflow/dags/isr_pipeline.py took 0.119 seconds
[2026-04-01T09:43:44.516+0000] {processor.py:161} INFO - Started process (PID=41907) to work on /opt/airflow/dags/isr_pipeline.py
[2026-04-01T09:43:44.518+0000] {processor.py:830} INFO - Processing file /opt/airflow/dags/isr_pipeline.py for tasks to queue
[2026-04-01T09:43:44.520+0000] {logging_mixin.py:188} INFO - [2026-04-01T09:43:44.520+0000] {dagbag.py:540} INFO - Filling up the DagBag from /opt/airflow/dags/isr_pipeline.py
[2026-04-01T09:43:44.538+0000] {processor.py:840} INFO - DAG(s) 'isr_pipeline' retrieved from /opt/airflow/dags/isr_pipeline.py
[2026-04-01T09:43:44.580+0000] {logging_mixin.py:188} INFO - [2026-04-01T09:43:44.579+0000] {dag.py:3096} INFO - Sync 1 DAGs
[2026-04-01T09:43:44.626+0000] {processor.py:183} INFO - Processing /opt/airflow/dags/isr_pipeline.py took 0.119 seconds
[2026-04-01T09:44:14.718+0000] {processor.py:161} INFO - Started process (PID=41912) to work on /opt/airflow/dags/isr_pipeline.py
[2026-04-01T09:44:14.720+0000] {processor.py:830} INFO - Processing file /opt/airflow/dags/isr_pipeline.py for tasks to queue
[2026-04-01T09:44:14.721+0000] {logging_mixin.py:188} INFO - [2026-04-01T09:44:14.721+0000] {dagbag.py:540} INFO - Filling up the DagBag from /opt/airflow/dags/isr_pipeline.py
[2026-04-01T09:44:14.740+0000] {processor.py:840} INFO - DAG(s) 'isr_pipeline' retrieved from /opt/airflow/dags/isr_pipeline.py
[2026-04-01T09:44:14.782+0000] {logging_mixin.py:188} INFO - [2026-04-01T09:44:14.782+0000] {dag.py:3096} INFO - Sync 1 DAGs
[2026-04-01T09:44:14.828+0000] {processor.py:183} INFO - Processing /opt/airflow/dags/isr_pipeline.py took 0.122 seconds
[2026-04-01T09:44:45.095+0000] {processor.py:161} INFO - Started process (PID=41917) to work on /opt/airflow/dags/isr_pipeline.py
[2026-04-01T09:44:45.097+0000] {processor.py:830} INFO - Processing file /opt/airflow/dags/isr_pipeline.py for tasks to queue
[2026-04-01T09:44:45.098+0000] {logging_mixin.py:188} INFO - [2026-04-01T09:44:45.098+0000] {dagbag.py:540} INFO - Filling up the DagBag from /opt/airflow/dags/isr_pipeline.py
[2026-04-01T09:44:45.116+0000] {processor.py:840} INFO - DAG(s) 'isr_pipeline' retrieved from /opt/airflow/dags/isr_pipeline.py
[2026-04-01T09:44:45.152+0000] {logging_mixin.py:188} INFO - [2026-04-01T09:44:45.152+0000] {dag.py:3096} INFO - Sync 1 DAGs
[2026-04-01T09:44:45.200+0000] {processor.py:183} INFO - Processing /opt/airflow/dags/isr_pipeline.py took 0.112 seconds
[2026-04-01T09:45:15.279+0000] {processor.py:161} INFO - Started process (PID=41922) to work on /opt/airflow/dags/isr_pipeline.py
[2026-04-01T09:45:15.281+0000] {processor.py:830} INFO - Processing file /opt/airflow/dags/isr_pipeline.py for tasks to queue
[2026-04-01T09:45:15.282+0000] {logging_mixin.py:188} INFO - [2026-04-01T09:45:15.282+0000] {dagbag.py:540} INFO - Filling up the DagBag from /opt/airflow/dags/isr_pipeline.py
[2026-04-01T09:45:15.301+0000] {processor.py:840} INFO - DAG(s) 'isr_pipeline' retrieved from /opt/airflow/dags/isr_pipeline.py
[2026-04-01T09:45:15.344+0000] {logging_mixin.py:188} INFO - [2026-04-01T09:45:15.343+0000] {dag.py:3096} INFO - Sync 1 DAGs
[2026-04-01T09:45:15.392+0000] {processor.py:183} INFO - Processing /opt/airflow/dags/isr_pipeline.py took 0.121 seconds
[2026-04-01T09:45:45.527+0000] {processor.py:161} INFO - Started process (PID=41927) to work on /opt/airflow/dags/isr_pipeline.py
[2026-04-01T09:45:45.528+0000] {processor.py:830} INFO - Processing file /opt/airflow/dags/isr_pipeline.py for tasks to queue
[2026-04-01T09:45:45.530+0000] {logging_mixin.py:188} INFO - [2026-04-01T09:45:45.530+0000] {dagbag.py:540} INFO - Filling up the DagBag from /opt/airflow/dags/isr_pipeline.py
[2026-04-01T09:45:45.549+0000] {processor.py:840} INFO - DAG(s) 'isr_pipeline' retrieved from /opt/airflow/dags/isr_pipeline.py
[2026-04-01T09:45:45.588+0000] {logging_mixin.py:188} INFO - [2026-04-01T09:45:45.588+0000] {dag.py:3096} INFO - Sync 1 DAGs
[2026-04-01T09:45:45.631+0000] {processor.py:183} INFO - Processing /opt/airflow/dags/isr_pipeline.py took 0.112 seconds
[2026-04-01T09:46:15.768+0000] {processor.py:161} INFO - Started process (PID=41932) to work on /opt/airflow/dags/isr_pipeline.py
[2026-04-01T09:46:15.769+0000] {processor.py:830} INFO - Processing file /opt/airflow/dags/isr_pipeline.py for tasks to queue
[2026-04-01T09:46:15.771+0000] {logging_mixin.py:188} INFO - [2026-04-01T09:46:15.771+0000] {dagbag.py:540} INFO - Filling up the DagBag from /opt/airflow/dags/isr_pipeline.py
[2026-04-01T09:46:15.791+0000] {processor.py:840} INFO - DAG(s) 'isr_pipeline' retrieved from /opt/airflow/dags/isr_pipeline.py
[2026-04-01T09:46:15.831+0000] {logging_mixin.py:188} INFO - [2026-04-01T09:46:15.831+0000] {dag.py:3096} INFO - Sync 1 DAGs
[2026-04-01T09:46:15.881+0000] {processor.py:183} INFO - Processing /opt/airflow/dags/isr_pipeline.py took 0.123 seconds
[2026-04-01T09:46:45.962+0000] {processor.py:161} INFO - Started process (PID=41937) to work on /opt/airflow/dags/isr_pipeline.py
[2026-04-01T09:46:45.963+0000] {processor.py:830} INFO - Processing file /opt/airflow/dags/isr_pipeline.py for tasks to queue
[2026-04-01T09:46:45.965+0000] {logging_mixin.py:188} INFO - [2026-04-01T09:46:45.965+0000] {dagbag.py:540} INFO - Filling up the DagBag from /opt/airflow/dags/isr_pipeline.py
[2026-04-01T09:46:45.986+0000] {processor.py:840} INFO - DAG(s) 'isr_pipeline' retrieved from /opt/airflow/dags/isr_pipeline.py
[2026-04-01T09:46:46.030+0000] {logging_mixin.py:188} INFO - [2026-04-01T09:46:46.030+0000] {dag.py:3096} INFO - Sync 1 DAGs
[2026-04-01T09:46:46.077+0000] {processor.py:183} INFO - Processing /opt/airflow/dags/isr_pipeline.py took 0.124 seconds
[2026-04-01T09:47:16.209+0000] {processor.py:161} INFO - Started process (PID=41942) to work on /opt/airflow/dags/isr_pipeline.py
[2026-04-01T09:47:16.211+0000] {processor.py:830} INFO - Processing file /opt/airflow/dags/isr_pipeline.py for tasks to queue
[2026-04-01T09:47:16.212+0000] {logging_mixin.py:188} INFO - [2026-04-01T09:47:16.212+0000] {dagbag.py:540} INFO - Filling up the DagBag from /opt/airflow/dags/isr_pipeline.py
[2026-04-01T09:47:16.230+0000] {processor.py:840} INFO - DAG(s) 'isr_pipeline' retrieved from /opt/airflow/dags/isr_pipeline.py
[2026-04-01T09:47:16.266+0000] {logging_mixin.py:188} INFO - [2026-04-01T09:47:16.266+0000] {dag.py:3096} INFO - Sync 1 DAGs
[2026-04-01T09:47:16.310+0000] {processor.py:183} INFO - Processing /opt/airflow/dags/isr_pipeline.py took 0.108 seconds
[2026-04-01T09:47:46.434+0000] {processor.py:161} INFO - Started process (PID=41947) to work on /opt/airflow/dags/isr_pipeline.py
[2026-04-01T09:47:46.435+0000] {processor.py:830} INFO - Processing file /opt/airflow/dags/isr_pipeline.py for tasks to queue
[2026-04-01T09:47:46.437+0000] {logging_mixin.py:188} INFO - [2026-04-01T09:47:46.436+0000] {dagbag.py:540} INFO - Filling up the DagBag from /opt/airflow/dags/isr_pipeline.py
[2026-04-01T09:47:46.458+0000] {processor.py:840} INFO - DAG(s) 'isr_pipeline' retrieved from /opt/airflow/dags/isr_pipeline.py
[2026-04-01T09:47:46.501+0000] {logging_mixin.py:188} INFO - [2026-04-01T09:47:46.500+0000] {dag.py:3096} INFO - Sync 1 DAGs
[2026-04-01T09:47:46.541+0000] {processor.py:183} INFO - Processing /opt/airflow/dags/isr_pipeline.py took 0.118 seconds
[2026-04-01T09:48:16.654+0000] {processor.py:161} INFO - Started process (PID=41952) to work on /opt/airflow/dags/isr_pipeline.py
[2026-04-01T09:48:16.655+0000] {processor.py:830} INFO - Processing file /opt/airflow/dags/isr_pipeline.py for tasks to queue
[2026-04-01T09:48:16.657+0000] {logging_mixin.py:188} INFO - [2026-04-01T09:48:16.656+0000] {dagbag.py:540} INFO - Filling up the DagBag from /opt/airflow/dags/isr_pipeline.py
[2026-04-01T09:48:16.674+0000] {processor.py:840} INFO - DAG(s) 'isr_pipeline' retrieved from /opt/airflow/dags/isr_pipeline.py
[2026-04-01T09:48:16.710+0000] {logging_mixin.py:188} INFO - [2026-04-01T09:48:16.710+0000] {dag.py:3096} INFO - Sync 1 DAGs
[2026-04-01T09:48:16.754+0000] {processor.py:183} INFO - Processing /opt/airflow/dags/isr_pipeline.py took 0.108 seconds
[2026-04-01T09:48:46.871+0000] {processor.py:161} INFO - Started process (PID=41957) to work on /opt/airflow/dags/isr_pipeline.py
[2026-04-01T09:48:46.872+0000] {processor.py:830} INFO - Processing file /opt/airflow/dags/isr_pipeline.py for tasks to queue
[2026-04-01T09:48:46.874+0000] {logging_mixin.py:188} INFO - [2026-04-01T09:48:46.873+0000] {dagbag.py:540} INFO - Filling up the DagBag from /opt/airflow/dags/isr_pipeline.py
[2026-04-01T09:48:46.892+0000] {processor.py:840} INFO - DAG(s) 'isr_pipeline' retrieved from /opt/airflow/dags/isr_pipeline.py
[2026-04-01T09:48:46.929+0000] {logging_mixin.py:188} INFO - [2026-04-01T09:48:46.929+0000] {dag.py:3096} INFO - Sync 1 DAGs
[2026-04-01T09:48:46.972+0000] {processor.py:183} INFO - Processing /opt/airflow/dags/isr_pipeline.py took 0.110 seconds
[2026-04-01T09:49:17.104+0000] {processor.py:161} INFO - Started process (PID=41962) to work on /opt/airflow/dags/isr_pipeline.py
[2026-04-01T09:49:17.106+0000] {processor.py:830} INFO - Processing file /opt/airflow/dags/isr_pipeline.py for tasks to queue
[2026-04-01T09:49:17.107+0000] {logging_mixin.py:188} INFO - [2026-04-01T09:49:17.107+0000] {dagbag.py:540} INFO - Filling up the DagBag from /opt/airflow/dags/isr_pipeline.py
[2026-04-01T09:49:17.125+0000] {processor.py:840} INFO - DAG(s) 'isr_pipeline' retrieved from /opt/airflow/dags/isr_pipeline.py
[2026-04-01T09:49:17.162+0000] {logging_mixin.py:188} INFO - [2026-04-01T09:49:17.161+0000] {dag.py:3096} INFO - Sync 1 DAGs
[2026-04-01T09:49:17.204+0000] {processor.py:183} INFO - Processing /opt/airflow/dags/isr_pipeline.py took 0.107 seconds
[2026-04-01T09:49:47.330+0000] {processor.py:161} INFO - Started process (PID=41967) to work on /opt/airflow/dags/isr_pipeline.py
[2026-04-01T09:49:47.332+0000] {processor.py:830} INFO - Processing file /opt/airflow/dags/isr_pipeline.py for tasks to queue
[2026-04-01T09:49:47.333+0000] {logging_mixin.py:188} INFO - [2026-04-01T09:49:47.333+0000] {dagbag.py:540} INFO - Filling up the DagBag from /opt/airflow/dags/isr_pipeline.py
[2026-04-01T09:49:47.351+0000] {processor.py:840} INFO - DAG(s) 'isr_pipeline' retrieved from /opt/airflow/dags/isr_pipeline.py
[2026-04-01T09:49:47.388+0000] {logging_mixin.py:188} INFO - [2026-04-01T09:49:47.388+0000] {dag.py:3096} INFO - Sync 1 DAGs
[2026-04-01T09:49:47.431+0000] {processor.py:183} INFO - Processing /opt/airflow/dags/isr_pipeline.py took 0.109 seconds
[2026-04-01T09:50:17.540+0000] {processor.py:161} INFO - Started process (PID=41972) to work on /opt/airflow/dags/isr_pipeline.py
[2026-04-01T09:50:17.541+0000] {processor.py:830} INFO - Processing file /opt/airflow/dags/isr_pipeline.py for tasks to queue
[2026-04-01T09:50:17.543+0000] {logging_mixin.py:188} INFO - [2026-04-01T09:50:17.542+0000] {dagbag.py:540} INFO - Filling up the DagBag from /opt/airflow/dags/isr_pipeline.py
[2026-04-01T09:50:17.560+0000] {processor.py:840} INFO - DAG(s) 'isr_pipeline' retrieved from /opt/airflow/dags/isr_pipeline.py
[2026-04-01T09:50:17.597+0000] {logging_mixin.py:188} INFO - [2026-04-01T09:50:17.597+0000] {dag.py:3096} INFO - Sync 1 DAGs
[2026-04-01T09:50:17.640+0000] {processor.py:183} INFO - Processing /opt/airflow/dags/isr_pipeline.py took 0.108 seconds
[2026-04-01T09:50:47.783+0000] {processor.py:161} INFO - Started process (PID=41977) to work on /opt/airflow/dags/isr_pipeline.py
[2026-04-01T09:50:47.784+0000] {processor.py:830} INFO - Processing file /opt/airflow/dags/isr_pipeline.py for tasks to queue
[2026-04-01T09:50:47.785+0000] {logging_mixin.py:188} INFO - [2026-04-01T09:50:47.785+0000] {dagbag.py:540} INFO - Filling up the DagBag from /opt/airflow/dags/isr_pipeline.py
[2026-04-01T09:50:47.803+0000] {processor.py:840} INFO - DAG(s) 'isr_pipeline' retrieved from /opt/airflow/dags/isr_pipeline.py
[2026-04-01T09:50:47.841+0000] {logging_mixin.py:188} INFO - [2026-04-01T09:50:47.841+0000] {dag.py:3096} INFO - Sync 1 DAGs
[2026-04-01T09:50:47.885+0000] {processor.py:183} INFO - Processing /opt/airflow/dags/isr_pipeline.py took 0.110 seconds
[2026-04-01T09:51:17.988+0000] {processor.py:161} INFO - Started process (PID=41982) to work on /opt/airflow/dags/isr_pipeline.py
[2026-04-01T09:51:17.989+0000] {processor.py:830} INFO - Processing file /opt/airflow/dags/isr_pipeline.py for tasks to queue
[2026-04-01T09:51:17.991+0000] {logging_mixin.py:188} INFO - [2026-04-01T09:51:17.990+0000] {dagbag.py:540} INFO - Filling up the DagBag from /opt/airflow/dags/isr_pipeline.py
[2026-04-01T09:51:18.009+0000] {processor.py:840} INFO - DAG(s) 'isr_pipeline' retrieved from /opt/airflow/dags/isr_pipeline.py
[2026-04-01T09:51:18.048+0000] {logging_mixin.py:188} INFO - [2026-04-01T09:51:18.047+0000] {dag.py:3096} INFO - Sync 1 DAGs
[2026-04-01T09:51:18.090+0000] {processor.py:183} INFO - Processing /opt/airflow/dags/isr_pipeline.py took 0.111 seconds
[2026-04-01T09:51:48.220+0000] {processor.py:161} INFO - Started process (PID=41987) to work on /opt/airflow/dags/isr_pipeline.py
[2026-04-01T09:51:48.221+0000] {processor.py:830} INFO - Processing file /opt/airflow/dags/isr_pipeline.py for tasks to queue
[2026-04-01T09:51:48.223+0000] {logging_mixin.py:188} INFO - [2026-04-01T09:51:48.222+0000] {dagbag.py:540} INFO - Filling up the DagBag from /opt/airflow/dags/isr_pipeline.py
[2026-04-01T09:51:48.240+0000] {processor.py:840} INFO - DAG(s) 'isr_pipeline' retrieved from /opt/airflow/dags/isr_pipeline.py
[2026-04-01T09:51:48.280+0000] {logging_mixin.py:188} INFO - [2026-04-01T09:51:48.280+0000] {dag.py:3096} INFO - Sync 1 DAGs
[2026-04-01T09:51:48.327+0000] {processor.py:183} INFO - Processing /opt/airflow/dags/isr_pipeline.py took 0.115 seconds
[2026-04-01T09:52:18.434+0000] {processor.py:161} INFO - Started process (PID=41992) to work on /opt/airflow/dags/isr_pipeline.py
[2026-04-01T09:52:18.436+0000] {processor.py:830} INFO - Processing file /opt/airflow/dags/isr_pipeline.py for tasks to queue
[2026-04-01T09:52:18.437+0000] {logging_mixin.py:188} INFO - [2026-04-01T09:52:18.437+0000] {dagbag.py:540} INFO - Filling up the DagBag from /opt/airflow/dags/isr_pipeline.py
[2026-04-01T09:52:18.455+0000] {processor.py:840} INFO - DAG(s) 'isr_pipeline' retrieved from /opt/airflow/dags/isr_pipeline.py
[2026-04-01T09:52:18.493+0000] {logging_mixin.py:188} INFO - [2026-04-01T09:52:18.493+0000] {dag.py:3096} INFO - Sync 1 DAGs
[2026-04-01T09:52:18.536+0000] {processor.py:183} INFO - Processing /opt/airflow/dags/isr_pipeline.py took 0.110 seconds
[2026-04-01T09:52:48.644+0000] {processor.py:161} INFO - Started process (PID=41997) to work on /opt/airflow/dags/isr_pipeline.py
[2026-04-01T09:52:48.655+0000] {processor.py:830} INFO - Processing file /opt/airflow/dags/isr_pipeline.py for tasks to queue
[2026-04-01T09:52:48.657+0000] {logging_mixin.py:188} INFO - [2026-04-01T09:52:48.656+0000] {dagbag.py:540} INFO - Filling up the DagBag from /opt/airflow/dags/isr_pipeline.py
[2026-04-01T09:52:48.697+0000] {processor.py:840} INFO - DAG(s) 'isr_pipeline' retrieved from /opt/airflow/dags/isr_pipeline.py
[2026-04-01T09:52:48.756+0000] {logging_mixin.py:188} INFO - [2026-04-01T09:52:48.755+0000] {dag.py:3096} INFO - Sync 1 DAGs
[2026-04-01T09:52:48.800+0000] {processor.py:183} INFO - Processing /opt/airflow/dags/isr_pipeline.py took 0.165 seconds
[2026-04-01T09:53:19.004+0000] {processor.py:161} INFO - Started process (PID=42002) to work on /opt/airflow/dags/isr_pipeline.py
[2026-04-01T09:53:19.006+0000] {processor.py:830} INFO - Processing file /opt/airflow/dags/isr_pipeline.py for tasks to queue
[2026-04-01T09:53:19.007+0000] {logging_mixin.py:188} INFO - [2026-04-01T09:53:19.007+0000] {dagbag.py:540} INFO - Filling up the DagBag from /opt/airflow/dags/isr_pipeline.py
[2026-04-01T09:53:19.025+0000] {processor.py:840} INFO - DAG(s) 'isr_pipeline' retrieved from /opt/airflow/dags/isr_pipeline.py
[2026-04-01T09:53:19.064+0000] {logging_mixin.py:188} INFO - [2026-04-01T09:53:19.064+0000] {dag.py:3096} INFO - Sync 1 DAGs
[2026-04-01T09:53:19.106+0000] {processor.py:183} INFO - Processing /opt/airflow/dags/isr_pipeline.py took 0.111 seconds
[2026-04-01T09:53:49.170+0000] {processor.py:161} INFO - Started process (PID=42007) to work on /opt/airflow/dags/isr_pipeline.py
[2026-04-01T09:53:49.172+0000] {processor.py:830} INFO - Processing file /opt/airflow/dags/isr_pipeline.py for tasks to queue
[2026-04-01T09:53:49.173+0000] {logging_mixin.py:188} INFO - [2026-04-01T09:53:49.173+0000] {dagbag.py:540} INFO - Filling up the DagBag from /opt/airflow/dags/isr_pipeline.py
[2026-04-01T09:53:49.190+0000] {processor.py:840} INFO - DAG(s) 'isr_pipeline' retrieved from /opt/airflow/dags/isr_pipeline.py
[2026-04-01T09:53:49.228+0000] {logging_mixin.py:188} INFO - [2026-04-01T09:53:49.228+0000] {dag.py:3096} INFO - Sync 1 DAGs
[2026-04-01T09:53:49.270+0000] {processor.py:183} INFO - Processing /opt/airflow/dags/isr_pipeline.py took 0.109 seconds
[2026-04-01T09:54:19.435+0000] {processor.py:161} INFO - Started process (PID=42012) to work on /opt/airflow/dags/isr_pipeline.py
[2026-04-01T09:54:19.437+0000] {processor.py:830} INFO - Processing file /opt/airflow/dags/isr_pipeline.py for tasks to queue
[2026-04-01T09:54:19.438+0000] {logging_mixin.py:188} INFO - [2026-04-01T09:54:19.438+0000] {dagbag.py:540} INFO - Filling up the DagBag from /opt/airflow/dags/isr_pipeline.py
[2026-04-01T09:54:19.456+0000] {processor.py:840} INFO - DAG(s) 'isr_pipeline' retrieved from /opt/airflow/dags/isr_pipeline.py
[2026-04-01T09:54:19.494+0000] {logging_mixin.py:188} INFO - [2026-04-01T09:54:19.494+0000] {dag.py:3096} INFO - Sync 1 DAGs
[2026-04-01T09:54:19.536+0000] {processor.py:183} INFO - Processing /opt/airflow/dags/isr_pipeline.py took 0.108 seconds
[2026-04-01T09:54:49.702+0000] {processor.py:161} INFO - Started process (PID=42017) to work on /opt/airflow/dags/isr_pipeline.py
[2026-04-01T09:54:49.707+0000] {processor.py:830} INFO - Processing file /opt/airflow/dags/isr_pipeline.py for tasks to queue
[2026-04-01T09:54:49.712+0000] {logging_mixin.py:188} INFO - [2026-04-01T09:54:49.711+0000] {dagbag.py:540} INFO - Filling up the DagBag from /opt/airflow/dags/isr_pipeline.py
[2026-04-01T09:54:49.781+0000] {processor.py:840} INFO - DAG(s) 'isr_pipeline' retrieved from /opt/airflow/dags/isr_pipeline.py
[2026-04-01T09:54:49.954+0000] {logging_mixin.py:188} INFO - [2026-04-01T09:54:49.954+0000] {dag.py:3096} INFO - Sync 1 DAGs
[2026-04-01T09:54:50.045+0000] {processor.py:183} INFO - Processing /opt/airflow/dags/isr_pipeline.py took 0.374 seconds
[2026-04-01T09:55:20.230+0000] {processor.py:161} INFO - Started process (PID=42022) to work on /opt/airflow/dags/isr_pipeline.py
[2026-04-01T09:55:20.232+0000] {processor.py:830} INFO - Processing file /opt/airflow/dags/isr_pipeline.py for tasks to queue
[2026-04-01T09:55:20.233+0000] {logging_mixin.py:188} INFO - [2026-04-01T09:55:20.233+0000] {dagbag.py:540} INFO - Filling up the DagBag from /opt/airflow/dags/isr_pipeline.py
[2026-04-01T09:55:20.252+0000] {processor.py:840} INFO - DAG(s) 'isr_pipeline' retrieved from /opt/airflow/dags/isr_pipeline.py
[2026-04-01T09:55:20.292+0000] {logging_mixin.py:188} INFO - [2026-04-01T09:55:20.292+0000] {dag.py:3096} INFO - Sync 1 DAGs
[2026-04-01T09:55:20.339+0000] {processor.py:183} INFO - Processing /opt/airflow/dags/isr_pipeline.py took 0.117 seconds
[2026-04-01T09:55:50.522+0000] {processor.py:161} INFO - Started process (PID=42027) to work on /opt/airflow/dags/isr_pipeline.py
[2026-04-01T09:55:50.523+0000] {processor.py:830} INFO - Processing file /opt/airflow/dags/isr_pipeline.py for tasks to queue
[2026-04-01T09:55:50.525+0000] {logging_mixin.py:188} INFO - [2026-04-01T09:55:50.524+0000] {dagbag.py:540} INFO - Filling up the DagBag from /opt/airflow/dags/isr_pipeline.py
[2026-04-01T09:55:50.542+0000] {processor.py:840} INFO - DAG(s) 'isr_pipeline' retrieved from /opt/airflow/dags/isr_pipeline.py
[2026-04-01T09:55:50.579+0000] {logging_mixin.py:188} INFO - [2026-04-01T09:55:50.579+0000] {dag.py:3096} INFO - Sync 1 DAGs
[2026-04-01T09:55:50.621+0000] {processor.py:183} INFO - Processing /opt/airflow/dags/isr_pipeline.py took 0.107 seconds
[2026-04-01T09:56:20.716+0000] {processor.py:161} INFO - Started process (PID=42032) to work on /opt/airflow/dags/isr_pipeline.py
[2026-04-01T09:56:20.717+0000] {processor.py:830} INFO - Processing file /opt/airflow/dags/isr_pipeline.py for tasks to queue
[2026-04-01T09:56:20.719+0000] {logging_mixin.py:188} INFO - [2026-04-01T09:56:20.718+0000] {dagbag.py:540} INFO - Filling up the DagBag from /opt/airflow/dags/isr_pipeline.py
[2026-04-01T09:56:20.737+0000] {processor.py:840} INFO - DAG(s) 'isr_pipeline' retrieved from /opt/airflow/dags/isr_pipeline.py
[2026-04-01T09:56:20.777+0000] {logging_mixin.py:188} INFO - [2026-04-01T09:56:20.777+0000] {dag.py:3096} INFO - Sync 1 DAGs
[2026-04-01T09:56:20.821+0000] {processor.py:183} INFO - Processing /opt/airflow/dags/isr_pipeline.py took 0.115 seconds
[2026-04-01T09:56:50.932+0000] {processor.py:161} INFO - Started process (PID=42037) to work on /opt/airflow/dags/isr_pipeline.py
[2026-04-01T09:56:50.934+0000] {processor.py:830} INFO - Processing file /opt/airflow/dags/isr_pipeline.py for tasks to queue
[2026-04-01T09:56:50.935+0000] {logging_mixin.py:188} INFO - [2026-04-01T09:56:50.934+0000] {dagbag.py:540} INFO - Filling up the DagBag from /opt/airflow/dags/isr_pipeline.py
[2026-04-01T09:56:50.952+0000] {processor.py:840} INFO - DAG(s) 'isr_pipeline' retrieved from /opt/airflow/dags/isr_pipeline.py
[2026-04-01T09:56:50.989+0000] {logging_mixin.py:188} INFO - [2026-04-01T09:56:50.989+0000] {dag.py:3096} INFO - Sync 1 DAGs
[2026-04-01T09:56:51.033+0000] {processor.py:183} INFO - Processing /opt/airflow/dags/isr_pipeline.py took 0.110 seconds
[2026-04-01T09:57:21.172+0000] {processor.py:161} INFO - Started process (PID=42042) to work on /opt/airflow/dags/isr_pipeline.py
[2026-04-01T09:57:21.174+0000] {processor.py:830} INFO - Processing file /opt/airflow/dags/isr_pipeline.py for tasks to queue
[2026-04-01T09:57:21.175+0000] {logging_mixin.py:188} INFO - [2026-04-01T09:57:21.175+0000] {dagbag.py:540} INFO - Filling up the DagBag from /opt/airflow/dags/isr_pipeline.py
[2026-04-01T09:57:21.193+0000] {processor.py:840} INFO - DAG(s) 'isr_pipeline' retrieved from /opt/airflow/dags/isr_pipeline.py
[2026-04-01T09:57:21.230+0000] {logging_mixin.py:188} INFO - [2026-04-01T09:57:21.230+0000] {dag.py:3096} INFO - Sync 1 DAGs
[2026-04-01T09:57:21.273+0000] {processor.py:183} INFO - Processing /opt/airflow/dags/isr_pipeline.py took 0.110 seconds
[2026-04-01T09:57:51.420+0000] {processor.py:161} INFO - Started process (PID=42047) to work on /opt/airflow/dags/isr_pipeline.py
[2026-04-01T09:57:51.421+0000] {processor.py:830} INFO - Processing file /opt/airflow/dags/isr_pipeline.py for tasks to queue
[2026-04-01T09:57:51.423+0000] {logging_mixin.py:188} INFO - [2026-04-01T09:57:51.422+0000] {dagbag.py:540} INFO - Filling up the DagBag from /opt/airflow/dags/isr_pipeline.py
[2026-04-01T09:57:51.441+0000] {processor.py:840} INFO - DAG(s) 'isr_pipeline' retrieved from /opt/airflow/dags/isr_pipeline.py
[2026-04-01T09:57:51.478+0000] {logging_mixin.py:188} INFO - [2026-04-01T09:57:51.478+0000] {dag.py:3096} INFO - Sync 1 DAGs
[2026-04-01T09:57:51.527+0000] {processor.py:183} INFO - Processing /opt/airflow/dags/isr_pipeline.py took 0.115 seconds
[2026-04-01T09:58:21.572+0000] {processor.py:161} INFO - Started process (PID=42052) to work on /opt/airflow/dags/isr_pipeline.py
[2026-04-01T09:58:21.573+0000] {processor.py:830} INFO - Processing file /opt/airflow/dags/isr_pipeline.py for tasks to queue
[2026-04-01T09:58:21.576+0000] {logging_mixin.py:188} INFO - [2026-04-01T09:58:21.575+0000] {dagbag.py:540} INFO - Filling up the DagBag from /opt/airflow/dags/isr_pipeline.py
[2026-04-01T09:58:21.594+0000] {processor.py:840} INFO - DAG(s) 'isr_pipeline' retrieved from /opt/airflow/dags/isr_pipeline.py
[2026-04-01T09:58:21.631+0000] {logging_mixin.py:188} INFO - [2026-04-01T09:58:21.631+0000] {dag.py:3096} INFO - Sync 1 DAGs
[2026-04-01T09:58:21.668+0000] {processor.py:183} INFO - Processing /opt/airflow/dags/isr_pipeline.py took 0.103 seconds
[2026-04-01T09:58:51.859+0000] {processor.py:161} INFO - Started process (PID=42057) to work on /opt/airflow/dags/isr_pipeline.py
[2026-04-01T09:58:51.861+0000] {processor.py:830} INFO - Processing file /opt/airflow/dags/isr_pipeline.py for tasks to queue
[2026-04-01T09:58:51.862+0000] {logging_mixin.py:188} INFO - [2026-04-01T09:58:51.862+0000] {dagbag.py:540} INFO - Filling up the DagBag from /opt/airflow/dags/isr_pipeline.py
[2026-04-01T09:58:51.881+0000] {processor.py:840} INFO - DAG(s) 'isr_pipeline' retrieved from /opt/airflow/dags/isr_pipeline.py
[2026-04-01T09:58:51.918+0000] {logging_mixin.py:188} INFO - [2026-04-01T09:58:51.918+0000] {dag.py:3096} INFO - Sync 1 DAGs
[2026-04-01T09:58:51.960+0000] {processor.py:183} INFO - Processing /opt/airflow/dags/isr_pipeline.py took 0.109 seconds
[2026-04-01T09:59:22.034+0000] {processor.py:161} INFO - Started process (PID=42062) to work on /opt/airflow/dags/isr_pipeline.py
[2026-04-01T09:59:22.036+0000] {processor.py:830} INFO - Processing file /opt/airflow/dags/isr_pipeline.py for tasks to queue
[2026-04-01T09:59:22.039+0000] {logging_mixin.py:188} INFO - [2026-04-01T09:59:22.038+0000] {dagbag.py:540} INFO - Filling up the DagBag from /opt/airflow/dags/isr_pipeline.py
[2026-04-01T09:59:22.057+0000] {processor.py:840} INFO - DAG(s) 'isr_pipeline' retrieved from /opt/airflow/dags/isr_pipeline.py
[2026-04-01T09:59:22.138+0000] {logging_mixin.py:188} INFO - [2026-04-01T09:59:22.137+0000] {dag.py:3096} INFO - Sync 1 DAGs
[2026-04-01T09:59:22.263+0000] {processor.py:183} INFO - Processing /opt/airflow/dags/isr_pipeline.py took 0.241 seconds
[2026-04-01T09:59:52.334+0000] {processor.py:161} INFO - Started process (PID=42067) to work on /opt/airflow/dags/isr_pipeline.py
[2026-04-01T09:59:52.335+0000] {processor.py:830} INFO - Processing file /opt/airflow/dags/isr_pipeline.py for tasks to queue
[2026-04-01T09:59:52.336+0000] {logging_mixin.py:188} INFO - [2026-04-01T09:59:52.336+0000] {dagbag.py:540} INFO - Filling up the DagBag from /opt/airflow/dags/isr_pipeline.py
[2026-04-01T09:59:52.354+0000] {processor.py:840} INFO - DAG(s) 'isr_pipeline' retrieved from /opt/airflow/dags/isr_pipeline.py
[2026-04-01T09:59:52.393+0000] {logging_mixin.py:188} INFO - [2026-04-01T09:59:52.392+0000] {dag.py:3096} INFO - Sync 1 DAGs
[2026-04-01T09:59:52.437+0000] {processor.py:183} INFO - Processing /opt/airflow/dags/isr_pipeline.py took 0.112 seconds
[2026-04-01T10:00:22.683+0000] {processor.py:161} INFO - Started process (PID=42072) to work on /opt/airflow/dags/isr_pipeline.py
[2026-04-01T10:00:22.685+0000] {processor.py:830} INFO - Processing file /opt/airflow/dags/isr_pipeline.py for tasks to queue
[2026-04-01T10:00:22.687+0000] {logging_mixin.py:188} INFO - [2026-04-01T10:00:22.686+0000] {dagbag.py:540} INFO - Filling up the DagBag from /opt/airflow/dags/isr_pipeline.py
[2026-04-01T10:00:22.707+0000] {processor.py:840} INFO - DAG(s) 'isr_pipeline' retrieved from /opt/airflow/dags/isr_pipeline.py
[2026-04-01T10:00:22.745+0000] {logging_mixin.py:188} INFO - [2026-04-01T10:00:22.744+0000] {dag.py:3096} INFO - Sync 1 DAGs
[2026-04-01T10:00:22.792+0000] {processor.py:183} INFO - Processing /opt/airflow/dags/isr_pipeline.py took 0.117 seconds
[2026-04-01T10:00:52.920+0000] {processor.py:161} INFO - Started process (PID=42077) to work on /opt/airflow/dags/isr_pipeline.py
[2026-04-01T10:00:52.922+0000] {processor.py:830} INFO - Processing file /opt/airflow/dags/isr_pipeline.py for tasks to queue
[2026-04-01T10:00:52.923+0000] {logging_mixin.py:188} INFO - [2026-04-01T10:00:52.923+0000] {dagbag.py:540} INFO - Filling up the DagBag from /opt/airflow/dags/isr_pipeline.py
[2026-04-01T10:00:52.944+0000] {processor.py:840} INFO - DAG(s) 'isr_pipeline' retrieved from /opt/airflow/dags/isr_pipeline.py
[2026-04-01T10:00:52.982+0000] {logging_mixin.py:188} INFO - [2026-04-01T10:00:52.981+0000] {dag.py:3096} INFO - Sync 1 DAGs
[2026-04-01T10:00:53.031+0000] {processor.py:183} INFO - Processing /opt/airflow/dags/isr_pipeline.py took 0.120 seconds
[2026-04-01T10:01:23.261+0000] {processor.py:161} INFO - Started process (PID=42082) to work on /opt/airflow/dags/isr_pipeline.py
[2026-04-01T10:01:23.262+0000] {processor.py:830} INFO - Processing file /opt/airflow/dags/isr_pipeline.py for tasks to queue
[2026-04-01T10:01:23.263+0000] {logging_mixin.py:188} INFO - [2026-04-01T10:01:23.263+0000] {dagbag.py:540} INFO - Filling up the DagBag from /opt/airflow/dags/isr_pipeline.py
[2026-04-01T10:01:23.282+0000] {processor.py:840} INFO - DAG(s) 'isr_pipeline' retrieved from /opt/airflow/dags/isr_pipeline.py
[2026-04-01T10:01:23.323+0000] {logging_mixin.py:188} INFO - [2026-04-01T10:01:23.323+0000] {dag.py:3096} INFO - Sync 1 DAGs
[2026-04-01T10:01:23.369+0000] {processor.py:183} INFO - Processing /opt/airflow/dags/isr_pipeline.py took 0.115 seconds
[2026-04-01T10:01:53.476+0000] {processor.py:161} INFO - Started process (PID=42087) to work on /opt/airflow/dags/isr_pipeline.py
[2026-04-01T10:01:53.478+0000] {processor.py:830} INFO - Processing file /opt/airflow/dags/isr_pipeline.py for tasks to queue
[2026-04-01T10:01:53.480+0000] {logging_mixin.py:188} INFO - [2026-04-01T10:01:53.480+0000] {dagbag.py:540} INFO - Filling up the DagBag from /opt/airflow/dags/isr_pipeline.py
[2026-04-01T10:01:53.503+0000] {processor.py:840} INFO - DAG(s) 'isr_pipeline' retrieved from /opt/airflow/dags/isr_pipeline.py
[2026-04-01T10:01:53.546+0000] {logging_mixin.py:188} INFO - [2026-04-01T10:01:53.545+0000] {dag.py:3096} INFO - Sync 1 DAGs
[2026-04-01T10:01:53.590+0000] {processor.py:183} INFO - Processing /opt/airflow/dags/isr_pipeline.py took 0.123 seconds
[2026-04-01T10:02:23.778+0000] {processor.py:161} INFO - Started process (PID=42092) to work on /opt/airflow/dags/isr_pipeline.py
[2026-04-01T10:02:23.779+0000] {processor.py:830} INFO - Processing file /opt/airflow/dags/isr_pipeline.py for tasks to queue
[2026-04-01T10:02:23.781+0000] {logging_mixin.py:188} INFO - [2026-04-01T10:02:23.780+0000] {dagbag.py:540} INFO - Filling up the DagBag from /opt/airflow/dags/isr_pipeline.py
[2026-04-01T10:02:23.803+0000] {processor.py:840} INFO - DAG(s) 'isr_pipeline' retrieved from /opt/airflow/dags/isr_pipeline.py
[2026-04-01T10:02:23.840+0000] {logging_mixin.py:188} INFO - [2026-04-01T10:02:23.839+0000] {dag.py:3096} INFO - Sync 1 DAGs
[2026-04-01T10:02:23.888+0000] {processor.py:183} INFO - Processing /opt/airflow/dags/isr_pipeline.py took 0.118 seconds
[2026-04-01T10:02:54.012+0000] {processor.py:161} INFO - Started process (PID=42097) to work on /opt/airflow/dags/isr_pipeline.py
[2026-04-01T10:02:54.014+0000] {processor.py:830} INFO - Processing file /opt/airflow/dags/isr_pipeline.py for tasks to queue
[2026-04-01T10:02:54.018+0000] {logging_mixin.py:188} INFO - [2026-04-01T10:02:54.016+0000] {dagbag.py:540} INFO - Filling up the DagBag from /opt/airflow/dags/isr_pipeline.py
[2026-04-01T10:02:54.050+0000] {processor.py:840} INFO - DAG(s) 'isr_pipeline' retrieved from /opt/airflow/dags/isr_pipeline.py
[2026-04-01T10:02:54.104+0000] {logging_mixin.py:188} INFO - [2026-04-01T10:02:54.104+0000] {dag.py:3096} INFO - Sync 1 DAGs
[2026-04-01T10:02:54.166+0000] {processor.py:183} INFO - Processing /opt/airflow/dags/isr_pipeline.py took 0.173 seconds
[2026-04-01T10:03:24.258+0000] {processor.py:161} INFO - Started process (PID=42102) to work on /opt/airflow/dags/isr_pipeline.py
[2026-04-01T10:03:24.259+0000] {processor.py:830} INFO - Processing file /opt/airflow/dags/isr_pipeline.py for tasks to queue
[2026-04-01T10:03:24.261+0000] {logging_mixin.py:188} INFO - [2026-04-01T10:03:24.260+0000] {dagbag.py:540} INFO - Filling up the DagBag from /opt/airflow/dags/isr_pipeline.py
[2026-04-01T10:03:24.280+0000] {processor.py:840} INFO - DAG(s) 'isr_pipeline' retrieved from /opt/airflow/dags/isr_pipeline.py
[2026-04-01T10:03:24.318+0000] {logging_mixin.py:188} INFO - [2026-04-01T10:03:24.318+0000] {dag.py:3096} INFO - Sync 1 DAGs
[2026-04-01T10:03:24.364+0000] {processor.py:183} INFO - Processing /opt/airflow/dags/isr_pipeline.py took 0.113 seconds
[2026-04-01T10:03:54.486+0000] {processor.py:161} INFO - Started process (PID=42107) to work on /opt/airflow/dags/isr_pipeline.py
[2026-04-01T10:03:54.487+0000] {processor.py:830} INFO - Processing file /opt/airflow/dags/isr_pipeline.py for tasks to queue
[2026-04-01T10:03:54.489+0000] {logging_mixin.py:188} INFO - [2026-04-01T10:03:54.489+0000] {dagbag.py:540} INFO - Filling up the DagBag from /opt/airflow/dags/isr_pipeline.py
[2026-04-01T10:03:54.507+0000] {processor.py:840} INFO - DAG(s) 'isr_pipeline' retrieved from /opt/airflow/dags/isr_pipeline.py
[2026-04-01T10:03:54.544+0000] {logging_mixin.py:188} INFO - [2026-04-01T10:03:54.544+0000] {dag.py:3096} INFO - Sync 1 DAGs
[2026-04-01T10:03:54.585+0000] {processor.py:183} INFO - Processing /opt/airflow/dags/isr_pipeline.py took 0.108 seconds
[2026-04-01T10:04:24.719+0000] {processor.py:161} INFO - Started process (PID=42112) to work on /opt/airflow/dags/isr_pipeline.py
[2026-04-01T10:04:24.720+0000] {processor.py:830} INFO - Processing file /opt/airflow/dags/isr_pipeline.py for tasks to queue
[2026-04-01T10:04:24.722+0000] {logging_mixin.py:188} INFO - [2026-04-01T10:04:24.722+0000] {dagbag.py:540} INFO - Filling up the DagBag from /opt/airflow/dags/isr_pipeline.py
[2026-04-01T10:04:24.740+0000] {processor.py:840} INFO - DAG(s) 'isr_pipeline' retrieved from /opt/airflow/dags/isr_pipeline.py
[2026-04-01T10:04:24.777+0000] {logging_mixin.py:188} INFO - [2026-04-01T10:04:24.776+0000] {dag.py:3096} INFO - Sync 1 DAGs
[2026-04-01T10:04:24.819+0000] {processor.py:183} INFO - Processing /opt/airflow/dags/isr_pipeline.py took 0.107 seconds
[2026-04-01T10:04:54.910+0000] {processor.py:161} INFO - Started process (PID=42117) to work on /opt/airflow/dags/isr_pipeline.py
[2026-04-01T10:04:54.911+0000] {processor.py:830} INFO - Processing file /opt/airflow/dags/isr_pipeline.py for tasks to queue
[2026-04-01T10:04:54.913+0000] {logging_mixin.py:188} INFO - [2026-04-01T10:04:54.912+0000] {dagbag.py:540} INFO - Filling up the DagBag from /opt/airflow/dags/isr_pipeline.py
[2026-04-01T10:04:54.931+0000] {processor.py:840} INFO - DAG(s) 'isr_pipeline' retrieved from /opt/airflow/dags/isr_pipeline.py
[2026-04-01T10:04:54.970+0000] {logging_mixin.py:188} INFO - [2026-04-01T10:04:54.970+0000] {dag.py:3096} INFO - Sync 1 DAGs
[2026-04-01T10:04:55.014+0000] {processor.py:183} INFO - Processing /opt/airflow/dags/isr_pipeline.py took 0.112 seconds
[2026-04-01T10:05:25.155+0000] {processor.py:161} INFO - Started process (PID=42122) to work on /opt/airflow/dags/isr_pipeline.py
[2026-04-01T10:05:25.156+0000] {processor.py:830} INFO - Processing file /opt/airflow/dags/isr_pipeline.py for tasks to queue
[2026-04-01T10:05:25.158+0000] {logging_mixin.py:188} INFO - [2026-04-01T10:05:25.157+0000] {dagbag.py:540} INFO - Filling up the DagBag from /opt/airflow/dags/isr_pipeline.py
[2026-04-01T10:05:25.174+0000] {processor.py:840} INFO - DAG(s) 'isr_pipeline' retrieved from /opt/airflow/dags/isr_pipeline.py
[2026-04-01T10:05:25.210+0000] {logging_mixin.py:188} INFO - [2026-04-01T10:05:25.210+0000] {dag.py:3096} INFO - Sync 1 DAGs
[2026-04-01T10:05:25.252+0000] {processor.py:183} INFO - Processing /opt/airflow/dags/isr_pipeline.py took 0.104 seconds
[2026-04-01T10:05:55.323+0000] {processor.py:161} INFO - Started process (PID=42127) to work on /opt/airflow/dags/isr_pipeline.py
[2026-04-01T10:05:55.324+0000] {processor.py:830} INFO - Processing file /opt/airflow/dags/isr_pipeline.py for tasks to queue
[2026-04-01T10:05:55.326+0000] {logging_mixin.py:188} INFO - [2026-04-01T10:05:55.325+0000] {dagbag.py:540} INFO - Filling up the DagBag from /opt/airflow/dags/isr_pipeline.py
[2026-04-01T10:05:55.343+0000] {processor.py:840} INFO - DAG(s) 'isr_pipeline' retrieved from /opt/airflow/dags/isr_pipeline.py
[2026-04-01T10:05:55.381+0000] {logging_mixin.py:188} INFO - [2026-04-01T10:05:55.381+0000] {dag.py:3096} INFO - Sync 1 DAGs
[2026-04-01T10:05:55.424+0000] {processor.py:183} INFO - Processing /opt/airflow/dags/isr_pipeline.py took 0.110 seconds
[2026-04-01T10:06:25.583+0000] {processor.py:161} INFO - Started process (PID=42132) to work on /opt/airflow/dags/isr_pipeline.py
[2026-04-01T10:06:25.585+0000] {processor.py:830} INFO - Processing file /opt/airflow/dags/isr_pipeline.py for tasks to queue
[2026-04-01T10:06:25.586+0000] {logging_mixin.py:188} INFO - [2026-04-01T10:06:25.586+0000] {dagbag.py:540} INFO - Filling up the DagBag from /opt/airflow/dags/isr_pipeline.py
[2026-04-01T10:06:25.603+0000] {processor.py:840} INFO - DAG(s) 'isr_pipeline' retrieved from /opt/airflow/dags/isr_pipeline.py
[2026-04-01T10:06:25.639+0000] {logging_mixin.py:188} INFO - [2026-04-01T10:06:25.639+0000] {dag.py:3096} INFO - Sync 1 DAGs
[2026-04-01T10:06:25.681+0000] {processor.py:183} INFO - Processing /opt/airflow/dags/isr_pipeline.py took 0.106 seconds
[2026-04-01T10:06:55.730+0000] {processor.py:161} INFO - Started process (PID=42137) to work on /opt/airflow/dags/isr_pipeline.py
[2026-04-01T10:06:55.732+0000] {processor.py:830} INFO - Processing file /opt/airflow/dags/isr_pipeline.py for tasks to queue
[2026-04-01T10:06:55.734+0000] {logging_mixin.py:188} INFO - [2026-04-01T10:06:55.734+0000] {dagbag.py:540} INFO - Filling up the DagBag from /opt/airflow/dags/isr_pipeline.py
[2026-04-01T10:06:55.753+0000] {processor.py:840} INFO - DAG(s) 'isr_pipeline' retrieved from /opt/airflow/dags/isr_pipeline.py
[2026-04-01T10:06:55.791+0000] {logging_mixin.py:188} INFO - [2026-04-01T10:06:55.791+0000] {dag.py:3096} INFO - Sync 1 DAGs
[2026-04-01T10:06:55.835+0000] {processor.py:183} INFO - Processing /opt/airflow/dags/isr_pipeline.py took 0.112 seconds
[2026-04-01T10:07:25.997+0000] {processor.py:161} INFO - Started process (PID=42142) to work on /opt/airflow/dags/isr_pipeline.py
[2026-04-01T10:07:25.998+0000] {processor.py:830} INFO - Processing file /opt/airflow/dags/isr_pipeline.py for tasks to queue
[2026-04-01T10:07:26.000+0000] {logging_mixin.py:188} INFO - [2026-04-01T10:07:25.999+0000] {dagbag.py:540} INFO - Filling up the DagBag from /opt/airflow/dags/isr_pipeline.py
[2026-04-01T10:07:26.024+0000] {processor.py:840} INFO - DAG(s) 'isr_pipeline' retrieved from /opt/airflow/dags/isr_pipeline.py
[2026-04-01T10:07:26.164+0000] {logging_mixin.py:188} INFO - [2026-04-01T10:07:26.163+0000] {dag.py:3096} INFO - Sync 1 DAGs
[2026-04-01T10:07:26.218+0000] {processor.py:183} INFO - Processing /opt/airflow/dags/isr_pipeline.py took 0.229 seconds
[2026-04-01T10:07:56.390+0000] {processor.py:161} INFO - Started process (PID=42147) to work on /opt/airflow/dags/isr_pipeline.py
[2026-04-01T10:07:56.391+0000] {processor.py:830} INFO - Processing file /opt/airflow/dags/isr_pipeline.py for tasks to queue
[2026-04-01T10:07:56.393+0000] {logging_mixin.py:188} INFO - [2026-04-01T10:07:56.392+0000] {dagbag.py:540} INFO - Filling up the DagBag from /opt/airflow/dags/isr_pipeline.py
[2026-04-01T10:07:56.411+0000] {processor.py:840} INFO - DAG(s) 'isr_pipeline' retrieved from /opt/airflow/dags/isr_pipeline.py
[2026-04-01T10:07:56.451+0000] {logging_mixin.py:188} INFO - [2026-04-01T10:07:56.451+0000] {dag.py:3096} INFO - Sync 1 DAGs
[2026-04-01T10:07:56.501+0000] {processor.py:183} INFO - Processing /opt/airflow/dags/isr_pipeline.py took 0.120 seconds
[2026-04-01T10:08:26.704+0000] {processor.py:161} INFO - Started process (PID=42152) to work on /opt/airflow/dags/isr_pipeline.py
[2026-04-01T10:08:26.706+0000] {processor.py:830} INFO - Processing file /opt/airflow/dags/isr_pipeline.py for tasks to queue
[2026-04-01T10:08:26.707+0000] {logging_mixin.py:188} INFO - [2026-04-01T10:08:26.707+0000] {dagbag.py:540} INFO - Filling up the DagBag from /opt/airflow/dags/isr_pipeline.py
[2026-04-01T10:08:26.725+0000] {processor.py:840} INFO - DAG(s) 'isr_pipeline' retrieved from /opt/airflow/dags/isr_pipeline.py
[2026-04-01T10:08:26.763+0000] {logging_mixin.py:188} INFO - [2026-04-01T10:08:26.763+0000] {dag.py:3096} INFO - Sync 1 DAGs
[2026-04-01T10:08:26.806+0000] {processor.py:183} INFO - Processing /opt/airflow/dags/isr_pipeline.py took 0.109 seconds
[2026-04-01T10:08:56.868+0000] {processor.py:161} INFO - Started process (PID=42157) to work on /opt/airflow/dags/isr_pipeline.py
[2026-04-01T10:08:56.869+0000] {processor.py:830} INFO - Processing file /opt/airflow/dags/isr_pipeline.py for tasks to queue
[2026-04-01T10:08:56.871+0000] {logging_mixin.py:188} INFO - [2026-04-01T10:08:56.870+0000] {dagbag.py:540} INFO - Filling up the DagBag from /opt/airflow/dags/isr_pipeline.py
[2026-04-01T10:08:56.889+0000] {processor.py:840} INFO - DAG(s) 'isr_pipeline' retrieved from /opt/airflow/dags/isr_pipeline.py
[2026-04-01T10:08:56.927+0000] {logging_mixin.py:188} INFO - [2026-04-01T10:08:56.926+0000] {dag.py:3096} INFO - Sync 1 DAGs
[2026-04-01T10:08:56.972+0000] {processor.py:183} INFO - Processing /opt/airflow/dags/isr_pipeline.py took 0.113 seconds
[2026-04-01T10:09:27.163+0000] {processor.py:161} INFO - Started process (PID=42162) to work on /opt/airflow/dags/isr_pipeline.py
[2026-04-01T10:09:27.165+0000] {processor.py:830} INFO - Processing file /opt/airflow/dags/isr_pipeline.py for tasks to queue
[2026-04-01T10:09:27.166+0000] {logging_mixin.py:188} INFO - [2026-04-01T10:09:27.166+0000] {dagbag.py:540} INFO - Filling up the DagBag from /opt/airflow/dags/isr_pipeline.py
[2026-04-01T10:09:27.183+0000] {processor.py:840} INFO - DAG(s) 'isr_pipeline' retrieved from /opt/airflow/dags/isr_pipeline.py
[2026-04-01T10:09:27.219+0000] {logging_mixin.py:188} INFO - [2026-04-01T10:09:27.218+0000] {dag.py:3096} INFO - Sync 1 DAGs
[2026-04-01T10:09:27.259+0000] {processor.py:183} INFO - Processing /opt/airflow/dags/isr_pipeline.py took 0.103 seconds
[2026-04-01T10:09:57.343+0000] {processor.py:161} INFO - Started process (PID=42167) to work on /opt/airflow/dags/isr_pipeline.py
[2026-04-01T10:09:57.344+0000] {processor.py:830} INFO - Processing file /opt/airflow/dags/isr_pipeline.py for tasks to queue
[2026-04-01T10:09:57.346+0000] {logging_mixin.py:188} INFO - [2026-04-01T10:09:57.345+0000] {dagbag.py:540} INFO - Filling up the DagBag from /opt/airflow/dags/isr_pipeline.py
[2026-04-01T10:09:57.363+0000] {processor.py:840} INFO - DAG(s) 'isr_pipeline' retrieved from /opt/airflow/dags/isr_pipeline.py
[2026-04-01T10:09:57.402+0000] {logging_mixin.py:188} INFO - [2026-04-01T10:09:57.402+0000] {dag.py:3096} INFO - Sync 1 DAGs
[2026-04-01T10:09:57.449+0000] {processor.py:183} INFO - Processing /opt/airflow/dags/isr_pipeline.py took 0.114 seconds
[2026-04-01T10:10:27.613+0000] {processor.py:161} INFO - Started process (PID=42172) to work on /opt/airflow/dags/isr_pipeline.py
[2026-04-01T10:10:27.614+0000] {processor.py:830} INFO - Processing file /opt/airflow/dags/isr_pipeline.py for tasks to queue
[2026-04-01T10:10:27.616+0000] {logging_mixin.py:188} INFO - [2026-04-01T10:10:27.615+0000] {dagbag.py:540} INFO - Filling up the DagBag from /opt/airflow/dags/isr_pipeline.py
[2026-04-01T10:10:27.633+0000] {processor.py:840} INFO - DAG(s) 'isr_pipeline' retrieved from /opt/airflow/dags/isr_pipeline.py
[2026-04-01T10:10:27.670+0000] {logging_mixin.py:188} INFO - [2026-04-01T10:10:27.670+0000] {dag.py:3096} INFO - Sync 1 DAGs
[2026-04-01T10:10:27.714+0000] {processor.py:183} INFO - Processing /opt/airflow/dags/isr_pipeline.py took 0.109 seconds
[2026-04-01T10:10:57.768+0000] {processor.py:161} INFO - Started process (PID=42177) to work on /opt/airflow/dags/isr_pipeline.py
[2026-04-01T10:10:57.769+0000] {processor.py:830} INFO - Processing file /opt/airflow/dags/isr_pipeline.py for tasks to queue
[2026-04-01T10:10:57.771+0000] {logging_mixin.py:188} INFO - [2026-04-01T10:10:57.770+0000] {dagbag.py:540} INFO - Filling up the DagBag from /opt/airflow/dags/isr_pipeline.py
[2026-04-01T10:10:57.789+0000] {processor.py:840} INFO - DAG(s) 'isr_pipeline' retrieved from /opt/airflow/dags/isr_pipeline.py
[2026-04-01T10:10:57.831+0000] {logging_mixin.py:188} INFO - [2026-04-01T10:10:57.830+0000] {dag.py:3096} INFO - Sync 1 DAGs
[2026-04-01T10:10:57.878+0000] {processor.py:183} INFO - Processing /opt/airflow/dags/isr_pipeline.py took 0.119 seconds
[2026-04-01T10:11:28.049+0000] {processor.py:161} INFO - Started process (PID=42182) to work on /opt/airflow/dags/isr_pipeline.py
[2026-04-01T10:11:28.051+0000] {processor.py:830} INFO - Processing file /opt/airflow/dags/isr_pipeline.py for tasks to queue
[2026-04-01T10:11:28.052+0000] {logging_mixin.py:188} INFO - [2026-04-01T10:11:28.052+0000] {dagbag.py:540} INFO - Filling up the DagBag from /opt/airflow/dags/isr_pipeline.py
[2026-04-01T10:11:28.070+0000] {processor.py:840} INFO - DAG(s) 'isr_pipeline' retrieved from /opt/airflow/dags/isr_pipeline.py
[2026-04-01T10:11:28.107+0000] {logging_mixin.py:188} INFO - [2026-04-01T10:11:28.106+0000] {dag.py:3096} INFO - Sync 1 DAGs
[2026-04-01T10:11:28.212+0000] {processor.py:183} INFO - Processing /opt/airflow/dags/isr_pipeline.py took 0.171 seconds
[2026-04-01T10:11:58.398+0000] {processor.py:161} INFO - Started process (PID=42187) to work on /opt/airflow/dags/isr_pipeline.py
[2026-04-01T10:11:58.400+0000] {processor.py:830} INFO - Processing file /opt/airflow/dags/isr_pipeline.py for tasks to queue
[2026-04-01T10:11:58.402+0000] {logging_mixin.py:188} INFO - [2026-04-01T10:11:58.401+0000] {dagbag.py:540} INFO - Filling up the DagBag from /opt/airflow/dags/isr_pipeline.py
[2026-04-01T10:11:58.419+0000] {processor.py:840} INFO - DAG(s) 'isr_pipeline' retrieved from /opt/airflow/dags/isr_pipeline.py
[2026-04-01T10:11:58.457+0000] {logging_mixin.py:188} INFO - [2026-04-01T10:11:58.457+0000] {dag.py:3096} INFO - Sync 1 DAGs
[2026-04-01T10:11:58.500+0000] {processor.py:183} INFO - Processing /opt/airflow/dags/isr_pipeline.py took 0.110 seconds
[2026-04-01T10:12:28.560+0000] {processor.py:161} INFO - Started process (PID=42192) to work on /opt/airflow/dags/isr_pipeline.py
[2026-04-01T10:12:28.562+0000] {processor.py:830} INFO - Processing file /opt/airflow/dags/isr_pipeline.py for tasks to queue
[2026-04-01T10:12:28.564+0000] {logging_mixin.py:188} INFO - [2026-04-01T10:12:28.563+0000] {dagbag.py:540} INFO - Filling up the DagBag from /opt/airflow/dags/isr_pipeline.py
[2026-04-01T10:12:28.582+0000] {processor.py:840} INFO - DAG(s) 'isr_pipeline' retrieved from /opt/airflow/dags/isr_pipeline.py
[2026-04-01T10:12:28.619+0000] {logging_mixin.py:188} INFO - [2026-04-01T10:12:28.619+0000] {dag.py:3096} INFO - Sync 1 DAGs
[2026-04-01T10:12:28.661+0000] {processor.py:183} INFO - Processing /opt/airflow/dags/isr_pipeline.py took 0.109 seconds
[2026-04-01T10:12:58.827+0000] {processor.py:161} INFO - Started process (PID=42197) to work on /opt/airflow/dags/isr_pipeline.py
[2026-04-01T10:12:58.829+0000] {processor.py:830} INFO - Processing file /opt/airflow/dags/isr_pipeline.py for tasks to queue
[2026-04-01T10:12:58.830+0000] {logging_mixin.py:188} INFO - [2026-04-01T10:12:58.829+0000] {dagbag.py:540} INFO - Filling up the DagBag from /opt/airflow/dags/isr_pipeline.py
[2026-04-01T10:12:58.847+0000] {processor.py:840} INFO - DAG(s) 'isr_pipeline' retrieved from /opt/airflow/dags/isr_pipeline.py
[2026-04-01T10:12:58.884+0000] {logging_mixin.py:188} INFO - [2026-04-01T10:12:58.883+0000] {dag.py:3096} INFO - Sync 1 DAGs
[2026-04-01T10:12:58.926+0000] {processor.py:183} INFO - Processing /opt/airflow/dags/isr_pipeline.py took 0.107 seconds
[2026-04-01T10:13:29.030+0000] {processor.py:161} INFO - Started process (PID=42202) to work on /opt/airflow/dags/isr_pipeline.py
[2026-04-01T10:13:29.031+0000] {processor.py:830} INFO - Processing file /opt/airflow/dags/isr_pipeline.py for tasks to queue
[2026-04-01T10:13:29.033+0000] {logging_mixin.py:188} INFO - [2026-04-01T10:13:29.032+0000] {dagbag.py:540} INFO - Filling up the DagBag from /opt/airflow/dags/isr_pipeline.py
[2026-04-01T10:13:29.050+0000] {processor.py:840} INFO - DAG(s) 'isr_pipeline' retrieved from /opt/airflow/dags/isr_pipeline.py
[2026-04-01T10:13:29.088+0000] {logging_mixin.py:188} INFO - [2026-04-01T10:13:29.088+0000] {dag.py:3096} INFO - Sync 1 DAGs
[2026-04-01T10:13:29.131+0000] {processor.py:183} INFO - Processing /opt/airflow/dags/isr_pipeline.py took 0.109 seconds
[2026-04-01T10:13:59.243+0000] {processor.py:161} INFO - Started process (PID=42207) to work on /opt/airflow/dags/isr_pipeline.py
[2026-04-01T10:13:59.244+0000] {processor.py:830} INFO - Processing file /opt/airflow/dags/isr_pipeline.py for tasks to queue
[2026-04-01T10:13:59.246+0000] {logging_mixin.py:188} INFO - [2026-04-01T10:13:59.246+0000] {dagbag.py:540} INFO - Filling up the DagBag from /opt/airflow/dags/isr_pipeline.py
[2026-04-01T10:13:59.263+0000] {processor.py:840} INFO - DAG(s) 'isr_pipeline' retrieved from /opt/airflow/dags/isr_pipeline.py
[2026-04-01T10:13:59.301+0000] {logging_mixin.py:188} INFO - [2026-04-01T10:13:59.301+0000] {dag.py:3096} INFO - Sync 1 DAGs
[2026-04-01T10:13:59.343+0000] {processor.py:183} INFO - Processing /opt/airflow/dags/isr_pipeline.py took 0.108 seconds
[2026-04-01T10:14:29.475+0000] {processor.py:161} INFO - Started process (PID=42212) to work on /opt/airflow/dags/isr_pipeline.py
[2026-04-01T10:14:29.476+0000] {processor.py:830} INFO - Processing file /opt/airflow/dags/isr_pipeline.py for tasks to queue
[2026-04-01T10:14:29.478+0000] {logging_mixin.py:188} INFO - [2026-04-01T10:14:29.478+0000] {dagbag.py:540} INFO - Filling up the DagBag from /opt/airflow/dags/isr_pipeline.py
[2026-04-01T10:14:29.496+0000] {processor.py:840} INFO - DAG(s) 'isr_pipeline' retrieved from /opt/airflow/dags/isr_pipeline.py
[2026-04-01T10:14:29.532+0000] {logging_mixin.py:188} INFO - [2026-04-01T10:14:29.532+0000] {dag.py:3096} INFO - Sync 1 DAGs
[2026-04-01T10:14:29.573+0000] {processor.py:183} INFO - Processing /opt/airflow/dags/isr_pipeline.py took 0.106 seconds
[2026-04-01T10:14:59.700+0000] {processor.py:161} INFO - Started process (PID=42217) to work on /opt/airflow/dags/isr_pipeline.py
[2026-04-01T10:14:59.701+0000] {processor.py:830} INFO - Processing file /opt/airflow/dags/isr_pipeline.py for tasks to queue
[2026-04-01T10:14:59.702+0000] {logging_mixin.py:188} INFO - [2026-04-01T10:14:59.702+0000] {dagbag.py:540} INFO - Filling up the DagBag from /opt/airflow/dags/isr_pipeline.py
[2026-04-01T10:14:59.721+0000] {processor.py:840} INFO - DAG(s) 'isr_pipeline' retrieved from /opt/airflow/dags/isr_pipeline.py
[2026-04-01T10:14:59.763+0000] {logging_mixin.py:188} INFO - [2026-04-01T10:14:59.763+0000] {dag.py:3096} INFO - Sync 1 DAGs
[2026-04-01T10:14:59.806+0000] {processor.py:183} INFO - Processing /opt/airflow/dags/isr_pipeline.py took 0.114 seconds
[2026-04-01T10:15:29.906+0000] {processor.py:161} INFO - Started process (PID=42222) to work on /opt/airflow/dags/isr_pipeline.py
[2026-04-01T10:15:29.908+0000] {processor.py:830} INFO - Processing file /opt/airflow/dags/isr_pipeline.py for tasks to queue
[2026-04-01T10:15:29.909+0000] {logging_mixin.py:188} INFO - [2026-04-01T10:15:29.908+0000] {dagbag.py:540} INFO - Filling up the DagBag from /opt/airflow/dags/isr_pipeline.py
[2026-04-01T10:15:29.926+0000] {processor.py:840} INFO - DAG(s) 'isr_pipeline' retrieved from /opt/airflow/dags/isr_pipeline.py
[2026-04-01T10:15:29.963+0000] {logging_mixin.py:188} INFO - [2026-04-01T10:15:29.963+0000] {dag.py:3096} INFO - Sync 1 DAGs
[2026-04-01T10:15:30.006+0000] {processor.py:183} INFO - Processing /opt/airflow/dags/isr_pipeline.py took 0.108 seconds
[2026-04-01T10:16:00.142+0000] {processor.py:161} INFO - Started process (PID=42227) to work on /opt/airflow/dags/isr_pipeline.py
[2026-04-01T10:16:00.144+0000] {processor.py:830} INFO - Processing file /opt/airflow/dags/isr_pipeline.py for tasks to queue
[2026-04-01T10:16:00.145+0000] {logging_mixin.py:188} INFO - [2026-04-01T10:16:00.145+0000] {dagbag.py:540} INFO - Filling up the DagBag from /opt/airflow/dags/isr_pipeline.py
[2026-04-01T10:16:00.162+0000] {processor.py:840} INFO - DAG(s) 'isr_pipeline' retrieved from /opt/airflow/dags/isr_pipeline.py
[2026-04-01T10:16:00.197+0000] {logging_mixin.py:188} INFO - [2026-04-01T10:16:00.197+0000] {dag.py:3096} INFO - Sync 1 DAGs
[2026-04-01T10:16:00.239+0000] {processor.py:183} INFO - Processing /opt/airflow/dags/isr_pipeline.py took 0.104 seconds
[2026-04-01T10:16:30.349+0000] {processor.py:161} INFO - Started process (PID=42232) to work on /opt/airflow/dags/isr_pipeline.py
[2026-04-01T10:16:30.351+0000] {processor.py:830} INFO - Processing file /opt/airflow/dags/isr_pipeline.py for tasks to queue
[2026-04-01T10:16:30.352+0000] {logging_mixin.py:188} INFO - [2026-04-01T10:16:30.352+0000] {dagbag.py:540} INFO - Filling up the DagBag from /opt/airflow/dags/isr_pipeline.py
[2026-04-01T10:16:30.370+0000] {processor.py:840} INFO - DAG(s) 'isr_pipeline' retrieved from /opt/airflow/dags/isr_pipeline.py
[2026-04-01T10:16:30.408+0000] {logging_mixin.py:188} INFO - [2026-04-01T10:16:30.408+0000] {dag.py:3096} INFO - Sync 1 DAGs
[2026-04-01T10:16:30.451+0000] {processor.py:183} INFO - Processing /opt/airflow/dags/isr_pipeline.py took 0.110 seconds
[2026-04-01T10:17:00.527+0000] {processor.py:161} INFO - Started process (PID=42237) to work on /opt/airflow/dags/isr_pipeline.py
[2026-04-01T10:17:00.528+0000] {processor.py:830} INFO - Processing file /opt/airflow/dags/isr_pipeline.py for tasks to queue
[2026-04-01T10:17:00.530+0000] {logging_mixin.py:188} INFO - [2026-04-01T10:17:00.529+0000] {dagbag.py:540} INFO - Filling up the DagBag from /opt/airflow/dags/isr_pipeline.py
[2026-04-01T10:17:00.553+0000] {processor.py:840} INFO - DAG(s) 'isr_pipeline' retrieved from /opt/airflow/dags/isr_pipeline.py
[2026-04-01T10:17:00.595+0000] {logging_mixin.py:188} INFO - [2026-04-01T10:17:00.594+0000] {dag.py:3096} INFO - Sync 1 DAGs
[2026-04-01T10:17:00.640+0000] {processor.py:183} INFO - Processing /opt/airflow/dags/isr_pipeline.py took 0.120 seconds
[2026-04-01T10:17:30.854+0000] {processor.py:161} INFO - Started process (PID=42242) to work on /opt/airflow/dags/isr_pipeline.py
[2026-04-01T10:17:30.856+0000] {processor.py:830} INFO - Processing file /opt/airflow/dags/isr_pipeline.py for tasks to queue
[2026-04-01T10:17:30.858+0000] {logging_mixin.py:188} INFO - [2026-04-01T10:17:30.857+0000] {dagbag.py:540} INFO - Filling up the DagBag from /opt/airflow/dags/isr_pipeline.py
[2026-04-01T10:17:30.875+0000] {processor.py:840} INFO - DAG(s) 'isr_pipeline' retrieved from /opt/airflow/dags/isr_pipeline.py
[2026-04-01T10:17:30.917+0000] {logging_mixin.py:188} INFO - [2026-04-01T10:17:30.917+0000] {dag.py:3096} INFO - Sync 1 DAGs
[2026-04-01T10:17:30.966+0000] {processor.py:183} INFO - Processing /opt/airflow/dags/isr_pipeline.py took 0.122 seconds
[2026-04-01T10:18:01.074+0000] {processor.py:161} INFO - Started process (PID=42247) to work on /opt/airflow/dags/isr_pipeline.py
[2026-04-01T10:18:01.075+0000] {processor.py:830} INFO - Processing file /opt/airflow/dags/isr_pipeline.py for tasks to queue
[2026-04-01T10:18:01.076+0000] {logging_mixin.py:188} INFO - [2026-04-01T10:18:01.076+0000] {dagbag.py:540} INFO - Filling up the DagBag from /opt/airflow/dags/isr_pipeline.py
[2026-04-01T10:18:01.095+0000] {processor.py:840} INFO - DAG(s) 'isr_pipeline' retrieved from /opt/airflow/dags/isr_pipeline.py
[2026-04-01T10:18:01.133+0000] {logging_mixin.py:188} INFO - [2026-04-01T10:18:01.133+0000] {dag.py:3096} INFO - Sync 1 DAGs
[2026-04-01T10:18:01.180+0000] {processor.py:183} INFO - Processing /opt/airflow/dags/isr_pipeline.py took 0.114 seconds
[2026-04-01T10:18:31.538+0000] {processor.py:161} INFO - Started process (PID=42252) to work on /opt/airflow/dags/isr_pipeline.py
[2026-04-01T10:18:31.540+0000] {processor.py:830} INFO - Processing file /opt/airflow/dags/isr_pipeline.py for tasks to queue
[2026-04-01T10:18:31.542+0000] {logging_mixin.py:188} INFO - [2026-04-01T10:18:31.541+0000] {dagbag.py:540} INFO - Filling up the DagBag from /opt/airflow/dags/isr_pipeline.py
[2026-04-01T10:18:31.564+0000] {processor.py:840} INFO - DAG(s) 'isr_pipeline' retrieved from /opt/airflow/dags/isr_pipeline.py
[2026-04-01T10:18:31.606+0000] {logging_mixin.py:188} INFO - [2026-04-01T10:18:31.606+0000] {dag.py:3096} INFO - Sync 1 DAGs
[2026-04-01T10:18:31.650+0000] {processor.py:183} INFO - Processing /opt/airflow/dags/isr_pipeline.py took 0.119 seconds
[2026-04-01T10:48:35.595+0000] {processor.py:161} INFO - Started process (PID=42257) to work on /opt/airflow/dags/isr_pipeline.py
[2026-04-01T10:48:35.597+0000] {processor.py:830} INFO - Processing file /opt/airflow/dags/isr_pipeline.py for tasks to queue
[2026-04-01T10:48:35.599+0000] {logging_mixin.py:188} INFO - [2026-04-01T10:48:35.599+0000] {dagbag.py:540} INFO - Filling up the DagBag from /opt/airflow/dags/isr_pipeline.py
[2026-04-01T10:48:35.630+0000] {processor.py:840} INFO - DAG(s) 'isr_pipeline' retrieved from /opt/airflow/dags/isr_pipeline.py
[2026-04-01T10:48:35.678+0000] {logging_mixin.py:188} INFO - [2026-04-01T10:48:35.678+0000] {dag.py:3096} INFO - Sync 1 DAGs
[2026-04-01T10:48:35.829+0000] {processor.py:183} INFO - Processing /opt/airflow/dags/isr_pipeline.py took 0.242 seconds
[2026-04-01T10:49:06.097+0000] {processor.py:161} INFO - Started process (PID=42262) to work on /opt/airflow/dags/isr_pipeline.py
[2026-04-01T10:49:06.102+0000] {processor.py:830} INFO - Processing file /opt/airflow/dags/isr_pipeline.py for tasks to queue
[2026-04-01T10:49:06.114+0000] {logging_mixin.py:188} INFO - [2026-04-01T10:49:06.110+0000] {dagbag.py:540} INFO - Filling up the DagBag from /opt/airflow/dags/isr_pipeline.py
[2026-04-01T10:49:06.253+0000] {processor.py:840} INFO - DAG(s) 'isr_pipeline' retrieved from /opt/airflow/dags/isr_pipeline.py
[2026-04-01T10:49:06.471+0000] {logging_mixin.py:188} INFO - [2026-04-01T10:49:06.469+0000] {dag.py:3096} INFO - Sync 1 DAGs
[2026-04-01T10:49:06.733+0000] {processor.py:183} INFO - Processing /opt/airflow/dags/isr_pipeline.py took 0.675 seconds
[2026-04-01T11:05:08.858+0000] {processor.py:161} INFO - Started process (PID=42267) to work on /opt/airflow/dags/isr_pipeline.py
[2026-04-01T11:05:08.862+0000] {processor.py:830} INFO - Processing file /opt/airflow/dags/isr_pipeline.py for tasks to queue
[2026-04-01T11:05:08.879+0000] {logging_mixin.py:188} INFO - [2026-04-01T11:05:08.878+0000] {dagbag.py:540} INFO - Filling up the DagBag from /opt/airflow/dags/isr_pipeline.py
[2026-04-01T11:05:08.923+0000] {processor.py:840} INFO - DAG(s) 'isr_pipeline' retrieved from /opt/airflow/dags/isr_pipeline.py
[2026-04-01T11:05:08.984+0000] {logging_mixin.py:188} INFO - [2026-04-01T11:05:08.984+0000] {dag.py:3096} INFO - Sync 1 DAGs
[2026-04-01T11:05:09.048+0000] {processor.py:183} INFO - Processing /opt/airflow/dags/isr_pipeline.py took 0.205 seconds
[2026-04-01T11:05:39.570+0000] {processor.py:161} INFO - Started process (PID=42272) to work on /opt/airflow/dags/isr_pipeline.py
[2026-04-01T11:05:39.577+0000] {processor.py:830} INFO - Processing file /opt/airflow/dags/isr_pipeline.py for tasks to queue
[2026-04-01T11:05:39.584+0000] {logging_mixin.py:188} INFO - [2026-04-01T11:05:39.582+0000] {dagbag.py:540} INFO - Filling up the DagBag from /opt/airflow/dags/isr_pipeline.py
[2026-04-01T11:05:39.681+0000] {processor.py:840} INFO - DAG(s) 'isr_pipeline' retrieved from /opt/airflow/dags/isr_pipeline.py
[2026-04-01T11:05:39.860+0000] {logging_mixin.py:188} INFO - [2026-04-01T11:05:39.859+0000] {dag.py:3096} INFO - Sync 1 DAGs
[2026-04-01T11:05:40.070+0000] {processor.py:183} INFO - Processing /opt/airflow/dags/isr_pipeline.py took 0.535 seconds
[2026-04-01T11:22:46.042+0000] {processor.py:161} INFO - Started process (PID=42280) to work on /opt/airflow/dags/isr_pipeline.py
[2026-04-01T11:22:46.046+0000] {processor.py:830} INFO - Processing file /opt/airflow/dags/isr_pipeline.py for tasks to queue
[2026-04-01T11:22:46.048+0000] {logging_mixin.py:188} INFO - [2026-04-01T11:22:46.047+0000] {dagbag.py:540} INFO - Filling up the DagBag from /opt/airflow/dags/isr_pipeline.py
[2026-04-01T11:22:46.084+0000] {processor.py:840} INFO - DAG(s) 'isr_pipeline' retrieved from /opt/airflow/dags/isr_pipeline.py
[2026-04-01T11:22:46.123+0000] {logging_mixin.py:188} INFO - [2026-04-01T11:22:46.123+0000] {dag.py:3096} INFO - Sync 1 DAGs
[2026-04-01T11:22:46.169+0000] {processor.py:183} INFO - Processing /opt/airflow/dags/isr_pipeline.py took 0.133 seconds
[2026-04-01T11:23:16.405+0000] {processor.py:161} INFO - Started process (PID=42285) to work on /opt/airflow/dags/isr_pipeline.py
[2026-04-01T11:23:16.411+0000] {processor.py:830} INFO - Processing file /opt/airflow/dags/isr_pipeline.py for tasks to queue
[2026-04-01T11:23:16.418+0000] {logging_mixin.py:188} INFO - [2026-04-01T11:23:16.416+0000] {dagbag.py:540} INFO - Filling up the DagBag from /opt/airflow/dags/isr_pipeline.py
[2026-04-01T11:23:16.505+0000] {processor.py:840} INFO - DAG(s) 'isr_pipeline' retrieved from /opt/airflow/dags/isr_pipeline.py
[2026-04-01T11:23:16.706+0000] {logging_mixin.py:188} INFO - [2026-04-01T11:23:16.704+0000] {dag.py:3096} INFO - Sync 1 DAGs
[2026-04-01T11:23:16.922+0000] {processor.py:183} INFO - Processing /opt/airflow/dags/isr_pipeline.py took 0.551 seconds
[2026-04-01T11:23:47.489+0000] {processor.py:161} INFO - Started process (PID=42290) to work on /opt/airflow/dags/isr_pipeline.py
[2026-04-01T11:23:47.497+0000] {processor.py:830} INFO - Processing file /opt/airflow/dags/isr_pipeline.py for tasks to queue
[2026-04-01T11:23:47.506+0000] {logging_mixin.py:188} INFO - [2026-04-01T11:23:47.504+0000] {dagbag.py:540} INFO - Filling up the DagBag from /opt/airflow/dags/isr_pipeline.py
[2026-04-01T11:23:47.597+0000] {processor.py:840} INFO - DAG(s) 'isr_pipeline' retrieved from /opt/airflow/dags/isr_pipeline.py
[2026-04-01T11:23:47.804+0000] {logging_mixin.py:188} INFO - [2026-04-01T11:23:47.803+0000] {dag.py:3096} INFO - Sync 1 DAGs
[2026-04-01T11:23:48.016+0000] {processor.py:183} INFO - Processing /opt/airflow/dags/isr_pipeline.py took 0.562 seconds
[2026-04-01T11:24:18.571+0000] {processor.py:161} INFO - Started process (PID=42295) to work on /opt/airflow/dags/isr_pipeline.py
[2026-04-01T11:24:18.578+0000] {processor.py:830} INFO - Processing file /opt/airflow/dags/isr_pipeline.py for tasks to queue
[2026-04-01T11:24:18.586+0000] {logging_mixin.py:188} INFO - [2026-04-01T11:24:18.584+0000] {dagbag.py:540} INFO - Filling up the DagBag from /opt/airflow/dags/isr_pipeline.py
[2026-04-01T11:24:18.689+0000] {processor.py:840} INFO - DAG(s) 'isr_pipeline' retrieved from /opt/airflow/dags/isr_pipeline.py
[2026-04-01T11:24:18.876+0000] {logging_mixin.py:188} INFO - [2026-04-01T11:24:18.875+0000] {dag.py:3096} INFO - Sync 1 DAGs
[2026-04-01T11:24:19.118+0000] {processor.py:183} INFO - Processing /opt/airflow/dags/isr_pipeline.py took 0.598 seconds
[2026-04-01T11:24:49.489+0000] {processor.py:161} INFO - Started process (PID=42300) to work on /opt/airflow/dags/isr_pipeline.py
[2026-04-01T11:24:49.496+0000] {processor.py:830} INFO - Processing file /opt/airflow/dags/isr_pipeline.py for tasks to queue
[2026-04-01T11:24:49.503+0000] {logging_mixin.py:188} INFO - [2026-04-01T11:24:49.502+0000] {dagbag.py:540} INFO - Filling up the DagBag from /opt/airflow/dags/isr_pipeline.py
[2026-04-01T11:24:49.606+0000] {processor.py:840} INFO - DAG(s) 'isr_pipeline' retrieved from /opt/airflow/dags/isr_pipeline.py
[2026-04-01T11:24:49.784+0000] {logging_mixin.py:188} INFO - [2026-04-01T11:24:49.783+0000] {dag.py:3096} INFO - Sync 1 DAGs
[2026-04-01T11:24:50.019+0000] {processor.py:183} INFO - Processing /opt/airflow/dags/isr_pipeline.py took 0.567 seconds
[2026-04-01T11:25:20.482+0000] {processor.py:161} INFO - Started process (PID=42305) to work on /opt/airflow/dags/isr_pipeline.py
[2026-04-01T11:25:20.489+0000] {processor.py:830} INFO - Processing file /opt/airflow/dags/isr_pipeline.py for tasks to queue
[2026-04-01T11:25:20.498+0000] {logging_mixin.py:188} INFO - [2026-04-01T11:25:20.496+0000] {dagbag.py:540} INFO - Filling up the DagBag from /opt/airflow/dags/isr_pipeline.py
[2026-04-01T11:25:20.599+0000] {processor.py:840} INFO - DAG(s) 'isr_pipeline' retrieved from /opt/airflow/dags/isr_pipeline.py
[2026-04-01T11:25:20.803+0000] {logging_mixin.py:188} INFO - [2026-04-01T11:25:20.802+0000] {dag.py:3096} INFO - Sync 1 DAGs
[2026-04-01T11:25:21.016+0000] {processor.py:183} INFO - Processing /opt/airflow/dags/isr_pipeline.py took 0.572 seconds
[2026-04-01T11:25:51.339+0000] {processor.py:161} INFO - Started process (PID=42310) to work on /opt/airflow/dags/isr_pipeline.py
[2026-04-01T11:25:51.348+0000] {processor.py:830} INFO - Processing file /opt/airflow/dags/isr_pipeline.py for tasks to queue
[2026-04-01T11:25:51.356+0000] {logging_mixin.py:188} INFO - [2026-04-01T11:25:51.354+0000] {dagbag.py:540} INFO - Filling up the DagBag from /opt/airflow/dags/isr_pipeline.py
[2026-04-01T11:25:51.444+0000] {processor.py:840} INFO - DAG(s) 'isr_pipeline' retrieved from /opt/airflow/dags/isr_pipeline.py
[2026-04-01T11:25:51.639+0000] {logging_mixin.py:188} INFO - [2026-04-01T11:25:51.638+0000] {dag.py:3096} INFO - Sync 1 DAGs
[2026-04-01T11:25:51.869+0000] {processor.py:183} INFO - Processing /opt/airflow/dags/isr_pipeline.py took 0.570 seconds
[2026-04-01T11:26:22.375+0000] {processor.py:161} INFO - Started process (PID=42315) to work on /opt/airflow/dags/isr_pipeline.py
[2026-04-01T11:26:22.382+0000] {processor.py:830} INFO - Processing file /opt/airflow/dags/isr_pipeline.py for tasks to queue
[2026-04-01T11:26:22.389+0000] {logging_mixin.py:188} INFO - [2026-04-01T11:26:22.387+0000] {dagbag.py:540} INFO - Filling up the DagBag from /opt/airflow/dags/isr_pipeline.py
[2026-04-01T11:26:22.495+0000] {processor.py:840} INFO - DAG(s) 'isr_pipeline' retrieved from /opt/airflow/dags/isr_pipeline.py
[2026-04-01T11:26:22.705+0000] {logging_mixin.py:188} INFO - [2026-04-01T11:26:22.704+0000] {dag.py:3096} INFO - Sync 1 DAGs
[2026-04-01T11:26:22.939+0000] {processor.py:183} INFO - Processing /opt/airflow/dags/isr_pipeline.py took 0.600 seconds
[2026-04-01T11:26:53.161+0000] {processor.py:161} INFO - Started process (PID=42320) to work on /opt/airflow/dags/isr_pipeline.py
[2026-04-01T11:26:53.169+0000] {processor.py:830} INFO - Processing file /opt/airflow/dags/isr_pipeline.py for tasks to queue
[2026-04-01T11:26:53.177+0000] {logging_mixin.py:188} INFO - [2026-04-01T11:26:53.175+0000] {dagbag.py:540} INFO - Filling up the DagBag from /opt/airflow/dags/isr_pipeline.py
[2026-04-01T11:26:53.264+0000] {processor.py:840} INFO - DAG(s) 'isr_pipeline' retrieved from /opt/airflow/dags/isr_pipeline.py
[2026-04-01T11:26:53.454+0000] {logging_mixin.py:188} INFO - [2026-04-01T11:26:53.452+0000] {dag.py:3096} INFO - Sync 1 DAGs
[2026-04-01T11:26:53.812+0000] {processor.py:183} INFO - Processing /opt/airflow/dags/isr_pipeline.py took 0.687 seconds
[2026-04-01T11:27:24.378+0000] {processor.py:161} INFO - Started process (PID=42325) to work on /opt/airflow/dags/isr_pipeline.py
[2026-04-01T11:27:24.387+0000] {processor.py:830} INFO - Processing file /opt/airflow/dags/isr_pipeline.py for tasks to queue
[2026-04-01T11:27:24.395+0000] {logging_mixin.py:188} INFO - [2026-04-01T11:27:24.393+0000] {dagbag.py:540} INFO - Filling up the DagBag from /opt/airflow/dags/isr_pipeline.py
[2026-04-01T11:27:24.546+0000] {processor.py:840} INFO - DAG(s) 'isr_pipeline' retrieved from /opt/airflow/dags/isr_pipeline.py
[2026-04-01T11:27:24.776+0000] {logging_mixin.py:188} INFO - [2026-04-01T11:27:24.775+0000] {dag.py:3096} INFO - Sync 1 DAGs
[2026-04-01T11:27:25.027+0000] {processor.py:183} INFO - Processing /opt/airflow/dags/isr_pipeline.py took 0.691 seconds
[2026-04-01T11:27:55.252+0000] {processor.py:161} INFO - Started process (PID=42330) to work on /opt/airflow/dags/isr_pipeline.py
[2026-04-01T11:27:55.260+0000] {processor.py:830} INFO - Processing file /opt/airflow/dags/isr_pipeline.py for tasks to queue
[2026-04-01T11:27:55.269+0000] {logging_mixin.py:188} INFO - [2026-04-01T11:27:55.267+0000] {dagbag.py:540} INFO - Filling up the DagBag from /opt/airflow/dags/isr_pipeline.py
[2026-04-01T11:27:55.362+0000] {processor.py:840} INFO - DAG(s) 'isr_pipeline' retrieved from /opt/airflow/dags/isr_pipeline.py
[2026-04-01T11:27:55.549+0000] {logging_mixin.py:188} INFO - [2026-04-01T11:27:55.548+0000] {dag.py:3096} INFO - Sync 1 DAGs
[2026-04-01T11:27:55.790+0000] {processor.py:183} INFO - Processing /opt/airflow/dags/isr_pipeline.py took 0.577 seconds
[2026-04-01T11:28:26.323+0000] {processor.py:161} INFO - Started process (PID=42335) to work on /opt/airflow/dags/isr_pipeline.py
[2026-04-01T11:28:26.330+0000] {processor.py:830} INFO - Processing file /opt/airflow/dags/isr_pipeline.py for tasks to queue
[2026-04-01T11:28:26.338+0000] {logging_mixin.py:188} INFO - [2026-04-01T11:28:26.336+0000] {dagbag.py:540} INFO - Filling up the DagBag from /opt/airflow/dags/isr_pipeline.py
[2026-04-01T11:28:26.431+0000] {processor.py:840} INFO - DAG(s) 'isr_pipeline' retrieved from /opt/airflow/dags/isr_pipeline.py
[2026-04-01T11:28:26.647+0000] {logging_mixin.py:188} INFO - [2026-04-01T11:28:26.646+0000] {dag.py:3096} INFO - Sync 1 DAGs
[2026-04-01T11:28:26.961+0000] {processor.py:183} INFO - Processing /opt/airflow/dags/isr_pipeline.py took 0.681 seconds
[2026-04-01T11:28:57.172+0000] {processor.py:161} INFO - Started process (PID=42340) to work on /opt/airflow/dags/isr_pipeline.py
[2026-04-01T11:28:57.180+0000] {processor.py:830} INFO - Processing file /opt/airflow/dags/isr_pipeline.py for tasks to queue
[2026-04-01T11:28:57.187+0000] {logging_mixin.py:188} INFO - [2026-04-01T11:28:57.185+0000] {dagbag.py:540} INFO - Filling up the DagBag from /opt/airflow/dags/isr_pipeline.py
[2026-04-01T11:28:57.275+0000] {processor.py:840} INFO - DAG(s) 'isr_pipeline' retrieved from /opt/airflow/dags/isr_pipeline.py
[2026-04-01T11:28:57.459+0000] {logging_mixin.py:188} INFO - [2026-04-01T11:28:57.458+0000] {dag.py:3096} INFO - Sync 1 DAGs
[2026-04-01T11:28:57.672+0000] {processor.py:183} INFO - Processing /opt/airflow/dags/isr_pipeline.py took 0.537 seconds
[2026-04-01T11:29:28.201+0000] {processor.py:161} INFO - Started process (PID=42345) to work on /opt/airflow/dags/isr_pipeline.py
[2026-04-01T11:29:28.208+0000] {processor.py:830} INFO - Processing file /opt/airflow/dags/isr_pipeline.py for tasks to queue
[2026-04-01T11:29:28.216+0000] {logging_mixin.py:188} INFO - [2026-04-01T11:29:28.214+0000] {dagbag.py:540} INFO - Filling up the DagBag from /opt/airflow/dags/isr_pipeline.py
[2026-04-01T11:29:28.306+0000] {processor.py:840} INFO - DAG(s) 'isr_pipeline' retrieved from /opt/airflow/dags/isr_pipeline.py
[2026-04-01T11:29:28.501+0000] {logging_mixin.py:188} INFO - [2026-04-01T11:29:28.500+0000] {dag.py:3096} INFO - Sync 1 DAGs
[2026-04-01T11:29:28.725+0000] {processor.py:183} INFO - Processing /opt/airflow/dags/isr_pipeline.py took 0.563 seconds
[2026-04-01T11:29:59.183+0000] {processor.py:161} INFO - Started process (PID=42350) to work on /opt/airflow/dags/isr_pipeline.py
[2026-04-01T11:29:59.191+0000] {processor.py:830} INFO - Processing file /opt/airflow/dags/isr_pipeline.py for tasks to queue
[2026-04-01T11:29:59.201+0000] {logging_mixin.py:188} INFO - [2026-04-01T11:29:59.200+0000] {dagbag.py:540} INFO - Filling up the DagBag from /opt/airflow/dags/isr_pipeline.py
[2026-04-01T11:29:59.292+0000] {processor.py:840} INFO - DAG(s) 'isr_pipeline' retrieved from /opt/airflow/dags/isr_pipeline.py
[2026-04-01T11:29:59.471+0000] {logging_mixin.py:188} INFO - [2026-04-01T11:29:59.470+0000] {dag.py:3096} INFO - Sync 1 DAGs
[2026-04-01T11:29:59.704+0000] {processor.py:183} INFO - Processing /opt/airflow/dags/isr_pipeline.py took 0.556 seconds
[2026-04-01T11:30:30.198+0000] {processor.py:161} INFO - Started process (PID=42355) to work on /opt/airflow/dags/isr_pipeline.py
[2026-04-01T11:30:30.206+0000] {processor.py:830} INFO - Processing file /opt/airflow/dags/isr_pipeline.py for tasks to queue
[2026-04-01T11:30:30.213+0000] {logging_mixin.py:188} INFO - [2026-04-01T11:30:30.211+0000] {dagbag.py:540} INFO - Filling up the DagBag from /opt/airflow/dags/isr_pipeline.py
[2026-04-01T11:30:30.299+0000] {processor.py:840} INFO - DAG(s) 'isr_pipeline' retrieved from /opt/airflow/dags/isr_pipeline.py
[2026-04-01T11:30:30.482+0000] {logging_mixin.py:188} INFO - [2026-04-01T11:30:30.481+0000] {dag.py:3096} INFO - Sync 1 DAGs
[2026-04-01T11:30:30.711+0000] {processor.py:183} INFO - Processing /opt/airflow/dags/isr_pipeline.py took 0.551 seconds
[2026-04-01T11:31:01.291+0000] {processor.py:161} INFO - Started process (PID=42360) to work on /opt/airflow/dags/isr_pipeline.py
[2026-04-01T11:31:01.299+0000] {processor.py:830} INFO - Processing file /opt/airflow/dags/isr_pipeline.py for tasks to queue
[2026-04-01T11:31:01.307+0000] {logging_mixin.py:188} INFO - [2026-04-01T11:31:01.304+0000] {dagbag.py:540} INFO - Filling up the DagBag from /opt/airflow/dags/isr_pipeline.py
[2026-04-01T11:31:01.407+0000] {processor.py:840} INFO - DAG(s) 'isr_pipeline' retrieved from /opt/airflow/dags/isr_pipeline.py
[2026-04-01T11:31:01.626+0000] {logging_mixin.py:188} INFO - [2026-04-01T11:31:01.625+0000] {dag.py:3096} INFO - Sync 1 DAGs
[2026-04-01T11:31:01.876+0000] {processor.py:183} INFO - Processing /opt/airflow/dags/isr_pipeline.py took 0.625 seconds
[2026-04-01T11:31:32.215+0000] {processor.py:161} INFO - Started process (PID=42365) to work on /opt/airflow/dags/isr_pipeline.py
[2026-04-01T11:31:32.223+0000] {processor.py:830} INFO - Processing file /opt/airflow/dags/isr_pipeline.py for tasks to queue
[2026-04-01T11:31:32.231+0000] {logging_mixin.py:188} INFO - [2026-04-01T11:31:32.229+0000] {dagbag.py:540} INFO - Filling up the DagBag from /opt/airflow/dags/isr_pipeline.py
[2026-04-01T11:31:32.319+0000] {processor.py:840} INFO - DAG(s) 'isr_pipeline' retrieved from /opt/airflow/dags/isr_pipeline.py
[2026-04-01T11:31:32.515+0000] {logging_mixin.py:188} INFO - [2026-04-01T11:31:32.513+0000] {dag.py:3096} INFO - Sync 1 DAGs
[2026-04-01T11:31:32.739+0000] {processor.py:183} INFO - Processing /opt/airflow/dags/isr_pipeline.py took 0.565 seconds
[2026-04-01T11:32:03.275+0000] {processor.py:161} INFO - Started process (PID=42370) to work on /opt/airflow/dags/isr_pipeline.py
[2026-04-01T11:32:03.283+0000] {processor.py:830} INFO - Processing file /opt/airflow/dags/isr_pipeline.py for tasks to queue
[2026-04-01T11:32:03.290+0000] {logging_mixin.py:188} INFO - [2026-04-01T11:32:03.288+0000] {dagbag.py:540} INFO - Filling up the DagBag from /opt/airflow/dags/isr_pipeline.py
[2026-04-01T11:32:03.378+0000] {processor.py:840} INFO - DAG(s) 'isr_pipeline' retrieved from /opt/airflow/dags/isr_pipeline.py
[2026-04-01T11:32:03.583+0000] {logging_mixin.py:188} INFO - [2026-04-01T11:32:03.582+0000] {dag.py:3096} INFO - Sync 1 DAGs
[2026-04-01T11:32:03.796+0000] {processor.py:183} INFO - Processing /opt/airflow/dags/isr_pipeline.py took 0.560 seconds
[2026-04-01T11:32:34.121+0000] {processor.py:161} INFO - Started process (PID=42375) to work on /opt/airflow/dags/isr_pipeline.py
[2026-04-01T11:32:34.130+0000] {processor.py:830} INFO - Processing file /opt/airflow/dags/isr_pipeline.py for tasks to queue
[2026-04-01T11:32:34.138+0000] {logging_mixin.py:188} INFO - [2026-04-01T11:32:34.136+0000] {dagbag.py:540} INFO - Filling up the DagBag from /opt/airflow/dags/isr_pipeline.py
[2026-04-01T11:32:34.228+0000] {processor.py:840} INFO - DAG(s) 'isr_pipeline' retrieved from /opt/airflow/dags/isr_pipeline.py
[2026-04-01T11:32:34.416+0000] {logging_mixin.py:188} INFO - [2026-04-01T11:32:34.415+0000] {dag.py:3096} INFO - Sync 1 DAGs
[2026-04-01T11:32:34.636+0000] {processor.py:183} INFO - Processing /opt/airflow/dags/isr_pipeline.py took 0.554 seconds
[2026-04-01T11:33:05.180+0000] {processor.py:161} INFO - Started process (PID=42380) to work on /opt/airflow/dags/isr_pipeline.py
[2026-04-01T11:33:05.187+0000] {processor.py:830} INFO - Processing file /opt/airflow/dags/isr_pipeline.py for tasks to queue
[2026-04-01T11:33:05.195+0000] {logging_mixin.py:188} INFO - [2026-04-01T11:33:05.193+0000] {dagbag.py:540} INFO - Filling up the DagBag from /opt/airflow/dags/isr_pipeline.py
[2026-04-01T11:33:05.283+0000] {processor.py:840} INFO - DAG(s) 'isr_pipeline' retrieved from /opt/airflow/dags/isr_pipeline.py
[2026-04-01T11:33:05.479+0000] {logging_mixin.py:188} INFO - [2026-04-01T11:33:05.478+0000] {dag.py:3096} INFO - Sync 1 DAGs
[2026-04-01T11:33:05.701+0000] {processor.py:183} INFO - Processing /opt/airflow/dags/isr_pipeline.py took 0.562 seconds
[2026-04-01T11:33:36.124+0000] {processor.py:161} INFO - Started process (PID=42385) to work on /opt/airflow/dags/isr_pipeline.py
[2026-04-01T11:33:36.131+0000] {processor.py:830} INFO - Processing file /opt/airflow/dags/isr_pipeline.py for tasks to queue
[2026-04-01T11:33:36.138+0000] {logging_mixin.py:188} INFO - [2026-04-01T11:33:36.136+0000] {dagbag.py:540} INFO - Filling up the DagBag from /opt/airflow/dags/isr_pipeline.py
[2026-04-01T11:33:36.227+0000] {processor.py:840} INFO - DAG(s) 'isr_pipeline' retrieved from /opt/airflow/dags/isr_pipeline.py
[2026-04-01T11:33:36.405+0000] {logging_mixin.py:188} INFO - [2026-04-01T11:33:36.404+0000] {dag.py:3096} INFO - Sync 1 DAGs
[2026-04-01T11:33:36.612+0000] {processor.py:183} INFO - Processing /opt/airflow/dags/isr_pipeline.py took 0.563 seconds
[2026-04-01T11:34:07.126+0000] {processor.py:161} INFO - Started process (PID=42390) to work on /opt/airflow/dags/isr_pipeline.py
[2026-04-01T11:34:07.133+0000] {processor.py:830} INFO - Processing file /opt/airflow/dags/isr_pipeline.py for tasks to queue
[2026-04-01T11:34:07.140+0000] {logging_mixin.py:188} INFO - [2026-04-01T11:34:07.139+0000] {dagbag.py:540} INFO - Filling up the DagBag from /opt/airflow/dags/isr_pipeline.py
[2026-04-01T11:34:07.226+0000] {processor.py:840} INFO - DAG(s) 'isr_pipeline' retrieved from /opt/airflow/dags/isr_pipeline.py
[2026-04-01T11:34:07.410+0000] {logging_mixin.py:188} INFO - [2026-04-01T11:34:07.409+0000] {dag.py:3096} INFO - Sync 1 DAGs
[2026-04-01T11:34:07.634+0000] {processor.py:183} INFO - Processing /opt/airflow/dags/isr_pipeline.py took 0.545 seconds
[2026-04-01T11:34:37.983+0000] {processor.py:161} INFO - Started process (PID=42395) to work on /opt/airflow/dags/isr_pipeline.py
[2026-04-01T11:34:37.990+0000] {processor.py:830} INFO - Processing file /opt/airflow/dags/isr_pipeline.py for tasks to queue
[2026-04-01T11:34:37.997+0000] {logging_mixin.py:188} INFO - [2026-04-01T11:34:37.995+0000] {dagbag.py:540} INFO - Filling up the DagBag from /opt/airflow/dags/isr_pipeline.py
[2026-04-01T11:34:38.085+0000] {processor.py:840} INFO - DAG(s) 'isr_pipeline' retrieved from /opt/airflow/dags/isr_pipeline.py
[2026-04-01T11:34:38.267+0000] {logging_mixin.py:188} INFO - [2026-04-01T11:34:38.266+0000] {dag.py:3096} INFO - Sync 1 DAGs
[2026-04-01T11:34:38.485+0000] {processor.py:183} INFO - Processing /opt/airflow/dags/isr_pipeline.py took 0.539 seconds
[2026-04-01T11:35:08.977+0000] {processor.py:161} INFO - Started process (PID=42400) to work on /opt/airflow/dags/isr_pipeline.py
[2026-04-01T11:35:08.986+0000] {processor.py:830} INFO - Processing file /opt/airflow/dags/isr_pipeline.py for tasks to queue
[2026-04-01T11:35:08.998+0000] {logging_mixin.py:188} INFO - [2026-04-01T11:35:08.997+0000] {dagbag.py:540} INFO - Filling up the DagBag from /opt/airflow/dags/isr_pipeline.py
[2026-04-01T11:35:09.096+0000] {processor.py:840} INFO - DAG(s) 'isr_pipeline' retrieved from /opt/airflow/dags/isr_pipeline.py
[2026-04-01T11:35:09.290+0000] {logging_mixin.py:188} INFO - [2026-04-01T11:35:09.289+0000] {dag.py:3096} INFO - Sync 1 DAGs
[2026-04-01T11:35:09.501+0000] {processor.py:183} INFO - Processing /opt/airflow/dags/isr_pipeline.py took 0.563 seconds
[2026-04-01T11:35:39.731+0000] {processor.py:161} INFO - Started process (PID=42405) to work on /opt/airflow/dags/isr_pipeline.py
[2026-04-01T11:35:39.741+0000] {processor.py:830} INFO - Processing file /opt/airflow/dags/isr_pipeline.py for tasks to queue
[2026-04-01T11:35:39.749+0000] {logging_mixin.py:188} INFO - [2026-04-01T11:35:39.747+0000] {dagbag.py:540} INFO - Filling up the DagBag from /opt/airflow/dags/isr_pipeline.py
[2026-04-01T11:35:39.835+0000] {processor.py:840} INFO - DAG(s) 'isr_pipeline' retrieved from /opt/airflow/dags/isr_pipeline.py
[2026-04-01T11:35:40.017+0000] {logging_mixin.py:188} INFO - [2026-04-01T11:35:40.016+0000] {dag.py:3096} INFO - Sync 1 DAGs
[2026-04-01T11:35:40.226+0000] {processor.py:183} INFO - Processing /opt/airflow/dags/isr_pipeline.py took 0.532 seconds
[2026-04-01T11:49:43.835+0000] {processor.py:161} INFO - Started process (PID=42412) to work on /opt/airflow/dags/isr_pipeline.py
[2026-04-01T11:49:43.838+0000] {processor.py:830} INFO - Processing file /opt/airflow/dags/isr_pipeline.py for tasks to queue
[2026-04-01T11:49:43.843+0000] {logging_mixin.py:188} INFO - [2026-04-01T11:49:43.842+0000] {dagbag.py:540} INFO - Filling up the DagBag from /opt/airflow/dags/isr_pipeline.py
[2026-04-01T11:49:43.875+0000] {processor.py:840} INFO - DAG(s) 'isr_pipeline' retrieved from /opt/airflow/dags/isr_pipeline.py
[2026-04-01T11:49:43.933+0000] {logging_mixin.py:188} INFO - [2026-04-01T11:49:43.933+0000] {dag.py:3096} INFO - Sync 1 DAGs
[2026-04-01T11:49:43.982+0000] {processor.py:183} INFO - Processing /opt/airflow/dags/isr_pipeline.py took 0.167 seconds
[2026-04-01T11:50:14.391+0000] {processor.py:161} INFO - Started process (PID=42417) to work on /opt/airflow/dags/isr_pipeline.py
[2026-04-01T11:50:14.395+0000] {processor.py:830} INFO - Processing file /opt/airflow/dags/isr_pipeline.py for tasks to queue
[2026-04-01T11:50:14.397+0000] {logging_mixin.py:188} INFO - [2026-04-01T11:50:14.396+0000] {dagbag.py:540} INFO - Filling up the DagBag from /opt/airflow/dags/isr_pipeline.py
[2026-04-01T11:50:14.436+0000] {processor.py:840} INFO - DAG(s) 'isr_pipeline' retrieved from /opt/airflow/dags/isr_pipeline.py
[2026-04-01T11:50:14.510+0000] {logging_mixin.py:188} INFO - [2026-04-01T11:50:14.509+0000] {dag.py:3096} INFO - Sync 1 DAGs
[2026-04-01T11:50:14.603+0000] {processor.py:183} INFO - Processing /opt/airflow/dags/isr_pipeline.py took 0.226 seconds
[2026-04-01T11:50:44.727+0000] {processor.py:161} INFO - Started process (PID=42422) to work on /opt/airflow/dags/isr_pipeline.py
[2026-04-01T11:50:44.729+0000] {processor.py:830} INFO - Processing file /opt/airflow/dags/isr_pipeline.py for tasks to queue
[2026-04-01T11:50:44.730+0000] {logging_mixin.py:188} INFO - [2026-04-01T11:50:44.730+0000] {dagbag.py:540} INFO - Filling up the DagBag from /opt/airflow/dags/isr_pipeline.py
[2026-04-01T11:50:44.754+0000] {processor.py:840} INFO - DAG(s) 'isr_pipeline' retrieved from /opt/airflow/dags/isr_pipeline.py
[2026-04-01T11:50:44.804+0000] {logging_mixin.py:188} INFO - [2026-04-01T11:50:44.804+0000] {dag.py:3096} INFO - Sync 1 DAGs
[2026-04-01T11:50:44.872+0000] {processor.py:183} INFO - Processing /opt/airflow/dags/isr_pipeline.py took 0.155 seconds
[2026-04-01T11:51:14.994+0000] {processor.py:161} INFO - Started process (PID=42427) to work on /opt/airflow/dags/isr_pipeline.py
[2026-04-01T11:51:14.995+0000] {processor.py:830} INFO - Processing file /opt/airflow/dags/isr_pipeline.py for tasks to queue
[2026-04-01T11:51:14.997+0000] {logging_mixin.py:188} INFO - [2026-04-01T11:51:14.996+0000] {dagbag.py:540} INFO - Filling up the DagBag from /opt/airflow/dags/isr_pipeline.py
[2026-04-01T11:51:15.014+0000] {processor.py:840} INFO - DAG(s) 'isr_pipeline' retrieved from /opt/airflow/dags/isr_pipeline.py
[2026-04-01T11:51:15.051+0000] {logging_mixin.py:188} INFO - [2026-04-01T11:51:15.051+0000] {dag.py:3096} INFO - Sync 1 DAGs
[2026-04-01T11:51:15.095+0000] {processor.py:183} INFO - Processing /opt/airflow/dags/isr_pipeline.py took 0.109 seconds
[2026-04-01T11:51:45.169+0000] {processor.py:161} INFO - Started process (PID=42432) to work on /opt/airflow/dags/isr_pipeline.py
[2026-04-01T11:51:45.170+0000] {processor.py:830} INFO - Processing file /opt/airflow/dags/isr_pipeline.py for tasks to queue
[2026-04-01T11:51:45.172+0000] {logging_mixin.py:188} INFO - [2026-04-01T11:51:45.172+0000] {dagbag.py:540} INFO - Filling up the DagBag from /opt/airflow/dags/isr_pipeline.py
[2026-04-01T11:51:45.189+0000] {processor.py:840} INFO - DAG(s) 'isr_pipeline' retrieved from /opt/airflow/dags/isr_pipeline.py
[2026-04-01T11:51:45.226+0000] {logging_mixin.py:188} INFO - [2026-04-01T11:51:45.225+0000] {dag.py:3096} INFO - Sync 1 DAGs
[2026-04-01T11:51:45.302+0000] {processor.py:183} INFO - Processing /opt/airflow/dags/isr_pipeline.py took 0.141 seconds
[2026-04-01T11:52:15.431+0000] {processor.py:161} INFO - Started process (PID=42437) to work on /opt/airflow/dags/isr_pipeline.py
[2026-04-01T11:52:15.432+0000] {processor.py:830} INFO - Processing file /opt/airflow/dags/isr_pipeline.py for tasks to queue
[2026-04-01T11:52:15.434+0000] {logging_mixin.py:188} INFO - [2026-04-01T11:52:15.433+0000] {dagbag.py:540} INFO - Filling up the DagBag from /opt/airflow/dags/isr_pipeline.py
[2026-04-01T11:52:15.452+0000] {processor.py:840} INFO - DAG(s) 'isr_pipeline' retrieved from /opt/airflow/dags/isr_pipeline.py
[2026-04-01T11:52:15.491+0000] {logging_mixin.py:188} INFO - [2026-04-01T11:52:15.491+0000] {dag.py:3096} INFO - Sync 1 DAGs
[2026-04-01T11:52:15.535+0000] {processor.py:183} INFO - Processing /opt/airflow/dags/isr_pipeline.py took 0.113 seconds
[2026-04-01T11:52:45.610+0000] {processor.py:161} INFO - Started process (PID=42442) to work on /opt/airflow/dags/isr_pipeline.py
[2026-04-01T11:52:45.611+0000] {processor.py:830} INFO - Processing file /opt/airflow/dags/isr_pipeline.py for tasks to queue
[2026-04-01T11:52:45.613+0000] {logging_mixin.py:188} INFO - [2026-04-01T11:52:45.612+0000] {dagbag.py:540} INFO - Filling up the DagBag from /opt/airflow/dags/isr_pipeline.py
[2026-04-01T11:52:45.630+0000] {processor.py:840} INFO - DAG(s) 'isr_pipeline' retrieved from /opt/airflow/dags/isr_pipeline.py
[2026-04-01T11:52:45.668+0000] {logging_mixin.py:188} INFO - [2026-04-01T11:52:45.668+0000] {dag.py:3096} INFO - Sync 1 DAGs
[2026-04-01T11:52:45.711+0000] {processor.py:183} INFO - Processing /opt/airflow/dags/isr_pipeline.py took 0.109 seconds
[2026-04-01T11:53:15.875+0000] {processor.py:161} INFO - Started process (PID=42447) to work on /opt/airflow/dags/isr_pipeline.py
[2026-04-01T11:53:15.876+0000] {processor.py:830} INFO - Processing file /opt/airflow/dags/isr_pipeline.py for tasks to queue
[2026-04-01T11:53:15.878+0000] {logging_mixin.py:188} INFO - [2026-04-01T11:53:15.877+0000] {dagbag.py:540} INFO - Filling up the DagBag from /opt/airflow/dags/isr_pipeline.py
[2026-04-01T11:53:15.898+0000] {processor.py:840} INFO - DAG(s) 'isr_pipeline' retrieved from /opt/airflow/dags/isr_pipeline.py
[2026-04-01T11:53:15.934+0000] {logging_mixin.py:188} INFO - [2026-04-01T11:53:15.934+0000] {dag.py:3096} INFO - Sync 1 DAGs
[2026-04-01T11:53:15.978+0000] {processor.py:183} INFO - Processing /opt/airflow/dags/isr_pipeline.py took 0.111 seconds
[2026-04-01T11:53:46.061+0000] {processor.py:161} INFO - Started process (PID=42452) to work on /opt/airflow/dags/isr_pipeline.py
[2026-04-01T11:53:46.062+0000] {processor.py:830} INFO - Processing file /opt/airflow/dags/isr_pipeline.py for tasks to queue
[2026-04-01T11:53:46.064+0000] {logging_mixin.py:188} INFO - [2026-04-01T11:53:46.063+0000] {dagbag.py:540} INFO - Filling up the DagBag from /opt/airflow/dags/isr_pipeline.py
[2026-04-01T11:53:46.084+0000] {processor.py:840} INFO - DAG(s) 'isr_pipeline' retrieved from /opt/airflow/dags/isr_pipeline.py
[2026-04-01T11:53:46.124+0000] {logging_mixin.py:188} INFO - [2026-04-01T11:53:46.124+0000] {dag.py:3096} INFO - Sync 1 DAGs
[2026-04-01T11:53:46.169+0000] {processor.py:183} INFO - Processing /opt/airflow/dags/isr_pipeline.py took 0.116 seconds
[2026-04-01T11:54:16.271+0000] {processor.py:161} INFO - Started process (PID=42457) to work on /opt/airflow/dags/isr_pipeline.py
[2026-04-01T11:54:16.272+0000] {processor.py:830} INFO - Processing file /opt/airflow/dags/isr_pipeline.py for tasks to queue
[2026-04-01T11:54:16.274+0000] {logging_mixin.py:188} INFO - [2026-04-01T11:54:16.274+0000] {dagbag.py:540} INFO - Filling up the DagBag from /opt/airflow/dags/isr_pipeline.py
[2026-04-01T11:54:16.293+0000] {processor.py:840} INFO - DAG(s) 'isr_pipeline' retrieved from /opt/airflow/dags/isr_pipeline.py
[2026-04-01T11:54:16.331+0000] {logging_mixin.py:188} INFO - [2026-04-01T11:54:16.331+0000] {dag.py:3096} INFO - Sync 1 DAGs
[2026-04-01T11:54:16.376+0000] {processor.py:183} INFO - Processing /opt/airflow/dags/isr_pipeline.py took 0.114 seconds
[2026-04-01T11:54:46.483+0000] {processor.py:161} INFO - Started process (PID=42462) to work on /opt/airflow/dags/isr_pipeline.py
[2026-04-01T11:54:46.484+0000] {processor.py:830} INFO - Processing file /opt/airflow/dags/isr_pipeline.py for tasks to queue
[2026-04-01T11:54:46.486+0000] {logging_mixin.py:188} INFO - [2026-04-01T11:54:46.485+0000] {dagbag.py:540} INFO - Filling up the DagBag from /opt/airflow/dags/isr_pipeline.py
[2026-04-01T11:54:46.503+0000] {processor.py:840} INFO - DAG(s) 'isr_pipeline' retrieved from /opt/airflow/dags/isr_pipeline.py
[2026-04-01T11:54:46.540+0000] {logging_mixin.py:188} INFO - [2026-04-01T11:54:46.540+0000] {dag.py:3096} INFO - Sync 1 DAGs
[2026-04-01T11:54:46.585+0000] {processor.py:183} INFO - Processing /opt/airflow/dags/isr_pipeline.py took 0.110 seconds
[2026-04-01T11:55:16.710+0000] {processor.py:161} INFO - Started process (PID=42467) to work on /opt/airflow/dags/isr_pipeline.py
[2026-04-01T11:55:16.711+0000] {processor.py:830} INFO - Processing file /opt/airflow/dags/isr_pipeline.py for tasks to queue
[2026-04-01T11:55:16.713+0000] {logging_mixin.py:188} INFO - [2026-04-01T11:55:16.712+0000] {dagbag.py:540} INFO - Filling up the DagBag from /opt/airflow/dags/isr_pipeline.py
[2026-04-01T11:55:16.733+0000] {processor.py:840} INFO - DAG(s) 'isr_pipeline' retrieved from /opt/airflow/dags/isr_pipeline.py
[2026-04-01T11:55:16.773+0000] {logging_mixin.py:188} INFO - [2026-04-01T11:55:16.773+0000] {dag.py:3096} INFO - Sync 1 DAGs
[2026-04-01T11:55:16.821+0000] {processor.py:183} INFO - Processing /opt/airflow/dags/isr_pipeline.py took 0.119 seconds
[2026-04-01T11:55:46.895+0000] {processor.py:161} INFO - Started process (PID=42472) to work on /opt/airflow/dags/isr_pipeline.py
[2026-04-01T11:55:46.897+0000] {processor.py:830} INFO - Processing file /opt/airflow/dags/isr_pipeline.py for tasks to queue
[2026-04-01T11:55:46.898+0000] {logging_mixin.py:188} INFO - [2026-04-01T11:55:46.898+0000] {dagbag.py:540} INFO - Filling up the DagBag from /opt/airflow/dags/isr_pipeline.py
[2026-04-01T11:55:46.917+0000] {processor.py:840} INFO - DAG(s) 'isr_pipeline' retrieved from /opt/airflow/dags/isr_pipeline.py
[2026-04-01T11:55:46.956+0000] {logging_mixin.py:188} INFO - [2026-04-01T11:55:46.955+0000] {dag.py:3096} INFO - Sync 1 DAGs
[2026-04-01T11:55:47.003+0000] {processor.py:183} INFO - Processing /opt/airflow/dags/isr_pipeline.py took 0.116 seconds
[2026-04-01T11:56:17.150+0000] {processor.py:161} INFO - Started process (PID=42477) to work on /opt/airflow/dags/isr_pipeline.py
[2026-04-01T11:56:17.154+0000] {processor.py:830} INFO - Processing file /opt/airflow/dags/isr_pipeline.py for tasks to queue
[2026-04-01T11:56:17.156+0000] {logging_mixin.py:188} INFO - [2026-04-01T11:56:17.156+0000] {dagbag.py:540} INFO - Filling up the DagBag from /opt/airflow/dags/isr_pipeline.py
[2026-04-01T11:56:17.175+0000] {processor.py:840} INFO - DAG(s) 'isr_pipeline' retrieved from /opt/airflow/dags/isr_pipeline.py
[2026-04-01T11:56:17.219+0000] {logging_mixin.py:188} INFO - [2026-04-01T11:56:17.219+0000] {dag.py:3096} INFO - Sync 1 DAGs
[2026-04-01T11:56:17.274+0000] {processor.py:183} INFO - Processing /opt/airflow/dags/isr_pipeline.py took 0.134 seconds
[2026-04-01T11:56:47.328+0000] {processor.py:161} INFO - Started process (PID=42482) to work on /opt/airflow/dags/isr_pipeline.py
[2026-04-01T11:56:47.330+0000] {processor.py:830} INFO - Processing file /opt/airflow/dags/isr_pipeline.py for tasks to queue
[2026-04-01T11:56:47.331+0000] {logging_mixin.py:188} INFO - [2026-04-01T11:56:47.331+0000] {dagbag.py:540} INFO - Filling up the DagBag from /opt/airflow/dags/isr_pipeline.py
[2026-04-01T11:56:47.351+0000] {processor.py:840} INFO - DAG(s) 'isr_pipeline' retrieved from /opt/airflow/dags/isr_pipeline.py
[2026-04-01T11:56:47.391+0000] {logging_mixin.py:188} INFO - [2026-04-01T11:56:47.391+0000] {dag.py:3096} INFO - Sync 1 DAGs
[2026-04-01T11:56:47.439+0000] {processor.py:183} INFO - Processing /opt/airflow/dags/isr_pipeline.py took 0.118 seconds
[2026-04-01T11:57:17.603+0000] {processor.py:161} INFO - Started process (PID=42487) to work on /opt/airflow/dags/isr_pipeline.py
[2026-04-01T11:57:17.605+0000] {processor.py:830} INFO - Processing file /opt/airflow/dags/isr_pipeline.py for tasks to queue
[2026-04-01T11:57:17.607+0000] {logging_mixin.py:188} INFO - [2026-04-01T11:57:17.607+0000] {dagbag.py:540} INFO - Filling up the DagBag from /opt/airflow/dags/isr_pipeline.py
[2026-04-01T11:57:17.628+0000] {processor.py:840} INFO - DAG(s) 'isr_pipeline' retrieved from /opt/airflow/dags/isr_pipeline.py
[2026-04-01T11:57:17.674+0000] {logging_mixin.py:188} INFO - [2026-04-01T11:57:17.674+0000] {dag.py:3096} INFO - Sync 1 DAGs
[2026-04-01T11:57:17.742+0000] {processor.py:183} INFO - Processing /opt/airflow/dags/isr_pipeline.py took 0.145 seconds
[2026-04-01T11:57:47.926+0000] {processor.py:161} INFO - Started process (PID=42492) to work on /opt/airflow/dags/isr_pipeline.py
[2026-04-01T11:57:47.927+0000] {processor.py:830} INFO - Processing file /opt/airflow/dags/isr_pipeline.py for tasks to queue
[2026-04-01T11:57:47.929+0000] {logging_mixin.py:188} INFO - [2026-04-01T11:57:47.928+0000] {dagbag.py:540} INFO - Filling up the DagBag from /opt/airflow/dags/isr_pipeline.py
[2026-04-01T11:57:47.947+0000] {processor.py:840} INFO - DAG(s) 'isr_pipeline' retrieved from /opt/airflow/dags/isr_pipeline.py
[2026-04-01T11:57:47.985+0000] {logging_mixin.py:188} INFO - [2026-04-01T11:57:47.984+0000] {dag.py:3096} INFO - Sync 1 DAGs
[2026-04-01T11:57:48.028+0000] {processor.py:183} INFO - Processing /opt/airflow/dags/isr_pipeline.py took 0.110 seconds
[2026-04-01T11:58:18.088+0000] {processor.py:161} INFO - Started process (PID=42497) to work on /opt/airflow/dags/isr_pipeline.py
[2026-04-01T11:58:18.089+0000] {processor.py:830} INFO - Processing file /opt/airflow/dags/isr_pipeline.py for tasks to queue
[2026-04-01T11:58:18.091+0000] {logging_mixin.py:188} INFO - [2026-04-01T11:58:18.091+0000] {dagbag.py:540} INFO - Filling up the DagBag from /opt/airflow/dags/isr_pipeline.py
[2026-04-01T11:58:18.110+0000] {processor.py:840} INFO - DAG(s) 'isr_pipeline' retrieved from /opt/airflow/dags/isr_pipeline.py
[2026-04-01T11:58:18.149+0000] {logging_mixin.py:188} INFO - [2026-04-01T11:58:18.149+0000] {dag.py:3096} INFO - Sync 1 DAGs
[2026-04-01T11:58:18.191+0000] {processor.py:183} INFO - Processing /opt/airflow/dags/isr_pipeline.py took 0.111 seconds
[2026-04-01T11:58:48.342+0000] {processor.py:161} INFO - Started process (PID=42502) to work on /opt/airflow/dags/isr_pipeline.py
[2026-04-01T11:58:48.343+0000] {processor.py:830} INFO - Processing file /opt/airflow/dags/isr_pipeline.py for tasks to queue
[2026-04-01T11:58:48.344+0000] {logging_mixin.py:188} INFO - [2026-04-01T11:58:48.344+0000] {dagbag.py:540} INFO - Filling up the DagBag from /opt/airflow/dags/isr_pipeline.py
[2026-04-01T11:58:48.362+0000] {processor.py:840} INFO - DAG(s) 'isr_pipeline' retrieved from /opt/airflow/dags/isr_pipeline.py
[2026-04-01T11:58:48.400+0000] {logging_mixin.py:188} INFO - [2026-04-01T11:58:48.400+0000] {dag.py:3096} INFO - Sync 1 DAGs
[2026-04-01T11:58:48.444+0000] {processor.py:183} INFO - Processing /opt/airflow/dags/isr_pipeline.py took 0.110 seconds
[2026-04-01T11:59:18.525+0000] {processor.py:161} INFO - Started process (PID=42507) to work on /opt/airflow/dags/isr_pipeline.py
[2026-04-01T11:59:18.526+0000] {processor.py:830} INFO - Processing file /opt/airflow/dags/isr_pipeline.py for tasks to queue
[2026-04-01T11:59:18.528+0000] {logging_mixin.py:188} INFO - [2026-04-01T11:59:18.527+0000] {dagbag.py:540} INFO - Filling up the DagBag from /opt/airflow/dags/isr_pipeline.py
[2026-04-01T11:59:18.545+0000] {processor.py:840} INFO - DAG(s) 'isr_pipeline' retrieved from /opt/airflow/dags/isr_pipeline.py
[2026-04-01T11:59:18.583+0000] {logging_mixin.py:188} INFO - [2026-04-01T11:59:18.583+0000] {dag.py:3096} INFO - Sync 1 DAGs
[2026-04-01T11:59:18.627+0000] {processor.py:183} INFO - Processing /opt/airflow/dags/isr_pipeline.py took 0.110 seconds
[2026-04-01T11:59:48.773+0000] {processor.py:161} INFO - Started process (PID=42512) to work on /opt/airflow/dags/isr_pipeline.py
[2026-04-01T11:59:48.774+0000] {processor.py:830} INFO - Processing file /opt/airflow/dags/isr_pipeline.py for tasks to queue
[2026-04-01T11:59:48.776+0000] {logging_mixin.py:188} INFO - [2026-04-01T11:59:48.775+0000] {dagbag.py:540} INFO - Filling up the DagBag from /opt/airflow/dags/isr_pipeline.py
[2026-04-01T11:59:48.793+0000] {processor.py:840} INFO - DAG(s) 'isr_pipeline' retrieved from /opt/airflow/dags/isr_pipeline.py
[2026-04-01T11:59:48.829+0000] {logging_mixin.py:188} INFO - [2026-04-01T11:59:48.829+0000] {dag.py:3096} INFO - Sync 1 DAGs
[2026-04-01T11:59:48.876+0000] {processor.py:183} INFO - Processing /opt/airflow/dags/isr_pipeline.py took 0.109 seconds
[2026-04-01T12:00:18.927+0000] {processor.py:161} INFO - Started process (PID=42517) to work on /opt/airflow/dags/isr_pipeline.py
[2026-04-01T12:00:18.928+0000] {processor.py:830} INFO - Processing file /opt/airflow/dags/isr_pipeline.py for tasks to queue
[2026-04-01T12:00:18.930+0000] {logging_mixin.py:188} INFO - [2026-04-01T12:00:18.929+0000] {dagbag.py:540} INFO - Filling up the DagBag from /opt/airflow/dags/isr_pipeline.py
[2026-04-01T12:00:18.949+0000] {processor.py:840} INFO - DAG(s) 'isr_pipeline' retrieved from /opt/airflow/dags/isr_pipeline.py
[2026-04-01T12:00:18.988+0000] {logging_mixin.py:188} INFO - [2026-04-01T12:00:18.988+0000] {dag.py:3096} INFO - Sync 1 DAGs
[2026-04-01T12:00:19.032+0000] {processor.py:183} INFO - Processing /opt/airflow/dags/isr_pipeline.py took 0.113 seconds
[2026-04-01T12:00:49.186+0000] {processor.py:161} INFO - Started process (PID=42522) to work on /opt/airflow/dags/isr_pipeline.py
[2026-04-01T12:00:49.187+0000] {processor.py:830} INFO - Processing file /opt/airflow/dags/isr_pipeline.py for tasks to queue
[2026-04-01T12:00:49.189+0000] {logging_mixin.py:188} INFO - [2026-04-01T12:00:49.189+0000] {dagbag.py:540} INFO - Filling up the DagBag from /opt/airflow/dags/isr_pipeline.py
[2026-04-01T12:00:49.206+0000] {processor.py:840} INFO - DAG(s) 'isr_pipeline' retrieved from /opt/airflow/dags/isr_pipeline.py
[2026-04-01T12:00:49.242+0000] {logging_mixin.py:188} INFO - [2026-04-01T12:00:49.242+0000] {dag.py:3096} INFO - Sync 1 DAGs
[2026-04-01T12:00:49.284+0000] {processor.py:183} INFO - Processing /opt/airflow/dags/isr_pipeline.py took 0.105 seconds
[2026-04-01T12:01:19.359+0000] {processor.py:161} INFO - Started process (PID=42527) to work on /opt/airflow/dags/isr_pipeline.py
[2026-04-01T12:01:19.361+0000] {processor.py:830} INFO - Processing file /opt/airflow/dags/isr_pipeline.py for tasks to queue
[2026-04-01T12:01:19.362+0000] {logging_mixin.py:188} INFO - [2026-04-01T12:01:19.362+0000] {dagbag.py:540} INFO - Filling up the DagBag from /opt/airflow/dags/isr_pipeline.py
[2026-04-01T12:01:19.382+0000] {processor.py:840} INFO - DAG(s) 'isr_pipeline' retrieved from /opt/airflow/dags/isr_pipeline.py
[2026-04-01T12:01:19.419+0000] {logging_mixin.py:188} INFO - [2026-04-01T12:01:19.419+0000] {dag.py:3096} INFO - Sync 1 DAGs
[2026-04-01T12:01:19.464+0000] {processor.py:183} INFO - Processing /opt/airflow/dags/isr_pipeline.py took 0.116 seconds
[2026-04-01T12:01:49.616+0000] {processor.py:161} INFO - Started process (PID=42532) to work on /opt/airflow/dags/isr_pipeline.py
[2026-04-01T12:01:49.617+0000] {processor.py:830} INFO - Processing file /opt/airflow/dags/isr_pipeline.py for tasks to queue
[2026-04-01T12:01:49.618+0000] {logging_mixin.py:188} INFO - [2026-04-01T12:01:49.618+0000] {dagbag.py:540} INFO - Filling up the DagBag from /opt/airflow/dags/isr_pipeline.py
[2026-04-01T12:01:49.635+0000] {processor.py:840} INFO - DAG(s) 'isr_pipeline' retrieved from /opt/airflow/dags/isr_pipeline.py
[2026-04-01T12:01:49.671+0000] {logging_mixin.py:188} INFO - [2026-04-01T12:01:49.671+0000] {dag.py:3096} INFO - Sync 1 DAGs
[2026-04-01T12:01:49.713+0000] {processor.py:183} INFO - Processing /opt/airflow/dags/isr_pipeline.py took 0.104 seconds
[2026-04-01T12:02:19.842+0000] {processor.py:161} INFO - Started process (PID=42537) to work on /opt/airflow/dags/isr_pipeline.py
[2026-04-01T12:02:19.843+0000] {processor.py:830} INFO - Processing file /opt/airflow/dags/isr_pipeline.py for tasks to queue
[2026-04-01T12:02:19.845+0000] {logging_mixin.py:188} INFO - [2026-04-01T12:02:19.844+0000] {dagbag.py:540} INFO - Filling up the DagBag from /opt/airflow/dags/isr_pipeline.py
[2026-04-01T12:02:19.862+0000] {processor.py:840} INFO - DAG(s) 'isr_pipeline' retrieved from /opt/airflow/dags/isr_pipeline.py
[2026-04-01T12:02:19.907+0000] {logging_mixin.py:188} INFO - [2026-04-01T12:02:19.907+0000] {dag.py:3096} INFO - Sync 1 DAGs
[2026-04-01T12:02:19.958+0000] {processor.py:183} INFO - Processing /opt/airflow/dags/isr_pipeline.py took 0.125 seconds
[2026-04-01T12:02:50.108+0000] {processor.py:161} INFO - Started process (PID=42542) to work on /opt/airflow/dags/isr_pipeline.py
[2026-04-01T12:02:50.109+0000] {processor.py:830} INFO - Processing file /opt/airflow/dags/isr_pipeline.py for tasks to queue
[2026-04-01T12:02:50.110+0000] {logging_mixin.py:188} INFO - [2026-04-01T12:02:50.110+0000] {dagbag.py:540} INFO - Filling up the DagBag from /opt/airflow/dags/isr_pipeline.py
[2026-04-01T12:02:50.127+0000] {processor.py:840} INFO - DAG(s) 'isr_pipeline' retrieved from /opt/airflow/dags/isr_pipeline.py
[2026-04-01T12:02:50.162+0000] {logging_mixin.py:188} INFO - [2026-04-01T12:02:50.162+0000] {dag.py:3096} INFO - Sync 1 DAGs
[2026-04-01T12:02:50.200+0000] {processor.py:183} INFO - Processing /opt/airflow/dags/isr_pipeline.py took 0.099 seconds
[2026-04-01T12:03:20.303+0000] {processor.py:161} INFO - Started process (PID=42547) to work on /opt/airflow/dags/isr_pipeline.py
[2026-04-01T12:03:20.304+0000] {processor.py:830} INFO - Processing file /opt/airflow/dags/isr_pipeline.py for tasks to queue
[2026-04-01T12:03:20.306+0000] {logging_mixin.py:188} INFO - [2026-04-01T12:03:20.306+0000] {dagbag.py:540} INFO - Filling up the DagBag from /opt/airflow/dags/isr_pipeline.py
[2026-04-01T12:03:20.325+0000] {processor.py:840} INFO - DAG(s) 'isr_pipeline' retrieved from /opt/airflow/dags/isr_pipeline.py
[2026-04-01T12:03:20.365+0000] {logging_mixin.py:188} INFO - [2026-04-01T12:03:20.365+0000] {dag.py:3096} INFO - Sync 1 DAGs
[2026-04-01T12:03:20.408+0000] {processor.py:183} INFO - Processing /opt/airflow/dags/isr_pipeline.py took 0.113 seconds
[2026-04-01T12:03:50.531+0000] {processor.py:161} INFO - Started process (PID=42552) to work on /opt/airflow/dags/isr_pipeline.py
[2026-04-01T12:03:50.532+0000] {processor.py:830} INFO - Processing file /opt/airflow/dags/isr_pipeline.py for tasks to queue
[2026-04-01T12:03:50.534+0000] {logging_mixin.py:188} INFO - [2026-04-01T12:03:50.533+0000] {dagbag.py:540} INFO - Filling up the DagBag from /opt/airflow/dags/isr_pipeline.py
[2026-04-01T12:03:50.551+0000] {processor.py:840} INFO - DAG(s) 'isr_pipeline' retrieved from /opt/airflow/dags/isr_pipeline.py
[2026-04-01T12:03:50.588+0000] {logging_mixin.py:188} INFO - [2026-04-01T12:03:50.588+0000] {dag.py:3096} INFO - Sync 1 DAGs
[2026-04-01T12:03:50.629+0000] {processor.py:183} INFO - Processing /opt/airflow/dags/isr_pipeline.py took 0.106 seconds
[2026-04-01T12:04:20.742+0000] {processor.py:161} INFO - Started process (PID=42557) to work on /opt/airflow/dags/isr_pipeline.py
[2026-04-01T12:04:20.744+0000] {processor.py:830} INFO - Processing file /opt/airflow/dags/isr_pipeline.py for tasks to queue
[2026-04-01T12:04:20.746+0000] {logging_mixin.py:188} INFO - [2026-04-01T12:04:20.745+0000] {dagbag.py:540} INFO - Filling up the DagBag from /opt/airflow/dags/isr_pipeline.py
[2026-04-01T12:04:20.763+0000] {processor.py:840} INFO - DAG(s) 'isr_pipeline' retrieved from /opt/airflow/dags/isr_pipeline.py
[2026-04-01T12:04:20.801+0000] {logging_mixin.py:188} INFO - [2026-04-01T12:04:20.801+0000] {dag.py:3096} INFO - Sync 1 DAGs
[2026-04-01T12:04:20.844+0000] {processor.py:183} INFO - Processing /opt/airflow/dags/isr_pipeline.py took 0.111 seconds
[2026-04-01T12:04:50.911+0000] {processor.py:161} INFO - Started process (PID=42562) to work on /opt/airflow/dags/isr_pipeline.py
[2026-04-01T12:04:50.913+0000] {processor.py:830} INFO - Processing file /opt/airflow/dags/isr_pipeline.py for tasks to queue
[2026-04-01T12:04:50.916+0000] {logging_mixin.py:188} INFO - [2026-04-01T12:04:50.916+0000] {dagbag.py:540} INFO - Filling up the DagBag from /opt/airflow/dags/isr_pipeline.py
[2026-04-01T12:04:50.937+0000] {processor.py:840} INFO - DAG(s) 'isr_pipeline' retrieved from /opt/airflow/dags/isr_pipeline.py
[2026-04-01T12:04:50.982+0000] {logging_mixin.py:188} INFO - [2026-04-01T12:04:50.981+0000] {dag.py:3096} INFO - Sync 1 DAGs
[2026-04-01T12:04:51.026+0000] {processor.py:183} INFO - Processing /opt/airflow/dags/isr_pipeline.py took 0.123 seconds
[2026-04-01T12:05:21.183+0000] {processor.py:161} INFO - Started process (PID=42567) to work on /opt/airflow/dags/isr_pipeline.py
[2026-04-01T12:05:21.185+0000] {processor.py:830} INFO - Processing file /opt/airflow/dags/isr_pipeline.py for tasks to queue
[2026-04-01T12:05:21.187+0000] {logging_mixin.py:188} INFO - [2026-04-01T12:05:21.186+0000] {dagbag.py:540} INFO - Filling up the DagBag from /opt/airflow/dags/isr_pipeline.py
[2026-04-01T12:05:21.208+0000] {processor.py:840} INFO - DAG(s) 'isr_pipeline' retrieved from /opt/airflow/dags/isr_pipeline.py
[2026-04-01T12:05:21.257+0000] {logging_mixin.py:188} INFO - [2026-04-01T12:05:21.256+0000] {dag.py:3096} INFO - Sync 1 DAGs
[2026-04-01T12:05:21.306+0000] {processor.py:183} INFO - Processing /opt/airflow/dags/isr_pipeline.py took 0.132 seconds
[2026-04-01T12:05:51.366+0000] {processor.py:161} INFO - Started process (PID=42572) to work on /opt/airflow/dags/isr_pipeline.py
[2026-04-01T12:05:51.368+0000] {processor.py:830} INFO - Processing file /opt/airflow/dags/isr_pipeline.py for tasks to queue
[2026-04-01T12:05:51.369+0000] {logging_mixin.py:188} INFO - [2026-04-01T12:05:51.369+0000] {dagbag.py:540} INFO - Filling up the DagBag from /opt/airflow/dags/isr_pipeline.py
[2026-04-01T12:05:51.388+0000] {processor.py:840} INFO - DAG(s) 'isr_pipeline' retrieved from /opt/airflow/dags/isr_pipeline.py
[2026-04-01T12:05:51.429+0000] {logging_mixin.py:188} INFO - [2026-04-01T12:05:51.428+0000] {dag.py:3096} INFO - Sync 1 DAGs
[2026-04-01T12:05:51.476+0000] {processor.py:183} INFO - Processing /opt/airflow/dags/isr_pipeline.py took 0.117 seconds
[2026-04-01T12:06:21.648+0000] {processor.py:161} INFO - Started process (PID=42577) to work on /opt/airflow/dags/isr_pipeline.py
[2026-04-01T12:06:21.649+0000] {processor.py:830} INFO - Processing file /opt/airflow/dags/isr_pipeline.py for tasks to queue
[2026-04-01T12:06:21.651+0000] {logging_mixin.py:188} INFO - [2026-04-01T12:06:21.650+0000] {dagbag.py:540} INFO - Filling up the DagBag from /opt/airflow/dags/isr_pipeline.py
[2026-04-01T12:06:21.668+0000] {processor.py:840} INFO - DAG(s) 'isr_pipeline' retrieved from /opt/airflow/dags/isr_pipeline.py
[2026-04-01T12:06:21.705+0000] {logging_mixin.py:188} INFO - [2026-04-01T12:06:21.705+0000] {dag.py:3096} INFO - Sync 1 DAGs
[2026-04-01T12:06:21.749+0000] {processor.py:183} INFO - Processing /opt/airflow/dags/isr_pipeline.py took 0.109 seconds
[2026-04-01T12:06:51.831+0000] {processor.py:161} INFO - Started process (PID=42582) to work on /opt/airflow/dags/isr_pipeline.py
[2026-04-01T12:06:51.833+0000] {processor.py:830} INFO - Processing file /opt/airflow/dags/isr_pipeline.py for tasks to queue
[2026-04-01T12:06:51.835+0000] {logging_mixin.py:188} INFO - [2026-04-01T12:06:51.834+0000] {dagbag.py:540} INFO - Filling up the DagBag from /opt/airflow/dags/isr_pipeline.py
[2026-04-01T12:06:51.857+0000] {processor.py:840} INFO - DAG(s) 'isr_pipeline' retrieved from /opt/airflow/dags/isr_pipeline.py
[2026-04-01T12:06:51.928+0000] {logging_mixin.py:188} INFO - [2026-04-01T12:06:51.927+0000] {dag.py:3096} INFO - Sync 1 DAGs
[2026-04-01T12:06:51.973+0000] {processor.py:183} INFO - Processing /opt/airflow/dags/isr_pipeline.py took 0.150 seconds
[2026-04-01T12:07:22.105+0000] {processor.py:161} INFO - Started process (PID=42587) to work on /opt/airflow/dags/isr_pipeline.py
[2026-04-01T12:07:22.106+0000] {processor.py:830} INFO - Processing file /opt/airflow/dags/isr_pipeline.py for tasks to queue
[2026-04-01T12:07:22.108+0000] {logging_mixin.py:188} INFO - [2026-04-01T12:07:22.107+0000] {dagbag.py:540} INFO - Filling up the DagBag from /opt/airflow/dags/isr_pipeline.py
[2026-04-01T12:07:22.127+0000] {processor.py:840} INFO - DAG(s) 'isr_pipeline' retrieved from /opt/airflow/dags/isr_pipeline.py
[2026-04-01T12:07:22.165+0000] {logging_mixin.py:188} INFO - [2026-04-01T12:07:22.165+0000] {dag.py:3096} INFO - Sync 1 DAGs
[2026-04-01T12:07:22.211+0000] {processor.py:183} INFO - Processing /opt/airflow/dags/isr_pipeline.py took 0.114 seconds
[2026-04-01T12:07:52.296+0000] {processor.py:161} INFO - Started process (PID=42592) to work on /opt/airflow/dags/isr_pipeline.py
[2026-04-01T12:07:52.297+0000] {processor.py:830} INFO - Processing file /opt/airflow/dags/isr_pipeline.py for tasks to queue
[2026-04-01T12:07:52.298+0000] {logging_mixin.py:188} INFO - [2026-04-01T12:07:52.298+0000] {dagbag.py:540} INFO - Filling up the DagBag from /opt/airflow/dags/isr_pipeline.py
[2026-04-01T12:07:52.316+0000] {processor.py:840} INFO - DAG(s) 'isr_pipeline' retrieved from /opt/airflow/dags/isr_pipeline.py
[2026-04-01T12:07:52.354+0000] {logging_mixin.py:188} INFO - [2026-04-01T12:07:52.354+0000] {dag.py:3096} INFO - Sync 1 DAGs
[2026-04-01T12:07:52.398+0000] {processor.py:183} INFO - Processing /opt/airflow/dags/isr_pipeline.py took 0.110 seconds
[2026-04-01T12:08:22.544+0000] {processor.py:161} INFO - Started process (PID=42597) to work on /opt/airflow/dags/isr_pipeline.py
[2026-04-01T12:08:22.545+0000] {processor.py:830} INFO - Processing file /opt/airflow/dags/isr_pipeline.py for tasks to queue
[2026-04-01T12:08:22.546+0000] {logging_mixin.py:188} INFO - [2026-04-01T12:08:22.546+0000] {dagbag.py:540} INFO - Filling up the DagBag from /opt/airflow/dags/isr_pipeline.py
[2026-04-01T12:08:22.565+0000] {processor.py:840} INFO - DAG(s) 'isr_pipeline' retrieved from /opt/airflow/dags/isr_pipeline.py
[2026-04-01T12:08:22.602+0000] {logging_mixin.py:188} INFO - [2026-04-01T12:08:22.602+0000] {dag.py:3096} INFO - Sync 1 DAGs
[2026-04-01T12:08:22.645+0000] {processor.py:183} INFO - Processing /opt/airflow/dags/isr_pipeline.py took 0.110 seconds
[2026-04-01T12:08:52.765+0000] {processor.py:161} INFO - Started process (PID=42602) to work on /opt/airflow/dags/isr_pipeline.py
[2026-04-01T12:08:52.766+0000] {processor.py:830} INFO - Processing file /opt/airflow/dags/isr_pipeline.py for tasks to queue
[2026-04-01T12:08:52.768+0000] {logging_mixin.py:188} INFO - [2026-04-01T12:08:52.767+0000] {dagbag.py:540} INFO - Filling up the DagBag from /opt/airflow/dags/isr_pipeline.py
[2026-04-01T12:08:52.785+0000] {processor.py:840} INFO - DAG(s) 'isr_pipeline' retrieved from /opt/airflow/dags/isr_pipeline.py
[2026-04-01T12:08:52.821+0000] {logging_mixin.py:188} INFO - [2026-04-01T12:08:52.821+0000] {dag.py:3096} INFO - Sync 1 DAGs
[2026-04-01T12:08:52.863+0000] {processor.py:183} INFO - Processing /opt/airflow/dags/isr_pipeline.py took 0.107 seconds
[2026-04-01T12:09:22.996+0000] {processor.py:161} INFO - Started process (PID=42607) to work on /opt/airflow/dags/isr_pipeline.py
[2026-04-01T12:09:22.997+0000] {processor.py:830} INFO - Processing file /opt/airflow/dags/isr_pipeline.py for tasks to queue
[2026-04-01T12:09:22.999+0000] {logging_mixin.py:188} INFO - [2026-04-01T12:09:22.998+0000] {dagbag.py:540} INFO - Filling up the DagBag from /opt/airflow/dags/isr_pipeline.py
[2026-04-01T12:09:23.017+0000] {processor.py:840} INFO - DAG(s) 'isr_pipeline' retrieved from /opt/airflow/dags/isr_pipeline.py
[2026-04-01T12:09:23.054+0000] {logging_mixin.py:188} INFO - [2026-04-01T12:09:23.053+0000] {dag.py:3096} INFO - Sync 1 DAGs
[2026-04-01T12:09:23.097+0000] {processor.py:183} INFO - Processing /opt/airflow/dags/isr_pipeline.py took 0.109 seconds
[2026-04-01T12:09:53.235+0000] {processor.py:161} INFO - Started process (PID=42612) to work on /opt/airflow/dags/isr_pipeline.py
[2026-04-01T12:09:53.236+0000] {processor.py:830} INFO - Processing file /opt/airflow/dags/isr_pipeline.py for tasks to queue
[2026-04-01T12:09:53.238+0000] {logging_mixin.py:188} INFO - [2026-04-01T12:09:53.237+0000] {dagbag.py:540} INFO - Filling up the DagBag from /opt/airflow/dags/isr_pipeline.py
[2026-04-01T12:09:53.255+0000] {processor.py:840} INFO - DAG(s) 'isr_pipeline' retrieved from /opt/airflow/dags/isr_pipeline.py
[2026-04-01T12:09:53.290+0000] {logging_mixin.py:188} INFO - [2026-04-01T12:09:53.290+0000] {dag.py:3096} INFO - Sync 1 DAGs
[2026-04-01T12:09:53.333+0000] {processor.py:183} INFO - Processing /opt/airflow/dags/isr_pipeline.py took 0.107 seconds
[2026-04-01T12:10:23.449+0000] {processor.py:161} INFO - Started process (PID=42617) to work on /opt/airflow/dags/isr_pipeline.py
[2026-04-01T12:10:23.451+0000] {processor.py:830} INFO - Processing file /opt/airflow/dags/isr_pipeline.py for tasks to queue
[2026-04-01T12:10:23.452+0000] {logging_mixin.py:188} INFO - [2026-04-01T12:10:23.452+0000] {dagbag.py:540} INFO - Filling up the DagBag from /opt/airflow/dags/isr_pipeline.py
[2026-04-01T12:10:23.475+0000] {processor.py:840} INFO - DAG(s) 'isr_pipeline' retrieved from /opt/airflow/dags/isr_pipeline.py
[2026-04-01T12:10:23.524+0000] {logging_mixin.py:188} INFO - [2026-04-01T12:10:23.524+0000] {dag.py:3096} INFO - Sync 1 DAGs
[2026-04-01T12:10:23.577+0000] {processor.py:183} INFO - Processing /opt/airflow/dags/isr_pipeline.py took 0.136 seconds
[2026-04-01T12:10:53.657+0000] {processor.py:161} INFO - Started process (PID=42622) to work on /opt/airflow/dags/isr_pipeline.py
[2026-04-01T12:10:53.659+0000] {processor.py:830} INFO - Processing file /opt/airflow/dags/isr_pipeline.py for tasks to queue
[2026-04-01T12:10:53.660+0000] {logging_mixin.py:188} INFO - [2026-04-01T12:10:53.660+0000] {dagbag.py:540} INFO - Filling up the DagBag from /opt/airflow/dags/isr_pipeline.py
[2026-04-01T12:10:53.678+0000] {processor.py:840} INFO - DAG(s) 'isr_pipeline' retrieved from /opt/airflow/dags/isr_pipeline.py
[2026-04-01T12:10:53.716+0000] {logging_mixin.py:188} INFO - [2026-04-01T12:10:53.716+0000] {dag.py:3096} INFO - Sync 1 DAGs
[2026-04-01T12:10:53.758+0000] {processor.py:183} INFO - Processing /opt/airflow/dags/isr_pipeline.py took 0.108 seconds
[2026-04-01T12:11:23.871+0000] {processor.py:161} INFO - Started process (PID=42627) to work on /opt/airflow/dags/isr_pipeline.py
[2026-04-01T12:11:23.872+0000] {processor.py:830} INFO - Processing file /opt/airflow/dags/isr_pipeline.py for tasks to queue
[2026-04-01T12:11:23.874+0000] {logging_mixin.py:188} INFO - [2026-04-01T12:11:23.874+0000] {dagbag.py:540} INFO - Filling up the DagBag from /opt/airflow/dags/isr_pipeline.py
[2026-04-01T12:11:23.892+0000] {processor.py:840} INFO - DAG(s) 'isr_pipeline' retrieved from /opt/airflow/dags/isr_pipeline.py
[2026-04-01T12:11:23.929+0000] {logging_mixin.py:188} INFO - [2026-04-01T12:11:23.929+0000] {dag.py:3096} INFO - Sync 1 DAGs
[2026-04-01T12:11:23.972+0000] {processor.py:183} INFO - Processing /opt/airflow/dags/isr_pipeline.py took 0.109 seconds
[2026-04-01T12:11:54.100+0000] {processor.py:161} INFO - Started process (PID=42632) to work on /opt/airflow/dags/isr_pipeline.py
[2026-04-01T12:11:54.102+0000] {processor.py:830} INFO - Processing file /opt/airflow/dags/isr_pipeline.py for tasks to queue
[2026-04-01T12:11:54.104+0000] {logging_mixin.py:188} INFO - [2026-04-01T12:11:54.103+0000] {dagbag.py:540} INFO - Filling up the DagBag from /opt/airflow/dags/isr_pipeline.py
[2026-04-01T12:11:54.125+0000] {processor.py:840} INFO - DAG(s) 'isr_pipeline' retrieved from /opt/airflow/dags/isr_pipeline.py
[2026-04-01T12:11:54.162+0000] {logging_mixin.py:188} INFO - [2026-04-01T12:11:54.162+0000] {dag.py:3096} INFO - Sync 1 DAGs
[2026-04-01T12:11:54.203+0000] {processor.py:183} INFO - Processing /opt/airflow/dags/isr_pipeline.py took 0.113 seconds
[2026-04-01T12:12:24.326+0000] {processor.py:161} INFO - Started process (PID=42637) to work on /opt/airflow/dags/isr_pipeline.py
[2026-04-01T12:12:24.327+0000] {processor.py:830} INFO - Processing file /opt/airflow/dags/isr_pipeline.py for tasks to queue
[2026-04-01T12:12:24.329+0000] {logging_mixin.py:188} INFO - [2026-04-01T12:12:24.328+0000] {dagbag.py:540} INFO - Filling up the DagBag from /opt/airflow/dags/isr_pipeline.py
[2026-04-01T12:12:24.346+0000] {processor.py:840} INFO - DAG(s) 'isr_pipeline' retrieved from /opt/airflow/dags/isr_pipeline.py
[2026-04-01T12:12:24.384+0000] {logging_mixin.py:188} INFO - [2026-04-01T12:12:24.383+0000] {dag.py:3096} INFO - Sync 1 DAGs
[2026-04-01T12:12:24.427+0000] {processor.py:183} INFO - Processing /opt/airflow/dags/isr_pipeline.py took 0.108 seconds
[2026-04-01T12:12:54.543+0000] {processor.py:161} INFO - Started process (PID=42642) to work on /opt/airflow/dags/isr_pipeline.py
[2026-04-01T12:12:54.544+0000] {processor.py:830} INFO - Processing file /opt/airflow/dags/isr_pipeline.py for tasks to queue
[2026-04-01T12:12:54.546+0000] {logging_mixin.py:188} INFO - [2026-04-01T12:12:54.546+0000] {dagbag.py:540} INFO - Filling up the DagBag from /opt/airflow/dags/isr_pipeline.py
[2026-04-01T12:12:54.564+0000] {processor.py:840} INFO - DAG(s) 'isr_pipeline' retrieved from /opt/airflow/dags/isr_pipeline.py
[2026-04-01T12:12:54.601+0000] {logging_mixin.py:188} INFO - [2026-04-01T12:12:54.601+0000] {dag.py:3096} INFO - Sync 1 DAGs
[2026-04-01T12:12:54.645+0000] {processor.py:183} INFO - Processing /opt/airflow/dags/isr_pipeline.py took 0.111 seconds
[2026-04-01T12:13:24.759+0000] {processor.py:161} INFO - Started process (PID=42647) to work on /opt/airflow/dags/isr_pipeline.py
[2026-04-01T12:13:24.761+0000] {processor.py:830} INFO - Processing file /opt/airflow/dags/isr_pipeline.py for tasks to queue
[2026-04-01T12:13:24.762+0000] {logging_mixin.py:188} INFO - [2026-04-01T12:13:24.762+0000] {dagbag.py:540} INFO - Filling up the DagBag from /opt/airflow/dags/isr_pipeline.py
[2026-04-01T12:13:24.780+0000] {processor.py:840} INFO - DAG(s) 'isr_pipeline' retrieved from /opt/airflow/dags/isr_pipeline.py
[2026-04-01T12:13:24.817+0000] {logging_mixin.py:188} INFO - [2026-04-01T12:13:24.817+0000] {dag.py:3096} INFO - Sync 1 DAGs
[2026-04-01T12:13:24.859+0000] {processor.py:183} INFO - Processing /opt/airflow/dags/isr_pipeline.py took 0.108 seconds
[2026-04-01T12:13:55.000+0000] {processor.py:161} INFO - Started process (PID=42652) to work on /opt/airflow/dags/isr_pipeline.py
[2026-04-01T12:13:55.002+0000] {processor.py:830} INFO - Processing file /opt/airflow/dags/isr_pipeline.py for tasks to queue
[2026-04-01T12:13:55.004+0000] {logging_mixin.py:188} INFO - [2026-04-01T12:13:55.003+0000] {dagbag.py:540} INFO - Filling up the DagBag from /opt/airflow/dags/isr_pipeline.py
[2026-04-01T12:13:55.021+0000] {processor.py:840} INFO - DAG(s) 'isr_pipeline' retrieved from /opt/airflow/dags/isr_pipeline.py
[2026-04-01T12:13:55.058+0000] {logging_mixin.py:188} INFO - [2026-04-01T12:13:55.058+0000] {dag.py:3096} INFO - Sync 1 DAGs
[2026-04-01T12:13:55.101+0000] {processor.py:183} INFO - Processing /opt/airflow/dags/isr_pipeline.py took 0.109 seconds
[2026-04-01T12:14:25.213+0000] {processor.py:161} INFO - Started process (PID=42657) to work on /opt/airflow/dags/isr_pipeline.py
[2026-04-01T12:14:25.214+0000] {processor.py:830} INFO - Processing file /opt/airflow/dags/isr_pipeline.py for tasks to queue
[2026-04-01T12:14:25.216+0000] {logging_mixin.py:188} INFO - [2026-04-01T12:14:25.216+0000] {dagbag.py:540} INFO - Filling up the DagBag from /opt/airflow/dags/isr_pipeline.py
[2026-04-01T12:14:25.233+0000] {processor.py:840} INFO - DAG(s) 'isr_pipeline' retrieved from /opt/airflow/dags/isr_pipeline.py
[2026-04-01T12:14:25.271+0000] {logging_mixin.py:188} INFO - [2026-04-01T12:14:25.271+0000] {dag.py:3096} INFO - Sync 1 DAGs
[2026-04-01T12:14:25.314+0000] {processor.py:183} INFO - Processing /opt/airflow/dags/isr_pipeline.py took 0.109 seconds
[2026-04-01T12:14:55.494+0000] {processor.py:161} INFO - Started process (PID=42662) to work on /opt/airflow/dags/isr_pipeline.py
[2026-04-01T12:14:55.496+0000] {processor.py:830} INFO - Processing file /opt/airflow/dags/isr_pipeline.py for tasks to queue
[2026-04-01T12:14:55.498+0000] {logging_mixin.py:188} INFO - [2026-04-01T12:14:55.497+0000] {dagbag.py:540} INFO - Filling up the DagBag from /opt/airflow/dags/isr_pipeline.py
[2026-04-01T12:14:55.517+0000] {processor.py:840} INFO - DAG(s) 'isr_pipeline' retrieved from /opt/airflow/dags/isr_pipeline.py
[2026-04-01T12:14:55.554+0000] {logging_mixin.py:188} INFO - [2026-04-01T12:14:55.554+0000] {dag.py:3096} INFO - Sync 1 DAGs
[2026-04-01T12:14:55.598+0000] {processor.py:183} INFO - Processing /opt/airflow/dags/isr_pipeline.py took 0.112 seconds
[2026-04-01T12:15:25.669+0000] {processor.py:161} INFO - Started process (PID=42667) to work on /opt/airflow/dags/isr_pipeline.py
[2026-04-01T12:15:25.670+0000] {processor.py:830} INFO - Processing file /opt/airflow/dags/isr_pipeline.py for tasks to queue
[2026-04-01T12:15:25.671+0000] {logging_mixin.py:188} INFO - [2026-04-01T12:15:25.671+0000] {dagbag.py:540} INFO - Filling up the DagBag from /opt/airflow/dags/isr_pipeline.py
[2026-04-01T12:15:25.690+0000] {processor.py:840} INFO - DAG(s) 'isr_pipeline' retrieved from /opt/airflow/dags/isr_pipeline.py
[2026-04-01T12:15:25.727+0000] {logging_mixin.py:188} INFO - [2026-04-01T12:15:25.727+0000] {dag.py:3096} INFO - Sync 1 DAGs
[2026-04-01T12:15:25.770+0000] {processor.py:183} INFO - Processing /opt/airflow/dags/isr_pipeline.py took 0.109 seconds
[2026-04-01T12:15:55.942+0000] {processor.py:161} INFO - Started process (PID=42672) to work on /opt/airflow/dags/isr_pipeline.py
[2026-04-01T12:15:55.943+0000] {processor.py:830} INFO - Processing file /opt/airflow/dags/isr_pipeline.py for tasks to queue
[2026-04-01T12:15:55.945+0000] {logging_mixin.py:188} INFO - [2026-04-01T12:15:55.944+0000] {dagbag.py:540} INFO - Filling up the DagBag from /opt/airflow/dags/isr_pipeline.py
[2026-04-01T12:15:55.963+0000] {processor.py:840} INFO - DAG(s) 'isr_pipeline' retrieved from /opt/airflow/dags/isr_pipeline.py
[2026-04-01T12:15:56.000+0000] {logging_mixin.py:188} INFO - [2026-04-01T12:15:56.000+0000] {dag.py:3096} INFO - Sync 1 DAGs
[2026-04-01T12:15:56.044+0000] {processor.py:183} INFO - Processing /opt/airflow/dags/isr_pipeline.py took 0.111 seconds
[2026-04-01T12:16:26.120+0000] {processor.py:161} INFO - Started process (PID=42677) to work on /opt/airflow/dags/isr_pipeline.py
[2026-04-01T12:16:26.122+0000] {processor.py:830} INFO - Processing file /opt/airflow/dags/isr_pipeline.py for tasks to queue
[2026-04-01T12:16:26.123+0000] {logging_mixin.py:188} INFO - [2026-04-01T12:16:26.123+0000] {dagbag.py:540} INFO - Filling up the DagBag from /opt/airflow/dags/isr_pipeline.py
[2026-04-01T12:16:26.140+0000] {processor.py:840} INFO - DAG(s) 'isr_pipeline' retrieved from /opt/airflow/dags/isr_pipeline.py
[2026-04-01T12:16:26.178+0000] {logging_mixin.py:188} INFO - [2026-04-01T12:16:26.178+0000] {dag.py:3096} INFO - Sync 1 DAGs
[2026-04-01T12:16:26.219+0000] {processor.py:183} INFO - Processing /opt/airflow/dags/isr_pipeline.py took 0.106 seconds
[2026-04-01T12:16:56.861+0000] {processor.py:161} INFO - Started process (PID=42682) to work on /opt/airflow/dags/isr_pipeline.py
[2026-04-01T12:16:56.862+0000] {processor.py:830} INFO - Processing file /opt/airflow/dags/isr_pipeline.py for tasks to queue
[2026-04-01T12:16:56.864+0000] {logging_mixin.py:188} INFO - [2026-04-01T12:16:56.863+0000] {dagbag.py:540} INFO - Filling up the DagBag from /opt/airflow/dags/isr_pipeline.py
[2026-04-01T12:16:56.882+0000] {processor.py:840} INFO - DAG(s) 'isr_pipeline' retrieved from /opt/airflow/dags/isr_pipeline.py
[2026-04-01T12:16:56.919+0000] {logging_mixin.py:188} INFO - [2026-04-01T12:16:56.918+0000] {dag.py:3096} INFO - Sync 1 DAGs
[2026-04-01T12:16:56.963+0000] {processor.py:183} INFO - Processing /opt/airflow/dags/isr_pipeline.py took 0.111 seconds
[2026-04-01T12:17:27.041+0000] {processor.py:161} INFO - Started process (PID=42687) to work on /opt/airflow/dags/isr_pipeline.py
[2026-04-01T12:17:27.045+0000] {processor.py:830} INFO - Processing file /opt/airflow/dags/isr_pipeline.py for tasks to queue
[2026-04-01T12:17:27.046+0000] {logging_mixin.py:188} INFO - [2026-04-01T12:17:27.046+0000] {dagbag.py:540} INFO - Filling up the DagBag from /opt/airflow/dags/isr_pipeline.py
[2026-04-01T12:17:27.064+0000] {processor.py:840} INFO - DAG(s) 'isr_pipeline' retrieved from /opt/airflow/dags/isr_pipeline.py
[2026-04-01T12:17:27.102+0000] {logging_mixin.py:188} INFO - [2026-04-01T12:17:27.102+0000] {dag.py:3096} INFO - Sync 1 DAGs
[2026-04-01T12:17:27.162+0000] {processor.py:183} INFO - Processing /opt/airflow/dags/isr_pipeline.py took 0.129 seconds
[2026-04-01T12:17:57.272+0000] {processor.py:161} INFO - Started process (PID=42692) to work on /opt/airflow/dags/isr_pipeline.py
[2026-04-01T12:17:57.278+0000] {processor.py:830} INFO - Processing file /opt/airflow/dags/isr_pipeline.py for tasks to queue
[2026-04-01T12:17:57.280+0000] {logging_mixin.py:188} INFO - [2026-04-01T12:17:57.279+0000] {dagbag.py:540} INFO - Filling up the DagBag from /opt/airflow/dags/isr_pipeline.py
[2026-04-01T12:17:57.301+0000] {processor.py:840} INFO - DAG(s) 'isr_pipeline' retrieved from /opt/airflow/dags/isr_pipeline.py
[2026-04-01T12:17:57.340+0000] {logging_mixin.py:188} INFO - [2026-04-01T12:17:57.339+0000] {dag.py:3096} INFO - Sync 1 DAGs
[2026-04-01T12:17:57.386+0000] {processor.py:183} INFO - Processing /opt/airflow/dags/isr_pipeline.py took 0.123 seconds
[2026-04-01T12:18:27.475+0000] {processor.py:161} INFO - Started process (PID=42697) to work on /opt/airflow/dags/isr_pipeline.py
[2026-04-01T12:18:27.476+0000] {processor.py:830} INFO - Processing file /opt/airflow/dags/isr_pipeline.py for tasks to queue
[2026-04-01T12:18:27.478+0000] {logging_mixin.py:188} INFO - [2026-04-01T12:18:27.477+0000] {dagbag.py:540} INFO - Filling up the DagBag from /opt/airflow/dags/isr_pipeline.py
[2026-04-01T12:18:27.496+0000] {processor.py:840} INFO - DAG(s) 'isr_pipeline' retrieved from /opt/airflow/dags/isr_pipeline.py
[2026-04-01T12:18:27.534+0000] {logging_mixin.py:188} INFO - [2026-04-01T12:18:27.534+0000] {dag.py:3096} INFO - Sync 1 DAGs
[2026-04-01T12:18:27.578+0000] {processor.py:183} INFO - Processing /opt/airflow/dags/isr_pipeline.py took 0.111 seconds
[2026-04-01T12:18:57.710+0000] {processor.py:161} INFO - Started process (PID=42702) to work on /opt/airflow/dags/isr_pipeline.py
[2026-04-01T12:18:57.712+0000] {processor.py:830} INFO - Processing file /opt/airflow/dags/isr_pipeline.py for tasks to queue
[2026-04-01T12:18:57.714+0000] {logging_mixin.py:188} INFO - [2026-04-01T12:18:57.713+0000] {dagbag.py:540} INFO - Filling up the DagBag from /opt/airflow/dags/isr_pipeline.py
[2026-04-01T12:18:57.734+0000] {processor.py:840} INFO - DAG(s) 'isr_pipeline' retrieved from /opt/airflow/dags/isr_pipeline.py
[2026-04-01T12:18:57.776+0000] {logging_mixin.py:188} INFO - [2026-04-01T12:18:57.775+0000] {dag.py:3096} INFO - Sync 1 DAGs
[2026-04-01T12:18:57.823+0000] {processor.py:183} INFO - Processing /opt/airflow/dags/isr_pipeline.py took 0.121 seconds
[2026-04-01T12:19:27.892+0000] {processor.py:161} INFO - Started process (PID=42707) to work on /opt/airflow/dags/isr_pipeline.py
[2026-04-01T12:19:27.894+0000] {processor.py:830} INFO - Processing file /opt/airflow/dags/isr_pipeline.py for tasks to queue
[2026-04-01T12:19:27.895+0000] {logging_mixin.py:188} INFO - [2026-04-01T12:19:27.895+0000] {dagbag.py:540} INFO - Filling up the DagBag from /opt/airflow/dags/isr_pipeline.py
[2026-04-01T12:19:27.914+0000] {processor.py:840} INFO - DAG(s) 'isr_pipeline' retrieved from /opt/airflow/dags/isr_pipeline.py
[2026-04-01T12:19:27.953+0000] {logging_mixin.py:188} INFO - [2026-04-01T12:19:27.952+0000] {dag.py:3096} INFO - Sync 1 DAGs
[2026-04-01T12:19:27.997+0000] {processor.py:183} INFO - Processing /opt/airflow/dags/isr_pipeline.py took 0.113 seconds
[2026-04-01T12:19:58.215+0000] {processor.py:161} INFO - Started process (PID=42712) to work on /opt/airflow/dags/isr_pipeline.py
[2026-04-01T12:19:58.216+0000] {processor.py:830} INFO - Processing file /opt/airflow/dags/isr_pipeline.py for tasks to queue
[2026-04-01T12:19:58.218+0000] {logging_mixin.py:188} INFO - [2026-04-01T12:19:58.218+0000] {dagbag.py:540} INFO - Filling up the DagBag from /opt/airflow/dags/isr_pipeline.py
[2026-04-01T12:19:58.236+0000] {processor.py:840} INFO - DAG(s) 'isr_pipeline' retrieved from /opt/airflow/dags/isr_pipeline.py
[2026-04-01T12:19:58.276+0000] {logging_mixin.py:188} INFO - [2026-04-01T12:19:58.276+0000] {dag.py:3096} INFO - Sync 1 DAGs
[2026-04-01T12:19:58.322+0000] {processor.py:183} INFO - Processing /opt/airflow/dags/isr_pipeline.py took 0.115 seconds
[2026-04-01T12:20:28.396+0000] {processor.py:161} INFO - Started process (PID=42717) to work on /opt/airflow/dags/isr_pipeline.py
[2026-04-01T12:20:28.398+0000] {processor.py:830} INFO - Processing file /opt/airflow/dags/isr_pipeline.py for tasks to queue
[2026-04-01T12:20:28.400+0000] {logging_mixin.py:188} INFO - [2026-04-01T12:20:28.399+0000] {dagbag.py:540} INFO - Filling up the DagBag from /opt/airflow/dags/isr_pipeline.py
[2026-04-01T12:20:28.420+0000] {processor.py:840} INFO - DAG(s) 'isr_pipeline' retrieved from /opt/airflow/dags/isr_pipeline.py
[2026-04-01T12:20:28.471+0000] {logging_mixin.py:188} INFO - [2026-04-01T12:20:28.471+0000] {dag.py:3096} INFO - Sync 1 DAGs
[2026-04-01T12:20:28.521+0000] {processor.py:183} INFO - Processing /opt/airflow/dags/isr_pipeline.py took 0.132 seconds
[2026-04-01T12:20:58.665+0000] {processor.py:161} INFO - Started process (PID=42722) to work on /opt/airflow/dags/isr_pipeline.py
[2026-04-01T12:20:58.667+0000] {processor.py:830} INFO - Processing file /opt/airflow/dags/isr_pipeline.py for tasks to queue
[2026-04-01T12:20:58.668+0000] {logging_mixin.py:188} INFO - [2026-04-01T12:20:58.668+0000] {dagbag.py:540} INFO - Filling up the DagBag from /opt/airflow/dags/isr_pipeline.py
[2026-04-01T12:20:58.685+0000] {processor.py:840} INFO - DAG(s) 'isr_pipeline' retrieved from /opt/airflow/dags/isr_pipeline.py
[2026-04-01T12:20:58.722+0000] {logging_mixin.py:188} INFO - [2026-04-01T12:20:58.721+0000] {dag.py:3096} INFO - Sync 1 DAGs
[2026-04-01T12:20:58.765+0000] {processor.py:183} INFO - Processing /opt/airflow/dags/isr_pipeline.py took 0.107 seconds
[2026-04-01T12:21:28.882+0000] {processor.py:161} INFO - Started process (PID=42727) to work on /opt/airflow/dags/isr_pipeline.py
[2026-04-01T12:21:28.883+0000] {processor.py:830} INFO - Processing file /opt/airflow/dags/isr_pipeline.py for tasks to queue
[2026-04-01T12:21:28.885+0000] {logging_mixin.py:188} INFO - [2026-04-01T12:21:28.885+0000] {dagbag.py:540} INFO - Filling up the DagBag from /opt/airflow/dags/isr_pipeline.py
[2026-04-01T12:21:28.903+0000] {processor.py:840} INFO - DAG(s) 'isr_pipeline' retrieved from /opt/airflow/dags/isr_pipeline.py
[2026-04-01T12:21:28.940+0000] {logging_mixin.py:188} INFO - [2026-04-01T12:21:28.940+0000] {dag.py:3096} INFO - Sync 1 DAGs
[2026-04-01T12:21:28.985+0000] {processor.py:183} INFO - Processing /opt/airflow/dags/isr_pipeline.py took 0.110 seconds
[2026-04-01T12:21:59.073+0000] {processor.py:161} INFO - Started process (PID=42732) to work on /opt/airflow/dags/isr_pipeline.py
[2026-04-01T12:21:59.075+0000] {processor.py:830} INFO - Processing file /opt/airflow/dags/isr_pipeline.py for tasks to queue
[2026-04-01T12:21:59.076+0000] {logging_mixin.py:188} INFO - [2026-04-01T12:21:59.076+0000] {dagbag.py:540} INFO - Filling up the DagBag from /opt/airflow/dags/isr_pipeline.py
[2026-04-01T12:21:59.095+0000] {processor.py:840} INFO - DAG(s) 'isr_pipeline' retrieved from /opt/airflow/dags/isr_pipeline.py
[2026-04-01T12:21:59.133+0000] {logging_mixin.py:188} INFO - [2026-04-01T12:21:59.133+0000] {dag.py:3096} INFO - Sync 1 DAGs
[2026-04-01T12:21:59.174+0000] {processor.py:183} INFO - Processing /opt/airflow/dags/isr_pipeline.py took 0.110 seconds
[2026-04-01T12:22:29.354+0000] {processor.py:161} INFO - Started process (PID=42737) to work on /opt/airflow/dags/isr_pipeline.py
[2026-04-01T12:22:29.355+0000] {processor.py:830} INFO - Processing file /opt/airflow/dags/isr_pipeline.py for tasks to queue
[2026-04-01T12:22:29.356+0000] {logging_mixin.py:188} INFO - [2026-04-01T12:22:29.356+0000] {dagbag.py:540} INFO - Filling up the DagBag from /opt/airflow/dags/isr_pipeline.py
[2026-04-01T12:22:29.374+0000] {processor.py:840} INFO - DAG(s) 'isr_pipeline' retrieved from /opt/airflow/dags/isr_pipeline.py
[2026-04-01T12:22:29.412+0000] {logging_mixin.py:188} INFO - [2026-04-01T12:22:29.412+0000] {dag.py:3096} INFO - Sync 1 DAGs
[2026-04-01T12:22:29.456+0000] {processor.py:183} INFO - Processing /opt/airflow/dags/isr_pipeline.py took 0.109 seconds
[2026-04-01T12:22:59.551+0000] {processor.py:161} INFO - Started process (PID=42742) to work on /opt/airflow/dags/isr_pipeline.py
[2026-04-01T12:22:59.552+0000] {processor.py:830} INFO - Processing file /opt/airflow/dags/isr_pipeline.py for tasks to queue
[2026-04-01T12:22:59.554+0000] {logging_mixin.py:188} INFO - [2026-04-01T12:22:59.554+0000] {dagbag.py:540} INFO - Filling up the DagBag from /opt/airflow/dags/isr_pipeline.py
[2026-04-01T12:22:59.572+0000] {processor.py:840} INFO - DAG(s) 'isr_pipeline' retrieved from /opt/airflow/dags/isr_pipeline.py
[2026-04-01T12:22:59.609+0000] {logging_mixin.py:188} INFO - [2026-04-01T12:22:59.609+0000] {dag.py:3096} INFO - Sync 1 DAGs
[2026-04-01T12:22:59.653+0000] {processor.py:183} INFO - Processing /opt/airflow/dags/isr_pipeline.py took 0.111 seconds
[2026-04-01T12:23:29.796+0000] {processor.py:161} INFO - Started process (PID=42747) to work on /opt/airflow/dags/isr_pipeline.py
[2026-04-01T12:23:29.797+0000] {processor.py:830} INFO - Processing file /opt/airflow/dags/isr_pipeline.py for tasks to queue
[2026-04-01T12:23:29.799+0000] {logging_mixin.py:188} INFO - [2026-04-01T12:23:29.798+0000] {dagbag.py:540} INFO - Filling up the DagBag from /opt/airflow/dags/isr_pipeline.py
[2026-04-01T12:23:29.816+0000] {processor.py:840} INFO - DAG(s) 'isr_pipeline' retrieved from /opt/airflow/dags/isr_pipeline.py
[2026-04-01T12:23:29.852+0000] {logging_mixin.py:188} INFO - [2026-04-01T12:23:29.851+0000] {dag.py:3096} INFO - Sync 1 DAGs
[2026-04-01T12:23:29.895+0000] {processor.py:183} INFO - Processing /opt/airflow/dags/isr_pipeline.py took 0.107 seconds
[2026-04-01T12:24:00.013+0000] {processor.py:161} INFO - Started process (PID=42752) to work on /opt/airflow/dags/isr_pipeline.py
[2026-04-01T12:24:00.015+0000] {processor.py:830} INFO - Processing file /opt/airflow/dags/isr_pipeline.py for tasks to queue
[2026-04-01T12:24:00.016+0000] {logging_mixin.py:188} INFO - [2026-04-01T12:24:00.016+0000] {dagbag.py:540} INFO - Filling up the DagBag from /opt/airflow/dags/isr_pipeline.py
[2026-04-01T12:24:00.035+0000] {processor.py:840} INFO - DAG(s) 'isr_pipeline' retrieved from /opt/airflow/dags/isr_pipeline.py
[2026-04-01T12:24:00.072+0000] {logging_mixin.py:188} INFO - [2026-04-01T12:24:00.072+0000] {dag.py:3096} INFO - Sync 1 DAGs
[2026-04-01T12:24:00.116+0000] {processor.py:183} INFO - Processing /opt/airflow/dags/isr_pipeline.py took 0.111 seconds
[2026-04-01T12:24:30.196+0000] {processor.py:161} INFO - Started process (PID=42757) to work on /opt/airflow/dags/isr_pipeline.py
[2026-04-01T12:24:30.198+0000] {processor.py:830} INFO - Processing file /opt/airflow/dags/isr_pipeline.py for tasks to queue
[2026-04-01T12:24:30.199+0000] {logging_mixin.py:188} INFO - [2026-04-01T12:24:30.199+0000] {dagbag.py:540} INFO - Filling up the DagBag from /opt/airflow/dags/isr_pipeline.py
[2026-04-01T12:24:30.218+0000] {processor.py:840} INFO - DAG(s) 'isr_pipeline' retrieved from /opt/airflow/dags/isr_pipeline.py
[2026-04-01T12:24:30.255+0000] {logging_mixin.py:188} INFO - [2026-04-01T12:24:30.255+0000] {dag.py:3096} INFO - Sync 1 DAGs
[2026-04-01T12:24:30.297+0000] {processor.py:183} INFO - Processing /opt/airflow/dags/isr_pipeline.py took 0.108 seconds
[2026-04-01T12:25:00.455+0000] {processor.py:161} INFO - Started process (PID=42762) to work on /opt/airflow/dags/isr_pipeline.py
[2026-04-01T12:25:00.456+0000] {processor.py:830} INFO - Processing file /opt/airflow/dags/isr_pipeline.py for tasks to queue
[2026-04-01T12:25:00.458+0000] {logging_mixin.py:188} INFO - [2026-04-01T12:25:00.457+0000] {dagbag.py:540} INFO - Filling up the DagBag from /opt/airflow/dags/isr_pipeline.py
[2026-04-01T12:25:00.476+0000] {processor.py:840} INFO - DAG(s) 'isr_pipeline' retrieved from /opt/airflow/dags/isr_pipeline.py
[2026-04-01T12:25:00.513+0000] {logging_mixin.py:188} INFO - [2026-04-01T12:25:00.513+0000] {dag.py:3096} INFO - Sync 1 DAGs
[2026-04-01T12:25:00.556+0000] {processor.py:183} INFO - Processing /opt/airflow/dags/isr_pipeline.py took 0.110 seconds
[2026-04-01T12:25:30.747+0000] {processor.py:161} INFO - Started process (PID=42767) to work on /opt/airflow/dags/isr_pipeline.py
[2026-04-01T12:25:30.748+0000] {processor.py:830} INFO - Processing file /opt/airflow/dags/isr_pipeline.py for tasks to queue
[2026-04-01T12:25:30.750+0000] {logging_mixin.py:188} INFO - [2026-04-01T12:25:30.749+0000] {dagbag.py:540} INFO - Filling up the DagBag from /opt/airflow/dags/isr_pipeline.py
[2026-04-01T12:25:30.767+0000] {processor.py:840} INFO - DAG(s) 'isr_pipeline' retrieved from /opt/airflow/dags/isr_pipeline.py
[2026-04-01T12:25:30.804+0000] {logging_mixin.py:188} INFO - [2026-04-01T12:25:30.804+0000] {dag.py:3096} INFO - Sync 1 DAGs
[2026-04-01T12:25:30.846+0000] {processor.py:183} INFO - Processing /opt/airflow/dags/isr_pipeline.py took 0.108 seconds
[2026-04-01T12:26:01.003+0000] {processor.py:161} INFO - Started process (PID=42772) to work on /opt/airflow/dags/isr_pipeline.py
[2026-04-01T12:26:01.004+0000] {processor.py:830} INFO - Processing file /opt/airflow/dags/isr_pipeline.py for tasks to queue
[2026-04-01T12:26:01.005+0000] {logging_mixin.py:188} INFO - [2026-04-01T12:26:01.005+0000] {dagbag.py:540} INFO - Filling up the DagBag from /opt/airflow/dags/isr_pipeline.py
[2026-04-01T12:26:01.023+0000] {processor.py:840} INFO - DAG(s) 'isr_pipeline' retrieved from /opt/airflow/dags/isr_pipeline.py
[2026-04-01T12:26:01.060+0000] {logging_mixin.py:188} INFO - [2026-04-01T12:26:01.060+0000] {dag.py:3096} INFO - Sync 1 DAGs
[2026-04-01T12:26:01.104+0000] {processor.py:183} INFO - Processing /opt/airflow/dags/isr_pipeline.py took 0.109 seconds
[2026-04-01T12:26:31.234+0000] {processor.py:161} INFO - Started process (PID=42777) to work on /opt/airflow/dags/isr_pipeline.py
[2026-04-01T12:26:31.236+0000] {processor.py:830} INFO - Processing file /opt/airflow/dags/isr_pipeline.py for tasks to queue
[2026-04-01T12:26:31.238+0000] {logging_mixin.py:188} INFO - [2026-04-01T12:26:31.237+0000] {dagbag.py:540} INFO - Filling up the DagBag from /opt/airflow/dags/isr_pipeline.py
[2026-04-01T12:26:31.255+0000] {processor.py:840} INFO - DAG(s) 'isr_pipeline' retrieved from /opt/airflow/dags/isr_pipeline.py
[2026-04-01T12:26:31.291+0000] {logging_mixin.py:188} INFO - [2026-04-01T12:26:31.291+0000] {dag.py:3096} INFO - Sync 1 DAGs
[2026-04-01T12:26:31.335+0000] {processor.py:183} INFO - Processing /opt/airflow/dags/isr_pipeline.py took 0.109 seconds
[2026-04-01T12:27:01.437+0000] {processor.py:161} INFO - Started process (PID=42782) to work on /opt/airflow/dags/isr_pipeline.py
[2026-04-01T12:27:01.439+0000] {processor.py:830} INFO - Processing file /opt/airflow/dags/isr_pipeline.py for tasks to queue
[2026-04-01T12:27:01.440+0000] {logging_mixin.py:188} INFO - [2026-04-01T12:27:01.440+0000] {dagbag.py:540} INFO - Filling up the DagBag from /opt/airflow/dags/isr_pipeline.py
[2026-04-01T12:27:01.458+0000] {processor.py:840} INFO - DAG(s) 'isr_pipeline' retrieved from /opt/airflow/dags/isr_pipeline.py
[2026-04-01T12:27:01.496+0000] {logging_mixin.py:188} INFO - [2026-04-01T12:27:01.496+0000] {dag.py:3096} INFO - Sync 1 DAGs
[2026-04-01T12:27:01.539+0000] {processor.py:183} INFO - Processing /opt/airflow/dags/isr_pipeline.py took 0.110 seconds
[2026-04-01T12:27:31.652+0000] {processor.py:161} INFO - Started process (PID=42787) to work on /opt/airflow/dags/isr_pipeline.py
[2026-04-01T12:27:31.654+0000] {processor.py:830} INFO - Processing file /opt/airflow/dags/isr_pipeline.py for tasks to queue
[2026-04-01T12:27:31.658+0000] {logging_mixin.py:188} INFO - [2026-04-01T12:27:31.657+0000] {dagbag.py:540} INFO - Filling up the DagBag from /opt/airflow/dags/isr_pipeline.py
[2026-04-01T12:27:31.683+0000] {processor.py:840} INFO - DAG(s) 'isr_pipeline' retrieved from /opt/airflow/dags/isr_pipeline.py
[2026-04-01T12:27:31.745+0000] {logging_mixin.py:188} INFO - [2026-04-01T12:27:31.745+0000] {dag.py:3096} INFO - Sync 1 DAGs
[2026-04-01T12:27:31.811+0000] {processor.py:183} INFO - Processing /opt/airflow/dags/isr_pipeline.py took 0.170 seconds
[2026-04-01T12:28:02.020+0000] {processor.py:161} INFO - Started process (PID=42792) to work on /opt/airflow/dags/isr_pipeline.py
[2026-04-01T12:28:02.021+0000] {processor.py:830} INFO - Processing file /opt/airflow/dags/isr_pipeline.py for tasks to queue
[2026-04-01T12:28:02.023+0000] {logging_mixin.py:188} INFO - [2026-04-01T12:28:02.022+0000] {dagbag.py:540} INFO - Filling up the DagBag from /opt/airflow/dags/isr_pipeline.py
[2026-04-01T12:28:02.041+0000] {processor.py:840} INFO - DAG(s) 'isr_pipeline' retrieved from /opt/airflow/dags/isr_pipeline.py
[2026-04-01T12:28:02.080+0000] {logging_mixin.py:188} INFO - [2026-04-01T12:28:02.079+0000] {dag.py:3096} INFO - Sync 1 DAGs
[2026-04-01T12:28:02.123+0000] {processor.py:183} INFO - Processing /opt/airflow/dags/isr_pipeline.py took 0.112 seconds
[2026-04-01T12:28:32.221+0000] {processor.py:161} INFO - Started process (PID=42797) to work on /opt/airflow/dags/isr_pipeline.py
[2026-04-01T12:28:32.222+0000] {processor.py:830} INFO - Processing file /opt/airflow/dags/isr_pipeline.py for tasks to queue
[2026-04-01T12:28:32.223+0000] {logging_mixin.py:188} INFO - [2026-04-01T12:28:32.223+0000] {dagbag.py:540} INFO - Filling up the DagBag from /opt/airflow/dags/isr_pipeline.py
[2026-04-01T12:28:32.241+0000] {processor.py:840} INFO - DAG(s) 'isr_pipeline' retrieved from /opt/airflow/dags/isr_pipeline.py
[2026-04-01T12:28:32.285+0000] {logging_mixin.py:188} INFO - [2026-04-01T12:28:32.285+0000] {dag.py:3096} INFO - Sync 1 DAGs
[2026-04-01T12:28:32.330+0000] {processor.py:183} INFO - Processing /opt/airflow/dags/isr_pipeline.py took 0.116 seconds
[2026-04-01T12:29:02.473+0000] {processor.py:161} INFO - Started process (PID=42802) to work on /opt/airflow/dags/isr_pipeline.py
[2026-04-01T12:29:02.475+0000] {processor.py:830} INFO - Processing file /opt/airflow/dags/isr_pipeline.py for tasks to queue
[2026-04-01T12:29:02.476+0000] {logging_mixin.py:188} INFO - [2026-04-01T12:29:02.476+0000] {dagbag.py:540} INFO - Filling up the DagBag from /opt/airflow/dags/isr_pipeline.py
[2026-04-01T12:29:02.494+0000] {processor.py:840} INFO - DAG(s) 'isr_pipeline' retrieved from /opt/airflow/dags/isr_pipeline.py
[2026-04-01T12:29:02.531+0000] {logging_mixin.py:188} INFO - [2026-04-01T12:29:02.530+0000] {dag.py:3096} INFO - Sync 1 DAGs
[2026-04-01T12:29:02.576+0000] {processor.py:183} INFO - Processing /opt/airflow/dags/isr_pipeline.py took 0.111 seconds
[2026-04-01T12:29:32.660+0000] {processor.py:161} INFO - Started process (PID=42807) to work on /opt/airflow/dags/isr_pipeline.py
[2026-04-01T12:29:32.661+0000] {processor.py:830} INFO - Processing file /opt/airflow/dags/isr_pipeline.py for tasks to queue
[2026-04-01T12:29:32.663+0000] {logging_mixin.py:188} INFO - [2026-04-01T12:29:32.662+0000] {dagbag.py:540} INFO - Filling up the DagBag from /opt/airflow/dags/isr_pipeline.py
[2026-04-01T12:29:32.680+0000] {processor.py:840} INFO - DAG(s) 'isr_pipeline' retrieved from /opt/airflow/dags/isr_pipeline.py
[2026-04-01T12:29:32.718+0000] {logging_mixin.py:188} INFO - [2026-04-01T12:29:32.718+0000] {dag.py:3096} INFO - Sync 1 DAGs
[2026-04-01T12:29:32.761+0000] {processor.py:183} INFO - Processing /opt/airflow/dags/isr_pipeline.py took 0.110 seconds
[2026-04-01T12:30:02.927+0000] {processor.py:161} INFO - Started process (PID=42812) to work on /opt/airflow/dags/isr_pipeline.py
[2026-04-01T12:30:02.929+0000] {processor.py:830} INFO - Processing file /opt/airflow/dags/isr_pipeline.py for tasks to queue
[2026-04-01T12:30:02.930+0000] {logging_mixin.py:188} INFO - [2026-04-01T12:30:02.930+0000] {dagbag.py:540} INFO - Filling up the DagBag from /opt/airflow/dags/isr_pipeline.py
[2026-04-01T12:30:02.948+0000] {processor.py:840} INFO - DAG(s) 'isr_pipeline' retrieved from /opt/airflow/dags/isr_pipeline.py
[2026-04-01T12:30:02.985+0000] {logging_mixin.py:188} INFO - [2026-04-01T12:30:02.985+0000] {dag.py:3096} INFO - Sync 1 DAGs
[2026-04-01T12:30:03.029+0000] {processor.py:183} INFO - Processing /opt/airflow/dags/isr_pipeline.py took 0.109 seconds
[2026-04-01T12:30:33.115+0000] {processor.py:161} INFO - Started process (PID=42817) to work on /opt/airflow/dags/isr_pipeline.py
[2026-04-01T12:30:33.117+0000] {processor.py:830} INFO - Processing file /opt/airflow/dags/isr_pipeline.py for tasks to queue
[2026-04-01T12:30:33.118+0000] {logging_mixin.py:188} INFO - [2026-04-01T12:30:33.118+0000] {dagbag.py:540} INFO - Filling up the DagBag from /opt/airflow/dags/isr_pipeline.py
[2026-04-01T12:30:33.135+0000] {processor.py:840} INFO - DAG(s) 'isr_pipeline' retrieved from /opt/airflow/dags/isr_pipeline.py
[2026-04-01T12:30:33.172+0000] {logging_mixin.py:188} INFO - [2026-04-01T12:30:33.172+0000] {dag.py:3096} INFO - Sync 1 DAGs
[2026-04-01T12:30:33.214+0000] {processor.py:183} INFO - Processing /opt/airflow/dags/isr_pipeline.py took 0.107 seconds
[2026-04-01T12:31:03.364+0000] {processor.py:161} INFO - Started process (PID=42822) to work on /opt/airflow/dags/isr_pipeline.py
[2026-04-01T12:31:03.365+0000] {processor.py:830} INFO - Processing file /opt/airflow/dags/isr_pipeline.py for tasks to queue
[2026-04-01T12:31:03.366+0000] {logging_mixin.py:188} INFO - [2026-04-01T12:31:03.366+0000] {dagbag.py:540} INFO - Filling up the DagBag from /opt/airflow/dags/isr_pipeline.py
[2026-04-01T12:31:03.384+0000] {processor.py:840} INFO - DAG(s) 'isr_pipeline' retrieved from /opt/airflow/dags/isr_pipeline.py
[2026-04-01T12:31:03.421+0000] {logging_mixin.py:188} INFO - [2026-04-01T12:31:03.421+0000] {dag.py:3096} INFO - Sync 1 DAGs
[2026-04-01T12:31:03.464+0000] {processor.py:183} INFO - Processing /opt/airflow/dags/isr_pipeline.py took 0.108 seconds
[2026-04-01T12:31:33.544+0000] {processor.py:161} INFO - Started process (PID=42827) to work on /opt/airflow/dags/isr_pipeline.py
[2026-04-01T12:31:33.545+0000] {processor.py:830} INFO - Processing file /opt/airflow/dags/isr_pipeline.py for tasks to queue
[2026-04-01T12:31:33.547+0000] {logging_mixin.py:188} INFO - [2026-04-01T12:31:33.547+0000] {dagbag.py:540} INFO - Filling up the DagBag from /opt/airflow/dags/isr_pipeline.py
[2026-04-01T12:31:33.565+0000] {processor.py:840} INFO - DAG(s) 'isr_pipeline' retrieved from /opt/airflow/dags/isr_pipeline.py
[2026-04-01T12:31:33.604+0000] {logging_mixin.py:188} INFO - [2026-04-01T12:31:33.604+0000] {dag.py:3096} INFO - Sync 1 DAGs
[2026-04-01T12:31:33.651+0000] {processor.py:183} INFO - Processing /opt/airflow/dags/isr_pipeline.py took 0.115 seconds
[2026-04-01T12:32:03.802+0000] {processor.py:161} INFO - Started process (PID=42832) to work on /opt/airflow/dags/isr_pipeline.py
[2026-04-01T12:32:03.803+0000] {processor.py:830} INFO - Processing file /opt/airflow/dags/isr_pipeline.py for tasks to queue
[2026-04-01T12:32:03.805+0000] {logging_mixin.py:188} INFO - [2026-04-01T12:32:03.804+0000] {dagbag.py:540} INFO - Filling up the DagBag from /opt/airflow/dags/isr_pipeline.py
[2026-04-01T12:32:03.822+0000] {processor.py:840} INFO - DAG(s) 'isr_pipeline' retrieved from /opt/airflow/dags/isr_pipeline.py
[2026-04-01T12:32:03.859+0000] {logging_mixin.py:188} INFO - [2026-04-01T12:32:03.859+0000] {dag.py:3096} INFO - Sync 1 DAGs
[2026-04-01T12:32:03.903+0000] {processor.py:183} INFO - Processing /opt/airflow/dags/isr_pipeline.py took 0.108 seconds
[2026-04-01T12:32:33.964+0000] {processor.py:161} INFO - Started process (PID=42837) to work on /opt/airflow/dags/isr_pipeline.py
[2026-04-01T12:32:33.965+0000] {processor.py:830} INFO - Processing file /opt/airflow/dags/isr_pipeline.py for tasks to queue
[2026-04-01T12:32:33.967+0000] {logging_mixin.py:188} INFO - [2026-04-01T12:32:33.966+0000] {dagbag.py:540} INFO - Filling up the DagBag from /opt/airflow/dags/isr_pipeline.py
[2026-04-01T12:32:33.985+0000] {processor.py:840} INFO - DAG(s) 'isr_pipeline' retrieved from /opt/airflow/dags/isr_pipeline.py
[2026-04-01T12:32:34.027+0000] {logging_mixin.py:188} INFO - [2026-04-01T12:32:34.026+0000] {dag.py:3096} INFO - Sync 1 DAGs
[2026-04-01T12:32:34.072+0000] {processor.py:183} INFO - Processing /opt/airflow/dags/isr_pipeline.py took 0.117 seconds
[2026-04-01T12:33:04.248+0000] {processor.py:161} INFO - Started process (PID=42842) to work on /opt/airflow/dags/isr_pipeline.py
[2026-04-01T12:33:04.249+0000] {processor.py:830} INFO - Processing file /opt/airflow/dags/isr_pipeline.py for tasks to queue
[2026-04-01T12:33:04.251+0000] {logging_mixin.py:188} INFO - [2026-04-01T12:33:04.250+0000] {dagbag.py:540} INFO - Filling up the DagBag from /opt/airflow/dags/isr_pipeline.py
[2026-04-01T12:33:04.269+0000] {processor.py:840} INFO - DAG(s) 'isr_pipeline' retrieved from /opt/airflow/dags/isr_pipeline.py
[2026-04-01T12:33:04.306+0000] {logging_mixin.py:188} INFO - [2026-04-01T12:33:04.306+0000] {dag.py:3096} INFO - Sync 1 DAGs
[2026-04-01T12:33:04.349+0000] {processor.py:183} INFO - Processing /opt/airflow/dags/isr_pipeline.py took 0.109 seconds
[2026-04-01T12:33:34.440+0000] {processor.py:161} INFO - Started process (PID=42847) to work on /opt/airflow/dags/isr_pipeline.py
[2026-04-01T12:33:34.442+0000] {processor.py:830} INFO - Processing file /opt/airflow/dags/isr_pipeline.py for tasks to queue
[2026-04-01T12:33:34.443+0000] {logging_mixin.py:188} INFO - [2026-04-01T12:33:34.443+0000] {dagbag.py:540} INFO - Filling up the DagBag from /opt/airflow/dags/isr_pipeline.py
[2026-04-01T12:33:34.463+0000] {processor.py:840} INFO - DAG(s) 'isr_pipeline' retrieved from /opt/airflow/dags/isr_pipeline.py
[2026-04-01T12:33:34.502+0000] {logging_mixin.py:188} INFO - [2026-04-01T12:33:34.502+0000] {dag.py:3096} INFO - Sync 1 DAGs
[2026-04-01T12:33:34.546+0000] {processor.py:183} INFO - Processing /opt/airflow/dags/isr_pipeline.py took 0.114 seconds
[2026-04-01T12:34:04.682+0000] {processor.py:161} INFO - Started process (PID=42852) to work on /opt/airflow/dags/isr_pipeline.py
[2026-04-01T12:34:04.683+0000] {processor.py:830} INFO - Processing file /opt/airflow/dags/isr_pipeline.py for tasks to queue
[2026-04-01T12:34:04.684+0000] {logging_mixin.py:188} INFO - [2026-04-01T12:34:04.684+0000] {dagbag.py:540} INFO - Filling up the DagBag from /opt/airflow/dags/isr_pipeline.py
[2026-04-01T12:34:04.702+0000] {processor.py:840} INFO - DAG(s) 'isr_pipeline' retrieved from /opt/airflow/dags/isr_pipeline.py
[2026-04-01T12:34:04.741+0000] {logging_mixin.py:188} INFO - [2026-04-01T12:34:04.740+0000] {dag.py:3096} INFO - Sync 1 DAGs
[2026-04-01T12:34:04.785+0000] {processor.py:183} INFO - Processing /opt/airflow/dags/isr_pipeline.py took 0.112 seconds
[2026-04-01T12:34:34.933+0000] {processor.py:161} INFO - Started process (PID=42857) to work on /opt/airflow/dags/isr_pipeline.py
[2026-04-01T12:34:34.935+0000] {processor.py:830} INFO - Processing file /opt/airflow/dags/isr_pipeline.py for tasks to queue
[2026-04-01T12:34:34.937+0000] {logging_mixin.py:188} INFO - [2026-04-01T12:34:34.936+0000] {dagbag.py:540} INFO - Filling up the DagBag from /opt/airflow/dags/isr_pipeline.py
[2026-04-01T12:34:34.956+0000] {processor.py:840} INFO - DAG(s) 'isr_pipeline' retrieved from /opt/airflow/dags/isr_pipeline.py
[2026-04-01T12:34:34.998+0000] {logging_mixin.py:188} INFO - [2026-04-01T12:34:34.998+0000] {dag.py:3096} INFO - Sync 1 DAGs
[2026-04-01T12:34:35.056+0000] {processor.py:183} INFO - Processing /opt/airflow/dags/isr_pipeline.py took 0.134 seconds
[2026-04-01T12:35:05.123+0000] {processor.py:161} INFO - Started process (PID=42862) to work on /opt/airflow/dags/isr_pipeline.py
[2026-04-01T12:35:05.124+0000] {processor.py:830} INFO - Processing file /opt/airflow/dags/isr_pipeline.py for tasks to queue
[2026-04-01T12:35:05.126+0000] {logging_mixin.py:188} INFO - [2026-04-01T12:35:05.125+0000] {dagbag.py:540} INFO - Filling up the DagBag from /opt/airflow/dags/isr_pipeline.py
[2026-04-01T12:35:05.144+0000] {processor.py:840} INFO - DAG(s) 'isr_pipeline' retrieved from /opt/airflow/dags/isr_pipeline.py
[2026-04-01T12:35:05.191+0000] {logging_mixin.py:188} INFO - [2026-04-01T12:35:05.190+0000] {dag.py:3096} INFO - Sync 1 DAGs
[2026-04-01T12:35:05.237+0000] {processor.py:183} INFO - Processing /opt/airflow/dags/isr_pipeline.py took 0.122 seconds
[2026-04-01T12:35:35.408+0000] {processor.py:161} INFO - Started process (PID=42867) to work on /opt/airflow/dags/isr_pipeline.py
[2026-04-01T12:35:35.409+0000] {processor.py:830} INFO - Processing file /opt/airflow/dags/isr_pipeline.py for tasks to queue
[2026-04-01T12:35:35.410+0000] {logging_mixin.py:188} INFO - [2026-04-01T12:35:35.410+0000] {dagbag.py:540} INFO - Filling up the DagBag from /opt/airflow/dags/isr_pipeline.py
[2026-04-01T12:35:35.429+0000] {processor.py:840} INFO - DAG(s) 'isr_pipeline' retrieved from /opt/airflow/dags/isr_pipeline.py
[2026-04-01T12:35:35.468+0000] {logging_mixin.py:188} INFO - [2026-04-01T12:35:35.467+0000] {dag.py:3096} INFO - Sync 1 DAGs
[2026-04-01T12:35:35.514+0000] {processor.py:183} INFO - Processing /opt/airflow/dags/isr_pipeline.py took 0.113 seconds
[2026-04-01T12:36:05.583+0000] {processor.py:161} INFO - Started process (PID=42872) to work on /opt/airflow/dags/isr_pipeline.py
[2026-04-01T12:36:05.584+0000] {processor.py:830} INFO - Processing file /opt/airflow/dags/isr_pipeline.py for tasks to queue
[2026-04-01T12:36:05.586+0000] {logging_mixin.py:188} INFO - [2026-04-01T12:36:05.586+0000] {dagbag.py:540} INFO - Filling up the DagBag from /opt/airflow/dags/isr_pipeline.py
[2026-04-01T12:36:05.605+0000] {processor.py:840} INFO - DAG(s) 'isr_pipeline' retrieved from /opt/airflow/dags/isr_pipeline.py
[2026-04-01T12:36:05.644+0000] {logging_mixin.py:188} INFO - [2026-04-01T12:36:05.644+0000] {dag.py:3096} INFO - Sync 1 DAGs
[2026-04-01T12:36:05.688+0000] {processor.py:183} INFO - Processing /opt/airflow/dags/isr_pipeline.py took 0.113 seconds
[2026-04-01T12:36:35.774+0000] {processor.py:161} INFO - Started process (PID=42877) to work on /opt/airflow/dags/isr_pipeline.py
[2026-04-01T12:36:35.775+0000] {processor.py:830} INFO - Processing file /opt/airflow/dags/isr_pipeline.py for tasks to queue
[2026-04-01T12:36:35.776+0000] {logging_mixin.py:188} INFO - [2026-04-01T12:36:35.776+0000] {dagbag.py:540} INFO - Filling up the DagBag from /opt/airflow/dags/isr_pipeline.py
[2026-04-01T12:36:35.795+0000] {processor.py:840} INFO - DAG(s) 'isr_pipeline' retrieved from /opt/airflow/dags/isr_pipeline.py
[2026-04-01T12:36:35.833+0000] {logging_mixin.py:188} INFO - [2026-04-01T12:36:35.832+0000] {dag.py:3096} INFO - Sync 1 DAGs
[2026-04-01T12:36:35.878+0000] {processor.py:183} INFO - Processing /opt/airflow/dags/isr_pipeline.py took 0.112 seconds
[2026-04-01T12:37:06.028+0000] {processor.py:161} INFO - Started process (PID=42882) to work on /opt/airflow/dags/isr_pipeline.py
[2026-04-01T12:37:06.029+0000] {processor.py:830} INFO - Processing file /opt/airflow/dags/isr_pipeline.py for tasks to queue
[2026-04-01T12:37:06.031+0000] {logging_mixin.py:188} INFO - [2026-04-01T12:37:06.030+0000] {dagbag.py:540} INFO - Filling up the DagBag from /opt/airflow/dags/isr_pipeline.py
[2026-04-01T12:37:06.049+0000] {processor.py:840} INFO - DAG(s) 'isr_pipeline' retrieved from /opt/airflow/dags/isr_pipeline.py
[2026-04-01T12:37:06.088+0000] {logging_mixin.py:188} INFO - [2026-04-01T12:37:06.087+0000] {dag.py:3096} INFO - Sync 1 DAGs
[2026-04-01T12:37:06.133+0000] {processor.py:183} INFO - Processing /opt/airflow/dags/isr_pipeline.py took 0.112 seconds
[2026-04-01T12:37:36.203+0000] {processor.py:161} INFO - Started process (PID=42887) to work on /opt/airflow/dags/isr_pipeline.py
[2026-04-01T12:37:36.205+0000] {processor.py:830} INFO - Processing file /opt/airflow/dags/isr_pipeline.py for tasks to queue
[2026-04-01T12:37:36.206+0000] {logging_mixin.py:188} INFO - [2026-04-01T12:37:36.206+0000] {dagbag.py:540} INFO - Filling up the DagBag from /opt/airflow/dags/isr_pipeline.py
[2026-04-01T12:37:36.223+0000] {processor.py:840} INFO - DAG(s) 'isr_pipeline' retrieved from /opt/airflow/dags/isr_pipeline.py
[2026-04-01T12:37:36.262+0000] {logging_mixin.py:188} INFO - [2026-04-01T12:37:36.261+0000] {dag.py:3096} INFO - Sync 1 DAGs
[2026-04-01T12:37:36.305+0000] {processor.py:183} INFO - Processing /opt/airflow/dags/isr_pipeline.py took 0.110 seconds
[2026-04-01T12:38:06.487+0000] {processor.py:161} INFO - Started process (PID=42892) to work on /opt/airflow/dags/isr_pipeline.py
[2026-04-01T12:38:06.488+0000] {processor.py:830} INFO - Processing file /opt/airflow/dags/isr_pipeline.py for tasks to queue
[2026-04-01T12:38:06.490+0000] {logging_mixin.py:188} INFO - [2026-04-01T12:38:06.489+0000] {dagbag.py:540} INFO - Filling up the DagBag from /opt/airflow/dags/isr_pipeline.py
[2026-04-01T12:38:06.508+0000] {processor.py:840} INFO - DAG(s) 'isr_pipeline' retrieved from /opt/airflow/dags/isr_pipeline.py
[2026-04-01T12:38:06.546+0000] {logging_mixin.py:188} INFO - [2026-04-01T12:38:06.546+0000] {dag.py:3096} INFO - Sync 1 DAGs
[2026-04-01T12:38:06.590+0000] {processor.py:183} INFO - Processing /opt/airflow/dags/isr_pipeline.py took 0.111 seconds
[2026-04-01T12:38:36.651+0000] {processor.py:161} INFO - Started process (PID=42897) to work on /opt/airflow/dags/isr_pipeline.py
[2026-04-01T12:38:36.652+0000] {processor.py:830} INFO - Processing file /opt/airflow/dags/isr_pipeline.py for tasks to queue
[2026-04-01T12:38:36.654+0000] {logging_mixin.py:188} INFO - [2026-04-01T12:38:36.654+0000] {dagbag.py:540} INFO - Filling up the DagBag from /opt/airflow/dags/isr_pipeline.py
[2026-04-01T12:38:36.673+0000] {processor.py:840} INFO - DAG(s) 'isr_pipeline' retrieved from /opt/airflow/dags/isr_pipeline.py
[2026-04-01T12:38:36.712+0000] {logging_mixin.py:188} INFO - [2026-04-01T12:38:36.712+0000] {dag.py:3096} INFO - Sync 1 DAGs
[2026-04-01T12:38:36.758+0000] {processor.py:183} INFO - Processing /opt/airflow/dags/isr_pipeline.py took 0.117 seconds
[2026-04-01T12:39:06.893+0000] {processor.py:161} INFO - Started process (PID=42902) to work on /opt/airflow/dags/isr_pipeline.py
[2026-04-01T12:39:06.894+0000] {processor.py:830} INFO - Processing file /opt/airflow/dags/isr_pipeline.py for tasks to queue
[2026-04-01T12:39:06.896+0000] {logging_mixin.py:188} INFO - [2026-04-01T12:39:06.895+0000] {dagbag.py:540} INFO - Filling up the DagBag from /opt/airflow/dags/isr_pipeline.py
[2026-04-01T12:39:06.914+0000] {processor.py:840} INFO - DAG(s) 'isr_pipeline' retrieved from /opt/airflow/dags/isr_pipeline.py
[2026-04-01T12:39:06.952+0000] {logging_mixin.py:188} INFO - [2026-04-01T12:39:06.952+0000] {dag.py:3096} INFO - Sync 1 DAGs
[2026-04-01T12:39:06.998+0000] {processor.py:183} INFO - Processing /opt/airflow/dags/isr_pipeline.py took 0.114 seconds
[2026-04-01T12:39:37.075+0000] {processor.py:161} INFO - Started process (PID=42907) to work on /opt/airflow/dags/isr_pipeline.py
[2026-04-01T12:39:37.077+0000] {processor.py:830} INFO - Processing file /opt/airflow/dags/isr_pipeline.py for tasks to queue
[2026-04-01T12:39:37.078+0000] {logging_mixin.py:188} INFO - [2026-04-01T12:39:37.078+0000] {dagbag.py:540} INFO - Filling up the DagBag from /opt/airflow/dags/isr_pipeline.py
[2026-04-01T12:39:37.096+0000] {processor.py:840} INFO - DAG(s) 'isr_pipeline' retrieved from /opt/airflow/dags/isr_pipeline.py
[2026-04-01T12:39:37.135+0000] {logging_mixin.py:188} INFO - [2026-04-01T12:39:37.135+0000] {dag.py:3096} INFO - Sync 1 DAGs
[2026-04-01T12:39:37.179+0000] {processor.py:183} INFO - Processing /opt/airflow/dags/isr_pipeline.py took 0.111 seconds
[2026-04-01T12:40:07.318+0000] {processor.py:161} INFO - Started process (PID=42912) to work on /opt/airflow/dags/isr_pipeline.py
[2026-04-01T12:40:07.321+0000] {processor.py:830} INFO - Processing file /opt/airflow/dags/isr_pipeline.py for tasks to queue
[2026-04-01T12:40:07.323+0000] {logging_mixin.py:188} INFO - [2026-04-01T12:40:07.322+0000] {dagbag.py:540} INFO - Filling up the DagBag from /opt/airflow/dags/isr_pipeline.py
[2026-04-01T12:40:07.340+0000] {processor.py:840} INFO - DAG(s) 'isr_pipeline' retrieved from /opt/airflow/dags/isr_pipeline.py
[2026-04-01T12:40:07.378+0000] {logging_mixin.py:188} INFO - [2026-04-01T12:40:07.377+0000] {dag.py:3096} INFO - Sync 1 DAGs
[2026-04-01T12:40:07.422+0000] {processor.py:183} INFO - Processing /opt/airflow/dags/isr_pipeline.py took 0.112 seconds
[2026-04-01T12:40:37.489+0000] {processor.py:161} INFO - Started process (PID=42917) to work on /opt/airflow/dags/isr_pipeline.py
[2026-04-01T12:40:37.490+0000] {processor.py:830} INFO - Processing file /opt/airflow/dags/isr_pipeline.py for tasks to queue
[2026-04-01T12:40:37.491+0000] {logging_mixin.py:188} INFO - [2026-04-01T12:40:37.491+0000] {dagbag.py:540} INFO - Filling up the DagBag from /opt/airflow/dags/isr_pipeline.py
[2026-04-01T12:40:37.510+0000] {processor.py:840} INFO - DAG(s) 'isr_pipeline' retrieved from /opt/airflow/dags/isr_pipeline.py
[2026-04-01T12:40:37.549+0000] {logging_mixin.py:188} INFO - [2026-04-01T12:40:37.549+0000] {dag.py:3096} INFO - Sync 1 DAGs
[2026-04-01T12:40:37.592+0000] {processor.py:183} INFO - Processing /opt/airflow/dags/isr_pipeline.py took 0.112 seconds
[2026-04-01T12:41:07.756+0000] {processor.py:161} INFO - Started process (PID=42922) to work on /opt/airflow/dags/isr_pipeline.py
[2026-04-01T12:41:07.757+0000] {processor.py:830} INFO - Processing file /opt/airflow/dags/isr_pipeline.py for tasks to queue
[2026-04-01T12:41:07.759+0000] {logging_mixin.py:188} INFO - [2026-04-01T12:41:07.758+0000] {dagbag.py:540} INFO - Filling up the DagBag from /opt/airflow/dags/isr_pipeline.py
[2026-04-01T12:41:07.776+0000] {processor.py:840} INFO - DAG(s) 'isr_pipeline' retrieved from /opt/airflow/dags/isr_pipeline.py
[2026-04-01T12:41:07.813+0000] {logging_mixin.py:188} INFO - [2026-04-01T12:41:07.812+0000] {dag.py:3096} INFO - Sync 1 DAGs
[2026-04-01T12:41:07.855+0000] {processor.py:183} INFO - Processing /opt/airflow/dags/isr_pipeline.py took 0.106 seconds
[2026-04-01T12:41:37.931+0000] {processor.py:161} INFO - Started process (PID=42927) to work on /opt/airflow/dags/isr_pipeline.py
[2026-04-01T12:41:37.932+0000] {processor.py:830} INFO - Processing file /opt/airflow/dags/isr_pipeline.py for tasks to queue
[2026-04-01T12:41:37.933+0000] {logging_mixin.py:188} INFO - [2026-04-01T12:41:37.933+0000] {dagbag.py:540} INFO - Filling up the DagBag from /opt/airflow/dags/isr_pipeline.py
[2026-04-01T12:41:37.951+0000] {processor.py:840} INFO - DAG(s) 'isr_pipeline' retrieved from /opt/airflow/dags/isr_pipeline.py
[2026-04-01T12:41:37.990+0000] {logging_mixin.py:188} INFO - [2026-04-01T12:41:37.990+0000] {dag.py:3096} INFO - Sync 1 DAGs
[2026-04-01T12:41:38.040+0000] {processor.py:183} INFO - Processing /opt/airflow/dags/isr_pipeline.py took 0.118 seconds
[2026-04-01T12:42:08.233+0000] {processor.py:161} INFO - Started process (PID=42932) to work on /opt/airflow/dags/isr_pipeline.py
[2026-04-01T12:42:08.235+0000] {processor.py:830} INFO - Processing file /opt/airflow/dags/isr_pipeline.py for tasks to queue
[2026-04-01T12:42:08.236+0000] {logging_mixin.py:188} INFO - [2026-04-01T12:42:08.235+0000] {dagbag.py:540} INFO - Filling up the DagBag from /opt/airflow/dags/isr_pipeline.py
[2026-04-01T12:42:08.253+0000] {processor.py:840} INFO - DAG(s) 'isr_pipeline' retrieved from /opt/airflow/dags/isr_pipeline.py
[2026-04-01T12:42:08.289+0000] {logging_mixin.py:188} INFO - [2026-04-01T12:42:08.289+0000] {dag.py:3096} INFO - Sync 1 DAGs
[2026-04-01T12:42:08.332+0000] {processor.py:183} INFO - Processing /opt/airflow/dags/isr_pipeline.py took 0.106 seconds
[2026-04-01T12:42:38.415+0000] {processor.py:161} INFO - Started process (PID=42937) to work on /opt/airflow/dags/isr_pipeline.py
[2026-04-01T12:42:38.416+0000] {processor.py:830} INFO - Processing file /opt/airflow/dags/isr_pipeline.py for tasks to queue
[2026-04-01T12:42:38.418+0000] {logging_mixin.py:188} INFO - [2026-04-01T12:42:38.417+0000] {dagbag.py:540} INFO - Filling up the DagBag from /opt/airflow/dags/isr_pipeline.py
[2026-04-01T12:42:38.437+0000] {processor.py:840} INFO - DAG(s) 'isr_pipeline' retrieved from /opt/airflow/dags/isr_pipeline.py
[2026-04-01T12:42:38.482+0000] {logging_mixin.py:188} INFO - [2026-04-01T12:42:38.481+0000] {dag.py:3096} INFO - Sync 1 DAGs
[2026-04-01T12:42:38.547+0000] {processor.py:183} INFO - Processing /opt/airflow/dags/isr_pipeline.py took 0.140 seconds
[2026-04-01T12:43:08.686+0000] {processor.py:161} INFO - Started process (PID=42942) to work on /opt/airflow/dags/isr_pipeline.py
[2026-04-01T12:43:08.687+0000] {processor.py:830} INFO - Processing file /opt/airflow/dags/isr_pipeline.py for tasks to queue
[2026-04-01T12:43:08.688+0000] {logging_mixin.py:188} INFO - [2026-04-01T12:43:08.688+0000] {dagbag.py:540} INFO - Filling up the DagBag from /opt/airflow/dags/isr_pipeline.py
[2026-04-01T12:43:08.712+0000] {processor.py:840} INFO - DAG(s) 'isr_pipeline' retrieved from /opt/airflow/dags/isr_pipeline.py
[2026-04-01T12:43:08.751+0000] {logging_mixin.py:188} INFO - [2026-04-01T12:43:08.751+0000] {dag.py:3096} INFO - Sync 1 DAGs
[2026-04-01T12:43:08.797+0000] {processor.py:183} INFO - Processing /opt/airflow/dags/isr_pipeline.py took 0.120 seconds
[2026-04-01T12:43:38.882+0000] {processor.py:161} INFO - Started process (PID=42947) to work on /opt/airflow/dags/isr_pipeline.py
[2026-04-01T12:43:38.883+0000] {processor.py:830} INFO - Processing file /opt/airflow/dags/isr_pipeline.py for tasks to queue
[2026-04-01T12:43:38.884+0000] {logging_mixin.py:188} INFO - [2026-04-01T12:43:38.884+0000] {dagbag.py:540} INFO - Filling up the DagBag from /opt/airflow/dags/isr_pipeline.py
[2026-04-01T12:43:38.903+0000] {processor.py:840} INFO - DAG(s) 'isr_pipeline' retrieved from /opt/airflow/dags/isr_pipeline.py
[2026-04-01T12:43:38.941+0000] {logging_mixin.py:188} INFO - [2026-04-01T12:43:38.941+0000] {dag.py:3096} INFO - Sync 1 DAGs
[2026-04-01T12:43:38.986+0000] {processor.py:183} INFO - Processing /opt/airflow/dags/isr_pipeline.py took 0.112 seconds
[2026-04-01T12:44:09.119+0000] {processor.py:161} INFO - Started process (PID=42952) to work on /opt/airflow/dags/isr_pipeline.py
[2026-04-01T12:44:09.120+0000] {processor.py:830} INFO - Processing file /opt/airflow/dags/isr_pipeline.py for tasks to queue
[2026-04-01T12:44:09.122+0000] {logging_mixin.py:188} INFO - [2026-04-01T12:44:09.121+0000] {dagbag.py:540} INFO - Filling up the DagBag from /opt/airflow/dags/isr_pipeline.py
[2026-04-01T12:44:09.139+0000] {processor.py:840} INFO - DAG(s) 'isr_pipeline' retrieved from /opt/airflow/dags/isr_pipeline.py
[2026-04-01T12:44:09.176+0000] {logging_mixin.py:188} INFO - [2026-04-01T12:44:09.175+0000] {dag.py:3096} INFO - Sync 1 DAGs
[2026-04-01T12:44:09.218+0000] {processor.py:183} INFO - Processing /opt/airflow/dags/isr_pipeline.py took 0.107 seconds
[2026-04-01T12:44:39.281+0000] {processor.py:161} INFO - Started process (PID=42957) to work on /opt/airflow/dags/isr_pipeline.py
[2026-04-01T12:44:39.283+0000] {processor.py:830} INFO - Processing file /opt/airflow/dags/isr_pipeline.py for tasks to queue
[2026-04-01T12:44:39.285+0000] {logging_mixin.py:188} INFO - [2026-04-01T12:44:39.285+0000] {dagbag.py:540} INFO - Filling up the DagBag from /opt/airflow/dags/isr_pipeline.py
[2026-04-01T12:44:39.303+0000] {processor.py:840} INFO - DAG(s) 'isr_pipeline' retrieved from /opt/airflow/dags/isr_pipeline.py
[2026-04-01T12:44:39.343+0000] {logging_mixin.py:188} INFO - [2026-04-01T12:44:39.342+0000] {dag.py:3096} INFO - Sync 1 DAGs
[2026-04-01T12:44:39.388+0000] {processor.py:183} INFO - Processing /opt/airflow/dags/isr_pipeline.py took 0.115 seconds
[2026-04-01T12:45:09.540+0000] {processor.py:161} INFO - Started process (PID=42962) to work on /opt/airflow/dags/isr_pipeline.py
[2026-04-01T12:45:09.542+0000] {processor.py:830} INFO - Processing file /opt/airflow/dags/isr_pipeline.py for tasks to queue
[2026-04-01T12:45:09.543+0000] {logging_mixin.py:188} INFO - [2026-04-01T12:45:09.543+0000] {dagbag.py:540} INFO - Filling up the DagBag from /opt/airflow/dags/isr_pipeline.py
[2026-04-01T12:45:09.567+0000] {processor.py:840} INFO - DAG(s) 'isr_pipeline' retrieved from /opt/airflow/dags/isr_pipeline.py
[2026-04-01T12:45:09.610+0000] {logging_mixin.py:188} INFO - [2026-04-01T12:45:09.610+0000] {dag.py:3096} INFO - Sync 1 DAGs
[2026-04-01T12:45:09.662+0000] {processor.py:183} INFO - Processing /opt/airflow/dags/isr_pipeline.py took 0.131 seconds
[2026-04-01T12:45:39.722+0000] {processor.py:161} INFO - Started process (PID=42967) to work on /opt/airflow/dags/isr_pipeline.py
[2026-04-01T12:45:39.723+0000] {processor.py:830} INFO - Processing file /opt/airflow/dags/isr_pipeline.py for tasks to queue
[2026-04-01T12:45:39.724+0000] {logging_mixin.py:188} INFO - [2026-04-01T12:45:39.724+0000] {dagbag.py:540} INFO - Filling up the DagBag from /opt/airflow/dags/isr_pipeline.py
[2026-04-01T12:45:39.741+0000] {processor.py:840} INFO - DAG(s) 'isr_pipeline' retrieved from /opt/airflow/dags/isr_pipeline.py
[2026-04-01T12:45:39.778+0000] {logging_mixin.py:188} INFO - [2026-04-01T12:45:39.778+0000] {dag.py:3096} INFO - Sync 1 DAGs
[2026-04-01T12:45:39.820+0000] {processor.py:183} INFO - Processing /opt/airflow/dags/isr_pipeline.py took 0.107 seconds
[2026-04-01T12:46:09.990+0000] {processor.py:161} INFO - Started process (PID=42972) to work on /opt/airflow/dags/isr_pipeline.py
[2026-04-01T12:46:09.991+0000] {processor.py:830} INFO - Processing file /opt/airflow/dags/isr_pipeline.py for tasks to queue
[2026-04-01T12:46:09.994+0000] {logging_mixin.py:188} INFO - [2026-04-01T12:46:09.993+0000] {dagbag.py:540} INFO - Filling up the DagBag from /opt/airflow/dags/isr_pipeline.py
[2026-04-01T12:46:10.019+0000] {processor.py:840} INFO - DAG(s) 'isr_pipeline' retrieved from /opt/airflow/dags/isr_pipeline.py
[2026-04-01T12:46:10.072+0000] {logging_mixin.py:188} INFO - [2026-04-01T12:46:10.072+0000] {dag.py:3096} INFO - Sync 1 DAGs
[2026-04-01T12:46:10.145+0000] {processor.py:183} INFO - Processing /opt/airflow/dags/isr_pipeline.py took 0.167 seconds
[2026-04-01T12:46:40.325+0000] {processor.py:161} INFO - Started process (PID=42977) to work on /opt/airflow/dags/isr_pipeline.py
[2026-04-01T12:46:40.326+0000] {processor.py:830} INFO - Processing file /opt/airflow/dags/isr_pipeline.py for tasks to queue
[2026-04-01T12:46:40.328+0000] {logging_mixin.py:188} INFO - [2026-04-01T12:46:40.328+0000] {dagbag.py:540} INFO - Filling up the DagBag from /opt/airflow/dags/isr_pipeline.py
[2026-04-01T12:46:40.346+0000] {processor.py:840} INFO - DAG(s) 'isr_pipeline' retrieved from /opt/airflow/dags/isr_pipeline.py
[2026-04-01T12:46:40.386+0000] {logging_mixin.py:188} INFO - [2026-04-01T12:46:40.386+0000] {dag.py:3096} INFO - Sync 1 DAGs
[2026-04-01T12:46:40.436+0000] {processor.py:183} INFO - Processing /opt/airflow/dags/isr_pipeline.py took 0.119 seconds
[2026-04-01T12:47:10.478+0000] {processor.py:161} INFO - Started process (PID=42982) to work on /opt/airflow/dags/isr_pipeline.py
[2026-04-01T12:47:10.480+0000] {processor.py:830} INFO - Processing file /opt/airflow/dags/isr_pipeline.py for tasks to queue
[2026-04-01T12:47:10.482+0000] {logging_mixin.py:188} INFO - [2026-04-01T12:47:10.482+0000] {dagbag.py:540} INFO - Filling up the DagBag from /opt/airflow/dags/isr_pipeline.py
[2026-04-01T12:47:10.500+0000] {processor.py:840} INFO - DAG(s) 'isr_pipeline' retrieved from /opt/airflow/dags/isr_pipeline.py
[2026-04-01T12:47:10.541+0000] {logging_mixin.py:188} INFO - [2026-04-01T12:47:10.541+0000] {dag.py:3096} INFO - Sync 1 DAGs
[2026-04-01T12:47:10.588+0000] {processor.py:183} INFO - Processing /opt/airflow/dags/isr_pipeline.py took 0.118 seconds
[2026-04-01T12:47:40.706+0000] {processor.py:161} INFO - Started process (PID=42987) to work on /opt/airflow/dags/isr_pipeline.py
[2026-04-01T12:47:40.708+0000] {processor.py:830} INFO - Processing file /opt/airflow/dags/isr_pipeline.py for tasks to queue
[2026-04-01T12:47:40.709+0000] {logging_mixin.py:188} INFO - [2026-04-01T12:47:40.709+0000] {dagbag.py:540} INFO - Filling up the DagBag from /opt/airflow/dags/isr_pipeline.py
[2026-04-01T12:47:40.730+0000] {processor.py:840} INFO - DAG(s) 'isr_pipeline' retrieved from /opt/airflow/dags/isr_pipeline.py
[2026-04-01T12:47:40.771+0000] {logging_mixin.py:188} INFO - [2026-04-01T12:47:40.771+0000] {dag.py:3096} INFO - Sync 1 DAGs
[2026-04-01T12:47:40.819+0000] {processor.py:183} INFO - Processing /opt/airflow/dags/isr_pipeline.py took 0.121 seconds
[2026-04-01T12:48:10.906+0000] {processor.py:161} INFO - Started process (PID=42992) to work on /opt/airflow/dags/isr_pipeline.py
[2026-04-01T12:48:10.907+0000] {processor.py:830} INFO - Processing file /opt/airflow/dags/isr_pipeline.py for tasks to queue
[2026-04-01T12:48:10.908+0000] {logging_mixin.py:188} INFO - [2026-04-01T12:48:10.908+0000] {dagbag.py:540} INFO - Filling up the DagBag from /opt/airflow/dags/isr_pipeline.py
[2026-04-01T12:48:10.927+0000] {processor.py:840} INFO - DAG(s) 'isr_pipeline' retrieved from /opt/airflow/dags/isr_pipeline.py
[2026-04-01T12:48:10.968+0000] {logging_mixin.py:188} INFO - [2026-04-01T12:48:10.968+0000] {dag.py:3096} INFO - Sync 1 DAGs
[2026-04-01T12:48:11.014+0000] {processor.py:183} INFO - Processing /opt/airflow/dags/isr_pipeline.py took 0.116 seconds
[2026-04-01T12:48:41.144+0000] {processor.py:161} INFO - Started process (PID=42997) to work on /opt/airflow/dags/isr_pipeline.py
[2026-04-01T12:48:41.146+0000] {processor.py:830} INFO - Processing file /opt/airflow/dags/isr_pipeline.py for tasks to queue
[2026-04-01T12:48:41.148+0000] {logging_mixin.py:188} INFO - [2026-04-01T12:48:41.148+0000] {dagbag.py:540} INFO - Filling up the DagBag from /opt/airflow/dags/isr_pipeline.py
[2026-04-01T12:48:41.169+0000] {processor.py:840} INFO - DAG(s) 'isr_pipeline' retrieved from /opt/airflow/dags/isr_pipeline.py
[2026-04-01T12:48:41.207+0000] {logging_mixin.py:188} INFO - [2026-04-01T12:48:41.206+0000] {dag.py:3096} INFO - Sync 1 DAGs
[2026-04-01T12:48:41.252+0000] {processor.py:183} INFO - Processing /opt/airflow/dags/isr_pipeline.py took 0.116 seconds
[2026-04-01T12:49:11.325+0000] {processor.py:161} INFO - Started process (PID=43002) to work on /opt/airflow/dags/isr_pipeline.py
[2026-04-01T12:49:11.326+0000] {processor.py:830} INFO - Processing file /opt/airflow/dags/isr_pipeline.py for tasks to queue
[2026-04-01T12:49:11.328+0000] {logging_mixin.py:188} INFO - [2026-04-01T12:49:11.327+0000] {dagbag.py:540} INFO - Filling up the DagBag from /opt/airflow/dags/isr_pipeline.py
[2026-04-01T12:49:11.348+0000] {processor.py:840} INFO - DAG(s) 'isr_pipeline' retrieved from /opt/airflow/dags/isr_pipeline.py
[2026-04-01T12:49:11.389+0000] {logging_mixin.py:188} INFO - [2026-04-01T12:49:11.389+0000] {dag.py:3096} INFO - Sync 1 DAGs
[2026-04-01T12:49:11.439+0000] {processor.py:183} INFO - Processing /opt/airflow/dags/isr_pipeline.py took 0.124 seconds
[2026-04-01T12:49:41.553+0000] {processor.py:161} INFO - Started process (PID=43007) to work on /opt/airflow/dags/isr_pipeline.py
[2026-04-01T12:49:41.555+0000] {processor.py:830} INFO - Processing file /opt/airflow/dags/isr_pipeline.py for tasks to queue
[2026-04-01T12:49:41.557+0000] {logging_mixin.py:188} INFO - [2026-04-01T12:49:41.556+0000] {dagbag.py:540} INFO - Filling up the DagBag from /opt/airflow/dags/isr_pipeline.py
[2026-04-01T12:49:41.579+0000] {processor.py:840} INFO - DAG(s) 'isr_pipeline' retrieved from /opt/airflow/dags/isr_pipeline.py
[2026-04-01T12:49:41.624+0000] {logging_mixin.py:188} INFO - [2026-04-01T12:49:41.624+0000] {dag.py:3096} INFO - Sync 1 DAGs
[2026-04-01T12:49:41.679+0000] {processor.py:183} INFO - Processing /opt/airflow/dags/isr_pipeline.py took 0.136 seconds
[2026-04-01T12:50:11.793+0000] {processor.py:161} INFO - Started process (PID=43012) to work on /opt/airflow/dags/isr_pipeline.py
[2026-04-01T12:50:11.794+0000] {processor.py:830} INFO - Processing file /opt/airflow/dags/isr_pipeline.py for tasks to queue
[2026-04-01T12:50:11.796+0000] {logging_mixin.py:188} INFO - [2026-04-01T12:50:11.795+0000] {dagbag.py:540} INFO - Filling up the DagBag from /opt/airflow/dags/isr_pipeline.py
[2026-04-01T12:50:11.815+0000] {processor.py:840} INFO - DAG(s) 'isr_pipeline' retrieved from /opt/airflow/dags/isr_pipeline.py
[2026-04-01T12:50:11.835+0000] {logging_mixin.py:188} INFO - [2026-04-01T12:50:11.835+0000] {dag.py:3096} INFO - Sync 1 DAGs
[2026-04-01T12:50:11.882+0000] {processor.py:183} INFO - Processing /opt/airflow/dags/isr_pipeline.py took 0.119 seconds
[2026-04-01T12:50:41.999+0000] {processor.py:161} INFO - Started process (PID=43017) to work on /opt/airflow/dags/isr_pipeline.py
[2026-04-01T12:50:42.001+0000] {processor.py:830} INFO - Processing file /opt/airflow/dags/isr_pipeline.py for tasks to queue
[2026-04-01T12:50:42.002+0000] {logging_mixin.py:188} INFO - [2026-04-01T12:50:42.002+0000] {dagbag.py:540} INFO - Filling up the DagBag from /opt/airflow/dags/isr_pipeline.py
[2026-04-01T12:50:42.021+0000] {processor.py:840} INFO - DAG(s) 'isr_pipeline' retrieved from /opt/airflow/dags/isr_pipeline.py
[2026-04-01T12:50:42.060+0000] {logging_mixin.py:188} INFO - [2026-04-01T12:50:42.060+0000] {dag.py:3096} INFO - Sync 1 DAGs
[2026-04-01T12:50:42.105+0000] {processor.py:183} INFO - Processing /opt/airflow/dags/isr_pipeline.py took 0.114 seconds
[2026-04-01T12:51:12.233+0000] {processor.py:161} INFO - Started process (PID=43022) to work on /opt/airflow/dags/isr_pipeline.py
[2026-04-01T12:51:12.240+0000] {processor.py:830} INFO - Processing file /opt/airflow/dags/isr_pipeline.py for tasks to queue
[2026-04-01T12:51:12.243+0000] {logging_mixin.py:188} INFO - [2026-04-01T12:51:12.242+0000] {dagbag.py:540} INFO - Filling up the DagBag from /opt/airflow/dags/isr_pipeline.py
[2026-04-01T12:51:12.262+0000] {processor.py:840} INFO - DAG(s) 'isr_pipeline' retrieved from /opt/airflow/dags/isr_pipeline.py
[2026-04-01T12:51:12.301+0000] {logging_mixin.py:188} INFO - [2026-04-01T12:51:12.301+0000] {dag.py:3096} INFO - Sync 1 DAGs
[2026-04-01T12:51:12.358+0000] {processor.py:183} INFO - Processing /opt/airflow/dags/isr_pipeline.py took 0.137 seconds
[2026-04-01T12:51:42.573+0000] {processor.py:161} INFO - Started process (PID=43027) to work on /opt/airflow/dags/isr_pipeline.py
[2026-04-01T12:51:42.575+0000] {processor.py:830} INFO - Processing file /opt/airflow/dags/isr_pipeline.py for tasks to queue
[2026-04-01T12:51:42.577+0000] {logging_mixin.py:188} INFO - [2026-04-01T12:51:42.577+0000] {dagbag.py:540} INFO - Filling up the DagBag from /opt/airflow/dags/isr_pipeline.py
[2026-04-01T12:51:42.596+0000] {processor.py:840} INFO - DAG(s) 'isr_pipeline' retrieved from /opt/airflow/dags/isr_pipeline.py
[2026-04-01T12:51:42.635+0000] {logging_mixin.py:188} INFO - [2026-04-01T12:51:42.635+0000] {dag.py:3096} INFO - Sync 1 DAGs
[2026-04-01T12:51:42.682+0000] {processor.py:183} INFO - Processing /opt/airflow/dags/isr_pipeline.py took 0.118 seconds
[2026-04-01T12:52:12.750+0000] {processor.py:161} INFO - Started process (PID=43032) to work on /opt/airflow/dags/isr_pipeline.py
[2026-04-01T12:52:12.752+0000] {processor.py:830} INFO - Processing file /opt/airflow/dags/isr_pipeline.py for tasks to queue
[2026-04-01T12:52:12.754+0000] {logging_mixin.py:188} INFO - [2026-04-01T12:52:12.753+0000] {dagbag.py:540} INFO - Filling up the DagBag from /opt/airflow/dags/isr_pipeline.py
[2026-04-01T12:52:12.771+0000] {processor.py:840} INFO - DAG(s) 'isr_pipeline' retrieved from /opt/airflow/dags/isr_pipeline.py
[2026-04-01T12:52:12.811+0000] {logging_mixin.py:188} INFO - [2026-04-01T12:52:12.810+0000] {dag.py:3096} INFO - Sync 1 DAGs
[2026-04-01T12:52:12.856+0000] {processor.py:183} INFO - Processing /opt/airflow/dags/isr_pipeline.py took 0.114 seconds
[2026-04-01T12:52:43.053+0000] {processor.py:161} INFO - Started process (PID=43037) to work on /opt/airflow/dags/isr_pipeline.py
[2026-04-01T12:52:43.055+0000] {processor.py:830} INFO - Processing file /opt/airflow/dags/isr_pipeline.py for tasks to queue
[2026-04-01T12:52:43.057+0000] {logging_mixin.py:188} INFO - [2026-04-01T12:52:43.056+0000] {dagbag.py:540} INFO - Filling up the DagBag from /opt/airflow/dags/isr_pipeline.py
[2026-04-01T12:52:43.080+0000] {processor.py:840} INFO - DAG(s) 'isr_pipeline' retrieved from /opt/airflow/dags/isr_pipeline.py
[2026-04-01T12:52:43.122+0000] {logging_mixin.py:188} INFO - [2026-04-01T12:52:43.122+0000] {dag.py:3096} INFO - Sync 1 DAGs
[2026-04-01T12:52:43.173+0000] {processor.py:183} INFO - Processing /opt/airflow/dags/isr_pipeline.py took 0.129 seconds
[2026-04-01T12:53:13.243+0000] {processor.py:161} INFO - Started process (PID=43042) to work on /opt/airflow/dags/isr_pipeline.py
[2026-04-01T12:53:13.244+0000] {processor.py:830} INFO - Processing file /opt/airflow/dags/isr_pipeline.py for tasks to queue
[2026-04-01T12:53:13.246+0000] {logging_mixin.py:188} INFO - [2026-04-01T12:53:13.245+0000] {dagbag.py:540} INFO - Filling up the DagBag from /opt/airflow/dags/isr_pipeline.py
[2026-04-01T12:53:13.263+0000] {processor.py:840} INFO - DAG(s) 'isr_pipeline' retrieved from /opt/airflow/dags/isr_pipeline.py
[2026-04-01T12:53:13.302+0000] {logging_mixin.py:188} INFO - [2026-04-01T12:53:13.302+0000] {dag.py:3096} INFO - Sync 1 DAGs
[2026-04-01T12:53:13.345+0000] {processor.py:183} INFO - Processing /opt/airflow/dags/isr_pipeline.py took 0.111 seconds
[2026-04-01T12:53:43.501+0000] {processor.py:161} INFO - Started process (PID=43047) to work on /opt/airflow/dags/isr_pipeline.py
[2026-04-01T12:53:43.502+0000] {processor.py:830} INFO - Processing file /opt/airflow/dags/isr_pipeline.py for tasks to queue
[2026-04-01T12:53:43.503+0000] {logging_mixin.py:188} INFO - [2026-04-01T12:53:43.503+0000] {dagbag.py:540} INFO - Filling up the DagBag from /opt/airflow/dags/isr_pipeline.py
[2026-04-01T12:53:43.522+0000] {processor.py:840} INFO - DAG(s) 'isr_pipeline' retrieved from /opt/airflow/dags/isr_pipeline.py
[2026-04-01T12:53:43.561+0000] {logging_mixin.py:188} INFO - [2026-04-01T12:53:43.561+0000] {dag.py:3096} INFO - Sync 1 DAGs
[2026-04-01T12:53:43.610+0000] {processor.py:183} INFO - Processing /opt/airflow/dags/isr_pipeline.py took 0.117 seconds
[2026-04-01T12:54:13.694+0000] {processor.py:161} INFO - Started process (PID=43052) to work on /opt/airflow/dags/isr_pipeline.py
[2026-04-01T12:54:13.696+0000] {processor.py:830} INFO - Processing file /opt/airflow/dags/isr_pipeline.py for tasks to queue
[2026-04-01T12:54:13.698+0000] {logging_mixin.py:188} INFO - [2026-04-01T12:54:13.697+0000] {dagbag.py:540} INFO - Filling up the DagBag from /opt/airflow/dags/isr_pipeline.py
[2026-04-01T12:54:13.726+0000] {processor.py:840} INFO - DAG(s) 'isr_pipeline' retrieved from /opt/airflow/dags/isr_pipeline.py
[2026-04-01T12:54:13.767+0000] {logging_mixin.py:188} INFO - [2026-04-01T12:54:13.767+0000] {dag.py:3096} INFO - Sync 1 DAGs
[2026-04-01T12:54:13.811+0000] {processor.py:183} INFO - Processing /opt/airflow/dags/isr_pipeline.py took 0.126 seconds
[2026-04-01T12:54:43.938+0000] {processor.py:161} INFO - Started process (PID=43057) to work on /opt/airflow/dags/isr_pipeline.py
[2026-04-01T12:54:43.939+0000] {processor.py:830} INFO - Processing file /opt/airflow/dags/isr_pipeline.py for tasks to queue
[2026-04-01T12:54:43.940+0000] {logging_mixin.py:188} INFO - [2026-04-01T12:54:43.940+0000] {dagbag.py:540} INFO - Filling up the DagBag from /opt/airflow/dags/isr_pipeline.py
[2026-04-01T12:54:43.959+0000] {processor.py:840} INFO - DAG(s) 'isr_pipeline' retrieved from /opt/airflow/dags/isr_pipeline.py
[2026-04-01T12:54:43.997+0000] {logging_mixin.py:188} INFO - [2026-04-01T12:54:43.996+0000] {dag.py:3096} INFO - Sync 1 DAGs
[2026-04-01T12:54:44.044+0000] {processor.py:183} INFO - Processing /opt/airflow/dags/isr_pipeline.py took 0.115 seconds
[2026-04-01T12:55:14.133+0000] {processor.py:161} INFO - Started process (PID=43062) to work on /opt/airflow/dags/isr_pipeline.py
[2026-04-01T12:55:14.135+0000] {processor.py:830} INFO - Processing file /opt/airflow/dags/isr_pipeline.py for tasks to queue
[2026-04-01T12:55:14.137+0000] {logging_mixin.py:188} INFO - [2026-04-01T12:55:14.136+0000] {dagbag.py:540} INFO - Filling up the DagBag from /opt/airflow/dags/isr_pipeline.py
[2026-04-01T12:55:14.154+0000] {processor.py:840} INFO - DAG(s) 'isr_pipeline' retrieved from /opt/airflow/dags/isr_pipeline.py
[2026-04-01T12:55:14.192+0000] {logging_mixin.py:188} INFO - [2026-04-01T12:55:14.192+0000] {dag.py:3096} INFO - Sync 1 DAGs
[2026-04-01T12:55:14.235+0000] {processor.py:183} INFO - Processing /opt/airflow/dags/isr_pipeline.py took 0.110 seconds
[2026-04-01T12:55:44.353+0000] {processor.py:161} INFO - Started process (PID=43067) to work on /opt/airflow/dags/isr_pipeline.py
[2026-04-01T12:55:44.354+0000] {processor.py:830} INFO - Processing file /opt/airflow/dags/isr_pipeline.py for tasks to queue
[2026-04-01T12:55:44.356+0000] {logging_mixin.py:188} INFO - [2026-04-01T12:55:44.356+0000] {dagbag.py:540} INFO - Filling up the DagBag from /opt/airflow/dags/isr_pipeline.py
[2026-04-01T12:55:44.374+0000] {processor.py:840} INFO - DAG(s) 'isr_pipeline' retrieved from /opt/airflow/dags/isr_pipeline.py
[2026-04-01T12:55:44.412+0000] {logging_mixin.py:188} INFO - [2026-04-01T12:55:44.412+0000] {dag.py:3096} INFO - Sync 1 DAGs
[2026-04-01T12:55:44.459+0000] {processor.py:183} INFO - Processing /opt/airflow/dags/isr_pipeline.py took 0.113 seconds
[2026-04-01T12:56:14.575+0000] {processor.py:161} INFO - Started process (PID=43072) to work on /opt/airflow/dags/isr_pipeline.py
[2026-04-01T12:56:14.576+0000] {processor.py:830} INFO - Processing file /opt/airflow/dags/isr_pipeline.py for tasks to queue
[2026-04-01T12:56:14.578+0000] {logging_mixin.py:188} INFO - [2026-04-01T12:56:14.577+0000] {dagbag.py:540} INFO - Filling up the DagBag from /opt/airflow/dags/isr_pipeline.py
[2026-04-01T12:56:14.596+0000] {processor.py:840} INFO - DAG(s) 'isr_pipeline' retrieved from /opt/airflow/dags/isr_pipeline.py
[2026-04-01T12:56:14.634+0000] {logging_mixin.py:188} INFO - [2026-04-01T12:56:14.634+0000] {dag.py:3096} INFO - Sync 1 DAGs
[2026-04-01T12:56:14.677+0000] {processor.py:183} INFO - Processing /opt/airflow/dags/isr_pipeline.py took 0.111 seconds
[2026-04-01T12:56:44.799+0000] {processor.py:161} INFO - Started process (PID=43077) to work on /opt/airflow/dags/isr_pipeline.py
[2026-04-01T12:56:44.800+0000] {processor.py:830} INFO - Processing file /opt/airflow/dags/isr_pipeline.py for tasks to queue
[2026-04-01T12:56:44.801+0000] {logging_mixin.py:188} INFO - [2026-04-01T12:56:44.801+0000] {dagbag.py:540} INFO - Filling up the DagBag from /opt/airflow/dags/isr_pipeline.py
[2026-04-01T12:56:44.820+0000] {processor.py:840} INFO - DAG(s) 'isr_pipeline' retrieved from /opt/airflow/dags/isr_pipeline.py
[2026-04-01T12:56:44.863+0000] {logging_mixin.py:188} INFO - [2026-04-01T12:56:44.863+0000] {dag.py:3096} INFO - Sync 1 DAGs
[2026-04-01T12:56:44.906+0000] {processor.py:183} INFO - Processing /opt/airflow/dags/isr_pipeline.py took 0.115 seconds
[2026-04-01T12:57:15.028+0000] {processor.py:161} INFO - Started process (PID=43082) to work on /opt/airflow/dags/isr_pipeline.py
[2026-04-01T12:57:15.030+0000] {processor.py:830} INFO - Processing file /opt/airflow/dags/isr_pipeline.py for tasks to queue
[2026-04-01T12:57:15.031+0000] {logging_mixin.py:188} INFO - [2026-04-01T12:57:15.031+0000] {dagbag.py:540} INFO - Filling up the DagBag from /opt/airflow/dags/isr_pipeline.py
[2026-04-01T12:57:15.049+0000] {processor.py:840} INFO - DAG(s) 'isr_pipeline' retrieved from /opt/airflow/dags/isr_pipeline.py
[2026-04-01T12:57:15.089+0000] {logging_mixin.py:188} INFO - [2026-04-01T12:57:15.089+0000] {dag.py:3096} INFO - Sync 1 DAGs
[2026-04-01T12:57:15.135+0000] {processor.py:183} INFO - Processing /opt/airflow/dags/isr_pipeline.py took 0.115 seconds
[2026-04-01T12:57:45.258+0000] {processor.py:161} INFO - Started process (PID=43087) to work on /opt/airflow/dags/isr_pipeline.py
[2026-04-01T12:57:45.259+0000] {processor.py:830} INFO - Processing file /opt/airflow/dags/isr_pipeline.py for tasks to queue
[2026-04-01T12:57:45.261+0000] {logging_mixin.py:188} INFO - [2026-04-01T12:57:45.260+0000] {dagbag.py:540} INFO - Filling up the DagBag from /opt/airflow/dags/isr_pipeline.py
[2026-04-01T12:57:45.280+0000] {processor.py:840} INFO - DAG(s) 'isr_pipeline' retrieved from /opt/airflow/dags/isr_pipeline.py
[2026-04-01T12:57:45.317+0000] {logging_mixin.py:188} INFO - [2026-04-01T12:57:45.316+0000] {dag.py:3096} INFO - Sync 1 DAGs
[2026-04-01T12:57:45.360+0000] {processor.py:183} INFO - Processing /opt/airflow/dags/isr_pipeline.py took 0.109 seconds
[2026-04-01T12:58:15.444+0000] {processor.py:161} INFO - Started process (PID=43092) to work on /opt/airflow/dags/isr_pipeline.py
[2026-04-01T12:58:15.446+0000] {processor.py:830} INFO - Processing file /opt/airflow/dags/isr_pipeline.py for tasks to queue
[2026-04-01T12:58:15.448+0000] {logging_mixin.py:188} INFO - [2026-04-01T12:58:15.447+0000] {dagbag.py:540} INFO - Filling up the DagBag from /opt/airflow/dags/isr_pipeline.py
[2026-04-01T12:58:15.466+0000] {processor.py:840} INFO - DAG(s) 'isr_pipeline' retrieved from /opt/airflow/dags/isr_pipeline.py
[2026-04-01T12:58:15.505+0000] {logging_mixin.py:188} INFO - [2026-04-01T12:58:15.505+0000] {dag.py:3096} INFO - Sync 1 DAGs
[2026-04-01T12:58:15.549+0000] {processor.py:183} INFO - Processing /opt/airflow/dags/isr_pipeline.py took 0.113 seconds
[2026-04-01T12:58:45.694+0000] {processor.py:161} INFO - Started process (PID=43097) to work on /opt/airflow/dags/isr_pipeline.py
[2026-04-01T12:58:45.695+0000] {processor.py:830} INFO - Processing file /opt/airflow/dags/isr_pipeline.py for tasks to queue
[2026-04-01T12:58:45.696+0000] {logging_mixin.py:188} INFO - [2026-04-01T12:58:45.696+0000] {dagbag.py:540} INFO - Filling up the DagBag from /opt/airflow/dags/isr_pipeline.py
[2026-04-01T12:58:45.715+0000] {processor.py:840} INFO - DAG(s) 'isr_pipeline' retrieved from /opt/airflow/dags/isr_pipeline.py
[2026-04-01T12:58:45.753+0000] {logging_mixin.py:188} INFO - [2026-04-01T12:58:45.752+0000] {dag.py:3096} INFO - Sync 1 DAGs
[2026-04-01T12:58:45.798+0000] {processor.py:183} INFO - Processing /opt/airflow/dags/isr_pipeline.py took 0.112 seconds
[2026-04-01T12:59:15.864+0000] {processor.py:161} INFO - Started process (PID=43102) to work on /opt/airflow/dags/isr_pipeline.py
[2026-04-01T12:59:15.866+0000] {processor.py:830} INFO - Processing file /opt/airflow/dags/isr_pipeline.py for tasks to queue
[2026-04-01T12:59:15.868+0000] {logging_mixin.py:188} INFO - [2026-04-01T12:59:15.867+0000] {dagbag.py:540} INFO - Filling up the DagBag from /opt/airflow/dags/isr_pipeline.py
[2026-04-01T12:59:15.887+0000] {processor.py:840} INFO - DAG(s) 'isr_pipeline' retrieved from /opt/airflow/dags/isr_pipeline.py
[2026-04-01T12:59:15.925+0000] {logging_mixin.py:188} INFO - [2026-04-01T12:59:15.925+0000] {dag.py:3096} INFO - Sync 1 DAGs
[2026-04-01T12:59:15.973+0000] {processor.py:183} INFO - Processing /opt/airflow/dags/isr_pipeline.py took 0.118 seconds
[2026-04-01T12:59:46.132+0000] {processor.py:161} INFO - Started process (PID=43107) to work on /opt/airflow/dags/isr_pipeline.py
[2026-04-01T12:59:46.134+0000] {processor.py:830} INFO - Processing file /opt/airflow/dags/isr_pipeline.py for tasks to queue
[2026-04-01T12:59:46.136+0000] {logging_mixin.py:188} INFO - [2026-04-01T12:59:46.136+0000] {dagbag.py:540} INFO - Filling up the DagBag from /opt/airflow/dags/isr_pipeline.py
[2026-04-01T12:59:46.156+0000] {processor.py:840} INFO - DAG(s) 'isr_pipeline' retrieved from /opt/airflow/dags/isr_pipeline.py
[2026-04-01T12:59:46.193+0000] {logging_mixin.py:188} INFO - [2026-04-01T12:59:46.193+0000] {dag.py:3096} INFO - Sync 1 DAGs
[2026-04-01T12:59:46.236+0000] {processor.py:183} INFO - Processing /opt/airflow/dags/isr_pipeline.py took 0.112 seconds
[2026-04-01T13:00:16.313+0000] {processor.py:161} INFO - Started process (PID=43112) to work on /opt/airflow/dags/isr_pipeline.py
[2026-04-01T13:00:16.314+0000] {processor.py:830} INFO - Processing file /opt/airflow/dags/isr_pipeline.py for tasks to queue
[2026-04-01T13:00:16.316+0000] {logging_mixin.py:188} INFO - [2026-04-01T13:00:16.315+0000] {dagbag.py:540} INFO - Filling up the DagBag from /opt/airflow/dags/isr_pipeline.py
[2026-04-01T13:00:16.334+0000] {processor.py:840} INFO - DAG(s) 'isr_pipeline' retrieved from /opt/airflow/dags/isr_pipeline.py
[2026-04-01T13:00:16.372+0000] {logging_mixin.py:188} INFO - [2026-04-01T13:00:16.371+0000] {dag.py:3096} INFO - Sync 1 DAGs
[2026-04-01T13:00:16.416+0000] {processor.py:183} INFO - Processing /opt/airflow/dags/isr_pipeline.py took 0.111 seconds
[2026-04-01T13:00:46.569+0000] {processor.py:161} INFO - Started process (PID=43117) to work on /opt/airflow/dags/isr_pipeline.py
[2026-04-01T13:00:46.571+0000] {processor.py:830} INFO - Processing file /opt/airflow/dags/isr_pipeline.py for tasks to queue
[2026-04-01T13:00:46.572+0000] {logging_mixin.py:188} INFO - [2026-04-01T13:00:46.572+0000] {dagbag.py:540} INFO - Filling up the DagBag from /opt/airflow/dags/isr_pipeline.py
[2026-04-01T13:00:46.590+0000] {processor.py:840} INFO - DAG(s) 'isr_pipeline' retrieved from /opt/airflow/dags/isr_pipeline.py
[2026-04-01T13:00:46.628+0000] {logging_mixin.py:188} INFO - [2026-04-01T13:00:46.628+0000] {dag.py:3096} INFO - Sync 1 DAGs
[2026-04-01T13:00:46.671+0000] {processor.py:183} INFO - Processing /opt/airflow/dags/isr_pipeline.py took 0.110 seconds
[2026-04-01T13:01:16.751+0000] {processor.py:161} INFO - Started process (PID=43122) to work on /opt/airflow/dags/isr_pipeline.py
[2026-04-01T13:01:16.753+0000] {processor.py:830} INFO - Processing file /opt/airflow/dags/isr_pipeline.py for tasks to queue
[2026-04-01T13:01:16.754+0000] {logging_mixin.py:188} INFO - [2026-04-01T13:01:16.754+0000] {dagbag.py:540} INFO - Filling up the DagBag from /opt/airflow/dags/isr_pipeline.py
[2026-04-01T13:01:16.773+0000] {processor.py:840} INFO - DAG(s) 'isr_pipeline' retrieved from /opt/airflow/dags/isr_pipeline.py
[2026-04-01T13:01:16.811+0000] {logging_mixin.py:188} INFO - [2026-04-01T13:01:16.811+0000] {dag.py:3096} INFO - Sync 1 DAGs
[2026-04-01T13:01:16.853+0000] {processor.py:183} INFO - Processing /opt/airflow/dags/isr_pipeline.py took 0.110 seconds
[2026-04-01T13:01:47.012+0000] {processor.py:161} INFO - Started process (PID=43127) to work on /opt/airflow/dags/isr_pipeline.py
[2026-04-01T13:01:47.013+0000] {processor.py:830} INFO - Processing file /opt/airflow/dags/isr_pipeline.py for tasks to queue
[2026-04-01T13:01:47.014+0000] {logging_mixin.py:188} INFO - [2026-04-01T13:01:47.014+0000] {dagbag.py:540} INFO - Filling up the DagBag from /opt/airflow/dags/isr_pipeline.py
[2026-04-01T13:01:47.035+0000] {processor.py:840} INFO - DAG(s) 'isr_pipeline' retrieved from /opt/airflow/dags/isr_pipeline.py
[2026-04-01T13:01:47.073+0000] {logging_mixin.py:188} INFO - [2026-04-01T13:01:47.073+0000] {dag.py:3096} INFO - Sync 1 DAGs
[2026-04-01T13:01:47.116+0000] {processor.py:183} INFO - Processing /opt/airflow/dags/isr_pipeline.py took 0.113 seconds
[2026-04-01T13:02:17.223+0000] {processor.py:161} INFO - Started process (PID=43132) to work on /opt/airflow/dags/isr_pipeline.py
[2026-04-01T13:02:17.224+0000] {processor.py:830} INFO - Processing file /opt/airflow/dags/isr_pipeline.py for tasks to queue
[2026-04-01T13:02:17.226+0000] {logging_mixin.py:188} INFO - [2026-04-01T13:02:17.226+0000] {dagbag.py:540} INFO - Filling up the DagBag from /opt/airflow/dags/isr_pipeline.py
[2026-04-01T13:02:17.245+0000] {processor.py:840} INFO - DAG(s) 'isr_pipeline' retrieved from /opt/airflow/dags/isr_pipeline.py
[2026-04-01T13:02:17.294+0000] {logging_mixin.py:188} INFO - [2026-04-01T13:02:17.294+0000] {dag.py:3096} INFO - Sync 1 DAGs
[2026-04-01T13:02:17.345+0000] {processor.py:183} INFO - Processing /opt/airflow/dags/isr_pipeline.py took 0.130 seconds
[2026-04-01T13:02:47.465+0000] {processor.py:161} INFO - Started process (PID=43137) to work on /opt/airflow/dags/isr_pipeline.py
[2026-04-01T13:02:47.467+0000] {processor.py:830} INFO - Processing file /opt/airflow/dags/isr_pipeline.py for tasks to queue
[2026-04-01T13:02:47.468+0000] {logging_mixin.py:188} INFO - [2026-04-01T13:02:47.468+0000] {dagbag.py:540} INFO - Filling up the DagBag from /opt/airflow/dags/isr_pipeline.py
[2026-04-01T13:02:47.485+0000] {processor.py:840} INFO - DAG(s) 'isr_pipeline' retrieved from /opt/airflow/dags/isr_pipeline.py
[2026-04-01T13:02:47.522+0000] {logging_mixin.py:188} INFO - [2026-04-01T13:02:47.521+0000] {dag.py:3096} INFO - Sync 1 DAGs
[2026-04-01T13:02:47.568+0000] {processor.py:183} INFO - Processing /opt/airflow/dags/isr_pipeline.py took 0.111 seconds
[2026-04-01T13:03:17.696+0000] {processor.py:161} INFO - Started process (PID=43142) to work on /opt/airflow/dags/isr_pipeline.py
[2026-04-01T13:03:17.697+0000] {processor.py:830} INFO - Processing file /opt/airflow/dags/isr_pipeline.py for tasks to queue
[2026-04-01T13:03:17.699+0000] {logging_mixin.py:188} INFO - [2026-04-01T13:03:17.698+0000] {dagbag.py:540} INFO - Filling up the DagBag from /opt/airflow/dags/isr_pipeline.py
[2026-04-01T13:03:17.717+0000] {processor.py:840} INFO - DAG(s) 'isr_pipeline' retrieved from /opt/airflow/dags/isr_pipeline.py
[2026-04-01T13:03:17.755+0000] {logging_mixin.py:188} INFO - [2026-04-01T13:03:17.754+0000] {dag.py:3096} INFO - Sync 1 DAGs
[2026-04-01T13:03:17.798+0000] {processor.py:183} INFO - Processing /opt/airflow/dags/isr_pipeline.py took 0.112 seconds
[2026-04-01T13:03:47.874+0000] {processor.py:161} INFO - Started process (PID=43147) to work on /opt/airflow/dags/isr_pipeline.py
[2026-04-01T13:03:47.875+0000] {processor.py:830} INFO - Processing file /opt/airflow/dags/isr_pipeline.py for tasks to queue
[2026-04-01T13:03:47.877+0000] {logging_mixin.py:188} INFO - [2026-04-01T13:03:47.876+0000] {dagbag.py:540} INFO - Filling up the DagBag from /opt/airflow/dags/isr_pipeline.py
[2026-04-01T13:03:47.894+0000] {processor.py:840} INFO - DAG(s) 'isr_pipeline' retrieved from /opt/airflow/dags/isr_pipeline.py
[2026-04-01T13:03:47.932+0000] {logging_mixin.py:188} INFO - [2026-04-01T13:03:47.932+0000] {dag.py:3096} INFO - Sync 1 DAGs
[2026-04-01T13:03:47.975+0000] {processor.py:183} INFO - Processing /opt/airflow/dags/isr_pipeline.py took 0.109 seconds
[2026-04-01T13:04:18.144+0000] {processor.py:161} INFO - Started process (PID=43152) to work on /opt/airflow/dags/isr_pipeline.py
[2026-04-01T13:04:18.145+0000] {processor.py:830} INFO - Processing file /opt/airflow/dags/isr_pipeline.py for tasks to queue
[2026-04-01T13:04:18.146+0000] {logging_mixin.py:188} INFO - [2026-04-01T13:04:18.146+0000] {dagbag.py:540} INFO - Filling up the DagBag from /opt/airflow/dags/isr_pipeline.py
[2026-04-01T13:04:18.164+0000] {processor.py:840} INFO - DAG(s) 'isr_pipeline' retrieved from /opt/airflow/dags/isr_pipeline.py
[2026-04-01T13:04:18.205+0000] {logging_mixin.py:188} INFO - [2026-04-01T13:04:18.205+0000] {dag.py:3096} INFO - Sync 1 DAGs
[2026-04-01T13:04:18.250+0000] {processor.py:183} INFO - Processing /opt/airflow/dags/isr_pipeline.py took 0.114 seconds
[2026-04-01T13:04:48.316+0000] {processor.py:161} INFO - Started process (PID=43157) to work on /opt/airflow/dags/isr_pipeline.py
[2026-04-01T13:04:48.318+0000] {processor.py:830} INFO - Processing file /opt/airflow/dags/isr_pipeline.py for tasks to queue
[2026-04-01T13:04:48.320+0000] {logging_mixin.py:188} INFO - [2026-04-01T13:04:48.319+0000] {dagbag.py:540} INFO - Filling up the DagBag from /opt/airflow/dags/isr_pipeline.py
[2026-04-01T13:04:48.337+0000] {processor.py:840} INFO - DAG(s) 'isr_pipeline' retrieved from /opt/airflow/dags/isr_pipeline.py
[2026-04-01T13:04:48.375+0000] {logging_mixin.py:188} INFO - [2026-04-01T13:04:48.374+0000] {dag.py:3096} INFO - Sync 1 DAGs
[2026-04-01T13:04:48.420+0000] {processor.py:183} INFO - Processing /opt/airflow/dags/isr_pipeline.py took 0.111 seconds
[2026-04-01T13:05:18.550+0000] {processor.py:161} INFO - Started process (PID=43162) to work on /opt/airflow/dags/isr_pipeline.py
[2026-04-01T13:05:18.551+0000] {processor.py:830} INFO - Processing file /opt/airflow/dags/isr_pipeline.py for tasks to queue
[2026-04-01T13:05:18.555+0000] {logging_mixin.py:188} INFO - [2026-04-01T13:05:18.553+0000] {dagbag.py:540} INFO - Filling up the DagBag from /opt/airflow/dags/isr_pipeline.py
[2026-04-01T13:05:18.574+0000] {processor.py:840} INFO - DAG(s) 'isr_pipeline' retrieved from /opt/airflow/dags/isr_pipeline.py
[2026-04-01T13:05:18.613+0000] {logging_mixin.py:188} INFO - [2026-04-01T13:05:18.613+0000] {dag.py:3096} INFO - Sync 1 DAGs
[2026-04-01T13:05:18.661+0000] {processor.py:183} INFO - Processing /opt/airflow/dags/isr_pipeline.py took 0.118 seconds
[2026-04-01T13:05:48.738+0000] {processor.py:161} INFO - Started process (PID=43167) to work on /opt/airflow/dags/isr_pipeline.py
[2026-04-01T13:05:48.739+0000] {processor.py:830} INFO - Processing file /opt/airflow/dags/isr_pipeline.py for tasks to queue
[2026-04-01T13:05:48.740+0000] {logging_mixin.py:188} INFO - [2026-04-01T13:05:48.740+0000] {dagbag.py:540} INFO - Filling up the DagBag from /opt/airflow/dags/isr_pipeline.py
[2026-04-01T13:05:48.759+0000] {processor.py:840} INFO - DAG(s) 'isr_pipeline' retrieved from /opt/airflow/dags/isr_pipeline.py
[2026-04-01T13:05:48.796+0000] {logging_mixin.py:188} INFO - [2026-04-01T13:05:48.796+0000] {dag.py:3096} INFO - Sync 1 DAGs
[2026-04-01T13:05:48.842+0000] {processor.py:183} INFO - Processing /opt/airflow/dags/isr_pipeline.py took 0.113 seconds
[2026-04-01T13:06:19.016+0000] {processor.py:161} INFO - Started process (PID=43172) to work on /opt/airflow/dags/isr_pipeline.py
[2026-04-01T13:06:19.018+0000] {processor.py:830} INFO - Processing file /opt/airflow/dags/isr_pipeline.py for tasks to queue
[2026-04-01T13:06:19.020+0000] {logging_mixin.py:188} INFO - [2026-04-01T13:06:19.020+0000] {dagbag.py:540} INFO - Filling up the DagBag from /opt/airflow/dags/isr_pipeline.py
[2026-04-01T13:06:19.040+0000] {processor.py:840} INFO - DAG(s) 'isr_pipeline' retrieved from /opt/airflow/dags/isr_pipeline.py
[2026-04-01T13:06:19.078+0000] {logging_mixin.py:188} INFO - [2026-04-01T13:06:19.078+0000] {dag.py:3096} INFO - Sync 1 DAGs
[2026-04-01T13:06:19.124+0000] {processor.py:183} INFO - Processing /opt/airflow/dags/isr_pipeline.py took 0.115 seconds
[2026-04-01T13:06:49.232+0000] {processor.py:161} INFO - Started process (PID=43177) to work on /opt/airflow/dags/isr_pipeline.py
[2026-04-01T13:06:49.233+0000] {processor.py:830} INFO - Processing file /opt/airflow/dags/isr_pipeline.py for tasks to queue
[2026-04-01T13:06:49.234+0000] {logging_mixin.py:188} INFO - [2026-04-01T13:06:49.234+0000] {dagbag.py:540} INFO - Filling up the DagBag from /opt/airflow/dags/isr_pipeline.py
[2026-04-01T13:06:49.252+0000] {processor.py:840} INFO - DAG(s) 'isr_pipeline' retrieved from /opt/airflow/dags/isr_pipeline.py
[2026-04-01T13:06:49.289+0000] {logging_mixin.py:188} INFO - [2026-04-01T13:06:49.289+0000] {dag.py:3096} INFO - Sync 1 DAGs
[2026-04-01T13:06:49.332+0000] {processor.py:183} INFO - Processing /opt/airflow/dags/isr_pipeline.py took 0.108 seconds
[2026-04-01T13:07:19.492+0000] {processor.py:161} INFO - Started process (PID=43182) to work on /opt/airflow/dags/isr_pipeline.py
[2026-04-01T13:07:19.493+0000] {processor.py:830} INFO - Processing file /opt/airflow/dags/isr_pipeline.py for tasks to queue
[2026-04-01T13:07:19.494+0000] {logging_mixin.py:188} INFO - [2026-04-01T13:07:19.494+0000] {dagbag.py:540} INFO - Filling up the DagBag from /opt/airflow/dags/isr_pipeline.py
[2026-04-01T13:07:19.514+0000] {processor.py:840} INFO - DAG(s) 'isr_pipeline' retrieved from /opt/airflow/dags/isr_pipeline.py
[2026-04-01T13:07:19.553+0000] {logging_mixin.py:188} INFO - [2026-04-01T13:07:19.552+0000] {dag.py:3096} INFO - Sync 1 DAGs
[2026-04-01T13:07:19.597+0000] {processor.py:183} INFO - Processing /opt/airflow/dags/isr_pipeline.py took 0.112 seconds
[2026-04-01T13:07:49.764+0000] {processor.py:161} INFO - Started process (PID=43187) to work on /opt/airflow/dags/isr_pipeline.py
[2026-04-01T13:07:49.766+0000] {processor.py:830} INFO - Processing file /opt/airflow/dags/isr_pipeline.py for tasks to queue
[2026-04-01T13:07:49.768+0000] {logging_mixin.py:188} INFO - [2026-04-01T13:07:49.767+0000] {dagbag.py:540} INFO - Filling up the DagBag from /opt/airflow/dags/isr_pipeline.py
[2026-04-01T13:07:49.786+0000] {processor.py:840} INFO - DAG(s) 'isr_pipeline' retrieved from /opt/airflow/dags/isr_pipeline.py
[2026-04-01T13:07:49.823+0000] {logging_mixin.py:188} INFO - [2026-04-01T13:07:49.823+0000] {dag.py:3096} INFO - Sync 1 DAGs
[2026-04-01T13:07:49.868+0000] {processor.py:183} INFO - Processing /opt/airflow/dags/isr_pipeline.py took 0.112 seconds
[2026-04-01T13:08:19.943+0000] {processor.py:161} INFO - Started process (PID=43192) to work on /opt/airflow/dags/isr_pipeline.py
[2026-04-01T13:08:19.944+0000] {processor.py:830} INFO - Processing file /opt/airflow/dags/isr_pipeline.py for tasks to queue
[2026-04-01T13:08:19.945+0000] {logging_mixin.py:188} INFO - [2026-04-01T13:08:19.945+0000] {dagbag.py:540} INFO - Filling up the DagBag from /opt/airflow/dags/isr_pipeline.py
[2026-04-01T13:08:19.963+0000] {processor.py:840} INFO - DAG(s) 'isr_pipeline' retrieved from /opt/airflow/dags/isr_pipeline.py
[2026-04-01T13:08:20.002+0000] {logging_mixin.py:188} INFO - [2026-04-01T13:08:20.001+0000] {dag.py:3096} INFO - Sync 1 DAGs
[2026-04-01T13:08:20.047+0000] {processor.py:183} INFO - Processing /opt/airflow/dags/isr_pipeline.py took 0.112 seconds
[2026-04-01T13:08:50.242+0000] {processor.py:161} INFO - Started process (PID=43197) to work on /opt/airflow/dags/isr_pipeline.py
[2026-04-01T13:08:50.244+0000] {processor.py:830} INFO - Processing file /opt/airflow/dags/isr_pipeline.py for tasks to queue
[2026-04-01T13:08:50.245+0000] {logging_mixin.py:188} INFO - [2026-04-01T13:08:50.245+0000] {dagbag.py:540} INFO - Filling up the DagBag from /opt/airflow/dags/isr_pipeline.py
[2026-04-01T13:08:50.263+0000] {processor.py:840} INFO - DAG(s) 'isr_pipeline' retrieved from /opt/airflow/dags/isr_pipeline.py
[2026-04-01T13:08:50.299+0000] {logging_mixin.py:188} INFO - [2026-04-01T13:08:50.299+0000] {dag.py:3096} INFO - Sync 1 DAGs
[2026-04-01T13:08:50.342+0000] {processor.py:183} INFO - Processing /opt/airflow/dags/isr_pipeline.py took 0.109 seconds
[2026-04-01T13:09:20.413+0000] {processor.py:161} INFO - Started process (PID=43202) to work on /opt/airflow/dags/isr_pipeline.py
[2026-04-01T13:09:20.414+0000] {processor.py:830} INFO - Processing file /opt/airflow/dags/isr_pipeline.py for tasks to queue
[2026-04-01T13:09:20.416+0000] {logging_mixin.py:188} INFO - [2026-04-01T13:09:20.415+0000] {dagbag.py:540} INFO - Filling up the DagBag from /opt/airflow/dags/isr_pipeline.py
[2026-04-01T13:09:20.433+0000] {processor.py:840} INFO - DAG(s) 'isr_pipeline' retrieved from /opt/airflow/dags/isr_pipeline.py
[2026-04-01T13:09:20.471+0000] {logging_mixin.py:188} INFO - [2026-04-01T13:09:20.471+0000] {dag.py:3096} INFO - Sync 1 DAGs
[2026-04-01T13:09:20.514+0000] {processor.py:183} INFO - Processing /opt/airflow/dags/isr_pipeline.py took 0.109 seconds
[2026-04-01T13:09:50.670+0000] {processor.py:161} INFO - Started process (PID=43207) to work on /opt/airflow/dags/isr_pipeline.py
[2026-04-01T13:09:50.672+0000] {processor.py:830} INFO - Processing file /opt/airflow/dags/isr_pipeline.py for tasks to queue
[2026-04-01T13:09:50.674+0000] {logging_mixin.py:188} INFO - [2026-04-01T13:09:50.674+0000] {dagbag.py:540} INFO - Filling up the DagBag from /opt/airflow/dags/isr_pipeline.py
[2026-04-01T13:09:50.693+0000] {processor.py:840} INFO - DAG(s) 'isr_pipeline' retrieved from /opt/airflow/dags/isr_pipeline.py
[2026-04-01T13:09:50.732+0000] {logging_mixin.py:188} INFO - [2026-04-01T13:09:50.731+0000] {dag.py:3096} INFO - Sync 1 DAGs
[2026-04-01T13:09:50.777+0000] {processor.py:183} INFO - Processing /opt/airflow/dags/isr_pipeline.py took 0.116 seconds
[2026-04-01T13:10:20.841+0000] {processor.py:161} INFO - Started process (PID=43212) to work on /opt/airflow/dags/isr_pipeline.py
[2026-04-01T13:10:20.842+0000] {processor.py:830} INFO - Processing file /opt/airflow/dags/isr_pipeline.py for tasks to queue
[2026-04-01T13:10:20.844+0000] {logging_mixin.py:188} INFO - [2026-04-01T13:10:20.844+0000] {dagbag.py:540} INFO - Filling up the DagBag from /opt/airflow/dags/isr_pipeline.py
[2026-04-01T13:10:20.863+0000] {processor.py:840} INFO - DAG(s) 'isr_pipeline' retrieved from /opt/airflow/dags/isr_pipeline.py
[2026-04-01T13:10:20.904+0000] {logging_mixin.py:188} INFO - [2026-04-01T13:10:20.904+0000] {dag.py:3096} INFO - Sync 1 DAGs
[2026-04-01T13:10:20.954+0000] {processor.py:183} INFO - Processing /opt/airflow/dags/isr_pipeline.py took 0.121 seconds
[2026-04-01T13:10:51.110+0000] {processor.py:161} INFO - Started process (PID=43217) to work on /opt/airflow/dags/isr_pipeline.py
[2026-04-01T13:10:51.112+0000] {processor.py:830} INFO - Processing file /opt/airflow/dags/isr_pipeline.py for tasks to queue
[2026-04-01T13:10:51.114+0000] {logging_mixin.py:188} INFO - [2026-04-01T13:10:51.113+0000] {dagbag.py:540} INFO - Filling up the DagBag from /opt/airflow/dags/isr_pipeline.py
[2026-04-01T13:10:51.136+0000] {processor.py:840} INFO - DAG(s) 'isr_pipeline' retrieved from /opt/airflow/dags/isr_pipeline.py
[2026-04-01T13:10:51.183+0000] {logging_mixin.py:188} INFO - [2026-04-01T13:10:51.182+0000] {dag.py:3096} INFO - Sync 1 DAGs
[2026-04-01T13:10:51.237+0000] {processor.py:183} INFO - Processing /opt/airflow/dags/isr_pipeline.py took 0.135 seconds
[2026-04-01T13:11:21.404+0000] {processor.py:161} INFO - Started process (PID=43222) to work on /opt/airflow/dags/isr_pipeline.py
[2026-04-01T13:11:21.405+0000] {processor.py:830} INFO - Processing file /opt/airflow/dags/isr_pipeline.py for tasks to queue
[2026-04-01T13:11:21.407+0000] {logging_mixin.py:188} INFO - [2026-04-01T13:11:21.406+0000] {dagbag.py:540} INFO - Filling up the DagBag from /opt/airflow/dags/isr_pipeline.py
[2026-04-01T13:11:21.425+0000] {processor.py:840} INFO - DAG(s) 'isr_pipeline' retrieved from /opt/airflow/dags/isr_pipeline.py
[2026-04-01T13:11:21.464+0000] {logging_mixin.py:188} INFO - [2026-04-01T13:11:21.464+0000] {dag.py:3096} INFO - Sync 1 DAGs
[2026-04-01T13:11:21.510+0000] {processor.py:183} INFO - Processing /opt/airflow/dags/isr_pipeline.py took 0.114 seconds
[2026-04-01T13:11:51.574+0000] {processor.py:161} INFO - Started process (PID=43227) to work on /opt/airflow/dags/isr_pipeline.py
[2026-04-01T13:11:51.576+0000] {processor.py:830} INFO - Processing file /opt/airflow/dags/isr_pipeline.py for tasks to queue
[2026-04-01T13:11:51.577+0000] {logging_mixin.py:188} INFO - [2026-04-01T13:11:51.577+0000] {dagbag.py:540} INFO - Filling up the DagBag from /opt/airflow/dags/isr_pipeline.py
[2026-04-01T13:11:51.599+0000] {processor.py:840} INFO - DAG(s) 'isr_pipeline' retrieved from /opt/airflow/dags/isr_pipeline.py
[2026-04-01T13:11:51.641+0000] {logging_mixin.py:188} INFO - [2026-04-01T13:11:51.641+0000] {dag.py:3096} INFO - Sync 1 DAGs
[2026-04-01T13:11:51.687+0000] {processor.py:183} INFO - Processing /opt/airflow/dags/isr_pipeline.py took 0.121 seconds
[2026-04-01T13:12:21.826+0000] {processor.py:161} INFO - Started process (PID=43232) to work on /opt/airflow/dags/isr_pipeline.py
[2026-04-01T13:12:21.827+0000] {processor.py:830} INFO - Processing file /opt/airflow/dags/isr_pipeline.py for tasks to queue
[2026-04-01T13:12:21.829+0000] {logging_mixin.py:188} INFO - [2026-04-01T13:12:21.828+0000] {dagbag.py:540} INFO - Filling up the DagBag from /opt/airflow/dags/isr_pipeline.py
[2026-04-01T13:12:21.847+0000] {processor.py:840} INFO - DAG(s) 'isr_pipeline' retrieved from /opt/airflow/dags/isr_pipeline.py
[2026-04-01T13:12:21.884+0000] {logging_mixin.py:188} INFO - [2026-04-01T13:12:21.884+0000] {dag.py:3096} INFO - Sync 1 DAGs
[2026-04-01T13:12:21.928+0000] {processor.py:183} INFO - Processing /opt/airflow/dags/isr_pipeline.py took 0.110 seconds
[2026-04-01T13:12:52.040+0000] {processor.py:161} INFO - Started process (PID=43237) to work on /opt/airflow/dags/isr_pipeline.py
[2026-04-01T13:12:52.041+0000] {processor.py:830} INFO - Processing file /opt/airflow/dags/isr_pipeline.py for tasks to queue
[2026-04-01T13:12:52.042+0000] {logging_mixin.py:188} INFO - [2026-04-01T13:12:52.042+0000] {dagbag.py:540} INFO - Filling up the DagBag from /opt/airflow/dags/isr_pipeline.py
[2026-04-01T13:12:52.061+0000] {processor.py:840} INFO - DAG(s) 'isr_pipeline' retrieved from /opt/airflow/dags/isr_pipeline.py
[2026-04-01T13:12:52.100+0000] {logging_mixin.py:188} INFO - [2026-04-01T13:12:52.100+0000] {dag.py:3096} INFO - Sync 1 DAGs
[2026-04-01T13:12:52.145+0000] {processor.py:183} INFO - Processing /opt/airflow/dags/isr_pipeline.py took 0.114 seconds
[2026-04-01T13:13:22.255+0000] {processor.py:161} INFO - Started process (PID=43242) to work on /opt/airflow/dags/isr_pipeline.py
[2026-04-01T13:13:22.256+0000] {processor.py:830} INFO - Processing file /opt/airflow/dags/isr_pipeline.py for tasks to queue
[2026-04-01T13:13:22.258+0000] {logging_mixin.py:188} INFO - [2026-04-01T13:13:22.257+0000] {dagbag.py:540} INFO - Filling up the DagBag from /opt/airflow/dags/isr_pipeline.py
[2026-04-01T13:13:22.276+0000] {processor.py:840} INFO - DAG(s) 'isr_pipeline' retrieved from /opt/airflow/dags/isr_pipeline.py
[2026-04-01T13:13:22.316+0000] {logging_mixin.py:188} INFO - [2026-04-01T13:13:22.315+0000] {dag.py:3096} INFO - Sync 1 DAGs
[2026-04-01T13:13:22.363+0000] {processor.py:183} INFO - Processing /opt/airflow/dags/isr_pipeline.py took 0.116 seconds
[2026-04-01T13:13:52.479+0000] {processor.py:161} INFO - Started process (PID=43247) to work on /opt/airflow/dags/isr_pipeline.py
[2026-04-01T13:13:52.480+0000] {processor.py:830} INFO - Processing file /opt/airflow/dags/isr_pipeline.py for tasks to queue
[2026-04-01T13:13:52.482+0000] {logging_mixin.py:188} INFO - [2026-04-01T13:13:52.481+0000] {dagbag.py:540} INFO - Filling up the DagBag from /opt/airflow/dags/isr_pipeline.py
[2026-04-01T13:13:52.500+0000] {processor.py:840} INFO - DAG(s) 'isr_pipeline' retrieved from /opt/airflow/dags/isr_pipeline.py
[2026-04-01T13:13:52.538+0000] {logging_mixin.py:188} INFO - [2026-04-01T13:13:52.538+0000] {dag.py:3096} INFO - Sync 1 DAGs
[2026-04-01T13:13:52.583+0000] {processor.py:183} INFO - Processing /opt/airflow/dags/isr_pipeline.py took 0.112 seconds
[2026-04-01T13:14:22.647+0000] {processor.py:161} INFO - Started process (PID=43252) to work on /opt/airflow/dags/isr_pipeline.py
[2026-04-01T13:14:22.648+0000] {processor.py:830} INFO - Processing file /opt/airflow/dags/isr_pipeline.py for tasks to queue
[2026-04-01T13:14:22.650+0000] {logging_mixin.py:188} INFO - [2026-04-01T13:14:22.649+0000] {dagbag.py:540} INFO - Filling up the DagBag from /opt/airflow/dags/isr_pipeline.py
[2026-04-01T13:14:22.668+0000] {processor.py:840} INFO - DAG(s) 'isr_pipeline' retrieved from /opt/airflow/dags/isr_pipeline.py
[2026-04-01T13:14:22.708+0000] {logging_mixin.py:188} INFO - [2026-04-01T13:14:22.707+0000] {dag.py:3096} INFO - Sync 1 DAGs
[2026-04-01T13:14:22.751+0000] {processor.py:183} INFO - Processing /opt/airflow/dags/isr_pipeline.py took 0.112 seconds
[2026-04-01T13:14:52.922+0000] {processor.py:161} INFO - Started process (PID=43257) to work on /opt/airflow/dags/isr_pipeline.py
[2026-04-01T13:14:52.924+0000] {processor.py:830} INFO - Processing file /opt/airflow/dags/isr_pipeline.py for tasks to queue
[2026-04-01T13:14:52.925+0000] {logging_mixin.py:188} INFO - [2026-04-01T13:14:52.925+0000] {dagbag.py:540} INFO - Filling up the DagBag from /opt/airflow/dags/isr_pipeline.py
[2026-04-01T13:14:52.943+0000] {processor.py:840} INFO - DAG(s) 'isr_pipeline' retrieved from /opt/airflow/dags/isr_pipeline.py
[2026-04-01T13:14:52.980+0000] {logging_mixin.py:188} INFO - [2026-04-01T13:14:52.979+0000] {dag.py:3096} INFO - Sync 1 DAGs
[2026-04-01T13:14:53.024+0000] {processor.py:183} INFO - Processing /opt/airflow/dags/isr_pipeline.py took 0.109 seconds
[2026-04-01T13:15:23.083+0000] {processor.py:161} INFO - Started process (PID=43262) to work on /opt/airflow/dags/isr_pipeline.py
[2026-04-01T13:15:23.084+0000] {processor.py:830} INFO - Processing file /opt/airflow/dags/isr_pipeline.py for tasks to queue
[2026-04-01T13:15:23.086+0000] {logging_mixin.py:188} INFO - [2026-04-01T13:15:23.085+0000] {dagbag.py:540} INFO - Filling up the DagBag from /opt/airflow/dags/isr_pipeline.py
[2026-04-01T13:15:23.107+0000] {processor.py:840} INFO - DAG(s) 'isr_pipeline' retrieved from /opt/airflow/dags/isr_pipeline.py
[2026-04-01T13:15:23.147+0000] {logging_mixin.py:188} INFO - [2026-04-01T13:15:23.147+0000] {dag.py:3096} INFO - Sync 1 DAGs
[2026-04-01T13:15:23.197+0000] {processor.py:183} INFO - Processing /opt/airflow/dags/isr_pipeline.py took 0.122 seconds
[2026-04-01T13:15:53.426+0000] {processor.py:161} INFO - Started process (PID=43267) to work on /opt/airflow/dags/isr_pipeline.py
[2026-04-01T13:15:53.427+0000] {processor.py:830} INFO - Processing file /opt/airflow/dags/isr_pipeline.py for tasks to queue
[2026-04-01T13:15:53.429+0000] {logging_mixin.py:188} INFO - [2026-04-01T13:15:53.428+0000] {dagbag.py:540} INFO - Filling up the DagBag from /opt/airflow/dags/isr_pipeline.py
[2026-04-01T13:15:53.448+0000] {processor.py:840} INFO - DAG(s) 'isr_pipeline' retrieved from /opt/airflow/dags/isr_pipeline.py
[2026-04-01T13:15:53.490+0000] {logging_mixin.py:188} INFO - [2026-04-01T13:15:53.490+0000] {dag.py:3096} INFO - Sync 1 DAGs
[2026-04-01T13:15:53.539+0000] {processor.py:183} INFO - Processing /opt/airflow/dags/isr_pipeline.py took 0.121 seconds
[2026-04-01T13:16:23.616+0000] {processor.py:161} INFO - Started process (PID=43272) to work on /opt/airflow/dags/isr_pipeline.py
[2026-04-01T13:16:23.618+0000] {processor.py:830} INFO - Processing file /opt/airflow/dags/isr_pipeline.py for tasks to queue
[2026-04-01T13:16:23.620+0000] {logging_mixin.py:188} INFO - [2026-04-01T13:16:23.620+0000] {dagbag.py:540} INFO - Filling up the DagBag from /opt/airflow/dags/isr_pipeline.py
[2026-04-01T13:16:23.639+0000] {processor.py:840} INFO - DAG(s) 'isr_pipeline' retrieved from /opt/airflow/dags/isr_pipeline.py
[2026-04-01T13:16:23.681+0000] {logging_mixin.py:188} INFO - [2026-04-01T13:16:23.681+0000] {dag.py:3096} INFO - Sync 1 DAGs
[2026-04-01T13:16:23.731+0000] {processor.py:183} INFO - Processing /opt/airflow/dags/isr_pipeline.py took 0.125 seconds
[2026-04-01T13:16:53.888+0000] {processor.py:161} INFO - Started process (PID=43277) to work on /opt/airflow/dags/isr_pipeline.py
[2026-04-01T13:16:53.890+0000] {processor.py:830} INFO - Processing file /opt/airflow/dags/isr_pipeline.py for tasks to queue
[2026-04-01T13:16:53.892+0000] {logging_mixin.py:188} INFO - [2026-04-01T13:16:53.891+0000] {dagbag.py:540} INFO - Filling up the DagBag from /opt/airflow/dags/isr_pipeline.py
[2026-04-01T13:16:53.913+0000] {processor.py:840} INFO - DAG(s) 'isr_pipeline' retrieved from /opt/airflow/dags/isr_pipeline.py
[2026-04-01T13:16:53.952+0000] {logging_mixin.py:188} INFO - [2026-04-01T13:16:53.952+0000] {dag.py:3096} INFO - Sync 1 DAGs
[2026-04-01T13:16:54.000+0000] {processor.py:183} INFO - Processing /opt/airflow/dags/isr_pipeline.py took 0.120 seconds
[2026-04-01T13:17:24.160+0000] {processor.py:161} INFO - Started process (PID=43282) to work on /opt/airflow/dags/isr_pipeline.py
[2026-04-01T13:17:24.162+0000] {processor.py:830} INFO - Processing file /opt/airflow/dags/isr_pipeline.py for tasks to queue
[2026-04-01T13:17:24.164+0000] {logging_mixin.py:188} INFO - [2026-04-01T13:17:24.163+0000] {dagbag.py:540} INFO - Filling up the DagBag from /opt/airflow/dags/isr_pipeline.py
[2026-04-01T13:17:24.182+0000] {processor.py:840} INFO - DAG(s) 'isr_pipeline' retrieved from /opt/airflow/dags/isr_pipeline.py
[2026-04-01T13:17:24.225+0000] {logging_mixin.py:188} INFO - [2026-04-01T13:17:24.224+0000] {dag.py:3096} INFO - Sync 1 DAGs
[2026-04-01T13:17:24.282+0000] {processor.py:183} INFO - Processing /opt/airflow/dags/isr_pipeline.py took 0.130 seconds
[2026-04-01T13:17:54.414+0000] {processor.py:161} INFO - Started process (PID=43287) to work on /opt/airflow/dags/isr_pipeline.py
[2026-04-01T13:17:54.416+0000] {processor.py:830} INFO - Processing file /opt/airflow/dags/isr_pipeline.py for tasks to queue
[2026-04-01T13:17:54.417+0000] {logging_mixin.py:188} INFO - [2026-04-01T13:17:54.417+0000] {dagbag.py:540} INFO - Filling up the DagBag from /opt/airflow/dags/isr_pipeline.py
[2026-04-01T13:17:54.435+0000] {processor.py:840} INFO - DAG(s) 'isr_pipeline' retrieved from /opt/airflow/dags/isr_pipeline.py
[2026-04-01T13:17:54.475+0000] {logging_mixin.py:188} INFO - [2026-04-01T13:17:54.475+0000] {dag.py:3096} INFO - Sync 1 DAGs
[2026-04-01T13:17:54.522+0000] {processor.py:183} INFO - Processing /opt/airflow/dags/isr_pipeline.py took 0.118 seconds
[2026-04-01T13:18:24.643+0000] {processor.py:161} INFO - Started process (PID=43292) to work on /opt/airflow/dags/isr_pipeline.py
[2026-04-01T13:18:24.645+0000] {processor.py:830} INFO - Processing file /opt/airflow/dags/isr_pipeline.py for tasks to queue
[2026-04-01T13:18:24.646+0000] {logging_mixin.py:188} INFO - [2026-04-01T13:18:24.646+0000] {dagbag.py:540} INFO - Filling up the DagBag from /opt/airflow/dags/isr_pipeline.py
[2026-04-01T13:18:24.667+0000] {processor.py:840} INFO - DAG(s) 'isr_pipeline' retrieved from /opt/airflow/dags/isr_pipeline.py
[2026-04-01T13:18:24.707+0000] {logging_mixin.py:188} INFO - [2026-04-01T13:18:24.706+0000] {dag.py:3096} INFO - Sync 1 DAGs
[2026-04-01T13:18:24.756+0000] {processor.py:183} INFO - Processing /opt/airflow/dags/isr_pipeline.py took 0.122 seconds
[2026-04-01T13:18:54.923+0000] {processor.py:161} INFO - Started process (PID=43297) to work on /opt/airflow/dags/isr_pipeline.py
[2026-04-01T13:18:54.924+0000] {processor.py:830} INFO - Processing file /opt/airflow/dags/isr_pipeline.py for tasks to queue
[2026-04-01T13:18:54.926+0000] {logging_mixin.py:188} INFO - [2026-04-01T13:18:54.926+0000] {dagbag.py:540} INFO - Filling up the DagBag from /opt/airflow/dags/isr_pipeline.py
[2026-04-01T13:18:54.943+0000] {processor.py:840} INFO - DAG(s) 'isr_pipeline' retrieved from /opt/airflow/dags/isr_pipeline.py
[2026-04-01T13:18:54.986+0000] {logging_mixin.py:188} INFO - [2026-04-01T13:18:54.985+0000] {dag.py:3096} INFO - Sync 1 DAGs
[2026-04-01T13:18:55.035+0000] {processor.py:183} INFO - Processing /opt/airflow/dags/isr_pipeline.py took 0.122 seconds
[2026-04-01T13:19:25.197+0000] {processor.py:161} INFO - Started process (PID=43302) to work on /opt/airflow/dags/isr_pipeline.py
[2026-04-01T13:19:25.198+0000] {processor.py:830} INFO - Processing file /opt/airflow/dags/isr_pipeline.py for tasks to queue
[2026-04-01T13:19:25.200+0000] {logging_mixin.py:188} INFO - [2026-04-01T13:19:25.199+0000] {dagbag.py:540} INFO - Filling up the DagBag from /opt/airflow/dags/isr_pipeline.py
[2026-04-01T13:19:25.220+0000] {processor.py:840} INFO - DAG(s) 'isr_pipeline' retrieved from /opt/airflow/dags/isr_pipeline.py
[2026-04-01T13:19:25.257+0000] {logging_mixin.py:188} INFO - [2026-04-01T13:19:25.257+0000] {dag.py:3096} INFO - Sync 1 DAGs
[2026-04-01T13:19:25.304+0000] {processor.py:183} INFO - Processing /opt/airflow/dags/isr_pipeline.py took 0.116 seconds
[2026-04-01T13:19:55.401+0000] {processor.py:161} INFO - Started process (PID=43307) to work on /opt/airflow/dags/isr_pipeline.py
[2026-04-01T13:19:55.402+0000] {processor.py:830} INFO - Processing file /opt/airflow/dags/isr_pipeline.py for tasks to queue
[2026-04-01T13:19:55.403+0000] {logging_mixin.py:188} INFO - [2026-04-01T13:19:55.403+0000] {dagbag.py:540} INFO - Filling up the DagBag from /opt/airflow/dags/isr_pipeline.py
[2026-04-01T13:19:55.425+0000] {processor.py:840} INFO - DAG(s) 'isr_pipeline' retrieved from /opt/airflow/dags/isr_pipeline.py
[2026-04-01T13:19:55.465+0000] {logging_mixin.py:188} INFO - [2026-04-01T13:19:55.465+0000] {dag.py:3096} INFO - Sync 1 DAGs
[2026-04-01T13:19:55.510+0000] {processor.py:183} INFO - Processing /opt/airflow/dags/isr_pipeline.py took 0.117 seconds
[2026-04-01T13:20:25.728+0000] {processor.py:161} INFO - Started process (PID=43312) to work on /opt/airflow/dags/isr_pipeline.py
[2026-04-01T13:20:25.729+0000] {processor.py:830} INFO - Processing file /opt/airflow/dags/isr_pipeline.py for tasks to queue
[2026-04-01T13:20:25.730+0000] {logging_mixin.py:188} INFO - [2026-04-01T13:20:25.730+0000] {dagbag.py:540} INFO - Filling up the DagBag from /opt/airflow/dags/isr_pipeline.py
[2026-04-01T13:20:25.748+0000] {processor.py:840} INFO - DAG(s) 'isr_pipeline' retrieved from /opt/airflow/dags/isr_pipeline.py
[2026-04-01T13:20:25.787+0000] {logging_mixin.py:188} INFO - [2026-04-01T13:20:25.787+0000] {dag.py:3096} INFO - Sync 1 DAGs
[2026-04-01T13:20:25.831+0000] {processor.py:183} INFO - Processing /opt/airflow/dags/isr_pipeline.py took 0.112 seconds
[2026-04-01T13:20:55.915+0000] {processor.py:161} INFO - Started process (PID=43317) to work on /opt/airflow/dags/isr_pipeline.py
[2026-04-01T13:20:55.917+0000] {processor.py:830} INFO - Processing file /opt/airflow/dags/isr_pipeline.py for tasks to queue
[2026-04-01T13:20:55.919+0000] {logging_mixin.py:188} INFO - [2026-04-01T13:20:55.918+0000] {dagbag.py:540} INFO - Filling up the DagBag from /opt/airflow/dags/isr_pipeline.py
[2026-04-01T13:20:55.937+0000] {processor.py:840} INFO - DAG(s) 'isr_pipeline' retrieved from /opt/airflow/dags/isr_pipeline.py
[2026-04-01T13:20:55.979+0000] {logging_mixin.py:188} INFO - [2026-04-01T13:20:55.979+0000] {dag.py:3096} INFO - Sync 1 DAGs
[2026-04-01T13:20:56.028+0000] {processor.py:183} INFO - Processing /opt/airflow/dags/isr_pipeline.py took 0.121 seconds
[2026-04-01T13:21:26.241+0000] {processor.py:161} INFO - Started process (PID=43322) to work on /opt/airflow/dags/isr_pipeline.py
[2026-04-01T13:21:26.242+0000] {processor.py:830} INFO - Processing file /opt/airflow/dags/isr_pipeline.py for tasks to queue
[2026-04-01T13:21:26.244+0000] {logging_mixin.py:188} INFO - [2026-04-01T13:21:26.243+0000] {dagbag.py:540} INFO - Filling up the DagBag from /opt/airflow/dags/isr_pipeline.py
[2026-04-01T13:21:26.263+0000] {processor.py:840} INFO - DAG(s) 'isr_pipeline' retrieved from /opt/airflow/dags/isr_pipeline.py
[2026-04-01T13:21:26.304+0000] {logging_mixin.py:188} INFO - [2026-04-01T13:21:26.303+0000] {dag.py:3096} INFO - Sync 1 DAGs
[2026-04-01T13:21:26.351+0000] {processor.py:183} INFO - Processing /opt/airflow/dags/isr_pipeline.py took 0.118 seconds
[2026-04-01T13:21:56.427+0000] {processor.py:161} INFO - Started process (PID=43327) to work on /opt/airflow/dags/isr_pipeline.py
[2026-04-01T13:21:56.428+0000] {processor.py:830} INFO - Processing file /opt/airflow/dags/isr_pipeline.py for tasks to queue
[2026-04-01T13:21:56.430+0000] {logging_mixin.py:188} INFO - [2026-04-01T13:21:56.430+0000] {dagbag.py:540} INFO - Filling up the DagBag from /opt/airflow/dags/isr_pipeline.py
[2026-04-01T13:21:56.452+0000] {processor.py:840} INFO - DAG(s) 'isr_pipeline' retrieved from /opt/airflow/dags/isr_pipeline.py
[2026-04-01T13:21:56.493+0000] {logging_mixin.py:188} INFO - [2026-04-01T13:21:56.493+0000] {dag.py:3096} INFO - Sync 1 DAGs
[2026-04-01T13:21:56.540+0000] {processor.py:183} INFO - Processing /opt/airflow/dags/isr_pipeline.py took 0.121 seconds
[2026-04-01T13:22:26.738+0000] {processor.py:161} INFO - Started process (PID=43332) to work on /opt/airflow/dags/isr_pipeline.py
[2026-04-01T13:22:26.740+0000] {processor.py:830} INFO - Processing file /opt/airflow/dags/isr_pipeline.py for tasks to queue
[2026-04-01T13:22:26.742+0000] {logging_mixin.py:188} INFO - [2026-04-01T13:22:26.741+0000] {dagbag.py:540} INFO - Filling up the DagBag from /opt/airflow/dags/isr_pipeline.py
[2026-04-01T13:22:26.763+0000] {processor.py:840} INFO - DAG(s) 'isr_pipeline' retrieved from /opt/airflow/dags/isr_pipeline.py
[2026-04-01T13:22:26.805+0000] {logging_mixin.py:188} INFO - [2026-04-01T13:22:26.805+0000] {dag.py:3096} INFO - Sync 1 DAGs
[2026-04-01T13:22:26.852+0000] {processor.py:183} INFO - Processing /opt/airflow/dags/isr_pipeline.py took 0.122 seconds
[2026-04-01T13:52:54.497+0000] {processor.py:161} INFO - Started process (PID=43343) to work on /opt/airflow/dags/isr_pipeline.py
[2026-04-01T13:52:54.498+0000] {processor.py:830} INFO - Processing file /opt/airflow/dags/isr_pipeline.py for tasks to queue
[2026-04-01T13:52:54.500+0000] {logging_mixin.py:188} INFO - [2026-04-01T13:52:54.499+0000] {dagbag.py:540} INFO - Filling up the DagBag from /opt/airflow/dags/isr_pipeline.py
[2026-04-01T13:52:54.521+0000] {processor.py:840} INFO - DAG(s) 'isr_pipeline' retrieved from /opt/airflow/dags/isr_pipeline.py
[2026-04-01T13:52:54.557+0000] {logging_mixin.py:188} INFO - [2026-04-01T13:52:54.557+0000] {dag.py:3096} INFO - Sync 1 DAGs
[2026-04-01T13:52:54.611+0000] {processor.py:183} INFO - Processing /opt/airflow/dags/isr_pipeline.py took 0.121 seconds
[2026-04-01T13:53:25.193+0000] {processor.py:161} INFO - Started process (PID=43348) to work on /opt/airflow/dags/isr_pipeline.py
[2026-04-01T13:53:25.199+0000] {processor.py:830} INFO - Processing file /opt/airflow/dags/isr_pipeline.py for tasks to queue
[2026-04-01T13:53:25.206+0000] {logging_mixin.py:188} INFO - [2026-04-01T13:53:25.204+0000] {dagbag.py:540} INFO - Filling up the DagBag from /opt/airflow/dags/isr_pipeline.py
[2026-04-01T13:53:25.300+0000] {processor.py:840} INFO - DAG(s) 'isr_pipeline' retrieved from /opt/airflow/dags/isr_pipeline.py
[2026-04-01T13:53:25.500+0000] {logging_mixin.py:188} INFO - [2026-04-01T13:53:25.498+0000] {dag.py:3096} INFO - Sync 1 DAGs
[2026-04-01T13:53:25.710+0000] {processor.py:183} INFO - Processing /opt/airflow/dags/isr_pipeline.py took 0.552 seconds
[2026-04-01T13:53:56.222+0000] {processor.py:161} INFO - Started process (PID=43353) to work on /opt/airflow/dags/isr_pipeline.py
[2026-04-01T13:53:56.231+0000] {processor.py:830} INFO - Processing file /opt/airflow/dags/isr_pipeline.py for tasks to queue
[2026-04-01T13:53:56.239+0000] {logging_mixin.py:188} INFO - [2026-04-01T13:53:56.237+0000] {dagbag.py:540} INFO - Filling up the DagBag from /opt/airflow/dags/isr_pipeline.py
[2026-04-01T13:53:56.333+0000] {processor.py:840} INFO - DAG(s) 'isr_pipeline' retrieved from /opt/airflow/dags/isr_pipeline.py
[2026-04-01T13:53:56.553+0000] {logging_mixin.py:188} INFO - [2026-04-01T13:53:56.552+0000] {dag.py:3096} INFO - Sync 1 DAGs
[2026-04-01T13:53:56.773+0000] {processor.py:183} INFO - Processing /opt/airflow/dags/isr_pipeline.py took 0.593 seconds
[2026-04-01T13:54:27.145+0000] {processor.py:161} INFO - Started process (PID=43358) to work on /opt/airflow/dags/isr_pipeline.py
[2026-04-01T13:54:27.157+0000] {processor.py:830} INFO - Processing file /opt/airflow/dags/isr_pipeline.py for tasks to queue
[2026-04-01T13:54:27.166+0000] {logging_mixin.py:188} INFO - [2026-04-01T13:54:27.163+0000] {dagbag.py:540} INFO - Filling up the DagBag from /opt/airflow/dags/isr_pipeline.py
[2026-04-01T13:54:27.276+0000] {processor.py:840} INFO - DAG(s) 'isr_pipeline' retrieved from /opt/airflow/dags/isr_pipeline.py
[2026-04-01T13:54:27.506+0000] {logging_mixin.py:188} INFO - [2026-04-01T13:54:27.504+0000] {dag.py:3096} INFO - Sync 1 DAGs
[2026-04-01T13:54:27.875+0000] {processor.py:183} INFO - Processing /opt/airflow/dags/isr_pipeline.py took 0.778 seconds
[2026-04-01T13:54:58.390+0000] {processor.py:161} INFO - Started process (PID=43363) to work on /opt/airflow/dags/isr_pipeline.py
[2026-04-01T13:54:58.399+0000] {processor.py:830} INFO - Processing file /opt/airflow/dags/isr_pipeline.py for tasks to queue
[2026-04-01T13:54:58.408+0000] {logging_mixin.py:188} INFO - [2026-04-01T13:54:58.406+0000] {dagbag.py:540} INFO - Filling up the DagBag from /opt/airflow/dags/isr_pipeline.py
[2026-04-01T13:54:58.501+0000] {processor.py:840} INFO - DAG(s) 'isr_pipeline' retrieved from /opt/airflow/dags/isr_pipeline.py
[2026-04-01T13:54:58.686+0000] {logging_mixin.py:188} INFO - [2026-04-01T13:54:58.685+0000] {dag.py:3096} INFO - Sync 1 DAGs
[2026-04-01T13:54:58.899+0000] {processor.py:183} INFO - Processing /opt/airflow/dags/isr_pipeline.py took 0.551 seconds
[2026-04-01T13:55:29.137+0000] {processor.py:161} INFO - Started process (PID=43368) to work on /opt/airflow/dags/isr_pipeline.py
[2026-04-01T13:55:29.145+0000] {processor.py:830} INFO - Processing file /opt/airflow/dags/isr_pipeline.py for tasks to queue
[2026-04-01T13:55:29.152+0000] {logging_mixin.py:188} INFO - [2026-04-01T13:55:29.149+0000] {dagbag.py:540} INFO - Filling up the DagBag from /opt/airflow/dags/isr_pipeline.py
[2026-04-01T13:55:29.237+0000] {processor.py:840} INFO - DAG(s) 'isr_pipeline' retrieved from /opt/airflow/dags/isr_pipeline.py
[2026-04-01T13:55:29.421+0000] {logging_mixin.py:188} INFO - [2026-04-01T13:55:29.420+0000] {dag.py:3096} INFO - Sync 1 DAGs
[2026-04-01T13:55:29.623+0000] {processor.py:183} INFO - Processing /opt/airflow/dags/isr_pipeline.py took 0.524 seconds
[2026-04-01T13:56:00.175+0000] {processor.py:161} INFO - Started process (PID=43373) to work on /opt/airflow/dags/isr_pipeline.py
[2026-04-01T13:56:00.185+0000] {processor.py:830} INFO - Processing file /opt/airflow/dags/isr_pipeline.py for tasks to queue
[2026-04-01T13:56:00.192+0000] {logging_mixin.py:188} INFO - [2026-04-01T13:56:00.190+0000] {dagbag.py:540} INFO - Filling up the DagBag from /opt/airflow/dags/isr_pipeline.py
[2026-04-01T13:56:00.281+0000] {processor.py:840} INFO - DAG(s) 'isr_pipeline' retrieved from /opt/airflow/dags/isr_pipeline.py
[2026-04-01T13:56:00.479+0000] {logging_mixin.py:188} INFO - [2026-04-01T13:56:00.478+0000] {dag.py:3096} INFO - Sync 1 DAGs
[2026-04-01T13:56:00.692+0000] {processor.py:183} INFO - Processing /opt/airflow/dags/isr_pipeline.py took 0.576 seconds
[2026-04-01T13:56:31.095+0000] {processor.py:161} INFO - Started process (PID=43378) to work on /opt/airflow/dags/isr_pipeline.py
[2026-04-01T13:56:31.103+0000] {processor.py:830} INFO - Processing file /opt/airflow/dags/isr_pipeline.py for tasks to queue
[2026-04-01T13:56:31.111+0000] {logging_mixin.py:188} INFO - [2026-04-01T13:56:31.109+0000] {dagbag.py:540} INFO - Filling up the DagBag from /opt/airflow/dags/isr_pipeline.py
[2026-04-01T13:56:31.204+0000] {processor.py:840} INFO - DAG(s) 'isr_pipeline' retrieved from /opt/airflow/dags/isr_pipeline.py
[2026-04-01T13:56:31.383+0000] {logging_mixin.py:188} INFO - [2026-04-01T13:56:31.382+0000] {dag.py:3096} INFO - Sync 1 DAGs
[2026-04-01T13:56:31.597+0000] {processor.py:183} INFO - Processing /opt/airflow/dags/isr_pipeline.py took 0.540 seconds
[2026-04-01T13:57:02.101+0000] {processor.py:161} INFO - Started process (PID=43383) to work on /opt/airflow/dags/isr_pipeline.py
[2026-04-01T13:57:02.110+0000] {processor.py:830} INFO - Processing file /opt/airflow/dags/isr_pipeline.py for tasks to queue
[2026-04-01T13:57:02.117+0000] {logging_mixin.py:188} INFO - [2026-04-01T13:57:02.115+0000] {dagbag.py:540} INFO - Filling up the DagBag from /opt/airflow/dags/isr_pipeline.py
[2026-04-01T13:57:02.203+0000] {processor.py:840} INFO - DAG(s) 'isr_pipeline' retrieved from /opt/airflow/dags/isr_pipeline.py
[2026-04-01T13:57:02.390+0000] {logging_mixin.py:188} INFO - [2026-04-01T13:57:02.388+0000] {dag.py:3096} INFO - Sync 1 DAGs
[2026-04-01T13:57:02.599+0000] {processor.py:183} INFO - Processing /opt/airflow/dags/isr_pipeline.py took 0.537 seconds
[2026-04-01T13:57:32.898+0000] {processor.py:161} INFO - Started process (PID=43388) to work on /opt/airflow/dags/isr_pipeline.py
[2026-04-01T13:57:32.908+0000] {processor.py:830} INFO - Processing file /opt/airflow/dags/isr_pipeline.py for tasks to queue
[2026-04-01T13:57:32.917+0000] {logging_mixin.py:188} INFO - [2026-04-01T13:57:32.915+0000] {dagbag.py:540} INFO - Filling up the DagBag from /opt/airflow/dags/isr_pipeline.py
[2026-04-01T13:57:33.039+0000] {processor.py:840} INFO - DAG(s) 'isr_pipeline' retrieved from /opt/airflow/dags/isr_pipeline.py
[2026-04-01T13:57:33.223+0000] {logging_mixin.py:188} INFO - [2026-04-01T13:57:33.222+0000] {dag.py:3096} INFO - Sync 1 DAGs
[2026-04-01T13:57:33.450+0000] {processor.py:183} INFO - Processing /opt/airflow/dags/isr_pipeline.py took 0.601 seconds
[2026-04-01T13:58:04.082+0000] {processor.py:161} INFO - Started process (PID=43393) to work on /opt/airflow/dags/isr_pipeline.py
[2026-04-01T13:58:04.095+0000] {processor.py:830} INFO - Processing file /opt/airflow/dags/isr_pipeline.py for tasks to queue
[2026-04-01T13:58:04.106+0000] {logging_mixin.py:188} INFO - [2026-04-01T13:58:04.104+0000] {dagbag.py:540} INFO - Filling up the DagBag from /opt/airflow/dags/isr_pipeline.py
[2026-04-01T13:58:04.220+0000] {processor.py:840} INFO - DAG(s) 'isr_pipeline' retrieved from /opt/airflow/dags/isr_pipeline.py
[2026-04-01T13:58:04.429+0000] {logging_mixin.py:188} INFO - [2026-04-01T13:58:04.427+0000] {dag.py:3096} INFO - Sync 1 DAGs
[2026-04-01T13:58:04.644+0000] {processor.py:183} INFO - Processing /opt/airflow/dags/isr_pipeline.py took 0.601 seconds
[2026-04-01T13:58:35.163+0000] {processor.py:161} INFO - Started process (PID=43398) to work on /opt/airflow/dags/isr_pipeline.py
[2026-04-01T13:58:35.172+0000] {processor.py:830} INFO - Processing file /opt/airflow/dags/isr_pipeline.py for tasks to queue
[2026-04-01T13:58:35.181+0000] {logging_mixin.py:188} INFO - [2026-04-01T13:58:35.178+0000] {dagbag.py:540} INFO - Filling up the DagBag from /opt/airflow/dags/isr_pipeline.py
[2026-04-01T13:58:35.272+0000] {processor.py:840} INFO - DAG(s) 'isr_pipeline' retrieved from /opt/airflow/dags/isr_pipeline.py
[2026-04-01T13:58:35.485+0000] {logging_mixin.py:188} INFO - [2026-04-01T13:58:35.484+0000] {dag.py:3096} INFO - Sync 1 DAGs
[2026-04-01T13:58:35.710+0000] {processor.py:183} INFO - Processing /opt/airflow/dags/isr_pipeline.py took 0.586 seconds
[2026-04-01T13:59:06.209+0000] {processor.py:161} INFO - Started process (PID=43403) to work on /opt/airflow/dags/isr_pipeline.py
[2026-04-01T13:59:06.216+0000] {processor.py:830} INFO - Processing file /opt/airflow/dags/isr_pipeline.py for tasks to queue
[2026-04-01T13:59:06.224+0000] {logging_mixin.py:188} INFO - [2026-04-01T13:59:06.222+0000] {dagbag.py:540} INFO - Filling up the DagBag from /opt/airflow/dags/isr_pipeline.py
[2026-04-01T13:59:06.310+0000] {processor.py:840} INFO - DAG(s) 'isr_pipeline' retrieved from /opt/airflow/dags/isr_pipeline.py
[2026-04-01T13:59:06.500+0000] {logging_mixin.py:188} INFO - [2026-04-01T13:59:06.499+0000] {dag.py:3096} INFO - Sync 1 DAGs
[2026-04-01T13:59:06.719+0000] {processor.py:183} INFO - Processing /opt/airflow/dags/isr_pipeline.py took 0.545 seconds
[2026-04-01T13:59:37.284+0000] {processor.py:161} INFO - Started process (PID=43408) to work on /opt/airflow/dags/isr_pipeline.py
[2026-04-01T13:59:37.292+0000] {processor.py:830} INFO - Processing file /opt/airflow/dags/isr_pipeline.py for tasks to queue
[2026-04-01T13:59:37.300+0000] {logging_mixin.py:188} INFO - [2026-04-01T13:59:37.298+0000] {dagbag.py:540} INFO - Filling up the DagBag from /opt/airflow/dags/isr_pipeline.py
[2026-04-01T13:59:37.401+0000] {processor.py:840} INFO - DAG(s) 'isr_pipeline' retrieved from /opt/airflow/dags/isr_pipeline.py
[2026-04-01T13:59:37.595+0000] {logging_mixin.py:188} INFO - [2026-04-01T13:59:37.594+0000] {dag.py:3096} INFO - Sync 1 DAGs
[2026-04-01T13:59:37.850+0000] {processor.py:183} INFO - Processing /opt/airflow/dags/isr_pipeline.py took 0.615 seconds
[2026-04-01T14:00:08.186+0000] {processor.py:161} INFO - Started process (PID=43413) to work on /opt/airflow/dags/isr_pipeline.py
[2026-04-01T14:00:08.200+0000] {processor.py:830} INFO - Processing file /opt/airflow/dags/isr_pipeline.py for tasks to queue
[2026-04-01T14:00:08.212+0000] {logging_mixin.py:188} INFO - [2026-04-01T14:00:08.207+0000] {dagbag.py:540} INFO - Filling up the DagBag from /opt/airflow/dags/isr_pipeline.py
[2026-04-01T14:00:08.342+0000] {processor.py:840} INFO - DAG(s) 'isr_pipeline' retrieved from /opt/airflow/dags/isr_pipeline.py
[2026-04-01T14:00:08.631+0000] {logging_mixin.py:188} INFO - [2026-04-01T14:00:08.629+0000] {dag.py:3096} INFO - Sync 1 DAGs
[2026-04-01T14:00:08.920+0000] {processor.py:183} INFO - Processing /opt/airflow/dags/isr_pipeline.py took 0.826 seconds
[2026-04-01T14:00:39.458+0000] {processor.py:161} INFO - Started process (PID=43418) to work on /opt/airflow/dags/isr_pipeline.py
[2026-04-01T14:00:39.469+0000] {processor.py:830} INFO - Processing file /opt/airflow/dags/isr_pipeline.py for tasks to queue
[2026-04-01T14:00:39.477+0000] {logging_mixin.py:188} INFO - [2026-04-01T14:00:39.475+0000] {dagbag.py:540} INFO - Filling up the DagBag from /opt/airflow/dags/isr_pipeline.py
[2026-04-01T14:00:39.571+0000] {processor.py:840} INFO - DAG(s) 'isr_pipeline' retrieved from /opt/airflow/dags/isr_pipeline.py
[2026-04-01T14:00:39.755+0000] {logging_mixin.py:188} INFO - [2026-04-01T14:00:39.754+0000] {dag.py:3096} INFO - Sync 1 DAGs
[2026-04-01T14:00:39.964+0000] {processor.py:183} INFO - Processing /opt/airflow/dags/isr_pipeline.py took 0.548 seconds
[2026-04-01T14:01:10.290+0000] {processor.py:161} INFO - Started process (PID=43423) to work on /opt/airflow/dags/isr_pipeline.py
[2026-04-01T14:01:10.298+0000] {processor.py:830} INFO - Processing file /opt/airflow/dags/isr_pipeline.py for tasks to queue
[2026-04-01T14:01:10.306+0000] {logging_mixin.py:188} INFO - [2026-04-01T14:01:10.304+0000] {dagbag.py:540} INFO - Filling up the DagBag from /opt/airflow/dags/isr_pipeline.py
[2026-04-01T14:01:10.403+0000] {processor.py:840} INFO - DAG(s) 'isr_pipeline' retrieved from /opt/airflow/dags/isr_pipeline.py
[2026-04-01T14:01:10.616+0000] {logging_mixin.py:188} INFO - [2026-04-01T14:01:10.614+0000] {dag.py:3096} INFO - Sync 1 DAGs
[2026-04-01T14:01:10.839+0000] {processor.py:183} INFO - Processing /opt/airflow/dags/isr_pipeline.py took 0.588 seconds
[2026-04-01T14:04:34.234+0000] {processor.py:161} INFO - Started process (PID=43429) to work on /opt/airflow/dags/isr_pipeline.py
[2026-04-01T14:04:34.236+0000] {processor.py:830} INFO - Processing file /opt/airflow/dags/isr_pipeline.py for tasks to queue
[2026-04-01T14:04:34.241+0000] {logging_mixin.py:188} INFO - [2026-04-01T14:04:34.238+0000] {dagbag.py:540} INFO - Filling up the DagBag from /opt/airflow/dags/isr_pipeline.py
[2026-04-01T14:04:34.265+0000] {processor.py:840} INFO - DAG(s) 'isr_pipeline' retrieved from /opt/airflow/dags/isr_pipeline.py
[2026-04-01T14:04:34.311+0000] {logging_mixin.py:188} INFO - [2026-04-01T14:04:34.311+0000] {dag.py:3096} INFO - Sync 1 DAGs
[2026-04-01T14:04:34.466+0000] {processor.py:183} INFO - Processing /opt/airflow/dags/isr_pipeline.py took 0.246 seconds
[2026-04-01T14:05:04.802+0000] {processor.py:161} INFO - Started process (PID=43434) to work on /opt/airflow/dags/isr_pipeline.py
[2026-04-01T14:05:04.808+0000] {processor.py:830} INFO - Processing file /opt/airflow/dags/isr_pipeline.py for tasks to queue
[2026-04-01T14:05:04.812+0000] {logging_mixin.py:188} INFO - [2026-04-01T14:05:04.811+0000] {dagbag.py:540} INFO - Filling up the DagBag from /opt/airflow/dags/isr_pipeline.py
[2026-04-01T14:05:04.851+0000] {processor.py:840} INFO - DAG(s) 'isr_pipeline' retrieved from /opt/airflow/dags/isr_pipeline.py
[2026-04-01T14:05:04.929+0000] {logging_mixin.py:188} INFO - [2026-04-01T14:05:04.929+0000] {dag.py:3096} INFO - Sync 1 DAGs
[2026-04-01T14:05:05.031+0000] {processor.py:183} INFO - Processing /opt/airflow/dags/isr_pipeline.py took 0.243 seconds
[2026-04-01T14:11:09.831+0000] {processor.py:161} INFO - Started process (PID=43441) to work on /opt/airflow/dags/isr_pipeline.py
[2026-04-01T14:11:09.835+0000] {processor.py:830} INFO - Processing file /opt/airflow/dags/isr_pipeline.py for tasks to queue
[2026-04-01T14:11:09.839+0000] {logging_mixin.py:188} INFO - [2026-04-01T14:11:09.838+0000] {dagbag.py:540} INFO - Filling up the DagBag from /opt/airflow/dags/isr_pipeline.py
[2026-04-01T14:11:09.886+0000] {processor.py:840} INFO - DAG(s) 'isr_pipeline' retrieved from /opt/airflow/dags/isr_pipeline.py
[2026-04-01T14:11:10.021+0000] {logging_mixin.py:188} INFO - [2026-04-01T14:11:10.020+0000] {dag.py:3096} INFO - Sync 1 DAGs
[2026-04-01T14:11:10.149+0000] {processor.py:183} INFO - Processing /opt/airflow/dags/isr_pipeline.py took 0.337 seconds
[2026-04-01T14:13:50.026+0000] {processor.py:161} INFO - Started process (PID=43446) to work on /opt/airflow/dags/isr_pipeline.py
[2026-04-01T14:13:50.029+0000] {processor.py:830} INFO - Processing file /opt/airflow/dags/isr_pipeline.py for tasks to queue
[2026-04-01T14:13:50.035+0000] {logging_mixin.py:188} INFO - [2026-04-01T14:13:50.034+0000] {dagbag.py:540} INFO - Filling up the DagBag from /opt/airflow/dags/isr_pipeline.py
[2026-04-01T14:13:50.084+0000] {processor.py:840} INFO - DAG(s) 'isr_pipeline' retrieved from /opt/airflow/dags/isr_pipeline.py
[2026-04-01T14:13:50.163+0000] {logging_mixin.py:188} INFO - [2026-04-01T14:13:50.162+0000] {dag.py:3096} INFO - Sync 1 DAGs
[2026-04-01T14:13:50.319+0000] {processor.py:183} INFO - Processing /opt/airflow/dags/isr_pipeline.py took 0.310 seconds
[2026-04-01T14:14:27.063+0000] {processor.py:161} INFO - Started process (PID=43453) to work on /opt/airflow/dags/isr_pipeline.py
[2026-04-01T14:14:27.066+0000] {processor.py:830} INFO - Processing file /opt/airflow/dags/isr_pipeline.py for tasks to queue
[2026-04-01T14:14:27.070+0000] {logging_mixin.py:188} INFO - [2026-04-01T14:14:27.069+0000] {dagbag.py:540} INFO - Filling up the DagBag from /opt/airflow/dags/isr_pipeline.py
[2026-04-01T14:14:27.130+0000] {processor.py:840} INFO - DAG(s) 'isr_pipeline' retrieved from /opt/airflow/dags/isr_pipeline.py
[2026-04-01T14:14:27.227+0000] {logging_mixin.py:188} INFO - [2026-04-01T14:14:27.226+0000] {dag.py:3096} INFO - Sync 1 DAGs
[2026-04-01T14:14:27.364+0000] {processor.py:183} INFO - Processing /opt/airflow/dags/isr_pipeline.py took 0.319 seconds
[2026-04-01T14:18:28.867+0000] {processor.py:161} INFO - Started process (PID=43460) to work on /opt/airflow/dags/isr_pipeline.py
[2026-04-01T14:18:28.870+0000] {processor.py:830} INFO - Processing file /opt/airflow/dags/isr_pipeline.py for tasks to queue
[2026-04-01T14:18:28.874+0000] {logging_mixin.py:188} INFO - [2026-04-01T14:18:28.873+0000] {dagbag.py:540} INFO - Filling up the DagBag from /opt/airflow/dags/isr_pipeline.py
[2026-04-01T14:18:28.914+0000] {processor.py:840} INFO - DAG(s) 'isr_pipeline' retrieved from /opt/airflow/dags/isr_pipeline.py
[2026-04-01T14:18:28.976+0000] {logging_mixin.py:188} INFO - [2026-04-01T14:18:28.976+0000] {dag.py:3096} INFO - Sync 1 DAGs
[2026-04-01T14:18:29.096+0000] {processor.py:183} INFO - Processing /opt/airflow/dags/isr_pipeline.py took 0.240 seconds
[2026-04-01T14:19:05.948+0000] {processor.py:161} INFO - Started process (PID=43465) to work on /opt/airflow/dags/isr_pipeline.py
[2026-04-01T14:19:06.211+0000] {processor.py:830} INFO - Processing file /opt/airflow/dags/isr_pipeline.py for tasks to queue
[2026-04-01T14:19:06.217+0000] {logging_mixin.py:188} INFO - [2026-04-01T14:19:06.216+0000] {dagbag.py:540} INFO - Filling up the DagBag from /opt/airflow/dags/isr_pipeline.py
[2026-04-01T14:19:06.260+0000] {processor.py:840} INFO - DAG(s) 'isr_pipeline' retrieved from /opt/airflow/dags/isr_pipeline.py
[2026-04-01T14:19:06.366+0000] {logging_mixin.py:188} INFO - [2026-04-01T14:19:06.365+0000] {dag.py:3096} INFO - Sync 1 DAGs
[2026-04-01T14:19:06.486+0000] {processor.py:183} INFO - Processing /opt/airflow/dags/isr_pipeline.py took 0.556 seconds
[2026-04-01T14:19:36.787+0000] {processor.py:161} INFO - Started process (PID=43470) to work on /opt/airflow/dags/isr_pipeline.py
[2026-04-01T14:19:36.791+0000] {processor.py:830} INFO - Processing file /opt/airflow/dags/isr_pipeline.py for tasks to queue
[2026-04-01T14:19:36.794+0000] {logging_mixin.py:188} INFO - [2026-04-01T14:19:36.793+0000] {dagbag.py:540} INFO - Filling up the DagBag from /opt/airflow/dags/isr_pipeline.py
[2026-04-01T14:19:36.826+0000] {processor.py:840} INFO - DAG(s) 'isr_pipeline' retrieved from /opt/airflow/dags/isr_pipeline.py
[2026-04-01T14:19:36.899+0000] {logging_mixin.py:188} INFO - [2026-04-01T14:19:36.898+0000] {dag.py:3096} INFO - Sync 1 DAGs
[2026-04-01T14:19:36.981+0000] {processor.py:183} INFO - Processing /opt/airflow/dags/isr_pipeline.py took 0.211 seconds
[2026-04-01T14:47:32.779+0000] {processor.py:161} INFO - Started process (PID=43477) to work on /opt/airflow/dags/isr_pipeline.py
[2026-04-01T14:47:32.781+0000] {processor.py:830} INFO - Processing file /opt/airflow/dags/isr_pipeline.py for tasks to queue
[2026-04-01T14:47:32.787+0000] {logging_mixin.py:188} INFO - [2026-04-01T14:47:32.785+0000] {dagbag.py:540} INFO - Filling up the DagBag from /opt/airflow/dags/isr_pipeline.py
[2026-04-01T14:47:32.830+0000] {processor.py:840} INFO - DAG(s) 'isr_pipeline' retrieved from /opt/airflow/dags/isr_pipeline.py
[2026-04-01T14:47:32.892+0000] {logging_mixin.py:188} INFO - [2026-04-01T14:47:32.892+0000] {dag.py:3096} INFO - Sync 1 DAGs
[2026-04-01T14:47:32.966+0000] {processor.py:183} INFO - Processing /opt/airflow/dags/isr_pipeline.py took 0.201 seconds
[2026-04-01T14:57:47.377+0000] {processor.py:161} INFO - Started process (PID=43483) to work on /opt/airflow/dags/isr_pipeline.py
[2026-04-01T14:57:47.381+0000] {processor.py:830} INFO - Processing file /opt/airflow/dags/isr_pipeline.py for tasks to queue
[2026-04-01T14:57:47.388+0000] {logging_mixin.py:188} INFO - [2026-04-01T14:57:47.385+0000] {dagbag.py:540} INFO - Filling up the DagBag from /opt/airflow/dags/isr_pipeline.py
[2026-04-01T14:57:47.427+0000] {processor.py:840} INFO - DAG(s) 'isr_pipeline' retrieved from /opt/airflow/dags/isr_pipeline.py
[2026-04-01T14:57:47.534+0000] {logging_mixin.py:188} INFO - [2026-04-01T14:57:47.533+0000] {dag.py:3096} INFO - Sync 1 DAGs
[2026-04-01T14:57:47.605+0000] {processor.py:183} INFO - Processing /opt/airflow/dags/isr_pipeline.py took 0.249 seconds
[2026-04-01T15:55:15.175+0000] {processor.py:161} INFO - Started process (PID=43489) to work on /opt/airflow/dags/isr_pipeline.py
[2026-04-01T15:55:15.177+0000] {processor.py:830} INFO - Processing file /opt/airflow/dags/isr_pipeline.py for tasks to queue
[2026-04-01T15:55:15.181+0000] {logging_mixin.py:188} INFO - [2026-04-01T15:55:15.180+0000] {dagbag.py:540} INFO - Filling up the DagBag from /opt/airflow/dags/isr_pipeline.py
[2026-04-01T15:55:15.217+0000] {processor.py:840} INFO - DAG(s) 'isr_pipeline' retrieved from /opt/airflow/dags/isr_pipeline.py
[2026-04-01T15:55:15.284+0000] {logging_mixin.py:188} INFO - [2026-04-01T15:55:15.284+0000] {dag.py:3096} INFO - Sync 1 DAGs
[2026-04-01T15:55:15.390+0000] {processor.py:183} INFO - Processing /opt/airflow/dags/isr_pipeline.py took 0.231 seconds
[2026-04-01T16:20:44.095+0000] {processor.py:161} INFO - Started process (PID=43495) to work on /opt/airflow/dags/isr_pipeline.py
[2026-04-01T16:20:44.097+0000] {processor.py:830} INFO - Processing file /opt/airflow/dags/isr_pipeline.py for tasks to queue
[2026-04-01T16:20:44.099+0000] {logging_mixin.py:188} INFO - [2026-04-01T16:20:44.098+0000] {dagbag.py:540} INFO - Filling up the DagBag from /opt/airflow/dags/isr_pipeline.py
[2026-04-01T16:20:44.131+0000] {processor.py:840} INFO - DAG(s) 'isr_pipeline' retrieved from /opt/airflow/dags/isr_pipeline.py
[2026-04-01T16:20:45.577+0000] {logging_mixin.py:188} INFO - [2026-04-01T16:20:45.576+0000] {dag.py:3096} INFO - Sync 1 DAGs
[2026-04-01T16:20:45.695+0000] {processor.py:183} INFO - Processing /opt/airflow/dags/isr_pipeline.py took 1.614 seconds
[2026-04-01T17:39:33.339+0000] {processor.py:161} INFO - Started process (PID=43500) to work on /opt/airflow/dags/isr_pipeline.py
[2026-04-01T17:39:33.342+0000] {processor.py:830} INFO - Processing file /opt/airflow/dags/isr_pipeline.py for tasks to queue
[2026-04-01T17:39:33.345+0000] {logging_mixin.py:188} INFO - [2026-04-01T17:39:33.344+0000] {dagbag.py:540} INFO - Filling up the DagBag from /opt/airflow/dags/isr_pipeline.py
[2026-04-01T17:39:33.405+0000] {processor.py:840} INFO - DAG(s) 'isr_pipeline' retrieved from /opt/airflow/dags/isr_pipeline.py
[2026-04-01T17:39:33.495+0000] {logging_mixin.py:188} INFO - [2026-04-01T17:39:33.495+0000] {dag.py:3096} INFO - Sync 1 DAGs
[2026-04-01T17:39:33.618+0000] {processor.py:183} INFO - Processing /opt/airflow/dags/isr_pipeline.py took 0.293 seconds
[2026-04-01T18:40:36.084+0000] {processor.py:161} INFO - Started process (PID=43514) to work on /opt/airflow/dags/isr_pipeline.py
[2026-04-01T18:40:36.086+0000] {processor.py:830} INFO - Processing file /opt/airflow/dags/isr_pipeline.py for tasks to queue
[2026-04-01T18:40:36.088+0000] {logging_mixin.py:188} INFO - [2026-04-01T18:40:36.088+0000] {dagbag.py:540} INFO - Filling up the DagBag from /opt/airflow/dags/isr_pipeline.py
[2026-04-01T18:40:36.118+0000] {processor.py:840} INFO - DAG(s) 'isr_pipeline' retrieved from /opt/airflow/dags/isr_pipeline.py
[2026-04-01T18:40:36.172+0000] {logging_mixin.py:188} INFO - [2026-04-01T18:40:36.172+0000] {dag.py:3096} INFO - Sync 1 DAGs
[2026-04-01T18:40:36.231+0000] {processor.py:183} INFO - Processing /opt/airflow/dags/isr_pipeline.py took 0.157 seconds
[2026-04-01T18:59:27.136+0000] {processor.py:161} INFO - Started process (PID=43520) to work on /opt/airflow/dags/isr_pipeline.py
[2026-04-01T18:59:27.139+0000] {processor.py:830} INFO - Processing file /opt/airflow/dags/isr_pipeline.py for tasks to queue
[2026-04-01T18:59:27.145+0000] {logging_mixin.py:188} INFO - [2026-04-01T18:59:27.143+0000] {dagbag.py:540} INFO - Filling up the DagBag from /opt/airflow/dags/isr_pipeline.py
[2026-04-01T18:59:27.185+0000] {processor.py:840} INFO - DAG(s) 'isr_pipeline' retrieved from /opt/airflow/dags/isr_pipeline.py
[2026-04-01T18:59:27.290+0000] {logging_mixin.py:188} INFO - [2026-04-01T18:59:27.289+0000] {dag.py:3096} INFO - Sync 1 DAGs
[2026-04-01T18:59:27.365+0000] {processor.py:183} INFO - Processing /opt/airflow/dags/isr_pipeline.py took 0.250 seconds
[2026-04-01T19:06:41.894+0000] {processor.py:161} INFO - Started process (PID=43527) to work on /opt/airflow/dags/isr_pipeline.py
[2026-04-01T19:06:41.899+0000] {processor.py:830} INFO - Processing file /opt/airflow/dags/isr_pipeline.py for tasks to queue
[2026-04-01T19:06:41.914+0000] {logging_mixin.py:188} INFO - [2026-04-01T19:06:41.906+0000] {dagbag.py:540} INFO - Filling up the DagBag from /opt/airflow/dags/isr_pipeline.py
[2026-04-01T19:06:42.088+0000] {processor.py:840} INFO - DAG(s) 'isr_pipeline' retrieved from /opt/airflow/dags/isr_pipeline.py
[2026-04-01T19:06:42.329+0000] {logging_mixin.py:188} INFO - [2026-04-01T19:06:42.329+0000] {dag.py:3096} INFO - Sync 1 DAGs
[2026-04-01T19:06:42.534+0000] {processor.py:183} INFO - Processing /opt/airflow/dags/isr_pipeline.py took 0.712 seconds
[2026-04-01T19:41:41.653+0000] {processor.py:161} INFO - Started process (PID=43532) to work on /opt/airflow/dags/isr_pipeline.py
[2026-04-01T19:41:41.661+0000] {processor.py:830} INFO - Processing file /opt/airflow/dags/isr_pipeline.py for tasks to queue
[2026-04-01T19:41:41.671+0000] {logging_mixin.py:188} INFO - [2026-04-01T19:41:41.665+0000] {dagbag.py:540} INFO - Filling up the DagBag from /opt/airflow/dags/isr_pipeline.py
[2026-04-01T19:41:41.798+0000] {processor.py:840} INFO - DAG(s) 'isr_pipeline' retrieved from /opt/airflow/dags/isr_pipeline.py
[2026-04-01T19:41:41.919+0000] {logging_mixin.py:188} INFO - [2026-04-01T19:41:41.918+0000] {dag.py:3096} INFO - Sync 1 DAGs
[2026-04-01T19:41:42.039+0000] {processor.py:183} INFO - Processing /opt/airflow/dags/isr_pipeline.py took 0.423 seconds
[2026-04-01T20:19:02.223+0000] {processor.py:161} INFO - Started process (PID=43539) to work on /opt/airflow/dags/isr_pipeline.py
[2026-04-01T20:19:02.231+0000] {processor.py:830} INFO - Processing file /opt/airflow/dags/isr_pipeline.py for tasks to queue
[2026-04-01T20:19:02.238+0000] {logging_mixin.py:188} INFO - [2026-04-01T20:19:02.235+0000] {dagbag.py:540} INFO - Filling up the DagBag from /opt/airflow/dags/isr_pipeline.py
[2026-04-01T20:19:02.338+0000] {processor.py:840} INFO - DAG(s) 'isr_pipeline' retrieved from /opt/airflow/dags/isr_pipeline.py
[2026-04-01T20:19:02.483+0000] {logging_mixin.py:188} INFO - [2026-04-01T20:19:02.482+0000] {dag.py:3096} INFO - Sync 1 DAGs
[2026-04-01T20:19:02.610+0000] {processor.py:183} INFO - Processing /opt/airflow/dags/isr_pipeline.py took 0.432 seconds
[2026-04-01T20:42:51.476+0000] {processor.py:161} INFO - Started process (PID=43548) to work on /opt/airflow/dags/isr_pipeline.py
[2026-04-01T20:42:51.486+0000] {processor.py:830} INFO - Processing file /opt/airflow/dags/isr_pipeline.py for tasks to queue
[2026-04-01T20:42:51.494+0000] {logging_mixin.py:188} INFO - [2026-04-01T20:42:51.490+0000] {dagbag.py:540} INFO - Filling up the DagBag from /opt/airflow/dags/isr_pipeline.py
[2026-04-01T20:42:51.611+0000] {processor.py:840} INFO - DAG(s) 'isr_pipeline' retrieved from /opt/airflow/dags/isr_pipeline.py
[2026-04-01T20:42:51.764+0000] {logging_mixin.py:188} INFO - [2026-04-01T20:42:51.763+0000] {dag.py:3096} INFO - Sync 1 DAGs
[2026-04-01T20:42:51.896+0000] {processor.py:183} INFO - Processing /opt/airflow/dags/isr_pipeline.py took 0.470 seconds
[2026-04-01T21:43:56.268+0000] {processor.py:161} INFO - Started process (PID=43554) to work on /opt/airflow/dags/isr_pipeline.py
[2026-04-01T21:43:56.286+0000] {processor.py:830} INFO - Processing file /opt/airflow/dags/isr_pipeline.py for tasks to queue
[2026-04-01T21:43:56.297+0000] {logging_mixin.py:188} INFO - [2026-04-01T21:43:56.292+0000] {dagbag.py:540} INFO - Filling up the DagBag from /opt/airflow/dags/isr_pipeline.py
[2026-04-01T21:43:56.479+0000] {processor.py:840} INFO - DAG(s) 'isr_pipeline' retrieved from /opt/airflow/dags/isr_pipeline.py
[2026-04-01T21:43:56.707+0000] {logging_mixin.py:188} INFO - [2026-04-01T21:43:56.707+0000] {dag.py:3096} INFO - Sync 1 DAGs
[2026-04-01T21:43:56.944+0000] {processor.py:183} INFO - Processing /opt/airflow/dags/isr_pipeline.py took 0.742 seconds
[2026-04-01T22:45:04.157+0000] {processor.py:161} INFO - Started process (PID=43560) to work on /opt/airflow/dags/isr_pipeline.py
[2026-04-01T22:45:04.166+0000] {processor.py:830} INFO - Processing file /opt/airflow/dags/isr_pipeline.py for tasks to queue
[2026-04-01T22:45:04.183+0000] {logging_mixin.py:188} INFO - [2026-04-01T22:45:04.174+0000] {dagbag.py:540} INFO - Filling up the DagBag from /opt/airflow/dags/isr_pipeline.py
[2026-04-01T22:45:04.388+0000] {processor.py:840} INFO - DAG(s) 'isr_pipeline' retrieved from /opt/airflow/dags/isr_pipeline.py
[2026-04-01T22:45:04.654+0000] {logging_mixin.py:188} INFO - [2026-04-01T22:45:04.653+0000] {dag.py:3096} INFO - Sync 1 DAGs
[2026-04-01T22:45:04.867+0000] {processor.py:183} INFO - Processing /opt/airflow/dags/isr_pipeline.py took 0.783 seconds
[2026-04-01T23:50:20.384+0000] {processor.py:161} INFO - Started process (PID=43568) to work on /opt/airflow/dags/isr_pipeline.py
[2026-04-01T23:50:20.388+0000] {processor.py:830} INFO - Processing file /opt/airflow/dags/isr_pipeline.py for tasks to queue
[2026-04-01T23:50:20.398+0000] {logging_mixin.py:188} INFO - [2026-04-01T23:50:20.393+0000] {dagbag.py:540} INFO - Filling up the DagBag from /opt/airflow/dags/isr_pipeline.py
[2026-04-01T23:50:20.528+0000] {processor.py:840} INFO - DAG(s) 'isr_pipeline' retrieved from /opt/airflow/dags/isr_pipeline.py
[2026-04-01T23:50:20.766+0000] {logging_mixin.py:188} INFO - [2026-04-01T23:50:20.765+0000] {dag.py:3096} INFO - Sync 1 DAGs
[2026-04-01T23:50:20.975+0000] {processor.py:183} INFO - Processing /opt/airflow/dags/isr_pipeline.py took 0.638 seconds
