[2026-04-06T00:06:39.469+0000] {processor.py:161} INFO - Started process (PID=61966) to work on /opt/airflow/dags/isr_pipeline.py
[2026-04-06T00:06:39.471+0000] {processor.py:830} INFO - Processing file /opt/airflow/dags/isr_pipeline.py for tasks to queue
[2026-04-06T00:06:39.473+0000] {logging_mixin.py:188} INFO - [2026-04-06T00:06:39.473+0000] {dagbag.py:540} INFO - Filling up the DagBag from /opt/airflow/dags/isr_pipeline.py
[2026-04-06T00:06:39.500+0000] {processor.py:840} INFO - DAG(s) 'isr_pipeline' retrieved from /opt/airflow/dags/isr_pipeline.py
[2026-04-06T00:06:39.560+0000] {logging_mixin.py:188} INFO - [2026-04-06T00:06:39.560+0000] {dag.py:3096} INFO - Sync 1 DAGs
[2026-04-06T00:06:39.612+0000] {processor.py:183} INFO - Processing /opt/airflow/dags/isr_pipeline.py took 0.152 seconds
[2026-04-06T00:07:10.008+0000] {processor.py:161} INFO - Started process (PID=61971) to work on /opt/airflow/dags/isr_pipeline.py
[2026-04-06T00:07:10.016+0000] {processor.py:830} INFO - Processing file /opt/airflow/dags/isr_pipeline.py for tasks to queue
[2026-04-06T00:07:10.024+0000] {logging_mixin.py:188} INFO - [2026-04-06T00:07:10.022+0000] {dagbag.py:540} INFO - Filling up the DagBag from /opt/airflow/dags/isr_pipeline.py
[2026-04-06T00:07:10.118+0000] {processor.py:840} INFO - DAG(s) 'isr_pipeline' retrieved from /opt/airflow/dags/isr_pipeline.py
[2026-04-06T00:07:10.300+0000] {logging_mixin.py:188} INFO - [2026-04-06T00:07:10.299+0000] {dag.py:3096} INFO - Sync 1 DAGs
[2026-04-06T00:07:10.506+0000] {processor.py:183} INFO - Processing /opt/airflow/dags/isr_pipeline.py took 0.535 seconds
[2026-04-06T00:07:40.965+0000] {processor.py:161} INFO - Started process (PID=61976) to work on /opt/airflow/dags/isr_pipeline.py
[2026-04-06T00:07:40.972+0000] {processor.py:830} INFO - Processing file /opt/airflow/dags/isr_pipeline.py for tasks to queue
[2026-04-06T00:07:40.980+0000] {logging_mixin.py:188} INFO - [2026-04-06T00:07:40.978+0000] {dagbag.py:540} INFO - Filling up the DagBag from /opt/airflow/dags/isr_pipeline.py
[2026-04-06T00:07:41.166+0000] {processor.py:840} INFO - DAG(s) 'isr_pipeline' retrieved from /opt/airflow/dags/isr_pipeline.py
[2026-04-06T00:07:41.564+0000] {logging_mixin.py:188} INFO - [2026-04-06T00:07:41.563+0000] {dag.py:3096} INFO - Sync 1 DAGs
[2026-04-06T00:07:42.035+0000] {processor.py:183} INFO - Processing /opt/airflow/dags/isr_pipeline.py took 1.104 seconds
[2026-04-06T00:08:12.385+0000] {processor.py:161} INFO - Started process (PID=61981) to work on /opt/airflow/dags/isr_pipeline.py
[2026-04-06T00:08:12.393+0000] {processor.py:830} INFO - Processing file /opt/airflow/dags/isr_pipeline.py for tasks to queue
[2026-04-06T00:08:12.400+0000] {logging_mixin.py:188} INFO - [2026-04-06T00:08:12.398+0000] {dagbag.py:540} INFO - Filling up the DagBag from /opt/airflow/dags/isr_pipeline.py
[2026-04-06T00:08:12.494+0000] {processor.py:840} INFO - DAG(s) 'isr_pipeline' retrieved from /opt/airflow/dags/isr_pipeline.py
[2026-04-06T00:08:12.680+0000] {logging_mixin.py:188} INFO - [2026-04-06T00:08:12.679+0000] {dag.py:3096} INFO - Sync 1 DAGs
[2026-04-06T00:08:12.906+0000] {processor.py:183} INFO - Processing /opt/airflow/dags/isr_pipeline.py took 0.558 seconds
[2026-04-06T00:08:43.414+0000] {processor.py:161} INFO - Started process (PID=61986) to work on /opt/airflow/dags/isr_pipeline.py
[2026-04-06T00:08:43.420+0000] {processor.py:830} INFO - Processing file /opt/airflow/dags/isr_pipeline.py for tasks to queue
[2026-04-06T00:08:43.427+0000] {logging_mixin.py:188} INFO - [2026-04-06T00:08:43.425+0000] {dagbag.py:540} INFO - Filling up the DagBag from /opt/airflow/dags/isr_pipeline.py
[2026-04-06T00:08:43.523+0000] {processor.py:840} INFO - DAG(s) 'isr_pipeline' retrieved from /opt/airflow/dags/isr_pipeline.py
[2026-04-06T00:08:43.719+0000] {logging_mixin.py:188} INFO - [2026-04-06T00:08:43.718+0000] {dag.py:3096} INFO - Sync 1 DAGs
[2026-04-06T00:08:43.950+0000] {processor.py:183} INFO - Processing /opt/airflow/dags/isr_pipeline.py took 0.575 seconds
[2026-04-06T00:09:14.286+0000] {processor.py:161} INFO - Started process (PID=61991) to work on /opt/airflow/dags/isr_pipeline.py
[2026-04-06T00:09:14.300+0000] {processor.py:830} INFO - Processing file /opt/airflow/dags/isr_pipeline.py for tasks to queue
[2026-04-06T00:09:14.313+0000] {logging_mixin.py:188} INFO - [2026-04-06T00:09:14.310+0000] {dagbag.py:540} INFO - Filling up the DagBag from /opt/airflow/dags/isr_pipeline.py
[2026-04-06T00:09:14.428+0000] {processor.py:840} INFO - DAG(s) 'isr_pipeline' retrieved from /opt/airflow/dags/isr_pipeline.py
[2026-04-06T00:09:14.730+0000] {logging_mixin.py:188} INFO - [2026-04-06T00:09:14.729+0000] {dag.py:3096} INFO - Sync 1 DAGs
[2026-04-06T00:09:15.396+0000] {processor.py:183} INFO - Processing /opt/airflow/dags/isr_pipeline.py took 1.154 seconds
[2026-04-06T00:09:46.135+0000] {processor.py:161} INFO - Started process (PID=61996) to work on /opt/airflow/dags/isr_pipeline.py
[2026-04-06T00:09:46.142+0000] {processor.py:830} INFO - Processing file /opt/airflow/dags/isr_pipeline.py for tasks to queue
[2026-04-06T00:09:46.149+0000] {logging_mixin.py:188} INFO - [2026-04-06T00:09:46.147+0000] {dagbag.py:540} INFO - Filling up the DagBag from /opt/airflow/dags/isr_pipeline.py
[2026-04-06T00:09:46.243+0000] {processor.py:840} INFO - DAG(s) 'isr_pipeline' retrieved from /opt/airflow/dags/isr_pipeline.py
[2026-04-06T00:09:46.426+0000] {logging_mixin.py:188} INFO - [2026-04-06T00:09:46.424+0000] {dag.py:3096} INFO - Sync 1 DAGs
[2026-04-06T00:09:46.636+0000] {processor.py:183} INFO - Processing /opt/airflow/dags/isr_pipeline.py took 0.538 seconds
[2026-04-06T00:10:17.309+0000] {processor.py:161} INFO - Started process (PID=62001) to work on /opt/airflow/dags/isr_pipeline.py
[2026-04-06T00:10:17.318+0000] {processor.py:830} INFO - Processing file /opt/airflow/dags/isr_pipeline.py for tasks to queue
[2026-04-06T00:10:17.334+0000] {logging_mixin.py:188} INFO - [2026-04-06T00:10:17.331+0000] {dagbag.py:540} INFO - Filling up the DagBag from /opt/airflow/dags/isr_pipeline.py
[2026-04-06T00:10:17.464+0000] {processor.py:840} INFO - DAG(s) 'isr_pipeline' retrieved from /opt/airflow/dags/isr_pipeline.py
[2026-04-06T00:10:17.701+0000] {logging_mixin.py:188} INFO - [2026-04-06T00:10:17.700+0000] {dag.py:3096} INFO - Sync 1 DAGs
[2026-04-06T00:10:17.917+0000] {processor.py:183} INFO - Processing /opt/airflow/dags/isr_pipeline.py took 0.650 seconds
[2026-04-06T00:10:48.446+0000] {processor.py:161} INFO - Started process (PID=62006) to work on /opt/airflow/dags/isr_pipeline.py
[2026-04-06T00:10:48.453+0000] {processor.py:830} INFO - Processing file /opt/airflow/dags/isr_pipeline.py for tasks to queue
[2026-04-06T00:10:48.460+0000] {logging_mixin.py:188} INFO - [2026-04-06T00:10:48.458+0000] {dagbag.py:540} INFO - Filling up the DagBag from /opt/airflow/dags/isr_pipeline.py
[2026-04-06T00:10:48.552+0000] {processor.py:840} INFO - DAG(s) 'isr_pipeline' retrieved from /opt/airflow/dags/isr_pipeline.py
[2026-04-06T00:10:48.747+0000] {logging_mixin.py:188} INFO - [2026-04-06T00:10:48.745+0000] {dag.py:3096} INFO - Sync 1 DAGs
[2026-04-06T00:10:48.958+0000] {processor.py:183} INFO - Processing /opt/airflow/dags/isr_pipeline.py took 0.549 seconds
[2026-04-06T00:11:19.408+0000] {processor.py:161} INFO - Started process (PID=62011) to work on /opt/airflow/dags/isr_pipeline.py
[2026-04-06T00:11:19.419+0000] {processor.py:830} INFO - Processing file /opt/airflow/dags/isr_pipeline.py for tasks to queue
[2026-04-06T00:11:19.431+0000] {logging_mixin.py:188} INFO - [2026-04-06T00:11:19.428+0000] {dagbag.py:540} INFO - Filling up the DagBag from /opt/airflow/dags/isr_pipeline.py
[2026-04-06T00:11:19.579+0000] {processor.py:840} INFO - DAG(s) 'isr_pipeline' retrieved from /opt/airflow/dags/isr_pipeline.py
[2026-04-06T00:11:19.859+0000] {logging_mixin.py:188} INFO - [2026-04-06T00:11:19.857+0000] {dag.py:3096} INFO - Sync 1 DAGs
[2026-04-06T00:11:20.219+0000] {processor.py:183} INFO - Processing /opt/airflow/dags/isr_pipeline.py took 0.874 seconds
[2026-04-06T00:11:50.877+0000] {processor.py:161} INFO - Started process (PID=62016) to work on /opt/airflow/dags/isr_pipeline.py
[2026-04-06T00:11:50.884+0000] {processor.py:830} INFO - Processing file /opt/airflow/dags/isr_pipeline.py for tasks to queue
[2026-04-06T00:11:50.894+0000] {logging_mixin.py:188} INFO - [2026-04-06T00:11:50.892+0000] {dagbag.py:540} INFO - Filling up the DagBag from /opt/airflow/dags/isr_pipeline.py
[2026-04-06T00:11:50.984+0000] {processor.py:840} INFO - DAG(s) 'isr_pipeline' retrieved from /opt/airflow/dags/isr_pipeline.py
[2026-04-06T00:11:51.159+0000] {logging_mixin.py:188} INFO - [2026-04-06T00:11:51.158+0000] {dag.py:3096} INFO - Sync 1 DAGs
[2026-04-06T00:11:51.361+0000] {processor.py:183} INFO - Processing /opt/airflow/dags/isr_pipeline.py took 0.522 seconds
[2026-04-06T00:12:21.876+0000] {processor.py:161} INFO - Started process (PID=62021) to work on /opt/airflow/dags/isr_pipeline.py
[2026-04-06T00:12:21.883+0000] {processor.py:830} INFO - Processing file /opt/airflow/dags/isr_pipeline.py for tasks to queue
[2026-04-06T00:12:21.889+0000] {logging_mixin.py:188} INFO - [2026-04-06T00:12:21.887+0000] {dagbag.py:540} INFO - Filling up the DagBag from /opt/airflow/dags/isr_pipeline.py
[2026-04-06T00:12:21.977+0000] {processor.py:840} INFO - DAG(s) 'isr_pipeline' retrieved from /opt/airflow/dags/isr_pipeline.py
[2026-04-06T00:12:22.162+0000] {logging_mixin.py:188} INFO - [2026-04-06T00:12:22.161+0000] {dag.py:3096} INFO - Sync 1 DAGs
[2026-04-06T00:12:22.362+0000] {processor.py:183} INFO - Processing /opt/airflow/dags/isr_pipeline.py took 0.524 seconds
[2026-04-06T00:12:52.613+0000] {processor.py:161} INFO - Started process (PID=62026) to work on /opt/airflow/dags/isr_pipeline.py
[2026-04-06T00:12:52.621+0000] {processor.py:830} INFO - Processing file /opt/airflow/dags/isr_pipeline.py for tasks to queue
[2026-04-06T00:12:52.629+0000] {logging_mixin.py:188} INFO - [2026-04-06T00:12:52.627+0000] {dagbag.py:540} INFO - Filling up the DagBag from /opt/airflow/dags/isr_pipeline.py
[2026-04-06T00:12:52.734+0000] {processor.py:840} INFO - DAG(s) 'isr_pipeline' retrieved from /opt/airflow/dags/isr_pipeline.py
[2026-04-06T00:12:52.923+0000] {logging_mixin.py:188} INFO - [2026-04-06T00:12:52.922+0000] {dag.py:3096} INFO - Sync 1 DAGs
[2026-04-06T00:12:53.125+0000] {processor.py:183} INFO - Processing /opt/airflow/dags/isr_pipeline.py took 0.559 seconds
[2026-04-06T00:13:23.652+0000] {processor.py:161} INFO - Started process (PID=62031) to work on /opt/airflow/dags/isr_pipeline.py
[2026-04-06T00:13:23.660+0000] {processor.py:830} INFO - Processing file /opt/airflow/dags/isr_pipeline.py for tasks to queue
[2026-04-06T00:13:23.669+0000] {logging_mixin.py:188} INFO - [2026-04-06T00:13:23.667+0000] {dagbag.py:540} INFO - Filling up the DagBag from /opt/airflow/dags/isr_pipeline.py
[2026-04-06T00:13:23.781+0000] {processor.py:840} INFO - DAG(s) 'isr_pipeline' retrieved from /opt/airflow/dags/isr_pipeline.py
[2026-04-06T00:13:23.974+0000] {logging_mixin.py:188} INFO - [2026-04-06T00:13:23.973+0000] {dag.py:3096} INFO - Sync 1 DAGs
[2026-04-06T00:13:24.172+0000] {processor.py:183} INFO - Processing /opt/airflow/dags/isr_pipeline.py took 0.582 seconds
[2026-04-06T00:13:54.595+0000] {processor.py:161} INFO - Started process (PID=62036) to work on /opt/airflow/dags/isr_pipeline.py
[2026-04-06T00:13:54.603+0000] {processor.py:830} INFO - Processing file /opt/airflow/dags/isr_pipeline.py for tasks to queue
[2026-04-06T00:13:54.614+0000] {logging_mixin.py:188} INFO - [2026-04-06T00:13:54.611+0000] {dagbag.py:540} INFO - Filling up the DagBag from /opt/airflow/dags/isr_pipeline.py
[2026-04-06T00:13:54.735+0000] {processor.py:840} INFO - DAG(s) 'isr_pipeline' retrieved from /opt/airflow/dags/isr_pipeline.py
[2026-04-06T00:13:54.933+0000] {logging_mixin.py:188} INFO - [2026-04-06T00:13:54.932+0000] {dag.py:3096} INFO - Sync 1 DAGs
[2026-04-06T00:13:55.145+0000] {processor.py:183} INFO - Processing /opt/airflow/dags/isr_pipeline.py took 0.597 seconds
[2026-04-06T00:14:25.646+0000] {processor.py:161} INFO - Started process (PID=62041) to work on /opt/airflow/dags/isr_pipeline.py
[2026-04-06T00:14:25.654+0000] {processor.py:830} INFO - Processing file /opt/airflow/dags/isr_pipeline.py for tasks to queue
[2026-04-06T00:14:25.665+0000] {logging_mixin.py:188} INFO - [2026-04-06T00:14:25.663+0000] {dagbag.py:540} INFO - Filling up the DagBag from /opt/airflow/dags/isr_pipeline.py
[2026-04-06T00:14:25.755+0000] {processor.py:840} INFO - DAG(s) 'isr_pipeline' retrieved from /opt/airflow/dags/isr_pipeline.py
[2026-04-06T00:14:25.942+0000] {logging_mixin.py:188} INFO - [2026-04-06T00:14:25.940+0000] {dag.py:3096} INFO - Sync 1 DAGs
[2026-04-06T00:14:26.141+0000] {processor.py:183} INFO - Processing /opt/airflow/dags/isr_pipeline.py took 0.539 seconds
[2026-04-06T00:14:56.444+0000] {processor.py:161} INFO - Started process (PID=62046) to work on /opt/airflow/dags/isr_pipeline.py
[2026-04-06T00:14:56.450+0000] {processor.py:830} INFO - Processing file /opt/airflow/dags/isr_pipeline.py for tasks to queue
[2026-04-06T00:14:56.458+0000] {logging_mixin.py:188} INFO - [2026-04-06T00:14:56.456+0000] {dagbag.py:540} INFO - Filling up the DagBag from /opt/airflow/dags/isr_pipeline.py
[2026-04-06T00:14:56.550+0000] {processor.py:840} INFO - DAG(s) 'isr_pipeline' retrieved from /opt/airflow/dags/isr_pipeline.py
[2026-04-06T00:14:56.755+0000] {logging_mixin.py:188} INFO - [2026-04-06T00:14:56.754+0000] {dag.py:3096} INFO - Sync 1 DAGs
[2026-04-06T00:14:56.959+0000] {processor.py:183} INFO - Processing /opt/airflow/dags/isr_pipeline.py took 0.553 seconds
[2026-04-06T00:15:27.450+0000] {processor.py:161} INFO - Started process (PID=62051) to work on /opt/airflow/dags/isr_pipeline.py
[2026-04-06T00:15:27.457+0000] {processor.py:830} INFO - Processing file /opt/airflow/dags/isr_pipeline.py for tasks to queue
[2026-04-06T00:15:27.464+0000] {logging_mixin.py:188} INFO - [2026-04-06T00:15:27.462+0000] {dagbag.py:540} INFO - Filling up the DagBag from /opt/airflow/dags/isr_pipeline.py
[2026-04-06T00:15:27.570+0000] {processor.py:840} INFO - DAG(s) 'isr_pipeline' retrieved from /opt/airflow/dags/isr_pipeline.py
[2026-04-06T00:15:27.755+0000] {logging_mixin.py:188} INFO - [2026-04-06T00:15:27.754+0000] {dag.py:3096} INFO - Sync 1 DAGs
[2026-04-06T00:15:27.979+0000] {processor.py:183} INFO - Processing /opt/airflow/dags/isr_pipeline.py took 0.570 seconds
[2026-04-06T00:15:58.286+0000] {processor.py:161} INFO - Started process (PID=62056) to work on /opt/airflow/dags/isr_pipeline.py
[2026-04-06T00:15:58.295+0000] {processor.py:830} INFO - Processing file /opt/airflow/dags/isr_pipeline.py for tasks to queue
[2026-04-06T00:15:58.303+0000] {logging_mixin.py:188} INFO - [2026-04-06T00:15:58.301+0000] {dagbag.py:540} INFO - Filling up the DagBag from /opt/airflow/dags/isr_pipeline.py
[2026-04-06T00:15:58.389+0000] {processor.py:840} INFO - DAG(s) 'isr_pipeline' retrieved from /opt/airflow/dags/isr_pipeline.py
[2026-04-06T00:15:58.595+0000] {logging_mixin.py:188} INFO - [2026-04-06T00:15:58.594+0000] {dag.py:3096} INFO - Sync 1 DAGs
[2026-04-06T00:15:58.799+0000] {processor.py:183} INFO - Processing /opt/airflow/dags/isr_pipeline.py took 0.549 seconds
[2026-04-06T00:16:29.432+0000] {processor.py:161} INFO - Started process (PID=62061) to work on /opt/airflow/dags/isr_pipeline.py
[2026-04-06T00:16:29.442+0000] {processor.py:830} INFO - Processing file /opt/airflow/dags/isr_pipeline.py for tasks to queue
[2026-04-06T00:16:29.451+0000] {logging_mixin.py:188} INFO - [2026-04-06T00:16:29.448+0000] {dagbag.py:540} INFO - Filling up the DagBag from /opt/airflow/dags/isr_pipeline.py
[2026-04-06T00:16:29.570+0000] {processor.py:840} INFO - DAG(s) 'isr_pipeline' retrieved from /opt/airflow/dags/isr_pipeline.py
[2026-04-06T00:16:29.837+0000] {logging_mixin.py:188} INFO - [2026-04-06T00:16:29.836+0000] {dag.py:3096} INFO - Sync 1 DAGs
[2026-04-06T00:16:30.077+0000] {processor.py:183} INFO - Processing /opt/airflow/dags/isr_pipeline.py took 0.686 seconds
[2026-04-06T00:17:00.406+0000] {processor.py:161} INFO - Started process (PID=62066) to work on /opt/airflow/dags/isr_pipeline.py
[2026-04-06T00:17:00.415+0000] {processor.py:830} INFO - Processing file /opt/airflow/dags/isr_pipeline.py for tasks to queue
[2026-04-06T00:17:00.422+0000] {logging_mixin.py:188} INFO - [2026-04-06T00:17:00.420+0000] {dagbag.py:540} INFO - Filling up the DagBag from /opt/airflow/dags/isr_pipeline.py
[2026-04-06T00:17:00.521+0000] {processor.py:840} INFO - DAG(s) 'isr_pipeline' retrieved from /opt/airflow/dags/isr_pipeline.py
[2026-04-06T00:17:00.719+0000] {logging_mixin.py:188} INFO - [2026-04-06T00:17:00.718+0000] {dag.py:3096} INFO - Sync 1 DAGs
[2026-04-06T00:17:00.923+0000] {processor.py:183} INFO - Processing /opt/airflow/dags/isr_pipeline.py took 0.561 seconds
[2026-04-06T00:17:31.449+0000] {processor.py:161} INFO - Started process (PID=62071) to work on /opt/airflow/dags/isr_pipeline.py
[2026-04-06T00:17:31.456+0000] {processor.py:830} INFO - Processing file /opt/airflow/dags/isr_pipeline.py for tasks to queue
[2026-04-06T00:17:31.463+0000] {logging_mixin.py:188} INFO - [2026-04-06T00:17:31.460+0000] {dagbag.py:540} INFO - Filling up the DagBag from /opt/airflow/dags/isr_pipeline.py
[2026-04-06T00:17:31.559+0000] {processor.py:840} INFO - DAG(s) 'isr_pipeline' retrieved from /opt/airflow/dags/isr_pipeline.py
[2026-04-06T00:17:31.766+0000] {logging_mixin.py:188} INFO - [2026-04-06T00:17:31.765+0000] {dag.py:3096} INFO - Sync 1 DAGs
[2026-04-06T00:17:31.972+0000] {processor.py:183} INFO - Processing /opt/airflow/dags/isr_pipeline.py took 0.560 seconds
[2026-04-06T00:18:02.370+0000] {processor.py:161} INFO - Started process (PID=62076) to work on /opt/airflow/dags/isr_pipeline.py
[2026-04-06T00:18:02.378+0000] {processor.py:830} INFO - Processing file /opt/airflow/dags/isr_pipeline.py for tasks to queue
[2026-04-06T00:18:02.385+0000] {logging_mixin.py:188} INFO - [2026-04-06T00:18:02.383+0000] {dagbag.py:540} INFO - Filling up the DagBag from /opt/airflow/dags/isr_pipeline.py
[2026-04-06T00:18:02.474+0000] {processor.py:840} INFO - DAG(s) 'isr_pipeline' retrieved from /opt/airflow/dags/isr_pipeline.py
[2026-04-06T00:18:02.672+0000] {logging_mixin.py:188} INFO - [2026-04-06T00:18:02.671+0000] {dag.py:3096} INFO - Sync 1 DAGs
[2026-04-06T00:18:02.877+0000] {processor.py:183} INFO - Processing /opt/airflow/dags/isr_pipeline.py took 0.544 seconds
[2026-04-06T00:18:33.408+0000] {processor.py:161} INFO - Started process (PID=62081) to work on /opt/airflow/dags/isr_pipeline.py
[2026-04-06T00:18:33.415+0000] {processor.py:830} INFO - Processing file /opt/airflow/dags/isr_pipeline.py for tasks to queue
[2026-04-06T00:18:33.423+0000] {logging_mixin.py:188} INFO - [2026-04-06T00:18:33.421+0000] {dagbag.py:540} INFO - Filling up the DagBag from /opt/airflow/dags/isr_pipeline.py
[2026-04-06T00:18:33.530+0000] {processor.py:840} INFO - DAG(s) 'isr_pipeline' retrieved from /opt/airflow/dags/isr_pipeline.py
[2026-04-06T00:18:33.718+0000] {logging_mixin.py:188} INFO - [2026-04-06T00:18:33.717+0000] {dag.py:3096} INFO - Sync 1 DAGs
[2026-04-06T00:18:33.924+0000] {processor.py:183} INFO - Processing /opt/airflow/dags/isr_pipeline.py took 0.554 seconds
[2026-04-06T00:19:04.215+0000] {processor.py:161} INFO - Started process (PID=62086) to work on /opt/airflow/dags/isr_pipeline.py
[2026-04-06T00:19:04.222+0000] {processor.py:830} INFO - Processing file /opt/airflow/dags/isr_pipeline.py for tasks to queue
[2026-04-06T00:19:04.230+0000] {logging_mixin.py:188} INFO - [2026-04-06T00:19:04.228+0000] {dagbag.py:540} INFO - Filling up the DagBag from /opt/airflow/dags/isr_pipeline.py
[2026-04-06T00:19:04.319+0000] {processor.py:840} INFO - DAG(s) 'isr_pipeline' retrieved from /opt/airflow/dags/isr_pipeline.py
[2026-04-06T00:19:04.502+0000] {logging_mixin.py:188} INFO - [2026-04-06T00:19:04.501+0000] {dag.py:3096} INFO - Sync 1 DAGs
[2026-04-06T00:19:04.705+0000] {processor.py:183} INFO - Processing /opt/airflow/dags/isr_pipeline.py took 0.530 seconds
[2026-04-06T00:19:35.216+0000] {processor.py:161} INFO - Started process (PID=62091) to work on /opt/airflow/dags/isr_pipeline.py
[2026-04-06T00:19:35.223+0000] {processor.py:830} INFO - Processing file /opt/airflow/dags/isr_pipeline.py for tasks to queue
[2026-04-06T00:19:35.231+0000] {logging_mixin.py:188} INFO - [2026-04-06T00:19:35.229+0000] {dagbag.py:540} INFO - Filling up the DagBag from /opt/airflow/dags/isr_pipeline.py
[2026-04-06T00:19:35.352+0000] {processor.py:840} INFO - DAG(s) 'isr_pipeline' retrieved from /opt/airflow/dags/isr_pipeline.py
[2026-04-06T00:19:35.588+0000] {logging_mixin.py:188} INFO - [2026-04-06T00:19:35.587+0000] {dag.py:3096} INFO - Sync 1 DAGs
[2026-04-06T00:19:35.834+0000] {processor.py:183} INFO - Processing /opt/airflow/dags/isr_pipeline.py took 0.656 seconds
[2026-04-06T00:20:06.140+0000] {processor.py:161} INFO - Started process (PID=62096) to work on /opt/airflow/dags/isr_pipeline.py
[2026-04-06T00:20:06.147+0000] {processor.py:830} INFO - Processing file /opt/airflow/dags/isr_pipeline.py for tasks to queue
[2026-04-06T00:20:06.154+0000] {logging_mixin.py:188} INFO - [2026-04-06T00:20:06.152+0000] {dagbag.py:540} INFO - Filling up the DagBag from /opt/airflow/dags/isr_pipeline.py
[2026-04-06T00:20:06.243+0000] {processor.py:840} INFO - DAG(s) 'isr_pipeline' retrieved from /opt/airflow/dags/isr_pipeline.py
[2026-04-06T00:20:06.429+0000] {logging_mixin.py:188} INFO - [2026-04-06T00:20:06.428+0000] {dag.py:3096} INFO - Sync 1 DAGs
[2026-04-06T00:20:06.634+0000] {processor.py:183} INFO - Processing /opt/airflow/dags/isr_pipeline.py took 0.535 seconds
[2026-04-06T00:20:37.137+0000] {processor.py:161} INFO - Started process (PID=62101) to work on /opt/airflow/dags/isr_pipeline.py
[2026-04-06T00:20:37.144+0000] {processor.py:830} INFO - Processing file /opt/airflow/dags/isr_pipeline.py for tasks to queue
[2026-04-06T00:20:37.151+0000] {logging_mixin.py:188} INFO - [2026-04-06T00:20:37.149+0000] {dagbag.py:540} INFO - Filling up the DagBag from /opt/airflow/dags/isr_pipeline.py
[2026-04-06T00:20:37.248+0000] {processor.py:840} INFO - DAG(s) 'isr_pipeline' retrieved from /opt/airflow/dags/isr_pipeline.py
[2026-04-06T00:20:37.436+0000] {logging_mixin.py:188} INFO - [2026-04-06T00:20:37.435+0000] {dag.py:3096} INFO - Sync 1 DAGs
[2026-04-06T00:20:37.647+0000] {processor.py:183} INFO - Processing /opt/airflow/dags/isr_pipeline.py took 0.550 seconds
[2026-04-06T00:21:08.115+0000] {processor.py:161} INFO - Started process (PID=62106) to work on /opt/airflow/dags/isr_pipeline.py
[2026-04-06T00:21:08.123+0000] {processor.py:830} INFO - Processing file /opt/airflow/dags/isr_pipeline.py for tasks to queue
[2026-04-06T00:21:08.130+0000] {logging_mixin.py:188} INFO - [2026-04-06T00:21:08.128+0000] {dagbag.py:540} INFO - Filling up the DagBag from /opt/airflow/dags/isr_pipeline.py
[2026-04-06T00:21:08.217+0000] {processor.py:840} INFO - DAG(s) 'isr_pipeline' retrieved from /opt/airflow/dags/isr_pipeline.py
[2026-04-06T00:21:08.402+0000] {logging_mixin.py:188} INFO - [2026-04-06T00:21:08.401+0000] {dag.py:3096} INFO - Sync 1 DAGs
[2026-04-06T00:21:08.604+0000] {processor.py:183} INFO - Processing /opt/airflow/dags/isr_pipeline.py took 0.526 seconds
[2026-04-06T00:21:39.145+0000] {processor.py:161} INFO - Started process (PID=62111) to work on /opt/airflow/dags/isr_pipeline.py
[2026-04-06T00:21:39.155+0000] {processor.py:830} INFO - Processing file /opt/airflow/dags/isr_pipeline.py for tasks to queue
[2026-04-06T00:21:39.163+0000] {logging_mixin.py:188} INFO - [2026-04-06T00:21:39.161+0000] {dagbag.py:540} INFO - Filling up the DagBag from /opt/airflow/dags/isr_pipeline.py
[2026-04-06T00:21:39.268+0000] {processor.py:840} INFO - DAG(s) 'isr_pipeline' retrieved from /opt/airflow/dags/isr_pipeline.py
[2026-04-06T00:21:39.485+0000] {logging_mixin.py:188} INFO - [2026-04-06T00:21:39.484+0000] {dag.py:3096} INFO - Sync 1 DAGs
[2026-04-06T00:21:39.727+0000] {processor.py:183} INFO - Processing /opt/airflow/dags/isr_pipeline.py took 0.624 seconds
[2026-04-06T00:51:47.200+0000] {processor.py:161} INFO - Started process (PID=62117) to work on /opt/airflow/dags/isr_pipeline.py
[2026-04-06T00:51:47.201+0000] {processor.py:830} INFO - Processing file /opt/airflow/dags/isr_pipeline.py for tasks to queue
[2026-04-06T00:51:47.204+0000] {logging_mixin.py:188} INFO - [2026-04-06T00:51:47.203+0000] {dagbag.py:540} INFO - Filling up the DagBag from /opt/airflow/dags/isr_pipeline.py
[2026-04-06T00:51:47.233+0000] {processor.py:840} INFO - DAG(s) 'isr_pipeline' retrieved from /opt/airflow/dags/isr_pipeline.py
[2026-04-06T00:51:47.283+0000] {logging_mixin.py:188} INFO - [2026-04-06T00:51:47.283+0000] {dag.py:3096} INFO - Sync 1 DAGs
[2026-04-06T00:51:47.431+0000] {processor.py:183} INFO - Processing /opt/airflow/dags/isr_pipeline.py took 0.240 seconds
[2026-04-06T00:52:17.842+0000] {processor.py:161} INFO - Started process (PID=62122) to work on /opt/airflow/dags/isr_pipeline.py
[2026-04-06T00:52:17.850+0000] {processor.py:830} INFO - Processing file /opt/airflow/dags/isr_pipeline.py for tasks to queue
[2026-04-06T00:52:17.864+0000] {logging_mixin.py:188} INFO - [2026-04-06T00:52:17.861+0000] {dagbag.py:540} INFO - Filling up the DagBag from /opt/airflow/dags/isr_pipeline.py
[2026-04-06T00:52:17.958+0000] {processor.py:840} INFO - DAG(s) 'isr_pipeline' retrieved from /opt/airflow/dags/isr_pipeline.py
[2026-04-06T00:52:18.136+0000] {logging_mixin.py:188} INFO - [2026-04-06T00:52:18.135+0000] {dag.py:3096} INFO - Sync 1 DAGs
[2026-04-06T00:52:18.344+0000] {processor.py:183} INFO - Processing /opt/airflow/dags/isr_pipeline.py took 0.540 seconds
[2026-04-06T00:52:48.858+0000] {processor.py:161} INFO - Started process (PID=62127) to work on /opt/airflow/dags/isr_pipeline.py
[2026-04-06T00:52:48.866+0000] {processor.py:830} INFO - Processing file /opt/airflow/dags/isr_pipeline.py for tasks to queue
[2026-04-06T00:52:48.874+0000] {logging_mixin.py:188} INFO - [2026-04-06T00:52:48.872+0000] {dagbag.py:540} INFO - Filling up the DagBag from /opt/airflow/dags/isr_pipeline.py
[2026-04-06T00:52:48.968+0000] {processor.py:840} INFO - DAG(s) 'isr_pipeline' retrieved from /opt/airflow/dags/isr_pipeline.py
[2026-04-06T00:52:49.152+0000] {logging_mixin.py:188} INFO - [2026-04-06T00:52:49.151+0000] {dag.py:3096} INFO - Sync 1 DAGs
[2026-04-06T00:52:49.372+0000] {processor.py:183} INFO - Processing /opt/airflow/dags/isr_pipeline.py took 0.552 seconds
[2026-04-06T00:53:19.837+0000] {processor.py:161} INFO - Started process (PID=62132) to work on /opt/airflow/dags/isr_pipeline.py
[2026-04-06T00:53:19.845+0000] {processor.py:830} INFO - Processing file /opt/airflow/dags/isr_pipeline.py for tasks to queue
[2026-04-06T00:53:19.852+0000] {logging_mixin.py:188} INFO - [2026-04-06T00:53:19.850+0000] {dagbag.py:540} INFO - Filling up the DagBag from /opt/airflow/dags/isr_pipeline.py
[2026-04-06T00:53:19.941+0000] {processor.py:840} INFO - DAG(s) 'isr_pipeline' retrieved from /opt/airflow/dags/isr_pipeline.py
[2026-04-06T00:53:20.116+0000] {logging_mixin.py:188} INFO - [2026-04-06T00:53:20.115+0000] {dag.py:3096} INFO - Sync 1 DAGs
[2026-04-06T00:53:20.309+0000] {processor.py:183} INFO - Processing /opt/airflow/dags/isr_pipeline.py took 0.516 seconds
[2026-04-06T00:53:51.205+0000] {processor.py:161} INFO - Started process (PID=62137) to work on /opt/airflow/dags/isr_pipeline.py
[2026-04-06T00:53:51.213+0000] {processor.py:830} INFO - Processing file /opt/airflow/dags/isr_pipeline.py for tasks to queue
[2026-04-06T00:53:51.220+0000] {logging_mixin.py:188} INFO - [2026-04-06T00:53:51.218+0000] {dagbag.py:540} INFO - Filling up the DagBag from /opt/airflow/dags/isr_pipeline.py
[2026-04-06T00:53:51.308+0000] {processor.py:840} INFO - DAG(s) 'isr_pipeline' retrieved from /opt/airflow/dags/isr_pipeline.py
[2026-04-06T00:53:51.491+0000] {logging_mixin.py:188} INFO - [2026-04-06T00:53:51.490+0000] {dag.py:3096} INFO - Sync 1 DAGs
[2026-04-06T00:53:51.703+0000] {processor.py:183} INFO - Processing /opt/airflow/dags/isr_pipeline.py took 0.537 seconds
[2026-04-06T00:54:22.381+0000] {processor.py:161} INFO - Started process (PID=62142) to work on /opt/airflow/dags/isr_pipeline.py
[2026-04-06T00:54:22.388+0000] {processor.py:830} INFO - Processing file /opt/airflow/dags/isr_pipeline.py for tasks to queue
[2026-04-06T00:54:22.396+0000] {logging_mixin.py:188} INFO - [2026-04-06T00:54:22.394+0000] {dagbag.py:540} INFO - Filling up the DagBag from /opt/airflow/dags/isr_pipeline.py
[2026-04-06T00:54:22.489+0000] {processor.py:840} INFO - DAG(s) 'isr_pipeline' retrieved from /opt/airflow/dags/isr_pipeline.py
[2026-04-06T00:54:22.676+0000] {logging_mixin.py:188} INFO - [2026-04-06T00:54:22.675+0000] {dag.py:3096} INFO - Sync 1 DAGs
[2026-04-06T00:54:22.879+0000] {processor.py:183} INFO - Processing /opt/airflow/dags/isr_pipeline.py took 0.536 seconds
[2026-04-06T00:54:53.379+0000] {processor.py:161} INFO - Started process (PID=62147) to work on /opt/airflow/dags/isr_pipeline.py
[2026-04-06T00:54:53.386+0000] {processor.py:830} INFO - Processing file /opt/airflow/dags/isr_pipeline.py for tasks to queue
[2026-04-06T00:54:53.395+0000] {logging_mixin.py:188} INFO - [2026-04-06T00:54:53.392+0000] {dagbag.py:540} INFO - Filling up the DagBag from /opt/airflow/dags/isr_pipeline.py
[2026-04-06T00:54:53.488+0000] {processor.py:840} INFO - DAG(s) 'isr_pipeline' retrieved from /opt/airflow/dags/isr_pipeline.py
[2026-04-06T00:54:53.676+0000] {logging_mixin.py:188} INFO - [2026-04-06T00:54:53.675+0000] {dag.py:3096} INFO - Sync 1 DAGs
[2026-04-06T00:54:53.877+0000] {processor.py:183} INFO - Processing /opt/airflow/dags/isr_pipeline.py took 0.538 seconds
[2026-04-06T00:55:24.401+0000] {processor.py:161} INFO - Started process (PID=62152) to work on /opt/airflow/dags/isr_pipeline.py
[2026-04-06T00:55:24.408+0000] {processor.py:830} INFO - Processing file /opt/airflow/dags/isr_pipeline.py for tasks to queue
[2026-04-06T00:55:24.415+0000] {logging_mixin.py:188} INFO - [2026-04-06T00:55:24.413+0000] {dagbag.py:540} INFO - Filling up the DagBag from /opt/airflow/dags/isr_pipeline.py
[2026-04-06T00:55:24.507+0000] {processor.py:840} INFO - DAG(s) 'isr_pipeline' retrieved from /opt/airflow/dags/isr_pipeline.py
[2026-04-06T00:55:24.693+0000] {logging_mixin.py:188} INFO - [2026-04-06T00:55:24.692+0000] {dag.py:3096} INFO - Sync 1 DAGs
[2026-04-06T00:55:24.920+0000] {processor.py:183} INFO - Processing /opt/airflow/dags/isr_pipeline.py took 0.556 seconds
[2026-04-06T00:55:55.425+0000] {processor.py:161} INFO - Started process (PID=62157) to work on /opt/airflow/dags/isr_pipeline.py
[2026-04-06T00:55:55.433+0000] {processor.py:830} INFO - Processing file /opt/airflow/dags/isr_pipeline.py for tasks to queue
[2026-04-06T00:55:55.440+0000] {logging_mixin.py:188} INFO - [2026-04-06T00:55:55.438+0000] {dagbag.py:540} INFO - Filling up the DagBag from /opt/airflow/dags/isr_pipeline.py
[2026-04-06T00:55:55.560+0000] {processor.py:840} INFO - DAG(s) 'isr_pipeline' retrieved from /opt/airflow/dags/isr_pipeline.py
[2026-04-06T00:55:55.788+0000] {logging_mixin.py:188} INFO - [2026-04-06T00:55:55.786+0000] {dag.py:3096} INFO - Sync 1 DAGs
[2026-04-06T00:55:56.022+0000] {processor.py:183} INFO - Processing /opt/airflow/dags/isr_pipeline.py took 0.640 seconds
[2026-04-06T00:56:26.494+0000] {processor.py:161} INFO - Started process (PID=62162) to work on /opt/airflow/dags/isr_pipeline.py
[2026-04-06T00:56:26.502+0000] {processor.py:830} INFO - Processing file /opt/airflow/dags/isr_pipeline.py for tasks to queue
[2026-04-06T00:56:26.509+0000] {logging_mixin.py:188} INFO - [2026-04-06T00:56:26.507+0000] {dagbag.py:540} INFO - Filling up the DagBag from /opt/airflow/dags/isr_pipeline.py
[2026-04-06T00:56:26.610+0000] {processor.py:840} INFO - DAG(s) 'isr_pipeline' retrieved from /opt/airflow/dags/isr_pipeline.py
[2026-04-06T00:56:26.809+0000] {logging_mixin.py:188} INFO - [2026-04-06T00:56:26.806+0000] {dag.py:3096} INFO - Sync 1 DAGs
[2026-04-06T00:56:27.015+0000] {processor.py:183} INFO - Processing /opt/airflow/dags/isr_pipeline.py took 0.561 seconds
[2026-04-06T00:56:57.639+0000] {processor.py:161} INFO - Started process (PID=62167) to work on /opt/airflow/dags/isr_pipeline.py
[2026-04-06T00:56:57.647+0000] {processor.py:830} INFO - Processing file /opt/airflow/dags/isr_pipeline.py for tasks to queue
[2026-04-06T00:56:57.658+0000] {logging_mixin.py:188} INFO - [2026-04-06T00:56:57.656+0000] {dagbag.py:540} INFO - Filling up the DagBag from /opt/airflow/dags/isr_pipeline.py
[2026-04-06T00:56:57.752+0000] {processor.py:840} INFO - DAG(s) 'isr_pipeline' retrieved from /opt/airflow/dags/isr_pipeline.py
[2026-04-06T00:56:57.946+0000] {logging_mixin.py:188} INFO - [2026-04-06T00:56:57.945+0000] {dag.py:3096} INFO - Sync 1 DAGs
[2026-04-06T00:56:58.710+0000] {processor.py:183} INFO - Processing /opt/airflow/dags/isr_pipeline.py took 1.110 seconds
[2026-04-06T00:57:29.245+0000] {processor.py:161} INFO - Started process (PID=62172) to work on /opt/airflow/dags/isr_pipeline.py
[2026-04-06T00:57:29.253+0000] {processor.py:830} INFO - Processing file /opt/airflow/dags/isr_pipeline.py for tasks to queue
[2026-04-06T00:57:29.261+0000] {logging_mixin.py:188} INFO - [2026-04-06T00:57:29.259+0000] {dagbag.py:540} INFO - Filling up the DagBag from /opt/airflow/dags/isr_pipeline.py
[2026-04-06T00:57:29.353+0000] {processor.py:840} INFO - DAG(s) 'isr_pipeline' retrieved from /opt/airflow/dags/isr_pipeline.py
[2026-04-06T00:57:29.539+0000] {logging_mixin.py:188} INFO - [2026-04-06T00:57:29.538+0000] {dag.py:3096} INFO - Sync 1 DAGs
[2026-04-06T00:57:29.771+0000] {processor.py:183} INFO - Processing /opt/airflow/dags/isr_pipeline.py took 0.571 seconds
[2026-04-06T00:58:00.264+0000] {processor.py:161} INFO - Started process (PID=62177) to work on /opt/airflow/dags/isr_pipeline.py
[2026-04-06T00:58:00.274+0000] {processor.py:830} INFO - Processing file /opt/airflow/dags/isr_pipeline.py for tasks to queue
[2026-04-06T00:58:00.291+0000] {logging_mixin.py:188} INFO - [2026-04-06T00:58:00.285+0000] {dagbag.py:540} INFO - Filling up the DagBag from /opt/airflow/dags/isr_pipeline.py
[2026-04-06T00:58:00.390+0000] {processor.py:840} INFO - DAG(s) 'isr_pipeline' retrieved from /opt/airflow/dags/isr_pipeline.py
[2026-04-06T00:58:00.572+0000] {logging_mixin.py:188} INFO - [2026-04-06T00:58:00.571+0000] {dag.py:3096} INFO - Sync 1 DAGs
[2026-04-06T00:58:00.770+0000] {processor.py:183} INFO - Processing /opt/airflow/dags/isr_pipeline.py took 0.543 seconds
[2026-04-06T00:58:31.256+0000] {processor.py:161} INFO - Started process (PID=62182) to work on /opt/airflow/dags/isr_pipeline.py
[2026-04-06T00:58:31.264+0000] {processor.py:830} INFO - Processing file /opt/airflow/dags/isr_pipeline.py for tasks to queue
[2026-04-06T00:58:31.271+0000] {logging_mixin.py:188} INFO - [2026-04-06T00:58:31.269+0000] {dagbag.py:540} INFO - Filling up the DagBag from /opt/airflow/dags/isr_pipeline.py
[2026-04-06T00:58:31.362+0000] {processor.py:840} INFO - DAG(s) 'isr_pipeline' retrieved from /opt/airflow/dags/isr_pipeline.py
[2026-04-06T00:58:31.546+0000] {logging_mixin.py:188} INFO - [2026-04-06T00:58:31.545+0000] {dag.py:3096} INFO - Sync 1 DAGs
[2026-04-06T00:58:31.747+0000] {processor.py:183} INFO - Processing /opt/airflow/dags/isr_pipeline.py took 0.529 seconds
[2026-04-06T00:59:02.267+0000] {processor.py:161} INFO - Started process (PID=62187) to work on /opt/airflow/dags/isr_pipeline.py
[2026-04-06T00:59:02.275+0000] {processor.py:830} INFO - Processing file /opt/airflow/dags/isr_pipeline.py for tasks to queue
[2026-04-06T00:59:02.282+0000] {logging_mixin.py:188} INFO - [2026-04-06T00:59:02.280+0000] {dagbag.py:540} INFO - Filling up the DagBag from /opt/airflow/dags/isr_pipeline.py
[2026-04-06T00:59:02.394+0000] {processor.py:840} INFO - DAG(s) 'isr_pipeline' retrieved from /opt/airflow/dags/isr_pipeline.py
[2026-04-06T00:59:02.613+0000] {logging_mixin.py:188} INFO - [2026-04-06T00:59:02.612+0000] {dag.py:3096} INFO - Sync 1 DAGs
[2026-04-06T00:59:02.815+0000] {processor.py:183} INFO - Processing /opt/airflow/dags/isr_pipeline.py took 0.586 seconds
[2026-04-06T00:59:33.105+0000] {processor.py:161} INFO - Started process (PID=62192) to work on /opt/airflow/dags/isr_pipeline.py
[2026-04-06T00:59:33.113+0000] {processor.py:830} INFO - Processing file /opt/airflow/dags/isr_pipeline.py for tasks to queue
[2026-04-06T00:59:33.121+0000] {logging_mixin.py:188} INFO - [2026-04-06T00:59:33.119+0000] {dagbag.py:540} INFO - Filling up the DagBag from /opt/airflow/dags/isr_pipeline.py
[2026-04-06T00:59:33.225+0000] {processor.py:840} INFO - DAG(s) 'isr_pipeline' retrieved from /opt/airflow/dags/isr_pipeline.py
[2026-04-06T00:59:33.416+0000] {logging_mixin.py:188} INFO - [2026-04-06T00:59:33.415+0000] {dag.py:3096} INFO - Sync 1 DAGs
[2026-04-06T00:59:34.181+0000] {processor.py:183} INFO - Processing /opt/airflow/dags/isr_pipeline.py took 1.127 seconds
[2026-04-06T01:00:04.693+0000] {processor.py:161} INFO - Started process (PID=62197) to work on /opt/airflow/dags/isr_pipeline.py
[2026-04-06T01:00:04.702+0000] {processor.py:830} INFO - Processing file /opt/airflow/dags/isr_pipeline.py for tasks to queue
[2026-04-06T01:00:04.709+0000] {logging_mixin.py:188} INFO - [2026-04-06T01:00:04.707+0000] {dagbag.py:540} INFO - Filling up the DagBag from /opt/airflow/dags/isr_pipeline.py
[2026-04-06T01:00:04.798+0000] {processor.py:840} INFO - DAG(s) 'isr_pipeline' retrieved from /opt/airflow/dags/isr_pipeline.py
[2026-04-06T01:00:04.980+0000] {logging_mixin.py:188} INFO - [2026-04-06T01:00:04.979+0000] {dag.py:3096} INFO - Sync 1 DAGs
[2026-04-06T01:00:05.172+0000] {processor.py:183} INFO - Processing /opt/airflow/dags/isr_pipeline.py took 0.514 seconds
[2026-04-06T01:00:35.703+0000] {processor.py:161} INFO - Started process (PID=62202) to work on /opt/airflow/dags/isr_pipeline.py
[2026-04-06T01:00:35.712+0000] {processor.py:830} INFO - Processing file /opt/airflow/dags/isr_pipeline.py for tasks to queue
[2026-04-06T01:00:35.721+0000] {logging_mixin.py:188} INFO - [2026-04-06T01:00:35.718+0000] {dagbag.py:540} INFO - Filling up the DagBag from /opt/airflow/dags/isr_pipeline.py
[2026-04-06T01:00:35.831+0000] {processor.py:840} INFO - DAG(s) 'isr_pipeline' retrieved from /opt/airflow/dags/isr_pipeline.py
[2026-04-06T01:00:36.023+0000] {logging_mixin.py:188} INFO - [2026-04-06T01:00:36.022+0000] {dag.py:3096} INFO - Sync 1 DAGs
[2026-04-06T01:00:36.238+0000] {processor.py:183} INFO - Processing /opt/airflow/dags/isr_pipeline.py took 0.575 seconds
[2026-04-06T01:01:06.779+0000] {processor.py:161} INFO - Started process (PID=62207) to work on /opt/airflow/dags/isr_pipeline.py
[2026-04-06T01:01:06.786+0000] {processor.py:830} INFO - Processing file /opt/airflow/dags/isr_pipeline.py for tasks to queue
[2026-04-06T01:01:06.794+0000] {logging_mixin.py:188} INFO - [2026-04-06T01:01:06.792+0000] {dagbag.py:540} INFO - Filling up the DagBag from /opt/airflow/dags/isr_pipeline.py
[2026-04-06T01:01:06.886+0000] {processor.py:840} INFO - DAG(s) 'isr_pipeline' retrieved from /opt/airflow/dags/isr_pipeline.py
[2026-04-06T01:01:07.069+0000] {logging_mixin.py:188} INFO - [2026-04-06T01:01:07.068+0000] {dag.py:3096} INFO - Sync 1 DAGs
[2026-04-06T01:01:07.269+0000] {processor.py:183} INFO - Processing /opt/airflow/dags/isr_pipeline.py took 0.529 seconds
[2026-04-06T01:01:37.770+0000] {processor.py:161} INFO - Started process (PID=62212) to work on /opt/airflow/dags/isr_pipeline.py
[2026-04-06T01:01:37.778+0000] {processor.py:830} INFO - Processing file /opt/airflow/dags/isr_pipeline.py for tasks to queue
[2026-04-06T01:01:37.784+0000] {logging_mixin.py:188} INFO - [2026-04-06T01:01:37.783+0000] {dagbag.py:540} INFO - Filling up the DagBag from /opt/airflow/dags/isr_pipeline.py
[2026-04-06T01:01:37.872+0000] {processor.py:840} INFO - DAG(s) 'isr_pipeline' retrieved from /opt/airflow/dags/isr_pipeline.py
[2026-04-06T01:01:38.051+0000] {logging_mixin.py:188} INFO - [2026-04-06T01:01:38.050+0000] {dag.py:3096} INFO - Sync 1 DAGs
[2026-04-06T01:01:38.245+0000] {processor.py:183} INFO - Processing /opt/airflow/dags/isr_pipeline.py took 0.511 seconds
[2026-04-06T01:02:08.852+0000] {processor.py:161} INFO - Started process (PID=62217) to work on /opt/airflow/dags/isr_pipeline.py
[2026-04-06T01:02:08.858+0000] {processor.py:830} INFO - Processing file /opt/airflow/dags/isr_pipeline.py for tasks to queue
[2026-04-06T01:02:08.865+0000] {logging_mixin.py:188} INFO - [2026-04-06T01:02:08.863+0000] {dagbag.py:540} INFO - Filling up the DagBag from /opt/airflow/dags/isr_pipeline.py
[2026-04-06T01:02:08.955+0000] {processor.py:840} INFO - DAG(s) 'isr_pipeline' retrieved from /opt/airflow/dags/isr_pipeline.py
[2026-04-06T01:02:09.135+0000] {logging_mixin.py:188} INFO - [2026-04-06T01:02:09.134+0000] {dag.py:3096} INFO - Sync 1 DAGs
[2026-04-06T01:02:09.876+0000] {processor.py:183} INFO - Processing /opt/airflow/dags/isr_pipeline.py took 1.062 seconds
[2026-04-06T01:02:40.260+0000] {processor.py:161} INFO - Started process (PID=62222) to work on /opt/airflow/dags/isr_pipeline.py
[2026-04-06T01:02:40.267+0000] {processor.py:830} INFO - Processing file /opt/airflow/dags/isr_pipeline.py for tasks to queue
[2026-04-06T01:02:40.274+0000] {logging_mixin.py:188} INFO - [2026-04-06T01:02:40.272+0000] {dagbag.py:540} INFO - Filling up the DagBag from /opt/airflow/dags/isr_pipeline.py
[2026-04-06T01:02:40.360+0000] {processor.py:840} INFO - DAG(s) 'isr_pipeline' retrieved from /opt/airflow/dags/isr_pipeline.py
[2026-04-06T01:02:41.108+0000] {logging_mixin.py:188} INFO - [2026-04-06T01:02:41.107+0000] {dag.py:3096} INFO - Sync 1 DAGs
[2026-04-06T01:02:41.268+0000] {processor.py:183} INFO - Processing /opt/airflow/dags/isr_pipeline.py took 1.046 seconds
[2026-04-06T01:03:11.734+0000] {processor.py:161} INFO - Started process (PID=62227) to work on /opt/airflow/dags/isr_pipeline.py
[2026-04-06T01:03:11.741+0000] {processor.py:830} INFO - Processing file /opt/airflow/dags/isr_pipeline.py for tasks to queue
[2026-04-06T01:03:11.748+0000] {logging_mixin.py:188} INFO - [2026-04-06T01:03:11.746+0000] {dagbag.py:540} INFO - Filling up the DagBag from /opt/airflow/dags/isr_pipeline.py
[2026-04-06T01:03:11.839+0000] {processor.py:840} INFO - DAG(s) 'isr_pipeline' retrieved from /opt/airflow/dags/isr_pipeline.py
[2026-04-06T01:03:12.016+0000] {logging_mixin.py:188} INFO - [2026-04-06T01:03:12.015+0000] {dag.py:3096} INFO - Sync 1 DAGs
[2026-04-06T01:03:12.210+0000] {processor.py:183} INFO - Processing /opt/airflow/dags/isr_pipeline.py took 0.511 seconds
[2026-04-06T01:03:42.741+0000] {processor.py:161} INFO - Started process (PID=62232) to work on /opt/airflow/dags/isr_pipeline.py
[2026-04-06T01:03:42.748+0000] {processor.py:830} INFO - Processing file /opt/airflow/dags/isr_pipeline.py for tasks to queue
[2026-04-06T01:03:42.755+0000] {logging_mixin.py:188} INFO - [2026-04-06T01:03:42.753+0000] {dagbag.py:540} INFO - Filling up the DagBag from /opt/airflow/dags/isr_pipeline.py
[2026-04-06T01:03:42.851+0000] {processor.py:840} INFO - DAG(s) 'isr_pipeline' retrieved from /opt/airflow/dags/isr_pipeline.py
[2026-04-06T01:03:43.046+0000] {logging_mixin.py:188} INFO - [2026-04-06T01:03:43.045+0000] {dag.py:3096} INFO - Sync 1 DAGs
[2026-04-06T01:03:43.248+0000] {processor.py:183} INFO - Processing /opt/airflow/dags/isr_pipeline.py took 0.546 seconds
[2026-04-06T01:04:13.444+0000] {processor.py:161} INFO - Started process (PID=62237) to work on /opt/airflow/dags/isr_pipeline.py
[2026-04-06T01:04:13.453+0000] {processor.py:830} INFO - Processing file /opt/airflow/dags/isr_pipeline.py for tasks to queue
[2026-04-06T01:04:13.460+0000] {logging_mixin.py:188} INFO - [2026-04-06T01:04:13.458+0000] {dagbag.py:540} INFO - Filling up the DagBag from /opt/airflow/dags/isr_pipeline.py
[2026-04-06T01:04:13.555+0000] {processor.py:840} INFO - DAG(s) 'isr_pipeline' retrieved from /opt/airflow/dags/isr_pipeline.py
[2026-04-06T01:04:13.741+0000] {logging_mixin.py:188} INFO - [2026-04-06T01:04:13.740+0000] {dag.py:3096} INFO - Sync 1 DAGs
[2026-04-06T01:04:13.951+0000] {processor.py:183} INFO - Processing /opt/airflow/dags/isr_pipeline.py took 0.547 seconds
[2026-04-06T01:04:44.456+0000] {processor.py:161} INFO - Started process (PID=62242) to work on /opt/airflow/dags/isr_pipeline.py
[2026-04-06T01:04:44.464+0000] {processor.py:830} INFO - Processing file /opt/airflow/dags/isr_pipeline.py for tasks to queue
[2026-04-06T01:04:44.471+0000] {logging_mixin.py:188} INFO - [2026-04-06T01:04:44.469+0000] {dagbag.py:540} INFO - Filling up the DagBag from /opt/airflow/dags/isr_pipeline.py
[2026-04-06T01:04:44.566+0000] {processor.py:840} INFO - DAG(s) 'isr_pipeline' retrieved from /opt/airflow/dags/isr_pipeline.py
[2026-04-06T01:04:44.754+0000] {logging_mixin.py:188} INFO - [2026-04-06T01:04:44.753+0000] {dag.py:3096} INFO - Sync 1 DAGs
[2026-04-06T01:04:45.490+0000] {processor.py:183} INFO - Processing /opt/airflow/dags/isr_pipeline.py took 1.074 seconds
[2026-04-06T01:05:15.806+0000] {processor.py:161} INFO - Started process (PID=62247) to work on /opt/airflow/dags/isr_pipeline.py
[2026-04-06T01:05:15.813+0000] {processor.py:830} INFO - Processing file /opt/airflow/dags/isr_pipeline.py for tasks to queue
[2026-04-06T01:05:15.821+0000] {logging_mixin.py:188} INFO - [2026-04-06T01:05:15.819+0000] {dagbag.py:540} INFO - Filling up the DagBag from /opt/airflow/dags/isr_pipeline.py
[2026-04-06T01:05:15.919+0000] {processor.py:840} INFO - DAG(s) 'isr_pipeline' retrieved from /opt/airflow/dags/isr_pipeline.py
[2026-04-06T01:05:16.097+0000] {logging_mixin.py:188} INFO - [2026-04-06T01:05:16.096+0000] {dag.py:3096} INFO - Sync 1 DAGs
[2026-04-06T01:05:16.309+0000] {processor.py:183} INFO - Processing /opt/airflow/dags/isr_pipeline.py took 0.541 seconds
[2026-04-06T01:05:46.818+0000] {processor.py:161} INFO - Started process (PID=62252) to work on /opt/airflow/dags/isr_pipeline.py
[2026-04-06T01:05:46.825+0000] {processor.py:830} INFO - Processing file /opt/airflow/dags/isr_pipeline.py for tasks to queue
[2026-04-06T01:05:46.832+0000] {logging_mixin.py:188} INFO - [2026-04-06T01:05:46.830+0000] {dagbag.py:540} INFO - Filling up the DagBag from /opt/airflow/dags/isr_pipeline.py
[2026-04-06T01:05:46.907+0000] {processor.py:840} INFO - DAG(s) 'isr_pipeline' retrieved from /opt/airflow/dags/isr_pipeline.py
[2026-04-06T01:05:47.093+0000] {logging_mixin.py:188} INFO - [2026-04-06T01:05:47.092+0000] {dag.py:3096} INFO - Sync 1 DAGs
[2026-04-06T01:05:47.294+0000] {processor.py:183} INFO - Processing /opt/airflow/dags/isr_pipeline.py took 0.534 seconds
[2026-04-06T01:06:17.628+0000] {processor.py:161} INFO - Started process (PID=62257) to work on /opt/airflow/dags/isr_pipeline.py
[2026-04-06T01:06:17.635+0000] {processor.py:830} INFO - Processing file /opt/airflow/dags/isr_pipeline.py for tasks to queue
[2026-04-06T01:06:17.642+0000] {logging_mixin.py:188} INFO - [2026-04-06T01:06:17.640+0000] {dagbag.py:540} INFO - Filling up the DagBag from /opt/airflow/dags/isr_pipeline.py
[2026-04-06T01:06:17.730+0000] {processor.py:840} INFO - DAG(s) 'isr_pipeline' retrieved from /opt/airflow/dags/isr_pipeline.py
[2026-04-06T01:06:17.907+0000] {logging_mixin.py:188} INFO - [2026-04-06T01:06:17.906+0000] {dag.py:3096} INFO - Sync 1 DAGs
[2026-04-06T01:06:18.112+0000] {processor.py:183} INFO - Processing /opt/airflow/dags/isr_pipeline.py took 0.523 seconds
[2026-04-06T01:06:48.754+0000] {processor.py:161} INFO - Started process (PID=62262) to work on /opt/airflow/dags/isr_pipeline.py
[2026-04-06T01:06:48.761+0000] {processor.py:830} INFO - Processing file /opt/airflow/dags/isr_pipeline.py for tasks to queue
[2026-04-06T01:06:48.768+0000] {logging_mixin.py:188} INFO - [2026-04-06T01:06:48.766+0000] {dagbag.py:540} INFO - Filling up the DagBag from /opt/airflow/dags/isr_pipeline.py
[2026-04-06T01:06:48.857+0000] {processor.py:840} INFO - DAG(s) 'isr_pipeline' retrieved from /opt/airflow/dags/isr_pipeline.py
[2026-04-06T01:06:49.045+0000] {logging_mixin.py:188} INFO - [2026-04-06T01:06:49.044+0000] {dag.py:3096} INFO - Sync 1 DAGs
[2026-04-06T01:06:49.807+0000] {processor.py:183} INFO - Processing /opt/airflow/dags/isr_pipeline.py took 1.092 seconds
[2026-04-06T01:07:20.150+0000] {processor.py:161} INFO - Started process (PID=62267) to work on /opt/airflow/dags/isr_pipeline.py
[2026-04-06T01:07:20.157+0000] {processor.py:830} INFO - Processing file /opt/airflow/dags/isr_pipeline.py for tasks to queue
[2026-04-06T01:07:20.164+0000] {logging_mixin.py:188} INFO - [2026-04-06T01:07:20.162+0000] {dagbag.py:540} INFO - Filling up the DagBag from /opt/airflow/dags/isr_pipeline.py
[2026-04-06T01:07:20.253+0000] {processor.py:840} INFO - DAG(s) 'isr_pipeline' retrieved from /opt/airflow/dags/isr_pipeline.py
[2026-04-06T01:07:20.441+0000] {logging_mixin.py:188} INFO - [2026-04-06T01:07:20.440+0000] {dag.py:3096} INFO - Sync 1 DAGs
[2026-04-06T01:07:21.188+0000] {processor.py:183} INFO - Processing /opt/airflow/dags/isr_pipeline.py took 1.078 seconds
[2026-04-06T01:07:51.897+0000] {processor.py:161} INFO - Started process (PID=62272) to work on /opt/airflow/dags/isr_pipeline.py
[2026-04-06T01:07:51.914+0000] {processor.py:830} INFO - Processing file /opt/airflow/dags/isr_pipeline.py for tasks to queue
[2026-04-06T01:07:51.933+0000] {logging_mixin.py:188} INFO - [2026-04-06T01:07:51.931+0000] {dagbag.py:540} INFO - Filling up the DagBag from /opt/airflow/dags/isr_pipeline.py
[2026-04-06T01:07:52.060+0000] {processor.py:840} INFO - DAG(s) 'isr_pipeline' retrieved from /opt/airflow/dags/isr_pipeline.py
[2026-04-06T01:07:52.265+0000] {logging_mixin.py:188} INFO - [2026-04-06T01:07:52.264+0000] {dag.py:3096} INFO - Sync 1 DAGs
[2026-04-06T01:07:52.551+0000] {processor.py:183} INFO - Processing /opt/airflow/dags/isr_pipeline.py took 0.722 seconds
[2026-04-06T01:38:08.458+0000] {processor.py:161} INFO - Started process (PID=62278) to work on /opt/airflow/dags/isr_pipeline.py
[2026-04-06T01:38:08.459+0000] {processor.py:830} INFO - Processing file /opt/airflow/dags/isr_pipeline.py for tasks to queue
[2026-04-06T01:38:08.461+0000] {logging_mixin.py:188} INFO - [2026-04-06T01:38:08.461+0000] {dagbag.py:540} INFO - Filling up the DagBag from /opt/airflow/dags/isr_pipeline.py
[2026-04-06T01:38:08.491+0000] {processor.py:840} INFO - DAG(s) 'isr_pipeline' retrieved from /opt/airflow/dags/isr_pipeline.py
[2026-04-06T01:38:08.543+0000] {logging_mixin.py:188} INFO - [2026-04-06T01:38:08.542+0000] {dag.py:3096} INFO - Sync 1 DAGs
[2026-04-06T01:38:08.720+0000] {processor.py:183} INFO - Processing /opt/airflow/dags/isr_pipeline.py took 0.276 seconds
[2026-04-06T01:38:39.056+0000] {processor.py:161} INFO - Started process (PID=62283) to work on /opt/airflow/dags/isr_pipeline.py
[2026-04-06T01:38:39.063+0000] {processor.py:830} INFO - Processing file /opt/airflow/dags/isr_pipeline.py for tasks to queue
[2026-04-06T01:38:39.070+0000] {logging_mixin.py:188} INFO - [2026-04-06T01:38:39.068+0000] {dagbag.py:540} INFO - Filling up the DagBag from /opt/airflow/dags/isr_pipeline.py
[2026-04-06T01:38:39.158+0000] {processor.py:840} INFO - DAG(s) 'isr_pipeline' retrieved from /opt/airflow/dags/isr_pipeline.py
[2026-04-06T01:38:39.345+0000] {logging_mixin.py:188} INFO - [2026-04-06T01:38:39.344+0000] {dag.py:3096} INFO - Sync 1 DAGs
[2026-04-06T01:38:39.562+0000] {processor.py:183} INFO - Processing /opt/airflow/dags/isr_pipeline.py took 0.544 seconds
[2026-04-06T01:39:10.071+0000] {processor.py:161} INFO - Started process (PID=62288) to work on /opt/airflow/dags/isr_pipeline.py
[2026-04-06T01:39:10.079+0000] {processor.py:830} INFO - Processing file /opt/airflow/dags/isr_pipeline.py for tasks to queue
[2026-04-06T01:39:10.086+0000] {logging_mixin.py:188} INFO - [2026-04-06T01:39:10.084+0000] {dagbag.py:540} INFO - Filling up the DagBag from /opt/airflow/dags/isr_pipeline.py
[2026-04-06T01:39:10.173+0000] {processor.py:840} INFO - DAG(s) 'isr_pipeline' retrieved from /opt/airflow/dags/isr_pipeline.py
[2026-04-06T01:39:10.359+0000] {logging_mixin.py:188} INFO - [2026-04-06T01:39:10.358+0000] {dag.py:3096} INFO - Sync 1 DAGs
[2026-04-06T01:39:11.110+0000] {processor.py:183} INFO - Processing /opt/airflow/dags/isr_pipeline.py took 1.080 seconds
[2026-04-06T01:39:41.431+0000] {processor.py:161} INFO - Started process (PID=62293) to work on /opt/airflow/dags/isr_pipeline.py
[2026-04-06T01:39:41.439+0000] {processor.py:830} INFO - Processing file /opt/airflow/dags/isr_pipeline.py for tasks to queue
[2026-04-06T01:39:41.446+0000] {logging_mixin.py:188} INFO - [2026-04-06T01:39:41.444+0000] {dagbag.py:540} INFO - Filling up the DagBag from /opt/airflow/dags/isr_pipeline.py
[2026-04-06T01:39:41.545+0000] {processor.py:840} INFO - DAG(s) 'isr_pipeline' retrieved from /opt/airflow/dags/isr_pipeline.py
[2026-04-06T01:39:42.286+0000] {logging_mixin.py:188} INFO - [2026-04-06T01:39:42.285+0000] {dag.py:3096} INFO - Sync 1 DAGs
[2026-04-06T01:39:42.453+0000] {processor.py:183} INFO - Processing /opt/airflow/dags/isr_pipeline.py took 1.060 seconds
[2026-04-06T01:55:08.122+0000] {processor.py:161} INFO - Started process (PID=62298) to work on /opt/airflow/dags/isr_pipeline.py
[2026-04-06T01:55:08.125+0000] {processor.py:830} INFO - Processing file /opt/airflow/dags/isr_pipeline.py for tasks to queue
[2026-04-06T01:55:08.127+0000] {logging_mixin.py:188} INFO - [2026-04-06T01:55:08.127+0000] {dagbag.py:540} INFO - Filling up the DagBag from /opt/airflow/dags/isr_pipeline.py
[2026-04-06T01:55:08.367+0000] {processor.py:840} INFO - DAG(s) 'isr_pipeline' retrieved from /opt/airflow/dags/isr_pipeline.py
[2026-04-06T01:55:08.422+0000] {logging_mixin.py:188} INFO - [2026-04-06T01:55:08.421+0000] {dag.py:3096} INFO - Sync 1 DAGs
[2026-04-06T01:55:08.478+0000] {processor.py:183} INFO - Processing /opt/airflow/dags/isr_pipeline.py took 0.377 seconds
[2026-04-06T01:55:39.053+0000] {processor.py:161} INFO - Started process (PID=62303) to work on /opt/airflow/dags/isr_pipeline.py
[2026-04-06T01:55:39.064+0000] {processor.py:830} INFO - Processing file /opt/airflow/dags/isr_pipeline.py for tasks to queue
[2026-04-06T01:55:39.076+0000] {logging_mixin.py:188} INFO - [2026-04-06T01:55:39.071+0000] {dagbag.py:540} INFO - Filling up the DagBag from /opt/airflow/dags/isr_pipeline.py
[2026-04-06T01:55:39.177+0000] {processor.py:840} INFO - DAG(s) 'isr_pipeline' retrieved from /opt/airflow/dags/isr_pipeline.py
[2026-04-06T01:55:39.381+0000] {logging_mixin.py:188} INFO - [2026-04-06T01:55:39.380+0000] {dag.py:3096} INFO - Sync 1 DAGs
[2026-04-06T01:55:39.587+0000] {processor.py:183} INFO - Processing /opt/airflow/dags/isr_pipeline.py took 0.586 seconds
[2026-04-06T01:56:10.157+0000] {processor.py:161} INFO - Started process (PID=62308) to work on /opt/airflow/dags/isr_pipeline.py
[2026-04-06T01:56:10.172+0000] {processor.py:830} INFO - Processing file /opt/airflow/dags/isr_pipeline.py for tasks to queue
[2026-04-06T01:56:10.181+0000] {logging_mixin.py:188} INFO - [2026-04-06T01:56:10.179+0000] {dagbag.py:540} INFO - Filling up the DagBag from /opt/airflow/dags/isr_pipeline.py
[2026-04-06T01:56:10.284+0000] {processor.py:840} INFO - DAG(s) 'isr_pipeline' retrieved from /opt/airflow/dags/isr_pipeline.py
[2026-04-06T01:56:10.478+0000] {logging_mixin.py:188} INFO - [2026-04-06T01:56:10.476+0000] {dag.py:3096} INFO - Sync 1 DAGs
[2026-04-06T01:56:10.685+0000] {processor.py:183} INFO - Processing /opt/airflow/dags/isr_pipeline.py took 0.576 seconds
[2026-04-06T01:56:40.924+0000] {processor.py:161} INFO - Started process (PID=62313) to work on /opt/airflow/dags/isr_pipeline.py
[2026-04-06T01:56:40.935+0000] {processor.py:830} INFO - Processing file /opt/airflow/dags/isr_pipeline.py for tasks to queue
[2026-04-06T01:56:40.946+0000] {logging_mixin.py:188} INFO - [2026-04-06T01:56:40.944+0000] {dagbag.py:540} INFO - Filling up the DagBag from /opt/airflow/dags/isr_pipeline.py
[2026-04-06T01:56:41.044+0000] {processor.py:840} INFO - DAG(s) 'isr_pipeline' retrieved from /opt/airflow/dags/isr_pipeline.py
[2026-04-06T01:56:41.245+0000] {logging_mixin.py:188} INFO - [2026-04-06T01:56:41.244+0000] {dag.py:3096} INFO - Sync 1 DAGs
[2026-04-06T01:56:41.466+0000] {processor.py:183} INFO - Processing /opt/airflow/dags/isr_pipeline.py took 0.583 seconds
[2026-04-06T01:57:11.912+0000] {processor.py:161} INFO - Started process (PID=62318) to work on /opt/airflow/dags/isr_pipeline.py
[2026-04-06T01:57:11.922+0000] {processor.py:830} INFO - Processing file /opt/airflow/dags/isr_pipeline.py for tasks to queue
[2026-04-06T01:57:11.931+0000] {logging_mixin.py:188} INFO - [2026-04-06T01:57:11.929+0000] {dagbag.py:540} INFO - Filling up the DagBag from /opt/airflow/dags/isr_pipeline.py
[2026-04-06T01:57:12.039+0000] {processor.py:840} INFO - DAG(s) 'isr_pipeline' retrieved from /opt/airflow/dags/isr_pipeline.py
[2026-04-06T01:57:12.251+0000] {logging_mixin.py:188} INFO - [2026-04-06T01:57:12.249+0000] {dag.py:3096} INFO - Sync 1 DAGs
[2026-04-06T01:57:12.460+0000] {processor.py:183} INFO - Processing /opt/airflow/dags/isr_pipeline.py took 0.592 seconds
[2026-04-06T01:57:43.069+0000] {processor.py:161} INFO - Started process (PID=62323) to work on /opt/airflow/dags/isr_pipeline.py
[2026-04-06T01:57:43.078+0000] {processor.py:830} INFO - Processing file /opt/airflow/dags/isr_pipeline.py for tasks to queue
[2026-04-06T01:57:43.087+0000] {logging_mixin.py:188} INFO - [2026-04-06T01:57:43.084+0000] {dagbag.py:540} INFO - Filling up the DagBag from /opt/airflow/dags/isr_pipeline.py
[2026-04-06T01:57:43.204+0000] {processor.py:840} INFO - DAG(s) 'isr_pipeline' retrieved from /opt/airflow/dags/isr_pipeline.py
[2026-04-06T01:57:43.393+0000] {logging_mixin.py:188} INFO - [2026-04-06T01:57:43.392+0000] {dag.py:3096} INFO - Sync 1 DAGs
[2026-04-06T01:57:43.588+0000] {processor.py:183} INFO - Processing /opt/airflow/dags/isr_pipeline.py took 0.563 seconds
[2026-04-06T01:58:14.143+0000] {processor.py:161} INFO - Started process (PID=62328) to work on /opt/airflow/dags/isr_pipeline.py
[2026-04-06T01:58:14.150+0000] {processor.py:830} INFO - Processing file /opt/airflow/dags/isr_pipeline.py for tasks to queue
[2026-04-06T01:58:14.158+0000] {logging_mixin.py:188} INFO - [2026-04-06T01:58:14.156+0000] {dagbag.py:540} INFO - Filling up the DagBag from /opt/airflow/dags/isr_pipeline.py
[2026-04-06T01:58:14.251+0000] {processor.py:840} INFO - DAG(s) 'isr_pipeline' retrieved from /opt/airflow/dags/isr_pipeline.py
[2026-04-06T01:58:14.433+0000] {logging_mixin.py:188} INFO - [2026-04-06T01:58:14.432+0000] {dag.py:3096} INFO - Sync 1 DAGs
[2026-04-06T01:58:14.639+0000] {processor.py:183} INFO - Processing /opt/airflow/dags/isr_pipeline.py took 0.537 seconds
[2026-04-06T01:58:45.221+0000] {processor.py:161} INFO - Started process (PID=62333) to work on /opt/airflow/dags/isr_pipeline.py
[2026-04-06T01:58:45.228+0000] {processor.py:830} INFO - Processing file /opt/airflow/dags/isr_pipeline.py for tasks to queue
[2026-04-06T01:58:45.236+0000] {logging_mixin.py:188} INFO - [2026-04-06T01:58:45.234+0000] {dagbag.py:540} INFO - Filling up the DagBag from /opt/airflow/dags/isr_pipeline.py
[2026-04-06T01:58:45.340+0000] {processor.py:840} INFO - DAG(s) 'isr_pipeline' retrieved from /opt/airflow/dags/isr_pipeline.py
[2026-04-06T01:58:45.535+0000] {logging_mixin.py:188} INFO - [2026-04-06T01:58:45.534+0000] {dag.py:3096} INFO - Sync 1 DAGs
[2026-04-06T01:58:45.730+0000] {processor.py:183} INFO - Processing /opt/airflow/dags/isr_pipeline.py took 0.550 seconds
[2026-04-06T01:59:16.073+0000] {processor.py:161} INFO - Started process (PID=62338) to work on /opt/airflow/dags/isr_pipeline.py
[2026-04-06T01:59:16.081+0000] {processor.py:830} INFO - Processing file /opt/airflow/dags/isr_pipeline.py for tasks to queue
[2026-04-06T01:59:16.088+0000] {logging_mixin.py:188} INFO - [2026-04-06T01:59:16.086+0000] {dagbag.py:540} INFO - Filling up the DagBag from /opt/airflow/dags/isr_pipeline.py
[2026-04-06T01:59:16.181+0000] {processor.py:840} INFO - DAG(s) 'isr_pipeline' retrieved from /opt/airflow/dags/isr_pipeline.py
[2026-04-06T01:59:16.366+0000] {logging_mixin.py:188} INFO - [2026-04-06T01:59:16.365+0000] {dag.py:3096} INFO - Sync 1 DAGs
[2026-04-06T01:59:16.562+0000] {processor.py:183} INFO - Processing /opt/airflow/dags/isr_pipeline.py took 0.530 seconds
[2026-04-06T01:59:47.062+0000] {processor.py:161} INFO - Started process (PID=62343) to work on /opt/airflow/dags/isr_pipeline.py
[2026-04-06T01:59:47.069+0000] {processor.py:830} INFO - Processing file /opt/airflow/dags/isr_pipeline.py for tasks to queue
[2026-04-06T01:59:47.078+0000] {logging_mixin.py:188} INFO - [2026-04-06T01:59:47.076+0000] {dagbag.py:540} INFO - Filling up the DagBag from /opt/airflow/dags/isr_pipeline.py
[2026-04-06T01:59:47.177+0000] {processor.py:840} INFO - DAG(s) 'isr_pipeline' retrieved from /opt/airflow/dags/isr_pipeline.py
[2026-04-06T01:59:47.365+0000] {logging_mixin.py:188} INFO - [2026-04-06T01:59:47.364+0000] {dag.py:3096} INFO - Sync 1 DAGs
[2026-04-06T01:59:47.568+0000] {processor.py:183} INFO - Processing /opt/airflow/dags/isr_pipeline.py took 0.547 seconds
[2026-04-06T02:00:18.015+0000] {processor.py:161} INFO - Started process (PID=62348) to work on /opt/airflow/dags/isr_pipeline.py
[2026-04-06T02:00:18.023+0000] {processor.py:830} INFO - Processing file /opt/airflow/dags/isr_pipeline.py for tasks to queue
[2026-04-06T02:00:18.033+0000] {logging_mixin.py:188} INFO - [2026-04-06T02:00:18.030+0000] {dagbag.py:540} INFO - Filling up the DagBag from /opt/airflow/dags/isr_pipeline.py
[2026-04-06T02:00:18.131+0000] {processor.py:840} INFO - DAG(s) 'isr_pipeline' retrieved from /opt/airflow/dags/isr_pipeline.py
[2026-04-06T02:00:18.328+0000] {logging_mixin.py:188} INFO - [2026-04-06T02:00:18.327+0000] {dag.py:3096} INFO - Sync 1 DAGs
[2026-04-06T02:00:18.525+0000] {processor.py:183} INFO - Processing /opt/airflow/dags/isr_pipeline.py took 0.549 seconds
[2026-04-06T02:00:49.074+0000] {processor.py:161} INFO - Started process (PID=62353) to work on /opt/airflow/dags/isr_pipeline.py
[2026-04-06T02:00:49.085+0000] {processor.py:830} INFO - Processing file /opt/airflow/dags/isr_pipeline.py for tasks to queue
[2026-04-06T02:00:49.095+0000] {logging_mixin.py:188} INFO - [2026-04-06T02:00:49.092+0000] {dagbag.py:540} INFO - Filling up the DagBag from /opt/airflow/dags/isr_pipeline.py
[2026-04-06T02:00:49.203+0000] {processor.py:840} INFO - DAG(s) 'isr_pipeline' retrieved from /opt/airflow/dags/isr_pipeline.py
[2026-04-06T02:00:49.387+0000] {logging_mixin.py:188} INFO - [2026-04-06T02:00:49.386+0000] {dag.py:3096} INFO - Sync 1 DAGs
[2026-04-06T02:00:49.583+0000] {processor.py:183} INFO - Processing /opt/airflow/dags/isr_pipeline.py took 0.555 seconds
[2026-04-06T02:01:19.892+0000] {processor.py:161} INFO - Started process (PID=62358) to work on /opt/airflow/dags/isr_pipeline.py
[2026-04-06T02:01:19.899+0000] {processor.py:830} INFO - Processing file /opt/airflow/dags/isr_pipeline.py for tasks to queue
[2026-04-06T02:01:19.906+0000] {logging_mixin.py:188} INFO - [2026-04-06T02:01:19.904+0000] {dagbag.py:540} INFO - Filling up the DagBag from /opt/airflow/dags/isr_pipeline.py
[2026-04-06T02:01:20.002+0000] {processor.py:840} INFO - DAG(s) 'isr_pipeline' retrieved from /opt/airflow/dags/isr_pipeline.py
[2026-04-06T02:01:20.205+0000] {logging_mixin.py:188} INFO - [2026-04-06T02:01:20.204+0000] {dag.py:3096} INFO - Sync 1 DAGs
[2026-04-06T02:01:20.409+0000] {processor.py:183} INFO - Processing /opt/airflow/dags/isr_pipeline.py took 0.557 seconds
[2026-04-06T02:01:50.930+0000] {processor.py:161} INFO - Started process (PID=62363) to work on /opt/airflow/dags/isr_pipeline.py
[2026-04-06T02:01:50.937+0000] {processor.py:830} INFO - Processing file /opt/airflow/dags/isr_pipeline.py for tasks to queue
[2026-04-06T02:01:50.945+0000] {logging_mixin.py:188} INFO - [2026-04-06T02:01:50.943+0000] {dagbag.py:540} INFO - Filling up the DagBag from /opt/airflow/dags/isr_pipeline.py
[2026-04-06T02:01:51.058+0000] {processor.py:840} INFO - DAG(s) 'isr_pipeline' retrieved from /opt/airflow/dags/isr_pipeline.py
[2026-04-06T02:01:51.249+0000] {logging_mixin.py:188} INFO - [2026-04-06T02:01:51.247+0000] {dag.py:3096} INFO - Sync 1 DAGs
[2026-04-06T02:01:51.445+0000] {processor.py:183} INFO - Processing /opt/airflow/dags/isr_pipeline.py took 0.553 seconds
[2026-04-06T02:02:21.823+0000] {processor.py:161} INFO - Started process (PID=62368) to work on /opt/airflow/dags/isr_pipeline.py
[2026-04-06T02:02:21.830+0000] {processor.py:830} INFO - Processing file /opt/airflow/dags/isr_pipeline.py for tasks to queue
[2026-04-06T02:02:21.837+0000] {logging_mixin.py:188} INFO - [2026-04-06T02:02:21.835+0000] {dagbag.py:540} INFO - Filling up the DagBag from /opt/airflow/dags/isr_pipeline.py
[2026-04-06T02:02:21.939+0000] {processor.py:840} INFO - DAG(s) 'isr_pipeline' retrieved from /opt/airflow/dags/isr_pipeline.py
[2026-04-06T02:02:22.135+0000] {logging_mixin.py:188} INFO - [2026-04-06T02:02:22.134+0000] {dag.py:3096} INFO - Sync 1 DAGs
[2026-04-06T02:02:22.481+0000] {processor.py:183} INFO - Processing /opt/airflow/dags/isr_pipeline.py took 0.698 seconds
[2026-04-06T02:02:53.064+0000] {processor.py:161} INFO - Started process (PID=62373) to work on /opt/airflow/dags/isr_pipeline.py
[2026-04-06T02:02:53.072+0000] {processor.py:830} INFO - Processing file /opt/airflow/dags/isr_pipeline.py for tasks to queue
[2026-04-06T02:02:53.084+0000] {logging_mixin.py:188} INFO - [2026-04-06T02:02:53.081+0000] {dagbag.py:540} INFO - Filling up the DagBag from /opt/airflow/dags/isr_pipeline.py
[2026-04-06T02:02:53.187+0000] {processor.py:840} INFO - DAG(s) 'isr_pipeline' retrieved from /opt/airflow/dags/isr_pipeline.py
[2026-04-06T02:02:53.370+0000] {logging_mixin.py:188} INFO - [2026-04-06T02:02:53.369+0000] {dag.py:3096} INFO - Sync 1 DAGs
[2026-04-06T02:02:53.569+0000] {processor.py:183} INFO - Processing /opt/airflow/dags/isr_pipeline.py took 0.546 seconds
[2026-04-06T02:03:24.076+0000] {processor.py:161} INFO - Started process (PID=62378) to work on /opt/airflow/dags/isr_pipeline.py
[2026-04-06T02:03:24.087+0000] {processor.py:830} INFO - Processing file /opt/airflow/dags/isr_pipeline.py for tasks to queue
[2026-04-06T02:03:24.103+0000] {logging_mixin.py:188} INFO - [2026-04-06T02:03:24.098+0000] {dagbag.py:540} INFO - Filling up the DagBag from /opt/airflow/dags/isr_pipeline.py
[2026-04-06T02:03:24.196+0000] {processor.py:840} INFO - DAG(s) 'isr_pipeline' retrieved from /opt/airflow/dags/isr_pipeline.py
[2026-04-06T02:03:24.378+0000] {logging_mixin.py:188} INFO - [2026-04-06T02:03:24.377+0000] {dag.py:3096} INFO - Sync 1 DAGs
[2026-04-06T02:03:24.578+0000] {processor.py:183} INFO - Processing /opt/airflow/dags/isr_pipeline.py took 0.543 seconds
[2026-04-06T02:03:54.902+0000] {processor.py:161} INFO - Started process (PID=62383) to work on /opt/airflow/dags/isr_pipeline.py
[2026-04-06T02:03:54.909+0000] {processor.py:830} INFO - Processing file /opt/airflow/dags/isr_pipeline.py for tasks to queue
[2026-04-06T02:03:54.916+0000] {logging_mixin.py:188} INFO - [2026-04-06T02:03:54.914+0000] {dagbag.py:540} INFO - Filling up the DagBag from /opt/airflow/dags/isr_pipeline.py
[2026-04-06T02:03:55.016+0000] {processor.py:840} INFO - DAG(s) 'isr_pipeline' retrieved from /opt/airflow/dags/isr_pipeline.py
[2026-04-06T02:03:55.209+0000] {logging_mixin.py:188} INFO - [2026-04-06T02:03:55.207+0000] {dag.py:3096} INFO - Sync 1 DAGs
[2026-04-06T02:03:55.407+0000] {processor.py:183} INFO - Processing /opt/airflow/dags/isr_pipeline.py took 0.543 seconds
[2026-04-06T02:04:25.908+0000] {processor.py:161} INFO - Started process (PID=62388) to work on /opt/airflow/dags/isr_pipeline.py
[2026-04-06T02:04:25.915+0000] {processor.py:830} INFO - Processing file /opt/airflow/dags/isr_pipeline.py for tasks to queue
[2026-04-06T02:04:25.923+0000] {logging_mixin.py:188} INFO - [2026-04-06T02:04:25.922+0000] {dagbag.py:540} INFO - Filling up the DagBag from /opt/airflow/dags/isr_pipeline.py
[2026-04-06T02:04:26.021+0000] {processor.py:840} INFO - DAG(s) 'isr_pipeline' retrieved from /opt/airflow/dags/isr_pipeline.py
[2026-04-06T02:04:26.213+0000] {logging_mixin.py:188} INFO - [2026-04-06T02:04:26.212+0000] {dag.py:3096} INFO - Sync 1 DAGs
[2026-04-06T02:04:26.421+0000] {processor.py:183} INFO - Processing /opt/airflow/dags/isr_pipeline.py took 0.551 seconds
[2026-04-06T02:04:56.762+0000] {processor.py:161} INFO - Started process (PID=62393) to work on /opt/airflow/dags/isr_pipeline.py
[2026-04-06T02:04:56.769+0000] {processor.py:830} INFO - Processing file /opt/airflow/dags/isr_pipeline.py for tasks to queue
[2026-04-06T02:04:56.777+0000] {logging_mixin.py:188} INFO - [2026-04-06T02:04:56.775+0000] {dagbag.py:540} INFO - Filling up the DagBag from /opt/airflow/dags/isr_pipeline.py
[2026-04-06T02:04:56.868+0000] {processor.py:840} INFO - DAG(s) 'isr_pipeline' retrieved from /opt/airflow/dags/isr_pipeline.py
[2026-04-06T02:04:57.062+0000] {logging_mixin.py:188} INFO - [2026-04-06T02:04:57.061+0000] {dag.py:3096} INFO - Sync 1 DAGs
[2026-04-06T02:04:57.258+0000] {processor.py:183} INFO - Processing /opt/airflow/dags/isr_pipeline.py took 0.533 seconds
[2026-04-06T02:05:27.752+0000] {processor.py:161} INFO - Started process (PID=62398) to work on /opt/airflow/dags/isr_pipeline.py
[2026-04-06T02:05:27.759+0000] {processor.py:830} INFO - Processing file /opt/airflow/dags/isr_pipeline.py for tasks to queue
[2026-04-06T02:05:27.766+0000] {logging_mixin.py:188} INFO - [2026-04-06T02:05:27.765+0000] {dagbag.py:540} INFO - Filling up the DagBag from /opt/airflow/dags/isr_pipeline.py
[2026-04-06T02:05:27.859+0000] {processor.py:840} INFO - DAG(s) 'isr_pipeline' retrieved from /opt/airflow/dags/isr_pipeline.py
[2026-04-06T02:05:28.042+0000] {logging_mixin.py:188} INFO - [2026-04-06T02:05:28.041+0000] {dag.py:3096} INFO - Sync 1 DAGs
[2026-04-06T02:05:28.249+0000] {processor.py:183} INFO - Processing /opt/airflow/dags/isr_pipeline.py took 0.535 seconds
[2026-04-06T02:05:58.715+0000] {processor.py:161} INFO - Started process (PID=62403) to work on /opt/airflow/dags/isr_pipeline.py
[2026-04-06T02:05:58.722+0000] {processor.py:830} INFO - Processing file /opt/airflow/dags/isr_pipeline.py for tasks to queue
[2026-04-06T02:05:58.730+0000] {logging_mixin.py:188} INFO - [2026-04-06T02:05:58.728+0000] {dagbag.py:540} INFO - Filling up the DagBag from /opt/airflow/dags/isr_pipeline.py
[2026-04-06T02:05:58.822+0000] {processor.py:840} INFO - DAG(s) 'isr_pipeline' retrieved from /opt/airflow/dags/isr_pipeline.py
[2026-04-06T02:05:59.008+0000] {logging_mixin.py:188} INFO - [2026-04-06T02:05:59.006+0000] {dag.py:3096} INFO - Sync 1 DAGs
[2026-04-06T02:05:59.220+0000] {processor.py:183} INFO - Processing /opt/airflow/dags/isr_pipeline.py took 0.540 seconds
[2026-04-06T02:06:29.852+0000] {processor.py:161} INFO - Started process (PID=62408) to work on /opt/airflow/dags/isr_pipeline.py
[2026-04-06T02:06:29.859+0000] {processor.py:830} INFO - Processing file /opt/airflow/dags/isr_pipeline.py for tasks to queue
[2026-04-06T02:06:29.866+0000] {logging_mixin.py:188} INFO - [2026-04-06T02:06:29.864+0000] {dagbag.py:540} INFO - Filling up the DagBag from /opt/airflow/dags/isr_pipeline.py
[2026-04-06T02:06:29.955+0000] {processor.py:840} INFO - DAG(s) 'isr_pipeline' retrieved from /opt/airflow/dags/isr_pipeline.py
[2026-04-06T02:06:30.136+0000] {logging_mixin.py:188} INFO - [2026-04-06T02:06:30.135+0000] {dag.py:3096} INFO - Sync 1 DAGs
[2026-04-06T02:06:30.346+0000] {processor.py:183} INFO - Processing /opt/airflow/dags/isr_pipeline.py took 0.533 seconds
[2026-04-06T02:07:00.862+0000] {processor.py:161} INFO - Started process (PID=62413) to work on /opt/airflow/dags/isr_pipeline.py
[2026-04-06T02:07:00.871+0000] {processor.py:830} INFO - Processing file /opt/airflow/dags/isr_pipeline.py for tasks to queue
[2026-04-06T02:07:00.882+0000] {logging_mixin.py:188} INFO - [2026-04-06T02:07:00.879+0000] {dagbag.py:540} INFO - Filling up the DagBag from /opt/airflow/dags/isr_pipeline.py
[2026-04-06T02:07:01.005+0000] {processor.py:840} INFO - DAG(s) 'isr_pipeline' retrieved from /opt/airflow/dags/isr_pipeline.py
[2026-04-06T02:07:01.217+0000] {logging_mixin.py:188} INFO - [2026-04-06T02:07:01.216+0000] {dag.py:3096} INFO - Sync 1 DAGs
[2026-04-06T02:07:01.450+0000] {processor.py:183} INFO - Processing /opt/airflow/dags/isr_pipeline.py took 0.630 seconds
[2026-04-06T02:07:31.854+0000] {processor.py:161} INFO - Started process (PID=62418) to work on /opt/airflow/dags/isr_pipeline.py
[2026-04-06T02:07:31.861+0000] {processor.py:830} INFO - Processing file /opt/airflow/dags/isr_pipeline.py for tasks to queue
[2026-04-06T02:07:31.868+0000] {logging_mixin.py:188} INFO - [2026-04-06T02:07:31.866+0000] {dagbag.py:540} INFO - Filling up the DagBag from /opt/airflow/dags/isr_pipeline.py
[2026-04-06T02:07:31.959+0000] {processor.py:840} INFO - DAG(s) 'isr_pipeline' retrieved from /opt/airflow/dags/isr_pipeline.py
[2026-04-06T02:07:32.138+0000] {logging_mixin.py:188} INFO - [2026-04-06T02:07:32.137+0000] {dag.py:3096} INFO - Sync 1 DAGs
[2026-04-06T02:07:32.348+0000] {processor.py:183} INFO - Processing /opt/airflow/dags/isr_pipeline.py took 0.532 seconds
[2026-04-06T02:08:02.866+0000] {processor.py:161} INFO - Started process (PID=62423) to work on /opt/airflow/dags/isr_pipeline.py
[2026-04-06T02:08:02.873+0000] {processor.py:830} INFO - Processing file /opt/airflow/dags/isr_pipeline.py for tasks to queue
[2026-04-06T02:08:02.880+0000] {logging_mixin.py:188} INFO - [2026-04-06T02:08:02.878+0000] {dagbag.py:540} INFO - Filling up the DagBag from /opt/airflow/dags/isr_pipeline.py
[2026-04-06T02:08:02.977+0000] {processor.py:840} INFO - DAG(s) 'isr_pipeline' retrieved from /opt/airflow/dags/isr_pipeline.py
[2026-04-06T02:08:03.178+0000] {logging_mixin.py:188} INFO - [2026-04-06T02:08:03.177+0000] {dag.py:3096} INFO - Sync 1 DAGs
[2026-04-06T02:08:03.385+0000] {processor.py:183} INFO - Processing /opt/airflow/dags/isr_pipeline.py took 0.558 seconds
[2026-04-06T02:08:33.751+0000] {processor.py:161} INFO - Started process (PID=62428) to work on /opt/airflow/dags/isr_pipeline.py
[2026-04-06T02:08:33.758+0000] {processor.py:830} INFO - Processing file /opt/airflow/dags/isr_pipeline.py for tasks to queue
[2026-04-06T02:08:33.764+0000] {logging_mixin.py:188} INFO - [2026-04-06T02:08:33.762+0000] {dagbag.py:540} INFO - Filling up the DagBag from /opt/airflow/dags/isr_pipeline.py
[2026-04-06T02:08:33.862+0000] {processor.py:840} INFO - DAG(s) 'isr_pipeline' retrieved from /opt/airflow/dags/isr_pipeline.py
[2026-04-06T02:08:34.058+0000] {logging_mixin.py:188} INFO - [2026-04-06T02:08:34.057+0000] {dag.py:3096} INFO - Sync 1 DAGs
[2026-04-06T02:08:34.279+0000] {processor.py:183} INFO - Processing /opt/airflow/dags/isr_pipeline.py took 0.568 seconds
[2026-04-06T02:09:04.804+0000] {processor.py:161} INFO - Started process (PID=62433) to work on /opt/airflow/dags/isr_pipeline.py
[2026-04-06T02:09:04.811+0000] {processor.py:830} INFO - Processing file /opt/airflow/dags/isr_pipeline.py for tasks to queue
[2026-04-06T02:09:04.818+0000] {logging_mixin.py:188} INFO - [2026-04-06T02:09:04.816+0000] {dagbag.py:540} INFO - Filling up the DagBag from /opt/airflow/dags/isr_pipeline.py
[2026-04-06T02:09:04.914+0000] {processor.py:840} INFO - DAG(s) 'isr_pipeline' retrieved from /opt/airflow/dags/isr_pipeline.py
[2026-04-06T02:09:05.105+0000] {logging_mixin.py:188} INFO - [2026-04-06T02:09:05.104+0000] {dag.py:3096} INFO - Sync 1 DAGs
[2026-04-06T02:09:05.314+0000] {processor.py:183} INFO - Processing /opt/airflow/dags/isr_pipeline.py took 0.548 seconds
[2026-04-06T02:09:35.698+0000] {processor.py:161} INFO - Started process (PID=62438) to work on /opt/airflow/dags/isr_pipeline.py
[2026-04-06T02:09:35.704+0000] {processor.py:830} INFO - Processing file /opt/airflow/dags/isr_pipeline.py for tasks to queue
[2026-04-06T02:09:35.711+0000] {logging_mixin.py:188} INFO - [2026-04-06T02:09:35.709+0000] {dagbag.py:540} INFO - Filling up the DagBag from /opt/airflow/dags/isr_pipeline.py
[2026-04-06T02:09:35.806+0000] {processor.py:840} INFO - DAG(s) 'isr_pipeline' retrieved from /opt/airflow/dags/isr_pipeline.py
[2026-04-06T02:09:36.003+0000] {logging_mixin.py:188} INFO - [2026-04-06T02:09:36.001+0000] {dag.py:3096} INFO - Sync 1 DAGs
[2026-04-06T02:09:36.230+0000] {processor.py:183} INFO - Processing /opt/airflow/dags/isr_pipeline.py took 0.574 seconds
[2026-04-06T02:10:06.711+0000] {processor.py:161} INFO - Started process (PID=62443) to work on /opt/airflow/dags/isr_pipeline.py
[2026-04-06T02:10:06.718+0000] {processor.py:830} INFO - Processing file /opt/airflow/dags/isr_pipeline.py for tasks to queue
[2026-04-06T02:10:06.726+0000] {logging_mixin.py:188} INFO - [2026-04-06T02:10:06.724+0000] {dagbag.py:540} INFO - Filling up the DagBag from /opt/airflow/dags/isr_pipeline.py
[2026-04-06T02:10:06.813+0000] {processor.py:840} INFO - DAG(s) 'isr_pipeline' retrieved from /opt/airflow/dags/isr_pipeline.py
[2026-04-06T02:10:06.993+0000] {logging_mixin.py:188} INFO - [2026-04-06T02:10:06.992+0000] {dag.py:3096} INFO - Sync 1 DAGs
[2026-04-06T02:10:07.199+0000] {processor.py:183} INFO - Processing /opt/airflow/dags/isr_pipeline.py took 0.524 seconds
[2026-04-06T02:10:37.564+0000] {processor.py:161} INFO - Started process (PID=62448) to work on /opt/airflow/dags/isr_pipeline.py
[2026-04-06T02:10:37.571+0000] {processor.py:830} INFO - Processing file /opt/airflow/dags/isr_pipeline.py for tasks to queue
[2026-04-06T02:10:37.578+0000] {logging_mixin.py:188} INFO - [2026-04-06T02:10:37.576+0000] {dagbag.py:540} INFO - Filling up the DagBag from /opt/airflow/dags/isr_pipeline.py
[2026-04-06T02:10:37.749+0000] {processor.py:840} INFO - DAG(s) 'isr_pipeline' retrieved from /opt/airflow/dags/isr_pipeline.py
[2026-04-06T02:10:37.975+0000] {logging_mixin.py:188} INFO - [2026-04-06T02:10:37.974+0000] {dag.py:3096} INFO - Sync 1 DAGs
[2026-04-06T02:10:38.213+0000] {processor.py:183} INFO - Processing /opt/airflow/dags/isr_pipeline.py took 0.683 seconds
[2026-04-06T02:11:08.710+0000] {processor.py:161} INFO - Started process (PID=62453) to work on /opt/airflow/dags/isr_pipeline.py
[2026-04-06T02:11:08.716+0000] {processor.py:830} INFO - Processing file /opt/airflow/dags/isr_pipeline.py for tasks to queue
[2026-04-06T02:11:08.723+0000] {logging_mixin.py:188} INFO - [2026-04-06T02:11:08.721+0000] {dagbag.py:540} INFO - Filling up the DagBag from /opt/airflow/dags/isr_pipeline.py
[2026-04-06T02:11:08.817+0000] {processor.py:840} INFO - DAG(s) 'isr_pipeline' retrieved from /opt/airflow/dags/isr_pipeline.py
[2026-04-06T02:11:09.002+0000] {logging_mixin.py:188} INFO - [2026-04-06T02:11:09.001+0000] {dag.py:3096} INFO - Sync 1 DAGs
[2026-04-06T02:11:09.214+0000] {processor.py:183} INFO - Processing /opt/airflow/dags/isr_pipeline.py took 0.543 seconds
[2026-04-06T02:11:39.687+0000] {processor.py:161} INFO - Started process (PID=62458) to work on /opt/airflow/dags/isr_pipeline.py
[2026-04-06T02:11:39.694+0000] {processor.py:830} INFO - Processing file /opt/airflow/dags/isr_pipeline.py for tasks to queue
[2026-04-06T02:11:39.700+0000] {logging_mixin.py:188} INFO - [2026-04-06T02:11:39.699+0000] {dagbag.py:540} INFO - Filling up the DagBag from /opt/airflow/dags/isr_pipeline.py
[2026-04-06T02:11:39.791+0000] {processor.py:840} INFO - DAG(s) 'isr_pipeline' retrieved from /opt/airflow/dags/isr_pipeline.py
[2026-04-06T02:11:39.978+0000] {logging_mixin.py:188} INFO - [2026-04-06T02:11:39.977+0000] {dag.py:3096} INFO - Sync 1 DAGs
[2026-04-06T02:11:40.192+0000] {processor.py:183} INFO - Processing /opt/airflow/dags/isr_pipeline.py took 0.543 seconds
[2026-04-06T02:12:10.642+0000] {processor.py:161} INFO - Started process (PID=62463) to work on /opt/airflow/dags/isr_pipeline.py
[2026-04-06T02:12:10.650+0000] {processor.py:830} INFO - Processing file /opt/airflow/dags/isr_pipeline.py for tasks to queue
[2026-04-06T02:12:10.660+0000] {logging_mixin.py:188} INFO - [2026-04-06T02:12:10.658+0000] {dagbag.py:540} INFO - Filling up the DagBag from /opt/airflow/dags/isr_pipeline.py
[2026-04-06T02:12:10.761+0000] {processor.py:840} INFO - DAG(s) 'isr_pipeline' retrieved from /opt/airflow/dags/isr_pipeline.py
[2026-04-06T02:12:10.953+0000] {logging_mixin.py:188} INFO - [2026-04-06T02:12:10.952+0000] {dag.py:3096} INFO - Sync 1 DAGs
[2026-04-06T02:12:11.161+0000] {processor.py:183} INFO - Processing /opt/airflow/dags/isr_pipeline.py took 0.565 seconds
[2026-04-06T02:12:41.647+0000] {processor.py:161} INFO - Started process (PID=62468) to work on /opt/airflow/dags/isr_pipeline.py
[2026-04-06T02:12:41.655+0000] {processor.py:830} INFO - Processing file /opt/airflow/dags/isr_pipeline.py for tasks to queue
[2026-04-06T02:12:41.663+0000] {logging_mixin.py:188} INFO - [2026-04-06T02:12:41.661+0000] {dagbag.py:540} INFO - Filling up the DagBag from /opt/airflow/dags/isr_pipeline.py
[2026-04-06T02:12:41.766+0000] {processor.py:840} INFO - DAG(s) 'isr_pipeline' retrieved from /opt/airflow/dags/isr_pipeline.py
[2026-04-06T02:12:41.956+0000] {logging_mixin.py:188} INFO - [2026-04-06T02:12:41.955+0000] {dag.py:3096} INFO - Sync 1 DAGs
[2026-04-06T02:12:42.167+0000] {processor.py:183} INFO - Processing /opt/airflow/dags/isr_pipeline.py took 0.560 seconds
[2026-04-06T02:42:43.648+0000] {processor.py:161} INFO - Started process (PID=62473) to work on /opt/airflow/dags/isr_pipeline.py
[2026-04-06T02:42:43.650+0000] {processor.py:830} INFO - Processing file /opt/airflow/dags/isr_pipeline.py for tasks to queue
[2026-04-06T02:42:43.656+0000] {logging_mixin.py:188} INFO - [2026-04-06T02:42:43.655+0000] {dagbag.py:540} INFO - Filling up the DagBag from /opt/airflow/dags/isr_pipeline.py
[2026-04-06T02:42:43.757+0000] {processor.py:840} INFO - DAG(s) 'isr_pipeline' retrieved from /opt/airflow/dags/isr_pipeline.py
[2026-04-06T02:42:43.808+0000] {logging_mixin.py:188} INFO - [2026-04-06T02:42:43.808+0000] {dag.py:3096} INFO - Sync 1 DAGs
[2026-04-06T02:42:43.869+0000] {processor.py:183} INFO - Processing /opt/airflow/dags/isr_pipeline.py took 0.236 seconds
[2026-04-06T02:43:14.264+0000] {processor.py:161} INFO - Started process (PID=62479) to work on /opt/airflow/dags/isr_pipeline.py
[2026-04-06T02:43:14.272+0000] {processor.py:830} INFO - Processing file /opt/airflow/dags/isr_pipeline.py for tasks to queue
[2026-04-06T02:43:14.280+0000] {logging_mixin.py:188} INFO - [2026-04-06T02:43:14.278+0000] {dagbag.py:540} INFO - Filling up the DagBag from /opt/airflow/dags/isr_pipeline.py
[2026-04-06T02:43:14.380+0000] {processor.py:840} INFO - DAG(s) 'isr_pipeline' retrieved from /opt/airflow/dags/isr_pipeline.py
[2026-04-06T02:43:14.574+0000] {logging_mixin.py:188} INFO - [2026-04-06T02:43:14.573+0000] {dag.py:3096} INFO - Sync 1 DAGs
[2026-04-06T02:43:14.793+0000] {processor.py:183} INFO - Processing /opt/airflow/dags/isr_pipeline.py took 0.568 seconds
[2026-04-06T02:43:45.114+0000] {processor.py:161} INFO - Started process (PID=62484) to work on /opt/airflow/dags/isr_pipeline.py
[2026-04-06T02:43:45.121+0000] {processor.py:830} INFO - Processing file /opt/airflow/dags/isr_pipeline.py for tasks to queue
[2026-04-06T02:43:45.129+0000] {logging_mixin.py:188} INFO - [2026-04-06T02:43:45.127+0000] {dagbag.py:540} INFO - Filling up the DagBag from /opt/airflow/dags/isr_pipeline.py
[2026-04-06T02:43:45.222+0000] {processor.py:840} INFO - DAG(s) 'isr_pipeline' retrieved from /opt/airflow/dags/isr_pipeline.py
[2026-04-06T02:43:45.404+0000] {logging_mixin.py:188} INFO - [2026-04-06T02:43:45.403+0000] {dag.py:3096} INFO - Sync 1 DAGs
[2026-04-06T02:43:45.606+0000] {processor.py:183} INFO - Processing /opt/airflow/dags/isr_pipeline.py took 0.532 seconds
[2026-04-06T02:44:16.204+0000] {processor.py:161} INFO - Started process (PID=62489) to work on /opt/airflow/dags/isr_pipeline.py
[2026-04-06T02:44:16.211+0000] {processor.py:830} INFO - Processing file /opt/airflow/dags/isr_pipeline.py for tasks to queue
[2026-04-06T02:44:16.219+0000] {logging_mixin.py:188} INFO - [2026-04-06T02:44:16.217+0000] {dagbag.py:540} INFO - Filling up the DagBag from /opt/airflow/dags/isr_pipeline.py
[2026-04-06T02:44:16.318+0000] {processor.py:840} INFO - DAG(s) 'isr_pipeline' retrieved from /opt/airflow/dags/isr_pipeline.py
[2026-04-06T02:44:16.511+0000] {logging_mixin.py:188} INFO - [2026-04-06T02:44:16.510+0000] {dag.py:3096} INFO - Sync 1 DAGs
[2026-04-06T02:44:16.714+0000] {processor.py:183} INFO - Processing /opt/airflow/dags/isr_pipeline.py took 0.552 seconds
[2026-04-06T02:44:47.048+0000] {processor.py:161} INFO - Started process (PID=62494) to work on /opt/airflow/dags/isr_pipeline.py
[2026-04-06T02:44:47.056+0000] {processor.py:830} INFO - Processing file /opt/airflow/dags/isr_pipeline.py for tasks to queue
[2026-04-06T02:44:47.063+0000] {logging_mixin.py:188} INFO - [2026-04-06T02:44:47.061+0000] {dagbag.py:540} INFO - Filling up the DagBag from /opt/airflow/dags/isr_pipeline.py
[2026-04-06T02:44:47.155+0000] {processor.py:840} INFO - DAG(s) 'isr_pipeline' retrieved from /opt/airflow/dags/isr_pipeline.py
[2026-04-06T02:44:47.335+0000] {logging_mixin.py:188} INFO - [2026-04-06T02:44:47.334+0000] {dag.py:3096} INFO - Sync 1 DAGs
[2026-04-06T02:44:47.547+0000] {processor.py:183} INFO - Processing /opt/airflow/dags/isr_pipeline.py took 0.539 seconds
[2026-04-06T02:45:18.058+0000] {processor.py:161} INFO - Started process (PID=62499) to work on /opt/airflow/dags/isr_pipeline.py
[2026-04-06T02:45:18.065+0000] {processor.py:830} INFO - Processing file /opt/airflow/dags/isr_pipeline.py for tasks to queue
[2026-04-06T02:45:18.073+0000] {logging_mixin.py:188} INFO - [2026-04-06T02:45:18.071+0000] {dagbag.py:540} INFO - Filling up the DagBag from /opt/airflow/dags/isr_pipeline.py
[2026-04-06T02:45:18.164+0000] {processor.py:840} INFO - DAG(s) 'isr_pipeline' retrieved from /opt/airflow/dags/isr_pipeline.py
[2026-04-06T02:45:18.345+0000] {logging_mixin.py:188} INFO - [2026-04-06T02:45:18.344+0000] {dag.py:3096} INFO - Sync 1 DAGs
[2026-04-06T02:45:18.548+0000] {processor.py:183} INFO - Processing /opt/airflow/dags/isr_pipeline.py took 0.530 seconds
[2026-04-06T02:45:48.945+0000] {processor.py:161} INFO - Started process (PID=62504) to work on /opt/airflow/dags/isr_pipeline.py
[2026-04-06T02:45:48.952+0000] {processor.py:830} INFO - Processing file /opt/airflow/dags/isr_pipeline.py for tasks to queue
[2026-04-06T02:45:48.961+0000] {logging_mixin.py:188} INFO - [2026-04-06T02:45:48.959+0000] {dagbag.py:540} INFO - Filling up the DagBag from /opt/airflow/dags/isr_pipeline.py
[2026-04-06T02:45:49.057+0000] {processor.py:840} INFO - DAG(s) 'isr_pipeline' retrieved from /opt/airflow/dags/isr_pipeline.py
[2026-04-06T02:45:49.234+0000] {logging_mixin.py:188} INFO - [2026-04-06T02:45:49.233+0000] {dag.py:3096} INFO - Sync 1 DAGs
[2026-04-06T02:45:49.431+0000] {processor.py:183} INFO - Processing /opt/airflow/dags/isr_pipeline.py took 0.525 seconds
[2026-04-06T02:46:19.936+0000] {processor.py:161} INFO - Started process (PID=62509) to work on /opt/airflow/dags/isr_pipeline.py
[2026-04-06T02:46:19.944+0000] {processor.py:830} INFO - Processing file /opt/airflow/dags/isr_pipeline.py for tasks to queue
[2026-04-06T02:46:19.952+0000] {logging_mixin.py:188} INFO - [2026-04-06T02:46:19.950+0000] {dagbag.py:540} INFO - Filling up the DagBag from /opt/airflow/dags/isr_pipeline.py
[2026-04-06T02:46:20.054+0000] {processor.py:840} INFO - DAG(s) 'isr_pipeline' retrieved from /opt/airflow/dags/isr_pipeline.py
[2026-04-06T02:46:20.256+0000] {logging_mixin.py:188} INFO - [2026-04-06T02:46:20.255+0000] {dag.py:3096} INFO - Sync 1 DAGs
[2026-04-06T02:46:20.466+0000] {processor.py:183} INFO - Processing /opt/airflow/dags/isr_pipeline.py took 0.573 seconds
[2026-04-06T02:46:50.707+0000] {processor.py:161} INFO - Started process (PID=62514) to work on /opt/airflow/dags/isr_pipeline.py
[2026-04-06T02:46:50.714+0000] {processor.py:830} INFO - Processing file /opt/airflow/dags/isr_pipeline.py for tasks to queue
[2026-04-06T02:46:50.721+0000] {logging_mixin.py:188} INFO - [2026-04-06T02:46:50.719+0000] {dagbag.py:540} INFO - Filling up the DagBag from /opt/airflow/dags/isr_pipeline.py
[2026-04-06T02:46:50.813+0000] {processor.py:840} INFO - DAG(s) 'isr_pipeline' retrieved from /opt/airflow/dags/isr_pipeline.py
[2026-04-06T02:46:50.998+0000] {logging_mixin.py:188} INFO - [2026-04-06T02:46:50.997+0000] {dag.py:3096} INFO - Sync 1 DAGs
[2026-04-06T02:46:51.200+0000] {processor.py:183} INFO - Processing /opt/airflow/dags/isr_pipeline.py took 0.531 seconds
[2026-04-06T02:47:21.688+0000] {processor.py:161} INFO - Started process (PID=62519) to work on /opt/airflow/dags/isr_pipeline.py
[2026-04-06T02:47:21.695+0000] {processor.py:830} INFO - Processing file /opt/airflow/dags/isr_pipeline.py for tasks to queue
[2026-04-06T02:47:21.703+0000] {logging_mixin.py:188} INFO - [2026-04-06T02:47:21.701+0000] {dagbag.py:540} INFO - Filling up the DagBag from /opt/airflow/dags/isr_pipeline.py
[2026-04-06T02:47:21.794+0000] {processor.py:840} INFO - DAG(s) 'isr_pipeline' retrieved from /opt/airflow/dags/isr_pipeline.py
[2026-04-06T02:47:21.980+0000] {logging_mixin.py:188} INFO - [2026-04-06T02:47:21.979+0000] {dag.py:3096} INFO - Sync 1 DAGs
[2026-04-06T02:47:22.188+0000] {processor.py:183} INFO - Processing /opt/airflow/dags/isr_pipeline.py took 0.537 seconds
[2026-04-06T02:47:52.772+0000] {processor.py:161} INFO - Started process (PID=62524) to work on /opt/airflow/dags/isr_pipeline.py
[2026-04-06T02:47:52.779+0000] {processor.py:830} INFO - Processing file /opt/airflow/dags/isr_pipeline.py for tasks to queue
[2026-04-06T02:47:52.794+0000] {logging_mixin.py:188} INFO - [2026-04-06T02:47:52.788+0000] {dagbag.py:540} INFO - Filling up the DagBag from /opt/airflow/dags/isr_pipeline.py
[2026-04-06T02:47:52.896+0000] {processor.py:840} INFO - DAG(s) 'isr_pipeline' retrieved from /opt/airflow/dags/isr_pipeline.py
[2026-04-06T02:47:53.083+0000] {logging_mixin.py:188} INFO - [2026-04-06T02:47:53.082+0000] {dag.py:3096} INFO - Sync 1 DAGs
[2026-04-06T02:47:53.284+0000] {processor.py:183} INFO - Processing /opt/airflow/dags/isr_pipeline.py took 0.548 seconds
[2026-04-06T02:48:23.804+0000] {processor.py:161} INFO - Started process (PID=62529) to work on /opt/airflow/dags/isr_pipeline.py
[2026-04-06T02:48:23.811+0000] {processor.py:830} INFO - Processing file /opt/airflow/dags/isr_pipeline.py for tasks to queue
[2026-04-06T02:48:23.818+0000] {logging_mixin.py:188} INFO - [2026-04-06T02:48:23.817+0000] {dagbag.py:540} INFO - Filling up the DagBag from /opt/airflow/dags/isr_pipeline.py
[2026-04-06T02:48:23.911+0000] {processor.py:840} INFO - DAG(s) 'isr_pipeline' retrieved from /opt/airflow/dags/isr_pipeline.py
[2026-04-06T02:48:24.096+0000] {logging_mixin.py:188} INFO - [2026-04-06T02:48:24.094+0000] {dag.py:3096} INFO - Sync 1 DAGs
[2026-04-06T02:48:24.328+0000] {processor.py:183} INFO - Processing /opt/airflow/dags/isr_pipeline.py took 0.562 seconds
[2026-04-06T02:48:54.664+0000] {processor.py:161} INFO - Started process (PID=62534) to work on /opt/airflow/dags/isr_pipeline.py
[2026-04-06T02:48:54.673+0000] {processor.py:830} INFO - Processing file /opt/airflow/dags/isr_pipeline.py for tasks to queue
[2026-04-06T02:48:54.681+0000] {logging_mixin.py:188} INFO - [2026-04-06T02:48:54.679+0000] {dagbag.py:540} INFO - Filling up the DagBag from /opt/airflow/dags/isr_pipeline.py
[2026-04-06T02:48:54.778+0000] {processor.py:840} INFO - DAG(s) 'isr_pipeline' retrieved from /opt/airflow/dags/isr_pipeline.py
[2026-04-06T02:48:54.990+0000] {logging_mixin.py:188} INFO - [2026-04-06T02:48:54.989+0000] {dag.py:3096} INFO - Sync 1 DAGs
[2026-04-06T02:48:55.197+0000] {processor.py:183} INFO - Processing /opt/airflow/dags/isr_pipeline.py took 0.579 seconds
[2026-04-06T02:49:25.732+0000] {processor.py:161} INFO - Started process (PID=62539) to work on /opt/airflow/dags/isr_pipeline.py
[2026-04-06T02:49:25.740+0000] {processor.py:830} INFO - Processing file /opt/airflow/dags/isr_pipeline.py for tasks to queue
[2026-04-06T02:49:25.747+0000] {logging_mixin.py:188} INFO - [2026-04-06T02:49:25.745+0000] {dagbag.py:540} INFO - Filling up the DagBag from /opt/airflow/dags/isr_pipeline.py
[2026-04-06T02:49:25.842+0000] {processor.py:840} INFO - DAG(s) 'isr_pipeline' retrieved from /opt/airflow/dags/isr_pipeline.py
[2026-04-06T02:49:26.028+0000] {logging_mixin.py:188} INFO - [2026-04-06T02:49:26.027+0000] {dag.py:3096} INFO - Sync 1 DAGs
[2026-04-06T02:49:26.239+0000] {processor.py:183} INFO - Processing /opt/airflow/dags/isr_pipeline.py took 0.545 seconds
[2026-04-06T02:49:56.564+0000] {processor.py:161} INFO - Started process (PID=62544) to work on /opt/airflow/dags/isr_pipeline.py
[2026-04-06T02:49:56.572+0000] {processor.py:830} INFO - Processing file /opt/airflow/dags/isr_pipeline.py for tasks to queue
[2026-04-06T02:49:56.579+0000] {logging_mixin.py:188} INFO - [2026-04-06T02:49:56.577+0000] {dagbag.py:540} INFO - Filling up the DagBag from /opt/airflow/dags/isr_pipeline.py
[2026-04-06T02:49:56.673+0000] {processor.py:840} INFO - DAG(s) 'isr_pipeline' retrieved from /opt/airflow/dags/isr_pipeline.py
[2026-04-06T02:49:56.891+0000] {logging_mixin.py:188} INFO - [2026-04-06T02:49:56.889+0000] {dag.py:3096} INFO - Sync 1 DAGs
[2026-04-06T02:49:57.119+0000] {processor.py:183} INFO - Processing /opt/airflow/dags/isr_pipeline.py took 0.596 seconds
[2026-04-06T02:50:27.638+0000] {processor.py:161} INFO - Started process (PID=62549) to work on /opt/airflow/dags/isr_pipeline.py
[2026-04-06T02:50:27.646+0000] {processor.py:830} INFO - Processing file /opt/airflow/dags/isr_pipeline.py for tasks to queue
[2026-04-06T02:50:27.653+0000] {logging_mixin.py:188} INFO - [2026-04-06T02:50:27.651+0000] {dagbag.py:540} INFO - Filling up the DagBag from /opt/airflow/dags/isr_pipeline.py
[2026-04-06T02:50:27.746+0000] {processor.py:840} INFO - DAG(s) 'isr_pipeline' retrieved from /opt/airflow/dags/isr_pipeline.py
[2026-04-06T02:50:27.938+0000] {logging_mixin.py:188} INFO - [2026-04-06T02:50:27.937+0000] {dag.py:3096} INFO - Sync 1 DAGs
[2026-04-06T02:50:28.147+0000] {processor.py:183} INFO - Processing /opt/airflow/dags/isr_pipeline.py took 0.549 seconds
[2026-04-06T02:50:58.401+0000] {processor.py:161} INFO - Started process (PID=62554) to work on /opt/airflow/dags/isr_pipeline.py
[2026-04-06T02:50:58.408+0000] {processor.py:830} INFO - Processing file /opt/airflow/dags/isr_pipeline.py for tasks to queue
[2026-04-06T02:50:58.415+0000] {logging_mixin.py:188} INFO - [2026-04-06T02:50:58.413+0000] {dagbag.py:540} INFO - Filling up the DagBag from /opt/airflow/dags/isr_pipeline.py
[2026-04-06T02:50:58.507+0000] {processor.py:840} INFO - DAG(s) 'isr_pipeline' retrieved from /opt/airflow/dags/isr_pipeline.py
[2026-04-06T02:50:58.682+0000] {logging_mixin.py:188} INFO - [2026-04-06T02:50:58.681+0000] {dag.py:3096} INFO - Sync 1 DAGs
[2026-04-06T02:50:58.883+0000] {processor.py:183} INFO - Processing /opt/airflow/dags/isr_pipeline.py took 0.520 seconds
[2026-04-06T02:51:29.237+0000] {processor.py:161} INFO - Started process (PID=62559) to work on /opt/airflow/dags/isr_pipeline.py
[2026-04-06T02:51:29.246+0000] {processor.py:830} INFO - Processing file /opt/airflow/dags/isr_pipeline.py for tasks to queue
[2026-04-06T02:51:29.254+0000] {logging_mixin.py:188} INFO - [2026-04-06T02:51:29.252+0000] {dagbag.py:540} INFO - Filling up the DagBag from /opt/airflow/dags/isr_pipeline.py
[2026-04-06T02:51:29.364+0000] {processor.py:840} INFO - DAG(s) 'isr_pipeline' retrieved from /opt/airflow/dags/isr_pipeline.py
[2026-04-06T02:51:29.578+0000] {logging_mixin.py:188} INFO - [2026-04-06T02:51:29.577+0000] {dag.py:3096} INFO - Sync 1 DAGs
[2026-04-06T02:51:29.876+0000] {processor.py:183} INFO - Processing /opt/airflow/dags/isr_pipeline.py took 0.683 seconds
[2026-04-06T02:52:00.440+0000] {processor.py:161} INFO - Started process (PID=62564) to work on /opt/airflow/dags/isr_pipeline.py
[2026-04-06T02:52:00.447+0000] {processor.py:830} INFO - Processing file /opt/airflow/dags/isr_pipeline.py for tasks to queue
[2026-04-06T02:52:00.455+0000] {logging_mixin.py:188} INFO - [2026-04-06T02:52:00.453+0000] {dagbag.py:540} INFO - Filling up the DagBag from /opt/airflow/dags/isr_pipeline.py
[2026-04-06T02:52:00.545+0000] {processor.py:840} INFO - DAG(s) 'isr_pipeline' retrieved from /opt/airflow/dags/isr_pipeline.py
[2026-04-06T02:52:00.727+0000] {logging_mixin.py:188} INFO - [2026-04-06T02:52:00.726+0000] {dag.py:3096} INFO - Sync 1 DAGs
[2026-04-06T02:52:00.938+0000] {processor.py:183} INFO - Processing /opt/airflow/dags/isr_pipeline.py took 0.537 seconds
[2026-04-06T02:52:31.339+0000] {processor.py:161} INFO - Started process (PID=62569) to work on /opt/airflow/dags/isr_pipeline.py
[2026-04-06T02:52:31.346+0000] {processor.py:830} INFO - Processing file /opt/airflow/dags/isr_pipeline.py for tasks to queue
[2026-04-06T02:52:31.354+0000] {logging_mixin.py:188} INFO - [2026-04-06T02:52:31.352+0000] {dagbag.py:540} INFO - Filling up the DagBag from /opt/airflow/dags/isr_pipeline.py
[2026-04-06T02:52:31.444+0000] {processor.py:840} INFO - DAG(s) 'isr_pipeline' retrieved from /opt/airflow/dags/isr_pipeline.py
[2026-04-06T02:52:31.618+0000] {logging_mixin.py:188} INFO - [2026-04-06T02:52:31.617+0000] {dag.py:3096} INFO - Sync 1 DAGs
[2026-04-06T02:52:31.816+0000] {processor.py:183} INFO - Processing /opt/airflow/dags/isr_pipeline.py took 0.514 seconds
[2026-04-06T02:53:02.450+0000] {processor.py:161} INFO - Started process (PID=62574) to work on /opt/airflow/dags/isr_pipeline.py
[2026-04-06T02:53:02.457+0000] {processor.py:830} INFO - Processing file /opt/airflow/dags/isr_pipeline.py for tasks to queue
[2026-04-06T02:53:02.465+0000] {logging_mixin.py:188} INFO - [2026-04-06T02:53:02.463+0000] {dagbag.py:540} INFO - Filling up the DagBag from /opt/airflow/dags/isr_pipeline.py
[2026-04-06T02:53:02.565+0000] {processor.py:840} INFO - DAG(s) 'isr_pipeline' retrieved from /opt/airflow/dags/isr_pipeline.py
[2026-04-06T02:53:02.757+0000] {logging_mixin.py:188} INFO - [2026-04-06T02:53:02.756+0000] {dag.py:3096} INFO - Sync 1 DAGs
[2026-04-06T02:53:02.971+0000] {processor.py:183} INFO - Processing /opt/airflow/dags/isr_pipeline.py took 0.563 seconds
[2026-04-06T02:53:33.491+0000] {processor.py:161} INFO - Started process (PID=62579) to work on /opt/airflow/dags/isr_pipeline.py
[2026-04-06T02:53:33.499+0000] {processor.py:830} INFO - Processing file /opt/airflow/dags/isr_pipeline.py for tasks to queue
[2026-04-06T02:53:33.506+0000] {logging_mixin.py:188} INFO - [2026-04-06T02:53:33.504+0000] {dagbag.py:540} INFO - Filling up the DagBag from /opt/airflow/dags/isr_pipeline.py
[2026-04-06T02:53:33.601+0000] {processor.py:840} INFO - DAG(s) 'isr_pipeline' retrieved from /opt/airflow/dags/isr_pipeline.py
[2026-04-06T02:53:33.783+0000] {logging_mixin.py:188} INFO - [2026-04-06T02:53:33.782+0000] {dag.py:3096} INFO - Sync 1 DAGs
[2026-04-06T02:53:33.988+0000] {processor.py:183} INFO - Processing /opt/airflow/dags/isr_pipeline.py took 0.535 seconds
[2026-04-06T02:54:04.352+0000] {processor.py:161} INFO - Started process (PID=62584) to work on /opt/airflow/dags/isr_pipeline.py
[2026-04-06T02:54:04.360+0000] {processor.py:830} INFO - Processing file /opt/airflow/dags/isr_pipeline.py for tasks to queue
[2026-04-06T02:54:04.366+0000] {logging_mixin.py:188} INFO - [2026-04-06T02:54:04.364+0000] {dagbag.py:540} INFO - Filling up the DagBag from /opt/airflow/dags/isr_pipeline.py
[2026-04-06T02:54:04.456+0000] {processor.py:840} INFO - DAG(s) 'isr_pipeline' retrieved from /opt/airflow/dags/isr_pipeline.py
[2026-04-06T02:54:04.638+0000] {logging_mixin.py:188} INFO - [2026-04-06T02:54:04.637+0000] {dag.py:3096} INFO - Sync 1 DAGs
[2026-04-06T02:54:04.848+0000] {processor.py:183} INFO - Processing /opt/airflow/dags/isr_pipeline.py took 0.533 seconds
[2026-04-06T02:54:35.397+0000] {processor.py:161} INFO - Started process (PID=62589) to work on /opt/airflow/dags/isr_pipeline.py
[2026-04-06T02:54:35.405+0000] {processor.py:830} INFO - Processing file /opt/airflow/dags/isr_pipeline.py for tasks to queue
[2026-04-06T02:54:35.412+0000] {logging_mixin.py:188} INFO - [2026-04-06T02:54:35.410+0000] {dagbag.py:540} INFO - Filling up the DagBag from /opt/airflow/dags/isr_pipeline.py
[2026-04-06T02:54:35.507+0000] {processor.py:840} INFO - DAG(s) 'isr_pipeline' retrieved from /opt/airflow/dags/isr_pipeline.py
[2026-04-06T02:54:35.688+0000] {logging_mixin.py:188} INFO - [2026-04-06T02:54:35.687+0000] {dag.py:3096} INFO - Sync 1 DAGs
[2026-04-06T02:54:35.901+0000] {processor.py:183} INFO - Processing /opt/airflow/dags/isr_pipeline.py took 0.542 seconds
[2026-04-06T02:55:06.411+0000] {processor.py:161} INFO - Started process (PID=62594) to work on /opt/airflow/dags/isr_pipeline.py
[2026-04-06T02:55:06.418+0000] {processor.py:830} INFO - Processing file /opt/airflow/dags/isr_pipeline.py for tasks to queue
[2026-04-06T02:55:06.425+0000] {logging_mixin.py:188} INFO - [2026-04-06T02:55:06.424+0000] {dagbag.py:540} INFO - Filling up the DagBag from /opt/airflow/dags/isr_pipeline.py
[2026-04-06T02:55:06.520+0000] {processor.py:840} INFO - DAG(s) 'isr_pipeline' retrieved from /opt/airflow/dags/isr_pipeline.py
[2026-04-06T02:55:06.720+0000] {logging_mixin.py:188} INFO - [2026-04-06T02:55:06.719+0000] {dag.py:3096} INFO - Sync 1 DAGs
[2026-04-06T02:55:06.983+0000] {processor.py:183} INFO - Processing /opt/airflow/dags/isr_pipeline.py took 0.609 seconds
[2026-04-06T02:55:37.565+0000] {processor.py:161} INFO - Started process (PID=62599) to work on /opt/airflow/dags/isr_pipeline.py
[2026-04-06T02:55:37.572+0000] {processor.py:830} INFO - Processing file /opt/airflow/dags/isr_pipeline.py for tasks to queue
[2026-04-06T02:55:37.579+0000] {logging_mixin.py:188} INFO - [2026-04-06T02:55:37.577+0000] {dagbag.py:540} INFO - Filling up the DagBag from /opt/airflow/dags/isr_pipeline.py
[2026-04-06T02:55:37.673+0000] {processor.py:840} INFO - DAG(s) 'isr_pipeline' retrieved from /opt/airflow/dags/isr_pipeline.py
[2026-04-06T02:55:37.872+0000] {logging_mixin.py:188} INFO - [2026-04-06T02:55:37.870+0000] {dag.py:3096} INFO - Sync 1 DAGs
[2026-04-06T02:55:38.104+0000] {processor.py:183} INFO - Processing /opt/airflow/dags/isr_pipeline.py took 0.574 seconds
[2026-04-06T02:56:08.623+0000] {processor.py:161} INFO - Started process (PID=62604) to work on /opt/airflow/dags/isr_pipeline.py
[2026-04-06T02:56:08.632+0000] {processor.py:830} INFO - Processing file /opt/airflow/dags/isr_pipeline.py for tasks to queue
[2026-04-06T02:56:08.639+0000] {logging_mixin.py:188} INFO - [2026-04-06T02:56:08.637+0000] {dagbag.py:540} INFO - Filling up the DagBag from /opt/airflow/dags/isr_pipeline.py
[2026-04-06T02:56:08.728+0000] {processor.py:840} INFO - DAG(s) 'isr_pipeline' retrieved from /opt/airflow/dags/isr_pipeline.py
[2026-04-06T02:56:08.928+0000] {logging_mixin.py:188} INFO - [2026-04-06T02:56:08.927+0000] {dag.py:3096} INFO - Sync 1 DAGs
[2026-04-06T02:56:09.130+0000] {processor.py:183} INFO - Processing /opt/airflow/dags/isr_pipeline.py took 0.546 seconds
[2026-04-06T03:01:00.851+0000] {processor.py:161} INFO - Started process (PID=62609) to work on /opt/airflow/dags/isr_pipeline.py
[2026-04-06T03:01:00.852+0000] {processor.py:830} INFO - Processing file /opt/airflow/dags/isr_pipeline.py for tasks to queue
[2026-04-06T03:01:00.854+0000] {logging_mixin.py:188} INFO - [2026-04-06T03:01:00.854+0000] {dagbag.py:540} INFO - Filling up the DagBag from /opt/airflow/dags/isr_pipeline.py
[2026-04-06T03:01:00.891+0000] {processor.py:840} INFO - DAG(s) 'isr_pipeline' retrieved from /opt/airflow/dags/isr_pipeline.py
[2026-04-06T03:01:00.931+0000] {logging_mixin.py:188} INFO - [2026-04-06T03:01:00.931+0000] {dag.py:3096} INFO - Sync 1 DAGs
[2026-04-06T03:01:00.973+0000] {processor.py:183} INFO - Processing /opt/airflow/dags/isr_pipeline.py took 0.131 seconds
[2026-04-06T03:01:31.493+0000] {processor.py:161} INFO - Started process (PID=62614) to work on /opt/airflow/dags/isr_pipeline.py
[2026-04-06T03:01:31.499+0000] {processor.py:830} INFO - Processing file /opt/airflow/dags/isr_pipeline.py for tasks to queue
[2026-04-06T03:01:31.505+0000] {logging_mixin.py:188} INFO - [2026-04-06T03:01:31.504+0000] {dagbag.py:540} INFO - Filling up the DagBag from /opt/airflow/dags/isr_pipeline.py
[2026-04-06T03:01:31.603+0000] {processor.py:840} INFO - DAG(s) 'isr_pipeline' retrieved from /opt/airflow/dags/isr_pipeline.py
[2026-04-06T03:01:31.786+0000] {logging_mixin.py:188} INFO - [2026-04-06T03:01:31.785+0000] {dag.py:3096} INFO - Sync 1 DAGs
[2026-04-06T03:01:31.996+0000] {processor.py:183} INFO - Processing /opt/airflow/dags/isr_pipeline.py took 0.538 seconds
[2026-04-06T03:02:02.542+0000] {processor.py:161} INFO - Started process (PID=62619) to work on /opt/airflow/dags/isr_pipeline.py
[2026-04-06T03:02:02.550+0000] {processor.py:830} INFO - Processing file /opt/airflow/dags/isr_pipeline.py for tasks to queue
[2026-04-06T03:02:02.557+0000] {logging_mixin.py:188} INFO - [2026-04-06T03:02:02.555+0000] {dagbag.py:540} INFO - Filling up the DagBag from /opt/airflow/dags/isr_pipeline.py
[2026-04-06T03:02:02.652+0000] {processor.py:840} INFO - DAG(s) 'isr_pipeline' retrieved from /opt/airflow/dags/isr_pipeline.py
[2026-04-06T03:02:02.862+0000] {logging_mixin.py:188} INFO - [2026-04-06T03:02:02.861+0000] {dag.py:3096} INFO - Sync 1 DAGs
[2026-04-06T03:02:03.076+0000] {processor.py:183} INFO - Processing /opt/airflow/dags/isr_pipeline.py took 0.599 seconds
[2026-04-06T03:02:33.580+0000] {processor.py:161} INFO - Started process (PID=62624) to work on /opt/airflow/dags/isr_pipeline.py
[2026-04-06T03:02:33.587+0000] {processor.py:830} INFO - Processing file /opt/airflow/dags/isr_pipeline.py for tasks to queue
[2026-04-06T03:02:33.593+0000] {logging_mixin.py:188} INFO - [2026-04-06T03:02:33.591+0000] {dagbag.py:540} INFO - Filling up the DagBag from /opt/airflow/dags/isr_pipeline.py
[2026-04-06T03:02:33.690+0000] {processor.py:840} INFO - DAG(s) 'isr_pipeline' retrieved from /opt/airflow/dags/isr_pipeline.py
[2026-04-06T03:02:33.882+0000] {logging_mixin.py:188} INFO - [2026-04-06T03:02:33.881+0000] {dag.py:3096} INFO - Sync 1 DAGs
[2026-04-06T03:02:34.091+0000] {processor.py:183} INFO - Processing /opt/airflow/dags/isr_pipeline.py took 0.550 seconds
[2026-04-06T03:03:04.615+0000] {processor.py:161} INFO - Started process (PID=62629) to work on /opt/airflow/dags/isr_pipeline.py
[2026-04-06T03:03:04.626+0000] {processor.py:830} INFO - Processing file /opt/airflow/dags/isr_pipeline.py for tasks to queue
[2026-04-06T03:03:04.636+0000] {logging_mixin.py:188} INFO - [2026-04-06T03:03:04.634+0000] {dagbag.py:540} INFO - Filling up the DagBag from /opt/airflow/dags/isr_pipeline.py
[2026-04-06T03:03:04.744+0000] {processor.py:840} INFO - DAG(s) 'isr_pipeline' retrieved from /opt/airflow/dags/isr_pipeline.py
[2026-04-06T03:03:04.922+0000] {logging_mixin.py:188} INFO - [2026-04-06T03:03:04.921+0000] {dag.py:3096} INFO - Sync 1 DAGs
[2026-04-06T03:03:05.135+0000] {processor.py:183} INFO - Processing /opt/airflow/dags/isr_pipeline.py took 0.560 seconds
[2026-04-06T03:03:35.705+0000] {processor.py:161} INFO - Started process (PID=62634) to work on /opt/airflow/dags/isr_pipeline.py
[2026-04-06T03:03:35.712+0000] {processor.py:830} INFO - Processing file /opt/airflow/dags/isr_pipeline.py for tasks to queue
[2026-04-06T03:03:35.719+0000] {logging_mixin.py:188} INFO - [2026-04-06T03:03:35.717+0000] {dagbag.py:540} INFO - Filling up the DagBag from /opt/airflow/dags/isr_pipeline.py
[2026-04-06T03:03:35.813+0000] {processor.py:840} INFO - DAG(s) 'isr_pipeline' retrieved from /opt/airflow/dags/isr_pipeline.py
[2026-04-06T03:03:35.992+0000] {logging_mixin.py:188} INFO - [2026-04-06T03:03:35.991+0000] {dag.py:3096} INFO - Sync 1 DAGs
[2026-04-06T03:03:36.210+0000] {processor.py:183} INFO - Processing /opt/airflow/dags/isr_pipeline.py took 0.544 seconds
[2026-04-06T03:04:06.467+0000] {processor.py:161} INFO - Started process (PID=62639) to work on /opt/airflow/dags/isr_pipeline.py
[2026-04-06T03:04:06.474+0000] {processor.py:830} INFO - Processing file /opt/airflow/dags/isr_pipeline.py for tasks to queue
[2026-04-06T03:04:06.480+0000] {logging_mixin.py:188} INFO - [2026-04-06T03:04:06.478+0000] {dagbag.py:540} INFO - Filling up the DagBag from /opt/airflow/dags/isr_pipeline.py
[2026-04-06T03:04:06.578+0000] {processor.py:840} INFO - DAG(s) 'isr_pipeline' retrieved from /opt/airflow/dags/isr_pipeline.py
[2026-04-06T03:04:06.772+0000] {logging_mixin.py:188} INFO - [2026-04-06T03:04:06.771+0000] {dag.py:3096} INFO - Sync 1 DAGs
[2026-04-06T03:04:06.972+0000] {processor.py:183} INFO - Processing /opt/airflow/dags/isr_pipeline.py took 0.545 seconds
[2026-04-06T03:04:37.507+0000] {processor.py:161} INFO - Started process (PID=62644) to work on /opt/airflow/dags/isr_pipeline.py
[2026-04-06T03:04:37.516+0000] {processor.py:830} INFO - Processing file /opt/airflow/dags/isr_pipeline.py for tasks to queue
[2026-04-06T03:04:37.533+0000] {logging_mixin.py:188} INFO - [2026-04-06T03:04:37.528+0000] {dagbag.py:540} INFO - Filling up the DagBag from /opt/airflow/dags/isr_pipeline.py
[2026-04-06T03:04:37.661+0000] {processor.py:840} INFO - DAG(s) 'isr_pipeline' retrieved from /opt/airflow/dags/isr_pipeline.py
[2026-04-06T03:04:37.861+0000] {logging_mixin.py:188} INFO - [2026-04-06T03:04:37.860+0000] {dag.py:3096} INFO - Sync 1 DAGs
[2026-04-06T03:04:38.084+0000] {processor.py:183} INFO - Processing /opt/airflow/dags/isr_pipeline.py took 0.627 seconds
[2026-04-06T03:05:08.514+0000] {processor.py:161} INFO - Started process (PID=62649) to work on /opt/airflow/dags/isr_pipeline.py
[2026-04-06T03:05:08.521+0000] {processor.py:830} INFO - Processing file /opt/airflow/dags/isr_pipeline.py for tasks to queue
[2026-04-06T03:05:08.533+0000] {logging_mixin.py:188} INFO - [2026-04-06T03:05:08.528+0000] {dagbag.py:540} INFO - Filling up the DagBag from /opt/airflow/dags/isr_pipeline.py
[2026-04-06T03:05:08.632+0000] {processor.py:840} INFO - DAG(s) 'isr_pipeline' retrieved from /opt/airflow/dags/isr_pipeline.py
[2026-04-06T03:05:08.820+0000] {logging_mixin.py:188} INFO - [2026-04-06T03:05:08.819+0000] {dag.py:3096} INFO - Sync 1 DAGs
[2026-04-06T03:05:09.020+0000] {processor.py:183} INFO - Processing /opt/airflow/dags/isr_pipeline.py took 0.543 seconds
[2026-04-06T03:05:39.530+0000] {processor.py:161} INFO - Started process (PID=62654) to work on /opt/airflow/dags/isr_pipeline.py
[2026-04-06T03:05:39.538+0000] {processor.py:830} INFO - Processing file /opt/airflow/dags/isr_pipeline.py for tasks to queue
[2026-04-06T03:05:39.549+0000] {logging_mixin.py:188} INFO - [2026-04-06T03:05:39.547+0000] {dagbag.py:540} INFO - Filling up the DagBag from /opt/airflow/dags/isr_pipeline.py
[2026-04-06T03:05:39.698+0000] {processor.py:840} INFO - DAG(s) 'isr_pipeline' retrieved from /opt/airflow/dags/isr_pipeline.py
[2026-04-06T03:05:39.917+0000] {logging_mixin.py:188} INFO - [2026-04-06T03:05:39.916+0000] {dag.py:3096} INFO - Sync 1 DAGs
[2026-04-06T03:05:40.120+0000] {processor.py:183} INFO - Processing /opt/airflow/dags/isr_pipeline.py took 0.640 seconds
[2026-04-06T03:35:38.677+0000] {processor.py:161} INFO - Started process (PID=62660) to work on /opt/airflow/dags/isr_pipeline.py
[2026-04-06T03:35:38.679+0000] {processor.py:830} INFO - Processing file /opt/airflow/dags/isr_pipeline.py for tasks to queue
[2026-04-06T03:35:38.681+0000] {logging_mixin.py:188} INFO - [2026-04-06T03:35:38.680+0000] {dagbag.py:540} INFO - Filling up the DagBag from /opt/airflow/dags/isr_pipeline.py
[2026-04-06T03:35:38.712+0000] {processor.py:840} INFO - DAG(s) 'isr_pipeline' retrieved from /opt/airflow/dags/isr_pipeline.py
[2026-04-06T03:35:38.758+0000] {logging_mixin.py:188} INFO - [2026-04-06T03:35:38.757+0000] {dag.py:3096} INFO - Sync 1 DAGs
[2026-04-06T03:35:38.807+0000] {processor.py:183} INFO - Processing /opt/airflow/dags/isr_pipeline.py took 0.150 seconds
[2026-04-06T03:36:09.433+0000] {processor.py:161} INFO - Started process (PID=62665) to work on /opt/airflow/dags/isr_pipeline.py
[2026-04-06T03:36:09.438+0000] {processor.py:830} INFO - Processing file /opt/airflow/dags/isr_pipeline.py for tasks to queue
[2026-04-06T03:36:09.446+0000] {logging_mixin.py:188} INFO - [2026-04-06T03:36:09.444+0000] {dagbag.py:540} INFO - Filling up the DagBag from /opt/airflow/dags/isr_pipeline.py
[2026-04-06T03:36:09.540+0000] {processor.py:840} INFO - DAG(s) 'isr_pipeline' retrieved from /opt/airflow/dags/isr_pipeline.py
[2026-04-06T03:36:09.735+0000] {logging_mixin.py:188} INFO - [2026-04-06T03:36:09.734+0000] {dag.py:3096} INFO - Sync 1 DAGs
[2026-04-06T03:36:09.937+0000] {processor.py:183} INFO - Processing /opt/airflow/dags/isr_pipeline.py took 0.540 seconds
[2026-04-06T03:36:39.457+0000] {processor.py:161} INFO - Started process (PID=62673) to work on /opt/airflow/dags/isr_pipeline.py
[2026-04-06T03:36:39.465+0000] {processor.py:830} INFO - Processing file /opt/airflow/dags/isr_pipeline.py for tasks to queue
[2026-04-06T03:36:39.472+0000] {logging_mixin.py:188} INFO - [2026-04-06T03:36:39.470+0000] {dagbag.py:540} INFO - Filling up the DagBag from /opt/airflow/dags/isr_pipeline.py
[2026-04-06T03:36:39.569+0000] {processor.py:840} INFO - DAG(s) 'isr_pipeline' retrieved from /opt/airflow/dags/isr_pipeline.py
[2026-04-06T03:36:39.753+0000] {logging_mixin.py:188} INFO - [2026-04-06T03:36:39.751+0000] {dag.py:3096} INFO - Sync 1 DAGs
[2026-04-06T03:36:39.972+0000] {processor.py:183} INFO - Processing /opt/airflow/dags/isr_pipeline.py took 0.548 seconds
[2026-04-06T03:37:10.485+0000] {processor.py:161} INFO - Started process (PID=62678) to work on /opt/airflow/dags/isr_pipeline.py
[2026-04-06T03:37:10.493+0000] {processor.py:830} INFO - Processing file /opt/airflow/dags/isr_pipeline.py for tasks to queue
[2026-04-06T03:37:10.504+0000] {logging_mixin.py:188} INFO - [2026-04-06T03:37:10.501+0000] {dagbag.py:540} INFO - Filling up the DagBag from /opt/airflow/dags/isr_pipeline.py
[2026-04-06T03:37:10.616+0000] {processor.py:840} INFO - DAG(s) 'isr_pipeline' retrieved from /opt/airflow/dags/isr_pipeline.py
[2026-04-06T03:37:10.822+0000] {logging_mixin.py:188} INFO - [2026-04-06T03:37:10.821+0000] {dag.py:3096} INFO - Sync 1 DAGs
[2026-04-06T03:37:11.053+0000] {processor.py:183} INFO - Processing /opt/airflow/dags/isr_pipeline.py took 0.614 seconds
[2026-04-06T03:37:41.324+0000] {processor.py:161} INFO - Started process (PID=62683) to work on /opt/airflow/dags/isr_pipeline.py
[2026-04-06T03:37:41.331+0000] {processor.py:830} INFO - Processing file /opt/airflow/dags/isr_pipeline.py for tasks to queue
[2026-04-06T03:37:41.340+0000] {logging_mixin.py:188} INFO - [2026-04-06T03:37:41.338+0000] {dagbag.py:540} INFO - Filling up the DagBag from /opt/airflow/dags/isr_pipeline.py
[2026-04-06T03:37:41.431+0000] {processor.py:840} INFO - DAG(s) 'isr_pipeline' retrieved from /opt/airflow/dags/isr_pipeline.py
[2026-04-06T03:37:41.622+0000] {logging_mixin.py:188} INFO - [2026-04-06T03:37:41.620+0000] {dag.py:3096} INFO - Sync 1 DAGs
[2026-04-06T03:37:41.825+0000] {processor.py:183} INFO - Processing /opt/airflow/dags/isr_pipeline.py took 0.539 seconds
[2026-04-06T03:38:12.311+0000] {processor.py:161} INFO - Started process (PID=62688) to work on /opt/airflow/dags/isr_pipeline.py
[2026-04-06T03:38:12.318+0000] {processor.py:830} INFO - Processing file /opt/airflow/dags/isr_pipeline.py for tasks to queue
[2026-04-06T03:38:12.325+0000] {logging_mixin.py:188} INFO - [2026-04-06T03:38:12.323+0000] {dagbag.py:540} INFO - Filling up the DagBag from /opt/airflow/dags/isr_pipeline.py
[2026-04-06T03:38:12.414+0000] {processor.py:840} INFO - DAG(s) 'isr_pipeline' retrieved from /opt/airflow/dags/isr_pipeline.py
[2026-04-06T03:38:12.601+0000] {logging_mixin.py:188} INFO - [2026-04-06T03:38:12.600+0000] {dag.py:3096} INFO - Sync 1 DAGs
[2026-04-06T03:38:12.816+0000] {processor.py:183} INFO - Processing /opt/airflow/dags/isr_pipeline.py took 0.542 seconds
[2026-04-06T03:38:43.388+0000] {processor.py:161} INFO - Started process (PID=62693) to work on /opt/airflow/dags/isr_pipeline.py
[2026-04-06T03:38:43.398+0000] {processor.py:830} INFO - Processing file /opt/airflow/dags/isr_pipeline.py for tasks to queue
[2026-04-06T03:38:43.408+0000] {logging_mixin.py:188} INFO - [2026-04-06T03:38:43.405+0000] {dagbag.py:540} INFO - Filling up the DagBag from /opt/airflow/dags/isr_pipeline.py
[2026-04-06T03:38:43.521+0000] {processor.py:840} INFO - DAG(s) 'isr_pipeline' retrieved from /opt/airflow/dags/isr_pipeline.py
[2026-04-06T03:38:43.748+0000] {logging_mixin.py:188} INFO - [2026-04-06T03:38:43.746+0000] {dag.py:3096} INFO - Sync 1 DAGs
[2026-04-06T03:38:43.965+0000] {processor.py:183} INFO - Processing /opt/airflow/dags/isr_pipeline.py took 0.623 seconds
[2026-04-06T03:39:14.488+0000] {processor.py:161} INFO - Started process (PID=62698) to work on /opt/airflow/dags/isr_pipeline.py
[2026-04-06T03:39:14.496+0000] {processor.py:830} INFO - Processing file /opt/airflow/dags/isr_pipeline.py for tasks to queue
[2026-04-06T03:39:14.504+0000] {logging_mixin.py:188} INFO - [2026-04-06T03:39:14.501+0000] {dagbag.py:540} INFO - Filling up the DagBag from /opt/airflow/dags/isr_pipeline.py
[2026-04-06T03:39:14.596+0000] {processor.py:840} INFO - DAG(s) 'isr_pipeline' retrieved from /opt/airflow/dags/isr_pipeline.py
[2026-04-06T03:39:14.778+0000] {logging_mixin.py:188} INFO - [2026-04-06T03:39:14.777+0000] {dag.py:3096} INFO - Sync 1 DAGs
[2026-04-06T03:39:14.983+0000] {processor.py:183} INFO - Processing /opt/airflow/dags/isr_pipeline.py took 0.533 seconds
[2026-04-06T03:39:45.176+0000] {processor.py:161} INFO - Started process (PID=62703) to work on /opt/airflow/dags/isr_pipeline.py
[2026-04-06T03:39:45.183+0000] {processor.py:830} INFO - Processing file /opt/airflow/dags/isr_pipeline.py for tasks to queue
[2026-04-06T03:39:45.190+0000] {logging_mixin.py:188} INFO - [2026-04-06T03:39:45.188+0000] {dagbag.py:540} INFO - Filling up the DagBag from /opt/airflow/dags/isr_pipeline.py
[2026-04-06T03:39:45.277+0000] {processor.py:840} INFO - DAG(s) 'isr_pipeline' retrieved from /opt/airflow/dags/isr_pipeline.py
[2026-04-06T03:39:45.457+0000] {logging_mixin.py:188} INFO - [2026-04-06T03:39:45.455+0000] {dag.py:3096} INFO - Sync 1 DAGs
[2026-04-06T03:39:45.672+0000] {processor.py:183} INFO - Processing /opt/airflow/dags/isr_pipeline.py took 0.533 seconds
[2026-04-06T03:40:15.883+0000] {processor.py:161} INFO - Started process (PID=62708) to work on /opt/airflow/dags/isr_pipeline.py
[2026-04-06T03:40:15.890+0000] {processor.py:830} INFO - Processing file /opt/airflow/dags/isr_pipeline.py for tasks to queue
[2026-04-06T03:40:15.897+0000] {logging_mixin.py:188} INFO - [2026-04-06T03:40:15.895+0000] {dagbag.py:540} INFO - Filling up the DagBag from /opt/airflow/dags/isr_pipeline.py
[2026-04-06T03:40:15.990+0000] {processor.py:840} INFO - DAG(s) 'isr_pipeline' retrieved from /opt/airflow/dags/isr_pipeline.py
[2026-04-06T03:40:16.198+0000] {logging_mixin.py:188} INFO - [2026-04-06T03:40:16.197+0000] {dag.py:3096} INFO - Sync 1 DAGs
[2026-04-06T03:40:16.411+0000] {processor.py:183} INFO - Processing /opt/airflow/dags/isr_pipeline.py took 0.573 seconds
[2026-04-06T03:40:46.762+0000] {processor.py:161} INFO - Started process (PID=62713) to work on /opt/airflow/dags/isr_pipeline.py
[2026-04-06T03:40:46.770+0000] {processor.py:830} INFO - Processing file /opt/airflow/dags/isr_pipeline.py for tasks to queue
[2026-04-06T03:40:46.778+0000] {logging_mixin.py:188} INFO - [2026-04-06T03:40:46.776+0000] {dagbag.py:540} INFO - Filling up the DagBag from /opt/airflow/dags/isr_pipeline.py
[2026-04-06T03:40:46.872+0000] {processor.py:840} INFO - DAG(s) 'isr_pipeline' retrieved from /opt/airflow/dags/isr_pipeline.py
[2026-04-06T03:40:47.048+0000] {logging_mixin.py:188} INFO - [2026-04-06T03:40:47.047+0000] {dag.py:3096} INFO - Sync 1 DAGs
[2026-04-06T03:40:47.248+0000] {processor.py:183} INFO - Processing /opt/airflow/dags/isr_pipeline.py took 0.524 seconds
[2026-04-06T03:41:17.754+0000] {processor.py:161} INFO - Started process (PID=62718) to work on /opt/airflow/dags/isr_pipeline.py
[2026-04-06T03:41:17.762+0000] {processor.py:830} INFO - Processing file /opt/airflow/dags/isr_pipeline.py for tasks to queue
[2026-04-06T03:41:17.770+0000] {logging_mixin.py:188} INFO - [2026-04-06T03:41:17.767+0000] {dagbag.py:540} INFO - Filling up the DagBag from /opt/airflow/dags/isr_pipeline.py
[2026-04-06T03:41:17.865+0000] {processor.py:840} INFO - DAG(s) 'isr_pipeline' retrieved from /opt/airflow/dags/isr_pipeline.py
[2026-04-06T03:41:18.069+0000] {logging_mixin.py:188} INFO - [2026-04-06T03:41:18.068+0000] {dag.py:3096} INFO - Sync 1 DAGs
[2026-04-06T03:41:18.285+0000] {processor.py:183} INFO - Processing /opt/airflow/dags/isr_pipeline.py took 0.567 seconds
[2026-04-06T03:41:48.743+0000] {processor.py:161} INFO - Started process (PID=62723) to work on /opt/airflow/dags/isr_pipeline.py
[2026-04-06T03:41:48.750+0000] {processor.py:830} INFO - Processing file /opt/airflow/dags/isr_pipeline.py for tasks to queue
[2026-04-06T03:41:48.758+0000] {logging_mixin.py:188} INFO - [2026-04-06T03:41:48.756+0000] {dagbag.py:540} INFO - Filling up the DagBag from /opt/airflow/dags/isr_pipeline.py
[2026-04-06T03:41:48.849+0000] {processor.py:840} INFO - DAG(s) 'isr_pipeline' retrieved from /opt/airflow/dags/isr_pipeline.py
[2026-04-06T03:41:49.026+0000] {logging_mixin.py:188} INFO - [2026-04-06T03:41:49.025+0000] {dag.py:3096} INFO - Sync 1 DAGs
[2026-04-06T03:41:49.225+0000] {processor.py:183} INFO - Processing /opt/airflow/dags/isr_pipeline.py took 0.518 seconds
[2026-04-06T03:42:19.730+0000] {processor.py:161} INFO - Started process (PID=62728) to work on /opt/airflow/dags/isr_pipeline.py
[2026-04-06T03:42:19.738+0000] {processor.py:830} INFO - Processing file /opt/airflow/dags/isr_pipeline.py for tasks to queue
[2026-04-06T03:42:19.745+0000] {logging_mixin.py:188} INFO - [2026-04-06T03:42:19.743+0000] {dagbag.py:540} INFO - Filling up the DagBag from /opt/airflow/dags/isr_pipeline.py
[2026-04-06T03:42:19.836+0000] {processor.py:840} INFO - DAG(s) 'isr_pipeline' retrieved from /opt/airflow/dags/isr_pipeline.py
[2026-04-06T03:42:20.019+0000] {logging_mixin.py:188} INFO - [2026-04-06T03:42:20.018+0000] {dag.py:3096} INFO - Sync 1 DAGs
[2026-04-06T03:42:20.221+0000] {processor.py:183} INFO - Processing /opt/airflow/dags/isr_pipeline.py took 0.530 seconds
[2026-04-06T03:42:50.539+0000] {processor.py:161} INFO - Started process (PID=62733) to work on /opt/airflow/dags/isr_pipeline.py
[2026-04-06T03:42:50.546+0000] {processor.py:830} INFO - Processing file /opt/airflow/dags/isr_pipeline.py for tasks to queue
[2026-04-06T03:42:50.554+0000] {logging_mixin.py:188} INFO - [2026-04-06T03:42:50.552+0000] {dagbag.py:540} INFO - Filling up the DagBag from /opt/airflow/dags/isr_pipeline.py
[2026-04-06T03:42:50.651+0000] {processor.py:840} INFO - DAG(s) 'isr_pipeline' retrieved from /opt/airflow/dags/isr_pipeline.py
[2026-04-06T03:42:50.839+0000] {logging_mixin.py:188} INFO - [2026-04-06T03:42:50.837+0000] {dag.py:3096} INFO - Sync 1 DAGs
[2026-04-06T03:42:51.049+0000] {processor.py:183} INFO - Processing /opt/airflow/dags/isr_pipeline.py took 0.549 seconds
[2026-04-06T03:43:21.548+0000] {processor.py:161} INFO - Started process (PID=62738) to work on /opt/airflow/dags/isr_pipeline.py
[2026-04-06T03:43:21.556+0000] {processor.py:830} INFO - Processing file /opt/airflow/dags/isr_pipeline.py for tasks to queue
[2026-04-06T03:43:21.563+0000] {logging_mixin.py:188} INFO - [2026-04-06T03:43:21.561+0000] {dagbag.py:540} INFO - Filling up the DagBag from /opt/airflow/dags/isr_pipeline.py
[2026-04-06T03:43:21.655+0000] {processor.py:840} INFO - DAG(s) 'isr_pipeline' retrieved from /opt/airflow/dags/isr_pipeline.py
[2026-04-06T03:43:21.838+0000] {logging_mixin.py:188} INFO - [2026-04-06T03:43:21.837+0000] {dag.py:3096} INFO - Sync 1 DAGs
[2026-04-06T03:43:22.042+0000] {processor.py:183} INFO - Processing /opt/airflow/dags/isr_pipeline.py took 0.532 seconds
[2026-04-06T03:43:52.391+0000] {processor.py:161} INFO - Started process (PID=62743) to work on /opt/airflow/dags/isr_pipeline.py
[2026-04-06T03:43:52.399+0000] {processor.py:830} INFO - Processing file /opt/airflow/dags/isr_pipeline.py for tasks to queue
[2026-04-06T03:43:52.405+0000] {logging_mixin.py:188} INFO - [2026-04-06T03:43:52.404+0000] {dagbag.py:540} INFO - Filling up the DagBag from /opt/airflow/dags/isr_pipeline.py
[2026-04-06T03:43:52.496+0000] {processor.py:840} INFO - DAG(s) 'isr_pipeline' retrieved from /opt/airflow/dags/isr_pipeline.py
[2026-04-06T03:43:52.700+0000] {logging_mixin.py:188} INFO - [2026-04-06T03:43:52.699+0000] {dag.py:3096} INFO - Sync 1 DAGs
[2026-04-06T03:43:52.948+0000] {processor.py:183} INFO - Processing /opt/airflow/dags/isr_pipeline.py took 0.594 seconds
[2026-04-06T03:44:23.461+0000] {processor.py:161} INFO - Started process (PID=62748) to work on /opt/airflow/dags/isr_pipeline.py
[2026-04-06T03:44:23.469+0000] {processor.py:830} INFO - Processing file /opt/airflow/dags/isr_pipeline.py for tasks to queue
[2026-04-06T03:44:23.477+0000] {logging_mixin.py:188} INFO - [2026-04-06T03:44:23.475+0000] {dagbag.py:540} INFO - Filling up the DagBag from /opt/airflow/dags/isr_pipeline.py
[2026-04-06T03:44:23.569+0000] {processor.py:840} INFO - DAG(s) 'isr_pipeline' retrieved from /opt/airflow/dags/isr_pipeline.py
[2026-04-06T03:44:23.756+0000] {logging_mixin.py:188} INFO - [2026-04-06T03:44:23.755+0000] {dag.py:3096} INFO - Sync 1 DAGs
[2026-04-06T03:44:23.974+0000] {processor.py:183} INFO - Processing /opt/airflow/dags/isr_pipeline.py took 0.551 seconds
[2026-04-06T03:44:54.376+0000] {processor.py:161} INFO - Started process (PID=62753) to work on /opt/airflow/dags/isr_pipeline.py
[2026-04-06T03:44:54.383+0000] {processor.py:830} INFO - Processing file /opt/airflow/dags/isr_pipeline.py for tasks to queue
[2026-04-06T03:44:54.391+0000] {logging_mixin.py:188} INFO - [2026-04-06T03:44:54.389+0000] {dagbag.py:540} INFO - Filling up the DagBag from /opt/airflow/dags/isr_pipeline.py
[2026-04-06T03:44:54.483+0000] {processor.py:840} INFO - DAG(s) 'isr_pipeline' retrieved from /opt/airflow/dags/isr_pipeline.py
[2026-04-06T03:44:54.670+0000] {logging_mixin.py:188} INFO - [2026-04-06T03:44:54.669+0000] {dag.py:3096} INFO - Sync 1 DAGs
[2026-04-06T03:44:54.884+0000] {processor.py:183} INFO - Processing /opt/airflow/dags/isr_pipeline.py took 0.546 seconds
[2026-04-06T03:45:25.383+0000] {processor.py:161} INFO - Started process (PID=62758) to work on /opt/airflow/dags/isr_pipeline.py
[2026-04-06T03:45:25.391+0000] {processor.py:830} INFO - Processing file /opt/airflow/dags/isr_pipeline.py for tasks to queue
[2026-04-06T03:45:25.397+0000] {logging_mixin.py:188} INFO - [2026-04-06T03:45:25.395+0000] {dagbag.py:540} INFO - Filling up the DagBag from /opt/airflow/dags/isr_pipeline.py
[2026-04-06T03:45:25.490+0000] {processor.py:840} INFO - DAG(s) 'isr_pipeline' retrieved from /opt/airflow/dags/isr_pipeline.py
[2026-04-06T03:45:25.690+0000] {logging_mixin.py:188} INFO - [2026-04-06T03:45:25.688+0000] {dag.py:3096} INFO - Sync 1 DAGs
[2026-04-06T03:45:25.910+0000] {processor.py:183} INFO - Processing /opt/airflow/dags/isr_pipeline.py took 0.565 seconds
[2026-04-06T03:45:56.161+0000] {processor.py:161} INFO - Started process (PID=62763) to work on /opt/airflow/dags/isr_pipeline.py
[2026-04-06T03:45:56.169+0000] {processor.py:830} INFO - Processing file /opt/airflow/dags/isr_pipeline.py for tasks to queue
[2026-04-06T03:45:56.176+0000] {logging_mixin.py:188} INFO - [2026-04-06T03:45:56.174+0000] {dagbag.py:540} INFO - Filling up the DagBag from /opt/airflow/dags/isr_pipeline.py
[2026-04-06T03:45:56.263+0000] {processor.py:840} INFO - DAG(s) 'isr_pipeline' retrieved from /opt/airflow/dags/isr_pipeline.py
[2026-04-06T03:45:56.445+0000] {logging_mixin.py:188} INFO - [2026-04-06T03:45:56.444+0000] {dag.py:3096} INFO - Sync 1 DAGs
[2026-04-06T03:45:56.655+0000] {processor.py:183} INFO - Processing /opt/airflow/dags/isr_pipeline.py took 0.531 seconds
[2026-04-06T03:46:27.126+0000] {processor.py:161} INFO - Started process (PID=62768) to work on /opt/airflow/dags/isr_pipeline.py
[2026-04-06T03:46:27.133+0000] {processor.py:830} INFO - Processing file /opt/airflow/dags/isr_pipeline.py for tasks to queue
[2026-04-06T03:46:27.141+0000] {logging_mixin.py:188} INFO - [2026-04-06T03:46:27.139+0000] {dagbag.py:540} INFO - Filling up the DagBag from /opt/airflow/dags/isr_pipeline.py
[2026-04-06T03:46:27.233+0000] {processor.py:840} INFO - DAG(s) 'isr_pipeline' retrieved from /opt/airflow/dags/isr_pipeline.py
[2026-04-06T03:46:27.414+0000] {logging_mixin.py:188} INFO - [2026-04-06T03:46:27.413+0000] {dag.py:3096} INFO - Sync 1 DAGs
[2026-04-06T03:46:27.632+0000] {processor.py:183} INFO - Processing /opt/airflow/dags/isr_pipeline.py took 0.543 seconds
[2026-04-06T03:46:58.230+0000] {processor.py:161} INFO - Started process (PID=62773) to work on /opt/airflow/dags/isr_pipeline.py
[2026-04-06T03:46:58.238+0000] {processor.py:830} INFO - Processing file /opt/airflow/dags/isr_pipeline.py for tasks to queue
[2026-04-06T03:46:58.245+0000] {logging_mixin.py:188} INFO - [2026-04-06T03:46:58.243+0000] {dagbag.py:540} INFO - Filling up the DagBag from /opt/airflow/dags/isr_pipeline.py
[2026-04-06T03:46:58.345+0000] {processor.py:840} INFO - DAG(s) 'isr_pipeline' retrieved from /opt/airflow/dags/isr_pipeline.py
[2026-04-06T03:46:58.583+0000] {logging_mixin.py:188} INFO - [2026-04-06T03:46:58.582+0000] {dag.py:3096} INFO - Sync 1 DAGs
[2026-04-06T03:46:58.848+0000] {processor.py:183} INFO - Processing /opt/airflow/dags/isr_pipeline.py took 0.658 seconds
[2026-04-06T04:17:19.462+0000] {processor.py:161} INFO - Started process (PID=62779) to work on /opt/airflow/dags/isr_pipeline.py
[2026-04-06T04:17:19.463+0000] {processor.py:830} INFO - Processing file /opt/airflow/dags/isr_pipeline.py for tasks to queue
[2026-04-06T04:17:19.465+0000] {logging_mixin.py:188} INFO - [2026-04-06T04:17:19.464+0000] {dagbag.py:540} INFO - Filling up the DagBag from /opt/airflow/dags/isr_pipeline.py
[2026-04-06T04:17:19.502+0000] {processor.py:840} INFO - DAG(s) 'isr_pipeline' retrieved from /opt/airflow/dags/isr_pipeline.py
[2026-04-06T04:17:19.555+0000] {logging_mixin.py:188} INFO - [2026-04-06T04:17:19.555+0000] {dag.py:3096} INFO - Sync 1 DAGs
[2026-04-06T04:17:19.665+0000] {processor.py:183} INFO - Processing /opt/airflow/dags/isr_pipeline.py took 0.215 seconds
[2026-04-06T04:17:49.853+0000] {processor.py:161} INFO - Started process (PID=62785) to work on /opt/airflow/dags/isr_pipeline.py
[2026-04-06T04:17:49.859+0000] {processor.py:830} INFO - Processing file /opt/airflow/dags/isr_pipeline.py for tasks to queue
[2026-04-06T04:17:49.869+0000] {logging_mixin.py:188} INFO - [2026-04-06T04:17:49.866+0000] {dagbag.py:540} INFO - Filling up the DagBag from /opt/airflow/dags/isr_pipeline.py
[2026-04-06T04:17:49.978+0000] {processor.py:840} INFO - DAG(s) 'isr_pipeline' retrieved from /opt/airflow/dags/isr_pipeline.py
[2026-04-06T04:17:50.197+0000] {logging_mixin.py:188} INFO - [2026-04-06T04:17:50.196+0000] {dag.py:3096} INFO - Sync 1 DAGs
[2026-04-06T04:17:50.433+0000] {processor.py:183} INFO - Processing /opt/airflow/dags/isr_pipeline.py took 0.621 seconds
[2026-04-06T04:18:20.972+0000] {processor.py:161} INFO - Started process (PID=62790) to work on /opt/airflow/dags/isr_pipeline.py
[2026-04-06T04:18:20.979+0000] {processor.py:830} INFO - Processing file /opt/airflow/dags/isr_pipeline.py for tasks to queue
[2026-04-06T04:18:20.987+0000] {logging_mixin.py:188} INFO - [2026-04-06T04:18:20.985+0000] {dagbag.py:540} INFO - Filling up the DagBag from /opt/airflow/dags/isr_pipeline.py
[2026-04-06T04:18:21.090+0000] {processor.py:840} INFO - DAG(s) 'isr_pipeline' retrieved from /opt/airflow/dags/isr_pipeline.py
[2026-04-06T04:18:21.287+0000] {logging_mixin.py:188} INFO - [2026-04-06T04:18:21.285+0000] {dag.py:3096} INFO - Sync 1 DAGs
[2026-04-06T04:18:21.518+0000] {processor.py:183} INFO - Processing /opt/airflow/dags/isr_pipeline.py took 0.585 seconds
[2026-04-06T04:18:52.006+0000] {processor.py:161} INFO - Started process (PID=62795) to work on /opt/airflow/dags/isr_pipeline.py
[2026-04-06T04:18:52.014+0000] {processor.py:830} INFO - Processing file /opt/airflow/dags/isr_pipeline.py for tasks to queue
[2026-04-06T04:18:52.022+0000] {logging_mixin.py:188} INFO - [2026-04-06T04:18:52.020+0000] {dagbag.py:540} INFO - Filling up the DagBag from /opt/airflow/dags/isr_pipeline.py
[2026-04-06T04:18:52.118+0000] {processor.py:840} INFO - DAG(s) 'isr_pipeline' retrieved from /opt/airflow/dags/isr_pipeline.py
[2026-04-06T04:18:52.303+0000] {logging_mixin.py:188} INFO - [2026-04-06T04:18:52.302+0000] {dag.py:3096} INFO - Sync 1 DAGs
[2026-04-06T04:18:52.505+0000] {processor.py:183} INFO - Processing /opt/airflow/dags/isr_pipeline.py took 0.536 seconds
[2026-04-06T04:19:23.027+0000] {processor.py:161} INFO - Started process (PID=62800) to work on /opt/airflow/dags/isr_pipeline.py
[2026-04-06T04:19:23.035+0000] {processor.py:830} INFO - Processing file /opt/airflow/dags/isr_pipeline.py for tasks to queue
[2026-04-06T04:19:23.043+0000] {logging_mixin.py:188} INFO - [2026-04-06T04:19:23.041+0000] {dagbag.py:540} INFO - Filling up the DagBag from /opt/airflow/dags/isr_pipeline.py
[2026-04-06T04:19:23.149+0000] {processor.py:840} INFO - DAG(s) 'isr_pipeline' retrieved from /opt/airflow/dags/isr_pipeline.py
[2026-04-06T04:19:23.346+0000] {logging_mixin.py:188} INFO - [2026-04-06T04:19:23.345+0000] {dag.py:3096} INFO - Sync 1 DAGs
[2026-04-06T04:19:23.575+0000] {processor.py:183} INFO - Processing /opt/airflow/dags/isr_pipeline.py took 0.586 seconds
[2026-04-06T04:19:54.074+0000] {processor.py:161} INFO - Started process (PID=62805) to work on /opt/airflow/dags/isr_pipeline.py
[2026-04-06T04:19:54.082+0000] {processor.py:830} INFO - Processing file /opt/airflow/dags/isr_pipeline.py for tasks to queue
[2026-04-06T04:19:54.090+0000] {logging_mixin.py:188} INFO - [2026-04-06T04:19:54.087+0000] {dagbag.py:540} INFO - Filling up the DagBag from /opt/airflow/dags/isr_pipeline.py
[2026-04-06T04:19:54.180+0000] {processor.py:840} INFO - DAG(s) 'isr_pipeline' retrieved from /opt/airflow/dags/isr_pipeline.py
[2026-04-06T04:19:54.370+0000] {logging_mixin.py:188} INFO - [2026-04-06T04:19:54.367+0000] {dag.py:3096} INFO - Sync 1 DAGs
[2026-04-06T04:19:54.594+0000] {processor.py:183} INFO - Processing /opt/airflow/dags/isr_pipeline.py took 0.558 seconds
[2026-04-06T04:20:25.011+0000] {processor.py:161} INFO - Started process (PID=62810) to work on /opt/airflow/dags/isr_pipeline.py
[2026-04-06T04:20:25.017+0000] {processor.py:830} INFO - Processing file /opt/airflow/dags/isr_pipeline.py for tasks to queue
[2026-04-06T04:20:25.025+0000] {logging_mixin.py:188} INFO - [2026-04-06T04:20:25.022+0000] {dagbag.py:540} INFO - Filling up the DagBag from /opt/airflow/dags/isr_pipeline.py
[2026-04-06T04:20:25.118+0000] {processor.py:840} INFO - DAG(s) 'isr_pipeline' retrieved from /opt/airflow/dags/isr_pipeline.py
[2026-04-06T04:20:25.301+0000] {logging_mixin.py:188} INFO - [2026-04-06T04:20:25.300+0000] {dag.py:3096} INFO - Sync 1 DAGs
[2026-04-06T04:20:25.525+0000] {processor.py:183} INFO - Processing /opt/airflow/dags/isr_pipeline.py took 0.548 seconds
[2026-04-06T04:20:56.078+0000] {processor.py:161} INFO - Started process (PID=62815) to work on /opt/airflow/dags/isr_pipeline.py
[2026-04-06T04:20:56.087+0000] {processor.py:830} INFO - Processing file /opt/airflow/dags/isr_pipeline.py for tasks to queue
[2026-04-06T04:20:56.094+0000] {logging_mixin.py:188} INFO - [2026-04-06T04:20:56.093+0000] {dagbag.py:540} INFO - Filling up the DagBag from /opt/airflow/dags/isr_pipeline.py
[2026-04-06T04:20:56.188+0000] {processor.py:840} INFO - DAG(s) 'isr_pipeline' retrieved from /opt/airflow/dags/isr_pipeline.py
[2026-04-06T04:20:56.396+0000] {logging_mixin.py:188} INFO - [2026-04-06T04:20:56.394+0000] {dag.py:3096} INFO - Sync 1 DAGs
[2026-04-06T04:20:56.625+0000] {processor.py:183} INFO - Processing /opt/airflow/dags/isr_pipeline.py took 0.586 seconds
[2026-04-06T04:21:26.837+0000] {processor.py:161} INFO - Started process (PID=62820) to work on /opt/airflow/dags/isr_pipeline.py
[2026-04-06T04:21:26.844+0000] {processor.py:830} INFO - Processing file /opt/airflow/dags/isr_pipeline.py for tasks to queue
[2026-04-06T04:21:26.851+0000] {logging_mixin.py:188} INFO - [2026-04-06T04:21:26.849+0000] {dagbag.py:540} INFO - Filling up the DagBag from /opt/airflow/dags/isr_pipeline.py
[2026-04-06T04:21:26.938+0000] {processor.py:840} INFO - DAG(s) 'isr_pipeline' retrieved from /opt/airflow/dags/isr_pipeline.py
[2026-04-06T04:21:27.123+0000] {logging_mixin.py:188} INFO - [2026-04-06T04:21:27.122+0000] {dag.py:3096} INFO - Sync 1 DAGs
[2026-04-06T04:21:27.350+0000] {processor.py:183} INFO - Processing /opt/airflow/dags/isr_pipeline.py took 0.550 seconds
[2026-04-06T04:21:57.879+0000] {processor.py:161} INFO - Started process (PID=62825) to work on /opt/airflow/dags/isr_pipeline.py
[2026-04-06T04:21:57.887+0000] {processor.py:830} INFO - Processing file /opt/airflow/dags/isr_pipeline.py for tasks to queue
[2026-04-06T04:21:57.894+0000] {logging_mixin.py:188} INFO - [2026-04-06T04:21:57.892+0000] {dagbag.py:540} INFO - Filling up the DagBag from /opt/airflow/dags/isr_pipeline.py
[2026-04-06T04:21:57.983+0000] {processor.py:840} INFO - DAG(s) 'isr_pipeline' retrieved from /opt/airflow/dags/isr_pipeline.py
[2026-04-06T04:21:58.168+0000] {logging_mixin.py:188} INFO - [2026-04-06T04:21:58.167+0000] {dag.py:3096} INFO - Sync 1 DAGs
[2026-04-06T04:21:58.405+0000] {processor.py:183} INFO - Processing /opt/airflow/dags/isr_pipeline.py took 0.562 seconds
[2026-04-06T04:22:28.880+0000] {processor.py:161} INFO - Started process (PID=62830) to work on /opt/airflow/dags/isr_pipeline.py
[2026-04-06T04:22:28.887+0000] {processor.py:830} INFO - Processing file /opt/airflow/dags/isr_pipeline.py for tasks to queue
[2026-04-06T04:22:28.894+0000] {logging_mixin.py:188} INFO - [2026-04-06T04:22:28.892+0000] {dagbag.py:540} INFO - Filling up the DagBag from /opt/airflow/dags/isr_pipeline.py
[2026-04-06T04:22:28.989+0000] {processor.py:840} INFO - DAG(s) 'isr_pipeline' retrieved from /opt/airflow/dags/isr_pipeline.py
[2026-04-06T04:22:29.187+0000] {logging_mixin.py:188} INFO - [2026-04-06T04:22:29.186+0000] {dag.py:3096} INFO - Sync 1 DAGs
[2026-04-06T04:22:29.396+0000] {processor.py:183} INFO - Processing /opt/airflow/dags/isr_pipeline.py took 0.551 seconds
[2026-04-06T04:22:59.901+0000] {processor.py:161} INFO - Started process (PID=62835) to work on /opt/airflow/dags/isr_pipeline.py
[2026-04-06T04:22:59.908+0000] {processor.py:830} INFO - Processing file /opt/airflow/dags/isr_pipeline.py for tasks to queue
[2026-04-06T04:22:59.915+0000] {logging_mixin.py:188} INFO - [2026-04-06T04:22:59.913+0000] {dagbag.py:540} INFO - Filling up the DagBag from /opt/airflow/dags/isr_pipeline.py
[2026-04-06T04:23:00.007+0000] {processor.py:840} INFO - DAG(s) 'isr_pipeline' retrieved from /opt/airflow/dags/isr_pipeline.py
[2026-04-06T04:23:00.228+0000] {logging_mixin.py:188} INFO - [2026-04-06T04:23:00.227+0000] {dag.py:3096} INFO - Sync 1 DAGs
[2026-04-06T04:23:00.468+0000] {processor.py:183} INFO - Processing /opt/airflow/dags/isr_pipeline.py took 0.605 seconds
[2026-04-06T04:23:30.959+0000] {processor.py:161} INFO - Started process (PID=62840) to work on /opt/airflow/dags/isr_pipeline.py
[2026-04-06T04:23:30.966+0000] {processor.py:830} INFO - Processing file /opt/airflow/dags/isr_pipeline.py for tasks to queue
[2026-04-06T04:23:30.972+0000] {logging_mixin.py:188} INFO - [2026-04-06T04:23:30.971+0000] {dagbag.py:540} INFO - Filling up the DagBag from /opt/airflow/dags/isr_pipeline.py
[2026-04-06T04:23:31.062+0000] {processor.py:840} INFO - DAG(s) 'isr_pipeline' retrieved from /opt/airflow/dags/isr_pipeline.py
[2026-04-06T04:23:31.259+0000] {logging_mixin.py:188} INFO - [2026-04-06T04:23:31.257+0000] {dag.py:3096} INFO - Sync 1 DAGs
[2026-04-06T04:23:31.462+0000] {processor.py:183} INFO - Processing /opt/airflow/dags/isr_pipeline.py took 0.540 seconds
[2026-04-06T04:24:01.938+0000] {processor.py:161} INFO - Started process (PID=62845) to work on /opt/airflow/dags/isr_pipeline.py
[2026-04-06T04:24:01.944+0000] {processor.py:830} INFO - Processing file /opt/airflow/dags/isr_pipeline.py for tasks to queue
[2026-04-06T04:24:01.951+0000] {logging_mixin.py:188} INFO - [2026-04-06T04:24:01.949+0000] {dagbag.py:540} INFO - Filling up the DagBag from /opt/airflow/dags/isr_pipeline.py
[2026-04-06T04:24:02.042+0000] {processor.py:840} INFO - DAG(s) 'isr_pipeline' retrieved from /opt/airflow/dags/isr_pipeline.py
[2026-04-06T04:24:02.232+0000] {logging_mixin.py:188} INFO - [2026-04-06T04:24:02.231+0000] {dag.py:3096} INFO - Sync 1 DAGs
[2026-04-06T04:24:02.440+0000] {processor.py:183} INFO - Processing /opt/airflow/dags/isr_pipeline.py took 0.536 seconds
[2026-04-06T04:24:33.076+0000] {processor.py:161} INFO - Started process (PID=62850) to work on /opt/airflow/dags/isr_pipeline.py
[2026-04-06T04:24:33.085+0000] {processor.py:830} INFO - Processing file /opt/airflow/dags/isr_pipeline.py for tasks to queue
[2026-04-06T04:24:33.095+0000] {logging_mixin.py:188} INFO - [2026-04-06T04:24:33.092+0000] {dagbag.py:540} INFO - Filling up the DagBag from /opt/airflow/dags/isr_pipeline.py
[2026-04-06T04:24:33.191+0000] {processor.py:840} INFO - DAG(s) 'isr_pipeline' retrieved from /opt/airflow/dags/isr_pipeline.py
[2026-04-06T04:24:33.382+0000] {logging_mixin.py:188} INFO - [2026-04-06T04:24:33.380+0000] {dag.py:3096} INFO - Sync 1 DAGs
[2026-04-06T04:24:33.595+0000] {processor.py:183} INFO - Processing /opt/airflow/dags/isr_pipeline.py took 0.560 seconds
[2026-04-06T04:25:04.106+0000] {processor.py:161} INFO - Started process (PID=62855) to work on /opt/airflow/dags/isr_pipeline.py
[2026-04-06T04:25:04.114+0000] {processor.py:830} INFO - Processing file /opt/airflow/dags/isr_pipeline.py for tasks to queue
[2026-04-06T04:25:04.122+0000] {logging_mixin.py:188} INFO - [2026-04-06T04:25:04.121+0000] {dagbag.py:540} INFO - Filling up the DagBag from /opt/airflow/dags/isr_pipeline.py
[2026-04-06T04:25:04.215+0000] {processor.py:840} INFO - DAG(s) 'isr_pipeline' retrieved from /opt/airflow/dags/isr_pipeline.py
[2026-04-06T04:25:04.418+0000] {logging_mixin.py:188} INFO - [2026-04-06T04:25:04.417+0000] {dag.py:3096} INFO - Sync 1 DAGs
[2026-04-06T04:25:04.635+0000] {processor.py:183} INFO - Processing /opt/airflow/dags/isr_pipeline.py took 0.567 seconds
[2026-04-06T04:25:35.137+0000] {processor.py:161} INFO - Started process (PID=62860) to work on /opt/airflow/dags/isr_pipeline.py
[2026-04-06T04:25:35.145+0000] {processor.py:830} INFO - Processing file /opt/airflow/dags/isr_pipeline.py for tasks to queue
[2026-04-06T04:25:35.152+0000] {logging_mixin.py:188} INFO - [2026-04-06T04:25:35.150+0000] {dagbag.py:540} INFO - Filling up the DagBag from /opt/airflow/dags/isr_pipeline.py
[2026-04-06T04:25:35.249+0000] {processor.py:840} INFO - DAG(s) 'isr_pipeline' retrieved from /opt/airflow/dags/isr_pipeline.py
[2026-04-06T04:25:35.437+0000] {logging_mixin.py:188} INFO - [2026-04-06T04:25:35.436+0000] {dag.py:3096} INFO - Sync 1 DAGs
[2026-04-06T04:25:35.658+0000] {processor.py:183} INFO - Processing /opt/airflow/dags/isr_pipeline.py took 0.556 seconds
[2026-04-06T04:26:06.177+0000] {processor.py:161} INFO - Started process (PID=62865) to work on /opt/airflow/dags/isr_pipeline.py
[2026-04-06T04:26:06.185+0000] {processor.py:830} INFO - Processing file /opt/airflow/dags/isr_pipeline.py for tasks to queue
[2026-04-06T04:26:06.192+0000] {logging_mixin.py:188} INFO - [2026-04-06T04:26:06.190+0000] {dagbag.py:540} INFO - Filling up the DagBag from /opt/airflow/dags/isr_pipeline.py
[2026-04-06T04:26:06.293+0000] {processor.py:840} INFO - DAG(s) 'isr_pipeline' retrieved from /opt/airflow/dags/isr_pipeline.py
[2026-04-06T04:26:06.489+0000] {logging_mixin.py:188} INFO - [2026-04-06T04:26:06.488+0000] {dag.py:3096} INFO - Sync 1 DAGs
[2026-04-06T04:26:06.697+0000] {processor.py:183} INFO - Processing /opt/airflow/dags/isr_pipeline.py took 0.558 seconds
[2026-04-06T04:26:36.925+0000] {processor.py:161} INFO - Started process (PID=62870) to work on /opt/airflow/dags/isr_pipeline.py
[2026-04-06T04:26:36.932+0000] {processor.py:830} INFO - Processing file /opt/airflow/dags/isr_pipeline.py for tasks to queue
[2026-04-06T04:26:36.939+0000] {logging_mixin.py:188} INFO - [2026-04-06T04:26:36.937+0000] {dagbag.py:540} INFO - Filling up the DagBag from /opt/airflow/dags/isr_pipeline.py
[2026-04-06T04:26:37.029+0000] {processor.py:840} INFO - DAG(s) 'isr_pipeline' retrieved from /opt/airflow/dags/isr_pipeline.py
[2026-04-06T04:26:37.216+0000] {logging_mixin.py:188} INFO - [2026-04-06T04:26:37.215+0000] {dag.py:3096} INFO - Sync 1 DAGs
[2026-04-06T04:26:37.433+0000] {processor.py:183} INFO - Processing /opt/airflow/dags/isr_pipeline.py took 0.546 seconds
[2026-04-06T04:27:07.940+0000] {processor.py:161} INFO - Started process (PID=62875) to work on /opt/airflow/dags/isr_pipeline.py
[2026-04-06T04:27:07.947+0000] {processor.py:830} INFO - Processing file /opt/airflow/dags/isr_pipeline.py for tasks to queue
[2026-04-06T04:27:07.954+0000] {logging_mixin.py:188} INFO - [2026-04-06T04:27:07.952+0000] {dagbag.py:540} INFO - Filling up the DagBag from /opt/airflow/dags/isr_pipeline.py
[2026-04-06T04:27:08.045+0000] {processor.py:840} INFO - DAG(s) 'isr_pipeline' retrieved from /opt/airflow/dags/isr_pipeline.py
[2026-04-06T04:27:08.249+0000] {logging_mixin.py:188} INFO - [2026-04-06T04:27:08.247+0000] {dag.py:3096} INFO - Sync 1 DAGs
[2026-04-06T04:27:08.485+0000] {processor.py:183} INFO - Processing /opt/airflow/dags/isr_pipeline.py took 0.583 seconds
[2026-04-06T04:27:39.026+0000] {processor.py:161} INFO - Started process (PID=62880) to work on /opt/airflow/dags/isr_pipeline.py
[2026-04-06T04:27:39.033+0000] {processor.py:830} INFO - Processing file /opt/airflow/dags/isr_pipeline.py for tasks to queue
[2026-04-06T04:27:39.041+0000] {logging_mixin.py:188} INFO - [2026-04-06T04:27:39.039+0000] {dagbag.py:540} INFO - Filling up the DagBag from /opt/airflow/dags/isr_pipeline.py
[2026-04-06T04:27:39.138+0000] {processor.py:840} INFO - DAG(s) 'isr_pipeline' retrieved from /opt/airflow/dags/isr_pipeline.py
[2026-04-06T04:27:39.335+0000] {logging_mixin.py:188} INFO - [2026-04-06T04:27:39.333+0000] {dag.py:3096} INFO - Sync 1 DAGs
[2026-04-06T04:27:39.539+0000] {processor.py:183} INFO - Processing /opt/airflow/dags/isr_pipeline.py took 0.558 seconds
[2026-04-06T04:28:10.081+0000] {processor.py:161} INFO - Started process (PID=62885) to work on /opt/airflow/dags/isr_pipeline.py
[2026-04-06T04:28:10.089+0000] {processor.py:830} INFO - Processing file /opt/airflow/dags/isr_pipeline.py for tasks to queue
[2026-04-06T04:28:10.097+0000] {logging_mixin.py:188} INFO - [2026-04-06T04:28:10.095+0000] {dagbag.py:540} INFO - Filling up the DagBag from /opt/airflow/dags/isr_pipeline.py
[2026-04-06T04:28:10.200+0000] {processor.py:840} INFO - DAG(s) 'isr_pipeline' retrieved from /opt/airflow/dags/isr_pipeline.py
[2026-04-06T04:28:10.390+0000] {logging_mixin.py:188} INFO - [2026-04-06T04:28:10.389+0000] {dag.py:3096} INFO - Sync 1 DAGs
[2026-04-06T04:28:10.629+0000] {processor.py:183} INFO - Processing /opt/airflow/dags/isr_pipeline.py took 0.586 seconds
[2026-04-06T04:28:41.129+0000] {processor.py:161} INFO - Started process (PID=62890) to work on /opt/airflow/dags/isr_pipeline.py
[2026-04-06T04:28:41.137+0000] {processor.py:830} INFO - Processing file /opt/airflow/dags/isr_pipeline.py for tasks to queue
[2026-04-06T04:28:41.146+0000] {logging_mixin.py:188} INFO - [2026-04-06T04:28:41.144+0000] {dagbag.py:540} INFO - Filling up the DagBag from /opt/airflow/dags/isr_pipeline.py
[2026-04-06T04:28:41.238+0000] {processor.py:840} INFO - DAG(s) 'isr_pipeline' retrieved from /opt/airflow/dags/isr_pipeline.py
[2026-04-06T04:28:41.431+0000] {logging_mixin.py:188} INFO - [2026-04-06T04:28:41.430+0000] {dag.py:3096} INFO - Sync 1 DAGs
[2026-04-06T04:28:41.636+0000] {processor.py:183} INFO - Processing /opt/airflow/dags/isr_pipeline.py took 0.552 seconds
[2026-04-06T04:29:12.059+0000] {processor.py:161} INFO - Started process (PID=62895) to work on /opt/airflow/dags/isr_pipeline.py
[2026-04-06T04:29:12.066+0000] {processor.py:830} INFO - Processing file /opt/airflow/dags/isr_pipeline.py for tasks to queue
[2026-04-06T04:29:12.074+0000] {logging_mixin.py:188} INFO - [2026-04-06T04:29:12.072+0000] {dagbag.py:540} INFO - Filling up the DagBag from /opt/airflow/dags/isr_pipeline.py
[2026-04-06T04:29:12.166+0000] {processor.py:840} INFO - DAG(s) 'isr_pipeline' retrieved from /opt/airflow/dags/isr_pipeline.py
[2026-04-06T04:29:12.350+0000] {logging_mixin.py:188} INFO - [2026-04-06T04:29:12.349+0000] {dag.py:3096} INFO - Sync 1 DAGs
[2026-04-06T04:29:12.566+0000] {processor.py:183} INFO - Processing /opt/airflow/dags/isr_pipeline.py took 0.548 seconds
[2026-04-06T04:29:43.125+0000] {processor.py:161} INFO - Started process (PID=62900) to work on /opt/airflow/dags/isr_pipeline.py
[2026-04-06T04:29:43.133+0000] {processor.py:830} INFO - Processing file /opt/airflow/dags/isr_pipeline.py for tasks to queue
[2026-04-06T04:29:43.146+0000] {logging_mixin.py:188} INFO - [2026-04-06T04:29:43.139+0000] {dagbag.py:540} INFO - Filling up the DagBag from /opt/airflow/dags/isr_pipeline.py
[2026-04-06T04:29:43.252+0000] {processor.py:840} INFO - DAG(s) 'isr_pipeline' retrieved from /opt/airflow/dags/isr_pipeline.py
[2026-04-06T04:29:43.459+0000] {logging_mixin.py:188} INFO - [2026-04-06T04:29:43.458+0000] {dag.py:3096} INFO - Sync 1 DAGs
[2026-04-06T04:29:43.683+0000] {processor.py:183} INFO - Processing /opt/airflow/dags/isr_pipeline.py took 0.599 seconds
[2026-04-06T04:30:14.164+0000] {processor.py:161} INFO - Started process (PID=62905) to work on /opt/airflow/dags/isr_pipeline.py
[2026-04-06T04:30:14.175+0000] {processor.py:830} INFO - Processing file /opt/airflow/dags/isr_pipeline.py for tasks to queue
[2026-04-06T04:30:14.183+0000] {logging_mixin.py:188} INFO - [2026-04-06T04:30:14.182+0000] {dagbag.py:540} INFO - Filling up the DagBag from /opt/airflow/dags/isr_pipeline.py
[2026-04-06T04:30:14.281+0000] {processor.py:840} INFO - DAG(s) 'isr_pipeline' retrieved from /opt/airflow/dags/isr_pipeline.py
[2026-04-06T04:30:14.466+0000] {logging_mixin.py:188} INFO - [2026-04-06T04:30:14.465+0000] {dag.py:3096} INFO - Sync 1 DAGs
[2026-04-06T04:30:14.666+0000] {processor.py:183} INFO - Processing /opt/airflow/dags/isr_pipeline.py took 0.546 seconds
[2026-04-06T04:30:45.139+0000] {processor.py:161} INFO - Started process (PID=62910) to work on /opt/airflow/dags/isr_pipeline.py
[2026-04-06T04:30:45.149+0000] {processor.py:830} INFO - Processing file /opt/airflow/dags/isr_pipeline.py for tasks to queue
[2026-04-06T04:30:45.159+0000] {logging_mixin.py:188} INFO - [2026-04-06T04:30:45.157+0000] {dagbag.py:540} INFO - Filling up the DagBag from /opt/airflow/dags/isr_pipeline.py
[2026-04-06T04:30:45.260+0000] {processor.py:840} INFO - DAG(s) 'isr_pipeline' retrieved from /opt/airflow/dags/isr_pipeline.py
[2026-04-06T04:30:45.568+0000] {logging_mixin.py:188} INFO - [2026-04-06T04:30:45.566+0000] {dag.py:3096} INFO - Sync 1 DAGs
[2026-04-06T04:30:45.831+0000] {processor.py:183} INFO - Processing /opt/airflow/dags/isr_pipeline.py took 0.738 seconds
[2026-04-06T04:31:16.408+0000] {processor.py:161} INFO - Started process (PID=62915) to work on /opt/airflow/dags/isr_pipeline.py
[2026-04-06T04:31:16.417+0000] {processor.py:830} INFO - Processing file /opt/airflow/dags/isr_pipeline.py for tasks to queue
[2026-04-06T04:31:16.425+0000] {logging_mixin.py:188} INFO - [2026-04-06T04:31:16.423+0000] {dagbag.py:540} INFO - Filling up the DagBag from /opt/airflow/dags/isr_pipeline.py
[2026-04-06T04:31:16.532+0000] {processor.py:840} INFO - DAG(s) 'isr_pipeline' retrieved from /opt/airflow/dags/isr_pipeline.py
[2026-04-06T04:31:16.723+0000] {logging_mixin.py:188} INFO - [2026-04-06T04:31:16.722+0000] {dag.py:3096} INFO - Sync 1 DAGs
[2026-04-06T04:31:16.942+0000] {processor.py:183} INFO - Processing /opt/airflow/dags/isr_pipeline.py took 0.579 seconds
[2026-04-06T04:31:47.463+0000] {processor.py:161} INFO - Started process (PID=62920) to work on /opt/airflow/dags/isr_pipeline.py
[2026-04-06T04:31:47.470+0000] {processor.py:830} INFO - Processing file /opt/airflow/dags/isr_pipeline.py for tasks to queue
[2026-04-06T04:31:47.477+0000] {logging_mixin.py:188} INFO - [2026-04-06T04:31:47.475+0000] {dagbag.py:540} INFO - Filling up the DagBag from /opt/airflow/dags/isr_pipeline.py
[2026-04-06T04:31:47.572+0000] {processor.py:840} INFO - DAG(s) 'isr_pipeline' retrieved from /opt/airflow/dags/isr_pipeline.py
[2026-04-06T04:31:47.757+0000] {logging_mixin.py:188} INFO - [2026-04-06T04:31:47.756+0000] {dag.py:3096} INFO - Sync 1 DAGs
[2026-04-06T04:31:47.960+0000] {processor.py:183} INFO - Processing /opt/airflow/dags/isr_pipeline.py took 0.535 seconds
[2026-04-06T05:02:01.371+0000] {processor.py:161} INFO - Started process (PID=62925) to work on /opt/airflow/dags/isr_pipeline.py
[2026-04-06T05:02:01.373+0000] {processor.py:830} INFO - Processing file /opt/airflow/dags/isr_pipeline.py for tasks to queue
[2026-04-06T05:02:01.375+0000] {logging_mixin.py:188} INFO - [2026-04-06T05:02:01.374+0000] {dagbag.py:540} INFO - Filling up the DagBag from /opt/airflow/dags/isr_pipeline.py
[2026-04-06T05:02:01.400+0000] {processor.py:840} INFO - DAG(s) 'isr_pipeline' retrieved from /opt/airflow/dags/isr_pipeline.py
[2026-04-06T05:02:01.448+0000] {logging_mixin.py:188} INFO - [2026-04-06T05:02:01.448+0000] {dag.py:3096} INFO - Sync 1 DAGs
[2026-04-06T05:02:01.625+0000] {processor.py:183} INFO - Processing /opt/airflow/dags/isr_pipeline.py took 0.262 seconds
[2026-04-06T05:02:32.063+0000] {processor.py:161} INFO - Started process (PID=62930) to work on /opt/airflow/dags/isr_pipeline.py
[2026-04-06T05:02:32.071+0000] {processor.py:830} INFO - Processing file /opt/airflow/dags/isr_pipeline.py for tasks to queue
[2026-04-06T05:02:32.078+0000] {logging_mixin.py:188} INFO - [2026-04-06T05:02:32.077+0000] {dagbag.py:540} INFO - Filling up the DagBag from /opt/airflow/dags/isr_pipeline.py
[2026-04-06T05:02:32.167+0000] {processor.py:840} INFO - DAG(s) 'isr_pipeline' retrieved from /opt/airflow/dags/isr_pipeline.py
[2026-04-06T05:02:32.345+0000] {logging_mixin.py:188} INFO - [2026-04-06T05:02:32.344+0000] {dag.py:3096} INFO - Sync 1 DAGs
[2026-04-06T05:02:32.543+0000] {processor.py:183} INFO - Processing /opt/airflow/dags/isr_pipeline.py took 0.519 seconds
[2026-04-06T05:19:14.362+0000] {processor.py:161} INFO - Started process (PID=62936) to work on /opt/airflow/dags/isr_pipeline.py
[2026-04-06T05:19:14.363+0000] {processor.py:830} INFO - Processing file /opt/airflow/dags/isr_pipeline.py for tasks to queue
[2026-04-06T05:19:14.365+0000] {logging_mixin.py:188} INFO - [2026-04-06T05:19:14.364+0000] {dagbag.py:540} INFO - Filling up the DagBag from /opt/airflow/dags/isr_pipeline.py
[2026-04-06T05:19:14.390+0000] {processor.py:840} INFO - DAG(s) 'isr_pipeline' retrieved from /opt/airflow/dags/isr_pipeline.py
[2026-04-06T05:19:14.428+0000] {logging_mixin.py:188} INFO - [2026-04-06T05:19:14.428+0000] {dag.py:3096} INFO - Sync 1 DAGs
[2026-04-06T05:19:14.605+0000] {processor.py:183} INFO - Processing /opt/airflow/dags/isr_pipeline.py took 0.255 seconds
[2026-04-06T05:19:44.888+0000] {processor.py:161} INFO - Started process (PID=62942) to work on /opt/airflow/dags/isr_pipeline.py
[2026-04-06T05:19:44.898+0000] {processor.py:830} INFO - Processing file /opt/airflow/dags/isr_pipeline.py for tasks to queue
[2026-04-06T05:19:44.905+0000] {logging_mixin.py:188} INFO - [2026-04-06T05:19:44.903+0000] {dagbag.py:540} INFO - Filling up the DagBag from /opt/airflow/dags/isr_pipeline.py
[2026-04-06T05:19:44.996+0000] {processor.py:840} INFO - DAG(s) 'isr_pipeline' retrieved from /opt/airflow/dags/isr_pipeline.py
[2026-04-06T05:19:45.177+0000] {logging_mixin.py:188} INFO - [2026-04-06T05:19:45.176+0000] {dag.py:3096} INFO - Sync 1 DAGs
[2026-04-06T05:19:45.403+0000] {processor.py:183} INFO - Processing /opt/airflow/dags/isr_pipeline.py took 0.552 seconds
[2026-04-06T05:20:15.967+0000] {processor.py:161} INFO - Started process (PID=62947) to work on /opt/airflow/dags/isr_pipeline.py
[2026-04-06T05:20:15.974+0000] {processor.py:830} INFO - Processing file /opt/airflow/dags/isr_pipeline.py for tasks to queue
[2026-04-06T05:20:15.981+0000] {logging_mixin.py:188} INFO - [2026-04-06T05:20:15.980+0000] {dagbag.py:540} INFO - Filling up the DagBag from /opt/airflow/dags/isr_pipeline.py
[2026-04-06T05:20:16.072+0000] {processor.py:840} INFO - DAG(s) 'isr_pipeline' retrieved from /opt/airflow/dags/isr_pipeline.py
[2026-04-06T05:20:16.266+0000] {logging_mixin.py:188} INFO - [2026-04-06T05:20:16.264+0000] {dag.py:3096} INFO - Sync 1 DAGs
[2026-04-06T05:20:16.504+0000] {processor.py:183} INFO - Processing /opt/airflow/dags/isr_pipeline.py took 0.575 seconds
[2026-04-06T05:20:47.032+0000] {processor.py:161} INFO - Started process (PID=62952) to work on /opt/airflow/dags/isr_pipeline.py
[2026-04-06T05:20:47.039+0000] {processor.py:830} INFO - Processing file /opt/airflow/dags/isr_pipeline.py for tasks to queue
[2026-04-06T05:20:47.045+0000] {logging_mixin.py:188} INFO - [2026-04-06T05:20:47.044+0000] {dagbag.py:540} INFO - Filling up the DagBag from /opt/airflow/dags/isr_pipeline.py
[2026-04-06T05:20:47.143+0000] {processor.py:840} INFO - DAG(s) 'isr_pipeline' retrieved from /opt/airflow/dags/isr_pipeline.py
[2026-04-06T05:20:47.344+0000] {logging_mixin.py:188} INFO - [2026-04-06T05:20:47.343+0000] {dag.py:3096} INFO - Sync 1 DAGs
[2026-04-06T05:20:47.562+0000] {processor.py:183} INFO - Processing /opt/airflow/dags/isr_pipeline.py took 0.568 seconds
[2026-04-06T05:21:18.031+0000] {processor.py:161} INFO - Started process (PID=62957) to work on /opt/airflow/dags/isr_pipeline.py
[2026-04-06T05:21:18.037+0000] {processor.py:830} INFO - Processing file /opt/airflow/dags/isr_pipeline.py for tasks to queue
[2026-04-06T05:21:18.044+0000] {logging_mixin.py:188} INFO - [2026-04-06T05:21:18.043+0000] {dagbag.py:540} INFO - Filling up the DagBag from /opt/airflow/dags/isr_pipeline.py
[2026-04-06T05:21:18.141+0000] {processor.py:840} INFO - DAG(s) 'isr_pipeline' retrieved from /opt/airflow/dags/isr_pipeline.py
[2026-04-06T05:21:18.332+0000] {logging_mixin.py:188} INFO - [2026-04-06T05:21:18.331+0000] {dag.py:3096} INFO - Sync 1 DAGs
[2026-04-06T05:21:18.556+0000] {processor.py:183} INFO - Processing /opt/airflow/dags/isr_pipeline.py took 0.564 seconds
[2026-04-06T05:21:49.142+0000] {processor.py:161} INFO - Started process (PID=62962) to work on /opt/airflow/dags/isr_pipeline.py
[2026-04-06T05:21:49.149+0000] {processor.py:830} INFO - Processing file /opt/airflow/dags/isr_pipeline.py for tasks to queue
[2026-04-06T05:21:49.157+0000] {logging_mixin.py:188} INFO - [2026-04-06T05:21:49.154+0000] {dagbag.py:540} INFO - Filling up the DagBag from /opt/airflow/dags/isr_pipeline.py
[2026-04-06T05:21:49.260+0000] {processor.py:840} INFO - DAG(s) 'isr_pipeline' retrieved from /opt/airflow/dags/isr_pipeline.py
[2026-04-06T05:21:49.477+0000] {logging_mixin.py:188} INFO - [2026-04-06T05:21:49.476+0000] {dag.py:3096} INFO - Sync 1 DAGs
[2026-04-06T05:21:49.700+0000] {processor.py:183} INFO - Processing /opt/airflow/dags/isr_pipeline.py took 0.597 seconds
[2026-04-06T05:22:20.219+0000] {processor.py:161} INFO - Started process (PID=62967) to work on /opt/airflow/dags/isr_pipeline.py
[2026-04-06T05:22:20.226+0000] {processor.py:830} INFO - Processing file /opt/airflow/dags/isr_pipeline.py for tasks to queue
[2026-04-06T05:22:20.238+0000] {logging_mixin.py:188} INFO - [2026-04-06T05:22:20.236+0000] {dagbag.py:540} INFO - Filling up the DagBag from /opt/airflow/dags/isr_pipeline.py
[2026-04-06T05:22:20.338+0000] {processor.py:840} INFO - DAG(s) 'isr_pipeline' retrieved from /opt/airflow/dags/isr_pipeline.py
[2026-04-06T05:22:20.540+0000] {logging_mixin.py:188} INFO - [2026-04-06T05:22:20.539+0000] {dag.py:3096} INFO - Sync 1 DAGs
[2026-04-06T05:22:20.748+0000] {processor.py:183} INFO - Processing /opt/airflow/dags/isr_pipeline.py took 0.568 seconds
[2026-04-06T05:22:51.130+0000] {processor.py:161} INFO - Started process (PID=62972) to work on /opt/airflow/dags/isr_pipeline.py
[2026-04-06T05:22:51.138+0000] {processor.py:830} INFO - Processing file /opt/airflow/dags/isr_pipeline.py for tasks to queue
[2026-04-06T05:22:51.146+0000] {logging_mixin.py:188} INFO - [2026-04-06T05:22:51.144+0000] {dagbag.py:540} INFO - Filling up the DagBag from /opt/airflow/dags/isr_pipeline.py
[2026-04-06T05:22:51.273+0000] {processor.py:840} INFO - DAG(s) 'isr_pipeline' retrieved from /opt/airflow/dags/isr_pipeline.py
[2026-04-06T05:22:51.521+0000] {logging_mixin.py:188} INFO - [2026-04-06T05:22:51.520+0000] {dag.py:3096} INFO - Sync 1 DAGs
[2026-04-06T05:22:51.765+0000] {processor.py:183} INFO - Processing /opt/airflow/dags/isr_pipeline.py took 0.676 seconds
[2026-04-06T05:23:22.296+0000] {processor.py:161} INFO - Started process (PID=62977) to work on /opt/airflow/dags/isr_pipeline.py
[2026-04-06T05:23:22.309+0000] {processor.py:830} INFO - Processing file /opt/airflow/dags/isr_pipeline.py for tasks to queue
[2026-04-06T05:23:22.320+0000] {logging_mixin.py:188} INFO - [2026-04-06T05:23:22.318+0000] {dagbag.py:540} INFO - Filling up the DagBag from /opt/airflow/dags/isr_pipeline.py
[2026-04-06T05:23:22.432+0000] {processor.py:840} INFO - DAG(s) 'isr_pipeline' retrieved from /opt/airflow/dags/isr_pipeline.py
[2026-04-06T05:23:22.620+0000] {logging_mixin.py:188} INFO - [2026-04-06T05:23:22.619+0000] {dag.py:3096} INFO - Sync 1 DAGs
[2026-04-06T05:23:22.826+0000] {processor.py:183} INFO - Processing /opt/airflow/dags/isr_pipeline.py took 0.572 seconds
[2026-04-06T05:23:53.338+0000] {processor.py:161} INFO - Started process (PID=62982) to work on /opt/airflow/dags/isr_pipeline.py
[2026-04-06T05:23:53.351+0000] {processor.py:830} INFO - Processing file /opt/airflow/dags/isr_pipeline.py for tasks to queue
[2026-04-06T05:23:53.376+0000] {logging_mixin.py:188} INFO - [2026-04-06T05:23:53.370+0000] {dagbag.py:540} INFO - Filling up the DagBag from /opt/airflow/dags/isr_pipeline.py
[2026-04-06T05:23:53.473+0000] {processor.py:840} INFO - DAG(s) 'isr_pipeline' retrieved from /opt/airflow/dags/isr_pipeline.py
[2026-04-06T05:23:53.659+0000] {logging_mixin.py:188} INFO - [2026-04-06T05:23:53.657+0000] {dag.py:3096} INFO - Sync 1 DAGs
[2026-04-06T05:23:53.860+0000] {processor.py:183} INFO - Processing /opt/airflow/dags/isr_pipeline.py took 0.567 seconds
[2026-04-06T05:24:24.318+0000] {processor.py:161} INFO - Started process (PID=62987) to work on /opt/airflow/dags/isr_pipeline.py
[2026-04-06T05:24:24.326+0000] {processor.py:830} INFO - Processing file /opt/airflow/dags/isr_pipeline.py for tasks to queue
[2026-04-06T05:24:24.333+0000] {logging_mixin.py:188} INFO - [2026-04-06T05:24:24.331+0000] {dagbag.py:540} INFO - Filling up the DagBag from /opt/airflow/dags/isr_pipeline.py
[2026-04-06T05:24:24.428+0000] {processor.py:840} INFO - DAG(s) 'isr_pipeline' retrieved from /opt/airflow/dags/isr_pipeline.py
[2026-04-06T05:24:24.619+0000] {logging_mixin.py:188} INFO - [2026-04-06T05:24:24.618+0000] {dag.py:3096} INFO - Sync 1 DAGs
[2026-04-06T05:24:24.830+0000] {processor.py:183} INFO - Processing /opt/airflow/dags/isr_pipeline.py took 0.558 seconds
[2026-04-06T05:24:55.527+0000] {processor.py:161} INFO - Started process (PID=62992) to work on /opt/airflow/dags/isr_pipeline.py
[2026-04-06T05:24:55.538+0000] {processor.py:830} INFO - Processing file /opt/airflow/dags/isr_pipeline.py for tasks to queue
[2026-04-06T05:24:55.557+0000] {logging_mixin.py:188} INFO - [2026-04-06T05:24:55.550+0000] {dagbag.py:540} INFO - Filling up the DagBag from /opt/airflow/dags/isr_pipeline.py
[2026-04-06T05:24:55.660+0000] {processor.py:840} INFO - DAG(s) 'isr_pipeline' retrieved from /opt/airflow/dags/isr_pipeline.py
[2026-04-06T05:24:55.846+0000] {logging_mixin.py:188} INFO - [2026-04-06T05:24:55.845+0000] {dag.py:3096} INFO - Sync 1 DAGs
[2026-04-06T05:24:56.079+0000] {processor.py:183} INFO - Processing /opt/airflow/dags/isr_pipeline.py took 0.606 seconds
[2026-04-06T05:25:26.618+0000] {processor.py:161} INFO - Started process (PID=62997) to work on /opt/airflow/dags/isr_pipeline.py
[2026-04-06T05:25:26.626+0000] {processor.py:830} INFO - Processing file /opt/airflow/dags/isr_pipeline.py for tasks to queue
[2026-04-06T05:25:26.632+0000] {logging_mixin.py:188} INFO - [2026-04-06T05:25:26.631+0000] {dagbag.py:540} INFO - Filling up the DagBag from /opt/airflow/dags/isr_pipeline.py
[2026-04-06T05:25:26.724+0000] {processor.py:840} INFO - DAG(s) 'isr_pipeline' retrieved from /opt/airflow/dags/isr_pipeline.py
[2026-04-06T05:25:26.907+0000] {logging_mixin.py:188} INFO - [2026-04-06T05:25:26.906+0000] {dag.py:3096} INFO - Sync 1 DAGs
[2026-04-06T05:25:27.110+0000] {processor.py:183} INFO - Processing /opt/airflow/dags/isr_pipeline.py took 0.531 seconds
[2026-04-06T05:25:57.470+0000] {processor.py:161} INFO - Started process (PID=63002) to work on /opt/airflow/dags/isr_pipeline.py
[2026-04-06T05:25:57.478+0000] {processor.py:830} INFO - Processing file /opt/airflow/dags/isr_pipeline.py for tasks to queue
[2026-04-06T05:25:57.486+0000] {logging_mixin.py:188} INFO - [2026-04-06T05:25:57.484+0000] {dagbag.py:540} INFO - Filling up the DagBag from /opt/airflow/dags/isr_pipeline.py
[2026-04-06T05:25:57.586+0000] {processor.py:840} INFO - DAG(s) 'isr_pipeline' retrieved from /opt/airflow/dags/isr_pipeline.py
[2026-04-06T05:25:57.763+0000] {logging_mixin.py:188} INFO - [2026-04-06T05:25:57.762+0000] {dag.py:3096} INFO - Sync 1 DAGs
[2026-04-06T05:25:57.967+0000] {processor.py:183} INFO - Processing /opt/airflow/dags/isr_pipeline.py took 0.547 seconds
[2026-04-06T05:26:28.483+0000] {processor.py:161} INFO - Started process (PID=63007) to work on /opt/airflow/dags/isr_pipeline.py
[2026-04-06T05:26:28.490+0000] {processor.py:830} INFO - Processing file /opt/airflow/dags/isr_pipeline.py for tasks to queue
[2026-04-06T05:26:28.497+0000] {logging_mixin.py:188} INFO - [2026-04-06T05:26:28.495+0000] {dagbag.py:540} INFO - Filling up the DagBag from /opt/airflow/dags/isr_pipeline.py
[2026-04-06T05:26:28.590+0000] {processor.py:840} INFO - DAG(s) 'isr_pipeline' retrieved from /opt/airflow/dags/isr_pipeline.py
[2026-04-06T05:26:28.772+0000] {logging_mixin.py:188} INFO - [2026-04-06T05:26:28.770+0000] {dag.py:3096} INFO - Sync 1 DAGs
[2026-04-06T05:26:28.982+0000] {processor.py:183} INFO - Processing /opt/airflow/dags/isr_pipeline.py took 0.538 seconds
[2026-04-06T05:26:59.340+0000] {processor.py:161} INFO - Started process (PID=63012) to work on /opt/airflow/dags/isr_pipeline.py
[2026-04-06T05:26:59.352+0000] {processor.py:830} INFO - Processing file /opt/airflow/dags/isr_pipeline.py for tasks to queue
[2026-04-06T05:26:59.369+0000] {logging_mixin.py:188} INFO - [2026-04-06T05:26:59.366+0000] {dagbag.py:540} INFO - Filling up the DagBag from /opt/airflow/dags/isr_pipeline.py
[2026-04-06T05:26:59.473+0000] {processor.py:840} INFO - DAG(s) 'isr_pipeline' retrieved from /opt/airflow/dags/isr_pipeline.py
[2026-04-06T05:26:59.693+0000] {logging_mixin.py:188} INFO - [2026-04-06T05:26:59.692+0000] {dag.py:3096} INFO - Sync 1 DAGs
[2026-04-06T05:26:59.897+0000] {processor.py:183} INFO - Processing /opt/airflow/dags/isr_pipeline.py took 0.606 seconds
[2026-04-06T05:27:30.395+0000] {processor.py:161} INFO - Started process (PID=63017) to work on /opt/airflow/dags/isr_pipeline.py
[2026-04-06T05:27:30.402+0000] {processor.py:830} INFO - Processing file /opt/airflow/dags/isr_pipeline.py for tasks to queue
[2026-04-06T05:27:30.409+0000] {logging_mixin.py:188} INFO - [2026-04-06T05:27:30.407+0000] {dagbag.py:540} INFO - Filling up the DagBag from /opt/airflow/dags/isr_pipeline.py
[2026-04-06T05:27:30.507+0000] {processor.py:840} INFO - DAG(s) 'isr_pipeline' retrieved from /opt/airflow/dags/isr_pipeline.py
[2026-04-06T05:27:30.689+0000] {logging_mixin.py:188} INFO - [2026-04-06T05:27:30.687+0000] {dag.py:3096} INFO - Sync 1 DAGs
[2026-04-06T05:27:30.894+0000] {processor.py:183} INFO - Processing /opt/airflow/dags/isr_pipeline.py took 0.539 seconds
[2026-04-06T05:28:01.167+0000] {processor.py:161} INFO - Started process (PID=63022) to work on /opt/airflow/dags/isr_pipeline.py
[2026-04-06T05:28:01.174+0000] {processor.py:830} INFO - Processing file /opt/airflow/dags/isr_pipeline.py for tasks to queue
[2026-04-06T05:28:01.184+0000] {logging_mixin.py:188} INFO - [2026-04-06T05:28:01.181+0000] {dagbag.py:540} INFO - Filling up the DagBag from /opt/airflow/dags/isr_pipeline.py
[2026-04-06T05:28:01.301+0000] {processor.py:840} INFO - DAG(s) 'isr_pipeline' retrieved from /opt/airflow/dags/isr_pipeline.py
[2026-04-06T05:28:01.487+0000] {logging_mixin.py:188} INFO - [2026-04-06T05:28:01.485+0000] {dag.py:3096} INFO - Sync 1 DAGs
[2026-04-06T05:28:01.694+0000] {processor.py:183} INFO - Processing /opt/airflow/dags/isr_pipeline.py took 0.565 seconds
[2026-04-06T05:28:32.213+0000] {processor.py:161} INFO - Started process (PID=63027) to work on /opt/airflow/dags/isr_pipeline.py
[2026-04-06T05:28:32.223+0000] {processor.py:830} INFO - Processing file /opt/airflow/dags/isr_pipeline.py for tasks to queue
[2026-04-06T05:28:32.236+0000] {logging_mixin.py:188} INFO - [2026-04-06T05:28:32.234+0000] {dagbag.py:540} INFO - Filling up the DagBag from /opt/airflow/dags/isr_pipeline.py
[2026-04-06T05:28:32.337+0000] {processor.py:840} INFO - DAG(s) 'isr_pipeline' retrieved from /opt/airflow/dags/isr_pipeline.py
[2026-04-06T05:28:32.542+0000] {logging_mixin.py:188} INFO - [2026-04-06T05:28:32.541+0000] {dag.py:3096} INFO - Sync 1 DAGs
[2026-04-06T05:28:32.757+0000] {processor.py:183} INFO - Processing /opt/airflow/dags/isr_pipeline.py took 0.585 seconds
[2026-04-06T05:29:03.052+0000] {processor.py:161} INFO - Started process (PID=63032) to work on /opt/airflow/dags/isr_pipeline.py
[2026-04-06T05:29:03.061+0000] {processor.py:830} INFO - Processing file /opt/airflow/dags/isr_pipeline.py for tasks to queue
[2026-04-06T05:29:03.079+0000] {logging_mixin.py:188} INFO - [2026-04-06T05:29:03.077+0000] {dagbag.py:540} INFO - Filling up the DagBag from /opt/airflow/dags/isr_pipeline.py
[2026-04-06T05:29:03.172+0000] {processor.py:840} INFO - DAG(s) 'isr_pipeline' retrieved from /opt/airflow/dags/isr_pipeline.py
[2026-04-06T05:29:03.352+0000] {logging_mixin.py:188} INFO - [2026-04-06T05:29:03.351+0000] {dag.py:3096} INFO - Sync 1 DAGs
[2026-04-06T05:29:03.566+0000] {processor.py:183} INFO - Processing /opt/airflow/dags/isr_pipeline.py took 0.553 seconds
[2026-04-06T05:29:34.062+0000] {processor.py:161} INFO - Started process (PID=63037) to work on /opt/airflow/dags/isr_pipeline.py
[2026-04-06T05:29:34.070+0000] {processor.py:830} INFO - Processing file /opt/airflow/dags/isr_pipeline.py for tasks to queue
[2026-04-06T05:29:34.077+0000] {logging_mixin.py:188} INFO - [2026-04-06T05:29:34.075+0000] {dagbag.py:540} INFO - Filling up the DagBag from /opt/airflow/dags/isr_pipeline.py
[2026-04-06T05:29:34.180+0000] {processor.py:840} INFO - DAG(s) 'isr_pipeline' retrieved from /opt/airflow/dags/isr_pipeline.py
[2026-04-06T05:29:34.370+0000] {logging_mixin.py:188} INFO - [2026-04-06T05:29:34.369+0000] {dag.py:3096} INFO - Sync 1 DAGs
[2026-04-06T05:29:34.589+0000] {processor.py:183} INFO - Processing /opt/airflow/dags/isr_pipeline.py took 0.566 seconds
[2026-04-06T05:30:04.986+0000] {processor.py:161} INFO - Started process (PID=63042) to work on /opt/airflow/dags/isr_pipeline.py
[2026-04-06T05:30:04.995+0000] {processor.py:830} INFO - Processing file /opt/airflow/dags/isr_pipeline.py for tasks to queue
[2026-04-06T05:30:05.012+0000] {logging_mixin.py:188} INFO - [2026-04-06T05:30:05.007+0000] {dagbag.py:540} INFO - Filling up the DagBag from /opt/airflow/dags/isr_pipeline.py
[2026-04-06T05:30:05.113+0000] {processor.py:840} INFO - DAG(s) 'isr_pipeline' retrieved from /opt/airflow/dags/isr_pipeline.py
[2026-04-06T05:30:05.296+0000] {logging_mixin.py:188} INFO - [2026-04-06T05:30:05.295+0000] {dag.py:3096} INFO - Sync 1 DAGs
[2026-04-06T05:30:05.507+0000] {processor.py:183} INFO - Processing /opt/airflow/dags/isr_pipeline.py took 0.565 seconds
[2026-04-06T05:30:36.070+0000] {processor.py:161} INFO - Started process (PID=63047) to work on /opt/airflow/dags/isr_pipeline.py
[2026-04-06T05:30:36.078+0000] {processor.py:830} INFO - Processing file /opt/airflow/dags/isr_pipeline.py for tasks to queue
[2026-04-06T05:30:36.090+0000] {logging_mixin.py:188} INFO - [2026-04-06T05:30:36.085+0000] {dagbag.py:540} INFO - Filling up the DagBag from /opt/airflow/dags/isr_pipeline.py
[2026-04-06T05:30:36.195+0000] {processor.py:840} INFO - DAG(s) 'isr_pipeline' retrieved from /opt/airflow/dags/isr_pipeline.py
[2026-04-06T05:30:36.383+0000] {logging_mixin.py:188} INFO - [2026-04-06T05:30:36.382+0000] {dag.py:3096} INFO - Sync 1 DAGs
[2026-04-06T05:30:36.594+0000] {processor.py:183} INFO - Processing /opt/airflow/dags/isr_pipeline.py took 0.568 seconds
[2026-04-06T05:31:07.097+0000] {processor.py:161} INFO - Started process (PID=63052) to work on /opt/airflow/dags/isr_pipeline.py
[2026-04-06T05:31:07.104+0000] {processor.py:830} INFO - Processing file /opt/airflow/dags/isr_pipeline.py for tasks to queue
[2026-04-06T05:31:07.111+0000] {logging_mixin.py:188} INFO - [2026-04-06T05:31:07.109+0000] {dagbag.py:540} INFO - Filling up the DagBag from /opt/airflow/dags/isr_pipeline.py
[2026-04-06T05:31:07.198+0000] {processor.py:840} INFO - DAG(s) 'isr_pipeline' retrieved from /opt/airflow/dags/isr_pipeline.py
[2026-04-06T05:31:07.387+0000] {logging_mixin.py:188} INFO - [2026-04-06T05:31:07.386+0000] {dag.py:3096} INFO - Sync 1 DAGs
[2026-04-06T05:31:07.603+0000] {processor.py:183} INFO - Processing /opt/airflow/dags/isr_pipeline.py took 0.543 seconds
[2026-04-06T05:31:38.028+0000] {processor.py:161} INFO - Started process (PID=63057) to work on /opt/airflow/dags/isr_pipeline.py
[2026-04-06T05:31:38.035+0000] {processor.py:830} INFO - Processing file /opt/airflow/dags/isr_pipeline.py for tasks to queue
[2026-04-06T05:31:38.044+0000] {logging_mixin.py:188} INFO - [2026-04-06T05:31:38.042+0000] {dagbag.py:540} INFO - Filling up the DagBag from /opt/airflow/dags/isr_pipeline.py
[2026-04-06T05:31:38.149+0000] {processor.py:840} INFO - DAG(s) 'isr_pipeline' retrieved from /opt/airflow/dags/isr_pipeline.py
[2026-04-06T05:31:38.364+0000] {logging_mixin.py:188} INFO - [2026-04-06T05:31:38.362+0000] {dag.py:3096} INFO - Sync 1 DAGs
[2026-04-06T05:31:38.588+0000] {processor.py:183} INFO - Processing /opt/airflow/dags/isr_pipeline.py took 0.609 seconds
[2026-04-06T05:32:09.321+0000] {processor.py:161} INFO - Started process (PID=63062) to work on /opt/airflow/dags/isr_pipeline.py
[2026-04-06T05:32:09.329+0000] {processor.py:830} INFO - Processing file /opt/airflow/dags/isr_pipeline.py for tasks to queue
[2026-04-06T05:32:09.336+0000] {logging_mixin.py:188} INFO - [2026-04-06T05:32:09.334+0000] {dagbag.py:540} INFO - Filling up the DagBag from /opt/airflow/dags/isr_pipeline.py
[2026-04-06T05:32:09.436+0000] {processor.py:840} INFO - DAG(s) 'isr_pipeline' retrieved from /opt/airflow/dags/isr_pipeline.py
[2026-04-06T05:32:09.718+0000] {logging_mixin.py:188} INFO - [2026-04-06T05:32:09.716+0000] {dag.py:3096} INFO - Sync 1 DAGs
[2026-04-06T05:32:09.925+0000] {processor.py:183} INFO - Processing /opt/airflow/dags/isr_pipeline.py took 0.647 seconds
[2026-04-06T05:32:40.454+0000] {processor.py:161} INFO - Started process (PID=63067) to work on /opt/airflow/dags/isr_pipeline.py
[2026-04-06T05:32:40.462+0000] {processor.py:830} INFO - Processing file /opt/airflow/dags/isr_pipeline.py for tasks to queue
[2026-04-06T05:32:40.477+0000] {logging_mixin.py:188} INFO - [2026-04-06T05:32:40.472+0000] {dagbag.py:540} INFO - Filling up the DagBag from /opt/airflow/dags/isr_pipeline.py
[2026-04-06T05:32:40.579+0000] {processor.py:840} INFO - DAG(s) 'isr_pipeline' retrieved from /opt/airflow/dags/isr_pipeline.py
[2026-04-06T05:32:40.758+0000] {logging_mixin.py:188} INFO - [2026-04-06T05:32:40.756+0000] {dag.py:3096} INFO - Sync 1 DAGs
[2026-04-06T05:32:40.964+0000] {processor.py:183} INFO - Processing /opt/airflow/dags/isr_pipeline.py took 0.549 seconds
[2026-04-06T05:33:11.477+0000] {processor.py:161} INFO - Started process (PID=63072) to work on /opt/airflow/dags/isr_pipeline.py
[2026-04-06T05:33:11.488+0000] {processor.py:830} INFO - Processing file /opt/airflow/dags/isr_pipeline.py for tasks to queue
[2026-04-06T05:33:11.500+0000] {logging_mixin.py:188} INFO - [2026-04-06T05:33:11.498+0000] {dagbag.py:540} INFO - Filling up the DagBag from /opt/airflow/dags/isr_pipeline.py
[2026-04-06T05:33:11.595+0000] {processor.py:840} INFO - DAG(s) 'isr_pipeline' retrieved from /opt/airflow/dags/isr_pipeline.py
[2026-04-06T05:33:11.796+0000] {logging_mixin.py:188} INFO - [2026-04-06T05:33:11.795+0000] {dag.py:3096} INFO - Sync 1 DAGs
[2026-04-06T05:33:12.008+0000] {processor.py:183} INFO - Processing /opt/airflow/dags/isr_pipeline.py took 0.571 seconds
[2026-04-06T05:33:42.321+0000] {processor.py:161} INFO - Started process (PID=63077) to work on /opt/airflow/dags/isr_pipeline.py
[2026-04-06T05:33:42.328+0000] {processor.py:830} INFO - Processing file /opt/airflow/dags/isr_pipeline.py for tasks to queue
[2026-04-06T05:33:42.335+0000] {logging_mixin.py:188} INFO - [2026-04-06T05:33:42.333+0000] {dagbag.py:540} INFO - Filling up the DagBag from /opt/airflow/dags/isr_pipeline.py
[2026-04-06T05:33:42.426+0000] {processor.py:840} INFO - DAG(s) 'isr_pipeline' retrieved from /opt/airflow/dags/isr_pipeline.py
[2026-04-06T05:33:42.604+0000] {logging_mixin.py:188} INFO - [2026-04-06T05:33:42.603+0000] {dag.py:3096} INFO - Sync 1 DAGs
[2026-04-06T05:33:42.812+0000] {processor.py:183} INFO - Processing /opt/airflow/dags/isr_pipeline.py took 0.529 seconds
[2026-04-06T05:34:13.309+0000] {processor.py:161} INFO - Started process (PID=63082) to work on /opt/airflow/dags/isr_pipeline.py
[2026-04-06T05:34:13.317+0000] {processor.py:830} INFO - Processing file /opt/airflow/dags/isr_pipeline.py for tasks to queue
[2026-04-06T05:34:13.324+0000] {logging_mixin.py:188} INFO - [2026-04-06T05:34:13.322+0000] {dagbag.py:540} INFO - Filling up the DagBag from /opt/airflow/dags/isr_pipeline.py
[2026-04-06T05:34:13.422+0000] {processor.py:840} INFO - DAG(s) 'isr_pipeline' retrieved from /opt/airflow/dags/isr_pipeline.py
[2026-04-06T05:34:13.622+0000] {logging_mixin.py:188} INFO - [2026-04-06T05:34:13.621+0000] {dag.py:3096} INFO - Sync 1 DAGs
[2026-04-06T05:34:13.844+0000] {processor.py:183} INFO - Processing /opt/airflow/dags/isr_pipeline.py took 0.597 seconds
[2026-04-06T05:34:44.259+0000] {processor.py:161} INFO - Started process (PID=63087) to work on /opt/airflow/dags/isr_pipeline.py
[2026-04-06T05:34:44.267+0000] {processor.py:830} INFO - Processing file /opt/airflow/dags/isr_pipeline.py for tasks to queue
[2026-04-06T05:34:44.274+0000] {logging_mixin.py:188} INFO - [2026-04-06T05:34:44.273+0000] {dagbag.py:540} INFO - Filling up the DagBag from /opt/airflow/dags/isr_pipeline.py
[2026-04-06T05:34:44.384+0000] {processor.py:840} INFO - DAG(s) 'isr_pipeline' retrieved from /opt/airflow/dags/isr_pipeline.py
[2026-04-06T05:34:44.572+0000] {logging_mixin.py:188} INFO - [2026-04-06T05:34:44.571+0000] {dag.py:3096} INFO - Sync 1 DAGs
[2026-04-06T05:34:44.788+0000] {processor.py:183} INFO - Processing /opt/airflow/dags/isr_pipeline.py took 0.566 seconds
[2026-04-06T05:35:15.374+0000] {processor.py:161} INFO - Started process (PID=63092) to work on /opt/airflow/dags/isr_pipeline.py
[2026-04-06T05:35:15.381+0000] {processor.py:830} INFO - Processing file /opt/airflow/dags/isr_pipeline.py for tasks to queue
[2026-04-06T05:35:15.391+0000] {logging_mixin.py:188} INFO - [2026-04-06T05:35:15.389+0000] {dagbag.py:540} INFO - Filling up the DagBag from /opt/airflow/dags/isr_pipeline.py
[2026-04-06T05:35:15.497+0000] {processor.py:840} INFO - DAG(s) 'isr_pipeline' retrieved from /opt/airflow/dags/isr_pipeline.py
[2026-04-06T05:35:15.693+0000] {logging_mixin.py:188} INFO - [2026-04-06T05:35:15.692+0000] {dag.py:3096} INFO - Sync 1 DAGs
[2026-04-06T05:35:15.891+0000] {processor.py:183} INFO - Processing /opt/airflow/dags/isr_pipeline.py took 0.556 seconds
[2026-04-06T06:03:03.211+0000] {processor.py:161} INFO - Started process (PID=63097) to work on /opt/airflow/dags/isr_pipeline.py
[2026-04-06T06:03:03.214+0000] {processor.py:830} INFO - Processing file /opt/airflow/dags/isr_pipeline.py for tasks to queue
[2026-04-06T06:03:03.218+0000] {logging_mixin.py:188} INFO - [2026-04-06T06:03:03.217+0000] {dagbag.py:540} INFO - Filling up the DagBag from /opt/airflow/dags/isr_pipeline.py
[2026-04-06T06:03:03.252+0000] {processor.py:840} INFO - DAG(s) 'isr_pipeline' retrieved from /opt/airflow/dags/isr_pipeline.py
[2026-04-06T06:03:03.307+0000] {logging_mixin.py:188} INFO - [2026-04-06T06:03:03.306+0000] {dag.py:3096} INFO - Sync 1 DAGs
[2026-04-06T06:03:03.434+0000] {processor.py:183} INFO - Processing /opt/airflow/dags/isr_pipeline.py took 0.235 seconds
[2026-04-06T06:03:33.577+0000] {processor.py:161} INFO - Started process (PID=63103) to work on /opt/airflow/dags/isr_pipeline.py
[2026-04-06T06:03:33.583+0000] {processor.py:830} INFO - Processing file /opt/airflow/dags/isr_pipeline.py for tasks to queue
[2026-04-06T06:03:33.590+0000] {logging_mixin.py:188} INFO - [2026-04-06T06:03:33.588+0000] {dagbag.py:540} INFO - Filling up the DagBag from /opt/airflow/dags/isr_pipeline.py
[2026-04-06T06:03:33.677+0000] {processor.py:840} INFO - DAG(s) 'isr_pipeline' retrieved from /opt/airflow/dags/isr_pipeline.py
[2026-04-06T06:03:33.865+0000] {logging_mixin.py:188} INFO - [2026-04-06T06:03:33.864+0000] {dag.py:3096} INFO - Sync 1 DAGs
[2026-04-06T06:03:34.064+0000] {processor.py:183} INFO - Processing /opt/airflow/dags/isr_pipeline.py took 0.523 seconds
[2026-04-06T06:20:53.138+0000] {processor.py:161} INFO - Started process (PID=63108) to work on /opt/airflow/dags/isr_pipeline.py
[2026-04-06T06:20:53.140+0000] {processor.py:830} INFO - Processing file /opt/airflow/dags/isr_pipeline.py for tasks to queue
[2026-04-06T06:20:53.142+0000] {logging_mixin.py:188} INFO - [2026-04-06T06:20:53.142+0000] {dagbag.py:540} INFO - Filling up the DagBag from /opt/airflow/dags/isr_pipeline.py
[2026-04-06T06:20:53.174+0000] {processor.py:840} INFO - DAG(s) 'isr_pipeline' retrieved from /opt/airflow/dags/isr_pipeline.py
[2026-04-06T06:20:53.222+0000] {logging_mixin.py:188} INFO - [2026-04-06T06:20:53.221+0000] {dag.py:3096} INFO - Sync 1 DAGs
[2026-04-06T06:20:53.402+0000] {processor.py:183} INFO - Processing /opt/airflow/dags/isr_pipeline.py took 0.276 seconds
[2026-04-06T06:21:23.782+0000] {processor.py:161} INFO - Started process (PID=63113) to work on /opt/airflow/dags/isr_pipeline.py
[2026-04-06T06:21:23.789+0000] {processor.py:830} INFO - Processing file /opt/airflow/dags/isr_pipeline.py for tasks to queue
[2026-04-06T06:21:23.795+0000] {logging_mixin.py:188} INFO - [2026-04-06T06:21:23.793+0000] {dagbag.py:540} INFO - Filling up the DagBag from /opt/airflow/dags/isr_pipeline.py
[2026-04-06T06:21:23.898+0000] {processor.py:840} INFO - DAG(s) 'isr_pipeline' retrieved from /opt/airflow/dags/isr_pipeline.py
[2026-04-06T06:21:24.092+0000] {logging_mixin.py:188} INFO - [2026-04-06T06:21:24.091+0000] {dag.py:3096} INFO - Sync 1 DAGs
[2026-04-06T06:21:24.306+0000] {processor.py:183} INFO - Processing /opt/airflow/dags/isr_pipeline.py took 0.562 seconds
[2026-04-06T06:21:54.859+0000] {processor.py:161} INFO - Started process (PID=63118) to work on /opt/airflow/dags/isr_pipeline.py
[2026-04-06T06:21:54.866+0000] {processor.py:830} INFO - Processing file /opt/airflow/dags/isr_pipeline.py for tasks to queue
[2026-04-06T06:21:54.875+0000] {logging_mixin.py:188} INFO - [2026-04-06T06:21:54.873+0000] {dagbag.py:540} INFO - Filling up the DagBag from /opt/airflow/dags/isr_pipeline.py
[2026-04-06T06:21:54.969+0000] {processor.py:840} INFO - DAG(s) 'isr_pipeline' retrieved from /opt/airflow/dags/isr_pipeline.py
[2026-04-06T06:21:55.173+0000] {logging_mixin.py:188} INFO - [2026-04-06T06:21:55.172+0000] {dag.py:3096} INFO - Sync 1 DAGs
[2026-04-06T06:21:55.377+0000] {processor.py:183} INFO - Processing /opt/airflow/dags/isr_pipeline.py took 0.558 seconds
[2026-04-06T06:22:25.874+0000] {processor.py:161} INFO - Started process (PID=63123) to work on /opt/airflow/dags/isr_pipeline.py
[2026-04-06T06:22:25.882+0000] {processor.py:830} INFO - Processing file /opt/airflow/dags/isr_pipeline.py for tasks to queue
[2026-04-06T06:22:25.889+0000] {logging_mixin.py:188} INFO - [2026-04-06T06:22:25.887+0000] {dagbag.py:540} INFO - Filling up the DagBag from /opt/airflow/dags/isr_pipeline.py
[2026-04-06T06:22:25.981+0000] {processor.py:840} INFO - DAG(s) 'isr_pipeline' retrieved from /opt/airflow/dags/isr_pipeline.py
[2026-04-06T06:22:26.170+0000] {logging_mixin.py:188} INFO - [2026-04-06T06:22:26.168+0000] {dag.py:3096} INFO - Sync 1 DAGs
[2026-04-06T06:22:26.389+0000] {processor.py:183} INFO - Processing /opt/airflow/dags/isr_pipeline.py took 0.553 seconds
[2026-04-06T06:22:56.893+0000] {processor.py:161} INFO - Started process (PID=63128) to work on /opt/airflow/dags/isr_pipeline.py
[2026-04-06T06:22:56.902+0000] {processor.py:830} INFO - Processing file /opt/airflow/dags/isr_pipeline.py for tasks to queue
[2026-04-06T06:22:56.909+0000] {logging_mixin.py:188} INFO - [2026-04-06T06:22:56.907+0000] {dagbag.py:540} INFO - Filling up the DagBag from /opt/airflow/dags/isr_pipeline.py
[2026-04-06T06:22:57.003+0000] {processor.py:840} INFO - DAG(s) 'isr_pipeline' retrieved from /opt/airflow/dags/isr_pipeline.py
[2026-04-06T06:22:57.188+0000] {logging_mixin.py:188} INFO - [2026-04-06T06:22:57.187+0000] {dag.py:3096} INFO - Sync 1 DAGs
[2026-04-06T06:22:57.408+0000] {processor.py:183} INFO - Processing /opt/airflow/dags/isr_pipeline.py took 0.550 seconds
[2026-04-06T06:23:28.118+0000] {processor.py:161} INFO - Started process (PID=63133) to work on /opt/airflow/dags/isr_pipeline.py
[2026-04-06T06:23:28.126+0000] {processor.py:830} INFO - Processing file /opt/airflow/dags/isr_pipeline.py for tasks to queue
[2026-04-06T06:23:28.138+0000] {logging_mixin.py:188} INFO - [2026-04-06T06:23:28.135+0000] {dagbag.py:540} INFO - Filling up the DagBag from /opt/airflow/dags/isr_pipeline.py
[2026-04-06T06:23:28.261+0000] {processor.py:840} INFO - DAG(s) 'isr_pipeline' retrieved from /opt/airflow/dags/isr_pipeline.py
[2026-04-06T06:23:28.488+0000] {logging_mixin.py:188} INFO - [2026-04-06T06:23:28.487+0000] {dag.py:3096} INFO - Sync 1 DAGs
[2026-04-06T06:23:28.735+0000] {processor.py:183} INFO - Processing /opt/airflow/dags/isr_pipeline.py took 0.672 seconds
[2026-04-06T06:23:59.478+0000] {processor.py:161} INFO - Started process (PID=63138) to work on /opt/airflow/dags/isr_pipeline.py
[2026-04-06T06:23:59.488+0000] {processor.py:830} INFO - Processing file /opt/airflow/dags/isr_pipeline.py for tasks to queue
[2026-04-06T06:23:59.500+0000] {logging_mixin.py:188} INFO - [2026-04-06T06:23:59.497+0000] {dagbag.py:540} INFO - Filling up the DagBag from /opt/airflow/dags/isr_pipeline.py
[2026-04-06T06:23:59.595+0000] {processor.py:840} INFO - DAG(s) 'isr_pipeline' retrieved from /opt/airflow/dags/isr_pipeline.py
[2026-04-06T06:23:59.781+0000] {logging_mixin.py:188} INFO - [2026-04-06T06:23:59.780+0000] {dag.py:3096} INFO - Sync 1 DAGs
[2026-04-06T06:23:59.995+0000] {processor.py:183} INFO - Processing /opt/airflow/dags/isr_pipeline.py took 0.559 seconds
[2026-04-06T06:24:30.572+0000] {processor.py:161} INFO - Started process (PID=63143) to work on /opt/airflow/dags/isr_pipeline.py
[2026-04-06T06:24:30.581+0000] {processor.py:830} INFO - Processing file /opt/airflow/dags/isr_pipeline.py for tasks to queue
[2026-04-06T06:24:30.591+0000] {logging_mixin.py:188} INFO - [2026-04-06T06:24:30.589+0000] {dagbag.py:540} INFO - Filling up the DagBag from /opt/airflow/dags/isr_pipeline.py
[2026-04-06T06:24:30.679+0000] {processor.py:840} INFO - DAG(s) 'isr_pipeline' retrieved from /opt/airflow/dags/isr_pipeline.py
[2026-04-06T06:24:30.874+0000] {logging_mixin.py:188} INFO - [2026-04-06T06:24:30.872+0000] {dag.py:3096} INFO - Sync 1 DAGs
[2026-04-06T06:24:31.097+0000] {processor.py:183} INFO - Processing /opt/airflow/dags/isr_pipeline.py took 0.562 seconds
[2026-04-06T06:25:01.286+0000] {processor.py:161} INFO - Started process (PID=63148) to work on /opt/airflow/dags/isr_pipeline.py
[2026-04-06T06:25:01.293+0000] {processor.py:830} INFO - Processing file /opt/airflow/dags/isr_pipeline.py for tasks to queue
[2026-04-06T06:25:01.301+0000] {logging_mixin.py:188} INFO - [2026-04-06T06:25:01.299+0000] {dagbag.py:540} INFO - Filling up the DagBag from /opt/airflow/dags/isr_pipeline.py
[2026-04-06T06:25:01.403+0000] {processor.py:840} INFO - DAG(s) 'isr_pipeline' retrieved from /opt/airflow/dags/isr_pipeline.py
[2026-04-06T06:25:01.588+0000] {logging_mixin.py:188} INFO - [2026-04-06T06:25:01.587+0000] {dag.py:3096} INFO - Sync 1 DAGs
[2026-04-06T06:25:01.791+0000] {processor.py:183} INFO - Processing /opt/airflow/dags/isr_pipeline.py took 0.542 seconds
[2026-04-06T06:25:32.346+0000] {processor.py:161} INFO - Started process (PID=63153) to work on /opt/airflow/dags/isr_pipeline.py
[2026-04-06T06:25:32.355+0000] {processor.py:830} INFO - Processing file /opt/airflow/dags/isr_pipeline.py for tasks to queue
[2026-04-06T06:25:32.369+0000] {logging_mixin.py:188} INFO - [2026-04-06T06:25:32.366+0000] {dagbag.py:540} INFO - Filling up the DagBag from /opt/airflow/dags/isr_pipeline.py
[2026-04-06T06:25:32.469+0000] {processor.py:840} INFO - DAG(s) 'isr_pipeline' retrieved from /opt/airflow/dags/isr_pipeline.py
[2026-04-06T06:25:32.650+0000] {logging_mixin.py:188} INFO - [2026-04-06T06:25:32.649+0000] {dag.py:3096} INFO - Sync 1 DAGs
[2026-04-06T06:25:32.860+0000] {processor.py:183} INFO - Processing /opt/airflow/dags/isr_pipeline.py took 0.553 seconds
[2026-04-06T06:26:03.302+0000] {processor.py:161} INFO - Started process (PID=63158) to work on /opt/airflow/dags/isr_pipeline.py
[2026-04-06T06:26:03.314+0000] {processor.py:830} INFO - Processing file /opt/airflow/dags/isr_pipeline.py for tasks to queue
[2026-04-06T06:26:03.324+0000] {logging_mixin.py:188} INFO - [2026-04-06T06:26:03.322+0000] {dagbag.py:540} INFO - Filling up the DagBag from /opt/airflow/dags/isr_pipeline.py
[2026-04-06T06:26:03.422+0000] {processor.py:840} INFO - DAG(s) 'isr_pipeline' retrieved from /opt/airflow/dags/isr_pipeline.py
[2026-04-06T06:26:03.610+0000] {logging_mixin.py:188} INFO - [2026-04-06T06:26:03.609+0000] {dag.py:3096} INFO - Sync 1 DAGs
[2026-04-06T06:26:03.808+0000] {processor.py:183} INFO - Processing /opt/airflow/dags/isr_pipeline.py took 0.550 seconds
[2026-04-06T06:26:34.360+0000] {processor.py:161} INFO - Started process (PID=63163) to work on /opt/airflow/dags/isr_pipeline.py
[2026-04-06T06:26:34.369+0000] {processor.py:830} INFO - Processing file /opt/airflow/dags/isr_pipeline.py for tasks to queue
[2026-04-06T06:26:34.376+0000] {logging_mixin.py:188} INFO - [2026-04-06T06:26:34.374+0000] {dagbag.py:540} INFO - Filling up the DagBag from /opt/airflow/dags/isr_pipeline.py
[2026-04-06T06:26:34.471+0000] {processor.py:840} INFO - DAG(s) 'isr_pipeline' retrieved from /opt/airflow/dags/isr_pipeline.py
[2026-04-06T06:26:34.654+0000] {logging_mixin.py:188} INFO - [2026-04-06T06:26:34.653+0000] {dag.py:3096} INFO - Sync 1 DAGs
[2026-04-06T06:26:34.851+0000] {processor.py:183} INFO - Processing /opt/airflow/dags/isr_pipeline.py took 0.532 seconds
[2026-04-06T06:27:05.171+0000] {processor.py:161} INFO - Started process (PID=63168) to work on /opt/airflow/dags/isr_pipeline.py
[2026-04-06T06:27:05.184+0000] {processor.py:830} INFO - Processing file /opt/airflow/dags/isr_pipeline.py for tasks to queue
[2026-04-06T06:27:05.191+0000] {logging_mixin.py:188} INFO - [2026-04-06T06:27:05.189+0000] {dagbag.py:540} INFO - Filling up the DagBag from /opt/airflow/dags/isr_pipeline.py
[2026-04-06T06:27:05.284+0000] {processor.py:840} INFO - DAG(s) 'isr_pipeline' retrieved from /opt/airflow/dags/isr_pipeline.py
[2026-04-06T06:27:05.470+0000] {logging_mixin.py:188} INFO - [2026-04-06T06:27:05.469+0000] {dag.py:3096} INFO - Sync 1 DAGs
[2026-04-06T06:27:05.674+0000] {processor.py:183} INFO - Processing /opt/airflow/dags/isr_pipeline.py took 0.540 seconds
[2026-04-06T06:27:36.246+0000] {processor.py:161} INFO - Started process (PID=63173) to work on /opt/airflow/dags/isr_pipeline.py
[2026-04-06T06:27:36.258+0000] {processor.py:830} INFO - Processing file /opt/airflow/dags/isr_pipeline.py for tasks to queue
[2026-04-06T06:27:36.273+0000] {logging_mixin.py:188} INFO - [2026-04-06T06:27:36.269+0000] {dagbag.py:540} INFO - Filling up the DagBag from /opt/airflow/dags/isr_pipeline.py
[2026-04-06T06:27:36.378+0000] {processor.py:840} INFO - DAG(s) 'isr_pipeline' retrieved from /opt/airflow/dags/isr_pipeline.py
[2026-04-06T06:27:36.569+0000] {logging_mixin.py:188} INFO - [2026-04-06T06:27:36.568+0000] {dag.py:3096} INFO - Sync 1 DAGs
[2026-04-06T06:27:36.769+0000] {processor.py:183} INFO - Processing /opt/airflow/dags/isr_pipeline.py took 0.567 seconds
[2026-04-06T06:28:07.115+0000] {processor.py:161} INFO - Started process (PID=63178) to work on /opt/airflow/dags/isr_pipeline.py
[2026-04-06T06:28:07.129+0000] {processor.py:830} INFO - Processing file /opt/airflow/dags/isr_pipeline.py for tasks to queue
[2026-04-06T06:28:07.136+0000] {logging_mixin.py:188} INFO - [2026-04-06T06:28:07.134+0000] {dagbag.py:540} INFO - Filling up the DagBag from /opt/airflow/dags/isr_pipeline.py
[2026-04-06T06:28:07.237+0000] {processor.py:840} INFO - DAG(s) 'isr_pipeline' retrieved from /opt/airflow/dags/isr_pipeline.py
[2026-04-06T06:28:07.421+0000] {logging_mixin.py:188} INFO - [2026-04-06T06:28:07.420+0000] {dag.py:3096} INFO - Sync 1 DAGs
[2026-04-06T06:28:07.621+0000] {processor.py:183} INFO - Processing /opt/airflow/dags/isr_pipeline.py took 0.549 seconds
[2026-04-06T06:28:38.154+0000] {processor.py:161} INFO - Started process (PID=63183) to work on /opt/airflow/dags/isr_pipeline.py
[2026-04-06T06:28:38.162+0000] {processor.py:830} INFO - Processing file /opt/airflow/dags/isr_pipeline.py for tasks to queue
[2026-04-06T06:28:38.168+0000] {logging_mixin.py:188} INFO - [2026-04-06T06:28:38.166+0000] {dagbag.py:540} INFO - Filling up the DagBag from /opt/airflow/dags/isr_pipeline.py
[2026-04-06T06:28:38.269+0000] {processor.py:840} INFO - DAG(s) 'isr_pipeline' retrieved from /opt/airflow/dags/isr_pipeline.py
[2026-04-06T06:28:38.464+0000] {logging_mixin.py:188} INFO - [2026-04-06T06:28:38.462+0000] {dag.py:3096} INFO - Sync 1 DAGs
[2026-04-06T06:28:38.667+0000] {processor.py:183} INFO - Processing /opt/airflow/dags/isr_pipeline.py took 0.551 seconds
[2026-04-06T06:29:08.954+0000] {processor.py:161} INFO - Started process (PID=63188) to work on /opt/airflow/dags/isr_pipeline.py
[2026-04-06T06:29:08.962+0000] {processor.py:830} INFO - Processing file /opt/airflow/dags/isr_pipeline.py for tasks to queue
[2026-04-06T06:29:08.969+0000] {logging_mixin.py:188} INFO - [2026-04-06T06:29:08.967+0000] {dagbag.py:540} INFO - Filling up the DagBag from /opt/airflow/dags/isr_pipeline.py
[2026-04-06T06:29:09.072+0000] {processor.py:840} INFO - DAG(s) 'isr_pipeline' retrieved from /opt/airflow/dags/isr_pipeline.py
[2026-04-06T06:29:09.257+0000] {logging_mixin.py:188} INFO - [2026-04-06T06:29:09.256+0000] {dag.py:3096} INFO - Sync 1 DAGs
[2026-04-06T06:29:09.453+0000] {processor.py:183} INFO - Processing /opt/airflow/dags/isr_pipeline.py took 0.538 seconds
[2026-04-06T06:29:39.961+0000] {processor.py:161} INFO - Started process (PID=63193) to work on /opt/airflow/dags/isr_pipeline.py
[2026-04-06T06:29:39.969+0000] {processor.py:830} INFO - Processing file /opt/airflow/dags/isr_pipeline.py for tasks to queue
[2026-04-06T06:29:39.977+0000] {logging_mixin.py:188} INFO - [2026-04-06T06:29:39.974+0000] {dagbag.py:540} INFO - Filling up the DagBag from /opt/airflow/dags/isr_pipeline.py
[2026-04-06T06:29:40.071+0000] {processor.py:840} INFO - DAG(s) 'isr_pipeline' retrieved from /opt/airflow/dags/isr_pipeline.py
[2026-04-06T06:29:40.292+0000] {logging_mixin.py:188} INFO - [2026-04-06T06:29:40.291+0000] {dag.py:3096} INFO - Sync 1 DAGs
[2026-04-06T06:29:40.505+0000] {processor.py:183} INFO - Processing /opt/airflow/dags/isr_pipeline.py took 0.584 seconds
[2026-04-06T06:30:10.881+0000] {processor.py:161} INFO - Started process (PID=63198) to work on /opt/airflow/dags/isr_pipeline.py
[2026-04-06T06:30:10.891+0000] {processor.py:830} INFO - Processing file /opt/airflow/dags/isr_pipeline.py for tasks to queue
[2026-04-06T06:30:10.898+0000] {logging_mixin.py:188} INFO - [2026-04-06T06:30:10.896+0000] {dagbag.py:540} INFO - Filling up the DagBag from /opt/airflow/dags/isr_pipeline.py
[2026-04-06T06:30:11.001+0000] {processor.py:840} INFO - DAG(s) 'isr_pipeline' retrieved from /opt/airflow/dags/isr_pipeline.py
[2026-04-06T06:30:11.200+0000] {logging_mixin.py:188} INFO - [2026-04-06T06:30:11.199+0000] {dag.py:3096} INFO - Sync 1 DAGs
[2026-04-06T06:30:11.401+0000] {processor.py:183} INFO - Processing /opt/airflow/dags/isr_pipeline.py took 0.562 seconds
[2026-04-06T07:00:40.479+0000] {processor.py:161} INFO - Started process (PID=63203) to work on /opt/airflow/dags/isr_pipeline.py
[2026-04-06T07:00:40.481+0000] {processor.py:830} INFO - Processing file /opt/airflow/dags/isr_pipeline.py for tasks to queue
[2026-04-06T07:00:40.483+0000] {logging_mixin.py:188} INFO - [2026-04-06T07:00:40.483+0000] {dagbag.py:540} INFO - Filling up the DagBag from /opt/airflow/dags/isr_pipeline.py
[2026-04-06T07:00:40.512+0000] {processor.py:840} INFO - DAG(s) 'isr_pipeline' retrieved from /opt/airflow/dags/isr_pipeline.py
[2026-04-06T07:00:40.570+0000] {logging_mixin.py:188} INFO - [2026-04-06T07:00:40.569+0000] {dag.py:3096} INFO - Sync 1 DAGs
[2026-04-06T07:00:40.629+0000] {processor.py:183} INFO - Processing /opt/airflow/dags/isr_pipeline.py took 0.163 seconds
[2026-04-06T07:01:10.887+0000] {processor.py:161} INFO - Started process (PID=63208) to work on /opt/airflow/dags/isr_pipeline.py
[2026-04-06T07:01:10.894+0000] {processor.py:830} INFO - Processing file /opt/airflow/dags/isr_pipeline.py for tasks to queue
[2026-04-06T07:01:10.901+0000] {logging_mixin.py:188} INFO - [2026-04-06T07:01:10.899+0000] {dagbag.py:540} INFO - Filling up the DagBag from /opt/airflow/dags/isr_pipeline.py
[2026-04-06T07:01:10.988+0000] {processor.py:840} INFO - DAG(s) 'isr_pipeline' retrieved from /opt/airflow/dags/isr_pipeline.py
[2026-04-06T07:01:11.165+0000] {logging_mixin.py:188} INFO - [2026-04-06T07:01:11.164+0000] {dag.py:3096} INFO - Sync 1 DAGs
[2026-04-06T07:01:11.381+0000] {processor.py:183} INFO - Processing /opt/airflow/dags/isr_pipeline.py took 0.531 seconds
[2026-04-06T07:01:41.918+0000] {processor.py:161} INFO - Started process (PID=63213) to work on /opt/airflow/dags/isr_pipeline.py
[2026-04-06T07:01:41.925+0000] {processor.py:830} INFO - Processing file /opt/airflow/dags/isr_pipeline.py for tasks to queue
[2026-04-06T07:01:41.932+0000] {logging_mixin.py:188} INFO - [2026-04-06T07:01:41.930+0000] {dagbag.py:540} INFO - Filling up the DagBag from /opt/airflow/dags/isr_pipeline.py
[2026-04-06T07:01:42.026+0000] {processor.py:840} INFO - DAG(s) 'isr_pipeline' retrieved from /opt/airflow/dags/isr_pipeline.py
[2026-04-06T07:01:42.216+0000] {logging_mixin.py:188} INFO - [2026-04-06T07:01:42.215+0000] {dag.py:3096} INFO - Sync 1 DAGs
[2026-04-06T07:01:42.474+0000] {processor.py:183} INFO - Processing /opt/airflow/dags/isr_pipeline.py took 0.595 seconds
[2026-04-06T07:02:12.781+0000] {processor.py:161} INFO - Started process (PID=63218) to work on /opt/airflow/dags/isr_pipeline.py
[2026-04-06T07:02:12.790+0000] {processor.py:830} INFO - Processing file /opt/airflow/dags/isr_pipeline.py for tasks to queue
[2026-04-06T07:02:12.797+0000] {logging_mixin.py:188} INFO - [2026-04-06T07:02:12.795+0000] {dagbag.py:540} INFO - Filling up the DagBag from /opt/airflow/dags/isr_pipeline.py
[2026-04-06T07:02:12.885+0000] {processor.py:840} INFO - DAG(s) 'isr_pipeline' retrieved from /opt/airflow/dags/isr_pipeline.py
[2026-04-06T07:02:13.063+0000] {logging_mixin.py:188} INFO - [2026-04-06T07:02:13.062+0000] {dag.py:3096} INFO - Sync 1 DAGs
[2026-04-06T07:02:13.271+0000] {processor.py:183} INFO - Processing /opt/airflow/dags/isr_pipeline.py took 0.528 seconds
[2026-04-06T07:02:43.866+0000] {processor.py:161} INFO - Started process (PID=63223) to work on /opt/airflow/dags/isr_pipeline.py
[2026-04-06T07:02:43.876+0000] {processor.py:830} INFO - Processing file /opt/airflow/dags/isr_pipeline.py for tasks to queue
[2026-04-06T07:02:43.882+0000] {logging_mixin.py:188} INFO - [2026-04-06T07:02:43.880+0000] {dagbag.py:540} INFO - Filling up the DagBag from /opt/airflow/dags/isr_pipeline.py
[2026-04-06T07:02:43.973+0000] {processor.py:840} INFO - DAG(s) 'isr_pipeline' retrieved from /opt/airflow/dags/isr_pipeline.py
[2026-04-06T07:02:44.152+0000] {logging_mixin.py:188} INFO - [2026-04-06T07:02:44.151+0000] {dag.py:3096} INFO - Sync 1 DAGs
[2026-04-06T07:02:44.358+0000] {processor.py:183} INFO - Processing /opt/airflow/dags/isr_pipeline.py took 0.529 seconds
[2026-04-06T07:03:14.651+0000] {processor.py:161} INFO - Started process (PID=63228) to work on /opt/airflow/dags/isr_pipeline.py
[2026-04-06T07:03:14.658+0000] {processor.py:830} INFO - Processing file /opt/airflow/dags/isr_pipeline.py for tasks to queue
[2026-04-06T07:03:14.665+0000] {logging_mixin.py:188} INFO - [2026-04-06T07:03:14.663+0000] {dagbag.py:540} INFO - Filling up the DagBag from /opt/airflow/dags/isr_pipeline.py
[2026-04-06T07:03:14.758+0000] {processor.py:840} INFO - DAG(s) 'isr_pipeline' retrieved from /opt/airflow/dags/isr_pipeline.py
[2026-04-06T07:03:14.937+0000] {logging_mixin.py:188} INFO - [2026-04-06T07:03:14.936+0000] {dag.py:3096} INFO - Sync 1 DAGs
[2026-04-06T07:03:15.142+0000] {processor.py:183} INFO - Processing /opt/airflow/dags/isr_pipeline.py took 0.528 seconds
[2026-04-06T07:03:45.632+0000] {processor.py:161} INFO - Started process (PID=63233) to work on /opt/airflow/dags/isr_pipeline.py
[2026-04-06T07:03:45.640+0000] {processor.py:830} INFO - Processing file /opt/airflow/dags/isr_pipeline.py for tasks to queue
[2026-04-06T07:03:45.648+0000] {logging_mixin.py:188} INFO - [2026-04-06T07:03:45.646+0000] {dagbag.py:540} INFO - Filling up the DagBag from /opt/airflow/dags/isr_pipeline.py
[2026-04-06T07:03:45.739+0000] {processor.py:840} INFO - DAG(s) 'isr_pipeline' retrieved from /opt/airflow/dags/isr_pipeline.py
[2026-04-06T07:03:45.929+0000] {logging_mixin.py:188} INFO - [2026-04-06T07:03:45.928+0000] {dag.py:3096} INFO - Sync 1 DAGs
[2026-04-06T07:03:46.138+0000] {processor.py:183} INFO - Processing /opt/airflow/dags/isr_pipeline.py took 0.544 seconds
[2026-04-06T07:04:16.566+0000] {processor.py:161} INFO - Started process (PID=63238) to work on /opt/airflow/dags/isr_pipeline.py
[2026-04-06T07:04:16.574+0000] {processor.py:830} INFO - Processing file /opt/airflow/dags/isr_pipeline.py for tasks to queue
[2026-04-06T07:04:16.581+0000] {logging_mixin.py:188} INFO - [2026-04-06T07:04:16.579+0000] {dagbag.py:540} INFO - Filling up the DagBag from /opt/airflow/dags/isr_pipeline.py
[2026-04-06T07:04:16.674+0000] {processor.py:840} INFO - DAG(s) 'isr_pipeline' retrieved from /opt/airflow/dags/isr_pipeline.py
[2026-04-06T07:04:16.858+0000] {logging_mixin.py:188} INFO - [2026-04-06T07:04:16.857+0000] {dag.py:3096} INFO - Sync 1 DAGs
[2026-04-06T07:04:17.064+0000] {processor.py:183} INFO - Processing /opt/airflow/dags/isr_pipeline.py took 0.537 seconds
[2026-04-06T07:04:47.648+0000] {processor.py:161} INFO - Started process (PID=63243) to work on /opt/airflow/dags/isr_pipeline.py
[2026-04-06T07:04:47.655+0000] {processor.py:830} INFO - Processing file /opt/airflow/dags/isr_pipeline.py for tasks to queue
[2026-04-06T07:04:47.663+0000] {logging_mixin.py:188} INFO - [2026-04-06T07:04:47.661+0000] {dagbag.py:540} INFO - Filling up the DagBag from /opt/airflow/dags/isr_pipeline.py
[2026-04-06T07:04:47.752+0000] {processor.py:840} INFO - DAG(s) 'isr_pipeline' retrieved from /opt/airflow/dags/isr_pipeline.py
[2026-04-06T07:04:47.934+0000] {logging_mixin.py:188} INFO - [2026-04-06T07:04:47.933+0000] {dag.py:3096} INFO - Sync 1 DAGs
[2026-04-06T07:04:48.134+0000] {processor.py:183} INFO - Processing /opt/airflow/dags/isr_pipeline.py took 0.523 seconds
[2026-04-06T07:05:18.395+0000] {processor.py:161} INFO - Started process (PID=63248) to work on /opt/airflow/dags/isr_pipeline.py
[2026-04-06T07:05:18.405+0000] {processor.py:830} INFO - Processing file /opt/airflow/dags/isr_pipeline.py for tasks to queue
[2026-04-06T07:05:18.413+0000] {logging_mixin.py:188} INFO - [2026-04-06T07:05:18.411+0000] {dagbag.py:540} INFO - Filling up the DagBag from /opt/airflow/dags/isr_pipeline.py
[2026-04-06T07:05:18.507+0000] {processor.py:840} INFO - DAG(s) 'isr_pipeline' retrieved from /opt/airflow/dags/isr_pipeline.py
[2026-04-06T07:05:18.684+0000] {logging_mixin.py:188} INFO - [2026-04-06T07:05:18.683+0000] {dag.py:3096} INFO - Sync 1 DAGs
[2026-04-06T07:05:18.880+0000] {processor.py:183} INFO - Processing /opt/airflow/dags/isr_pipeline.py took 0.524 seconds
[2026-04-06T07:05:49.477+0000] {processor.py:161} INFO - Started process (PID=63253) to work on /opt/airflow/dags/isr_pipeline.py
[2026-04-06T07:05:49.485+0000] {processor.py:830} INFO - Processing file /opt/airflow/dags/isr_pipeline.py for tasks to queue
[2026-04-06T07:05:49.494+0000] {logging_mixin.py:188} INFO - [2026-04-06T07:05:49.492+0000] {dagbag.py:540} INFO - Filling up the DagBag from /opt/airflow/dags/isr_pipeline.py
[2026-04-06T07:05:49.595+0000] {processor.py:840} INFO - DAG(s) 'isr_pipeline' retrieved from /opt/airflow/dags/isr_pipeline.py
[2026-04-06T07:05:49.794+0000] {logging_mixin.py:188} INFO - [2026-04-06T07:05:49.793+0000] {dag.py:3096} INFO - Sync 1 DAGs
[2026-04-06T07:05:50.036+0000] {processor.py:183} INFO - Processing /opt/airflow/dags/isr_pipeline.py took 0.604 seconds
[2026-04-06T07:06:20.285+0000] {processor.py:161} INFO - Started process (PID=63258) to work on /opt/airflow/dags/isr_pipeline.py
[2026-04-06T07:06:20.296+0000] {processor.py:830} INFO - Processing file /opt/airflow/dags/isr_pipeline.py for tasks to queue
[2026-04-06T07:06:20.304+0000] {logging_mixin.py:188} INFO - [2026-04-06T07:06:20.302+0000] {dagbag.py:540} INFO - Filling up the DagBag from /opt/airflow/dags/isr_pipeline.py
[2026-04-06T07:06:20.396+0000] {processor.py:840} INFO - DAG(s) 'isr_pipeline' retrieved from /opt/airflow/dags/isr_pipeline.py
[2026-04-06T07:06:20.586+0000] {logging_mixin.py:188} INFO - [2026-04-06T07:06:20.585+0000] {dag.py:3096} INFO - Sync 1 DAGs
[2026-04-06T07:06:20.783+0000] {processor.py:183} INFO - Processing /opt/airflow/dags/isr_pipeline.py took 0.535 seconds
[2026-04-06T07:06:51.250+0000] {processor.py:161} INFO - Started process (PID=63263) to work on /opt/airflow/dags/isr_pipeline.py
[2026-04-06T07:06:51.257+0000] {processor.py:830} INFO - Processing file /opt/airflow/dags/isr_pipeline.py for tasks to queue
[2026-04-06T07:06:51.264+0000] {logging_mixin.py:188} INFO - [2026-04-06T07:06:51.262+0000] {dagbag.py:540} INFO - Filling up the DagBag from /opt/airflow/dags/isr_pipeline.py
[2026-04-06T07:06:51.356+0000] {processor.py:840} INFO - DAG(s) 'isr_pipeline' retrieved from /opt/airflow/dags/isr_pipeline.py
[2026-04-06T07:06:51.542+0000] {logging_mixin.py:188} INFO - [2026-04-06T07:06:51.541+0000] {dag.py:3096} INFO - Sync 1 DAGs
[2026-04-06T07:06:51.752+0000] {processor.py:183} INFO - Processing /opt/airflow/dags/isr_pipeline.py took 0.541 seconds
[2026-04-06T07:07:22.239+0000] {processor.py:161} INFO - Started process (PID=63268) to work on /opt/airflow/dags/isr_pipeline.py
[2026-04-06T07:07:22.245+0000] {processor.py:830} INFO - Processing file /opt/airflow/dags/isr_pipeline.py for tasks to queue
[2026-04-06T07:07:22.252+0000] {logging_mixin.py:188} INFO - [2026-04-06T07:07:22.250+0000] {dagbag.py:540} INFO - Filling up the DagBag from /opt/airflow/dags/isr_pipeline.py
[2026-04-06T07:07:22.342+0000] {processor.py:840} INFO - DAG(s) 'isr_pipeline' retrieved from /opt/airflow/dags/isr_pipeline.py
[2026-04-06T07:07:22.524+0000] {logging_mixin.py:188} INFO - [2026-04-06T07:07:22.523+0000] {dag.py:3096} INFO - Sync 1 DAGs
[2026-04-06T07:07:22.722+0000] {processor.py:183} INFO - Processing /opt/airflow/dags/isr_pipeline.py took 0.517 seconds
[2026-04-06T07:07:53.342+0000] {processor.py:161} INFO - Started process (PID=63273) to work on /opt/airflow/dags/isr_pipeline.py
[2026-04-06T07:07:53.367+0000] {processor.py:830} INFO - Processing file /opt/airflow/dags/isr_pipeline.py for tasks to queue
[2026-04-06T07:07:53.388+0000] {logging_mixin.py:188} INFO - [2026-04-06T07:07:53.385+0000] {dagbag.py:540} INFO - Filling up the DagBag from /opt/airflow/dags/isr_pipeline.py
[2026-04-06T07:07:53.534+0000] {processor.py:840} INFO - DAG(s) 'isr_pipeline' retrieved from /opt/airflow/dags/isr_pipeline.py
[2026-04-06T07:07:53.759+0000] {logging_mixin.py:188} INFO - [2026-04-06T07:07:53.757+0000] {dag.py:3096} INFO - Sync 1 DAGs
[2026-04-06T07:07:54.171+0000] {processor.py:183} INFO - Processing /opt/airflow/dags/isr_pipeline.py took 0.876 seconds
[2026-04-06T07:08:24.722+0000] {processor.py:161} INFO - Started process (PID=63278) to work on /opt/airflow/dags/isr_pipeline.py
[2026-04-06T07:08:24.730+0000] {processor.py:830} INFO - Processing file /opt/airflow/dags/isr_pipeline.py for tasks to queue
[2026-04-06T07:08:24.737+0000] {logging_mixin.py:188} INFO - [2026-04-06T07:08:24.735+0000] {dagbag.py:540} INFO - Filling up the DagBag from /opt/airflow/dags/isr_pipeline.py
[2026-04-06T07:08:24.827+0000] {processor.py:840} INFO - DAG(s) 'isr_pipeline' retrieved from /opt/airflow/dags/isr_pipeline.py
[2026-04-06T07:08:25.006+0000] {logging_mixin.py:188} INFO - [2026-04-06T07:08:25.005+0000] {dag.py:3096} INFO - Sync 1 DAGs
[2026-04-06T07:08:25.205+0000] {processor.py:183} INFO - Processing /opt/airflow/dags/isr_pipeline.py took 0.519 seconds
[2026-04-06T07:08:55.738+0000] {processor.py:161} INFO - Started process (PID=63283) to work on /opt/airflow/dags/isr_pipeline.py
[2026-04-06T07:08:55.746+0000] {processor.py:830} INFO - Processing file /opt/airflow/dags/isr_pipeline.py for tasks to queue
[2026-04-06T07:08:55.754+0000] {logging_mixin.py:188} INFO - [2026-04-06T07:08:55.752+0000] {dagbag.py:540} INFO - Filling up the DagBag from /opt/airflow/dags/isr_pipeline.py
[2026-04-06T07:08:55.850+0000] {processor.py:840} INFO - DAG(s) 'isr_pipeline' retrieved from /opt/airflow/dags/isr_pipeline.py
[2026-04-06T07:08:56.037+0000] {logging_mixin.py:188} INFO - [2026-04-06T07:08:56.036+0000] {dag.py:3096} INFO - Sync 1 DAGs
[2026-04-06T07:08:56.243+0000] {processor.py:183} INFO - Processing /opt/airflow/dags/isr_pipeline.py took 0.542 seconds
[2026-04-06T07:09:26.439+0000] {processor.py:161} INFO - Started process (PID=63288) to work on /opt/airflow/dags/isr_pipeline.py
[2026-04-06T07:09:26.447+0000] {processor.py:830} INFO - Processing file /opt/airflow/dags/isr_pipeline.py for tasks to queue
[2026-04-06T07:09:26.455+0000] {logging_mixin.py:188} INFO - [2026-04-06T07:09:26.453+0000] {dagbag.py:540} INFO - Filling up the DagBag from /opt/airflow/dags/isr_pipeline.py
[2026-04-06T07:09:26.557+0000] {processor.py:840} INFO - DAG(s) 'isr_pipeline' retrieved from /opt/airflow/dags/isr_pipeline.py
[2026-04-06T07:09:26.746+0000] {logging_mixin.py:188} INFO - [2026-04-06T07:09:26.745+0000] {dag.py:3096} INFO - Sync 1 DAGs
[2026-04-06T07:09:26.950+0000] {processor.py:183} INFO - Processing /opt/airflow/dags/isr_pipeline.py took 0.550 seconds
[2026-04-06T07:09:57.491+0000] {processor.py:161} INFO - Started process (PID=63293) to work on /opt/airflow/dags/isr_pipeline.py
[2026-04-06T07:09:57.502+0000] {processor.py:830} INFO - Processing file /opt/airflow/dags/isr_pipeline.py for tasks to queue
[2026-04-06T07:09:57.510+0000] {logging_mixin.py:188} INFO - [2026-04-06T07:09:57.508+0000] {dagbag.py:540} INFO - Filling up the DagBag from /opt/airflow/dags/isr_pipeline.py
[2026-04-06T07:09:57.611+0000] {processor.py:840} INFO - DAG(s) 'isr_pipeline' retrieved from /opt/airflow/dags/isr_pipeline.py
[2026-04-06T07:09:57.793+0000] {logging_mixin.py:188} INFO - [2026-04-06T07:09:57.792+0000] {dag.py:3096} INFO - Sync 1 DAGs
[2026-04-06T07:09:57.997+0000] {processor.py:183} INFO - Processing /opt/airflow/dags/isr_pipeline.py took 0.546 seconds
[2026-04-06T07:40:19.124+0000] {processor.py:161} INFO - Started process (PID=63299) to work on /opt/airflow/dags/isr_pipeline.py
[2026-04-06T07:40:19.125+0000] {processor.py:830} INFO - Processing file /opt/airflow/dags/isr_pipeline.py for tasks to queue
[2026-04-06T07:40:19.127+0000] {logging_mixin.py:188} INFO - [2026-04-06T07:40:19.127+0000] {dagbag.py:540} INFO - Filling up the DagBag from /opt/airflow/dags/isr_pipeline.py
[2026-04-06T07:40:19.153+0000] {processor.py:840} INFO - DAG(s) 'isr_pipeline' retrieved from /opt/airflow/dags/isr_pipeline.py
[2026-04-06T07:40:19.197+0000] {logging_mixin.py:188} INFO - [2026-04-06T07:40:19.197+0000] {dag.py:3096} INFO - Sync 1 DAGs
[2026-04-06T07:40:19.360+0000] {processor.py:183} INFO - Processing /opt/airflow/dags/isr_pipeline.py took 0.245 seconds
[2026-04-06T07:40:49.755+0000] {processor.py:161} INFO - Started process (PID=63304) to work on /opt/airflow/dags/isr_pipeline.py
[2026-04-06T07:40:49.763+0000] {processor.py:830} INFO - Processing file /opt/airflow/dags/isr_pipeline.py for tasks to queue
[2026-04-06T07:40:49.769+0000] {logging_mixin.py:188} INFO - [2026-04-06T07:40:49.768+0000] {dagbag.py:540} INFO - Filling up the DagBag from /opt/airflow/dags/isr_pipeline.py
[2026-04-06T07:40:49.860+0000] {processor.py:840} INFO - DAG(s) 'isr_pipeline' retrieved from /opt/airflow/dags/isr_pipeline.py
[2026-04-06T07:40:50.045+0000] {logging_mixin.py:188} INFO - [2026-04-06T07:40:50.044+0000] {dag.py:3096} INFO - Sync 1 DAGs
[2026-04-06T07:40:50.248+0000] {processor.py:183} INFO - Processing /opt/airflow/dags/isr_pipeline.py took 0.530 seconds
[2026-04-06T07:41:20.771+0000] {processor.py:161} INFO - Started process (PID=63309) to work on /opt/airflow/dags/isr_pipeline.py
[2026-04-06T07:41:20.778+0000] {processor.py:830} INFO - Processing file /opt/airflow/dags/isr_pipeline.py for tasks to queue
[2026-04-06T07:41:20.785+0000] {logging_mixin.py:188} INFO - [2026-04-06T07:41:20.783+0000] {dagbag.py:540} INFO - Filling up the DagBag from /opt/airflow/dags/isr_pipeline.py
[2026-04-06T07:41:20.876+0000] {processor.py:840} INFO - DAG(s) 'isr_pipeline' retrieved from /opt/airflow/dags/isr_pipeline.py
[2026-04-06T07:41:21.072+0000] {logging_mixin.py:188} INFO - [2026-04-06T07:41:21.070+0000] {dag.py:3096} INFO - Sync 1 DAGs
[2026-04-06T07:41:21.283+0000] {processor.py:183} INFO - Processing /opt/airflow/dags/isr_pipeline.py took 0.550 seconds
[2026-04-06T07:41:51.793+0000] {processor.py:161} INFO - Started process (PID=63314) to work on /opt/airflow/dags/isr_pipeline.py
[2026-04-06T07:41:51.800+0000] {processor.py:830} INFO - Processing file /opt/airflow/dags/isr_pipeline.py for tasks to queue
[2026-04-06T07:41:51.807+0000] {logging_mixin.py:188} INFO - [2026-04-06T07:41:51.805+0000] {dagbag.py:540} INFO - Filling up the DagBag from /opt/airflow/dags/isr_pipeline.py
[2026-04-06T07:41:51.897+0000] {processor.py:840} INFO - DAG(s) 'isr_pipeline' retrieved from /opt/airflow/dags/isr_pipeline.py
[2026-04-06T07:41:52.081+0000] {logging_mixin.py:188} INFO - [2026-04-06T07:41:52.080+0000] {dag.py:3096} INFO - Sync 1 DAGs
[2026-04-06T07:41:52.299+0000] {processor.py:183} INFO - Processing /opt/airflow/dags/isr_pipeline.py took 0.545 seconds
[2026-04-06T07:42:22.809+0000] {processor.py:161} INFO - Started process (PID=63319) to work on /opt/airflow/dags/isr_pipeline.py
[2026-04-06T07:42:22.816+0000] {processor.py:830} INFO - Processing file /opt/airflow/dags/isr_pipeline.py for tasks to queue
[2026-04-06T07:42:22.822+0000] {logging_mixin.py:188} INFO - [2026-04-06T07:42:22.820+0000] {dagbag.py:540} INFO - Filling up the DagBag from /opt/airflow/dags/isr_pipeline.py
[2026-04-06T07:42:22.912+0000] {processor.py:840} INFO - DAG(s) 'isr_pipeline' retrieved from /opt/airflow/dags/isr_pipeline.py
[2026-04-06T07:42:23.095+0000] {logging_mixin.py:188} INFO - [2026-04-06T07:42:23.094+0000] {dag.py:3096} INFO - Sync 1 DAGs
[2026-04-06T07:42:23.294+0000] {processor.py:183} INFO - Processing /opt/airflow/dags/isr_pipeline.py took 0.519 seconds
[2026-04-06T07:42:53.985+0000] {processor.py:161} INFO - Started process (PID=63324) to work on /opt/airflow/dags/isr_pipeline.py
[2026-04-06T07:42:53.994+0000] {processor.py:830} INFO - Processing file /opt/airflow/dags/isr_pipeline.py for tasks to queue
[2026-04-06T07:42:54.003+0000] {logging_mixin.py:188} INFO - [2026-04-06T07:42:54.000+0000] {dagbag.py:540} INFO - Filling up the DagBag from /opt/airflow/dags/isr_pipeline.py
[2026-04-06T07:42:54.111+0000] {processor.py:840} INFO - DAG(s) 'isr_pipeline' retrieved from /opt/airflow/dags/isr_pipeline.py
[2026-04-06T07:42:54.345+0000] {logging_mixin.py:188} INFO - [2026-04-06T07:42:54.344+0000] {dag.py:3096} INFO - Sync 1 DAGs
[2026-04-06T07:42:54.580+0000] {processor.py:183} INFO - Processing /opt/airflow/dags/isr_pipeline.py took 0.641 seconds
[2026-04-06T07:43:25.092+0000] {processor.py:161} INFO - Started process (PID=63329) to work on /opt/airflow/dags/isr_pipeline.py
[2026-04-06T07:43:25.099+0000] {processor.py:830} INFO - Processing file /opt/airflow/dags/isr_pipeline.py for tasks to queue
[2026-04-06T07:43:25.105+0000] {logging_mixin.py:188} INFO - [2026-04-06T07:43:25.103+0000] {dagbag.py:540} INFO - Filling up the DagBag from /opt/airflow/dags/isr_pipeline.py
[2026-04-06T07:43:25.196+0000] {processor.py:840} INFO - DAG(s) 'isr_pipeline' retrieved from /opt/airflow/dags/isr_pipeline.py
[2026-04-06T07:43:25.391+0000] {logging_mixin.py:188} INFO - [2026-04-06T07:43:25.390+0000] {dag.py:3096} INFO - Sync 1 DAGs
[2026-04-06T07:43:25.611+0000] {processor.py:183} INFO - Processing /opt/airflow/dags/isr_pipeline.py took 0.566 seconds
[2026-04-06T07:43:55.939+0000] {processor.py:161} INFO - Started process (PID=63334) to work on /opt/airflow/dags/isr_pipeline.py
[2026-04-06T07:43:55.947+0000] {processor.py:830} INFO - Processing file /opt/airflow/dags/isr_pipeline.py for tasks to queue
[2026-04-06T07:43:55.954+0000] {logging_mixin.py:188} INFO - [2026-04-06T07:43:55.952+0000] {dagbag.py:540} INFO - Filling up the DagBag from /opt/airflow/dags/isr_pipeline.py
[2026-04-06T07:43:56.057+0000] {processor.py:840} INFO - DAG(s) 'isr_pipeline' retrieved from /opt/airflow/dags/isr_pipeline.py
[2026-04-06T07:43:56.248+0000] {logging_mixin.py:188} INFO - [2026-04-06T07:43:56.247+0000] {dag.py:3096} INFO - Sync 1 DAGs
[2026-04-06T07:43:56.466+0000] {processor.py:183} INFO - Processing /opt/airflow/dags/isr_pipeline.py took 0.569 seconds
[2026-04-06T07:44:27.012+0000] {processor.py:161} INFO - Started process (PID=63339) to work on /opt/airflow/dags/isr_pipeline.py
[2026-04-06T07:44:27.019+0000] {processor.py:830} INFO - Processing file /opt/airflow/dags/isr_pipeline.py for tasks to queue
[2026-04-06T07:44:27.026+0000] {logging_mixin.py:188} INFO - [2026-04-06T07:44:27.024+0000] {dagbag.py:540} INFO - Filling up the DagBag from /opt/airflow/dags/isr_pipeline.py
[2026-04-06T07:44:27.117+0000] {processor.py:840} INFO - DAG(s) 'isr_pipeline' retrieved from /opt/airflow/dags/isr_pipeline.py
[2026-04-06T07:44:27.306+0000] {logging_mixin.py:188} INFO - [2026-04-06T07:44:27.305+0000] {dag.py:3096} INFO - Sync 1 DAGs
[2026-04-06T07:44:27.542+0000] {processor.py:183} INFO - Processing /opt/airflow/dags/isr_pipeline.py took 0.577 seconds
[2026-04-06T07:44:57.783+0000] {processor.py:161} INFO - Started process (PID=63344) to work on /opt/airflow/dags/isr_pipeline.py
[2026-04-06T07:44:57.798+0000] {processor.py:830} INFO - Processing file /opt/airflow/dags/isr_pipeline.py for tasks to queue
[2026-04-06T07:44:57.810+0000] {logging_mixin.py:188} INFO - [2026-04-06T07:44:57.806+0000] {dagbag.py:540} INFO - Filling up the DagBag from /opt/airflow/dags/isr_pipeline.py
[2026-04-06T07:44:57.949+0000] {processor.py:840} INFO - DAG(s) 'isr_pipeline' retrieved from /opt/airflow/dags/isr_pipeline.py
[2026-04-06T07:44:58.150+0000] {logging_mixin.py:188} INFO - [2026-04-06T07:44:58.149+0000] {dag.py:3096} INFO - Sync 1 DAGs
[2026-04-06T07:44:58.361+0000] {processor.py:183} INFO - Processing /opt/airflow/dags/isr_pipeline.py took 0.631 seconds
[2026-04-06T07:45:28.858+0000] {processor.py:161} INFO - Started process (PID=63349) to work on /opt/airflow/dags/isr_pipeline.py
[2026-04-06T07:45:28.866+0000] {processor.py:830} INFO - Processing file /opt/airflow/dags/isr_pipeline.py for tasks to queue
[2026-04-06T07:45:28.874+0000] {logging_mixin.py:188} INFO - [2026-04-06T07:45:28.871+0000] {dagbag.py:540} INFO - Filling up the DagBag from /opt/airflow/dags/isr_pipeline.py
[2026-04-06T07:45:28.987+0000] {processor.py:840} INFO - DAG(s) 'isr_pipeline' retrieved from /opt/airflow/dags/isr_pipeline.py
[2026-04-06T07:45:29.173+0000] {logging_mixin.py:188} INFO - [2026-04-06T07:45:29.172+0000] {dag.py:3096} INFO - Sync 1 DAGs
[2026-04-06T07:45:29.406+0000] {processor.py:183} INFO - Processing /opt/airflow/dags/isr_pipeline.py took 0.587 seconds
[2026-04-06T07:45:59.830+0000] {processor.py:161} INFO - Started process (PID=63354) to work on /opt/airflow/dags/isr_pipeline.py
[2026-04-06T07:45:59.837+0000] {processor.py:830} INFO - Processing file /opt/airflow/dags/isr_pipeline.py for tasks to queue
[2026-04-06T07:45:59.845+0000] {logging_mixin.py:188} INFO - [2026-04-06T07:45:59.843+0000] {dagbag.py:540} INFO - Filling up the DagBag from /opt/airflow/dags/isr_pipeline.py
[2026-04-06T07:45:59.938+0000] {processor.py:840} INFO - DAG(s) 'isr_pipeline' retrieved from /opt/airflow/dags/isr_pipeline.py
[2026-04-06T07:46:00.140+0000] {logging_mixin.py:188} INFO - [2026-04-06T07:46:00.139+0000] {dag.py:3096} INFO - Sync 1 DAGs
[2026-04-06T07:46:00.383+0000] {processor.py:183} INFO - Processing /opt/airflow/dags/isr_pipeline.py took 0.588 seconds
[2026-04-06T07:46:30.934+0000] {processor.py:161} INFO - Started process (PID=63359) to work on /opt/airflow/dags/isr_pipeline.py
[2026-04-06T07:46:30.941+0000] {processor.py:830} INFO - Processing file /opt/airflow/dags/isr_pipeline.py for tasks to queue
[2026-04-06T07:46:30.948+0000] {logging_mixin.py:188} INFO - [2026-04-06T07:46:30.946+0000] {dagbag.py:540} INFO - Filling up the DagBag from /opt/airflow/dags/isr_pipeline.py
[2026-04-06T07:46:31.042+0000] {processor.py:840} INFO - DAG(s) 'isr_pipeline' retrieved from /opt/airflow/dags/isr_pipeline.py
[2026-04-06T07:46:31.227+0000] {logging_mixin.py:188} INFO - [2026-04-06T07:46:31.225+0000] {dag.py:3096} INFO - Sync 1 DAGs
[2026-04-06T07:46:31.449+0000] {processor.py:183} INFO - Processing /opt/airflow/dags/isr_pipeline.py took 0.554 seconds
[2026-04-06T07:47:01.915+0000] {processor.py:161} INFO - Started process (PID=63364) to work on /opt/airflow/dags/isr_pipeline.py
[2026-04-06T07:47:01.926+0000] {processor.py:830} INFO - Processing file /opt/airflow/dags/isr_pipeline.py for tasks to queue
[2026-04-06T07:47:01.937+0000] {logging_mixin.py:188} INFO - [2026-04-06T07:47:01.935+0000] {dagbag.py:540} INFO - Filling up the DagBag from /opt/airflow/dags/isr_pipeline.py
[2026-04-06T07:47:02.035+0000] {processor.py:840} INFO - DAG(s) 'isr_pipeline' retrieved from /opt/airflow/dags/isr_pipeline.py
[2026-04-06T07:47:02.220+0000] {logging_mixin.py:188} INFO - [2026-04-06T07:47:02.219+0000] {dag.py:3096} INFO - Sync 1 DAGs
[2026-04-06T07:47:02.431+0000] {processor.py:183} INFO - Processing /opt/airflow/dags/isr_pipeline.py took 0.557 seconds
[2026-04-06T07:47:32.904+0000] {processor.py:161} INFO - Started process (PID=63369) to work on /opt/airflow/dags/isr_pipeline.py
[2026-04-06T07:47:32.912+0000] {processor.py:830} INFO - Processing file /opt/airflow/dags/isr_pipeline.py for tasks to queue
[2026-04-06T07:47:32.919+0000] {logging_mixin.py:188} INFO - [2026-04-06T07:47:32.917+0000] {dagbag.py:540} INFO - Filling up the DagBag from /opt/airflow/dags/isr_pipeline.py
[2026-04-06T07:47:33.010+0000] {processor.py:840} INFO - DAG(s) 'isr_pipeline' retrieved from /opt/airflow/dags/isr_pipeline.py
[2026-04-06T07:47:33.193+0000] {logging_mixin.py:188} INFO - [2026-04-06T07:47:33.192+0000] {dag.py:3096} INFO - Sync 1 DAGs
[2026-04-06T07:47:33.415+0000] {processor.py:183} INFO - Processing /opt/airflow/dags/isr_pipeline.py took 0.552 seconds
[2026-04-06T07:48:03.937+0000] {processor.py:161} INFO - Started process (PID=63374) to work on /opt/airflow/dags/isr_pipeline.py
[2026-04-06T07:48:03.945+0000] {processor.py:830} INFO - Processing file /opt/airflow/dags/isr_pipeline.py for tasks to queue
[2026-04-06T07:48:03.952+0000] {logging_mixin.py:188} INFO - [2026-04-06T07:48:03.950+0000] {dagbag.py:540} INFO - Filling up the DagBag from /opt/airflow/dags/isr_pipeline.py
[2026-04-06T07:48:04.049+0000] {processor.py:840} INFO - DAG(s) 'isr_pipeline' retrieved from /opt/airflow/dags/isr_pipeline.py
[2026-04-06T07:48:04.243+0000] {logging_mixin.py:188} INFO - [2026-04-06T07:48:04.242+0000] {dag.py:3096} INFO - Sync 1 DAGs
[2026-04-06T07:48:04.453+0000] {processor.py:183} INFO - Processing /opt/airflow/dags/isr_pipeline.py took 0.556 seconds
[2026-04-06T07:48:34.728+0000] {processor.py:161} INFO - Started process (PID=63379) to work on /opt/airflow/dags/isr_pipeline.py
[2026-04-06T07:48:34.736+0000] {processor.py:830} INFO - Processing file /opt/airflow/dags/isr_pipeline.py for tasks to queue
[2026-04-06T07:48:34.742+0000] {logging_mixin.py:188} INFO - [2026-04-06T07:48:34.741+0000] {dagbag.py:540} INFO - Filling up the DagBag from /opt/airflow/dags/isr_pipeline.py
[2026-04-06T07:48:34.836+0000] {processor.py:840} INFO - DAG(s) 'isr_pipeline' retrieved from /opt/airflow/dags/isr_pipeline.py
[2026-04-06T07:48:35.019+0000] {logging_mixin.py:188} INFO - [2026-04-06T07:48:35.017+0000] {dag.py:3096} INFO - Sync 1 DAGs
[2026-04-06T07:48:35.219+0000] {processor.py:183} INFO - Processing /opt/airflow/dags/isr_pipeline.py took 0.530 seconds
[2026-04-06T07:49:05.793+0000] {processor.py:161} INFO - Started process (PID=63384) to work on /opt/airflow/dags/isr_pipeline.py
[2026-04-06T07:49:05.800+0000] {processor.py:830} INFO - Processing file /opt/airflow/dags/isr_pipeline.py for tasks to queue
[2026-04-06T07:49:05.809+0000] {logging_mixin.py:188} INFO - [2026-04-06T07:49:05.807+0000] {dagbag.py:540} INFO - Filling up the DagBag from /opt/airflow/dags/isr_pipeline.py
[2026-04-06T07:49:05.906+0000] {processor.py:840} INFO - DAG(s) 'isr_pipeline' retrieved from /opt/airflow/dags/isr_pipeline.py
[2026-04-06T07:49:06.106+0000] {logging_mixin.py:188} INFO - [2026-04-06T07:49:06.105+0000] {dag.py:3096} INFO - Sync 1 DAGs
[2026-04-06T07:49:06.314+0000] {processor.py:183} INFO - Processing /opt/airflow/dags/isr_pipeline.py took 0.560 seconds
[2026-04-06T07:49:36.712+0000] {processor.py:161} INFO - Started process (PID=63389) to work on /opt/airflow/dags/isr_pipeline.py
[2026-04-06T07:49:36.719+0000] {processor.py:830} INFO - Processing file /opt/airflow/dags/isr_pipeline.py for tasks to queue
[2026-04-06T07:49:36.726+0000] {logging_mixin.py:188} INFO - [2026-04-06T07:49:36.725+0000] {dagbag.py:540} INFO - Filling up the DagBag from /opt/airflow/dags/isr_pipeline.py
[2026-04-06T07:49:36.829+0000] {processor.py:840} INFO - DAG(s) 'isr_pipeline' retrieved from /opt/airflow/dags/isr_pipeline.py
[2026-04-06T07:49:37.029+0000] {logging_mixin.py:188} INFO - [2026-04-06T07:49:37.028+0000] {dag.py:3096} INFO - Sync 1 DAGs
[2026-04-06T07:49:37.248+0000] {processor.py:183} INFO - Processing /opt/airflow/dags/isr_pipeline.py took 0.570 seconds
[2026-04-06T07:50:07.763+0000] {processor.py:161} INFO - Started process (PID=63394) to work on /opt/airflow/dags/isr_pipeline.py
[2026-04-06T07:50:07.771+0000] {processor.py:830} INFO - Processing file /opt/airflow/dags/isr_pipeline.py for tasks to queue
[2026-04-06T07:50:07.777+0000] {logging_mixin.py:188} INFO - [2026-04-06T07:50:07.775+0000] {dagbag.py:540} INFO - Filling up the DagBag from /opt/airflow/dags/isr_pipeline.py
[2026-04-06T07:50:07.869+0000] {processor.py:840} INFO - DAG(s) 'isr_pipeline' retrieved from /opt/airflow/dags/isr_pipeline.py
[2026-04-06T07:50:08.051+0000] {logging_mixin.py:188} INFO - [2026-04-06T07:50:08.050+0000] {dag.py:3096} INFO - Sync 1 DAGs
[2026-04-06T07:50:08.266+0000] {processor.py:183} INFO - Processing /opt/airflow/dags/isr_pipeline.py took 0.542 seconds
[2026-04-06T07:50:38.448+0000] {processor.py:161} INFO - Started process (PID=63399) to work on /opt/airflow/dags/isr_pipeline.py
[2026-04-06T07:50:38.455+0000] {processor.py:830} INFO - Processing file /opt/airflow/dags/isr_pipeline.py for tasks to queue
[2026-04-06T07:50:38.463+0000] {logging_mixin.py:188} INFO - [2026-04-06T07:50:38.461+0000] {dagbag.py:540} INFO - Filling up the DagBag from /opt/airflow/dags/isr_pipeline.py
[2026-04-06T07:50:38.553+0000] {processor.py:840} INFO - DAG(s) 'isr_pipeline' retrieved from /opt/airflow/dags/isr_pipeline.py
[2026-04-06T07:50:38.741+0000] {logging_mixin.py:188} INFO - [2026-04-06T07:50:38.740+0000] {dag.py:3096} INFO - Sync 1 DAGs
[2026-04-06T07:50:38.949+0000] {processor.py:183} INFO - Processing /opt/airflow/dags/isr_pipeline.py took 0.540 seconds
[2026-04-06T07:51:09.178+0000] {processor.py:161} INFO - Started process (PID=63404) to work on /opt/airflow/dags/isr_pipeline.py
[2026-04-06T07:51:09.185+0000] {processor.py:830} INFO - Processing file /opt/airflow/dags/isr_pipeline.py for tasks to queue
[2026-04-06T07:51:09.192+0000] {logging_mixin.py:188} INFO - [2026-04-06T07:51:09.190+0000] {dagbag.py:540} INFO - Filling up the DagBag from /opt/airflow/dags/isr_pipeline.py
[2026-04-06T07:51:09.283+0000] {processor.py:840} INFO - DAG(s) 'isr_pipeline' retrieved from /opt/airflow/dags/isr_pipeline.py
[2026-04-06T07:51:09.466+0000] {logging_mixin.py:188} INFO - [2026-04-06T07:51:09.465+0000] {dag.py:3096} INFO - Sync 1 DAGs
[2026-04-06T07:51:09.670+0000] {processor.py:183} INFO - Processing /opt/airflow/dags/isr_pipeline.py took 0.530 seconds
[2026-04-06T07:51:40.150+0000] {processor.py:161} INFO - Started process (PID=63409) to work on /opt/airflow/dags/isr_pipeline.py
[2026-04-06T07:51:40.157+0000] {processor.py:830} INFO - Processing file /opt/airflow/dags/isr_pipeline.py for tasks to queue
[2026-04-06T07:51:40.164+0000] {logging_mixin.py:188} INFO - [2026-04-06T07:51:40.162+0000] {dagbag.py:540} INFO - Filling up the DagBag from /opt/airflow/dags/isr_pipeline.py
[2026-04-06T07:51:40.253+0000] {processor.py:840} INFO - DAG(s) 'isr_pipeline' retrieved from /opt/airflow/dags/isr_pipeline.py
[2026-04-06T07:51:40.437+0000] {logging_mixin.py:188} INFO - [2026-04-06T07:51:40.436+0000] {dag.py:3096} INFO - Sync 1 DAGs
[2026-04-06T07:51:40.647+0000] {processor.py:183} INFO - Processing /opt/airflow/dags/isr_pipeline.py took 0.534 seconds
[2026-04-06T07:52:11.228+0000] {processor.py:161} INFO - Started process (PID=63414) to work on /opt/airflow/dags/isr_pipeline.py
[2026-04-06T07:52:11.235+0000] {processor.py:830} INFO - Processing file /opt/airflow/dags/isr_pipeline.py for tasks to queue
[2026-04-06T07:52:11.242+0000] {logging_mixin.py:188} INFO - [2026-04-06T07:52:11.240+0000] {dagbag.py:540} INFO - Filling up the DagBag from /opt/airflow/dags/isr_pipeline.py
[2026-04-06T07:52:11.357+0000] {processor.py:840} INFO - DAG(s) 'isr_pipeline' retrieved from /opt/airflow/dags/isr_pipeline.py
[2026-04-06T07:52:11.695+0000] {logging_mixin.py:188} INFO - [2026-04-06T07:52:11.694+0000] {dag.py:3096} INFO - Sync 1 DAGs
[2026-04-06T07:52:11.991+0000] {processor.py:183} INFO - Processing /opt/airflow/dags/isr_pipeline.py took 0.799 seconds
[2026-04-06T07:52:42.558+0000] {processor.py:161} INFO - Started process (PID=63419) to work on /opt/airflow/dags/isr_pipeline.py
[2026-04-06T07:52:42.565+0000] {processor.py:830} INFO - Processing file /opt/airflow/dags/isr_pipeline.py for tasks to queue
[2026-04-06T07:52:42.572+0000] {logging_mixin.py:188} INFO - [2026-04-06T07:52:42.571+0000] {dagbag.py:540} INFO - Filling up the DagBag from /opt/airflow/dags/isr_pipeline.py
[2026-04-06T07:52:42.674+0000] {processor.py:840} INFO - DAG(s) 'isr_pipeline' retrieved from /opt/airflow/dags/isr_pipeline.py
[2026-04-06T07:52:42.856+0000] {logging_mixin.py:188} INFO - [2026-04-06T07:52:42.855+0000] {dag.py:3096} INFO - Sync 1 DAGs
[2026-04-06T07:52:43.074+0000] {processor.py:183} INFO - Processing /opt/airflow/dags/isr_pipeline.py took 0.552 seconds
[2026-04-06T07:53:13.599+0000] {processor.py:161} INFO - Started process (PID=63424) to work on /opt/airflow/dags/isr_pipeline.py
[2026-04-06T07:53:13.605+0000] {processor.py:830} INFO - Processing file /opt/airflow/dags/isr_pipeline.py for tasks to queue
[2026-04-06T07:53:13.612+0000] {logging_mixin.py:188} INFO - [2026-04-06T07:53:13.610+0000] {dagbag.py:540} INFO - Filling up the DagBag from /opt/airflow/dags/isr_pipeline.py
[2026-04-06T07:53:13.705+0000] {processor.py:840} INFO - DAG(s) 'isr_pipeline' retrieved from /opt/airflow/dags/isr_pipeline.py
[2026-04-06T07:53:13.917+0000] {logging_mixin.py:188} INFO - [2026-04-06T07:53:13.916+0000] {dag.py:3096} INFO - Sync 1 DAGs
[2026-04-06T07:53:14.142+0000] {processor.py:183} INFO - Processing /opt/airflow/dags/isr_pipeline.py took 0.582 seconds
[2026-04-06T07:53:44.702+0000] {processor.py:161} INFO - Started process (PID=63429) to work on /opt/airflow/dags/isr_pipeline.py
[2026-04-06T07:53:44.709+0000] {processor.py:830} INFO - Processing file /opt/airflow/dags/isr_pipeline.py for tasks to queue
[2026-04-06T07:53:44.716+0000] {logging_mixin.py:188} INFO - [2026-04-06T07:53:44.714+0000] {dagbag.py:540} INFO - Filling up the DagBag from /opt/airflow/dags/isr_pipeline.py
[2026-04-06T07:53:44.808+0000] {processor.py:840} INFO - DAG(s) 'isr_pipeline' retrieved from /opt/airflow/dags/isr_pipeline.py
[2026-04-06T07:53:44.995+0000] {logging_mixin.py:188} INFO - [2026-04-06T07:53:44.994+0000] {dag.py:3096} INFO - Sync 1 DAGs
[2026-04-06T07:53:45.208+0000] {processor.py:183} INFO - Processing /opt/airflow/dags/isr_pipeline.py took 0.543 seconds
[2026-04-06T07:54:15.575+0000] {processor.py:161} INFO - Started process (PID=63434) to work on /opt/airflow/dags/isr_pipeline.py
[2026-04-06T07:54:15.585+0000] {processor.py:830} INFO - Processing file /opt/airflow/dags/isr_pipeline.py for tasks to queue
[2026-04-06T07:54:15.594+0000] {logging_mixin.py:188} INFO - [2026-04-06T07:54:15.592+0000] {dagbag.py:540} INFO - Filling up the DagBag from /opt/airflow/dags/isr_pipeline.py
[2026-04-06T07:54:15.705+0000] {processor.py:840} INFO - DAG(s) 'isr_pipeline' retrieved from /opt/airflow/dags/isr_pipeline.py
[2026-04-06T07:54:15.888+0000] {logging_mixin.py:188} INFO - [2026-04-06T07:54:15.887+0000] {dag.py:3096} INFO - Sync 1 DAGs
[2026-04-06T07:54:16.100+0000] {processor.py:183} INFO - Processing /opt/airflow/dags/isr_pipeline.py took 0.565 seconds
[2026-04-06T08:04:05.106+0000] {processor.py:161} INFO - Started process (PID=63440) to work on /opt/airflow/dags/isr_pipeline.py
[2026-04-06T08:04:05.108+0000] {processor.py:830} INFO - Processing file /opt/airflow/dags/isr_pipeline.py for tasks to queue
[2026-04-06T08:04:05.110+0000] {logging_mixin.py:188} INFO - [2026-04-06T08:04:05.109+0000] {dagbag.py:540} INFO - Filling up the DagBag from /opt/airflow/dags/isr_pipeline.py
[2026-04-06T08:04:05.132+0000] {processor.py:840} INFO - DAG(s) 'isr_pipeline' retrieved from /opt/airflow/dags/isr_pipeline.py
[2026-04-06T08:04:05.176+0000] {logging_mixin.py:188} INFO - [2026-04-06T08:04:05.176+0000] {dag.py:3096} INFO - Sync 1 DAGs
[2026-04-06T08:04:05.355+0000] {processor.py:183} INFO - Processing /opt/airflow/dags/isr_pipeline.py took 0.267 seconds
[2026-04-06T08:04:35.553+0000] {processor.py:161} INFO - Started process (PID=63445) to work on /opt/airflow/dags/isr_pipeline.py
[2026-04-06T08:04:35.559+0000] {processor.py:830} INFO - Processing file /opt/airflow/dags/isr_pipeline.py for tasks to queue
[2026-04-06T08:04:35.566+0000] {logging_mixin.py:188} INFO - [2026-04-06T08:04:35.564+0000] {dagbag.py:540} INFO - Filling up the DagBag from /opt/airflow/dags/isr_pipeline.py
[2026-04-06T08:04:35.654+0000] {processor.py:840} INFO - DAG(s) 'isr_pipeline' retrieved from /opt/airflow/dags/isr_pipeline.py
[2026-04-06T08:04:35.835+0000] {logging_mixin.py:188} INFO - [2026-04-06T08:04:35.834+0000] {dag.py:3096} INFO - Sync 1 DAGs
[2026-04-06T08:04:36.036+0000] {processor.py:183} INFO - Processing /opt/airflow/dags/isr_pipeline.py took 0.518 seconds
[2026-04-06T08:05:06.219+0000] {processor.py:161} INFO - Started process (PID=63450) to work on /opt/airflow/dags/isr_pipeline.py
[2026-04-06T08:05:06.225+0000] {processor.py:830} INFO - Processing file /opt/airflow/dags/isr_pipeline.py for tasks to queue
[2026-04-06T08:05:06.233+0000] {logging_mixin.py:188} INFO - [2026-04-06T08:05:06.231+0000] {dagbag.py:540} INFO - Filling up the DagBag from /opt/airflow/dags/isr_pipeline.py
[2026-04-06T08:05:06.326+0000] {processor.py:840} INFO - DAG(s) 'isr_pipeline' retrieved from /opt/airflow/dags/isr_pipeline.py
[2026-04-06T08:05:06.511+0000] {logging_mixin.py:188} INFO - [2026-04-06T08:05:06.510+0000] {dag.py:3096} INFO - Sync 1 DAGs
[2026-04-06T08:05:06.713+0000] {processor.py:183} INFO - Processing /opt/airflow/dags/isr_pipeline.py took 0.531 seconds
[2026-04-06T08:05:37.204+0000] {processor.py:161} INFO - Started process (PID=63455) to work on /opt/airflow/dags/isr_pipeline.py
[2026-04-06T08:05:37.211+0000] {processor.py:830} INFO - Processing file /opt/airflow/dags/isr_pipeline.py for tasks to queue
[2026-04-06T08:05:37.218+0000] {logging_mixin.py:188} INFO - [2026-04-06T08:05:37.216+0000] {dagbag.py:540} INFO - Filling up the DagBag from /opt/airflow/dags/isr_pipeline.py
[2026-04-06T08:05:37.320+0000] {processor.py:840} INFO - DAG(s) 'isr_pipeline' retrieved from /opt/airflow/dags/isr_pipeline.py
[2026-04-06T08:05:37.520+0000] {logging_mixin.py:188} INFO - [2026-04-06T08:05:37.519+0000] {dag.py:3096} INFO - Sync 1 DAGs
[2026-04-06T08:05:37.738+0000] {processor.py:183} INFO - Processing /opt/airflow/dags/isr_pipeline.py took 0.579 seconds
[2026-04-06T08:06:08.229+0000] {processor.py:161} INFO - Started process (PID=63460) to work on /opt/airflow/dags/isr_pipeline.py
[2026-04-06T08:06:08.236+0000] {processor.py:830} INFO - Processing file /opt/airflow/dags/isr_pipeline.py for tasks to queue
[2026-04-06T08:06:08.243+0000] {logging_mixin.py:188} INFO - [2026-04-06T08:06:08.241+0000] {dagbag.py:540} INFO - Filling up the DagBag from /opt/airflow/dags/isr_pipeline.py
[2026-04-06T08:06:08.335+0000] {processor.py:840} INFO - DAG(s) 'isr_pipeline' retrieved from /opt/airflow/dags/isr_pipeline.py
[2026-04-06T08:06:08.514+0000] {logging_mixin.py:188} INFO - [2026-04-06T08:06:08.513+0000] {dag.py:3096} INFO - Sync 1 DAGs
[2026-04-06T08:06:08.715+0000] {processor.py:183} INFO - Processing /opt/airflow/dags/isr_pipeline.py took 0.521 seconds
[2026-04-06T08:06:39.256+0000] {processor.py:161} INFO - Started process (PID=63465) to work on /opt/airflow/dags/isr_pipeline.py
[2026-04-06T08:06:39.263+0000] {processor.py:830} INFO - Processing file /opt/airflow/dags/isr_pipeline.py for tasks to queue
[2026-04-06T08:06:39.270+0000] {logging_mixin.py:188} INFO - [2026-04-06T08:06:39.268+0000] {dagbag.py:540} INFO - Filling up the DagBag from /opt/airflow/dags/isr_pipeline.py
[2026-04-06T08:06:39.364+0000] {processor.py:840} INFO - DAG(s) 'isr_pipeline' retrieved from /opt/airflow/dags/isr_pipeline.py
[2026-04-06T08:06:39.654+0000] {logging_mixin.py:188} INFO - [2026-04-06T08:06:39.652+0000] {dag.py:3096} INFO - Sync 1 DAGs
[2026-04-06T08:06:39.911+0000] {processor.py:183} INFO - Processing /opt/airflow/dags/isr_pipeline.py took 0.694 seconds
[2026-04-06T08:07:10.466+0000] {processor.py:161} INFO - Started process (PID=63470) to work on /opt/airflow/dags/isr_pipeline.py
[2026-04-06T08:07:10.473+0000] {processor.py:830} INFO - Processing file /opt/airflow/dags/isr_pipeline.py for tasks to queue
[2026-04-06T08:07:10.480+0000] {logging_mixin.py:188} INFO - [2026-04-06T08:07:10.479+0000] {dagbag.py:540} INFO - Filling up the DagBag from /opt/airflow/dags/isr_pipeline.py
[2026-04-06T08:07:10.571+0000] {processor.py:840} INFO - DAG(s) 'isr_pipeline' retrieved from /opt/airflow/dags/isr_pipeline.py
[2026-04-06T08:07:10.756+0000] {logging_mixin.py:188} INFO - [2026-04-06T08:07:10.755+0000] {dag.py:3096} INFO - Sync 1 DAGs
[2026-04-06T08:07:10.982+0000] {processor.py:183} INFO - Processing /opt/airflow/dags/isr_pipeline.py took 0.555 seconds
[2026-04-06T08:07:41.352+0000] {processor.py:161} INFO - Started process (PID=63475) to work on /opt/airflow/dags/isr_pipeline.py
[2026-04-06T08:07:41.359+0000] {processor.py:830} INFO - Processing file /opt/airflow/dags/isr_pipeline.py for tasks to queue
[2026-04-06T08:07:41.366+0000] {logging_mixin.py:188} INFO - [2026-04-06T08:07:41.365+0000] {dagbag.py:540} INFO - Filling up the DagBag from /opt/airflow/dags/isr_pipeline.py
[2026-04-06T08:07:41.458+0000] {processor.py:840} INFO - DAG(s) 'isr_pipeline' retrieved from /opt/airflow/dags/isr_pipeline.py
[2026-04-06T08:07:41.639+0000] {logging_mixin.py:188} INFO - [2026-04-06T08:07:41.638+0000] {dag.py:3096} INFO - Sync 1 DAGs
[2026-04-06T08:07:41.860+0000] {processor.py:183} INFO - Processing /opt/airflow/dags/isr_pipeline.py took 0.547 seconds
[2026-04-06T08:08:12.355+0000] {processor.py:161} INFO - Started process (PID=63480) to work on /opt/airflow/dags/isr_pipeline.py
[2026-04-06T08:08:12.362+0000] {processor.py:830} INFO - Processing file /opt/airflow/dags/isr_pipeline.py for tasks to queue
[2026-04-06T08:08:12.369+0000] {logging_mixin.py:188} INFO - [2026-04-06T08:08:12.367+0000] {dagbag.py:540} INFO - Filling up the DagBag from /opt/airflow/dags/isr_pipeline.py
[2026-04-06T08:08:12.461+0000] {processor.py:840} INFO - DAG(s) 'isr_pipeline' retrieved from /opt/airflow/dags/isr_pipeline.py
[2026-04-06T08:08:12.642+0000] {logging_mixin.py:188} INFO - [2026-04-06T08:08:12.641+0000] {dag.py:3096} INFO - Sync 1 DAGs
[2026-04-06T08:08:12.849+0000] {processor.py:183} INFO - Processing /opt/airflow/dags/isr_pipeline.py took 0.533 seconds
[2026-04-06T08:08:43.196+0000] {processor.py:161} INFO - Started process (PID=63485) to work on /opt/airflow/dags/isr_pipeline.py
[2026-04-06T08:08:43.203+0000] {processor.py:830} INFO - Processing file /opt/airflow/dags/isr_pipeline.py for tasks to queue
[2026-04-06T08:08:43.212+0000] {logging_mixin.py:188} INFO - [2026-04-06T08:08:43.210+0000] {dagbag.py:540} INFO - Filling up the DagBag from /opt/airflow/dags/isr_pipeline.py
[2026-04-06T08:08:43.316+0000] {processor.py:840} INFO - DAG(s) 'isr_pipeline' retrieved from /opt/airflow/dags/isr_pipeline.py
[2026-04-06T08:08:43.505+0000] {logging_mixin.py:188} INFO - [2026-04-06T08:08:43.504+0000] {dag.py:3096} INFO - Sync 1 DAGs
[2026-04-06T08:08:43.706+0000] {processor.py:183} INFO - Processing /opt/airflow/dags/isr_pipeline.py took 0.550 seconds
[2026-04-06T08:09:14.208+0000] {processor.py:161} INFO - Started process (PID=63490) to work on /opt/airflow/dags/isr_pipeline.py
[2026-04-06T08:09:14.215+0000] {processor.py:830} INFO - Processing file /opt/airflow/dags/isr_pipeline.py for tasks to queue
[2026-04-06T08:09:14.222+0000] {logging_mixin.py:188} INFO - [2026-04-06T08:09:14.220+0000] {dagbag.py:540} INFO - Filling up the DagBag from /opt/airflow/dags/isr_pipeline.py
[2026-04-06T08:09:14.319+0000] {processor.py:840} INFO - DAG(s) 'isr_pipeline' retrieved from /opt/airflow/dags/isr_pipeline.py
[2026-04-06T08:09:14.513+0000] {logging_mixin.py:188} INFO - [2026-04-06T08:09:14.512+0000] {dag.py:3096} INFO - Sync 1 DAGs
[2026-04-06T08:09:14.734+0000] {processor.py:183} INFO - Processing /opt/airflow/dags/isr_pipeline.py took 0.563 seconds
[2026-04-06T08:09:45.146+0000] {processor.py:161} INFO - Started process (PID=63495) to work on /opt/airflow/dags/isr_pipeline.py
[2026-04-06T08:09:45.155+0000] {processor.py:830} INFO - Processing file /opt/airflow/dags/isr_pipeline.py for tasks to queue
[2026-04-06T08:09:45.168+0000] {logging_mixin.py:188} INFO - [2026-04-06T08:09:45.166+0000] {dagbag.py:540} INFO - Filling up the DagBag from /opt/airflow/dags/isr_pipeline.py
[2026-04-06T08:09:45.263+0000] {processor.py:840} INFO - DAG(s) 'isr_pipeline' retrieved from /opt/airflow/dags/isr_pipeline.py
[2026-04-06T08:09:45.444+0000] {logging_mixin.py:188} INFO - [2026-04-06T08:09:45.443+0000] {dag.py:3096} INFO - Sync 1 DAGs
[2026-04-06T08:09:45.644+0000] {processor.py:183} INFO - Processing /opt/airflow/dags/isr_pipeline.py took 0.535 seconds
[2026-04-06T08:10:16.153+0000] {processor.py:161} INFO - Started process (PID=63500) to work on /opt/airflow/dags/isr_pipeline.py
[2026-04-06T08:10:16.160+0000] {processor.py:830} INFO - Processing file /opt/airflow/dags/isr_pipeline.py for tasks to queue
[2026-04-06T08:10:16.167+0000] {logging_mixin.py:188} INFO - [2026-04-06T08:10:16.165+0000] {dagbag.py:540} INFO - Filling up the DagBag from /opt/airflow/dags/isr_pipeline.py
[2026-04-06T08:10:16.260+0000] {processor.py:840} INFO - DAG(s) 'isr_pipeline' retrieved from /opt/airflow/dags/isr_pipeline.py
[2026-04-06T08:10:16.446+0000] {logging_mixin.py:188} INFO - [2026-04-06T08:10:16.445+0000] {dag.py:3096} INFO - Sync 1 DAGs
[2026-04-06T08:10:16.648+0000] {processor.py:183} INFO - Processing /opt/airflow/dags/isr_pipeline.py took 0.535 seconds
[2026-04-06T08:10:47.116+0000] {processor.py:161} INFO - Started process (PID=63505) to work on /opt/airflow/dags/isr_pipeline.py
[2026-04-06T08:10:47.123+0000] {processor.py:830} INFO - Processing file /opt/airflow/dags/isr_pipeline.py for tasks to queue
[2026-04-06T08:10:47.129+0000] {logging_mixin.py:188} INFO - [2026-04-06T08:10:47.127+0000] {dagbag.py:540} INFO - Filling up the DagBag from /opt/airflow/dags/isr_pipeline.py
[2026-04-06T08:10:47.218+0000] {processor.py:840} INFO - DAG(s) 'isr_pipeline' retrieved from /opt/airflow/dags/isr_pipeline.py
[2026-04-06T08:10:47.398+0000] {logging_mixin.py:188} INFO - [2026-04-06T08:10:47.397+0000] {dag.py:3096} INFO - Sync 1 DAGs
[2026-04-06T08:10:47.599+0000] {processor.py:183} INFO - Processing /opt/airflow/dags/isr_pipeline.py took 0.516 seconds
[2026-04-06T08:11:18.153+0000] {processor.py:161} INFO - Started process (PID=63510) to work on /opt/airflow/dags/isr_pipeline.py
[2026-04-06T08:11:18.161+0000] {processor.py:830} INFO - Processing file /opt/airflow/dags/isr_pipeline.py for tasks to queue
[2026-04-06T08:11:18.168+0000] {logging_mixin.py:188} INFO - [2026-04-06T08:11:18.166+0000] {dagbag.py:540} INFO - Filling up the DagBag from /opt/airflow/dags/isr_pipeline.py
[2026-04-06T08:11:18.263+0000] {processor.py:840} INFO - DAG(s) 'isr_pipeline' retrieved from /opt/airflow/dags/isr_pipeline.py
[2026-04-06T08:11:18.458+0000] {logging_mixin.py:188} INFO - [2026-04-06T08:11:18.457+0000] {dag.py:3096} INFO - Sync 1 DAGs
[2026-04-06T08:11:18.687+0000] {processor.py:183} INFO - Processing /opt/airflow/dags/isr_pipeline.py took 0.569 seconds
[2026-04-06T08:11:49.181+0000] {processor.py:161} INFO - Started process (PID=63515) to work on /opt/airflow/dags/isr_pipeline.py
[2026-04-06T08:11:49.188+0000] {processor.py:830} INFO - Processing file /opt/airflow/dags/isr_pipeline.py for tasks to queue
[2026-04-06T08:11:49.194+0000] {logging_mixin.py:188} INFO - [2026-04-06T08:11:49.193+0000] {dagbag.py:540} INFO - Filling up the DagBag from /opt/airflow/dags/isr_pipeline.py
[2026-04-06T08:11:49.291+0000] {processor.py:840} INFO - DAG(s) 'isr_pipeline' retrieved from /opt/airflow/dags/isr_pipeline.py
[2026-04-06T08:11:49.481+0000] {logging_mixin.py:188} INFO - [2026-04-06T08:11:49.480+0000] {dag.py:3096} INFO - Sync 1 DAGs
[2026-04-06T08:11:49.707+0000] {processor.py:183} INFO - Processing /opt/airflow/dags/isr_pipeline.py took 0.564 seconds
[2026-04-06T08:12:20.144+0000] {processor.py:161} INFO - Started process (PID=63520) to work on /opt/airflow/dags/isr_pipeline.py
[2026-04-06T08:12:20.151+0000] {processor.py:830} INFO - Processing file /opt/airflow/dags/isr_pipeline.py for tasks to queue
[2026-04-06T08:12:20.158+0000] {logging_mixin.py:188} INFO - [2026-04-06T08:12:20.156+0000] {dagbag.py:540} INFO - Filling up the DagBag from /opt/airflow/dags/isr_pipeline.py
[2026-04-06T08:12:20.247+0000] {processor.py:840} INFO - DAG(s) 'isr_pipeline' retrieved from /opt/airflow/dags/isr_pipeline.py
[2026-04-06T08:12:20.429+0000] {logging_mixin.py:188} INFO - [2026-04-06T08:12:20.428+0000] {dag.py:3096} INFO - Sync 1 DAGs
[2026-04-06T08:12:20.643+0000] {processor.py:183} INFO - Processing /opt/airflow/dags/isr_pipeline.py took 0.532 seconds
[2026-04-06T08:12:51.174+0000] {processor.py:161} INFO - Started process (PID=63525) to work on /opt/airflow/dags/isr_pipeline.py
[2026-04-06T08:12:51.182+0000] {processor.py:830} INFO - Processing file /opt/airflow/dags/isr_pipeline.py for tasks to queue
[2026-04-06T08:12:51.190+0000] {logging_mixin.py:188} INFO - [2026-04-06T08:12:51.188+0000] {dagbag.py:540} INFO - Filling up the DagBag from /opt/airflow/dags/isr_pipeline.py
[2026-04-06T08:12:51.282+0000] {processor.py:840} INFO - DAG(s) 'isr_pipeline' retrieved from /opt/airflow/dags/isr_pipeline.py
[2026-04-06T08:12:51.471+0000] {logging_mixin.py:188} INFO - [2026-04-06T08:12:51.470+0000] {dag.py:3096} INFO - Sync 1 DAGs
[2026-04-06T08:12:51.678+0000] {processor.py:183} INFO - Processing /opt/airflow/dags/isr_pipeline.py took 0.540 seconds
[2026-04-06T08:13:21.869+0000] {processor.py:161} INFO - Started process (PID=63530) to work on /opt/airflow/dags/isr_pipeline.py
[2026-04-06T08:13:21.876+0000] {processor.py:830} INFO - Processing file /opt/airflow/dags/isr_pipeline.py for tasks to queue
[2026-04-06T08:13:21.883+0000] {logging_mixin.py:188} INFO - [2026-04-06T08:13:21.881+0000] {dagbag.py:540} INFO - Filling up the DagBag from /opt/airflow/dags/isr_pipeline.py
[2026-04-06T08:13:21.971+0000] {processor.py:840} INFO - DAG(s) 'isr_pipeline' retrieved from /opt/airflow/dags/isr_pipeline.py
[2026-04-06T08:13:22.153+0000] {logging_mixin.py:188} INFO - [2026-04-06T08:13:22.152+0000] {dag.py:3096} INFO - Sync 1 DAGs
[2026-04-06T08:13:22.356+0000] {processor.py:183} INFO - Processing /opt/airflow/dags/isr_pipeline.py took 0.526 seconds
[2026-04-06T08:13:52.858+0000] {processor.py:161} INFO - Started process (PID=63535) to work on /opt/airflow/dags/isr_pipeline.py
[2026-04-06T08:13:52.865+0000] {processor.py:830} INFO - Processing file /opt/airflow/dags/isr_pipeline.py for tasks to queue
[2026-04-06T08:13:52.872+0000] {logging_mixin.py:188} INFO - [2026-04-06T08:13:52.870+0000] {dagbag.py:540} INFO - Filling up the DagBag from /opt/airflow/dags/isr_pipeline.py
[2026-04-06T08:13:52.959+0000] {processor.py:840} INFO - DAG(s) 'isr_pipeline' retrieved from /opt/airflow/dags/isr_pipeline.py
[2026-04-06T08:13:53.139+0000] {logging_mixin.py:188} INFO - [2026-04-06T08:13:53.138+0000] {dag.py:3096} INFO - Sync 1 DAGs
[2026-04-06T08:13:53.347+0000] {processor.py:183} INFO - Processing /opt/airflow/dags/isr_pipeline.py took 0.527 seconds
[2026-04-06T08:14:23.941+0000] {processor.py:161} INFO - Started process (PID=63540) to work on /opt/airflow/dags/isr_pipeline.py
[2026-04-06T08:14:23.948+0000] {processor.py:830} INFO - Processing file /opt/airflow/dags/isr_pipeline.py for tasks to queue
[2026-04-06T08:14:23.955+0000] {logging_mixin.py:188} INFO - [2026-04-06T08:14:23.953+0000] {dagbag.py:540} INFO - Filling up the DagBag from /opt/airflow/dags/isr_pipeline.py
[2026-04-06T08:14:24.042+0000] {processor.py:840} INFO - DAG(s) 'isr_pipeline' retrieved from /opt/airflow/dags/isr_pipeline.py
[2026-04-06T08:14:24.219+0000] {logging_mixin.py:188} INFO - [2026-04-06T08:14:24.218+0000] {dag.py:3096} INFO - Sync 1 DAGs
[2026-04-06T08:14:24.431+0000] {processor.py:183} INFO - Processing /opt/airflow/dags/isr_pipeline.py took 0.524 seconds
[2026-04-06T08:14:54.933+0000] {processor.py:161} INFO - Started process (PID=63545) to work on /opt/airflow/dags/isr_pipeline.py
[2026-04-06T08:14:54.939+0000] {processor.py:830} INFO - Processing file /opt/airflow/dags/isr_pipeline.py for tasks to queue
[2026-04-06T08:14:54.945+0000] {logging_mixin.py:188} INFO - [2026-04-06T08:14:54.944+0000] {dagbag.py:540} INFO - Filling up the DagBag from /opt/airflow/dags/isr_pipeline.py
[2026-04-06T08:14:55.040+0000] {processor.py:840} INFO - DAG(s) 'isr_pipeline' retrieved from /opt/airflow/dags/isr_pipeline.py
[2026-04-06T08:14:55.233+0000] {logging_mixin.py:188} INFO - [2026-04-06T08:14:55.232+0000] {dag.py:3096} INFO - Sync 1 DAGs
[2026-04-06T08:14:55.482+0000] {processor.py:183} INFO - Processing /opt/airflow/dags/isr_pipeline.py took 0.587 seconds
[2026-04-06T08:15:25.866+0000] {processor.py:161} INFO - Started process (PID=63550) to work on /opt/airflow/dags/isr_pipeline.py
[2026-04-06T08:15:25.867+0000] {processor.py:830} INFO - Processing file /opt/airflow/dags/isr_pipeline.py for tasks to queue
[2026-04-06T08:15:25.869+0000] {logging_mixin.py:188} INFO - [2026-04-06T08:15:25.868+0000] {dagbag.py:540} INFO - Filling up the DagBag from /opt/airflow/dags/isr_pipeline.py
[2026-04-06T08:15:25.886+0000] {processor.py:840} INFO - DAG(s) 'isr_pipeline' retrieved from /opt/airflow/dags/isr_pipeline.py
[2026-04-06T08:15:25.924+0000] {logging_mixin.py:188} INFO - [2026-04-06T08:15:25.923+0000] {dag.py:3096} INFO - Sync 1 DAGs
[2026-04-06T08:15:25.964+0000] {processor.py:183} INFO - Processing /opt/airflow/dags/isr_pipeline.py took 0.106 seconds
[2026-04-06T08:15:56.121+0000] {processor.py:161} INFO - Started process (PID=63555) to work on /opt/airflow/dags/isr_pipeline.py
[2026-04-06T08:15:56.123+0000] {processor.py:830} INFO - Processing file /opt/airflow/dags/isr_pipeline.py for tasks to queue
[2026-04-06T08:15:56.124+0000] {logging_mixin.py:188} INFO - [2026-04-06T08:15:56.124+0000] {dagbag.py:540} INFO - Filling up the DagBag from /opt/airflow/dags/isr_pipeline.py
[2026-04-06T08:15:56.142+0000] {processor.py:840} INFO - DAG(s) 'isr_pipeline' retrieved from /opt/airflow/dags/isr_pipeline.py
[2026-04-06T08:15:56.178+0000] {logging_mixin.py:188} INFO - [2026-04-06T08:15:56.178+0000] {dag.py:3096} INFO - Sync 1 DAGs
[2026-04-06T08:15:56.219+0000] {processor.py:183} INFO - Processing /opt/airflow/dags/isr_pipeline.py took 0.107 seconds
[2026-04-06T08:16:26.354+0000] {processor.py:161} INFO - Started process (PID=63560) to work on /opt/airflow/dags/isr_pipeline.py
[2026-04-06T08:16:26.356+0000] {processor.py:830} INFO - Processing file /opt/airflow/dags/isr_pipeline.py for tasks to queue
[2026-04-06T08:16:26.357+0000] {logging_mixin.py:188} INFO - [2026-04-06T08:16:26.357+0000] {dagbag.py:540} INFO - Filling up the DagBag from /opt/airflow/dags/isr_pipeline.py
[2026-04-06T08:16:26.376+0000] {processor.py:840} INFO - DAG(s) 'isr_pipeline' retrieved from /opt/airflow/dags/isr_pipeline.py
[2026-04-06T08:16:26.415+0000] {logging_mixin.py:188} INFO - [2026-04-06T08:16:26.415+0000] {dag.py:3096} INFO - Sync 1 DAGs
[2026-04-06T08:16:26.459+0000] {processor.py:183} INFO - Processing /opt/airflow/dags/isr_pipeline.py took 0.113 seconds
[2026-04-06T08:16:56.654+0000] {processor.py:161} INFO - Started process (PID=63565) to work on /opt/airflow/dags/isr_pipeline.py
[2026-04-06T08:16:56.655+0000] {processor.py:830} INFO - Processing file /opt/airflow/dags/isr_pipeline.py for tasks to queue
[2026-04-06T08:16:56.657+0000] {logging_mixin.py:188} INFO - [2026-04-06T08:16:56.656+0000] {dagbag.py:540} INFO - Filling up the DagBag from /opt/airflow/dags/isr_pipeline.py
[2026-04-06T08:16:56.679+0000] {processor.py:840} INFO - DAG(s) 'isr_pipeline' retrieved from /opt/airflow/dags/isr_pipeline.py
[2026-04-06T08:16:56.715+0000] {logging_mixin.py:188} INFO - [2026-04-06T08:16:56.715+0000] {dag.py:3096} INFO - Sync 1 DAGs
[2026-04-06T08:16:56.761+0000] {processor.py:183} INFO - Processing /opt/airflow/dags/isr_pipeline.py took 0.115 seconds
[2026-04-06T08:17:26.870+0000] {processor.py:161} INFO - Started process (PID=63570) to work on /opt/airflow/dags/isr_pipeline.py
[2026-04-06T08:17:26.873+0000] {processor.py:830} INFO - Processing file /opt/airflow/dags/isr_pipeline.py for tasks to queue
[2026-04-06T08:17:26.878+0000] {logging_mixin.py:188} INFO - [2026-04-06T08:17:26.877+0000] {dagbag.py:540} INFO - Filling up the DagBag from /opt/airflow/dags/isr_pipeline.py
[2026-04-06T08:17:26.911+0000] {processor.py:840} INFO - DAG(s) 'isr_pipeline' retrieved from /opt/airflow/dags/isr_pipeline.py
[2026-04-06T08:17:26.971+0000] {logging_mixin.py:188} INFO - [2026-04-06T08:17:26.971+0000] {dag.py:3096} INFO - Sync 1 DAGs
[2026-04-06T08:17:27.042+0000] {processor.py:183} INFO - Processing /opt/airflow/dags/isr_pipeline.py took 0.186 seconds
[2026-04-06T08:17:57.265+0000] {processor.py:161} INFO - Started process (PID=63575) to work on /opt/airflow/dags/isr_pipeline.py
[2026-04-06T08:17:57.267+0000] {processor.py:830} INFO - Processing file /opt/airflow/dags/isr_pipeline.py for tasks to queue
[2026-04-06T08:17:57.269+0000] {logging_mixin.py:188} INFO - [2026-04-06T08:17:57.268+0000] {dagbag.py:540} INFO - Filling up the DagBag from /opt/airflow/dags/isr_pipeline.py
[2026-04-06T08:17:57.288+0000] {processor.py:840} INFO - DAG(s) 'isr_pipeline' retrieved from /opt/airflow/dags/isr_pipeline.py
[2026-04-06T08:17:57.341+0000] {logging_mixin.py:188} INFO - [2026-04-06T08:17:57.341+0000] {dag.py:3096} INFO - Sync 1 DAGs
[2026-04-06T08:17:57.383+0000] {processor.py:183} INFO - Processing /opt/airflow/dags/isr_pipeline.py took 0.127 seconds
[2026-04-06T08:18:27.462+0000] {processor.py:161} INFO - Started process (PID=63580) to work on /opt/airflow/dags/isr_pipeline.py
[2026-04-06T08:18:27.466+0000] {processor.py:830} INFO - Processing file /opt/airflow/dags/isr_pipeline.py for tasks to queue
[2026-04-06T08:18:27.468+0000] {logging_mixin.py:188} INFO - [2026-04-06T08:18:27.467+0000] {dagbag.py:540} INFO - Filling up the DagBag from /opt/airflow/dags/isr_pipeline.py
[2026-04-06T08:18:27.506+0000] {processor.py:840} INFO - DAG(s) 'isr_pipeline' retrieved from /opt/airflow/dags/isr_pipeline.py
[2026-04-06T08:18:27.570+0000] {logging_mixin.py:188} INFO - [2026-04-06T08:18:27.570+0000] {dag.py:3096} INFO - Sync 1 DAGs
[2026-04-06T08:18:27.641+0000] {processor.py:183} INFO - Processing /opt/airflow/dags/isr_pipeline.py took 0.193 seconds
[2026-04-06T08:18:57.767+0000] {processor.py:161} INFO - Started process (PID=63585) to work on /opt/airflow/dags/isr_pipeline.py
[2026-04-06T08:18:57.769+0000] {processor.py:830} INFO - Processing file /opt/airflow/dags/isr_pipeline.py for tasks to queue
[2026-04-06T08:18:57.770+0000] {logging_mixin.py:188} INFO - [2026-04-06T08:18:57.770+0000] {dagbag.py:540} INFO - Filling up the DagBag from /opt/airflow/dags/isr_pipeline.py
[2026-04-06T08:18:57.794+0000] {processor.py:840} INFO - DAG(s) 'isr_pipeline' retrieved from /opt/airflow/dags/isr_pipeline.py
[2026-04-06T08:18:57.832+0000] {logging_mixin.py:188} INFO - [2026-04-06T08:18:57.831+0000] {dag.py:3096} INFO - Sync 1 DAGs
[2026-04-06T08:18:57.874+0000] {processor.py:183} INFO - Processing /opt/airflow/dags/isr_pipeline.py took 0.116 seconds
[2026-04-06T08:28:50.907+0000] {processor.py:161} INFO - Started process (PID=63590) to work on /opt/airflow/dags/isr_pipeline.py
[2026-04-06T08:28:50.909+0000] {processor.py:830} INFO - Processing file /opt/airflow/dags/isr_pipeline.py for tasks to queue
[2026-04-06T08:28:50.911+0000] {logging_mixin.py:188} INFO - [2026-04-06T08:28:50.910+0000] {dagbag.py:540} INFO - Filling up the DagBag from /opt/airflow/dags/isr_pipeline.py
[2026-04-06T08:28:50.941+0000] {processor.py:840} INFO - DAG(s) 'isr_pipeline' retrieved from /opt/airflow/dags/isr_pipeline.py
[2026-04-06T08:28:51.251+0000] {logging_mixin.py:188} INFO - [2026-04-06T08:28:51.250+0000] {dag.py:3096} INFO - Sync 1 DAGs
[2026-04-06T08:28:51.338+0000] {processor.py:183} INFO - Processing /opt/airflow/dags/isr_pipeline.py took 0.438 seconds
[2026-04-06T08:29:21.626+0000] {processor.py:161} INFO - Started process (PID=63595) to work on /opt/airflow/dags/isr_pipeline.py
[2026-04-06T08:29:21.628+0000] {processor.py:830} INFO - Processing file /opt/airflow/dags/isr_pipeline.py for tasks to queue
[2026-04-06T08:29:21.629+0000] {logging_mixin.py:188} INFO - [2026-04-06T08:29:21.629+0000] {dagbag.py:540} INFO - Filling up the DagBag from /opt/airflow/dags/isr_pipeline.py
[2026-04-06T08:29:21.649+0000] {processor.py:840} INFO - DAG(s) 'isr_pipeline' retrieved from /opt/airflow/dags/isr_pipeline.py
[2026-04-06T08:29:21.684+0000] {logging_mixin.py:188} INFO - [2026-04-06T08:29:21.684+0000] {dag.py:3096} INFO - Sync 1 DAGs
[2026-04-06T08:29:21.725+0000] {processor.py:183} INFO - Processing /opt/airflow/dags/isr_pipeline.py took 0.107 seconds
[2026-04-06T08:29:51.821+0000] {processor.py:161} INFO - Started process (PID=63600) to work on /opt/airflow/dags/isr_pipeline.py
[2026-04-06T08:29:51.823+0000] {processor.py:830} INFO - Processing file /opt/airflow/dags/isr_pipeline.py for tasks to queue
[2026-04-06T08:29:51.825+0000] {logging_mixin.py:188} INFO - [2026-04-06T08:29:51.824+0000] {dagbag.py:540} INFO - Filling up the DagBag from /opt/airflow/dags/isr_pipeline.py
[2026-04-06T08:29:51.844+0000] {processor.py:840} INFO - DAG(s) 'isr_pipeline' retrieved from /opt/airflow/dags/isr_pipeline.py
[2026-04-06T08:29:51.879+0000] {logging_mixin.py:188} INFO - [2026-04-06T08:29:51.879+0000] {dag.py:3096} INFO - Sync 1 DAGs
[2026-04-06T08:29:51.918+0000] {processor.py:183} INFO - Processing /opt/airflow/dags/isr_pipeline.py took 0.105 seconds
[2026-04-06T08:30:22.037+0000] {processor.py:161} INFO - Started process (PID=63605) to work on /opt/airflow/dags/isr_pipeline.py
[2026-04-06T08:30:22.039+0000] {processor.py:830} INFO - Processing file /opt/airflow/dags/isr_pipeline.py for tasks to queue
[2026-04-06T08:30:22.041+0000] {logging_mixin.py:188} INFO - [2026-04-06T08:30:22.040+0000] {dagbag.py:540} INFO - Filling up the DagBag from /opt/airflow/dags/isr_pipeline.py
[2026-04-06T08:30:22.060+0000] {processor.py:840} INFO - DAG(s) 'isr_pipeline' retrieved from /opt/airflow/dags/isr_pipeline.py
[2026-04-06T08:30:22.091+0000] {logging_mixin.py:188} INFO - [2026-04-06T08:30:22.091+0000] {dag.py:3096} INFO - Sync 1 DAGs
[2026-04-06T08:30:22.130+0000] {processor.py:183} INFO - Processing /opt/airflow/dags/isr_pipeline.py took 0.101 seconds
[2026-04-06T08:30:52.191+0000] {processor.py:161} INFO - Started process (PID=63610) to work on /opt/airflow/dags/isr_pipeline.py
[2026-04-06T08:30:52.192+0000] {processor.py:830} INFO - Processing file /opt/airflow/dags/isr_pipeline.py for tasks to queue
[2026-04-06T08:30:52.194+0000] {logging_mixin.py:188} INFO - [2026-04-06T08:30:52.193+0000] {dagbag.py:540} INFO - Filling up the DagBag from /opt/airflow/dags/isr_pipeline.py
[2026-04-06T08:30:52.212+0000] {processor.py:840} INFO - DAG(s) 'isr_pipeline' retrieved from /opt/airflow/dags/isr_pipeline.py
[2026-04-06T08:30:52.252+0000] {logging_mixin.py:188} INFO - [2026-04-06T08:30:52.251+0000] {dag.py:3096} INFO - Sync 1 DAGs
[2026-04-06T08:30:52.393+0000] {processor.py:183} INFO - Processing /opt/airflow/dags/isr_pipeline.py took 0.210 seconds
[2026-04-06T08:31:22.591+0000] {processor.py:161} INFO - Started process (PID=63615) to work on /opt/airflow/dags/isr_pipeline.py
[2026-04-06T08:31:22.593+0000] {processor.py:830} INFO - Processing file /opt/airflow/dags/isr_pipeline.py for tasks to queue
[2026-04-06T08:31:22.595+0000] {logging_mixin.py:188} INFO - [2026-04-06T08:31:22.595+0000] {dagbag.py:540} INFO - Filling up the DagBag from /opt/airflow/dags/isr_pipeline.py
[2026-04-06T08:31:22.615+0000] {processor.py:840} INFO - DAG(s) 'isr_pipeline' retrieved from /opt/airflow/dags/isr_pipeline.py
[2026-04-06T08:31:22.653+0000] {logging_mixin.py:188} INFO - [2026-04-06T08:31:22.652+0000] {dag.py:3096} INFO - Sync 1 DAGs
[2026-04-06T08:31:22.690+0000] {processor.py:183} INFO - Processing /opt/airflow/dags/isr_pipeline.py took 0.106 seconds
[2026-04-06T08:31:52.764+0000] {processor.py:161} INFO - Started process (PID=63620) to work on /opt/airflow/dags/isr_pipeline.py
[2026-04-06T08:31:52.765+0000] {processor.py:830} INFO - Processing file /opt/airflow/dags/isr_pipeline.py for tasks to queue
[2026-04-06T08:31:52.767+0000] {logging_mixin.py:188} INFO - [2026-04-06T08:31:52.767+0000] {dagbag.py:540} INFO - Filling up the DagBag from /opt/airflow/dags/isr_pipeline.py
[2026-04-06T08:31:52.785+0000] {processor.py:840} INFO - DAG(s) 'isr_pipeline' retrieved from /opt/airflow/dags/isr_pipeline.py
[2026-04-06T08:31:52.824+0000] {logging_mixin.py:188} INFO - [2026-04-06T08:31:52.824+0000] {dag.py:3096} INFO - Sync 1 DAGs
[2026-04-06T08:31:52.866+0000] {processor.py:183} INFO - Processing /opt/airflow/dags/isr_pipeline.py took 0.110 seconds
[2026-04-06T08:32:22.986+0000] {processor.py:161} INFO - Started process (PID=63625) to work on /opt/airflow/dags/isr_pipeline.py
[2026-04-06T08:32:22.987+0000] {processor.py:830} INFO - Processing file /opt/airflow/dags/isr_pipeline.py for tasks to queue
[2026-04-06T08:32:22.989+0000] {logging_mixin.py:188} INFO - [2026-04-06T08:32:22.988+0000] {dagbag.py:540} INFO - Filling up the DagBag from /opt/airflow/dags/isr_pipeline.py
[2026-04-06T08:32:23.008+0000] {processor.py:840} INFO - DAG(s) 'isr_pipeline' retrieved from /opt/airflow/dags/isr_pipeline.py
[2026-04-06T08:32:23.042+0000] {logging_mixin.py:188} INFO - [2026-04-06T08:32:23.041+0000] {dag.py:3096} INFO - Sync 1 DAGs
[2026-04-06T08:32:23.077+0000] {processor.py:183} INFO - Processing /opt/airflow/dags/isr_pipeline.py took 0.098 seconds
[2026-04-06T08:32:53.198+0000] {processor.py:161} INFO - Started process (PID=63630) to work on /opt/airflow/dags/isr_pipeline.py
[2026-04-06T08:32:53.199+0000] {processor.py:830} INFO - Processing file /opt/airflow/dags/isr_pipeline.py for tasks to queue
[2026-04-06T08:32:53.200+0000] {logging_mixin.py:188} INFO - [2026-04-06T08:32:53.200+0000] {dagbag.py:540} INFO - Filling up the DagBag from /opt/airflow/dags/isr_pipeline.py
[2026-04-06T08:32:53.219+0000] {processor.py:840} INFO - DAG(s) 'isr_pipeline' retrieved from /opt/airflow/dags/isr_pipeline.py
[2026-04-06T08:32:53.257+0000] {logging_mixin.py:188} INFO - [2026-04-06T08:32:53.257+0000] {dag.py:3096} INFO - Sync 1 DAGs
[2026-04-06T08:32:53.298+0000] {processor.py:183} INFO - Processing /opt/airflow/dags/isr_pipeline.py took 0.108 seconds
[2026-04-06T08:33:23.419+0000] {processor.py:161} INFO - Started process (PID=63635) to work on /opt/airflow/dags/isr_pipeline.py
[2026-04-06T08:33:23.421+0000] {processor.py:830} INFO - Processing file /opt/airflow/dags/isr_pipeline.py for tasks to queue
[2026-04-06T08:33:23.423+0000] {logging_mixin.py:188} INFO - [2026-04-06T08:33:23.422+0000] {dagbag.py:540} INFO - Filling up the DagBag from /opt/airflow/dags/isr_pipeline.py
[2026-04-06T08:33:23.441+0000] {processor.py:840} INFO - DAG(s) 'isr_pipeline' retrieved from /opt/airflow/dags/isr_pipeline.py
[2026-04-06T08:33:23.478+0000] {logging_mixin.py:188} INFO - [2026-04-06T08:33:23.478+0000] {dag.py:3096} INFO - Sync 1 DAGs
[2026-04-06T08:33:23.520+0000] {processor.py:183} INFO - Processing /opt/airflow/dags/isr_pipeline.py took 0.109 seconds
[2026-04-06T08:33:53.651+0000] {processor.py:161} INFO - Started process (PID=63640) to work on /opt/airflow/dags/isr_pipeline.py
[2026-04-06T08:33:53.652+0000] {processor.py:830} INFO - Processing file /opt/airflow/dags/isr_pipeline.py for tasks to queue
[2026-04-06T08:33:53.654+0000] {logging_mixin.py:188} INFO - [2026-04-06T08:33:53.654+0000] {dagbag.py:540} INFO - Filling up the DagBag from /opt/airflow/dags/isr_pipeline.py
[2026-04-06T08:33:53.672+0000] {processor.py:840} INFO - DAG(s) 'isr_pipeline' retrieved from /opt/airflow/dags/isr_pipeline.py
[2026-04-06T08:33:53.709+0000] {logging_mixin.py:188} INFO - [2026-04-06T08:33:53.709+0000] {dag.py:3096} INFO - Sync 1 DAGs
[2026-04-06T08:33:53.750+0000] {processor.py:183} INFO - Processing /opt/airflow/dags/isr_pipeline.py took 0.108 seconds
[2026-04-06T08:34:23.865+0000] {processor.py:161} INFO - Started process (PID=63645) to work on /opt/airflow/dags/isr_pipeline.py
[2026-04-06T08:34:23.867+0000] {processor.py:830} INFO - Processing file /opt/airflow/dags/isr_pipeline.py for tasks to queue
[2026-04-06T08:34:23.868+0000] {logging_mixin.py:188} INFO - [2026-04-06T08:34:23.868+0000] {dagbag.py:540} INFO - Filling up the DagBag from /opt/airflow/dags/isr_pipeline.py
[2026-04-06T08:34:23.886+0000] {processor.py:840} INFO - DAG(s) 'isr_pipeline' retrieved from /opt/airflow/dags/isr_pipeline.py
[2026-04-06T08:34:23.923+0000] {logging_mixin.py:188} INFO - [2026-04-06T08:34:23.922+0000] {dag.py:3096} INFO - Sync 1 DAGs
[2026-04-06T08:34:23.964+0000] {processor.py:183} INFO - Processing /opt/airflow/dags/isr_pipeline.py took 0.106 seconds
[2026-04-06T08:34:54.085+0000] {processor.py:161} INFO - Started process (PID=63650) to work on /opt/airflow/dags/isr_pipeline.py
[2026-04-06T08:34:54.086+0000] {processor.py:830} INFO - Processing file /opt/airflow/dags/isr_pipeline.py for tasks to queue
[2026-04-06T08:34:54.088+0000] {logging_mixin.py:188} INFO - [2026-04-06T08:34:54.087+0000] {dagbag.py:540} INFO - Filling up the DagBag from /opt/airflow/dags/isr_pipeline.py
[2026-04-06T08:34:54.109+0000] {processor.py:840} INFO - DAG(s) 'isr_pipeline' retrieved from /opt/airflow/dags/isr_pipeline.py
[2026-04-06T08:34:54.145+0000] {logging_mixin.py:188} INFO - [2026-04-06T08:34:54.145+0000] {dag.py:3096} INFO - Sync 1 DAGs
[2026-04-06T08:34:54.187+0000] {processor.py:183} INFO - Processing /opt/airflow/dags/isr_pipeline.py took 0.109 seconds
[2026-04-06T08:35:24.238+0000] {processor.py:161} INFO - Started process (PID=63655) to work on /opt/airflow/dags/isr_pipeline.py
[2026-04-06T08:35:24.239+0000] {processor.py:830} INFO - Processing file /opt/airflow/dags/isr_pipeline.py for tasks to queue
[2026-04-06T08:35:24.241+0000] {logging_mixin.py:188} INFO - [2026-04-06T08:35:24.240+0000] {dagbag.py:540} INFO - Filling up the DagBag from /opt/airflow/dags/isr_pipeline.py
[2026-04-06T08:35:24.260+0000] {processor.py:840} INFO - DAG(s) 'isr_pipeline' retrieved from /opt/airflow/dags/isr_pipeline.py
[2026-04-06T08:35:24.298+0000] {logging_mixin.py:188} INFO - [2026-04-06T08:35:24.297+0000] {dag.py:3096} INFO - Sync 1 DAGs
[2026-04-06T08:35:24.339+0000] {processor.py:183} INFO - Processing /opt/airflow/dags/isr_pipeline.py took 0.110 seconds
[2026-04-06T08:35:54.504+0000] {processor.py:161} INFO - Started process (PID=63660) to work on /opt/airflow/dags/isr_pipeline.py
[2026-04-06T08:35:54.505+0000] {processor.py:830} INFO - Processing file /opt/airflow/dags/isr_pipeline.py for tasks to queue
[2026-04-06T08:35:54.507+0000] {logging_mixin.py:188} INFO - [2026-04-06T08:35:54.506+0000] {dagbag.py:540} INFO - Filling up the DagBag from /opt/airflow/dags/isr_pipeline.py
[2026-04-06T08:35:54.525+0000] {processor.py:840} INFO - DAG(s) 'isr_pipeline' retrieved from /opt/airflow/dags/isr_pipeline.py
[2026-04-06T08:35:54.561+0000] {logging_mixin.py:188} INFO - [2026-04-06T08:35:54.561+0000] {dag.py:3096} INFO - Sync 1 DAGs
[2026-04-06T08:35:54.603+0000] {processor.py:183} INFO - Processing /opt/airflow/dags/isr_pipeline.py took 0.108 seconds
[2026-04-06T08:36:24.682+0000] {processor.py:161} INFO - Started process (PID=63665) to work on /opt/airflow/dags/isr_pipeline.py
[2026-04-06T08:36:24.684+0000] {processor.py:830} INFO - Processing file /opt/airflow/dags/isr_pipeline.py for tasks to queue
[2026-04-06T08:36:24.685+0000] {logging_mixin.py:188} INFO - [2026-04-06T08:36:24.685+0000] {dagbag.py:540} INFO - Filling up the DagBag from /opt/airflow/dags/isr_pipeline.py
[2026-04-06T08:36:24.703+0000] {processor.py:840} INFO - DAG(s) 'isr_pipeline' retrieved from /opt/airflow/dags/isr_pipeline.py
[2026-04-06T08:36:24.741+0000] {logging_mixin.py:188} INFO - [2026-04-06T08:36:24.741+0000] {dag.py:3096} INFO - Sync 1 DAGs
[2026-04-06T08:36:24.785+0000] {processor.py:183} INFO - Processing /opt/airflow/dags/isr_pipeline.py took 0.110 seconds
[2026-04-06T08:36:54.982+0000] {processor.py:161} INFO - Started process (PID=63670) to work on /opt/airflow/dags/isr_pipeline.py
[2026-04-06T08:36:54.983+0000] {processor.py:830} INFO - Processing file /opt/airflow/dags/isr_pipeline.py for tasks to queue
[2026-04-06T08:36:54.984+0000] {logging_mixin.py:188} INFO - [2026-04-06T08:36:54.984+0000] {dagbag.py:540} INFO - Filling up the DagBag from /opt/airflow/dags/isr_pipeline.py
[2026-04-06T08:36:55.002+0000] {processor.py:840} INFO - DAG(s) 'isr_pipeline' retrieved from /opt/airflow/dags/isr_pipeline.py
[2026-04-06T08:36:55.038+0000] {logging_mixin.py:188} INFO - [2026-04-06T08:36:55.038+0000] {dag.py:3096} INFO - Sync 1 DAGs
[2026-04-06T08:36:55.078+0000] {processor.py:183} INFO - Processing /opt/airflow/dags/isr_pipeline.py took 0.104 seconds
[2026-04-06T08:37:25.248+0000] {processor.py:161} INFO - Started process (PID=63675) to work on /opt/airflow/dags/isr_pipeline.py
[2026-04-06T08:37:25.249+0000] {processor.py:830} INFO - Processing file /opt/airflow/dags/isr_pipeline.py for tasks to queue
[2026-04-06T08:37:25.251+0000] {logging_mixin.py:188} INFO - [2026-04-06T08:37:25.251+0000] {dagbag.py:540} INFO - Filling up the DagBag from /opt/airflow/dags/isr_pipeline.py
[2026-04-06T08:37:25.271+0000] {processor.py:840} INFO - DAG(s) 'isr_pipeline' retrieved from /opt/airflow/dags/isr_pipeline.py
[2026-04-06T08:37:25.309+0000] {logging_mixin.py:188} INFO - [2026-04-06T08:37:25.308+0000] {dag.py:3096} INFO - Sync 1 DAGs
[2026-04-06T08:37:25.351+0000] {processor.py:183} INFO - Processing /opt/airflow/dags/isr_pipeline.py took 0.112 seconds
[2026-04-06T08:37:55.479+0000] {processor.py:161} INFO - Started process (PID=63680) to work on /opt/airflow/dags/isr_pipeline.py
[2026-04-06T08:37:55.480+0000] {processor.py:830} INFO - Processing file /opt/airflow/dags/isr_pipeline.py for tasks to queue
[2026-04-06T08:37:55.481+0000] {logging_mixin.py:188} INFO - [2026-04-06T08:37:55.481+0000] {dagbag.py:540} INFO - Filling up the DagBag from /opt/airflow/dags/isr_pipeline.py
[2026-04-06T08:37:55.502+0000] {processor.py:840} INFO - DAG(s) 'isr_pipeline' retrieved from /opt/airflow/dags/isr_pipeline.py
[2026-04-06T08:37:55.542+0000] {logging_mixin.py:188} INFO - [2026-04-06T08:37:55.542+0000] {dag.py:3096} INFO - Sync 1 DAGs
[2026-04-06T08:37:55.591+0000] {processor.py:183} INFO - Processing /opt/airflow/dags/isr_pipeline.py took 0.120 seconds
[2026-04-06T08:38:25.737+0000] {processor.py:161} INFO - Started process (PID=63685) to work on /opt/airflow/dags/isr_pipeline.py
[2026-04-06T08:38:25.738+0000] {processor.py:830} INFO - Processing file /opt/airflow/dags/isr_pipeline.py for tasks to queue
[2026-04-06T08:38:25.740+0000] {logging_mixin.py:188} INFO - [2026-04-06T08:38:25.739+0000] {dagbag.py:540} INFO - Filling up the DagBag from /opt/airflow/dags/isr_pipeline.py
[2026-04-06T08:38:25.809+0000] {processor.py:840} INFO - DAG(s) 'isr_pipeline' retrieved from /opt/airflow/dags/isr_pipeline.py
[2026-04-06T08:38:25.850+0000] {logging_mixin.py:188} INFO - [2026-04-06T08:38:25.850+0000] {dag.py:3096} INFO - Sync 1 DAGs
[2026-04-06T08:38:25.894+0000] {processor.py:183} INFO - Processing /opt/airflow/dags/isr_pipeline.py took 0.168 seconds
[2026-04-06T08:38:56.062+0000] {processor.py:161} INFO - Started process (PID=63690) to work on /opt/airflow/dags/isr_pipeline.py
[2026-04-06T08:38:56.064+0000] {processor.py:830} INFO - Processing file /opt/airflow/dags/isr_pipeline.py for tasks to queue
[2026-04-06T08:38:56.065+0000] {logging_mixin.py:188} INFO - [2026-04-06T08:38:56.065+0000] {dagbag.py:540} INFO - Filling up the DagBag from /opt/airflow/dags/isr_pipeline.py
[2026-04-06T08:38:56.083+0000] {processor.py:840} INFO - DAG(s) 'isr_pipeline' retrieved from /opt/airflow/dags/isr_pipeline.py
[2026-04-06T08:38:56.120+0000] {logging_mixin.py:188} INFO - [2026-04-06T08:38:56.120+0000] {dag.py:3096} INFO - Sync 1 DAGs
[2026-04-06T08:38:56.163+0000] {processor.py:183} INFO - Processing /opt/airflow/dags/isr_pipeline.py took 0.109 seconds
[2026-04-06T08:39:26.225+0000] {processor.py:161} INFO - Started process (PID=63695) to work on /opt/airflow/dags/isr_pipeline.py
[2026-04-06T08:39:26.227+0000] {processor.py:830} INFO - Processing file /opt/airflow/dags/isr_pipeline.py for tasks to queue
[2026-04-06T08:39:26.231+0000] {logging_mixin.py:188} INFO - [2026-04-06T08:39:26.230+0000] {dagbag.py:540} INFO - Filling up the DagBag from /opt/airflow/dags/isr_pipeline.py
[2026-04-06T08:39:26.252+0000] {processor.py:840} INFO - DAG(s) 'isr_pipeline' retrieved from /opt/airflow/dags/isr_pipeline.py
[2026-04-06T08:39:26.293+0000] {logging_mixin.py:188} INFO - [2026-04-06T08:39:26.292+0000] {dag.py:3096} INFO - Sync 1 DAGs
[2026-04-06T08:39:26.336+0000] {processor.py:183} INFO - Processing /opt/airflow/dags/isr_pipeline.py took 0.119 seconds
[2026-04-06T08:39:56.510+0000] {processor.py:161} INFO - Started process (PID=63700) to work on /opt/airflow/dags/isr_pipeline.py
[2026-04-06T08:39:56.511+0000] {processor.py:830} INFO - Processing file /opt/airflow/dags/isr_pipeline.py for tasks to queue
[2026-04-06T08:39:56.513+0000] {logging_mixin.py:188} INFO - [2026-04-06T08:39:56.513+0000] {dagbag.py:540} INFO - Filling up the DagBag from /opt/airflow/dags/isr_pipeline.py
[2026-04-06T08:39:56.533+0000] {processor.py:840} INFO - DAG(s) 'isr_pipeline' retrieved from /opt/airflow/dags/isr_pipeline.py
[2026-04-06T08:39:56.573+0000] {logging_mixin.py:188} INFO - [2026-04-06T08:39:56.573+0000] {dag.py:3096} INFO - Sync 1 DAGs
[2026-04-06T08:39:56.615+0000] {processor.py:183} INFO - Processing /opt/airflow/dags/isr_pipeline.py took 0.113 seconds
[2026-04-06T08:40:26.683+0000] {processor.py:161} INFO - Started process (PID=63705) to work on /opt/airflow/dags/isr_pipeline.py
[2026-04-06T08:40:26.685+0000] {processor.py:830} INFO - Processing file /opt/airflow/dags/isr_pipeline.py for tasks to queue
[2026-04-06T08:40:26.686+0000] {logging_mixin.py:188} INFO - [2026-04-06T08:40:26.686+0000] {dagbag.py:540} INFO - Filling up the DagBag from /opt/airflow/dags/isr_pipeline.py
[2026-04-06T08:40:26.705+0000] {processor.py:840} INFO - DAG(s) 'isr_pipeline' retrieved from /opt/airflow/dags/isr_pipeline.py
[2026-04-06T08:40:26.744+0000] {logging_mixin.py:188} INFO - [2026-04-06T08:40:26.744+0000] {dag.py:3096} INFO - Sync 1 DAGs
[2026-04-06T08:40:26.785+0000] {processor.py:183} INFO - Processing /opt/airflow/dags/isr_pipeline.py took 0.110 seconds
[2026-04-06T08:40:56.925+0000] {processor.py:161} INFO - Started process (PID=63710) to work on /opt/airflow/dags/isr_pipeline.py
[2026-04-06T08:40:56.926+0000] {processor.py:830} INFO - Processing file /opt/airflow/dags/isr_pipeline.py for tasks to queue
[2026-04-06T08:40:56.928+0000] {logging_mixin.py:188} INFO - [2026-04-06T08:40:56.927+0000] {dagbag.py:540} INFO - Filling up the DagBag from /opt/airflow/dags/isr_pipeline.py
[2026-04-06T08:40:56.947+0000] {processor.py:840} INFO - DAG(s) 'isr_pipeline' retrieved from /opt/airflow/dags/isr_pipeline.py
[2026-04-06T08:40:56.983+0000] {logging_mixin.py:188} INFO - [2026-04-06T08:40:56.983+0000] {dag.py:3096} INFO - Sync 1 DAGs
[2026-04-06T08:40:57.025+0000] {processor.py:183} INFO - Processing /opt/airflow/dags/isr_pipeline.py took 0.109 seconds
[2026-04-06T08:41:27.110+0000] {processor.py:161} INFO - Started process (PID=63715) to work on /opt/airflow/dags/isr_pipeline.py
[2026-04-06T08:41:27.111+0000] {processor.py:830} INFO - Processing file /opt/airflow/dags/isr_pipeline.py for tasks to queue
[2026-04-06T08:41:27.113+0000] {logging_mixin.py:188} INFO - [2026-04-06T08:41:27.112+0000] {dagbag.py:540} INFO - Filling up the DagBag from /opt/airflow/dags/isr_pipeline.py
[2026-04-06T08:41:27.132+0000] {processor.py:840} INFO - DAG(s) 'isr_pipeline' retrieved from /opt/airflow/dags/isr_pipeline.py
[2026-04-06T08:41:27.177+0000] {logging_mixin.py:188} INFO - [2026-04-06T08:41:27.177+0000] {dag.py:3096} INFO - Sync 1 DAGs
[2026-04-06T08:41:27.220+0000] {processor.py:183} INFO - Processing /opt/airflow/dags/isr_pipeline.py took 0.118 seconds
[2026-04-06T08:41:57.345+0000] {processor.py:161} INFO - Started process (PID=63720) to work on /opt/airflow/dags/isr_pipeline.py
[2026-04-06T08:41:57.346+0000] {processor.py:830} INFO - Processing file /opt/airflow/dags/isr_pipeline.py for tasks to queue
[2026-04-06T08:41:57.347+0000] {logging_mixin.py:188} INFO - [2026-04-06T08:41:57.347+0000] {dagbag.py:540} INFO - Filling up the DagBag from /opt/airflow/dags/isr_pipeline.py
[2026-04-06T08:41:57.365+0000] {processor.py:840} INFO - DAG(s) 'isr_pipeline' retrieved from /opt/airflow/dags/isr_pipeline.py
[2026-04-06T08:41:57.403+0000] {logging_mixin.py:188} INFO - [2026-04-06T08:41:57.402+0000] {dag.py:3096} INFO - Sync 1 DAGs
[2026-04-06T08:41:57.446+0000] {processor.py:183} INFO - Processing /opt/airflow/dags/isr_pipeline.py took 0.108 seconds
[2026-04-06T08:42:27.633+0000] {processor.py:161} INFO - Started process (PID=63725) to work on /opt/airflow/dags/isr_pipeline.py
[2026-04-06T08:42:27.635+0000] {processor.py:830} INFO - Processing file /opt/airflow/dags/isr_pipeline.py for tasks to queue
[2026-04-06T08:42:27.636+0000] {logging_mixin.py:188} INFO - [2026-04-06T08:42:27.636+0000] {dagbag.py:540} INFO - Filling up the DagBag from /opt/airflow/dags/isr_pipeline.py
[2026-04-06T08:42:27.655+0000] {processor.py:840} INFO - DAG(s) 'isr_pipeline' retrieved from /opt/airflow/dags/isr_pipeline.py
[2026-04-06T08:42:27.692+0000] {logging_mixin.py:188} INFO - [2026-04-06T08:42:27.691+0000] {dag.py:3096} INFO - Sync 1 DAGs
[2026-04-06T08:42:27.733+0000] {processor.py:183} INFO - Processing /opt/airflow/dags/isr_pipeline.py took 0.108 seconds
[2026-04-06T08:42:57.793+0000] {processor.py:161} INFO - Started process (PID=63730) to work on /opt/airflow/dags/isr_pipeline.py
[2026-04-06T08:42:57.795+0000] {processor.py:830} INFO - Processing file /opt/airflow/dags/isr_pipeline.py for tasks to queue
[2026-04-06T08:42:57.796+0000] {logging_mixin.py:188} INFO - [2026-04-06T08:42:57.796+0000] {dagbag.py:540} INFO - Filling up the DagBag from /opt/airflow/dags/isr_pipeline.py
[2026-04-06T08:42:57.815+0000] {processor.py:840} INFO - DAG(s) 'isr_pipeline' retrieved from /opt/airflow/dags/isr_pipeline.py
[2026-04-06T08:42:57.853+0000] {logging_mixin.py:188} INFO - [2026-04-06T08:42:57.853+0000] {dag.py:3096} INFO - Sync 1 DAGs
[2026-04-06T08:42:57.896+0000] {processor.py:183} INFO - Processing /opt/airflow/dags/isr_pipeline.py took 0.111 seconds
[2026-04-06T08:43:28.098+0000] {processor.py:161} INFO - Started process (PID=63735) to work on /opt/airflow/dags/isr_pipeline.py
[2026-04-06T08:43:28.099+0000] {processor.py:830} INFO - Processing file /opt/airflow/dags/isr_pipeline.py for tasks to queue
[2026-04-06T08:43:28.101+0000] {logging_mixin.py:188} INFO - [2026-04-06T08:43:28.101+0000] {dagbag.py:540} INFO - Filling up the DagBag from /opt/airflow/dags/isr_pipeline.py
[2026-04-06T08:43:28.119+0000] {processor.py:840} INFO - DAG(s) 'isr_pipeline' retrieved from /opt/airflow/dags/isr_pipeline.py
[2026-04-06T08:43:28.154+0000] {logging_mixin.py:188} INFO - [2026-04-06T08:43:28.154+0000] {dag.py:3096} INFO - Sync 1 DAGs
[2026-04-06T08:43:28.196+0000] {processor.py:183} INFO - Processing /opt/airflow/dags/isr_pipeline.py took 0.106 seconds
[2026-04-06T08:43:58.295+0000] {processor.py:161} INFO - Started process (PID=63740) to work on /opt/airflow/dags/isr_pipeline.py
[2026-04-06T08:43:58.296+0000] {processor.py:830} INFO - Processing file /opt/airflow/dags/isr_pipeline.py for tasks to queue
[2026-04-06T08:43:58.298+0000] {logging_mixin.py:188} INFO - [2026-04-06T08:43:58.297+0000] {dagbag.py:540} INFO - Filling up the DagBag from /opt/airflow/dags/isr_pipeline.py
[2026-04-06T08:43:58.316+0000] {processor.py:840} INFO - DAG(s) 'isr_pipeline' retrieved from /opt/airflow/dags/isr_pipeline.py
[2026-04-06T08:43:58.354+0000] {logging_mixin.py:188} INFO - [2026-04-06T08:43:58.354+0000] {dag.py:3096} INFO - Sync 1 DAGs
[2026-04-06T08:43:58.396+0000] {processor.py:183} INFO - Processing /opt/airflow/dags/isr_pipeline.py took 0.109 seconds
[2026-04-06T08:44:28.546+0000] {processor.py:161} INFO - Started process (PID=63745) to work on /opt/airflow/dags/isr_pipeline.py
[2026-04-06T08:44:28.548+0000] {processor.py:830} INFO - Processing file /opt/airflow/dags/isr_pipeline.py for tasks to queue
[2026-04-06T08:44:28.549+0000] {logging_mixin.py:188} INFO - [2026-04-06T08:44:28.549+0000] {dagbag.py:540} INFO - Filling up the DagBag from /opt/airflow/dags/isr_pipeline.py
[2026-04-06T08:44:28.567+0000] {processor.py:840} INFO - DAG(s) 'isr_pipeline' retrieved from /opt/airflow/dags/isr_pipeline.py
[2026-04-06T08:44:28.603+0000] {logging_mixin.py:188} INFO - [2026-04-06T08:44:28.603+0000] {dag.py:3096} INFO - Sync 1 DAGs
[2026-04-06T08:44:28.648+0000] {processor.py:183} INFO - Processing /opt/airflow/dags/isr_pipeline.py took 0.110 seconds
[2026-04-06T08:44:58.754+0000] {processor.py:161} INFO - Started process (PID=63750) to work on /opt/airflow/dags/isr_pipeline.py
[2026-04-06T08:44:58.755+0000] {processor.py:830} INFO - Processing file /opt/airflow/dags/isr_pipeline.py for tasks to queue
[2026-04-06T08:44:58.757+0000] {logging_mixin.py:188} INFO - [2026-04-06T08:44:58.757+0000] {dagbag.py:540} INFO - Filling up the DagBag from /opt/airflow/dags/isr_pipeline.py
[2026-04-06T08:44:58.776+0000] {processor.py:840} INFO - DAG(s) 'isr_pipeline' retrieved from /opt/airflow/dags/isr_pipeline.py
[2026-04-06T08:44:58.814+0000] {logging_mixin.py:188} INFO - [2026-04-06T08:44:58.814+0000] {dag.py:3096} INFO - Sync 1 DAGs
[2026-04-06T08:44:58.857+0000] {processor.py:183} INFO - Processing /opt/airflow/dags/isr_pipeline.py took 0.112 seconds
[2026-04-06T08:45:29.007+0000] {processor.py:161} INFO - Started process (PID=63755) to work on /opt/airflow/dags/isr_pipeline.py
[2026-04-06T08:45:29.008+0000] {processor.py:830} INFO - Processing file /opt/airflow/dags/isr_pipeline.py for tasks to queue
[2026-04-06T08:45:29.010+0000] {logging_mixin.py:188} INFO - [2026-04-06T08:45:29.009+0000] {dagbag.py:540} INFO - Filling up the DagBag from /opt/airflow/dags/isr_pipeline.py
[2026-04-06T08:45:29.028+0000] {processor.py:840} INFO - DAG(s) 'isr_pipeline' retrieved from /opt/airflow/dags/isr_pipeline.py
[2026-04-06T08:45:29.065+0000] {logging_mixin.py:188} INFO - [2026-04-06T08:45:29.064+0000] {dag.py:3096} INFO - Sync 1 DAGs
[2026-04-06T08:45:29.105+0000] {processor.py:183} INFO - Processing /opt/airflow/dags/isr_pipeline.py took 0.106 seconds
[2026-04-06T08:45:59.175+0000] {processor.py:161} INFO - Started process (PID=63760) to work on /opt/airflow/dags/isr_pipeline.py
[2026-04-06T08:45:59.176+0000] {processor.py:830} INFO - Processing file /opt/airflow/dags/isr_pipeline.py for tasks to queue
[2026-04-06T08:45:59.177+0000] {logging_mixin.py:188} INFO - [2026-04-06T08:45:59.177+0000] {dagbag.py:540} INFO - Filling up the DagBag from /opt/airflow/dags/isr_pipeline.py
[2026-04-06T08:45:59.196+0000] {processor.py:840} INFO - DAG(s) 'isr_pipeline' retrieved from /opt/airflow/dags/isr_pipeline.py
[2026-04-06T08:45:59.233+0000] {logging_mixin.py:188} INFO - [2026-04-06T08:45:59.232+0000] {dag.py:3096} INFO - Sync 1 DAGs
[2026-04-06T08:45:59.275+0000] {processor.py:183} INFO - Processing /opt/airflow/dags/isr_pipeline.py took 0.108 seconds
[2026-04-06T08:46:29.421+0000] {processor.py:161} INFO - Started process (PID=63765) to work on /opt/airflow/dags/isr_pipeline.py
[2026-04-06T08:46:29.422+0000] {processor.py:830} INFO - Processing file /opt/airflow/dags/isr_pipeline.py for tasks to queue
[2026-04-06T08:46:29.424+0000] {logging_mixin.py:188} INFO - [2026-04-06T08:46:29.423+0000] {dagbag.py:540} INFO - Filling up the DagBag from /opt/airflow/dags/isr_pipeline.py
[2026-04-06T08:46:29.442+0000] {processor.py:840} INFO - DAG(s) 'isr_pipeline' retrieved from /opt/airflow/dags/isr_pipeline.py
[2026-04-06T08:46:29.478+0000] {logging_mixin.py:188} INFO - [2026-04-06T08:46:29.478+0000] {dag.py:3096} INFO - Sync 1 DAGs
[2026-04-06T08:46:29.521+0000] {processor.py:183} INFO - Processing /opt/airflow/dags/isr_pipeline.py took 0.108 seconds
[2026-04-06T08:46:59.616+0000] {processor.py:161} INFO - Started process (PID=63770) to work on /opt/airflow/dags/isr_pipeline.py
[2026-04-06T08:46:59.617+0000] {processor.py:830} INFO - Processing file /opt/airflow/dags/isr_pipeline.py for tasks to queue
[2026-04-06T08:46:59.619+0000] {logging_mixin.py:188} INFO - [2026-04-06T08:46:59.619+0000] {dagbag.py:540} INFO - Filling up the DagBag from /opt/airflow/dags/isr_pipeline.py
[2026-04-06T08:46:59.637+0000] {processor.py:840} INFO - DAG(s) 'isr_pipeline' retrieved from /opt/airflow/dags/isr_pipeline.py
[2026-04-06T08:46:59.675+0000] {logging_mixin.py:188} INFO - [2026-04-06T08:46:59.675+0000] {dag.py:3096} INFO - Sync 1 DAGs
[2026-04-06T08:46:59.718+0000] {processor.py:183} INFO - Processing /opt/airflow/dags/isr_pipeline.py took 0.109 seconds
[2026-04-06T08:47:29.861+0000] {processor.py:161} INFO - Started process (PID=63775) to work on /opt/airflow/dags/isr_pipeline.py
[2026-04-06T08:47:29.862+0000] {processor.py:830} INFO - Processing file /opt/airflow/dags/isr_pipeline.py for tasks to queue
[2026-04-06T08:47:29.863+0000] {logging_mixin.py:188} INFO - [2026-04-06T08:47:29.863+0000] {dagbag.py:540} INFO - Filling up the DagBag from /opt/airflow/dags/isr_pipeline.py
[2026-04-06T08:47:29.882+0000] {processor.py:840} INFO - DAG(s) 'isr_pipeline' retrieved from /opt/airflow/dags/isr_pipeline.py
[2026-04-06T08:47:29.920+0000] {logging_mixin.py:188} INFO - [2026-04-06T08:47:29.919+0000] {dag.py:3096} INFO - Sync 1 DAGs
[2026-04-06T08:47:29.973+0000] {processor.py:183} INFO - Processing /opt/airflow/dags/isr_pipeline.py took 0.119 seconds
[2026-04-06T08:48:00.039+0000] {processor.py:161} INFO - Started process (PID=63780) to work on /opt/airflow/dags/isr_pipeline.py
[2026-04-06T08:48:00.040+0000] {processor.py:830} INFO - Processing file /opt/airflow/dags/isr_pipeline.py for tasks to queue
[2026-04-06T08:48:00.041+0000] {logging_mixin.py:188} INFO - [2026-04-06T08:48:00.041+0000] {dagbag.py:540} INFO - Filling up the DagBag from /opt/airflow/dags/isr_pipeline.py
[2026-04-06T08:48:00.060+0000] {processor.py:840} INFO - DAG(s) 'isr_pipeline' retrieved from /opt/airflow/dags/isr_pipeline.py
[2026-04-06T08:48:00.118+0000] {logging_mixin.py:188} INFO - [2026-04-06T08:48:00.118+0000] {dag.py:3096} INFO - Sync 1 DAGs
[2026-04-06T08:48:00.182+0000] {processor.py:183} INFO - Processing /opt/airflow/dags/isr_pipeline.py took 0.151 seconds
[2026-04-06T08:48:30.314+0000] {processor.py:161} INFO - Started process (PID=63785) to work on /opt/airflow/dags/isr_pipeline.py
[2026-04-06T08:48:30.316+0000] {processor.py:830} INFO - Processing file /opt/airflow/dags/isr_pipeline.py for tasks to queue
[2026-04-06T08:48:30.317+0000] {logging_mixin.py:188} INFO - [2026-04-06T08:48:30.317+0000] {dagbag.py:540} INFO - Filling up the DagBag from /opt/airflow/dags/isr_pipeline.py
[2026-04-06T08:48:30.336+0000] {processor.py:840} INFO - DAG(s) 'isr_pipeline' retrieved from /opt/airflow/dags/isr_pipeline.py
[2026-04-06T08:48:30.373+0000] {logging_mixin.py:188} INFO - [2026-04-06T08:48:30.373+0000] {dag.py:3096} INFO - Sync 1 DAGs
[2026-04-06T08:48:30.415+0000] {processor.py:183} INFO - Processing /opt/airflow/dags/isr_pipeline.py took 0.109 seconds
[2026-04-06T08:49:00.540+0000] {processor.py:161} INFO - Started process (PID=63790) to work on /opt/airflow/dags/isr_pipeline.py
[2026-04-06T08:49:00.542+0000] {processor.py:830} INFO - Processing file /opt/airflow/dags/isr_pipeline.py for tasks to queue
[2026-04-06T08:49:00.543+0000] {logging_mixin.py:188} INFO - [2026-04-06T08:49:00.543+0000] {dagbag.py:540} INFO - Filling up the DagBag from /opt/airflow/dags/isr_pipeline.py
[2026-04-06T08:49:00.562+0000] {processor.py:840} INFO - DAG(s) 'isr_pipeline' retrieved from /opt/airflow/dags/isr_pipeline.py
[2026-04-06T08:49:00.598+0000] {logging_mixin.py:188} INFO - [2026-04-06T08:49:00.598+0000] {dag.py:3096} INFO - Sync 1 DAGs
[2026-04-06T08:49:00.640+0000] {processor.py:183} INFO - Processing /opt/airflow/dags/isr_pipeline.py took 0.107 seconds
[2026-04-06T08:49:30.737+0000] {processor.py:161} INFO - Started process (PID=63795) to work on /opt/airflow/dags/isr_pipeline.py
[2026-04-06T08:49:30.738+0000] {processor.py:830} INFO - Processing file /opt/airflow/dags/isr_pipeline.py for tasks to queue
[2026-04-06T08:49:30.740+0000] {logging_mixin.py:188} INFO - [2026-04-06T08:49:30.739+0000] {dagbag.py:540} INFO - Filling up the DagBag from /opt/airflow/dags/isr_pipeline.py
[2026-04-06T08:49:30.758+0000] {processor.py:840} INFO - DAG(s) 'isr_pipeline' retrieved from /opt/airflow/dags/isr_pipeline.py
[2026-04-06T08:49:30.797+0000] {logging_mixin.py:188} INFO - [2026-04-06T08:49:30.796+0000] {dag.py:3096} INFO - Sync 1 DAGs
[2026-04-06T08:49:30.840+0000] {processor.py:183} INFO - Processing /opt/airflow/dags/isr_pipeline.py took 0.111 seconds
[2026-04-06T08:50:00.944+0000] {processor.py:161} INFO - Started process (PID=63800) to work on /opt/airflow/dags/isr_pipeline.py
[2026-04-06T08:50:00.945+0000] {processor.py:830} INFO - Processing file /opt/airflow/dags/isr_pipeline.py for tasks to queue
[2026-04-06T08:50:00.947+0000] {logging_mixin.py:188} INFO - [2026-04-06T08:50:00.946+0000] {dagbag.py:540} INFO - Filling up the DagBag from /opt/airflow/dags/isr_pipeline.py
[2026-04-06T08:50:00.965+0000] {processor.py:840} INFO - DAG(s) 'isr_pipeline' retrieved from /opt/airflow/dags/isr_pipeline.py
[2026-04-06T08:50:01.002+0000] {logging_mixin.py:188} INFO - [2026-04-06T08:50:01.002+0000] {dag.py:3096} INFO - Sync 1 DAGs
[2026-04-06T08:50:01.046+0000] {processor.py:183} INFO - Processing /opt/airflow/dags/isr_pipeline.py took 0.110 seconds
[2026-04-06T08:50:31.133+0000] {processor.py:161} INFO - Started process (PID=63805) to work on /opt/airflow/dags/isr_pipeline.py
[2026-04-06T08:50:31.134+0000] {processor.py:830} INFO - Processing file /opt/airflow/dags/isr_pipeline.py for tasks to queue
[2026-04-06T08:50:31.135+0000] {logging_mixin.py:188} INFO - [2026-04-06T08:50:31.135+0000] {dagbag.py:540} INFO - Filling up the DagBag from /opt/airflow/dags/isr_pipeline.py
[2026-04-06T08:50:31.153+0000] {processor.py:840} INFO - DAG(s) 'isr_pipeline' retrieved from /opt/airflow/dags/isr_pipeline.py
[2026-04-06T08:50:31.190+0000] {logging_mixin.py:188} INFO - [2026-04-06T08:50:31.190+0000] {dag.py:3096} INFO - Sync 1 DAGs
[2026-04-06T08:50:31.234+0000] {processor.py:183} INFO - Processing /opt/airflow/dags/isr_pipeline.py took 0.109 seconds
[2026-04-06T08:51:01.356+0000] {processor.py:161} INFO - Started process (PID=63810) to work on /opt/airflow/dags/isr_pipeline.py
[2026-04-06T08:51:01.357+0000] {processor.py:830} INFO - Processing file /opt/airflow/dags/isr_pipeline.py for tasks to queue
[2026-04-06T08:51:01.359+0000] {logging_mixin.py:188} INFO - [2026-04-06T08:51:01.358+0000] {dagbag.py:540} INFO - Filling up the DagBag from /opt/airflow/dags/isr_pipeline.py
[2026-04-06T08:51:01.377+0000] {processor.py:840} INFO - DAG(s) 'isr_pipeline' retrieved from /opt/airflow/dags/isr_pipeline.py
[2026-04-06T08:51:01.413+0000] {logging_mixin.py:188} INFO - [2026-04-06T08:51:01.413+0000] {dag.py:3096} INFO - Sync 1 DAGs
[2026-04-06T08:51:01.457+0000] {processor.py:183} INFO - Processing /opt/airflow/dags/isr_pipeline.py took 0.110 seconds
[2026-04-06T08:51:31.534+0000] {processor.py:161} INFO - Started process (PID=63815) to work on /opt/airflow/dags/isr_pipeline.py
[2026-04-06T08:51:31.536+0000] {processor.py:830} INFO - Processing file /opt/airflow/dags/isr_pipeline.py for tasks to queue
[2026-04-06T08:51:31.538+0000] {logging_mixin.py:188} INFO - [2026-04-06T08:51:31.537+0000] {dagbag.py:540} INFO - Filling up the DagBag from /opt/airflow/dags/isr_pipeline.py
[2026-04-06T08:51:31.556+0000] {processor.py:840} INFO - DAG(s) 'isr_pipeline' retrieved from /opt/airflow/dags/isr_pipeline.py
[2026-04-06T08:51:31.594+0000] {logging_mixin.py:188} INFO - [2026-04-06T08:51:31.594+0000] {dag.py:3096} INFO - Sync 1 DAGs
[2026-04-06T08:51:31.635+0000] {processor.py:183} INFO - Processing /opt/airflow/dags/isr_pipeline.py took 0.109 seconds
[2026-04-06T08:52:01.777+0000] {processor.py:161} INFO - Started process (PID=63820) to work on /opt/airflow/dags/isr_pipeline.py
[2026-04-06T08:52:01.779+0000] {processor.py:830} INFO - Processing file /opt/airflow/dags/isr_pipeline.py for tasks to queue
[2026-04-06T08:52:01.780+0000] {logging_mixin.py:188} INFO - [2026-04-06T08:52:01.780+0000] {dagbag.py:540} INFO - Filling up the DagBag from /opt/airflow/dags/isr_pipeline.py
[2026-04-06T08:52:01.799+0000] {processor.py:840} INFO - DAG(s) 'isr_pipeline' retrieved from /opt/airflow/dags/isr_pipeline.py
[2026-04-06T08:52:01.835+0000] {logging_mixin.py:188} INFO - [2026-04-06T08:52:01.835+0000] {dag.py:3096} INFO - Sync 1 DAGs
[2026-04-06T08:52:01.879+0000] {processor.py:183} INFO - Processing /opt/airflow/dags/isr_pipeline.py took 0.110 seconds
[2026-04-06T08:52:31.960+0000] {processor.py:161} INFO - Started process (PID=63825) to work on /opt/airflow/dags/isr_pipeline.py
[2026-04-06T08:52:31.961+0000] {processor.py:830} INFO - Processing file /opt/airflow/dags/isr_pipeline.py for tasks to queue
[2026-04-06T08:52:31.963+0000] {logging_mixin.py:188} INFO - [2026-04-06T08:52:31.962+0000] {dagbag.py:540} INFO - Filling up the DagBag from /opt/airflow/dags/isr_pipeline.py
[2026-04-06T08:52:31.981+0000] {processor.py:840} INFO - DAG(s) 'isr_pipeline' retrieved from /opt/airflow/dags/isr_pipeline.py
[2026-04-06T08:52:32.019+0000] {logging_mixin.py:188} INFO - [2026-04-06T08:52:32.019+0000] {dag.py:3096} INFO - Sync 1 DAGs
[2026-04-06T08:52:32.060+0000] {processor.py:183} INFO - Processing /opt/airflow/dags/isr_pipeline.py took 0.109 seconds
[2026-04-06T08:53:02.281+0000] {processor.py:161} INFO - Started process (PID=63830) to work on /opt/airflow/dags/isr_pipeline.py
[2026-04-06T08:53:02.282+0000] {processor.py:830} INFO - Processing file /opt/airflow/dags/isr_pipeline.py for tasks to queue
[2026-04-06T08:53:02.284+0000] {logging_mixin.py:188} INFO - [2026-04-06T08:53:02.283+0000] {dagbag.py:540} INFO - Filling up the DagBag from /opt/airflow/dags/isr_pipeline.py
[2026-04-06T08:53:02.302+0000] {processor.py:840} INFO - DAG(s) 'isr_pipeline' retrieved from /opt/airflow/dags/isr_pipeline.py
[2026-04-06T08:53:02.339+0000] {logging_mixin.py:188} INFO - [2026-04-06T08:53:02.339+0000] {dag.py:3096} INFO - Sync 1 DAGs
[2026-04-06T08:53:02.381+0000] {processor.py:183} INFO - Processing /opt/airflow/dags/isr_pipeline.py took 0.108 seconds
[2026-04-06T08:53:32.507+0000] {processor.py:161} INFO - Started process (PID=63835) to work on /opt/airflow/dags/isr_pipeline.py
[2026-04-06T08:53:32.509+0000] {processor.py:830} INFO - Processing file /opt/airflow/dags/isr_pipeline.py for tasks to queue
[2026-04-06T08:53:32.511+0000] {logging_mixin.py:188} INFO - [2026-04-06T08:53:32.510+0000] {dagbag.py:540} INFO - Filling up the DagBag from /opt/airflow/dags/isr_pipeline.py
[2026-04-06T08:53:32.529+0000] {processor.py:840} INFO - DAG(s) 'isr_pipeline' retrieved from /opt/airflow/dags/isr_pipeline.py
[2026-04-06T08:53:32.566+0000] {logging_mixin.py:188} INFO - [2026-04-06T08:53:32.565+0000] {dag.py:3096} INFO - Sync 1 DAGs
[2026-04-06T08:53:32.608+0000] {processor.py:183} INFO - Processing /opt/airflow/dags/isr_pipeline.py took 0.108 seconds
[2026-04-06T08:54:02.716+0000] {processor.py:161} INFO - Started process (PID=63840) to work on /opt/airflow/dags/isr_pipeline.py
[2026-04-06T08:54:02.717+0000] {processor.py:830} INFO - Processing file /opt/airflow/dags/isr_pipeline.py for tasks to queue
[2026-04-06T08:54:02.719+0000] {logging_mixin.py:188} INFO - [2026-04-06T08:54:02.718+0000] {dagbag.py:540} INFO - Filling up the DagBag from /opt/airflow/dags/isr_pipeline.py
[2026-04-06T08:54:02.738+0000] {processor.py:840} INFO - DAG(s) 'isr_pipeline' retrieved from /opt/airflow/dags/isr_pipeline.py
[2026-04-06T08:54:02.775+0000] {logging_mixin.py:188} INFO - [2026-04-06T08:54:02.774+0000] {dag.py:3096} INFO - Sync 1 DAGs
[2026-04-06T08:54:02.817+0000] {processor.py:183} INFO - Processing /opt/airflow/dags/isr_pipeline.py took 0.110 seconds
[2026-04-06T08:54:32.946+0000] {processor.py:161} INFO - Started process (PID=63845) to work on /opt/airflow/dags/isr_pipeline.py
[2026-04-06T08:54:32.947+0000] {processor.py:830} INFO - Processing file /opt/airflow/dags/isr_pipeline.py for tasks to queue
[2026-04-06T08:54:32.949+0000] {logging_mixin.py:188} INFO - [2026-04-06T08:54:32.948+0000] {dagbag.py:540} INFO - Filling up the DagBag from /opt/airflow/dags/isr_pipeline.py
[2026-04-06T08:54:32.967+0000] {processor.py:840} INFO - DAG(s) 'isr_pipeline' retrieved from /opt/airflow/dags/isr_pipeline.py
[2026-04-06T08:54:33.003+0000] {logging_mixin.py:188} INFO - [2026-04-06T08:54:33.003+0000] {dag.py:3096} INFO - Sync 1 DAGs
[2026-04-06T08:54:33.044+0000] {processor.py:183} INFO - Processing /opt/airflow/dags/isr_pipeline.py took 0.106 seconds
[2026-04-06T08:55:03.155+0000] {processor.py:161} INFO - Started process (PID=63850) to work on /opt/airflow/dags/isr_pipeline.py
[2026-04-06T08:55:03.157+0000] {processor.py:830} INFO - Processing file /opt/airflow/dags/isr_pipeline.py for tasks to queue
[2026-04-06T08:55:03.158+0000] {logging_mixin.py:188} INFO - [2026-04-06T08:55:03.158+0000] {dagbag.py:540} INFO - Filling up the DagBag from /opt/airflow/dags/isr_pipeline.py
[2026-04-06T08:55:03.176+0000] {processor.py:840} INFO - DAG(s) 'isr_pipeline' retrieved from /opt/airflow/dags/isr_pipeline.py
[2026-04-06T08:55:03.213+0000] {logging_mixin.py:188} INFO - [2026-04-06T08:55:03.213+0000] {dag.py:3096} INFO - Sync 1 DAGs
[2026-04-06T08:55:03.253+0000] {processor.py:183} INFO - Processing /opt/airflow/dags/isr_pipeline.py took 0.106 seconds
[2026-04-06T08:55:33.375+0000] {processor.py:161} INFO - Started process (PID=63855) to work on /opt/airflow/dags/isr_pipeline.py
[2026-04-06T08:55:33.376+0000] {processor.py:830} INFO - Processing file /opt/airflow/dags/isr_pipeline.py for tasks to queue
[2026-04-06T08:55:33.377+0000] {logging_mixin.py:188} INFO - [2026-04-06T08:55:33.377+0000] {dagbag.py:540} INFO - Filling up the DagBag from /opt/airflow/dags/isr_pipeline.py
[2026-04-06T08:55:33.396+0000] {processor.py:840} INFO - DAG(s) 'isr_pipeline' retrieved from /opt/airflow/dags/isr_pipeline.py
[2026-04-06T08:55:33.433+0000] {logging_mixin.py:188} INFO - [2026-04-06T08:55:33.433+0000] {dag.py:3096} INFO - Sync 1 DAGs
[2026-04-06T08:55:33.476+0000] {processor.py:183} INFO - Processing /opt/airflow/dags/isr_pipeline.py took 0.110 seconds
[2026-04-06T08:56:03.592+0000] {processor.py:161} INFO - Started process (PID=63860) to work on /opt/airflow/dags/isr_pipeline.py
[2026-04-06T08:56:03.594+0000] {processor.py:830} INFO - Processing file /opt/airflow/dags/isr_pipeline.py for tasks to queue
[2026-04-06T08:56:03.595+0000] {logging_mixin.py:188} INFO - [2026-04-06T08:56:03.595+0000] {dagbag.py:540} INFO - Filling up the DagBag from /opt/airflow/dags/isr_pipeline.py
[2026-04-06T08:56:03.613+0000] {processor.py:840} INFO - DAG(s) 'isr_pipeline' retrieved from /opt/airflow/dags/isr_pipeline.py
[2026-04-06T08:56:03.650+0000] {logging_mixin.py:188} INFO - [2026-04-06T08:56:03.649+0000] {dag.py:3096} INFO - Sync 1 DAGs
[2026-04-06T08:56:03.692+0000] {processor.py:183} INFO - Processing /opt/airflow/dags/isr_pipeline.py took 0.109 seconds
[2026-04-06T08:56:33.783+0000] {processor.py:161} INFO - Started process (PID=63865) to work on /opt/airflow/dags/isr_pipeline.py
[2026-04-06T08:56:33.784+0000] {processor.py:830} INFO - Processing file /opt/airflow/dags/isr_pipeline.py for tasks to queue
[2026-04-06T08:56:33.786+0000] {logging_mixin.py:188} INFO - [2026-04-06T08:56:33.785+0000] {dagbag.py:540} INFO - Filling up the DagBag from /opt/airflow/dags/isr_pipeline.py
[2026-04-06T08:56:33.805+0000] {processor.py:840} INFO - DAG(s) 'isr_pipeline' retrieved from /opt/airflow/dags/isr_pipeline.py
[2026-04-06T08:56:33.841+0000] {logging_mixin.py:188} INFO - [2026-04-06T08:56:33.841+0000] {dag.py:3096} INFO - Sync 1 DAGs
[2026-04-06T08:56:33.884+0000] {processor.py:183} INFO - Processing /opt/airflow/dags/isr_pipeline.py took 0.110 seconds
[2026-04-06T08:57:03.961+0000] {processor.py:161} INFO - Started process (PID=63870) to work on /opt/airflow/dags/isr_pipeline.py
[2026-04-06T08:57:03.962+0000] {processor.py:830} INFO - Processing file /opt/airflow/dags/isr_pipeline.py for tasks to queue
[2026-04-06T08:57:03.964+0000] {logging_mixin.py:188} INFO - [2026-04-06T08:57:03.964+0000] {dagbag.py:540} INFO - Filling up the DagBag from /opt/airflow/dags/isr_pipeline.py
[2026-04-06T08:57:03.983+0000] {processor.py:840} INFO - DAG(s) 'isr_pipeline' retrieved from /opt/airflow/dags/isr_pipeline.py
[2026-04-06T08:57:04.021+0000] {logging_mixin.py:188} INFO - [2026-04-06T08:57:04.021+0000] {dag.py:3096} INFO - Sync 1 DAGs
[2026-04-06T08:57:04.063+0000] {processor.py:183} INFO - Processing /opt/airflow/dags/isr_pipeline.py took 0.109 seconds
[2026-04-06T08:57:34.186+0000] {processor.py:161} INFO - Started process (PID=63875) to work on /opt/airflow/dags/isr_pipeline.py
[2026-04-06T08:57:34.188+0000] {processor.py:830} INFO - Processing file /opt/airflow/dags/isr_pipeline.py for tasks to queue
[2026-04-06T08:57:34.189+0000] {logging_mixin.py:188} INFO - [2026-04-06T08:57:34.189+0000] {dagbag.py:540} INFO - Filling up the DagBag from /opt/airflow/dags/isr_pipeline.py
[2026-04-06T08:57:34.208+0000] {processor.py:840} INFO - DAG(s) 'isr_pipeline' retrieved from /opt/airflow/dags/isr_pipeline.py
[2026-04-06T08:57:34.245+0000] {logging_mixin.py:188} INFO - [2026-04-06T08:57:34.245+0000] {dag.py:3096} INFO - Sync 1 DAGs
[2026-04-06T08:57:34.288+0000] {processor.py:183} INFO - Processing /opt/airflow/dags/isr_pipeline.py took 0.111 seconds
[2026-04-06T08:58:04.376+0000] {processor.py:161} INFO - Started process (PID=63880) to work on /opt/airflow/dags/isr_pipeline.py
[2026-04-06T08:58:04.377+0000] {processor.py:830} INFO - Processing file /opt/airflow/dags/isr_pipeline.py for tasks to queue
[2026-04-06T08:58:04.378+0000] {logging_mixin.py:188} INFO - [2026-04-06T08:58:04.378+0000] {dagbag.py:540} INFO - Filling up the DagBag from /opt/airflow/dags/isr_pipeline.py
[2026-04-06T08:58:04.397+0000] {processor.py:840} INFO - DAG(s) 'isr_pipeline' retrieved from /opt/airflow/dags/isr_pipeline.py
[2026-04-06T08:58:04.435+0000] {logging_mixin.py:188} INFO - [2026-04-06T08:58:04.435+0000] {dag.py:3096} INFO - Sync 1 DAGs
[2026-04-06T08:58:04.478+0000] {processor.py:183} INFO - Processing /opt/airflow/dags/isr_pipeline.py took 0.111 seconds
[2026-04-06T08:58:34.598+0000] {processor.py:161} INFO - Started process (PID=63885) to work on /opt/airflow/dags/isr_pipeline.py
[2026-04-06T08:58:34.600+0000] {processor.py:830} INFO - Processing file /opt/airflow/dags/isr_pipeline.py for tasks to queue
[2026-04-06T08:58:34.602+0000] {logging_mixin.py:188} INFO - [2026-04-06T08:58:34.601+0000] {dagbag.py:540} INFO - Filling up the DagBag from /opt/airflow/dags/isr_pipeline.py
[2026-04-06T08:58:34.620+0000] {processor.py:840} INFO - DAG(s) 'isr_pipeline' retrieved from /opt/airflow/dags/isr_pipeline.py
[2026-04-06T08:58:34.657+0000] {logging_mixin.py:188} INFO - [2026-04-06T08:58:34.657+0000] {dag.py:3096} INFO - Sync 1 DAGs
[2026-04-06T08:58:34.699+0000] {processor.py:183} INFO - Processing /opt/airflow/dags/isr_pipeline.py took 0.109 seconds
[2026-04-06T08:59:04.803+0000] {processor.py:161} INFO - Started process (PID=63890) to work on /opt/airflow/dags/isr_pipeline.py
[2026-04-06T08:59:04.804+0000] {processor.py:830} INFO - Processing file /opt/airflow/dags/isr_pipeline.py for tasks to queue
[2026-04-06T08:59:04.806+0000] {logging_mixin.py:188} INFO - [2026-04-06T08:59:04.805+0000] {dagbag.py:540} INFO - Filling up the DagBag from /opt/airflow/dags/isr_pipeline.py
[2026-04-06T08:59:04.825+0000] {processor.py:840} INFO - DAG(s) 'isr_pipeline' retrieved from /opt/airflow/dags/isr_pipeline.py
[2026-04-06T08:59:04.865+0000] {logging_mixin.py:188} INFO - [2026-04-06T08:59:04.865+0000] {dag.py:3096} INFO - Sync 1 DAGs
[2026-04-06T08:59:04.909+0000] {processor.py:183} INFO - Processing /opt/airflow/dags/isr_pipeline.py took 0.116 seconds
[2026-04-06T08:59:35.056+0000] {processor.py:161} INFO - Started process (PID=63895) to work on /opt/airflow/dags/isr_pipeline.py
[2026-04-06T08:59:35.057+0000] {processor.py:830} INFO - Processing file /opt/airflow/dags/isr_pipeline.py for tasks to queue
[2026-04-06T08:59:35.058+0000] {logging_mixin.py:188} INFO - [2026-04-06T08:59:35.058+0000] {dagbag.py:540} INFO - Filling up the DagBag from /opt/airflow/dags/isr_pipeline.py
[2026-04-06T08:59:35.080+0000] {processor.py:840} INFO - DAG(s) 'isr_pipeline' retrieved from /opt/airflow/dags/isr_pipeline.py
[2026-04-06T08:59:35.118+0000] {logging_mixin.py:188} INFO - [2026-04-06T08:59:35.118+0000] {dag.py:3096} INFO - Sync 1 DAGs
[2026-04-06T08:59:35.168+0000] {processor.py:183} INFO - Processing /opt/airflow/dags/isr_pipeline.py took 0.120 seconds
[2026-04-06T09:00:05.256+0000] {processor.py:161} INFO - Started process (PID=63900) to work on /opt/airflow/dags/isr_pipeline.py
[2026-04-06T09:00:05.257+0000] {processor.py:830} INFO - Processing file /opt/airflow/dags/isr_pipeline.py for tasks to queue
[2026-04-06T09:00:05.259+0000] {logging_mixin.py:188} INFO - [2026-04-06T09:00:05.258+0000] {dagbag.py:540} INFO - Filling up the DagBag from /opt/airflow/dags/isr_pipeline.py
[2026-04-06T09:00:05.278+0000] {processor.py:840} INFO - DAG(s) 'isr_pipeline' retrieved from /opt/airflow/dags/isr_pipeline.py
[2026-04-06T09:00:05.315+0000] {logging_mixin.py:188} INFO - [2026-04-06T09:00:05.315+0000] {dag.py:3096} INFO - Sync 1 DAGs
[2026-04-06T09:00:05.359+0000] {processor.py:183} INFO - Processing /opt/airflow/dags/isr_pipeline.py took 0.112 seconds
[2026-04-06T09:00:35.484+0000] {processor.py:161} INFO - Started process (PID=63905) to work on /opt/airflow/dags/isr_pipeline.py
[2026-04-06T09:00:35.485+0000] {processor.py:830} INFO - Processing file /opt/airflow/dags/isr_pipeline.py for tasks to queue
[2026-04-06T09:00:35.487+0000] {logging_mixin.py:188} INFO - [2026-04-06T09:00:35.486+0000] {dagbag.py:540} INFO - Filling up the DagBag from /opt/airflow/dags/isr_pipeline.py
[2026-04-06T09:00:35.505+0000] {processor.py:840} INFO - DAG(s) 'isr_pipeline' retrieved from /opt/airflow/dags/isr_pipeline.py
[2026-04-06T09:00:35.543+0000] {logging_mixin.py:188} INFO - [2026-04-06T09:00:35.542+0000] {dag.py:3096} INFO - Sync 1 DAGs
[2026-04-06T09:00:35.584+0000] {processor.py:183} INFO - Processing /opt/airflow/dags/isr_pipeline.py took 0.108 seconds
[2026-04-06T09:01:05.671+0000] {processor.py:161} INFO - Started process (PID=63910) to work on /opt/airflow/dags/isr_pipeline.py
[2026-04-06T09:01:05.673+0000] {processor.py:830} INFO - Processing file /opt/airflow/dags/isr_pipeline.py for tasks to queue
[2026-04-06T09:01:05.675+0000] {logging_mixin.py:188} INFO - [2026-04-06T09:01:05.675+0000] {dagbag.py:540} INFO - Filling up the DagBag from /opt/airflow/dags/isr_pipeline.py
[2026-04-06T09:01:05.695+0000] {processor.py:840} INFO - DAG(s) 'isr_pipeline' retrieved from /opt/airflow/dags/isr_pipeline.py
[2026-04-06T09:01:05.735+0000] {logging_mixin.py:188} INFO - [2026-04-06T09:01:05.734+0000] {dag.py:3096} INFO - Sync 1 DAGs
[2026-04-06T09:01:05.779+0000] {processor.py:183} INFO - Processing /opt/airflow/dags/isr_pipeline.py took 0.117 seconds
[2026-04-06T09:01:35.915+0000] {processor.py:161} INFO - Started process (PID=63915) to work on /opt/airflow/dags/isr_pipeline.py
[2026-04-06T09:01:35.916+0000] {processor.py:830} INFO - Processing file /opt/airflow/dags/isr_pipeline.py for tasks to queue
[2026-04-06T09:01:35.918+0000] {logging_mixin.py:188} INFO - [2026-04-06T09:01:35.917+0000] {dagbag.py:540} INFO - Filling up the DagBag from /opt/airflow/dags/isr_pipeline.py
[2026-04-06T09:01:35.938+0000] {processor.py:840} INFO - DAG(s) 'isr_pipeline' retrieved from /opt/airflow/dags/isr_pipeline.py
[2026-04-06T09:01:35.975+0000] {logging_mixin.py:188} INFO - [2026-04-06T09:01:35.975+0000] {dag.py:3096} INFO - Sync 1 DAGs
[2026-04-06T09:01:36.019+0000] {processor.py:183} INFO - Processing /opt/airflow/dags/isr_pipeline.py took 0.113 seconds
[2026-04-06T09:02:06.082+0000] {processor.py:161} INFO - Started process (PID=63920) to work on /opt/airflow/dags/isr_pipeline.py
[2026-04-06T09:02:06.083+0000] {processor.py:830} INFO - Processing file /opt/airflow/dags/isr_pipeline.py for tasks to queue
[2026-04-06T09:02:06.084+0000] {logging_mixin.py:188} INFO - [2026-04-06T09:02:06.084+0000] {dagbag.py:540} INFO - Filling up the DagBag from /opt/airflow/dags/isr_pipeline.py
[2026-04-06T09:02:06.102+0000] {processor.py:840} INFO - DAG(s) 'isr_pipeline' retrieved from /opt/airflow/dags/isr_pipeline.py
[2026-04-06T09:02:06.140+0000] {logging_mixin.py:188} INFO - [2026-04-06T09:02:06.140+0000] {dag.py:3096} INFO - Sync 1 DAGs
[2026-04-06T09:02:06.182+0000] {processor.py:183} INFO - Processing /opt/airflow/dags/isr_pipeline.py took 0.108 seconds
[2026-04-06T09:02:36.334+0000] {processor.py:161} INFO - Started process (PID=63925) to work on /opt/airflow/dags/isr_pipeline.py
[2026-04-06T09:02:36.335+0000] {processor.py:830} INFO - Processing file /opt/airflow/dags/isr_pipeline.py for tasks to queue
[2026-04-06T09:02:36.337+0000] {logging_mixin.py:188} INFO - [2026-04-06T09:02:36.336+0000] {dagbag.py:540} INFO - Filling up the DagBag from /opt/airflow/dags/isr_pipeline.py
[2026-04-06T09:02:36.356+0000] {processor.py:840} INFO - DAG(s) 'isr_pipeline' retrieved from /opt/airflow/dags/isr_pipeline.py
[2026-04-06T09:02:36.395+0000] {logging_mixin.py:188} INFO - [2026-04-06T09:02:36.395+0000] {dag.py:3096} INFO - Sync 1 DAGs
[2026-04-06T09:02:36.437+0000] {processor.py:183} INFO - Processing /opt/airflow/dags/isr_pipeline.py took 0.111 seconds
[2026-04-06T09:03:06.587+0000] {processor.py:161} INFO - Started process (PID=63930) to work on /opt/airflow/dags/isr_pipeline.py
[2026-04-06T09:03:06.590+0000] {processor.py:830} INFO - Processing file /opt/airflow/dags/isr_pipeline.py for tasks to queue
[2026-04-06T09:03:06.591+0000] {logging_mixin.py:188} INFO - [2026-04-06T09:03:06.591+0000] {dagbag.py:540} INFO - Filling up the DagBag from /opt/airflow/dags/isr_pipeline.py
[2026-04-06T09:03:06.610+0000] {processor.py:840} INFO - DAG(s) 'isr_pipeline' retrieved from /opt/airflow/dags/isr_pipeline.py
[2026-04-06T09:03:06.648+0000] {logging_mixin.py:188} INFO - [2026-04-06T09:03:06.647+0000] {dag.py:3096} INFO - Sync 1 DAGs
[2026-04-06T09:03:06.690+0000] {processor.py:183} INFO - Processing /opt/airflow/dags/isr_pipeline.py took 0.111 seconds
[2026-04-06T09:03:36.757+0000] {processor.py:161} INFO - Started process (PID=63935) to work on /opt/airflow/dags/isr_pipeline.py
[2026-04-06T09:03:36.758+0000] {processor.py:830} INFO - Processing file /opt/airflow/dags/isr_pipeline.py for tasks to queue
[2026-04-06T09:03:36.760+0000] {logging_mixin.py:188} INFO - [2026-04-06T09:03:36.760+0000] {dagbag.py:540} INFO - Filling up the DagBag from /opt/airflow/dags/isr_pipeline.py
[2026-04-06T09:03:36.779+0000] {processor.py:840} INFO - DAG(s) 'isr_pipeline' retrieved from /opt/airflow/dags/isr_pipeline.py
[2026-04-06T09:03:36.819+0000] {logging_mixin.py:188} INFO - [2026-04-06T09:03:36.818+0000] {dag.py:3096} INFO - Sync 1 DAGs
[2026-04-06T09:03:36.863+0000] {processor.py:183} INFO - Processing /opt/airflow/dags/isr_pipeline.py took 0.115 seconds
[2026-04-06T09:04:07.018+0000] {processor.py:161} INFO - Started process (PID=63940) to work on /opt/airflow/dags/isr_pipeline.py
[2026-04-06T09:04:07.019+0000] {processor.py:830} INFO - Processing file /opt/airflow/dags/isr_pipeline.py for tasks to queue
[2026-04-06T09:04:07.020+0000] {logging_mixin.py:188} INFO - [2026-04-06T09:04:07.020+0000] {dagbag.py:540} INFO - Filling up the DagBag from /opt/airflow/dags/isr_pipeline.py
[2026-04-06T09:04:07.039+0000] {processor.py:840} INFO - DAG(s) 'isr_pipeline' retrieved from /opt/airflow/dags/isr_pipeline.py
[2026-04-06T09:04:07.076+0000] {logging_mixin.py:188} INFO - [2026-04-06T09:04:07.076+0000] {dag.py:3096} INFO - Sync 1 DAGs
[2026-04-06T09:04:07.118+0000] {processor.py:183} INFO - Processing /opt/airflow/dags/isr_pipeline.py took 0.108 seconds
[2026-04-06T09:04:37.175+0000] {processor.py:161} INFO - Started process (PID=63945) to work on /opt/airflow/dags/isr_pipeline.py
[2026-04-06T09:04:37.177+0000] {processor.py:830} INFO - Processing file /opt/airflow/dags/isr_pipeline.py for tasks to queue
[2026-04-06T09:04:37.178+0000] {logging_mixin.py:188} INFO - [2026-04-06T09:04:37.178+0000] {dagbag.py:540} INFO - Filling up the DagBag from /opt/airflow/dags/isr_pipeline.py
[2026-04-06T09:04:37.197+0000] {processor.py:840} INFO - DAG(s) 'isr_pipeline' retrieved from /opt/airflow/dags/isr_pipeline.py
[2026-04-06T09:04:37.234+0000] {logging_mixin.py:188} INFO - [2026-04-06T09:04:37.234+0000] {dag.py:3096} INFO - Sync 1 DAGs
[2026-04-06T09:04:37.276+0000] {processor.py:183} INFO - Processing /opt/airflow/dags/isr_pipeline.py took 0.110 seconds
[2026-04-06T09:05:07.416+0000] {processor.py:161} INFO - Started process (PID=63950) to work on /opt/airflow/dags/isr_pipeline.py
[2026-04-06T09:05:07.417+0000] {processor.py:830} INFO - Processing file /opt/airflow/dags/isr_pipeline.py for tasks to queue
[2026-04-06T09:05:07.419+0000] {logging_mixin.py:188} INFO - [2026-04-06T09:05:07.418+0000] {dagbag.py:540} INFO - Filling up the DagBag from /opt/airflow/dags/isr_pipeline.py
[2026-04-06T09:05:07.438+0000] {processor.py:840} INFO - DAG(s) 'isr_pipeline' retrieved from /opt/airflow/dags/isr_pipeline.py
[2026-04-06T09:05:07.476+0000] {logging_mixin.py:188} INFO - [2026-04-06T09:05:07.475+0000] {dag.py:3096} INFO - Sync 1 DAGs
[2026-04-06T09:05:07.518+0000] {processor.py:183} INFO - Processing /opt/airflow/dags/isr_pipeline.py took 0.111 seconds
[2026-04-06T09:05:37.568+0000] {processor.py:161} INFO - Started process (PID=63955) to work on /opt/airflow/dags/isr_pipeline.py
[2026-04-06T09:05:37.569+0000] {processor.py:830} INFO - Processing file /opt/airflow/dags/isr_pipeline.py for tasks to queue
[2026-04-06T09:05:37.571+0000] {logging_mixin.py:188} INFO - [2026-04-06T09:05:37.570+0000] {dagbag.py:540} INFO - Filling up the DagBag from /opt/airflow/dags/isr_pipeline.py
[2026-04-06T09:05:37.590+0000] {processor.py:840} INFO - DAG(s) 'isr_pipeline' retrieved from /opt/airflow/dags/isr_pipeline.py
[2026-04-06T09:05:37.629+0000] {logging_mixin.py:188} INFO - [2026-04-06T09:05:37.628+0000] {dag.py:3096} INFO - Sync 1 DAGs
[2026-04-06T09:05:37.672+0000] {processor.py:183} INFO - Processing /opt/airflow/dags/isr_pipeline.py took 0.112 seconds
[2026-04-06T09:06:07.856+0000] {processor.py:161} INFO - Started process (PID=63960) to work on /opt/airflow/dags/isr_pipeline.py
[2026-04-06T09:06:07.858+0000] {processor.py:830} INFO - Processing file /opt/airflow/dags/isr_pipeline.py for tasks to queue
[2026-04-06T09:06:07.859+0000] {logging_mixin.py:188} INFO - [2026-04-06T09:06:07.859+0000] {dagbag.py:540} INFO - Filling up the DagBag from /opt/airflow/dags/isr_pipeline.py
[2026-04-06T09:06:07.878+0000] {processor.py:840} INFO - DAG(s) 'isr_pipeline' retrieved from /opt/airflow/dags/isr_pipeline.py
[2026-04-06T09:06:07.914+0000] {logging_mixin.py:188} INFO - [2026-04-06T09:06:07.914+0000] {dag.py:3096} INFO - Sync 1 DAGs
[2026-04-06T09:06:07.955+0000] {processor.py:183} INFO - Processing /opt/airflow/dags/isr_pipeline.py took 0.107 seconds
[2026-04-06T09:06:38.030+0000] {processor.py:161} INFO - Started process (PID=63965) to work on /opt/airflow/dags/isr_pipeline.py
[2026-04-06T09:06:38.031+0000] {processor.py:830} INFO - Processing file /opt/airflow/dags/isr_pipeline.py for tasks to queue
[2026-04-06T09:06:38.032+0000] {logging_mixin.py:188} INFO - [2026-04-06T09:06:38.032+0000] {dagbag.py:540} INFO - Filling up the DagBag from /opt/airflow/dags/isr_pipeline.py
[2026-04-06T09:06:38.051+0000] {processor.py:840} INFO - DAG(s) 'isr_pipeline' retrieved from /opt/airflow/dags/isr_pipeline.py
[2026-04-06T09:06:38.087+0000] {logging_mixin.py:188} INFO - [2026-04-06T09:06:38.087+0000] {dag.py:3096} INFO - Sync 1 DAGs
[2026-04-06T09:06:38.130+0000] {processor.py:183} INFO - Processing /opt/airflow/dags/isr_pipeline.py took 0.109 seconds
[2026-04-06T09:07:08.242+0000] {processor.py:161} INFO - Started process (PID=63970) to work on /opt/airflow/dags/isr_pipeline.py
[2026-04-06T09:07:08.243+0000] {processor.py:830} INFO - Processing file /opt/airflow/dags/isr_pipeline.py for tasks to queue
[2026-04-06T09:07:08.244+0000] {logging_mixin.py:188} INFO - [2026-04-06T09:07:08.244+0000] {dagbag.py:540} INFO - Filling up the DagBag from /opt/airflow/dags/isr_pipeline.py
[2026-04-06T09:07:08.263+0000] {processor.py:840} INFO - DAG(s) 'isr_pipeline' retrieved from /opt/airflow/dags/isr_pipeline.py
[2026-04-06T09:07:08.302+0000] {logging_mixin.py:188} INFO - [2026-04-06T09:07:08.301+0000] {dag.py:3096} INFO - Sync 1 DAGs
[2026-04-06T09:07:08.347+0000] {processor.py:183} INFO - Processing /opt/airflow/dags/isr_pipeline.py took 0.113 seconds
[2026-04-06T09:07:38.420+0000] {processor.py:161} INFO - Started process (PID=63975) to work on /opt/airflow/dags/isr_pipeline.py
[2026-04-06T09:07:38.422+0000] {processor.py:830} INFO - Processing file /opt/airflow/dags/isr_pipeline.py for tasks to queue
[2026-04-06T09:07:38.423+0000] {logging_mixin.py:188} INFO - [2026-04-06T09:07:38.423+0000] {dagbag.py:540} INFO - Filling up the DagBag from /opt/airflow/dags/isr_pipeline.py
[2026-04-06T09:07:38.443+0000] {processor.py:840} INFO - DAG(s) 'isr_pipeline' retrieved from /opt/airflow/dags/isr_pipeline.py
[2026-04-06T09:07:38.482+0000] {logging_mixin.py:188} INFO - [2026-04-06T09:07:38.482+0000] {dag.py:3096} INFO - Sync 1 DAGs
[2026-04-06T09:07:38.527+0000] {processor.py:183} INFO - Processing /opt/airflow/dags/isr_pipeline.py took 0.115 seconds
[2026-04-06T09:08:08.650+0000] {processor.py:161} INFO - Started process (PID=63980) to work on /opt/airflow/dags/isr_pipeline.py
[2026-04-06T09:08:08.651+0000] {processor.py:830} INFO - Processing file /opt/airflow/dags/isr_pipeline.py for tasks to queue
[2026-04-06T09:08:08.653+0000] {logging_mixin.py:188} INFO - [2026-04-06T09:08:08.652+0000] {dagbag.py:540} INFO - Filling up the DagBag from /opt/airflow/dags/isr_pipeline.py
[2026-04-06T09:08:08.671+0000] {processor.py:840} INFO - DAG(s) 'isr_pipeline' retrieved from /opt/airflow/dags/isr_pipeline.py
[2026-04-06T09:08:08.710+0000] {logging_mixin.py:188} INFO - [2026-04-06T09:08:08.709+0000] {dag.py:3096} INFO - Sync 1 DAGs
[2026-04-06T09:08:08.751+0000] {processor.py:183} INFO - Processing /opt/airflow/dags/isr_pipeline.py took 0.110 seconds
[2026-04-06T09:08:38.801+0000] {processor.py:161} INFO - Started process (PID=63985) to work on /opt/airflow/dags/isr_pipeline.py
[2026-04-06T09:08:38.803+0000] {processor.py:830} INFO - Processing file /opt/airflow/dags/isr_pipeline.py for tasks to queue
[2026-04-06T09:08:38.805+0000] {logging_mixin.py:188} INFO - [2026-04-06T09:08:38.804+0000] {dagbag.py:540} INFO - Filling up the DagBag from /opt/airflow/dags/isr_pipeline.py
[2026-04-06T09:08:38.824+0000] {processor.py:840} INFO - DAG(s) 'isr_pipeline' retrieved from /opt/airflow/dags/isr_pipeline.py
[2026-04-06T09:08:38.862+0000] {logging_mixin.py:188} INFO - [2026-04-06T09:08:38.861+0000] {dag.py:3096} INFO - Sync 1 DAGs
[2026-04-06T09:08:38.904+0000] {processor.py:183} INFO - Processing /opt/airflow/dags/isr_pipeline.py took 0.112 seconds
[2026-04-06T09:09:09.119+0000] {processor.py:161} INFO - Started process (PID=63990) to work on /opt/airflow/dags/isr_pipeline.py
[2026-04-06T09:09:09.120+0000] {processor.py:830} INFO - Processing file /opt/airflow/dags/isr_pipeline.py for tasks to queue
[2026-04-06T09:09:09.121+0000] {logging_mixin.py:188} INFO - [2026-04-06T09:09:09.121+0000] {dagbag.py:540} INFO - Filling up the DagBag from /opt/airflow/dags/isr_pipeline.py
[2026-04-06T09:09:09.139+0000] {processor.py:840} INFO - DAG(s) 'isr_pipeline' retrieved from /opt/airflow/dags/isr_pipeline.py
[2026-04-06T09:09:09.175+0000] {logging_mixin.py:188} INFO - [2026-04-06T09:09:09.175+0000] {dag.py:3096} INFO - Sync 1 DAGs
[2026-04-06T09:09:09.215+0000] {processor.py:183} INFO - Processing /opt/airflow/dags/isr_pipeline.py took 0.103 seconds
[2026-04-06T09:09:39.297+0000] {processor.py:161} INFO - Started process (PID=63995) to work on /opt/airflow/dags/isr_pipeline.py
[2026-04-06T09:09:39.299+0000] {processor.py:830} INFO - Processing file /opt/airflow/dags/isr_pipeline.py for tasks to queue
[2026-04-06T09:09:39.300+0000] {logging_mixin.py:188} INFO - [2026-04-06T09:09:39.300+0000] {dagbag.py:540} INFO - Filling up the DagBag from /opt/airflow/dags/isr_pipeline.py
[2026-04-06T09:09:39.319+0000] {processor.py:840} INFO - DAG(s) 'isr_pipeline' retrieved from /opt/airflow/dags/isr_pipeline.py
[2026-04-06T09:09:39.357+0000] {logging_mixin.py:188} INFO - [2026-04-06T09:09:39.357+0000] {dag.py:3096} INFO - Sync 1 DAGs
[2026-04-06T09:09:39.400+0000] {processor.py:183} INFO - Processing /opt/airflow/dags/isr_pipeline.py took 0.110 seconds
[2026-04-06T09:10:09.512+0000] {processor.py:161} INFO - Started process (PID=64000) to work on /opt/airflow/dags/isr_pipeline.py
[2026-04-06T09:10:09.513+0000] {processor.py:830} INFO - Processing file /opt/airflow/dags/isr_pipeline.py for tasks to queue
[2026-04-06T09:10:09.515+0000] {logging_mixin.py:188} INFO - [2026-04-06T09:10:09.514+0000] {dagbag.py:540} INFO - Filling up the DagBag from /opt/airflow/dags/isr_pipeline.py
[2026-04-06T09:10:09.533+0000] {processor.py:840} INFO - DAG(s) 'isr_pipeline' retrieved from /opt/airflow/dags/isr_pipeline.py
[2026-04-06T09:10:09.571+0000] {logging_mixin.py:188} INFO - [2026-04-06T09:10:09.570+0000] {dag.py:3096} INFO - Sync 1 DAGs
[2026-04-06T09:10:09.613+0000] {processor.py:183} INFO - Processing /opt/airflow/dags/isr_pipeline.py took 0.109 seconds
[2026-04-06T09:10:39.709+0000] {processor.py:161} INFO - Started process (PID=64005) to work on /opt/airflow/dags/isr_pipeline.py
[2026-04-06T09:10:39.710+0000] {processor.py:830} INFO - Processing file /opt/airflow/dags/isr_pipeline.py for tasks to queue
[2026-04-06T09:10:39.712+0000] {logging_mixin.py:188} INFO - [2026-04-06T09:10:39.712+0000] {dagbag.py:540} INFO - Filling up the DagBag from /opt/airflow/dags/isr_pipeline.py
[2026-04-06T09:10:39.732+0000] {processor.py:840} INFO - DAG(s) 'isr_pipeline' retrieved from /opt/airflow/dags/isr_pipeline.py
[2026-04-06T09:10:39.769+0000] {logging_mixin.py:188} INFO - [2026-04-06T09:10:39.769+0000] {dag.py:3096} INFO - Sync 1 DAGs
[2026-04-06T09:10:39.810+0000] {processor.py:183} INFO - Processing /opt/airflow/dags/isr_pipeline.py took 0.111 seconds
[2026-04-06T09:11:09.946+0000] {processor.py:161} INFO - Started process (PID=64010) to work on /opt/airflow/dags/isr_pipeline.py
[2026-04-06T09:11:09.947+0000] {processor.py:830} INFO - Processing file /opt/airflow/dags/isr_pipeline.py for tasks to queue
[2026-04-06T09:11:09.949+0000] {logging_mixin.py:188} INFO - [2026-04-06T09:11:09.949+0000] {dagbag.py:540} INFO - Filling up the DagBag from /opt/airflow/dags/isr_pipeline.py
[2026-04-06T09:11:09.969+0000] {processor.py:840} INFO - DAG(s) 'isr_pipeline' retrieved from /opt/airflow/dags/isr_pipeline.py
[2026-04-06T09:11:10.008+0000] {logging_mixin.py:188} INFO - [2026-04-06T09:11:10.007+0000] {dag.py:3096} INFO - Sync 1 DAGs
[2026-04-06T09:11:10.051+0000] {processor.py:183} INFO - Processing /opt/airflow/dags/isr_pipeline.py took 0.114 seconds
[2026-04-06T09:11:40.121+0000] {processor.py:161} INFO - Started process (PID=64015) to work on /opt/airflow/dags/isr_pipeline.py
[2026-04-06T09:11:40.122+0000] {processor.py:830} INFO - Processing file /opt/airflow/dags/isr_pipeline.py for tasks to queue
[2026-04-06T09:11:40.124+0000] {logging_mixin.py:188} INFO - [2026-04-06T09:11:40.123+0000] {dagbag.py:540} INFO - Filling up the DagBag from /opt/airflow/dags/isr_pipeline.py
[2026-04-06T09:11:40.143+0000] {processor.py:840} INFO - DAG(s) 'isr_pipeline' retrieved from /opt/airflow/dags/isr_pipeline.py
[2026-04-06T09:11:40.183+0000] {logging_mixin.py:188} INFO - [2026-04-06T09:11:40.182+0000] {dag.py:3096} INFO - Sync 1 DAGs
[2026-04-06T09:11:40.226+0000] {processor.py:183} INFO - Processing /opt/airflow/dags/isr_pipeline.py took 0.114 seconds
[2026-04-06T09:12:10.378+0000] {processor.py:161} INFO - Started process (PID=64020) to work on /opt/airflow/dags/isr_pipeline.py
[2026-04-06T09:12:10.379+0000] {processor.py:830} INFO - Processing file /opt/airflow/dags/isr_pipeline.py for tasks to queue
[2026-04-06T09:12:10.380+0000] {logging_mixin.py:188} INFO - [2026-04-06T09:12:10.380+0000] {dagbag.py:540} INFO - Filling up the DagBag from /opt/airflow/dags/isr_pipeline.py
[2026-04-06T09:12:10.401+0000] {processor.py:840} INFO - DAG(s) 'isr_pipeline' retrieved from /opt/airflow/dags/isr_pipeline.py
[2026-04-06T09:12:10.440+0000] {logging_mixin.py:188} INFO - [2026-04-06T09:12:10.440+0000] {dag.py:3096} INFO - Sync 1 DAGs
[2026-04-06T09:12:10.483+0000] {processor.py:183} INFO - Processing /opt/airflow/dags/isr_pipeline.py took 0.113 seconds
[2026-04-06T09:12:40.656+0000] {processor.py:161} INFO - Started process (PID=64025) to work on /opt/airflow/dags/isr_pipeline.py
[2026-04-06T09:12:40.658+0000] {processor.py:830} INFO - Processing file /opt/airflow/dags/isr_pipeline.py for tasks to queue
[2026-04-06T09:12:40.659+0000] {logging_mixin.py:188} INFO - [2026-04-06T09:12:40.659+0000] {dagbag.py:540} INFO - Filling up the DagBag from /opt/airflow/dags/isr_pipeline.py
[2026-04-06T09:12:40.679+0000] {processor.py:840} INFO - DAG(s) 'isr_pipeline' retrieved from /opt/airflow/dags/isr_pipeline.py
[2026-04-06T09:12:40.718+0000] {logging_mixin.py:188} INFO - [2026-04-06T09:12:40.717+0000] {dag.py:3096} INFO - Sync 1 DAGs
[2026-04-06T09:12:40.761+0000] {processor.py:183} INFO - Processing /opt/airflow/dags/isr_pipeline.py took 0.115 seconds
[2026-04-06T09:13:10.813+0000] {processor.py:161} INFO - Started process (PID=64030) to work on /opt/airflow/dags/isr_pipeline.py
[2026-04-06T09:13:10.815+0000] {processor.py:830} INFO - Processing file /opt/airflow/dags/isr_pipeline.py for tasks to queue
[2026-04-06T09:13:10.816+0000] {logging_mixin.py:188} INFO - [2026-04-06T09:13:10.816+0000] {dagbag.py:540} INFO - Filling up the DagBag from /opt/airflow/dags/isr_pipeline.py
[2026-04-06T09:13:10.841+0000] {processor.py:840} INFO - DAG(s) 'isr_pipeline' retrieved from /opt/airflow/dags/isr_pipeline.py
[2026-04-06T09:13:10.880+0000] {logging_mixin.py:188} INFO - [2026-04-06T09:13:10.880+0000] {dag.py:3096} INFO - Sync 1 DAGs
[2026-04-06T09:13:10.923+0000] {processor.py:183} INFO - Processing /opt/airflow/dags/isr_pipeline.py took 0.118 seconds
[2026-04-06T09:13:41.059+0000] {processor.py:161} INFO - Started process (PID=64035) to work on /opt/airflow/dags/isr_pipeline.py
[2026-04-06T09:13:41.060+0000] {processor.py:830} INFO - Processing file /opt/airflow/dags/isr_pipeline.py for tasks to queue
[2026-04-06T09:13:41.061+0000] {logging_mixin.py:188} INFO - [2026-04-06T09:13:41.061+0000] {dagbag.py:540} INFO - Filling up the DagBag from /opt/airflow/dags/isr_pipeline.py
[2026-04-06T09:13:41.079+0000] {processor.py:840} INFO - DAG(s) 'isr_pipeline' retrieved from /opt/airflow/dags/isr_pipeline.py
[2026-04-06T09:13:41.117+0000] {logging_mixin.py:188} INFO - [2026-04-06T09:13:41.117+0000] {dag.py:3096} INFO - Sync 1 DAGs
[2026-04-06T09:13:41.160+0000] {processor.py:183} INFO - Processing /opt/airflow/dags/isr_pipeline.py took 0.109 seconds
[2026-04-06T09:14:11.331+0000] {processor.py:161} INFO - Started process (PID=64040) to work on /opt/airflow/dags/isr_pipeline.py
[2026-04-06T09:14:11.332+0000] {processor.py:830} INFO - Processing file /opt/airflow/dags/isr_pipeline.py for tasks to queue
[2026-04-06T09:14:11.334+0000] {logging_mixin.py:188} INFO - [2026-04-06T09:14:11.333+0000] {dagbag.py:540} INFO - Filling up the DagBag from /opt/airflow/dags/isr_pipeline.py
[2026-04-06T09:14:11.352+0000] {processor.py:840} INFO - DAG(s) 'isr_pipeline' retrieved from /opt/airflow/dags/isr_pipeline.py
[2026-04-06T09:14:11.389+0000] {logging_mixin.py:188} INFO - [2026-04-06T09:14:11.389+0000] {dag.py:3096} INFO - Sync 1 DAGs
[2026-04-06T09:14:11.431+0000] {processor.py:183} INFO - Processing /opt/airflow/dags/isr_pipeline.py took 0.109 seconds
[2026-04-06T09:14:41.593+0000] {processor.py:161} INFO - Started process (PID=64045) to work on /opt/airflow/dags/isr_pipeline.py
[2026-04-06T09:14:41.595+0000] {processor.py:830} INFO - Processing file /opt/airflow/dags/isr_pipeline.py for tasks to queue
[2026-04-06T09:14:41.597+0000] {logging_mixin.py:188} INFO - [2026-04-06T09:14:41.596+0000] {dagbag.py:540} INFO - Filling up the DagBag from /opt/airflow/dags/isr_pipeline.py
[2026-04-06T09:14:41.615+0000] {processor.py:840} INFO - DAG(s) 'isr_pipeline' retrieved from /opt/airflow/dags/isr_pipeline.py
[2026-04-06T09:14:41.655+0000] {logging_mixin.py:188} INFO - [2026-04-06T09:14:41.655+0000] {dag.py:3096} INFO - Sync 1 DAGs
[2026-04-06T09:14:41.702+0000] {processor.py:183} INFO - Processing /opt/airflow/dags/isr_pipeline.py took 0.118 seconds
[2026-04-06T09:15:11.772+0000] {processor.py:161} INFO - Started process (PID=64050) to work on /opt/airflow/dags/isr_pipeline.py
[2026-04-06T09:15:11.774+0000] {processor.py:830} INFO - Processing file /opt/airflow/dags/isr_pipeline.py for tasks to queue
[2026-04-06T09:15:11.775+0000] {logging_mixin.py:188} INFO - [2026-04-06T09:15:11.775+0000] {dagbag.py:540} INFO - Filling up the DagBag from /opt/airflow/dags/isr_pipeline.py
[2026-04-06T09:15:11.795+0000] {processor.py:840} INFO - DAG(s) 'isr_pipeline' retrieved from /opt/airflow/dags/isr_pipeline.py
[2026-04-06T09:15:11.832+0000] {logging_mixin.py:188} INFO - [2026-04-06T09:15:11.832+0000] {dag.py:3096} INFO - Sync 1 DAGs
[2026-04-06T09:15:11.875+0000] {processor.py:183} INFO - Processing /opt/airflow/dags/isr_pipeline.py took 0.112 seconds
[2026-04-06T09:15:42.013+0000] {processor.py:161} INFO - Started process (PID=64055) to work on /opt/airflow/dags/isr_pipeline.py
[2026-04-06T09:15:42.014+0000] {processor.py:830} INFO - Processing file /opt/airflow/dags/isr_pipeline.py for tasks to queue
[2026-04-06T09:15:42.016+0000] {logging_mixin.py:188} INFO - [2026-04-06T09:15:42.016+0000] {dagbag.py:540} INFO - Filling up the DagBag from /opt/airflow/dags/isr_pipeline.py
[2026-04-06T09:15:42.035+0000] {processor.py:840} INFO - DAG(s) 'isr_pipeline' retrieved from /opt/airflow/dags/isr_pipeline.py
[2026-04-06T09:15:42.072+0000] {logging_mixin.py:188} INFO - [2026-04-06T09:15:42.071+0000] {dag.py:3096} INFO - Sync 1 DAGs
[2026-04-06T09:15:42.114+0000] {processor.py:183} INFO - Processing /opt/airflow/dags/isr_pipeline.py took 0.110 seconds
[2026-04-06T09:16:12.211+0000] {processor.py:161} INFO - Started process (PID=64060) to work on /opt/airflow/dags/isr_pipeline.py
[2026-04-06T09:16:12.213+0000] {processor.py:830} INFO - Processing file /opt/airflow/dags/isr_pipeline.py for tasks to queue
[2026-04-06T09:16:12.214+0000] {logging_mixin.py:188} INFO - [2026-04-06T09:16:12.214+0000] {dagbag.py:540} INFO - Filling up the DagBag from /opt/airflow/dags/isr_pipeline.py
[2026-04-06T09:16:12.232+0000] {processor.py:840} INFO - DAG(s) 'isr_pipeline' retrieved from /opt/airflow/dags/isr_pipeline.py
[2026-04-06T09:16:12.270+0000] {logging_mixin.py:188} INFO - [2026-04-06T09:16:12.270+0000] {dag.py:3096} INFO - Sync 1 DAGs
[2026-04-06T09:16:12.313+0000] {processor.py:183} INFO - Processing /opt/airflow/dags/isr_pipeline.py took 0.109 seconds
[2026-04-06T09:16:42.451+0000] {processor.py:161} INFO - Started process (PID=64065) to work on /opt/airflow/dags/isr_pipeline.py
[2026-04-06T09:16:42.453+0000] {processor.py:830} INFO - Processing file /opt/airflow/dags/isr_pipeline.py for tasks to queue
[2026-04-06T09:16:42.454+0000] {logging_mixin.py:188} INFO - [2026-04-06T09:16:42.454+0000] {dagbag.py:540} INFO - Filling up the DagBag from /opt/airflow/dags/isr_pipeline.py
[2026-04-06T09:16:42.473+0000] {processor.py:840} INFO - DAG(s) 'isr_pipeline' retrieved from /opt/airflow/dags/isr_pipeline.py
[2026-04-06T09:16:42.510+0000] {logging_mixin.py:188} INFO - [2026-04-06T09:16:42.510+0000] {dag.py:3096} INFO - Sync 1 DAGs
[2026-04-06T09:16:42.552+0000] {processor.py:183} INFO - Processing /opt/airflow/dags/isr_pipeline.py took 0.109 seconds
[2026-04-06T09:17:12.623+0000] {processor.py:161} INFO - Started process (PID=64070) to work on /opt/airflow/dags/isr_pipeline.py
[2026-04-06T09:17:12.624+0000] {processor.py:830} INFO - Processing file /opt/airflow/dags/isr_pipeline.py for tasks to queue
[2026-04-06T09:17:12.626+0000] {logging_mixin.py:188} INFO - [2026-04-06T09:17:12.625+0000] {dagbag.py:540} INFO - Filling up the DagBag from /opt/airflow/dags/isr_pipeline.py
[2026-04-06T09:17:12.645+0000] {processor.py:840} INFO - DAG(s) 'isr_pipeline' retrieved from /opt/airflow/dags/isr_pipeline.py
[2026-04-06T09:17:12.682+0000] {logging_mixin.py:188} INFO - [2026-04-06T09:17:12.682+0000] {dag.py:3096} INFO - Sync 1 DAGs
[2026-04-06T09:17:12.724+0000] {processor.py:183} INFO - Processing /opt/airflow/dags/isr_pipeline.py took 0.111 seconds
[2026-04-06T09:17:42.883+0000] {processor.py:161} INFO - Started process (PID=64075) to work on /opt/airflow/dags/isr_pipeline.py
[2026-04-06T09:17:42.885+0000] {processor.py:830} INFO - Processing file /opt/airflow/dags/isr_pipeline.py for tasks to queue
[2026-04-06T09:17:42.887+0000] {logging_mixin.py:188} INFO - [2026-04-06T09:17:42.886+0000] {dagbag.py:540} INFO - Filling up the DagBag from /opt/airflow/dags/isr_pipeline.py
[2026-04-06T09:17:42.906+0000] {processor.py:840} INFO - DAG(s) 'isr_pipeline' retrieved from /opt/airflow/dags/isr_pipeline.py
[2026-04-06T09:17:42.942+0000] {logging_mixin.py:188} INFO - [2026-04-06T09:17:42.942+0000] {dag.py:3096} INFO - Sync 1 DAGs
[2026-04-06T09:17:42.985+0000] {processor.py:183} INFO - Processing /opt/airflow/dags/isr_pipeline.py took 0.110 seconds
[2026-04-06T09:18:13.055+0000] {processor.py:161} INFO - Started process (PID=64080) to work on /opt/airflow/dags/isr_pipeline.py
[2026-04-06T09:18:13.057+0000] {processor.py:830} INFO - Processing file /opt/airflow/dags/isr_pipeline.py for tasks to queue
[2026-04-06T09:18:13.058+0000] {logging_mixin.py:188} INFO - [2026-04-06T09:18:13.058+0000] {dagbag.py:540} INFO - Filling up the DagBag from /opt/airflow/dags/isr_pipeline.py
[2026-04-06T09:18:13.077+0000] {processor.py:840} INFO - DAG(s) 'isr_pipeline' retrieved from /opt/airflow/dags/isr_pipeline.py
[2026-04-06T09:18:13.115+0000] {logging_mixin.py:188} INFO - [2026-04-06T09:18:13.114+0000] {dag.py:3096} INFO - Sync 1 DAGs
[2026-04-06T09:18:13.157+0000] {processor.py:183} INFO - Processing /opt/airflow/dags/isr_pipeline.py took 0.109 seconds
[2026-04-06T09:18:43.256+0000] {processor.py:161} INFO - Started process (PID=64085) to work on /opt/airflow/dags/isr_pipeline.py
[2026-04-06T09:18:43.258+0000] {processor.py:830} INFO - Processing file /opt/airflow/dags/isr_pipeline.py for tasks to queue
[2026-04-06T09:18:43.259+0000] {logging_mixin.py:188} INFO - [2026-04-06T09:18:43.259+0000] {dagbag.py:540} INFO - Filling up the DagBag from /opt/airflow/dags/isr_pipeline.py
[2026-04-06T09:18:43.282+0000] {processor.py:840} INFO - DAG(s) 'isr_pipeline' retrieved from /opt/airflow/dags/isr_pipeline.py
[2026-04-06T09:18:43.322+0000] {logging_mixin.py:188} INFO - [2026-04-06T09:18:43.321+0000] {dag.py:3096} INFO - Sync 1 DAGs
[2026-04-06T09:18:43.369+0000] {processor.py:183} INFO - Processing /opt/airflow/dags/isr_pipeline.py took 0.121 seconds
[2026-04-06T09:19:13.600+0000] {processor.py:161} INFO - Started process (PID=64090) to work on /opt/airflow/dags/isr_pipeline.py
[2026-04-06T09:19:13.602+0000] {processor.py:830} INFO - Processing file /opt/airflow/dags/isr_pipeline.py for tasks to queue
[2026-04-06T09:19:13.603+0000] {logging_mixin.py:188} INFO - [2026-04-06T09:19:13.603+0000] {dagbag.py:540} INFO - Filling up the DagBag from /opt/airflow/dags/isr_pipeline.py
[2026-04-06T09:19:13.621+0000] {processor.py:840} INFO - DAG(s) 'isr_pipeline' retrieved from /opt/airflow/dags/isr_pipeline.py
[2026-04-06T09:19:13.660+0000] {logging_mixin.py:188} INFO - [2026-04-06T09:19:13.660+0000] {dag.py:3096} INFO - Sync 1 DAGs
[2026-04-06T09:19:13.707+0000] {processor.py:183} INFO - Processing /opt/airflow/dags/isr_pipeline.py took 0.114 seconds
[2026-04-06T09:19:43.833+0000] {processor.py:161} INFO - Started process (PID=64095) to work on /opt/airflow/dags/isr_pipeline.py
[2026-04-06T09:19:43.835+0000] {processor.py:830} INFO - Processing file /opt/airflow/dags/isr_pipeline.py for tasks to queue
[2026-04-06T09:19:43.836+0000] {logging_mixin.py:188} INFO - [2026-04-06T09:19:43.836+0000] {dagbag.py:540} INFO - Filling up the DagBag from /opt/airflow/dags/isr_pipeline.py
[2026-04-06T09:19:43.855+0000] {processor.py:840} INFO - DAG(s) 'isr_pipeline' retrieved from /opt/airflow/dags/isr_pipeline.py
[2026-04-06T09:19:43.895+0000] {logging_mixin.py:188} INFO - [2026-04-06T09:19:43.895+0000] {dag.py:3096} INFO - Sync 1 DAGs
[2026-04-06T09:19:43.941+0000] {processor.py:183} INFO - Processing /opt/airflow/dags/isr_pipeline.py took 0.118 seconds
[2026-04-06T09:20:14.090+0000] {processor.py:161} INFO - Started process (PID=64100) to work on /opt/airflow/dags/isr_pipeline.py
[2026-04-06T09:20:14.091+0000] {processor.py:830} INFO - Processing file /opt/airflow/dags/isr_pipeline.py for tasks to queue
[2026-04-06T09:20:14.093+0000] {logging_mixin.py:188} INFO - [2026-04-06T09:20:14.092+0000] {dagbag.py:540} INFO - Filling up the DagBag from /opt/airflow/dags/isr_pipeline.py
[2026-04-06T09:20:14.111+0000] {processor.py:840} INFO - DAG(s) 'isr_pipeline' retrieved from /opt/airflow/dags/isr_pipeline.py
[2026-04-06T09:20:14.150+0000] {logging_mixin.py:188} INFO - [2026-04-06T09:20:14.150+0000] {dag.py:3096} INFO - Sync 1 DAGs
[2026-04-06T09:20:14.193+0000] {processor.py:183} INFO - Processing /opt/airflow/dags/isr_pipeline.py took 0.111 seconds
[2026-04-06T09:20:44.387+0000] {processor.py:161} INFO - Started process (PID=64105) to work on /opt/airflow/dags/isr_pipeline.py
[2026-04-06T09:20:44.389+0000] {processor.py:830} INFO - Processing file /opt/airflow/dags/isr_pipeline.py for tasks to queue
[2026-04-06T09:20:44.390+0000] {logging_mixin.py:188} INFO - [2026-04-06T09:20:44.390+0000] {dagbag.py:540} INFO - Filling up the DagBag from /opt/airflow/dags/isr_pipeline.py
[2026-04-06T09:20:44.409+0000] {processor.py:840} INFO - DAG(s) 'isr_pipeline' retrieved from /opt/airflow/dags/isr_pipeline.py
[2026-04-06T09:20:44.450+0000] {logging_mixin.py:188} INFO - [2026-04-06T09:20:44.450+0000] {dag.py:3096} INFO - Sync 1 DAGs
[2026-04-06T09:20:44.498+0000] {processor.py:183} INFO - Processing /opt/airflow/dags/isr_pipeline.py took 0.122 seconds
[2026-04-06T09:21:14.575+0000] {processor.py:161} INFO - Started process (PID=64110) to work on /opt/airflow/dags/isr_pipeline.py
[2026-04-06T09:21:14.576+0000] {processor.py:830} INFO - Processing file /opt/airflow/dags/isr_pipeline.py for tasks to queue
[2026-04-06T09:21:14.578+0000] {logging_mixin.py:188} INFO - [2026-04-06T09:21:14.578+0000] {dagbag.py:540} INFO - Filling up the DagBag from /opt/airflow/dags/isr_pipeline.py
[2026-04-06T09:21:14.597+0000] {processor.py:840} INFO - DAG(s) 'isr_pipeline' retrieved from /opt/airflow/dags/isr_pipeline.py
[2026-04-06T09:21:14.649+0000] {logging_mixin.py:188} INFO - [2026-04-06T09:21:14.648+0000] {dag.py:3096} INFO - Sync 1 DAGs
[2026-04-06T09:21:14.694+0000] {processor.py:183} INFO - Processing /opt/airflow/dags/isr_pipeline.py took 0.130 seconds
[2026-04-06T09:21:44.908+0000] {processor.py:161} INFO - Started process (PID=64115) to work on /opt/airflow/dags/isr_pipeline.py
[2026-04-06T09:21:44.910+0000] {processor.py:830} INFO - Processing file /opt/airflow/dags/isr_pipeline.py for tasks to queue
[2026-04-06T09:21:44.912+0000] {logging_mixin.py:188} INFO - [2026-04-06T09:21:44.911+0000] {dagbag.py:540} INFO - Filling up the DagBag from /opt/airflow/dags/isr_pipeline.py
[2026-04-06T09:21:44.934+0000] {processor.py:840} INFO - DAG(s) 'isr_pipeline' retrieved from /opt/airflow/dags/isr_pipeline.py
[2026-04-06T09:21:44.975+0000] {logging_mixin.py:188} INFO - [2026-04-06T09:21:44.975+0000] {dag.py:3096} INFO - Sync 1 DAGs
[2026-04-06T09:21:45.022+0000] {processor.py:183} INFO - Processing /opt/airflow/dags/isr_pipeline.py took 0.126 seconds
[2026-04-06T09:22:15.142+0000] {processor.py:161} INFO - Started process (PID=64120) to work on /opt/airflow/dags/isr_pipeline.py
[2026-04-06T09:22:15.143+0000] {processor.py:830} INFO - Processing file /opt/airflow/dags/isr_pipeline.py for tasks to queue
[2026-04-06T09:22:15.144+0000] {logging_mixin.py:188} INFO - [2026-04-06T09:22:15.144+0000] {dagbag.py:540} INFO - Filling up the DagBag from /opt/airflow/dags/isr_pipeline.py
[2026-04-06T09:22:15.163+0000] {processor.py:840} INFO - DAG(s) 'isr_pipeline' retrieved from /opt/airflow/dags/isr_pipeline.py
[2026-04-06T09:22:15.202+0000] {logging_mixin.py:188} INFO - [2026-04-06T09:22:15.201+0000] {dag.py:3096} INFO - Sync 1 DAGs
[2026-04-06T09:22:15.244+0000] {processor.py:183} INFO - Processing /opt/airflow/dags/isr_pipeline.py took 0.110 seconds
[2026-04-06T09:22:45.427+0000] {processor.py:161} INFO - Started process (PID=64125) to work on /opt/airflow/dags/isr_pipeline.py
[2026-04-06T09:22:45.429+0000] {processor.py:830} INFO - Processing file /opt/airflow/dags/isr_pipeline.py for tasks to queue
[2026-04-06T09:22:45.430+0000] {logging_mixin.py:188} INFO - [2026-04-06T09:22:45.430+0000] {dagbag.py:540} INFO - Filling up the DagBag from /opt/airflow/dags/isr_pipeline.py
[2026-04-06T09:22:45.448+0000] {processor.py:840} INFO - DAG(s) 'isr_pipeline' retrieved from /opt/airflow/dags/isr_pipeline.py
[2026-04-06T09:22:45.488+0000] {logging_mixin.py:188} INFO - [2026-04-06T09:22:45.487+0000] {dag.py:3096} INFO - Sync 1 DAGs
[2026-04-06T09:22:45.534+0000] {processor.py:183} INFO - Processing /opt/airflow/dags/isr_pipeline.py took 0.114 seconds
[2026-04-06T09:23:15.699+0000] {processor.py:161} INFO - Started process (PID=64130) to work on /opt/airflow/dags/isr_pipeline.py
[2026-04-06T09:23:15.701+0000] {processor.py:830} INFO - Processing file /opt/airflow/dags/isr_pipeline.py for tasks to queue
[2026-04-06T09:23:15.703+0000] {logging_mixin.py:188} INFO - [2026-04-06T09:23:15.702+0000] {dagbag.py:540} INFO - Filling up the DagBag from /opt/airflow/dags/isr_pipeline.py
[2026-04-06T09:23:15.722+0000] {processor.py:840} INFO - DAG(s) 'isr_pipeline' retrieved from /opt/airflow/dags/isr_pipeline.py
[2026-04-06T09:23:15.760+0000] {logging_mixin.py:188} INFO - [2026-04-06T09:23:15.760+0000] {dag.py:3096} INFO - Sync 1 DAGs
[2026-04-06T09:23:15.803+0000] {processor.py:183} INFO - Processing /opt/airflow/dags/isr_pipeline.py took 0.113 seconds
[2026-04-06T09:23:45.853+0000] {processor.py:161} INFO - Started process (PID=64135) to work on /opt/airflow/dags/isr_pipeline.py
[2026-04-06T09:23:45.855+0000] {processor.py:830} INFO - Processing file /opt/airflow/dags/isr_pipeline.py for tasks to queue
[2026-04-06T09:23:45.856+0000] {logging_mixin.py:188} INFO - [2026-04-06T09:23:45.856+0000] {dagbag.py:540} INFO - Filling up the DagBag from /opt/airflow/dags/isr_pipeline.py
[2026-04-06T09:23:45.874+0000] {processor.py:840} INFO - DAG(s) 'isr_pipeline' retrieved from /opt/airflow/dags/isr_pipeline.py
[2026-04-06T09:23:45.911+0000] {logging_mixin.py:188} INFO - [2026-04-06T09:23:45.911+0000] {dag.py:3096} INFO - Sync 1 DAGs
[2026-04-06T09:23:45.954+0000] {processor.py:183} INFO - Processing /opt/airflow/dags/isr_pipeline.py took 0.109 seconds
[2026-04-06T09:24:16.151+0000] {processor.py:161} INFO - Started process (PID=64140) to work on /opt/airflow/dags/isr_pipeline.py
[2026-04-06T09:24:16.152+0000] {processor.py:830} INFO - Processing file /opt/airflow/dags/isr_pipeline.py for tasks to queue
[2026-04-06T09:24:16.154+0000] {logging_mixin.py:188} INFO - [2026-04-06T09:24:16.153+0000] {dagbag.py:540} INFO - Filling up the DagBag from /opt/airflow/dags/isr_pipeline.py
[2026-04-06T09:24:16.172+0000] {processor.py:840} INFO - DAG(s) 'isr_pipeline' retrieved from /opt/airflow/dags/isr_pipeline.py
[2026-04-06T09:24:16.209+0000] {logging_mixin.py:188} INFO - [2026-04-06T09:24:16.208+0000] {dag.py:3096} INFO - Sync 1 DAGs
[2026-04-06T09:24:16.250+0000] {processor.py:183} INFO - Processing /opt/airflow/dags/isr_pipeline.py took 0.107 seconds
[2026-04-06T09:24:46.325+0000] {processor.py:161} INFO - Started process (PID=64145) to work on /opt/airflow/dags/isr_pipeline.py
[2026-04-06T09:24:46.327+0000] {processor.py:830} INFO - Processing file /opt/airflow/dags/isr_pipeline.py for tasks to queue
[2026-04-06T09:24:46.329+0000] {logging_mixin.py:188} INFO - [2026-04-06T09:24:46.328+0000] {dagbag.py:540} INFO - Filling up the DagBag from /opt/airflow/dags/isr_pipeline.py
[2026-04-06T09:24:46.348+0000] {processor.py:840} INFO - DAG(s) 'isr_pipeline' retrieved from /opt/airflow/dags/isr_pipeline.py
[2026-04-06T09:24:46.386+0000] {logging_mixin.py:188} INFO - [2026-04-06T09:24:46.386+0000] {dag.py:3096} INFO - Sync 1 DAGs
[2026-04-06T09:24:46.429+0000] {processor.py:183} INFO - Processing /opt/airflow/dags/isr_pipeline.py took 0.112 seconds
[2026-04-06T09:25:16.577+0000] {processor.py:161} INFO - Started process (PID=64150) to work on /opt/airflow/dags/isr_pipeline.py
[2026-04-06T09:25:16.579+0000] {processor.py:830} INFO - Processing file /opt/airflow/dags/isr_pipeline.py for tasks to queue
[2026-04-06T09:25:16.580+0000] {logging_mixin.py:188} INFO - [2026-04-06T09:25:16.580+0000] {dagbag.py:540} INFO - Filling up the DagBag from /opt/airflow/dags/isr_pipeline.py
[2026-04-06T09:25:16.600+0000] {processor.py:840} INFO - DAG(s) 'isr_pipeline' retrieved from /opt/airflow/dags/isr_pipeline.py
[2026-04-06T09:25:16.637+0000] {logging_mixin.py:188} INFO - [2026-04-06T09:25:16.637+0000] {dag.py:3096} INFO - Sync 1 DAGs
[2026-04-06T09:25:16.679+0000] {processor.py:183} INFO - Processing /opt/airflow/dags/isr_pipeline.py took 0.111 seconds
[2026-04-06T09:25:46.755+0000] {processor.py:161} INFO - Started process (PID=64155) to work on /opt/airflow/dags/isr_pipeline.py
[2026-04-06T09:25:46.756+0000] {processor.py:830} INFO - Processing file /opt/airflow/dags/isr_pipeline.py for tasks to queue
[2026-04-06T09:25:46.757+0000] {logging_mixin.py:188} INFO - [2026-04-06T09:25:46.757+0000] {dagbag.py:540} INFO - Filling up the DagBag from /opt/airflow/dags/isr_pipeline.py
[2026-04-06T09:25:46.775+0000] {processor.py:840} INFO - DAG(s) 'isr_pipeline' retrieved from /opt/airflow/dags/isr_pipeline.py
[2026-04-06T09:25:46.814+0000] {logging_mixin.py:188} INFO - [2026-04-06T09:25:46.813+0000] {dag.py:3096} INFO - Sync 1 DAGs
[2026-04-06T09:25:46.857+0000] {processor.py:183} INFO - Processing /opt/airflow/dags/isr_pipeline.py took 0.110 seconds
[2026-04-06T09:26:17.000+0000] {processor.py:161} INFO - Started process (PID=64160) to work on /opt/airflow/dags/isr_pipeline.py
[2026-04-06T09:26:17.001+0000] {processor.py:830} INFO - Processing file /opt/airflow/dags/isr_pipeline.py for tasks to queue
[2026-04-06T09:26:17.003+0000] {logging_mixin.py:188} INFO - [2026-04-06T09:26:17.002+0000] {dagbag.py:540} INFO - Filling up the DagBag from /opt/airflow/dags/isr_pipeline.py
[2026-04-06T09:26:17.021+0000] {processor.py:840} INFO - DAG(s) 'isr_pipeline' retrieved from /opt/airflow/dags/isr_pipeline.py
[2026-04-06T09:26:17.057+0000] {logging_mixin.py:188} INFO - [2026-04-06T09:26:17.057+0000] {dag.py:3096} INFO - Sync 1 DAGs
[2026-04-06T09:26:17.099+0000] {processor.py:183} INFO - Processing /opt/airflow/dags/isr_pipeline.py took 0.107 seconds
[2026-04-06T09:26:47.176+0000] {processor.py:161} INFO - Started process (PID=64165) to work on /opt/airflow/dags/isr_pipeline.py
[2026-04-06T09:26:47.178+0000] {processor.py:830} INFO - Processing file /opt/airflow/dags/isr_pipeline.py for tasks to queue
[2026-04-06T09:26:47.179+0000] {logging_mixin.py:188} INFO - [2026-04-06T09:26:47.179+0000] {dagbag.py:540} INFO - Filling up the DagBag from /opt/airflow/dags/isr_pipeline.py
[2026-04-06T09:26:47.197+0000] {processor.py:840} INFO - DAG(s) 'isr_pipeline' retrieved from /opt/airflow/dags/isr_pipeline.py
[2026-04-06T09:26:47.236+0000] {logging_mixin.py:188} INFO - [2026-04-06T09:26:47.236+0000] {dag.py:3096} INFO - Sync 1 DAGs
[2026-04-06T09:26:47.279+0000] {processor.py:183} INFO - Processing /opt/airflow/dags/isr_pipeline.py took 0.110 seconds
[2026-04-06T09:27:17.427+0000] {processor.py:161} INFO - Started process (PID=64170) to work on /opt/airflow/dags/isr_pipeline.py
[2026-04-06T09:27:17.429+0000] {processor.py:830} INFO - Processing file /opt/airflow/dags/isr_pipeline.py for tasks to queue
[2026-04-06T09:27:17.430+0000] {logging_mixin.py:188} INFO - [2026-04-06T09:27:17.430+0000] {dagbag.py:540} INFO - Filling up the DagBag from /opt/airflow/dags/isr_pipeline.py
[2026-04-06T09:27:17.449+0000] {processor.py:840} INFO - DAG(s) 'isr_pipeline' retrieved from /opt/airflow/dags/isr_pipeline.py
[2026-04-06T09:27:17.486+0000] {logging_mixin.py:188} INFO - [2026-04-06T09:27:17.486+0000] {dag.py:3096} INFO - Sync 1 DAGs
[2026-04-06T09:27:17.529+0000] {processor.py:183} INFO - Processing /opt/airflow/dags/isr_pipeline.py took 0.109 seconds
[2026-04-06T09:27:47.597+0000] {processor.py:161} INFO - Started process (PID=64175) to work on /opt/airflow/dags/isr_pipeline.py
[2026-04-06T09:27:47.598+0000] {processor.py:830} INFO - Processing file /opt/airflow/dags/isr_pipeline.py for tasks to queue
[2026-04-06T09:27:47.600+0000] {logging_mixin.py:188} INFO - [2026-04-06T09:27:47.599+0000] {dagbag.py:540} INFO - Filling up the DagBag from /opt/airflow/dags/isr_pipeline.py
[2026-04-06T09:27:47.618+0000] {processor.py:840} INFO - DAG(s) 'isr_pipeline' retrieved from /opt/airflow/dags/isr_pipeline.py
[2026-04-06T09:27:47.657+0000] {logging_mixin.py:188} INFO - [2026-04-06T09:27:47.656+0000] {dag.py:3096} INFO - Sync 1 DAGs
[2026-04-06T09:27:47.700+0000] {processor.py:183} INFO - Processing /opt/airflow/dags/isr_pipeline.py took 0.111 seconds
[2026-04-06T09:28:17.866+0000] {processor.py:161} INFO - Started process (PID=64180) to work on /opt/airflow/dags/isr_pipeline.py
[2026-04-06T09:28:17.868+0000] {processor.py:830} INFO - Processing file /opt/airflow/dags/isr_pipeline.py for tasks to queue
[2026-04-06T09:28:17.870+0000] {logging_mixin.py:188} INFO - [2026-04-06T09:28:17.869+0000] {dagbag.py:540} INFO - Filling up the DagBag from /opt/airflow/dags/isr_pipeline.py
[2026-04-06T09:28:17.888+0000] {processor.py:840} INFO - DAG(s) 'isr_pipeline' retrieved from /opt/airflow/dags/isr_pipeline.py
[2026-04-06T09:28:17.925+0000] {logging_mixin.py:188} INFO - [2026-04-06T09:28:17.924+0000] {dag.py:3096} INFO - Sync 1 DAGs
[2026-04-06T09:28:17.966+0000] {processor.py:183} INFO - Processing /opt/airflow/dags/isr_pipeline.py took 0.108 seconds
[2026-04-06T09:28:48.038+0000] {processor.py:161} INFO - Started process (PID=64185) to work on /opt/airflow/dags/isr_pipeline.py
[2026-04-06T09:28:48.040+0000] {processor.py:830} INFO - Processing file /opt/airflow/dags/isr_pipeline.py for tasks to queue
[2026-04-06T09:28:48.041+0000] {logging_mixin.py:188} INFO - [2026-04-06T09:28:48.041+0000] {dagbag.py:540} INFO - Filling up the DagBag from /opt/airflow/dags/isr_pipeline.py
[2026-04-06T09:28:48.059+0000] {processor.py:840} INFO - DAG(s) 'isr_pipeline' retrieved from /opt/airflow/dags/isr_pipeline.py
[2026-04-06T09:28:48.098+0000] {logging_mixin.py:188} INFO - [2026-04-06T09:28:48.098+0000] {dag.py:3096} INFO - Sync 1 DAGs
[2026-04-06T09:28:48.141+0000] {processor.py:183} INFO - Processing /opt/airflow/dags/isr_pipeline.py took 0.111 seconds
[2026-04-06T09:29:18.316+0000] {processor.py:161} INFO - Started process (PID=64190) to work on /opt/airflow/dags/isr_pipeline.py
[2026-04-06T09:29:18.318+0000] {processor.py:830} INFO - Processing file /opt/airflow/dags/isr_pipeline.py for tasks to queue
[2026-04-06T09:29:18.319+0000] {logging_mixin.py:188} INFO - [2026-04-06T09:29:18.319+0000] {dagbag.py:540} INFO - Filling up the DagBag from /opt/airflow/dags/isr_pipeline.py
[2026-04-06T09:29:18.337+0000] {processor.py:840} INFO - DAG(s) 'isr_pipeline' retrieved from /opt/airflow/dags/isr_pipeline.py
[2026-04-06T09:29:18.374+0000] {logging_mixin.py:188} INFO - [2026-04-06T09:29:18.373+0000] {dag.py:3096} INFO - Sync 1 DAGs
[2026-04-06T09:29:18.419+0000] {processor.py:183} INFO - Processing /opt/airflow/dags/isr_pipeline.py took 0.110 seconds
[2026-04-06T09:29:48.496+0000] {processor.py:161} INFO - Started process (PID=64195) to work on /opt/airflow/dags/isr_pipeline.py
[2026-04-06T09:29:48.498+0000] {processor.py:830} INFO - Processing file /opt/airflow/dags/isr_pipeline.py for tasks to queue
[2026-04-06T09:29:48.499+0000] {logging_mixin.py:188} INFO - [2026-04-06T09:29:48.499+0000] {dagbag.py:540} INFO - Filling up the DagBag from /opt/airflow/dags/isr_pipeline.py
[2026-04-06T09:29:48.518+0000] {processor.py:840} INFO - DAG(s) 'isr_pipeline' retrieved from /opt/airflow/dags/isr_pipeline.py
[2026-04-06T09:29:48.557+0000] {logging_mixin.py:188} INFO - [2026-04-06T09:29:48.556+0000] {dag.py:3096} INFO - Sync 1 DAGs
[2026-04-06T09:29:48.600+0000] {processor.py:183} INFO - Processing /opt/airflow/dags/isr_pipeline.py took 0.113 seconds
[2026-04-06T09:30:18.743+0000] {processor.py:161} INFO - Started process (PID=64200) to work on /opt/airflow/dags/isr_pipeline.py
[2026-04-06T09:30:18.744+0000] {processor.py:830} INFO - Processing file /opt/airflow/dags/isr_pipeline.py for tasks to queue
[2026-04-06T09:30:18.746+0000] {logging_mixin.py:188} INFO - [2026-04-06T09:30:18.745+0000] {dagbag.py:540} INFO - Filling up the DagBag from /opt/airflow/dags/isr_pipeline.py
[2026-04-06T09:30:18.764+0000] {processor.py:840} INFO - DAG(s) 'isr_pipeline' retrieved from /opt/airflow/dags/isr_pipeline.py
[2026-04-06T09:30:18.800+0000] {logging_mixin.py:188} INFO - [2026-04-06T09:30:18.800+0000] {dag.py:3096} INFO - Sync 1 DAGs
[2026-04-06T09:30:18.842+0000] {processor.py:183} INFO - Processing /opt/airflow/dags/isr_pipeline.py took 0.106 seconds
[2026-04-06T09:30:48.907+0000] {processor.py:161} INFO - Started process (PID=64205) to work on /opt/airflow/dags/isr_pipeline.py
[2026-04-06T09:30:48.908+0000] {processor.py:830} INFO - Processing file /opt/airflow/dags/isr_pipeline.py for tasks to queue
[2026-04-06T09:30:48.910+0000] {logging_mixin.py:188} INFO - [2026-04-06T09:30:48.909+0000] {dagbag.py:540} INFO - Filling up the DagBag from /opt/airflow/dags/isr_pipeline.py
[2026-04-06T09:30:48.928+0000] {processor.py:840} INFO - DAG(s) 'isr_pipeline' retrieved from /opt/airflow/dags/isr_pipeline.py
[2026-04-06T09:30:48.966+0000] {logging_mixin.py:188} INFO - [2026-04-06T09:30:48.966+0000] {dag.py:3096} INFO - Sync 1 DAGs
[2026-04-06T09:30:49.009+0000] {processor.py:183} INFO - Processing /opt/airflow/dags/isr_pipeline.py took 0.110 seconds
[2026-04-06T09:31:19.152+0000] {processor.py:161} INFO - Started process (PID=64210) to work on /opt/airflow/dags/isr_pipeline.py
[2026-04-06T09:31:19.153+0000] {processor.py:830} INFO - Processing file /opt/airflow/dags/isr_pipeline.py for tasks to queue
[2026-04-06T09:31:19.155+0000] {logging_mixin.py:188} INFO - [2026-04-06T09:31:19.155+0000] {dagbag.py:540} INFO - Filling up the DagBag from /opt/airflow/dags/isr_pipeline.py
[2026-04-06T09:31:19.173+0000] {processor.py:840} INFO - DAG(s) 'isr_pipeline' retrieved from /opt/airflow/dags/isr_pipeline.py
[2026-04-06T09:31:19.211+0000] {logging_mixin.py:188} INFO - [2026-04-06T09:31:19.210+0000] {dag.py:3096} INFO - Sync 1 DAGs
[2026-04-06T09:31:19.254+0000] {processor.py:183} INFO - Processing /opt/airflow/dags/isr_pipeline.py took 0.110 seconds
[2026-04-06T09:31:49.340+0000] {processor.py:161} INFO - Started process (PID=64215) to work on /opt/airflow/dags/isr_pipeline.py
[2026-04-06T09:31:49.342+0000] {processor.py:830} INFO - Processing file /opt/airflow/dags/isr_pipeline.py for tasks to queue
[2026-04-06T09:31:49.344+0000] {logging_mixin.py:188} INFO - [2026-04-06T09:31:49.344+0000] {dagbag.py:540} INFO - Filling up the DagBag from /opt/airflow/dags/isr_pipeline.py
[2026-04-06T09:31:49.363+0000] {processor.py:840} INFO - DAG(s) 'isr_pipeline' retrieved from /opt/airflow/dags/isr_pipeline.py
[2026-04-06T09:31:49.402+0000] {logging_mixin.py:188} INFO - [2026-04-06T09:31:49.402+0000] {dag.py:3096} INFO - Sync 1 DAGs
[2026-04-06T09:31:49.445+0000] {processor.py:183} INFO - Processing /opt/airflow/dags/isr_pipeline.py took 0.113 seconds
[2026-04-06T09:32:19.567+0000] {processor.py:161} INFO - Started process (PID=64220) to work on /opt/airflow/dags/isr_pipeline.py
[2026-04-06T09:32:19.569+0000] {processor.py:830} INFO - Processing file /opt/airflow/dags/isr_pipeline.py for tasks to queue
[2026-04-06T09:32:19.570+0000] {logging_mixin.py:188} INFO - [2026-04-06T09:32:19.570+0000] {dagbag.py:540} INFO - Filling up the DagBag from /opt/airflow/dags/isr_pipeline.py
[2026-04-06T09:32:19.590+0000] {processor.py:840} INFO - DAG(s) 'isr_pipeline' retrieved from /opt/airflow/dags/isr_pipeline.py
[2026-04-06T09:32:19.628+0000] {logging_mixin.py:188} INFO - [2026-04-06T09:32:19.628+0000] {dag.py:3096} INFO - Sync 1 DAGs
[2026-04-06T09:32:19.670+0000] {processor.py:183} INFO - Processing /opt/airflow/dags/isr_pipeline.py took 0.111 seconds
[2026-04-06T09:32:49.740+0000] {processor.py:161} INFO - Started process (PID=64225) to work on /opt/airflow/dags/isr_pipeline.py
[2026-04-06T09:32:49.741+0000] {processor.py:830} INFO - Processing file /opt/airflow/dags/isr_pipeline.py for tasks to queue
[2026-04-06T09:32:49.743+0000] {logging_mixin.py:188} INFO - [2026-04-06T09:32:49.743+0000] {dagbag.py:540} INFO - Filling up the DagBag from /opt/airflow/dags/isr_pipeline.py
[2026-04-06T09:32:49.762+0000] {processor.py:840} INFO - DAG(s) 'isr_pipeline' retrieved from /opt/airflow/dags/isr_pipeline.py
[2026-04-06T09:32:49.801+0000] {logging_mixin.py:188} INFO - [2026-04-06T09:32:49.800+0000] {dag.py:3096} INFO - Sync 1 DAGs
[2026-04-06T09:32:49.843+0000] {processor.py:183} INFO - Processing /opt/airflow/dags/isr_pipeline.py took 0.112 seconds
[2026-04-06T09:33:19.986+0000] {processor.py:161} INFO - Started process (PID=64230) to work on /opt/airflow/dags/isr_pipeline.py
[2026-04-06T09:33:19.987+0000] {processor.py:830} INFO - Processing file /opt/airflow/dags/isr_pipeline.py for tasks to queue
[2026-04-06T09:33:19.988+0000] {logging_mixin.py:188} INFO - [2026-04-06T09:33:19.988+0000] {dagbag.py:540} INFO - Filling up the DagBag from /opt/airflow/dags/isr_pipeline.py
[2026-04-06T09:33:20.007+0000] {processor.py:840} INFO - DAG(s) 'isr_pipeline' retrieved from /opt/airflow/dags/isr_pipeline.py
[2026-04-06T09:33:20.043+0000] {logging_mixin.py:188} INFO - [2026-04-06T09:33:20.043+0000] {dag.py:3096} INFO - Sync 1 DAGs
[2026-04-06T09:33:20.085+0000] {processor.py:183} INFO - Processing /opt/airflow/dags/isr_pipeline.py took 0.107 seconds
[2026-04-06T09:33:50.174+0000] {processor.py:161} INFO - Started process (PID=64235) to work on /opt/airflow/dags/isr_pipeline.py
[2026-04-06T09:33:50.175+0000] {processor.py:830} INFO - Processing file /opt/airflow/dags/isr_pipeline.py for tasks to queue
[2026-04-06T09:33:50.177+0000] {logging_mixin.py:188} INFO - [2026-04-06T09:33:50.176+0000] {dagbag.py:540} INFO - Filling up the DagBag from /opt/airflow/dags/isr_pipeline.py
[2026-04-06T09:33:50.195+0000] {processor.py:840} INFO - DAG(s) 'isr_pipeline' retrieved from /opt/airflow/dags/isr_pipeline.py
[2026-04-06T09:33:50.234+0000] {logging_mixin.py:188} INFO - [2026-04-06T09:33:50.233+0000] {dag.py:3096} INFO - Sync 1 DAGs
[2026-04-06T09:33:50.276+0000] {processor.py:183} INFO - Processing /opt/airflow/dags/isr_pipeline.py took 0.109 seconds
[2026-04-06T09:34:20.411+0000] {processor.py:161} INFO - Started process (PID=64240) to work on /opt/airflow/dags/isr_pipeline.py
[2026-04-06T09:34:20.413+0000] {processor.py:830} INFO - Processing file /opt/airflow/dags/isr_pipeline.py for tasks to queue
[2026-04-06T09:34:20.415+0000] {logging_mixin.py:188} INFO - [2026-04-06T09:34:20.414+0000] {dagbag.py:540} INFO - Filling up the DagBag from /opt/airflow/dags/isr_pipeline.py
[2026-04-06T09:34:20.433+0000] {processor.py:840} INFO - DAG(s) 'isr_pipeline' retrieved from /opt/airflow/dags/isr_pipeline.py
[2026-04-06T09:34:20.470+0000] {logging_mixin.py:188} INFO - [2026-04-06T09:34:20.469+0000] {dag.py:3096} INFO - Sync 1 DAGs
[2026-04-06T09:34:20.512+0000] {processor.py:183} INFO - Processing /opt/airflow/dags/isr_pipeline.py took 0.109 seconds
[2026-04-06T09:34:50.575+0000] {processor.py:161} INFO - Started process (PID=64245) to work on /opt/airflow/dags/isr_pipeline.py
[2026-04-06T09:34:50.576+0000] {processor.py:830} INFO - Processing file /opt/airflow/dags/isr_pipeline.py for tasks to queue
[2026-04-06T09:34:50.578+0000] {logging_mixin.py:188} INFO - [2026-04-06T09:34:50.577+0000] {dagbag.py:540} INFO - Filling up the DagBag from /opt/airflow/dags/isr_pipeline.py
[2026-04-06T09:34:50.597+0000] {processor.py:840} INFO - DAG(s) 'isr_pipeline' retrieved from /opt/airflow/dags/isr_pipeline.py
[2026-04-06T09:34:50.635+0000] {logging_mixin.py:188} INFO - [2026-04-06T09:34:50.635+0000] {dag.py:3096} INFO - Sync 1 DAGs
[2026-04-06T09:34:50.677+0000] {processor.py:183} INFO - Processing /opt/airflow/dags/isr_pipeline.py took 0.111 seconds
[2026-04-06T09:35:20.837+0000] {processor.py:161} INFO - Started process (PID=64250) to work on /opt/airflow/dags/isr_pipeline.py
[2026-04-06T09:35:20.839+0000] {processor.py:830} INFO - Processing file /opt/airflow/dags/isr_pipeline.py for tasks to queue
[2026-04-06T09:35:20.841+0000] {logging_mixin.py:188} INFO - [2026-04-06T09:35:20.840+0000] {dagbag.py:540} INFO - Filling up the DagBag from /opt/airflow/dags/isr_pipeline.py
[2026-04-06T09:35:20.860+0000] {processor.py:840} INFO - DAG(s) 'isr_pipeline' retrieved from /opt/airflow/dags/isr_pipeline.py
[2026-04-06T09:35:20.897+0000] {logging_mixin.py:188} INFO - [2026-04-06T09:35:20.896+0000] {dag.py:3096} INFO - Sync 1 DAGs
[2026-04-06T09:35:20.940+0000] {processor.py:183} INFO - Processing /opt/airflow/dags/isr_pipeline.py took 0.111 seconds
[2026-04-06T09:35:51.030+0000] {processor.py:161} INFO - Started process (PID=64255) to work on /opt/airflow/dags/isr_pipeline.py
[2026-04-06T09:35:51.031+0000] {processor.py:830} INFO - Processing file /opt/airflow/dags/isr_pipeline.py for tasks to queue
[2026-04-06T09:35:51.033+0000] {logging_mixin.py:188} INFO - [2026-04-06T09:35:51.032+0000] {dagbag.py:540} INFO - Filling up the DagBag from /opt/airflow/dags/isr_pipeline.py
[2026-04-06T09:35:51.052+0000] {processor.py:840} INFO - DAG(s) 'isr_pipeline' retrieved from /opt/airflow/dags/isr_pipeline.py
[2026-04-06T09:35:51.089+0000] {logging_mixin.py:188} INFO - [2026-04-06T09:35:51.089+0000] {dag.py:3096} INFO - Sync 1 DAGs
[2026-04-06T09:35:51.130+0000] {processor.py:183} INFO - Processing /opt/airflow/dags/isr_pipeline.py took 0.109 seconds
[2026-04-06T09:36:21.268+0000] {processor.py:161} INFO - Started process (PID=64260) to work on /opt/airflow/dags/isr_pipeline.py
[2026-04-06T09:36:21.270+0000] {processor.py:830} INFO - Processing file /opt/airflow/dags/isr_pipeline.py for tasks to queue
[2026-04-06T09:36:21.271+0000] {logging_mixin.py:188} INFO - [2026-04-06T09:36:21.271+0000] {dagbag.py:540} INFO - Filling up the DagBag from /opt/airflow/dags/isr_pipeline.py
[2026-04-06T09:36:21.289+0000] {processor.py:840} INFO - DAG(s) 'isr_pipeline' retrieved from /opt/airflow/dags/isr_pipeline.py
[2026-04-06T09:36:21.325+0000] {logging_mixin.py:188} INFO - [2026-04-06T09:36:21.325+0000] {dag.py:3096} INFO - Sync 1 DAGs
[2026-04-06T09:36:21.367+0000] {processor.py:183} INFO - Processing /opt/airflow/dags/isr_pipeline.py took 0.106 seconds
[2026-04-06T09:36:51.452+0000] {processor.py:161} INFO - Started process (PID=64265) to work on /opt/airflow/dags/isr_pipeline.py
[2026-04-06T09:36:51.454+0000] {processor.py:830} INFO - Processing file /opt/airflow/dags/isr_pipeline.py for tasks to queue
[2026-04-06T09:36:51.455+0000] {logging_mixin.py:188} INFO - [2026-04-06T09:36:51.455+0000] {dagbag.py:540} INFO - Filling up the DagBag from /opt/airflow/dags/isr_pipeline.py
[2026-04-06T09:36:51.476+0000] {processor.py:840} INFO - DAG(s) 'isr_pipeline' retrieved from /opt/airflow/dags/isr_pipeline.py
[2026-04-06T09:36:51.520+0000] {logging_mixin.py:188} INFO - [2026-04-06T09:36:51.520+0000] {dag.py:3096} INFO - Sync 1 DAGs
[2026-04-06T09:36:51.563+0000] {processor.py:183} INFO - Processing /opt/airflow/dags/isr_pipeline.py took 0.118 seconds
[2026-04-06T09:37:21.693+0000] {processor.py:161} INFO - Started process (PID=64270) to work on /opt/airflow/dags/isr_pipeline.py
[2026-04-06T09:37:21.695+0000] {processor.py:830} INFO - Processing file /opt/airflow/dags/isr_pipeline.py for tasks to queue
[2026-04-06T09:37:21.696+0000] {logging_mixin.py:188} INFO - [2026-04-06T09:37:21.696+0000] {dagbag.py:540} INFO - Filling up the DagBag from /opt/airflow/dags/isr_pipeline.py
[2026-04-06T09:37:21.714+0000] {processor.py:840} INFO - DAG(s) 'isr_pipeline' retrieved from /opt/airflow/dags/isr_pipeline.py
[2026-04-06T09:37:21.750+0000] {logging_mixin.py:188} INFO - [2026-04-06T09:37:21.749+0000] {dag.py:3096} INFO - Sync 1 DAGs
[2026-04-06T09:37:21.791+0000] {processor.py:183} INFO - Processing /opt/airflow/dags/isr_pipeline.py took 0.107 seconds
[2026-04-06T09:37:51.909+0000] {processor.py:161} INFO - Started process (PID=64275) to work on /opt/airflow/dags/isr_pipeline.py
[2026-04-06T09:37:51.910+0000] {processor.py:830} INFO - Processing file /opt/airflow/dags/isr_pipeline.py for tasks to queue
[2026-04-06T09:37:51.912+0000] {logging_mixin.py:188} INFO - [2026-04-06T09:37:51.912+0000] {dagbag.py:540} INFO - Filling up the DagBag from /opt/airflow/dags/isr_pipeline.py
[2026-04-06T09:37:51.931+0000] {processor.py:840} INFO - DAG(s) 'isr_pipeline' retrieved from /opt/airflow/dags/isr_pipeline.py
[2026-04-06T09:37:51.968+0000] {logging_mixin.py:188} INFO - [2026-04-06T09:37:51.967+0000] {dag.py:3096} INFO - Sync 1 DAGs
[2026-04-06T09:37:52.009+0000] {processor.py:183} INFO - Processing /opt/airflow/dags/isr_pipeline.py took 0.109 seconds
[2026-04-06T09:38:22.061+0000] {processor.py:161} INFO - Started process (PID=64280) to work on /opt/airflow/dags/isr_pipeline.py
[2026-04-06T09:38:22.062+0000] {processor.py:830} INFO - Processing file /opt/airflow/dags/isr_pipeline.py for tasks to queue
[2026-04-06T09:38:22.064+0000] {logging_mixin.py:188} INFO - [2026-04-06T09:38:22.063+0000] {dagbag.py:540} INFO - Filling up the DagBag from /opt/airflow/dags/isr_pipeline.py
[2026-04-06T09:38:22.082+0000] {processor.py:840} INFO - DAG(s) 'isr_pipeline' retrieved from /opt/airflow/dags/isr_pipeline.py
[2026-04-06T09:38:22.119+0000] {logging_mixin.py:188} INFO - [2026-04-06T09:38:22.118+0000] {dag.py:3096} INFO - Sync 1 DAGs
[2026-04-06T09:38:22.159+0000] {processor.py:183} INFO - Processing /opt/airflow/dags/isr_pipeline.py took 0.107 seconds
[2026-04-06T09:38:52.362+0000] {processor.py:161} INFO - Started process (PID=64285) to work on /opt/airflow/dags/isr_pipeline.py
[2026-04-06T09:38:52.363+0000] {processor.py:830} INFO - Processing file /opt/airflow/dags/isr_pipeline.py for tasks to queue
[2026-04-06T09:38:52.365+0000] {logging_mixin.py:188} INFO - [2026-04-06T09:38:52.365+0000] {dagbag.py:540} INFO - Filling up the DagBag from /opt/airflow/dags/isr_pipeline.py
[2026-04-06T09:38:52.384+0000] {processor.py:840} INFO - DAG(s) 'isr_pipeline' retrieved from /opt/airflow/dags/isr_pipeline.py
[2026-04-06T09:38:52.421+0000] {logging_mixin.py:188} INFO - [2026-04-06T09:38:52.421+0000] {dag.py:3096} INFO - Sync 1 DAGs
[2026-04-06T09:38:52.464+0000] {processor.py:183} INFO - Processing /opt/airflow/dags/isr_pipeline.py took 0.110 seconds
[2026-04-06T09:39:22.561+0000] {processor.py:161} INFO - Started process (PID=64290) to work on /opt/airflow/dags/isr_pipeline.py
[2026-04-06T09:39:22.562+0000] {processor.py:830} INFO - Processing file /opt/airflow/dags/isr_pipeline.py for tasks to queue
[2026-04-06T09:39:22.564+0000] {logging_mixin.py:188} INFO - [2026-04-06T09:39:22.563+0000] {dagbag.py:540} INFO - Filling up the DagBag from /opt/airflow/dags/isr_pipeline.py
[2026-04-06T09:39:22.584+0000] {processor.py:840} INFO - DAG(s) 'isr_pipeline' retrieved from /opt/airflow/dags/isr_pipeline.py
[2026-04-06T09:39:22.622+0000] {logging_mixin.py:188} INFO - [2026-04-06T09:39:22.622+0000] {dag.py:3096} INFO - Sync 1 DAGs
[2026-04-06T09:39:22.666+0000] {processor.py:183} INFO - Processing /opt/airflow/dags/isr_pipeline.py took 0.113 seconds
[2026-04-06T09:39:52.788+0000] {processor.py:161} INFO - Started process (PID=64295) to work on /opt/airflow/dags/isr_pipeline.py
[2026-04-06T09:39:52.789+0000] {processor.py:830} INFO - Processing file /opt/airflow/dags/isr_pipeline.py for tasks to queue
[2026-04-06T09:39:52.791+0000] {logging_mixin.py:188} INFO - [2026-04-06T09:39:52.790+0000] {dagbag.py:540} INFO - Filling up the DagBag from /opt/airflow/dags/isr_pipeline.py
[2026-04-06T09:39:52.809+0000] {processor.py:840} INFO - DAG(s) 'isr_pipeline' retrieved from /opt/airflow/dags/isr_pipeline.py
[2026-04-06T09:39:52.846+0000] {logging_mixin.py:188} INFO - [2026-04-06T09:39:52.846+0000] {dag.py:3096} INFO - Sync 1 DAGs
[2026-04-06T09:39:52.889+0000] {processor.py:183} INFO - Processing /opt/airflow/dags/isr_pipeline.py took 0.110 seconds
[2026-04-06T09:40:22.987+0000] {processor.py:161} INFO - Started process (PID=64300) to work on /opt/airflow/dags/isr_pipeline.py
[2026-04-06T09:40:22.988+0000] {processor.py:830} INFO - Processing file /opt/airflow/dags/isr_pipeline.py for tasks to queue
[2026-04-06T09:40:22.989+0000] {logging_mixin.py:188} INFO - [2026-04-06T09:40:22.989+0000] {dagbag.py:540} INFO - Filling up the DagBag from /opt/airflow/dags/isr_pipeline.py
[2026-04-06T09:40:23.009+0000] {processor.py:840} INFO - DAG(s) 'isr_pipeline' retrieved from /opt/airflow/dags/isr_pipeline.py
[2026-04-06T09:40:23.047+0000] {logging_mixin.py:188} INFO - [2026-04-06T09:40:23.047+0000] {dag.py:3096} INFO - Sync 1 DAGs
[2026-04-06T09:40:23.091+0000] {processor.py:183} INFO - Processing /opt/airflow/dags/isr_pipeline.py took 0.113 seconds
[2026-04-06T09:40:53.198+0000] {processor.py:161} INFO - Started process (PID=64305) to work on /opt/airflow/dags/isr_pipeline.py
[2026-04-06T09:40:53.199+0000] {processor.py:830} INFO - Processing file /opt/airflow/dags/isr_pipeline.py for tasks to queue
[2026-04-06T09:40:53.200+0000] {logging_mixin.py:188} INFO - [2026-04-06T09:40:53.200+0000] {dagbag.py:540} INFO - Filling up the DagBag from /opt/airflow/dags/isr_pipeline.py
[2026-04-06T09:40:53.218+0000] {processor.py:840} INFO - DAG(s) 'isr_pipeline' retrieved from /opt/airflow/dags/isr_pipeline.py
[2026-04-06T09:40:53.255+0000] {logging_mixin.py:188} INFO - [2026-04-06T09:40:53.255+0000] {dag.py:3096} INFO - Sync 1 DAGs
[2026-04-06T09:40:53.295+0000] {processor.py:183} INFO - Processing /opt/airflow/dags/isr_pipeline.py took 0.105 seconds
[2026-04-06T09:41:23.406+0000] {processor.py:161} INFO - Started process (PID=64310) to work on /opt/airflow/dags/isr_pipeline.py
[2026-04-06T09:41:23.407+0000] {processor.py:830} INFO - Processing file /opt/airflow/dags/isr_pipeline.py for tasks to queue
[2026-04-06T09:41:23.408+0000] {logging_mixin.py:188} INFO - [2026-04-06T09:41:23.408+0000] {dagbag.py:540} INFO - Filling up the DagBag from /opt/airflow/dags/isr_pipeline.py
[2026-04-06T09:41:23.428+0000] {processor.py:840} INFO - DAG(s) 'isr_pipeline' retrieved from /opt/airflow/dags/isr_pipeline.py
[2026-04-06T09:41:23.465+0000] {logging_mixin.py:188} INFO - [2026-04-06T09:41:23.464+0000] {dag.py:3096} INFO - Sync 1 DAGs
[2026-04-06T09:41:23.507+0000] {processor.py:183} INFO - Processing /opt/airflow/dags/isr_pipeline.py took 0.109 seconds
[2026-04-06T09:41:53.593+0000] {processor.py:161} INFO - Started process (PID=64315) to work on /opt/airflow/dags/isr_pipeline.py
[2026-04-06T09:41:53.594+0000] {processor.py:830} INFO - Processing file /opt/airflow/dags/isr_pipeline.py for tasks to queue
[2026-04-06T09:41:53.595+0000] {logging_mixin.py:188} INFO - [2026-04-06T09:41:53.595+0000] {dagbag.py:540} INFO - Filling up the DagBag from /opt/airflow/dags/isr_pipeline.py
[2026-04-06T09:41:53.614+0000] {processor.py:840} INFO - DAG(s) 'isr_pipeline' retrieved from /opt/airflow/dags/isr_pipeline.py
[2026-04-06T09:41:53.652+0000] {logging_mixin.py:188} INFO - [2026-04-06T09:41:53.652+0000] {dag.py:3096} INFO - Sync 1 DAGs
[2026-04-06T09:41:53.694+0000] {processor.py:183} INFO - Processing /opt/airflow/dags/isr_pipeline.py took 0.109 seconds
[2026-04-06T09:42:23.805+0000] {processor.py:161} INFO - Started process (PID=64320) to work on /opt/airflow/dags/isr_pipeline.py
[2026-04-06T09:42:23.807+0000] {processor.py:830} INFO - Processing file /opt/airflow/dags/isr_pipeline.py for tasks to queue
[2026-04-06T09:42:23.808+0000] {logging_mixin.py:188} INFO - [2026-04-06T09:42:23.808+0000] {dagbag.py:540} INFO - Filling up the DagBag from /opt/airflow/dags/isr_pipeline.py
[2026-04-06T09:42:23.826+0000] {processor.py:840} INFO - DAG(s) 'isr_pipeline' retrieved from /opt/airflow/dags/isr_pipeline.py
[2026-04-06T09:42:23.863+0000] {logging_mixin.py:188} INFO - [2026-04-06T09:42:23.863+0000] {dag.py:3096} INFO - Sync 1 DAGs
[2026-04-06T09:42:23.904+0000] {processor.py:183} INFO - Processing /opt/airflow/dags/isr_pipeline.py took 0.107 seconds
[2026-04-06T09:42:53.989+0000] {processor.py:161} INFO - Started process (PID=64325) to work on /opt/airflow/dags/isr_pipeline.py
[2026-04-06T09:42:53.991+0000] {processor.py:830} INFO - Processing file /opt/airflow/dags/isr_pipeline.py for tasks to queue
[2026-04-06T09:42:53.992+0000] {logging_mixin.py:188} INFO - [2026-04-06T09:42:53.992+0000] {dagbag.py:540} INFO - Filling up the DagBag from /opt/airflow/dags/isr_pipeline.py
[2026-04-06T09:42:54.011+0000] {processor.py:840} INFO - DAG(s) 'isr_pipeline' retrieved from /opt/airflow/dags/isr_pipeline.py
[2026-04-06T09:42:54.050+0000] {logging_mixin.py:188} INFO - [2026-04-06T09:42:54.050+0000] {dag.py:3096} INFO - Sync 1 DAGs
[2026-04-06T09:42:54.094+0000] {processor.py:183} INFO - Processing /opt/airflow/dags/isr_pipeline.py took 0.113 seconds
[2026-04-06T09:43:24.232+0000] {processor.py:161} INFO - Started process (PID=64330) to work on /opt/airflow/dags/isr_pipeline.py
[2026-04-06T09:43:24.233+0000] {processor.py:830} INFO - Processing file /opt/airflow/dags/isr_pipeline.py for tasks to queue
[2026-04-06T09:43:24.234+0000] {logging_mixin.py:188} INFO - [2026-04-06T09:43:24.234+0000] {dagbag.py:540} INFO - Filling up the DagBag from /opt/airflow/dags/isr_pipeline.py
[2026-04-06T09:43:24.252+0000] {processor.py:840} INFO - DAG(s) 'isr_pipeline' retrieved from /opt/airflow/dags/isr_pipeline.py
[2026-04-06T09:43:24.289+0000] {logging_mixin.py:188} INFO - [2026-04-06T09:43:24.289+0000] {dag.py:3096} INFO - Sync 1 DAGs
[2026-04-06T09:43:24.331+0000] {processor.py:183} INFO - Processing /opt/airflow/dags/isr_pipeline.py took 0.108 seconds
[2026-04-06T09:43:54.425+0000] {processor.py:161} INFO - Started process (PID=64335) to work on /opt/airflow/dags/isr_pipeline.py
[2026-04-06T09:43:54.427+0000] {processor.py:830} INFO - Processing file /opt/airflow/dags/isr_pipeline.py for tasks to queue
[2026-04-06T09:43:54.429+0000] {logging_mixin.py:188} INFO - [2026-04-06T09:43:54.429+0000] {dagbag.py:540} INFO - Filling up the DagBag from /opt/airflow/dags/isr_pipeline.py
[2026-04-06T09:43:54.453+0000] {processor.py:840} INFO - DAG(s) 'isr_pipeline' retrieved from /opt/airflow/dags/isr_pipeline.py
[2026-04-06T09:43:54.521+0000] {logging_mixin.py:188} INFO - [2026-04-06T09:43:54.520+0000] {dag.py:3096} INFO - Sync 1 DAGs
[2026-04-06T09:43:54.592+0000] {processor.py:183} INFO - Processing /opt/airflow/dags/isr_pipeline.py took 0.178 seconds
[2026-04-06T09:44:24.802+0000] {processor.py:161} INFO - Started process (PID=64340) to work on /opt/airflow/dags/isr_pipeline.py
[2026-04-06T09:44:24.804+0000] {processor.py:830} INFO - Processing file /opt/airflow/dags/isr_pipeline.py for tasks to queue
[2026-04-06T09:44:24.806+0000] {logging_mixin.py:188} INFO - [2026-04-06T09:44:24.805+0000] {dagbag.py:540} INFO - Filling up the DagBag from /opt/airflow/dags/isr_pipeline.py
[2026-04-06T09:44:24.826+0000] {processor.py:840} INFO - DAG(s) 'isr_pipeline' retrieved from /opt/airflow/dags/isr_pipeline.py
[2026-04-06T09:44:24.869+0000] {logging_mixin.py:188} INFO - [2026-04-06T09:44:24.869+0000] {dag.py:3096} INFO - Sync 1 DAGs
[2026-04-06T09:44:24.917+0000] {processor.py:183} INFO - Processing /opt/airflow/dags/isr_pipeline.py took 0.127 seconds
[2026-04-06T09:44:55.086+0000] {processor.py:161} INFO - Started process (PID=64345) to work on /opt/airflow/dags/isr_pipeline.py
[2026-04-06T09:44:55.088+0000] {processor.py:830} INFO - Processing file /opt/airflow/dags/isr_pipeline.py for tasks to queue
[2026-04-06T09:44:55.089+0000] {logging_mixin.py:188} INFO - [2026-04-06T09:44:55.089+0000] {dagbag.py:540} INFO - Filling up the DagBag from /opt/airflow/dags/isr_pipeline.py
[2026-04-06T09:44:55.107+0000] {processor.py:840} INFO - DAG(s) 'isr_pipeline' retrieved from /opt/airflow/dags/isr_pipeline.py
[2026-04-06T09:44:55.145+0000] {logging_mixin.py:188} INFO - [2026-04-06T09:44:55.144+0000] {dag.py:3096} INFO - Sync 1 DAGs
[2026-04-06T09:44:55.188+0000] {processor.py:183} INFO - Processing /opt/airflow/dags/isr_pipeline.py took 0.110 seconds
[2026-04-06T09:45:25.354+0000] {processor.py:161} INFO - Started process (PID=64350) to work on /opt/airflow/dags/isr_pipeline.py
[2026-04-06T09:45:25.356+0000] {processor.py:830} INFO - Processing file /opt/airflow/dags/isr_pipeline.py for tasks to queue
[2026-04-06T09:45:25.358+0000] {logging_mixin.py:188} INFO - [2026-04-06T09:45:25.357+0000] {dagbag.py:540} INFO - Filling up the DagBag from /opt/airflow/dags/isr_pipeline.py
[2026-04-06T09:45:25.376+0000] {processor.py:840} INFO - DAG(s) 'isr_pipeline' retrieved from /opt/airflow/dags/isr_pipeline.py
[2026-04-06T09:45:25.415+0000] {logging_mixin.py:188} INFO - [2026-04-06T09:45:25.414+0000] {dag.py:3096} INFO - Sync 1 DAGs
[2026-04-06T09:45:25.492+0000] {processor.py:183} INFO - Processing /opt/airflow/dags/isr_pipeline.py took 0.147 seconds
[2026-04-06T09:45:55.672+0000] {processor.py:161} INFO - Started process (PID=64355) to work on /opt/airflow/dags/isr_pipeline.py
[2026-04-06T09:45:55.674+0000] {processor.py:830} INFO - Processing file /opt/airflow/dags/isr_pipeline.py for tasks to queue
[2026-04-06T09:45:55.676+0000] {logging_mixin.py:188} INFO - [2026-04-06T09:45:55.675+0000] {dagbag.py:540} INFO - Filling up the DagBag from /opt/airflow/dags/isr_pipeline.py
[2026-04-06T09:45:55.694+0000] {processor.py:840} INFO - DAG(s) 'isr_pipeline' retrieved from /opt/airflow/dags/isr_pipeline.py
[2026-04-06T09:45:55.733+0000] {logging_mixin.py:188} INFO - [2026-04-06T09:45:55.733+0000] {dag.py:3096} INFO - Sync 1 DAGs
[2026-04-06T09:45:55.779+0000] {processor.py:183} INFO - Processing /opt/airflow/dags/isr_pipeline.py took 0.114 seconds
[2026-04-06T09:46:25.946+0000] {processor.py:161} INFO - Started process (PID=64360) to work on /opt/airflow/dags/isr_pipeline.py
[2026-04-06T09:46:25.948+0000] {processor.py:830} INFO - Processing file /opt/airflow/dags/isr_pipeline.py for tasks to queue
[2026-04-06T09:46:25.950+0000] {logging_mixin.py:188} INFO - [2026-04-06T09:46:25.949+0000] {dagbag.py:540} INFO - Filling up the DagBag from /opt/airflow/dags/isr_pipeline.py
[2026-04-06T09:46:25.968+0000] {processor.py:840} INFO - DAG(s) 'isr_pipeline' retrieved from /opt/airflow/dags/isr_pipeline.py
[2026-04-06T09:46:26.008+0000] {logging_mixin.py:188} INFO - [2026-04-06T09:46:26.008+0000] {dag.py:3096} INFO - Sync 1 DAGs
[2026-04-06T09:46:26.089+0000] {processor.py:183} INFO - Processing /opt/airflow/dags/isr_pipeline.py took 0.151 seconds
[2026-04-06T09:46:56.269+0000] {processor.py:161} INFO - Started process (PID=64365) to work on /opt/airflow/dags/isr_pipeline.py
[2026-04-06T09:46:56.271+0000] {processor.py:830} INFO - Processing file /opt/airflow/dags/isr_pipeline.py for tasks to queue
[2026-04-06T09:46:56.272+0000] {logging_mixin.py:188} INFO - [2026-04-06T09:46:56.272+0000] {dagbag.py:540} INFO - Filling up the DagBag from /opt/airflow/dags/isr_pipeline.py
[2026-04-06T09:46:56.294+0000] {processor.py:840} INFO - DAG(s) 'isr_pipeline' retrieved from /opt/airflow/dags/isr_pipeline.py
[2026-04-06T09:46:56.333+0000] {logging_mixin.py:188} INFO - [2026-04-06T09:46:56.333+0000] {dag.py:3096} INFO - Sync 1 DAGs
[2026-04-06T09:46:56.377+0000] {processor.py:183} INFO - Processing /opt/airflow/dags/isr_pipeline.py took 0.117 seconds
[2026-04-06T09:47:26.448+0000] {processor.py:161} INFO - Started process (PID=64370) to work on /opt/airflow/dags/isr_pipeline.py
[2026-04-06T09:47:26.450+0000] {processor.py:830} INFO - Processing file /opt/airflow/dags/isr_pipeline.py for tasks to queue
[2026-04-06T09:47:26.451+0000] {logging_mixin.py:188} INFO - [2026-04-06T09:47:26.451+0000] {dagbag.py:540} INFO - Filling up the DagBag from /opt/airflow/dags/isr_pipeline.py
[2026-04-06T09:47:26.470+0000] {processor.py:840} INFO - DAG(s) 'isr_pipeline' retrieved from /opt/airflow/dags/isr_pipeline.py
[2026-04-06T09:47:26.509+0000] {logging_mixin.py:188} INFO - [2026-04-06T09:47:26.509+0000] {dag.py:3096} INFO - Sync 1 DAGs
[2026-04-06T09:47:26.553+0000] {processor.py:183} INFO - Processing /opt/airflow/dags/isr_pipeline.py took 0.112 seconds
[2026-04-06T09:47:56.677+0000] {processor.py:161} INFO - Started process (PID=64375) to work on /opt/airflow/dags/isr_pipeline.py
[2026-04-06T09:47:56.679+0000] {processor.py:830} INFO - Processing file /opt/airflow/dags/isr_pipeline.py for tasks to queue
[2026-04-06T09:47:56.681+0000] {logging_mixin.py:188} INFO - [2026-04-06T09:47:56.680+0000] {dagbag.py:540} INFO - Filling up the DagBag from /opt/airflow/dags/isr_pipeline.py
[2026-04-06T09:47:56.699+0000] {processor.py:840} INFO - DAG(s) 'isr_pipeline' retrieved from /opt/airflow/dags/isr_pipeline.py
[2026-04-06T09:47:56.737+0000] {logging_mixin.py:188} INFO - [2026-04-06T09:47:56.736+0000] {dag.py:3096} INFO - Sync 1 DAGs
[2026-04-06T09:47:56.778+0000] {processor.py:183} INFO - Processing /opt/airflow/dags/isr_pipeline.py took 0.109 seconds
[2026-04-06T09:48:26.829+0000] {processor.py:161} INFO - Started process (PID=64380) to work on /opt/airflow/dags/isr_pipeline.py
[2026-04-06T09:48:26.831+0000] {processor.py:830} INFO - Processing file /opt/airflow/dags/isr_pipeline.py for tasks to queue
[2026-04-06T09:48:26.832+0000] {logging_mixin.py:188} INFO - [2026-04-06T09:48:26.832+0000] {dagbag.py:540} INFO - Filling up the DagBag from /opt/airflow/dags/isr_pipeline.py
[2026-04-06T09:48:26.851+0000] {processor.py:840} INFO - DAG(s) 'isr_pipeline' retrieved from /opt/airflow/dags/isr_pipeline.py
[2026-04-06T09:48:26.889+0000] {logging_mixin.py:188} INFO - [2026-04-06T09:48:26.889+0000] {dag.py:3096} INFO - Sync 1 DAGs
[2026-04-06T09:48:26.932+0000] {processor.py:183} INFO - Processing /opt/airflow/dags/isr_pipeline.py took 0.112 seconds
[2026-04-06T09:48:57.120+0000] {processor.py:161} INFO - Started process (PID=64385) to work on /opt/airflow/dags/isr_pipeline.py
[2026-04-06T09:48:57.121+0000] {processor.py:830} INFO - Processing file /opt/airflow/dags/isr_pipeline.py for tasks to queue
[2026-04-06T09:48:57.123+0000] {logging_mixin.py:188} INFO - [2026-04-06T09:48:57.122+0000] {dagbag.py:540} INFO - Filling up the DagBag from /opt/airflow/dags/isr_pipeline.py
[2026-04-06T09:48:57.141+0000] {processor.py:840} INFO - DAG(s) 'isr_pipeline' retrieved from /opt/airflow/dags/isr_pipeline.py
[2026-04-06T09:48:57.177+0000] {logging_mixin.py:188} INFO - [2026-04-06T09:48:57.177+0000] {dag.py:3096} INFO - Sync 1 DAGs
[2026-04-06T09:48:57.218+0000] {processor.py:183} INFO - Processing /opt/airflow/dags/isr_pipeline.py took 0.106 seconds
[2026-04-06T09:49:27.293+0000] {processor.py:161} INFO - Started process (PID=64390) to work on /opt/airflow/dags/isr_pipeline.py
[2026-04-06T09:49:27.294+0000] {processor.py:830} INFO - Processing file /opt/airflow/dags/isr_pipeline.py for tasks to queue
[2026-04-06T09:49:27.295+0000] {logging_mixin.py:188} INFO - [2026-04-06T09:49:27.295+0000] {dagbag.py:540} INFO - Filling up the DagBag from /opt/airflow/dags/isr_pipeline.py
[2026-04-06T09:49:27.313+0000] {processor.py:840} INFO - DAG(s) 'isr_pipeline' retrieved from /opt/airflow/dags/isr_pipeline.py
[2026-04-06T09:49:27.351+0000] {logging_mixin.py:188} INFO - [2026-04-06T09:49:27.350+0000] {dag.py:3096} INFO - Sync 1 DAGs
[2026-04-06T09:49:27.395+0000] {processor.py:183} INFO - Processing /opt/airflow/dags/isr_pipeline.py took 0.110 seconds
[2026-04-06T09:49:57.541+0000] {processor.py:161} INFO - Started process (PID=64395) to work on /opt/airflow/dags/isr_pipeline.py
[2026-04-06T09:49:57.542+0000] {processor.py:830} INFO - Processing file /opt/airflow/dags/isr_pipeline.py for tasks to queue
[2026-04-06T09:49:57.544+0000] {logging_mixin.py:188} INFO - [2026-04-06T09:49:57.543+0000] {dagbag.py:540} INFO - Filling up the DagBag from /opt/airflow/dags/isr_pipeline.py
[2026-04-06T09:49:57.562+0000] {processor.py:840} INFO - DAG(s) 'isr_pipeline' retrieved from /opt/airflow/dags/isr_pipeline.py
[2026-04-06T09:49:57.599+0000] {logging_mixin.py:188} INFO - [2026-04-06T09:49:57.599+0000] {dag.py:3096} INFO - Sync 1 DAGs
[2026-04-06T09:49:57.641+0000] {processor.py:183} INFO - Processing /opt/airflow/dags/isr_pipeline.py took 0.109 seconds
[2026-04-06T09:50:27.715+0000] {processor.py:161} INFO - Started process (PID=64400) to work on /opt/airflow/dags/isr_pipeline.py
[2026-04-06T09:50:27.716+0000] {processor.py:830} INFO - Processing file /opt/airflow/dags/isr_pipeline.py for tasks to queue
[2026-04-06T09:50:27.718+0000] {logging_mixin.py:188} INFO - [2026-04-06T09:50:27.717+0000] {dagbag.py:540} INFO - Filling up the DagBag from /opt/airflow/dags/isr_pipeline.py
[2026-04-06T09:50:27.736+0000] {processor.py:840} INFO - DAG(s) 'isr_pipeline' retrieved from /opt/airflow/dags/isr_pipeline.py
[2026-04-06T09:50:27.774+0000] {logging_mixin.py:188} INFO - [2026-04-06T09:50:27.774+0000] {dag.py:3096} INFO - Sync 1 DAGs
[2026-04-06T09:50:27.816+0000] {processor.py:183} INFO - Processing /opt/airflow/dags/isr_pipeline.py took 0.110 seconds
[2026-04-06T09:50:57.952+0000] {processor.py:161} INFO - Started process (PID=64405) to work on /opt/airflow/dags/isr_pipeline.py
[2026-04-06T09:50:57.953+0000] {processor.py:830} INFO - Processing file /opt/airflow/dags/isr_pipeline.py for tasks to queue
[2026-04-06T09:50:57.955+0000] {logging_mixin.py:188} INFO - [2026-04-06T09:50:57.955+0000] {dagbag.py:540} INFO - Filling up the DagBag from /opt/airflow/dags/isr_pipeline.py
[2026-04-06T09:50:57.974+0000] {processor.py:840} INFO - DAG(s) 'isr_pipeline' retrieved from /opt/airflow/dags/isr_pipeline.py
[2026-04-06T09:50:58.010+0000] {logging_mixin.py:188} INFO - [2026-04-06T09:50:58.010+0000] {dag.py:3096} INFO - Sync 1 DAGs
[2026-04-06T09:50:58.055+0000] {processor.py:183} INFO - Processing /opt/airflow/dags/isr_pipeline.py took 0.111 seconds
[2026-04-06T09:51:28.138+0000] {processor.py:161} INFO - Started process (PID=64410) to work on /opt/airflow/dags/isr_pipeline.py
[2026-04-06T09:51:28.139+0000] {processor.py:830} INFO - Processing file /opt/airflow/dags/isr_pipeline.py for tasks to queue
[2026-04-06T09:51:28.141+0000] {logging_mixin.py:188} INFO - [2026-04-06T09:51:28.140+0000] {dagbag.py:540} INFO - Filling up the DagBag from /opt/airflow/dags/isr_pipeline.py
[2026-04-06T09:51:28.160+0000] {processor.py:840} INFO - DAG(s) 'isr_pipeline' retrieved from /opt/airflow/dags/isr_pipeline.py
[2026-04-06T09:51:28.198+0000] {logging_mixin.py:188} INFO - [2026-04-06T09:51:28.198+0000] {dag.py:3096} INFO - Sync 1 DAGs
[2026-04-06T09:51:28.240+0000] {processor.py:183} INFO - Processing /opt/airflow/dags/isr_pipeline.py took 0.111 seconds
[2026-04-06T09:51:58.394+0000] {processor.py:161} INFO - Started process (PID=64415) to work on /opt/airflow/dags/isr_pipeline.py
[2026-04-06T09:51:58.396+0000] {processor.py:830} INFO - Processing file /opt/airflow/dags/isr_pipeline.py for tasks to queue
[2026-04-06T09:51:58.397+0000] {logging_mixin.py:188} INFO - [2026-04-06T09:51:58.397+0000] {dagbag.py:540} INFO - Filling up the DagBag from /opt/airflow/dags/isr_pipeline.py
[2026-04-06T09:51:58.416+0000] {processor.py:840} INFO - DAG(s) 'isr_pipeline' retrieved from /opt/airflow/dags/isr_pipeline.py
[2026-04-06T09:51:58.454+0000] {logging_mixin.py:188} INFO - [2026-04-06T09:51:58.453+0000] {dag.py:3096} INFO - Sync 1 DAGs
[2026-04-06T09:51:58.497+0000] {processor.py:183} INFO - Processing /opt/airflow/dags/isr_pipeline.py took 0.111 seconds
[2026-04-06T09:52:28.631+0000] {processor.py:161} INFO - Started process (PID=64420) to work on /opt/airflow/dags/isr_pipeline.py
[2026-04-06T09:52:28.632+0000] {processor.py:830} INFO - Processing file /opt/airflow/dags/isr_pipeline.py for tasks to queue
[2026-04-06T09:52:28.634+0000] {logging_mixin.py:188} INFO - [2026-04-06T09:52:28.633+0000] {dagbag.py:540} INFO - Filling up the DagBag from /opt/airflow/dags/isr_pipeline.py
[2026-04-06T09:52:28.652+0000] {processor.py:840} INFO - DAG(s) 'isr_pipeline' retrieved from /opt/airflow/dags/isr_pipeline.py
[2026-04-06T09:52:28.688+0000] {logging_mixin.py:188} INFO - [2026-04-06T09:52:28.688+0000] {dag.py:3096} INFO - Sync 1 DAGs
[2026-04-06T09:52:28.730+0000] {processor.py:183} INFO - Processing /opt/airflow/dags/isr_pipeline.py took 0.107 seconds
[2026-04-06T09:52:58.827+0000] {processor.py:161} INFO - Started process (PID=64425) to work on /opt/airflow/dags/isr_pipeline.py
[2026-04-06T09:52:58.829+0000] {processor.py:830} INFO - Processing file /opt/airflow/dags/isr_pipeline.py for tasks to queue
[2026-04-06T09:52:58.831+0000] {logging_mixin.py:188} INFO - [2026-04-06T09:52:58.831+0000] {dagbag.py:540} INFO - Filling up the DagBag from /opt/airflow/dags/isr_pipeline.py
[2026-04-06T09:52:58.851+0000] {processor.py:840} INFO - DAG(s) 'isr_pipeline' retrieved from /opt/airflow/dags/isr_pipeline.py
[2026-04-06T09:52:58.895+0000] {logging_mixin.py:188} INFO - [2026-04-06T09:52:58.895+0000] {dag.py:3096} INFO - Sync 1 DAGs
[2026-04-06T09:52:58.943+0000] {processor.py:183} INFO - Processing /opt/airflow/dags/isr_pipeline.py took 0.126 seconds
[2026-04-06T09:53:29.158+0000] {processor.py:161} INFO - Started process (PID=64430) to work on /opt/airflow/dags/isr_pipeline.py
[2026-04-06T09:53:29.159+0000] {processor.py:830} INFO - Processing file /opt/airflow/dags/isr_pipeline.py for tasks to queue
[2026-04-06T09:53:29.161+0000] {logging_mixin.py:188} INFO - [2026-04-06T09:53:29.160+0000] {dagbag.py:540} INFO - Filling up the DagBag from /opt/airflow/dags/isr_pipeline.py
[2026-04-06T09:53:29.179+0000] {processor.py:840} INFO - DAG(s) 'isr_pipeline' retrieved from /opt/airflow/dags/isr_pipeline.py
[2026-04-06T09:53:29.215+0000] {logging_mixin.py:188} INFO - [2026-04-06T09:53:29.215+0000] {dag.py:3096} INFO - Sync 1 DAGs
[2026-04-06T09:53:29.255+0000] {processor.py:183} INFO - Processing /opt/airflow/dags/isr_pipeline.py took 0.104 seconds
[2026-04-06T09:53:59.420+0000] {processor.py:161} INFO - Started process (PID=64435) to work on /opt/airflow/dags/isr_pipeline.py
[2026-04-06T09:53:59.421+0000] {processor.py:830} INFO - Processing file /opt/airflow/dags/isr_pipeline.py for tasks to queue
[2026-04-06T09:53:59.422+0000] {logging_mixin.py:188} INFO - [2026-04-06T09:53:59.422+0000] {dagbag.py:540} INFO - Filling up the DagBag from /opt/airflow/dags/isr_pipeline.py
[2026-04-06T09:53:59.441+0000] {processor.py:840} INFO - DAG(s) 'isr_pipeline' retrieved from /opt/airflow/dags/isr_pipeline.py
[2026-04-06T09:53:59.478+0000] {logging_mixin.py:188} INFO - [2026-04-06T09:53:59.478+0000] {dag.py:3096} INFO - Sync 1 DAGs
[2026-04-06T09:53:59.521+0000] {processor.py:183} INFO - Processing /opt/airflow/dags/isr_pipeline.py took 0.109 seconds
[2026-04-06T09:54:29.625+0000] {processor.py:161} INFO - Started process (PID=64440) to work on /opt/airflow/dags/isr_pipeline.py
[2026-04-06T09:54:29.626+0000] {processor.py:830} INFO - Processing file /opt/airflow/dags/isr_pipeline.py for tasks to queue
[2026-04-06T09:54:29.628+0000] {logging_mixin.py:188} INFO - [2026-04-06T09:54:29.627+0000] {dagbag.py:540} INFO - Filling up the DagBag from /opt/airflow/dags/isr_pipeline.py
[2026-04-06T09:54:29.646+0000] {processor.py:840} INFO - DAG(s) 'isr_pipeline' retrieved from /opt/airflow/dags/isr_pipeline.py
[2026-04-06T09:54:29.684+0000] {logging_mixin.py:188} INFO - [2026-04-06T09:54:29.684+0000] {dag.py:3096} INFO - Sync 1 DAGs
[2026-04-06T09:54:29.726+0000] {processor.py:183} INFO - Processing /opt/airflow/dags/isr_pipeline.py took 0.109 seconds
[2026-04-06T09:55:00.001+0000] {processor.py:161} INFO - Started process (PID=64445) to work on /opt/airflow/dags/isr_pipeline.py
[2026-04-06T09:55:00.003+0000] {processor.py:830} INFO - Processing file /opt/airflow/dags/isr_pipeline.py for tasks to queue
[2026-04-06T09:55:00.004+0000] {logging_mixin.py:188} INFO - [2026-04-06T09:55:00.004+0000] {dagbag.py:540} INFO - Filling up the DagBag from /opt/airflow/dags/isr_pipeline.py
[2026-04-06T09:55:00.023+0000] {processor.py:840} INFO - DAG(s) 'isr_pipeline' retrieved from /opt/airflow/dags/isr_pipeline.py
[2026-04-06T09:55:00.062+0000] {logging_mixin.py:188} INFO - [2026-04-06T09:55:00.061+0000] {dag.py:3096} INFO - Sync 1 DAGs
[2026-04-06T09:55:00.107+0000] {processor.py:183} INFO - Processing /opt/airflow/dags/isr_pipeline.py took 0.113 seconds
[2026-04-06T09:55:30.241+0000] {processor.py:161} INFO - Started process (PID=64450) to work on /opt/airflow/dags/isr_pipeline.py
[2026-04-06T09:55:30.242+0000] {processor.py:830} INFO - Processing file /opt/airflow/dags/isr_pipeline.py for tasks to queue
[2026-04-06T09:55:30.243+0000] {logging_mixin.py:188} INFO - [2026-04-06T09:55:30.243+0000] {dagbag.py:540} INFO - Filling up the DagBag from /opt/airflow/dags/isr_pipeline.py
[2026-04-06T09:55:30.262+0000] {processor.py:840} INFO - DAG(s) 'isr_pipeline' retrieved from /opt/airflow/dags/isr_pipeline.py
[2026-04-06T09:55:30.299+0000] {logging_mixin.py:188} INFO - [2026-04-06T09:55:30.299+0000] {dag.py:3096} INFO - Sync 1 DAGs
[2026-04-06T09:55:30.341+0000] {processor.py:183} INFO - Processing /opt/airflow/dags/isr_pipeline.py took 0.108 seconds
[2026-04-06T09:56:00.537+0000] {processor.py:161} INFO - Started process (PID=64455) to work on /opt/airflow/dags/isr_pipeline.py
[2026-04-06T09:56:00.538+0000] {processor.py:830} INFO - Processing file /opt/airflow/dags/isr_pipeline.py for tasks to queue
[2026-04-06T09:56:00.540+0000] {logging_mixin.py:188} INFO - [2026-04-06T09:56:00.539+0000] {dagbag.py:540} INFO - Filling up the DagBag from /opt/airflow/dags/isr_pipeline.py
[2026-04-06T09:56:00.558+0000] {processor.py:840} INFO - DAG(s) 'isr_pipeline' retrieved from /opt/airflow/dags/isr_pipeline.py
[2026-04-06T09:56:00.596+0000] {logging_mixin.py:188} INFO - [2026-04-06T09:56:00.595+0000] {dag.py:3096} INFO - Sync 1 DAGs
[2026-04-06T09:56:00.638+0000] {processor.py:183} INFO - Processing /opt/airflow/dags/isr_pipeline.py took 0.108 seconds
[2026-04-06T09:56:30.756+0000] {processor.py:161} INFO - Started process (PID=64460) to work on /opt/airflow/dags/isr_pipeline.py
[2026-04-06T09:56:30.757+0000] {processor.py:830} INFO - Processing file /opt/airflow/dags/isr_pipeline.py for tasks to queue
[2026-04-06T09:56:30.759+0000] {logging_mixin.py:188} INFO - [2026-04-06T09:56:30.758+0000] {dagbag.py:540} INFO - Filling up the DagBag from /opt/airflow/dags/isr_pipeline.py
[2026-04-06T09:56:30.777+0000] {processor.py:840} INFO - DAG(s) 'isr_pipeline' retrieved from /opt/airflow/dags/isr_pipeline.py
[2026-04-06T09:56:30.817+0000] {logging_mixin.py:188} INFO - [2026-04-06T09:56:30.817+0000] {dag.py:3096} INFO - Sync 1 DAGs
[2026-04-06T09:56:30.864+0000] {processor.py:183} INFO - Processing /opt/airflow/dags/isr_pipeline.py took 0.116 seconds
[2026-04-06T09:57:00.935+0000] {processor.py:161} INFO - Started process (PID=64465) to work on /opt/airflow/dags/isr_pipeline.py
[2026-04-06T09:57:00.936+0000] {processor.py:830} INFO - Processing file /opt/airflow/dags/isr_pipeline.py for tasks to queue
[2026-04-06T09:57:00.938+0000] {logging_mixin.py:188} INFO - [2026-04-06T09:57:00.937+0000] {dagbag.py:540} INFO - Filling up the DagBag from /opt/airflow/dags/isr_pipeline.py
[2026-04-06T09:57:00.956+0000] {processor.py:840} INFO - DAG(s) 'isr_pipeline' retrieved from /opt/airflow/dags/isr_pipeline.py
[2026-04-06T09:57:00.995+0000] {logging_mixin.py:188} INFO - [2026-04-06T09:57:00.995+0000] {dag.py:3096} INFO - Sync 1 DAGs
[2026-04-06T09:57:01.038+0000] {processor.py:183} INFO - Processing /opt/airflow/dags/isr_pipeline.py took 0.111 seconds
[2026-04-06T09:57:31.165+0000] {processor.py:161} INFO - Started process (PID=64470) to work on /opt/airflow/dags/isr_pipeline.py
[2026-04-06T09:57:31.167+0000] {processor.py:830} INFO - Processing file /opt/airflow/dags/isr_pipeline.py for tasks to queue
[2026-04-06T09:57:31.168+0000] {logging_mixin.py:188} INFO - [2026-04-06T09:57:31.168+0000] {dagbag.py:540} INFO - Filling up the DagBag from /opt/airflow/dags/isr_pipeline.py
[2026-04-06T09:57:31.186+0000] {processor.py:840} INFO - DAG(s) 'isr_pipeline' retrieved from /opt/airflow/dags/isr_pipeline.py
[2026-04-06T09:57:31.223+0000] {logging_mixin.py:188} INFO - [2026-04-06T09:57:31.222+0000] {dag.py:3096} INFO - Sync 1 DAGs
[2026-04-06T09:57:31.264+0000] {processor.py:183} INFO - Processing /opt/airflow/dags/isr_pipeline.py took 0.107 seconds
[2026-04-06T09:58:01.340+0000] {processor.py:161} INFO - Started process (PID=64475) to work on /opt/airflow/dags/isr_pipeline.py
[2026-04-06T09:58:01.341+0000] {processor.py:830} INFO - Processing file /opt/airflow/dags/isr_pipeline.py for tasks to queue
[2026-04-06T09:58:01.343+0000] {logging_mixin.py:188} INFO - [2026-04-06T09:58:01.342+0000] {dagbag.py:540} INFO - Filling up the DagBag from /opt/airflow/dags/isr_pipeline.py
[2026-04-06T09:58:01.361+0000] {processor.py:840} INFO - DAG(s) 'isr_pipeline' retrieved from /opt/airflow/dags/isr_pipeline.py
[2026-04-06T09:58:01.398+0000] {logging_mixin.py:188} INFO - [2026-04-06T09:58:01.397+0000] {dag.py:3096} INFO - Sync 1 DAGs
[2026-04-06T09:58:01.440+0000] {processor.py:183} INFO - Processing /opt/airflow/dags/isr_pipeline.py took 0.109 seconds
[2026-04-06T09:58:31.571+0000] {processor.py:161} INFO - Started process (PID=64480) to work on /opt/airflow/dags/isr_pipeline.py
[2026-04-06T09:58:31.573+0000] {processor.py:830} INFO - Processing file /opt/airflow/dags/isr_pipeline.py for tasks to queue
[2026-04-06T09:58:31.574+0000] {logging_mixin.py:188} INFO - [2026-04-06T09:58:31.574+0000] {dagbag.py:540} INFO - Filling up the DagBag from /opt/airflow/dags/isr_pipeline.py
[2026-04-06T09:58:31.593+0000] {processor.py:840} INFO - DAG(s) 'isr_pipeline' retrieved from /opt/airflow/dags/isr_pipeline.py
[2026-04-06T09:58:31.631+0000] {logging_mixin.py:188} INFO - [2026-04-06T09:58:31.631+0000] {dag.py:3096} INFO - Sync 1 DAGs
[2026-04-06T09:58:31.674+0000] {processor.py:183} INFO - Processing /opt/airflow/dags/isr_pipeline.py took 0.110 seconds
[2026-04-06T09:59:01.750+0000] {processor.py:161} INFO - Started process (PID=64485) to work on /opt/airflow/dags/isr_pipeline.py
[2026-04-06T09:59:01.752+0000] {processor.py:830} INFO - Processing file /opt/airflow/dags/isr_pipeline.py for tasks to queue
[2026-04-06T09:59:01.754+0000] {logging_mixin.py:188} INFO - [2026-04-06T09:59:01.753+0000] {dagbag.py:540} INFO - Filling up the DagBag from /opt/airflow/dags/isr_pipeline.py
[2026-04-06T09:59:01.772+0000] {processor.py:840} INFO - DAG(s) 'isr_pipeline' retrieved from /opt/airflow/dags/isr_pipeline.py
[2026-04-06T09:59:01.809+0000] {logging_mixin.py:188} INFO - [2026-04-06T09:59:01.809+0000] {dag.py:3096} INFO - Sync 1 DAGs
[2026-04-06T09:59:01.850+0000] {processor.py:183} INFO - Processing /opt/airflow/dags/isr_pipeline.py took 0.109 seconds
[2026-04-06T09:59:32.029+0000] {processor.py:161} INFO - Started process (PID=64490) to work on /opt/airflow/dags/isr_pipeline.py
[2026-04-06T09:59:32.031+0000] {processor.py:830} INFO - Processing file /opt/airflow/dags/isr_pipeline.py for tasks to queue
[2026-04-06T09:59:32.032+0000] {logging_mixin.py:188} INFO - [2026-04-06T09:59:32.032+0000] {dagbag.py:540} INFO - Filling up the DagBag from /opt/airflow/dags/isr_pipeline.py
[2026-04-06T09:59:32.052+0000] {processor.py:840} INFO - DAG(s) 'isr_pipeline' retrieved from /opt/airflow/dags/isr_pipeline.py
[2026-04-06T09:59:32.089+0000] {logging_mixin.py:188} INFO - [2026-04-06T09:59:32.088+0000] {dag.py:3096} INFO - Sync 1 DAGs
[2026-04-06T09:59:32.132+0000] {processor.py:183} INFO - Processing /opt/airflow/dags/isr_pipeline.py took 0.111 seconds
[2026-04-06T10:00:02.206+0000] {processor.py:161} INFO - Started process (PID=64495) to work on /opt/airflow/dags/isr_pipeline.py
[2026-04-06T10:00:02.208+0000] {processor.py:830} INFO - Processing file /opt/airflow/dags/isr_pipeline.py for tasks to queue
[2026-04-06T10:00:02.209+0000] {logging_mixin.py:188} INFO - [2026-04-06T10:00:02.209+0000] {dagbag.py:540} INFO - Filling up the DagBag from /opt/airflow/dags/isr_pipeline.py
[2026-04-06T10:00:02.227+0000] {processor.py:840} INFO - DAG(s) 'isr_pipeline' retrieved from /opt/airflow/dags/isr_pipeline.py
[2026-04-06T10:00:02.265+0000] {logging_mixin.py:188} INFO - [2026-04-06T10:00:02.264+0000] {dag.py:3096} INFO - Sync 1 DAGs
[2026-04-06T10:00:02.305+0000] {processor.py:183} INFO - Processing /opt/airflow/dags/isr_pipeline.py took 0.107 seconds
[2026-04-06T10:00:32.477+0000] {processor.py:161} INFO - Started process (PID=64500) to work on /opt/airflow/dags/isr_pipeline.py
[2026-04-06T10:00:32.478+0000] {processor.py:830} INFO - Processing file /opt/airflow/dags/isr_pipeline.py for tasks to queue
[2026-04-06T10:00:32.480+0000] {logging_mixin.py:188} INFO - [2026-04-06T10:00:32.479+0000] {dagbag.py:540} INFO - Filling up the DagBag from /opt/airflow/dags/isr_pipeline.py
[2026-04-06T10:00:32.499+0000] {processor.py:840} INFO - DAG(s) 'isr_pipeline' retrieved from /opt/airflow/dags/isr_pipeline.py
[2026-04-06T10:00:32.536+0000] {logging_mixin.py:188} INFO - [2026-04-06T10:00:32.535+0000] {dag.py:3096} INFO - Sync 1 DAGs
[2026-04-06T10:00:32.577+0000] {processor.py:183} INFO - Processing /opt/airflow/dags/isr_pipeline.py took 0.107 seconds
[2026-04-06T10:01:02.742+0000] {processor.py:161} INFO - Started process (PID=64505) to work on /opt/airflow/dags/isr_pipeline.py
[2026-04-06T10:01:02.760+0000] {processor.py:830} INFO - Processing file /opt/airflow/dags/isr_pipeline.py for tasks to queue
[2026-04-06T10:01:02.762+0000] {logging_mixin.py:188} INFO - [2026-04-06T10:01:02.762+0000] {dagbag.py:540} INFO - Filling up the DagBag from /opt/airflow/dags/isr_pipeline.py
[2026-04-06T10:01:02.781+0000] {processor.py:840} INFO - DAG(s) 'isr_pipeline' retrieved from /opt/airflow/dags/isr_pipeline.py
[2026-04-06T10:01:02.818+0000] {logging_mixin.py:188} INFO - [2026-04-06T10:01:02.818+0000] {dag.py:3096} INFO - Sync 1 DAGs
[2026-04-06T10:01:02.860+0000] {processor.py:183} INFO - Processing /opt/airflow/dags/isr_pipeline.py took 0.127 seconds
[2026-04-06T10:01:32.907+0000] {processor.py:161} INFO - Started process (PID=64510) to work on /opt/airflow/dags/isr_pipeline.py
[2026-04-06T10:01:32.908+0000] {processor.py:830} INFO - Processing file /opt/airflow/dags/isr_pipeline.py for tasks to queue
[2026-04-06T10:01:32.909+0000] {logging_mixin.py:188} INFO - [2026-04-06T10:01:32.909+0000] {dagbag.py:540} INFO - Filling up the DagBag from /opt/airflow/dags/isr_pipeline.py
[2026-04-06T10:01:32.929+0000] {processor.py:840} INFO - DAG(s) 'isr_pipeline' retrieved from /opt/airflow/dags/isr_pipeline.py
[2026-04-06T10:01:32.968+0000] {logging_mixin.py:188} INFO - [2026-04-06T10:01:32.967+0000] {dag.py:3096} INFO - Sync 1 DAGs
[2026-04-06T10:01:33.036+0000] {processor.py:183} INFO - Processing /opt/airflow/dags/isr_pipeline.py took 0.139 seconds
[2026-04-06T10:02:03.196+0000] {processor.py:161} INFO - Started process (PID=64515) to work on /opt/airflow/dags/isr_pipeline.py
[2026-04-06T10:02:03.197+0000] {processor.py:830} INFO - Processing file /opt/airflow/dags/isr_pipeline.py for tasks to queue
[2026-04-06T10:02:03.198+0000] {logging_mixin.py:188} INFO - [2026-04-06T10:02:03.198+0000] {dagbag.py:540} INFO - Filling up the DagBag from /opt/airflow/dags/isr_pipeline.py
[2026-04-06T10:02:03.227+0000] {processor.py:840} INFO - DAG(s) 'isr_pipeline' retrieved from /opt/airflow/dags/isr_pipeline.py
[2026-04-06T10:02:03.263+0000] {logging_mixin.py:188} INFO - [2026-04-06T10:02:03.263+0000] {dag.py:3096} INFO - Sync 1 DAGs
[2026-04-06T10:02:03.303+0000] {processor.py:183} INFO - Processing /opt/airflow/dags/isr_pipeline.py took 0.114 seconds
[2026-04-06T10:02:33.371+0000] {processor.py:161} INFO - Started process (PID=64520) to work on /opt/airflow/dags/isr_pipeline.py
[2026-04-06T10:02:33.372+0000] {processor.py:830} INFO - Processing file /opt/airflow/dags/isr_pipeline.py for tasks to queue
[2026-04-06T10:02:33.374+0000] {logging_mixin.py:188} INFO - [2026-04-06T10:02:33.374+0000] {dagbag.py:540} INFO - Filling up the DagBag from /opt/airflow/dags/isr_pipeline.py
[2026-04-06T10:02:33.393+0000] {processor.py:840} INFO - DAG(s) 'isr_pipeline' retrieved from /opt/airflow/dags/isr_pipeline.py
[2026-04-06T10:02:33.431+0000] {logging_mixin.py:188} INFO - [2026-04-06T10:02:33.431+0000] {dag.py:3096} INFO - Sync 1 DAGs
[2026-04-06T10:02:33.474+0000] {processor.py:183} INFO - Processing /opt/airflow/dags/isr_pipeline.py took 0.112 seconds
[2026-04-06T10:03:03.630+0000] {processor.py:161} INFO - Started process (PID=64525) to work on /opt/airflow/dags/isr_pipeline.py
[2026-04-06T10:03:03.631+0000] {processor.py:830} INFO - Processing file /opt/airflow/dags/isr_pipeline.py for tasks to queue
[2026-04-06T10:03:03.633+0000] {logging_mixin.py:188} INFO - [2026-04-06T10:03:03.632+0000] {dagbag.py:540} INFO - Filling up the DagBag from /opt/airflow/dags/isr_pipeline.py
[2026-04-06T10:03:03.651+0000] {processor.py:840} INFO - DAG(s) 'isr_pipeline' retrieved from /opt/airflow/dags/isr_pipeline.py
[2026-04-06T10:03:03.688+0000] {logging_mixin.py:188} INFO - [2026-04-06T10:03:03.688+0000] {dag.py:3096} INFO - Sync 1 DAGs
[2026-04-06T10:03:03.731+0000] {processor.py:183} INFO - Processing /opt/airflow/dags/isr_pipeline.py took 0.109 seconds
[2026-04-06T10:03:33.791+0000] {processor.py:161} INFO - Started process (PID=64530) to work on /opt/airflow/dags/isr_pipeline.py
[2026-04-06T10:03:33.792+0000] {processor.py:830} INFO - Processing file /opt/airflow/dags/isr_pipeline.py for tasks to queue
[2026-04-06T10:03:33.794+0000] {logging_mixin.py:188} INFO - [2026-04-06T10:03:33.793+0000] {dagbag.py:540} INFO - Filling up the DagBag from /opt/airflow/dags/isr_pipeline.py
[2026-04-06T10:03:33.812+0000] {processor.py:840} INFO - DAG(s) 'isr_pipeline' retrieved from /opt/airflow/dags/isr_pipeline.py
[2026-04-06T10:03:33.849+0000] {logging_mixin.py:188} INFO - [2026-04-06T10:03:33.849+0000] {dag.py:3096} INFO - Sync 1 DAGs
[2026-04-06T10:03:33.890+0000] {processor.py:183} INFO - Processing /opt/airflow/dags/isr_pipeline.py took 0.109 seconds
[2026-04-06T10:04:04.108+0000] {processor.py:161} INFO - Started process (PID=64535) to work on /opt/airflow/dags/isr_pipeline.py
[2026-04-06T10:04:04.109+0000] {processor.py:830} INFO - Processing file /opt/airflow/dags/isr_pipeline.py for tasks to queue
[2026-04-06T10:04:04.111+0000] {logging_mixin.py:188} INFO - [2026-04-06T10:04:04.111+0000] {dagbag.py:540} INFO - Filling up the DagBag from /opt/airflow/dags/isr_pipeline.py
[2026-04-06T10:04:04.129+0000] {processor.py:840} INFO - DAG(s) 'isr_pipeline' retrieved from /opt/airflow/dags/isr_pipeline.py
[2026-04-06T10:04:04.165+0000] {logging_mixin.py:188} INFO - [2026-04-06T10:04:04.165+0000] {dag.py:3096} INFO - Sync 1 DAGs
[2026-04-06T10:04:04.206+0000] {processor.py:183} INFO - Processing /opt/airflow/dags/isr_pipeline.py took 0.106 seconds
[2026-04-06T10:04:34.306+0000] {processor.py:161} INFO - Started process (PID=64540) to work on /opt/airflow/dags/isr_pipeline.py
[2026-04-06T10:04:34.307+0000] {processor.py:830} INFO - Processing file /opt/airflow/dags/isr_pipeline.py for tasks to queue
[2026-04-06T10:04:34.308+0000] {logging_mixin.py:188} INFO - [2026-04-06T10:04:34.308+0000] {dagbag.py:540} INFO - Filling up the DagBag from /opt/airflow/dags/isr_pipeline.py
[2026-04-06T10:04:34.327+0000] {processor.py:840} INFO - DAG(s) 'isr_pipeline' retrieved from /opt/airflow/dags/isr_pipeline.py
[2026-04-06T10:04:34.365+0000] {logging_mixin.py:188} INFO - [2026-04-06T10:04:34.365+0000] {dag.py:3096} INFO - Sync 1 DAGs
[2026-04-06T10:04:34.409+0000] {processor.py:183} INFO - Processing /opt/airflow/dags/isr_pipeline.py took 0.111 seconds
[2026-04-06T10:05:04.551+0000] {processor.py:161} INFO - Started process (PID=64545) to work on /opt/airflow/dags/isr_pipeline.py
[2026-04-06T10:05:04.553+0000] {processor.py:830} INFO - Processing file /opt/airflow/dags/isr_pipeline.py for tasks to queue
[2026-04-06T10:05:04.555+0000] {logging_mixin.py:188} INFO - [2026-04-06T10:05:04.555+0000] {dagbag.py:540} INFO - Filling up the DagBag from /opt/airflow/dags/isr_pipeline.py
[2026-04-06T10:05:04.573+0000] {processor.py:840} INFO - DAG(s) 'isr_pipeline' retrieved from /opt/airflow/dags/isr_pipeline.py
[2026-04-06T10:05:04.611+0000] {logging_mixin.py:188} INFO - [2026-04-06T10:05:04.611+0000] {dag.py:3096} INFO - Sync 1 DAGs
[2026-04-06T10:05:04.654+0000] {processor.py:183} INFO - Processing /opt/airflow/dags/isr_pipeline.py took 0.111 seconds
[2026-04-06T10:05:34.718+0000] {processor.py:161} INFO - Started process (PID=64550) to work on /opt/airflow/dags/isr_pipeline.py
[2026-04-06T10:05:34.719+0000] {processor.py:830} INFO - Processing file /opt/airflow/dags/isr_pipeline.py for tasks to queue
[2026-04-06T10:05:34.721+0000] {logging_mixin.py:188} INFO - [2026-04-06T10:05:34.721+0000] {dagbag.py:540} INFO - Filling up the DagBag from /opt/airflow/dags/isr_pipeline.py
[2026-04-06T10:05:34.739+0000] {processor.py:840} INFO - DAG(s) 'isr_pipeline' retrieved from /opt/airflow/dags/isr_pipeline.py
[2026-04-06T10:05:34.776+0000] {logging_mixin.py:188} INFO - [2026-04-06T10:05:34.776+0000] {dag.py:3096} INFO - Sync 1 DAGs
[2026-04-06T10:05:34.817+0000] {processor.py:183} INFO - Processing /opt/airflow/dags/isr_pipeline.py took 0.106 seconds
[2026-04-06T10:06:05.019+0000] {processor.py:161} INFO - Started process (PID=64555) to work on /opt/airflow/dags/isr_pipeline.py
[2026-04-06T10:06:05.020+0000] {processor.py:830} INFO - Processing file /opt/airflow/dags/isr_pipeline.py for tasks to queue
[2026-04-06T10:06:05.022+0000] {logging_mixin.py:188} INFO - [2026-04-06T10:06:05.021+0000] {dagbag.py:540} INFO - Filling up the DagBag from /opt/airflow/dags/isr_pipeline.py
[2026-04-06T10:06:05.041+0000] {processor.py:840} INFO - DAG(s) 'isr_pipeline' retrieved from /opt/airflow/dags/isr_pipeline.py
[2026-04-06T10:06:05.083+0000] {logging_mixin.py:188} INFO - [2026-04-06T10:06:05.082+0000] {dag.py:3096} INFO - Sync 1 DAGs
[2026-04-06T10:06:05.128+0000] {processor.py:183} INFO - Processing /opt/airflow/dags/isr_pipeline.py took 0.118 seconds
[2026-04-06T10:06:35.206+0000] {processor.py:161} INFO - Started process (PID=64560) to work on /opt/airflow/dags/isr_pipeline.py
[2026-04-06T10:06:35.207+0000] {processor.py:830} INFO - Processing file /opt/airflow/dags/isr_pipeline.py for tasks to queue
[2026-04-06T10:06:35.208+0000] {logging_mixin.py:188} INFO - [2026-04-06T10:06:35.208+0000] {dagbag.py:540} INFO - Filling up the DagBag from /opt/airflow/dags/isr_pipeline.py
[2026-04-06T10:06:35.226+0000] {processor.py:840} INFO - DAG(s) 'isr_pipeline' retrieved from /opt/airflow/dags/isr_pipeline.py
[2026-04-06T10:06:35.262+0000] {logging_mixin.py:188} INFO - [2026-04-06T10:06:35.262+0000] {dag.py:3096} INFO - Sync 1 DAGs
[2026-04-06T10:06:35.303+0000] {processor.py:183} INFO - Processing /opt/airflow/dags/isr_pipeline.py took 0.105 seconds
[2026-04-06T10:07:05.390+0000] {processor.py:161} INFO - Started process (PID=64565) to work on /opt/airflow/dags/isr_pipeline.py
[2026-04-06T10:07:05.391+0000] {processor.py:830} INFO - Processing file /opt/airflow/dags/isr_pipeline.py for tasks to queue
[2026-04-06T10:07:05.392+0000] {logging_mixin.py:188} INFO - [2026-04-06T10:07:05.392+0000] {dagbag.py:540} INFO - Filling up the DagBag from /opt/airflow/dags/isr_pipeline.py
[2026-04-06T10:07:05.411+0000] {processor.py:840} INFO - DAG(s) 'isr_pipeline' retrieved from /opt/airflow/dags/isr_pipeline.py
[2026-04-06T10:07:05.453+0000] {logging_mixin.py:188} INFO - [2026-04-06T10:07:05.453+0000] {dag.py:3096} INFO - Sync 1 DAGs
[2026-04-06T10:07:05.498+0000] {processor.py:183} INFO - Processing /opt/airflow/dags/isr_pipeline.py took 0.116 seconds
[2026-04-06T10:07:35.701+0000] {processor.py:161} INFO - Started process (PID=64570) to work on /opt/airflow/dags/isr_pipeline.py
[2026-04-06T10:07:35.702+0000] {processor.py:830} INFO - Processing file /opt/airflow/dags/isr_pipeline.py for tasks to queue
[2026-04-06T10:07:35.703+0000] {logging_mixin.py:188} INFO - [2026-04-06T10:07:35.703+0000] {dagbag.py:540} INFO - Filling up the DagBag from /opt/airflow/dags/isr_pipeline.py
[2026-04-06T10:07:35.723+0000] {processor.py:840} INFO - DAG(s) 'isr_pipeline' retrieved from /opt/airflow/dags/isr_pipeline.py
[2026-04-06T10:07:35.759+0000] {logging_mixin.py:188} INFO - [2026-04-06T10:07:35.759+0000] {dag.py:3096} INFO - Sync 1 DAGs
[2026-04-06T10:07:35.802+0000] {processor.py:183} INFO - Processing /opt/airflow/dags/isr_pipeline.py took 0.109 seconds
[2026-04-06T10:08:05.876+0000] {processor.py:161} INFO - Started process (PID=64575) to work on /opt/airflow/dags/isr_pipeline.py
[2026-04-06T10:08:05.877+0000] {processor.py:830} INFO - Processing file /opt/airflow/dags/isr_pipeline.py for tasks to queue
[2026-04-06T10:08:05.878+0000] {logging_mixin.py:188} INFO - [2026-04-06T10:08:05.878+0000] {dagbag.py:540} INFO - Filling up the DagBag from /opt/airflow/dags/isr_pipeline.py
[2026-04-06T10:08:05.897+0000] {processor.py:840} INFO - DAG(s) 'isr_pipeline' retrieved from /opt/airflow/dags/isr_pipeline.py
[2026-04-06T10:08:05.937+0000] {logging_mixin.py:188} INFO - [2026-04-06T10:08:05.937+0000] {dag.py:3096} INFO - Sync 1 DAGs
[2026-04-06T10:08:05.982+0000] {processor.py:183} INFO - Processing /opt/airflow/dags/isr_pipeline.py took 0.115 seconds
[2026-04-06T10:08:36.120+0000] {processor.py:161} INFO - Started process (PID=64580) to work on /opt/airflow/dags/isr_pipeline.py
[2026-04-06T10:08:36.122+0000] {processor.py:830} INFO - Processing file /opt/airflow/dags/isr_pipeline.py for tasks to queue
[2026-04-06T10:08:36.123+0000] {logging_mixin.py:188} INFO - [2026-04-06T10:08:36.123+0000] {dagbag.py:540} INFO - Filling up the DagBag from /opt/airflow/dags/isr_pipeline.py
[2026-04-06T10:08:36.142+0000] {processor.py:840} INFO - DAG(s) 'isr_pipeline' retrieved from /opt/airflow/dags/isr_pipeline.py
[2026-04-06T10:08:36.180+0000] {logging_mixin.py:188} INFO - [2026-04-06T10:08:36.180+0000] {dag.py:3096} INFO - Sync 1 DAGs
[2026-04-06T10:08:36.222+0000] {processor.py:183} INFO - Processing /opt/airflow/dags/isr_pipeline.py took 0.109 seconds
[2026-04-06T10:09:06.383+0000] {processor.py:161} INFO - Started process (PID=64585) to work on /opt/airflow/dags/isr_pipeline.py
[2026-04-06T10:09:06.384+0000] {processor.py:830} INFO - Processing file /opt/airflow/dags/isr_pipeline.py for tasks to queue
[2026-04-06T10:09:06.385+0000] {logging_mixin.py:188} INFO - [2026-04-06T10:09:06.385+0000] {dagbag.py:540} INFO - Filling up the DagBag from /opt/airflow/dags/isr_pipeline.py
[2026-04-06T10:09:06.403+0000] {processor.py:840} INFO - DAG(s) 'isr_pipeline' retrieved from /opt/airflow/dags/isr_pipeline.py
[2026-04-06T10:09:06.441+0000] {logging_mixin.py:188} INFO - [2026-04-06T10:09:06.441+0000] {dag.py:3096} INFO - Sync 1 DAGs
[2026-04-06T10:09:06.485+0000] {processor.py:183} INFO - Processing /opt/airflow/dags/isr_pipeline.py took 0.109 seconds
[2026-04-06T10:09:36.546+0000] {processor.py:161} INFO - Started process (PID=64590) to work on /opt/airflow/dags/isr_pipeline.py
[2026-04-06T10:09:36.547+0000] {processor.py:830} INFO - Processing file /opt/airflow/dags/isr_pipeline.py for tasks to queue
[2026-04-06T10:09:36.548+0000] {logging_mixin.py:188} INFO - [2026-04-06T10:09:36.548+0000] {dagbag.py:540} INFO - Filling up the DagBag from /opt/airflow/dags/isr_pipeline.py
[2026-04-06T10:09:36.568+0000] {processor.py:840} INFO - DAG(s) 'isr_pipeline' retrieved from /opt/airflow/dags/isr_pipeline.py
[2026-04-06T10:09:36.606+0000] {logging_mixin.py:188} INFO - [2026-04-06T10:09:36.606+0000] {dag.py:3096} INFO - Sync 1 DAGs
[2026-04-06T10:09:36.648+0000] {processor.py:183} INFO - Processing /opt/airflow/dags/isr_pipeline.py took 0.110 seconds
[2026-04-06T10:10:06.805+0000] {processor.py:161} INFO - Started process (PID=64595) to work on /opt/airflow/dags/isr_pipeline.py
[2026-04-06T10:10:06.806+0000] {processor.py:830} INFO - Processing file /opt/airflow/dags/isr_pipeline.py for tasks to queue
[2026-04-06T10:10:06.808+0000] {logging_mixin.py:188} INFO - [2026-04-06T10:10:06.807+0000] {dagbag.py:540} INFO - Filling up the DagBag from /opt/airflow/dags/isr_pipeline.py
[2026-04-06T10:10:06.826+0000] {processor.py:840} INFO - DAG(s) 'isr_pipeline' retrieved from /opt/airflow/dags/isr_pipeline.py
[2026-04-06T10:10:06.862+0000] {logging_mixin.py:188} INFO - [2026-04-06T10:10:06.862+0000] {dag.py:3096} INFO - Sync 1 DAGs
[2026-04-06T10:10:06.906+0000] {processor.py:183} INFO - Processing /opt/airflow/dags/isr_pipeline.py took 0.109 seconds
[2026-04-06T10:10:36.987+0000] {processor.py:161} INFO - Started process (PID=64600) to work on /opt/airflow/dags/isr_pipeline.py
[2026-04-06T10:10:36.989+0000] {processor.py:830} INFO - Processing file /opt/airflow/dags/isr_pipeline.py for tasks to queue
[2026-04-06T10:10:36.990+0000] {logging_mixin.py:188} INFO - [2026-04-06T10:10:36.990+0000] {dagbag.py:540} INFO - Filling up the DagBag from /opt/airflow/dags/isr_pipeline.py
[2026-04-06T10:10:37.009+0000] {processor.py:840} INFO - DAG(s) 'isr_pipeline' retrieved from /opt/airflow/dags/isr_pipeline.py
[2026-04-06T10:10:37.046+0000] {logging_mixin.py:188} INFO - [2026-04-06T10:10:37.046+0000] {dag.py:3096} INFO - Sync 1 DAGs
[2026-04-06T10:10:37.090+0000] {processor.py:183} INFO - Processing /opt/airflow/dags/isr_pipeline.py took 0.111 seconds
[2026-04-06T10:11:07.271+0000] {processor.py:161} INFO - Started process (PID=64605) to work on /opt/airflow/dags/isr_pipeline.py
[2026-04-06T10:11:07.272+0000] {processor.py:830} INFO - Processing file /opt/airflow/dags/isr_pipeline.py for tasks to queue
[2026-04-06T10:11:07.273+0000] {logging_mixin.py:188} INFO - [2026-04-06T10:11:07.273+0000] {dagbag.py:540} INFO - Filling up the DagBag from /opt/airflow/dags/isr_pipeline.py
[2026-04-06T10:11:07.291+0000] {processor.py:840} INFO - DAG(s) 'isr_pipeline' retrieved from /opt/airflow/dags/isr_pipeline.py
[2026-04-06T10:11:07.328+0000] {logging_mixin.py:188} INFO - [2026-04-06T10:11:07.328+0000] {dag.py:3096} INFO - Sync 1 DAGs
[2026-04-06T10:11:07.368+0000] {processor.py:183} INFO - Processing /opt/airflow/dags/isr_pipeline.py took 0.105 seconds
[2026-04-06T10:11:37.452+0000] {processor.py:161} INFO - Started process (PID=64610) to work on /opt/airflow/dags/isr_pipeline.py
[2026-04-06T10:11:37.454+0000] {processor.py:830} INFO - Processing file /opt/airflow/dags/isr_pipeline.py for tasks to queue
[2026-04-06T10:11:37.455+0000] {logging_mixin.py:188} INFO - [2026-04-06T10:11:37.455+0000] {dagbag.py:540} INFO - Filling up the DagBag from /opt/airflow/dags/isr_pipeline.py
[2026-04-06T10:11:37.474+0000] {processor.py:840} INFO - DAG(s) 'isr_pipeline' retrieved from /opt/airflow/dags/isr_pipeline.py
[2026-04-06T10:11:37.512+0000] {logging_mixin.py:188} INFO - [2026-04-06T10:11:37.512+0000] {dag.py:3096} INFO - Sync 1 DAGs
[2026-04-06T10:11:37.554+0000] {processor.py:183} INFO - Processing /opt/airflow/dags/isr_pipeline.py took 0.111 seconds
[2026-04-06T10:12:07.677+0000] {processor.py:161} INFO - Started process (PID=64615) to work on /opt/airflow/dags/isr_pipeline.py
[2026-04-06T10:12:07.679+0000] {processor.py:830} INFO - Processing file /opt/airflow/dags/isr_pipeline.py for tasks to queue
[2026-04-06T10:12:07.680+0000] {logging_mixin.py:188} INFO - [2026-04-06T10:12:07.680+0000] {dagbag.py:540} INFO - Filling up the DagBag from /opt/airflow/dags/isr_pipeline.py
[2026-04-06T10:12:07.698+0000] {processor.py:840} INFO - DAG(s) 'isr_pipeline' retrieved from /opt/airflow/dags/isr_pipeline.py
[2026-04-06T10:12:07.736+0000] {logging_mixin.py:188} INFO - [2026-04-06T10:12:07.735+0000] {dag.py:3096} INFO - Sync 1 DAGs
[2026-04-06T10:12:07.778+0000] {processor.py:183} INFO - Processing /opt/airflow/dags/isr_pipeline.py took 0.108 seconds
[2026-04-06T10:12:37.829+0000] {processor.py:161} INFO - Started process (PID=64620) to work on /opt/airflow/dags/isr_pipeline.py
[2026-04-06T10:12:37.830+0000] {processor.py:830} INFO - Processing file /opt/airflow/dags/isr_pipeline.py for tasks to queue
[2026-04-06T10:12:37.832+0000] {logging_mixin.py:188} INFO - [2026-04-06T10:12:37.831+0000] {dagbag.py:540} INFO - Filling up the DagBag from /opt/airflow/dags/isr_pipeline.py
[2026-04-06T10:12:37.852+0000] {processor.py:840} INFO - DAG(s) 'isr_pipeline' retrieved from /opt/airflow/dags/isr_pipeline.py
[2026-04-06T10:12:37.889+0000] {logging_mixin.py:188} INFO - [2026-04-06T10:12:37.888+0000] {dag.py:3096} INFO - Sync 1 DAGs
[2026-04-06T10:12:37.930+0000] {processor.py:183} INFO - Processing /opt/airflow/dags/isr_pipeline.py took 0.110 seconds
[2026-04-06T10:13:08.111+0000] {processor.py:161} INFO - Started process (PID=64625) to work on /opt/airflow/dags/isr_pipeline.py
[2026-04-06T10:13:08.112+0000] {processor.py:830} INFO - Processing file /opt/airflow/dags/isr_pipeline.py for tasks to queue
[2026-04-06T10:13:08.114+0000] {logging_mixin.py:188} INFO - [2026-04-06T10:13:08.113+0000] {dagbag.py:540} INFO - Filling up the DagBag from /opt/airflow/dags/isr_pipeline.py
[2026-04-06T10:13:08.132+0000] {processor.py:840} INFO - DAG(s) 'isr_pipeline' retrieved from /opt/airflow/dags/isr_pipeline.py
[2026-04-06T10:13:08.169+0000] {logging_mixin.py:188} INFO - [2026-04-06T10:13:08.168+0000] {dag.py:3096} INFO - Sync 1 DAGs
[2026-04-06T10:13:08.210+0000] {processor.py:183} INFO - Processing /opt/airflow/dags/isr_pipeline.py took 0.107 seconds
[2026-04-06T10:13:38.334+0000] {processor.py:161} INFO - Started process (PID=64630) to work on /opt/airflow/dags/isr_pipeline.py
[2026-04-06T10:13:38.335+0000] {processor.py:830} INFO - Processing file /opt/airflow/dags/isr_pipeline.py for tasks to queue
[2026-04-06T10:13:38.337+0000] {logging_mixin.py:188} INFO - [2026-04-06T10:13:38.336+0000] {dagbag.py:540} INFO - Filling up the DagBag from /opt/airflow/dags/isr_pipeline.py
[2026-04-06T10:13:38.355+0000] {processor.py:840} INFO - DAG(s) 'isr_pipeline' retrieved from /opt/airflow/dags/isr_pipeline.py
[2026-04-06T10:13:38.392+0000] {logging_mixin.py:188} INFO - [2026-04-06T10:13:38.392+0000] {dag.py:3096} INFO - Sync 1 DAGs
[2026-04-06T10:13:38.434+0000] {processor.py:183} INFO - Processing /opt/airflow/dags/isr_pipeline.py took 0.108 seconds
[2026-04-06T10:14:08.554+0000] {processor.py:161} INFO - Started process (PID=64635) to work on /opt/airflow/dags/isr_pipeline.py
[2026-04-06T10:14:08.555+0000] {processor.py:830} INFO - Processing file /opt/airflow/dags/isr_pipeline.py for tasks to queue
[2026-04-06T10:14:08.557+0000] {logging_mixin.py:188} INFO - [2026-04-06T10:14:08.556+0000] {dagbag.py:540} INFO - Filling up the DagBag from /opt/airflow/dags/isr_pipeline.py
[2026-04-06T10:14:08.575+0000] {processor.py:840} INFO - DAG(s) 'isr_pipeline' retrieved from /opt/airflow/dags/isr_pipeline.py
[2026-04-06T10:14:08.612+0000] {logging_mixin.py:188} INFO - [2026-04-06T10:14:08.612+0000] {dag.py:3096} INFO - Sync 1 DAGs
[2026-04-06T10:14:08.655+0000] {processor.py:183} INFO - Processing /opt/airflow/dags/isr_pipeline.py took 0.110 seconds
[2026-04-06T10:14:38.741+0000] {processor.py:161} INFO - Started process (PID=64640) to work on /opt/airflow/dags/isr_pipeline.py
[2026-04-06T10:14:38.742+0000] {processor.py:830} INFO - Processing file /opt/airflow/dags/isr_pipeline.py for tasks to queue
[2026-04-06T10:14:38.743+0000] {logging_mixin.py:188} INFO - [2026-04-06T10:14:38.743+0000] {dagbag.py:540} INFO - Filling up the DagBag from /opt/airflow/dags/isr_pipeline.py
[2026-04-06T10:14:38.762+0000] {processor.py:840} INFO - DAG(s) 'isr_pipeline' retrieved from /opt/airflow/dags/isr_pipeline.py
[2026-04-06T10:14:38.801+0000] {logging_mixin.py:188} INFO - [2026-04-06T10:14:38.800+0000] {dag.py:3096} INFO - Sync 1 DAGs
[2026-04-06T10:14:38.843+0000] {processor.py:183} INFO - Processing /opt/airflow/dags/isr_pipeline.py took 0.110 seconds
[2026-04-06T10:15:09.044+0000] {processor.py:161} INFO - Started process (PID=64645) to work on /opt/airflow/dags/isr_pipeline.py
[2026-04-06T10:15:09.045+0000] {processor.py:830} INFO - Processing file /opt/airflow/dags/isr_pipeline.py for tasks to queue
[2026-04-06T10:15:09.047+0000] {logging_mixin.py:188} INFO - [2026-04-06T10:15:09.046+0000] {dagbag.py:540} INFO - Filling up the DagBag from /opt/airflow/dags/isr_pipeline.py
[2026-04-06T10:15:09.069+0000] {processor.py:840} INFO - DAG(s) 'isr_pipeline' retrieved from /opt/airflow/dags/isr_pipeline.py
[2026-04-06T10:15:09.109+0000] {logging_mixin.py:188} INFO - [2026-04-06T10:15:09.109+0000] {dag.py:3096} INFO - Sync 1 DAGs
[2026-04-06T10:15:09.156+0000] {processor.py:183} INFO - Processing /opt/airflow/dags/isr_pipeline.py took 0.120 seconds
[2026-04-06T10:15:39.239+0000] {processor.py:161} INFO - Started process (PID=64650) to work on /opt/airflow/dags/isr_pipeline.py
[2026-04-06T10:15:39.240+0000] {processor.py:830} INFO - Processing file /opt/airflow/dags/isr_pipeline.py for tasks to queue
[2026-04-06T10:15:39.242+0000] {logging_mixin.py:188} INFO - [2026-04-06T10:15:39.241+0000] {dagbag.py:540} INFO - Filling up the DagBag from /opt/airflow/dags/isr_pipeline.py
[2026-04-06T10:15:39.263+0000] {processor.py:840} INFO - DAG(s) 'isr_pipeline' retrieved from /opt/airflow/dags/isr_pipeline.py
[2026-04-06T10:15:39.301+0000] {logging_mixin.py:188} INFO - [2026-04-06T10:15:39.300+0000] {dag.py:3096} INFO - Sync 1 DAGs
[2026-04-06T10:15:39.347+0000] {processor.py:183} INFO - Processing /opt/airflow/dags/isr_pipeline.py took 0.115 seconds
[2026-04-06T10:16:09.463+0000] {processor.py:161} INFO - Started process (PID=64655) to work on /opt/airflow/dags/isr_pipeline.py
[2026-04-06T10:16:09.465+0000] {processor.py:830} INFO - Processing file /opt/airflow/dags/isr_pipeline.py for tasks to queue
[2026-04-06T10:16:09.467+0000] {logging_mixin.py:188} INFO - [2026-04-06T10:16:09.466+0000] {dagbag.py:540} INFO - Filling up the DagBag from /opt/airflow/dags/isr_pipeline.py
[2026-04-06T10:16:09.486+0000] {processor.py:840} INFO - DAG(s) 'isr_pipeline' retrieved from /opt/airflow/dags/isr_pipeline.py
[2026-04-06T10:16:09.528+0000] {logging_mixin.py:188} INFO - [2026-04-06T10:16:09.527+0000] {dag.py:3096} INFO - Sync 1 DAGs
[2026-04-06T10:16:09.572+0000] {processor.py:183} INFO - Processing /opt/airflow/dags/isr_pipeline.py took 0.120 seconds
[2026-04-06T10:16:39.646+0000] {processor.py:161} INFO - Started process (PID=64660) to work on /opt/airflow/dags/isr_pipeline.py
[2026-04-06T10:16:39.647+0000] {processor.py:830} INFO - Processing file /opt/airflow/dags/isr_pipeline.py for tasks to queue
[2026-04-06T10:16:39.649+0000] {logging_mixin.py:188} INFO - [2026-04-06T10:16:39.648+0000] {dagbag.py:540} INFO - Filling up the DagBag from /opt/airflow/dags/isr_pipeline.py
[2026-04-06T10:16:39.667+0000] {processor.py:840} INFO - DAG(s) 'isr_pipeline' retrieved from /opt/airflow/dags/isr_pipeline.py
[2026-04-06T10:16:39.706+0000] {logging_mixin.py:188} INFO - [2026-04-06T10:16:39.706+0000] {dag.py:3096} INFO - Sync 1 DAGs
[2026-04-06T10:16:39.748+0000] {processor.py:183} INFO - Processing /opt/airflow/dags/isr_pipeline.py took 0.110 seconds
[2026-04-06T10:17:09.899+0000] {processor.py:161} INFO - Started process (PID=64665) to work on /opt/airflow/dags/isr_pipeline.py
[2026-04-06T10:17:09.900+0000] {processor.py:830} INFO - Processing file /opt/airflow/dags/isr_pipeline.py for tasks to queue
[2026-04-06T10:17:09.902+0000] {logging_mixin.py:188} INFO - [2026-04-06T10:17:09.901+0000] {dagbag.py:540} INFO - Filling up the DagBag from /opt/airflow/dags/isr_pipeline.py
[2026-04-06T10:17:09.921+0000] {processor.py:840} INFO - DAG(s) 'isr_pipeline' retrieved from /opt/airflow/dags/isr_pipeline.py
[2026-04-06T10:17:09.958+0000] {logging_mixin.py:188} INFO - [2026-04-06T10:17:09.958+0000] {dag.py:3096} INFO - Sync 1 DAGs
[2026-04-06T10:17:10.001+0000] {processor.py:183} INFO - Processing /opt/airflow/dags/isr_pipeline.py took 0.111 seconds
[2026-04-06T10:17:40.054+0000] {processor.py:161} INFO - Started process (PID=64670) to work on /opt/airflow/dags/isr_pipeline.py
[2026-04-06T10:17:40.055+0000] {processor.py:830} INFO - Processing file /opt/airflow/dags/isr_pipeline.py for tasks to queue
[2026-04-06T10:17:40.057+0000] {logging_mixin.py:188} INFO - [2026-04-06T10:17:40.056+0000] {dagbag.py:540} INFO - Filling up the DagBag from /opt/airflow/dags/isr_pipeline.py
[2026-04-06T10:17:40.076+0000] {processor.py:840} INFO - DAG(s) 'isr_pipeline' retrieved from /opt/airflow/dags/isr_pipeline.py
[2026-04-06T10:17:40.113+0000] {logging_mixin.py:188} INFO - [2026-04-06T10:17:40.113+0000] {dag.py:3096} INFO - Sync 1 DAGs
[2026-04-06T10:17:40.155+0000] {processor.py:183} INFO - Processing /opt/airflow/dags/isr_pipeline.py took 0.110 seconds
[2026-04-06T10:18:10.341+0000] {processor.py:161} INFO - Started process (PID=64675) to work on /opt/airflow/dags/isr_pipeline.py
[2026-04-06T10:18:10.342+0000] {processor.py:830} INFO - Processing file /opt/airflow/dags/isr_pipeline.py for tasks to queue
[2026-04-06T10:18:10.343+0000] {logging_mixin.py:188} INFO - [2026-04-06T10:18:10.343+0000] {dagbag.py:540} INFO - Filling up the DagBag from /opt/airflow/dags/isr_pipeline.py
[2026-04-06T10:18:10.361+0000] {processor.py:840} INFO - DAG(s) 'isr_pipeline' retrieved from /opt/airflow/dags/isr_pipeline.py
[2026-04-06T10:18:10.396+0000] {logging_mixin.py:188} INFO - [2026-04-06T10:18:10.396+0000] {dag.py:3096} INFO - Sync 1 DAGs
[2026-04-06T10:18:10.438+0000] {processor.py:183} INFO - Processing /opt/airflow/dags/isr_pipeline.py took 0.105 seconds
[2026-04-06T10:18:40.516+0000] {processor.py:161} INFO - Started process (PID=64680) to work on /opt/airflow/dags/isr_pipeline.py
[2026-04-06T10:18:40.517+0000] {processor.py:830} INFO - Processing file /opt/airflow/dags/isr_pipeline.py for tasks to queue
[2026-04-06T10:18:40.519+0000] {logging_mixin.py:188} INFO - [2026-04-06T10:18:40.519+0000] {dagbag.py:540} INFO - Filling up the DagBag from /opt/airflow/dags/isr_pipeline.py
[2026-04-06T10:18:40.538+0000] {processor.py:840} INFO - DAG(s) 'isr_pipeline' retrieved from /opt/airflow/dags/isr_pipeline.py
[2026-04-06T10:18:40.576+0000] {logging_mixin.py:188} INFO - [2026-04-06T10:18:40.576+0000] {dag.py:3096} INFO - Sync 1 DAGs
[2026-04-06T10:18:40.618+0000] {processor.py:183} INFO - Processing /opt/airflow/dags/isr_pipeline.py took 0.111 seconds
[2026-04-06T10:19:10.799+0000] {processor.py:161} INFO - Started process (PID=64685) to work on /opt/airflow/dags/isr_pipeline.py
[2026-04-06T10:19:10.800+0000] {processor.py:830} INFO - Processing file /opt/airflow/dags/isr_pipeline.py for tasks to queue
[2026-04-06T10:19:10.802+0000] {logging_mixin.py:188} INFO - [2026-04-06T10:19:10.801+0000] {dagbag.py:540} INFO - Filling up the DagBag from /opt/airflow/dags/isr_pipeline.py
[2026-04-06T10:19:10.821+0000] {processor.py:840} INFO - DAG(s) 'isr_pipeline' retrieved from /opt/airflow/dags/isr_pipeline.py
[2026-04-06T10:19:10.857+0000] {logging_mixin.py:188} INFO - [2026-04-06T10:19:10.857+0000] {dag.py:3096} INFO - Sync 1 DAGs
[2026-04-06T10:19:10.898+0000] {processor.py:183} INFO - Processing /opt/airflow/dags/isr_pipeline.py took 0.108 seconds
[2026-04-06T10:19:40.978+0000] {processor.py:161} INFO - Started process (PID=64690) to work on /opt/airflow/dags/isr_pipeline.py
[2026-04-06T10:19:40.980+0000] {processor.py:830} INFO - Processing file /opt/airflow/dags/isr_pipeline.py for tasks to queue
[2026-04-06T10:19:40.981+0000] {logging_mixin.py:188} INFO - [2026-04-06T10:19:40.981+0000] {dagbag.py:540} INFO - Filling up the DagBag from /opt/airflow/dags/isr_pipeline.py
[2026-04-06T10:19:41.000+0000] {processor.py:840} INFO - DAG(s) 'isr_pipeline' retrieved from /opt/airflow/dags/isr_pipeline.py
[2026-04-06T10:19:41.038+0000] {logging_mixin.py:188} INFO - [2026-04-06T10:19:41.038+0000] {dag.py:3096} INFO - Sync 1 DAGs
[2026-04-06T10:19:41.079+0000] {processor.py:183} INFO - Processing /opt/airflow/dags/isr_pipeline.py took 0.110 seconds
[2026-04-06T10:20:11.233+0000] {processor.py:161} INFO - Started process (PID=64695) to work on /opt/airflow/dags/isr_pipeline.py
[2026-04-06T10:20:11.234+0000] {processor.py:830} INFO - Processing file /opt/airflow/dags/isr_pipeline.py for tasks to queue
[2026-04-06T10:20:11.236+0000] {logging_mixin.py:188} INFO - [2026-04-06T10:20:11.235+0000] {dagbag.py:540} INFO - Filling up the DagBag from /opt/airflow/dags/isr_pipeline.py
[2026-04-06T10:20:11.254+0000] {processor.py:840} INFO - DAG(s) 'isr_pipeline' retrieved from /opt/airflow/dags/isr_pipeline.py
[2026-04-06T10:20:11.290+0000] {logging_mixin.py:188} INFO - [2026-04-06T10:20:11.289+0000] {dag.py:3096} INFO - Sync 1 DAGs
[2026-04-06T10:20:11.330+0000] {processor.py:183} INFO - Processing /opt/airflow/dags/isr_pipeline.py took 0.105 seconds
[2026-04-06T10:20:41.517+0000] {processor.py:161} INFO - Started process (PID=64700) to work on /opt/airflow/dags/isr_pipeline.py
[2026-04-06T10:20:41.519+0000] {processor.py:830} INFO - Processing file /opt/airflow/dags/isr_pipeline.py for tasks to queue
[2026-04-06T10:20:41.520+0000] {logging_mixin.py:188} INFO - [2026-04-06T10:20:41.520+0000] {dagbag.py:540} INFO - Filling up the DagBag from /opt/airflow/dags/isr_pipeline.py
[2026-04-06T10:20:41.539+0000] {processor.py:840} INFO - DAG(s) 'isr_pipeline' retrieved from /opt/airflow/dags/isr_pipeline.py
[2026-04-06T10:20:41.576+0000] {logging_mixin.py:188} INFO - [2026-04-06T10:20:41.576+0000] {dag.py:3096} INFO - Sync 1 DAGs
[2026-04-06T10:20:41.618+0000] {processor.py:183} INFO - Processing /opt/airflow/dags/isr_pipeline.py took 0.108 seconds
[2026-04-06T10:21:11.697+0000] {processor.py:161} INFO - Started process (PID=64705) to work on /opt/airflow/dags/isr_pipeline.py
[2026-04-06T10:21:11.699+0000] {processor.py:830} INFO - Processing file /opt/airflow/dags/isr_pipeline.py for tasks to queue
[2026-04-06T10:21:11.700+0000] {logging_mixin.py:188} INFO - [2026-04-06T10:21:11.700+0000] {dagbag.py:540} INFO - Filling up the DagBag from /opt/airflow/dags/isr_pipeline.py
[2026-04-06T10:21:11.718+0000] {processor.py:840} INFO - DAG(s) 'isr_pipeline' retrieved from /opt/airflow/dags/isr_pipeline.py
[2026-04-06T10:21:11.756+0000] {logging_mixin.py:188} INFO - [2026-04-06T10:21:11.755+0000] {dag.py:3096} INFO - Sync 1 DAGs
[2026-04-06T10:21:11.797+0000] {processor.py:183} INFO - Processing /opt/airflow/dags/isr_pipeline.py took 0.108 seconds
[2026-04-06T10:21:41.972+0000] {processor.py:161} INFO - Started process (PID=64710) to work on /opt/airflow/dags/isr_pipeline.py
[2026-04-06T10:21:41.974+0000] {processor.py:830} INFO - Processing file /opt/airflow/dags/isr_pipeline.py for tasks to queue
[2026-04-06T10:21:41.976+0000] {logging_mixin.py:188} INFO - [2026-04-06T10:21:41.975+0000] {dagbag.py:540} INFO - Filling up the DagBag from /opt/airflow/dags/isr_pipeline.py
[2026-04-06T10:21:41.995+0000] {processor.py:840} INFO - DAG(s) 'isr_pipeline' retrieved from /opt/airflow/dags/isr_pipeline.py
[2026-04-06T10:21:42.032+0000] {logging_mixin.py:188} INFO - [2026-04-06T10:21:42.031+0000] {dag.py:3096} INFO - Sync 1 DAGs
[2026-04-06T10:21:42.074+0000] {processor.py:183} INFO - Processing /opt/airflow/dags/isr_pipeline.py took 0.110 seconds
[2026-04-06T10:22:12.146+0000] {processor.py:161} INFO - Started process (PID=64715) to work on /opt/airflow/dags/isr_pipeline.py
[2026-04-06T10:22:12.147+0000] {processor.py:830} INFO - Processing file /opt/airflow/dags/isr_pipeline.py for tasks to queue
[2026-04-06T10:22:12.149+0000] {logging_mixin.py:188} INFO - [2026-04-06T10:22:12.148+0000] {dagbag.py:540} INFO - Filling up the DagBag from /opt/airflow/dags/isr_pipeline.py
[2026-04-06T10:22:12.167+0000] {processor.py:840} INFO - DAG(s) 'isr_pipeline' retrieved from /opt/airflow/dags/isr_pipeline.py
[2026-04-06T10:22:12.205+0000] {logging_mixin.py:188} INFO - [2026-04-06T10:22:12.205+0000] {dag.py:3096} INFO - Sync 1 DAGs
[2026-04-06T10:22:12.249+0000] {processor.py:183} INFO - Processing /opt/airflow/dags/isr_pipeline.py took 0.114 seconds
[2026-04-06T10:22:42.384+0000] {processor.py:161} INFO - Started process (PID=64720) to work on /opt/airflow/dags/isr_pipeline.py
[2026-04-06T10:22:42.385+0000] {processor.py:830} INFO - Processing file /opt/airflow/dags/isr_pipeline.py for tasks to queue
[2026-04-06T10:22:42.387+0000] {logging_mixin.py:188} INFO - [2026-04-06T10:22:42.386+0000] {dagbag.py:540} INFO - Filling up the DagBag from /opt/airflow/dags/isr_pipeline.py
[2026-04-06T10:22:42.410+0000] {processor.py:840} INFO - DAG(s) 'isr_pipeline' retrieved from /opt/airflow/dags/isr_pipeline.py
[2026-04-06T10:22:42.452+0000] {logging_mixin.py:188} INFO - [2026-04-06T10:22:42.452+0000] {dag.py:3096} INFO - Sync 1 DAGs
[2026-04-06T10:22:42.498+0000] {processor.py:183} INFO - Processing /opt/airflow/dags/isr_pipeline.py took 0.122 seconds
[2026-04-06T10:23:12.578+0000] {processor.py:161} INFO - Started process (PID=64725) to work on /opt/airflow/dags/isr_pipeline.py
[2026-04-06T10:23:12.579+0000] {processor.py:830} INFO - Processing file /opt/airflow/dags/isr_pipeline.py for tasks to queue
[2026-04-06T10:23:12.581+0000] {logging_mixin.py:188} INFO - [2026-04-06T10:23:12.580+0000] {dagbag.py:540} INFO - Filling up the DagBag from /opt/airflow/dags/isr_pipeline.py
[2026-04-06T10:23:12.603+0000] {processor.py:840} INFO - DAG(s) 'isr_pipeline' retrieved from /opt/airflow/dags/isr_pipeline.py
[2026-04-06T10:23:12.647+0000] {logging_mixin.py:188} INFO - [2026-04-06T10:23:12.647+0000] {dag.py:3096} INFO - Sync 1 DAGs
[2026-04-06T10:23:12.699+0000] {processor.py:183} INFO - Processing /opt/airflow/dags/isr_pipeline.py took 0.129 seconds
[2026-04-06T10:23:42.861+0000] {processor.py:161} INFO - Started process (PID=64730) to work on /opt/airflow/dags/isr_pipeline.py
[2026-04-06T10:23:42.862+0000] {processor.py:830} INFO - Processing file /opt/airflow/dags/isr_pipeline.py for tasks to queue
[2026-04-06T10:23:42.864+0000] {logging_mixin.py:188} INFO - [2026-04-06T10:23:42.864+0000] {dagbag.py:540} INFO - Filling up the DagBag from /opt/airflow/dags/isr_pipeline.py
[2026-04-06T10:23:42.883+0000] {processor.py:840} INFO - DAG(s) 'isr_pipeline' retrieved from /opt/airflow/dags/isr_pipeline.py
[2026-04-06T10:23:42.924+0000] {logging_mixin.py:188} INFO - [2026-04-06T10:23:42.924+0000] {dag.py:3096} INFO - Sync 1 DAGs
[2026-04-06T10:23:42.973+0000] {processor.py:183} INFO - Processing /opt/airflow/dags/isr_pipeline.py took 0.119 seconds
[2026-04-06T10:24:13.109+0000] {processor.py:161} INFO - Started process (PID=64735) to work on /opt/airflow/dags/isr_pipeline.py
[2026-04-06T10:24:13.110+0000] {processor.py:830} INFO - Processing file /opt/airflow/dags/isr_pipeline.py for tasks to queue
[2026-04-06T10:24:13.111+0000] {logging_mixin.py:188} INFO - [2026-04-06T10:24:13.111+0000] {dagbag.py:540} INFO - Filling up the DagBag from /opt/airflow/dags/isr_pipeline.py
[2026-04-06T10:24:13.131+0000] {processor.py:840} INFO - DAG(s) 'isr_pipeline' retrieved from /opt/airflow/dags/isr_pipeline.py
[2026-04-06T10:24:13.174+0000] {logging_mixin.py:188} INFO - [2026-04-06T10:24:13.174+0000] {dag.py:3096} INFO - Sync 1 DAGs
[2026-04-06T10:24:13.221+0000] {processor.py:183} INFO - Processing /opt/airflow/dags/isr_pipeline.py took 0.121 seconds
[2026-04-06T10:24:43.398+0000] {processor.py:161} INFO - Started process (PID=64740) to work on /opt/airflow/dags/isr_pipeline.py
[2026-04-06T10:24:43.399+0000] {processor.py:830} INFO - Processing file /opt/airflow/dags/isr_pipeline.py for tasks to queue
[2026-04-06T10:24:43.402+0000] {logging_mixin.py:188} INFO - [2026-04-06T10:24:43.401+0000] {dagbag.py:540} INFO - Filling up the DagBag from /opt/airflow/dags/isr_pipeline.py
[2026-04-06T10:24:43.422+0000] {processor.py:840} INFO - DAG(s) 'isr_pipeline' retrieved from /opt/airflow/dags/isr_pipeline.py
[2026-04-06T10:24:43.465+0000] {logging_mixin.py:188} INFO - [2026-04-06T10:24:43.465+0000] {dag.py:3096} INFO - Sync 1 DAGs
[2026-04-06T10:24:43.511+0000] {processor.py:183} INFO - Processing /opt/airflow/dags/isr_pipeline.py took 0.124 seconds
[2026-04-06T10:25:13.637+0000] {processor.py:161} INFO - Started process (PID=64745) to work on /opt/airflow/dags/isr_pipeline.py
[2026-04-06T10:25:13.638+0000] {processor.py:830} INFO - Processing file /opt/airflow/dags/isr_pipeline.py for tasks to queue
[2026-04-06T10:25:13.640+0000] {logging_mixin.py:188} INFO - [2026-04-06T10:25:13.639+0000] {dagbag.py:540} INFO - Filling up the DagBag from /opt/airflow/dags/isr_pipeline.py
[2026-04-06T10:25:13.670+0000] {processor.py:840} INFO - DAG(s) 'isr_pipeline' retrieved from /opt/airflow/dags/isr_pipeline.py
[2026-04-06T10:25:13.712+0000] {logging_mixin.py:188} INFO - [2026-04-06T10:25:13.712+0000] {dag.py:3096} INFO - Sync 1 DAGs
[2026-04-06T10:25:13.758+0000] {processor.py:183} INFO - Processing /opt/airflow/dags/isr_pipeline.py took 0.129 seconds
[2026-04-06T10:25:43.911+0000] {processor.py:161} INFO - Started process (PID=64750) to work on /opt/airflow/dags/isr_pipeline.py
[2026-04-06T10:25:43.913+0000] {processor.py:830} INFO - Processing file /opt/airflow/dags/isr_pipeline.py for tasks to queue
[2026-04-06T10:25:43.914+0000] {logging_mixin.py:188} INFO - [2026-04-06T10:25:43.914+0000] {dagbag.py:540} INFO - Filling up the DagBag from /opt/airflow/dags/isr_pipeline.py
[2026-04-06T10:25:43.934+0000] {processor.py:840} INFO - DAG(s) 'isr_pipeline' retrieved from /opt/airflow/dags/isr_pipeline.py
[2026-04-06T10:25:43.975+0000] {logging_mixin.py:188} INFO - [2026-04-06T10:25:43.975+0000] {dag.py:3096} INFO - Sync 1 DAGs
[2026-04-06T10:25:44.024+0000] {processor.py:183} INFO - Processing /opt/airflow/dags/isr_pipeline.py took 0.121 seconds
[2026-04-06T10:26:14.163+0000] {processor.py:161} INFO - Started process (PID=64755) to work on /opt/airflow/dags/isr_pipeline.py
[2026-04-06T10:26:14.164+0000] {processor.py:830} INFO - Processing file /opt/airflow/dags/isr_pipeline.py for tasks to queue
[2026-04-06T10:26:14.166+0000] {logging_mixin.py:188} INFO - [2026-04-06T10:26:14.165+0000] {dagbag.py:540} INFO - Filling up the DagBag from /opt/airflow/dags/isr_pipeline.py
[2026-04-06T10:26:14.185+0000] {processor.py:840} INFO - DAG(s) 'isr_pipeline' retrieved from /opt/airflow/dags/isr_pipeline.py
[2026-04-06T10:26:14.226+0000] {logging_mixin.py:188} INFO - [2026-04-06T10:26:14.226+0000] {dag.py:3096} INFO - Sync 1 DAGs
[2026-04-06T10:26:14.273+0000] {processor.py:183} INFO - Processing /opt/airflow/dags/isr_pipeline.py took 0.120 seconds
[2026-04-06T10:26:44.491+0000] {processor.py:161} INFO - Started process (PID=64760) to work on /opt/airflow/dags/isr_pipeline.py
[2026-04-06T10:26:44.492+0000] {processor.py:830} INFO - Processing file /opt/airflow/dags/isr_pipeline.py for tasks to queue
[2026-04-06T10:26:44.494+0000] {logging_mixin.py:188} INFO - [2026-04-06T10:26:44.493+0000] {dagbag.py:540} INFO - Filling up the DagBag from /opt/airflow/dags/isr_pipeline.py
[2026-04-06T10:26:44.517+0000] {processor.py:840} INFO - DAG(s) 'isr_pipeline' retrieved from /opt/airflow/dags/isr_pipeline.py
[2026-04-06T10:26:44.559+0000] {logging_mixin.py:188} INFO - [2026-04-06T10:26:44.559+0000] {dag.py:3096} INFO - Sync 1 DAGs
[2026-04-06T10:26:44.607+0000] {processor.py:183} INFO - Processing /opt/airflow/dags/isr_pipeline.py took 0.124 seconds
[2026-04-06T10:27:14.714+0000] {processor.py:161} INFO - Started process (PID=64765) to work on /opt/airflow/dags/isr_pipeline.py
[2026-04-06T10:27:14.716+0000] {processor.py:830} INFO - Processing file /opt/airflow/dags/isr_pipeline.py for tasks to queue
[2026-04-06T10:27:14.718+0000] {logging_mixin.py:188} INFO - [2026-04-06T10:27:14.717+0000] {dagbag.py:540} INFO - Filling up the DagBag from /opt/airflow/dags/isr_pipeline.py
[2026-04-06T10:27:14.736+0000] {processor.py:840} INFO - DAG(s) 'isr_pipeline' retrieved from /opt/airflow/dags/isr_pipeline.py
[2026-04-06T10:27:14.779+0000] {logging_mixin.py:188} INFO - [2026-04-06T10:27:14.778+0000] {dag.py:3096} INFO - Sync 1 DAGs
[2026-04-06T10:27:15.004+0000] {processor.py:183} INFO - Processing /opt/airflow/dags/isr_pipeline.py took 0.299 seconds
[2026-04-06T10:27:45.234+0000] {processor.py:161} INFO - Started process (PID=64770) to work on /opt/airflow/dags/isr_pipeline.py
[2026-04-06T10:27:45.236+0000] {processor.py:830} INFO - Processing file /opt/airflow/dags/isr_pipeline.py for tasks to queue
[2026-04-06T10:27:45.237+0000] {logging_mixin.py:188} INFO - [2026-04-06T10:27:45.237+0000] {dagbag.py:540} INFO - Filling up the DagBag from /opt/airflow/dags/isr_pipeline.py
[2026-04-06T10:27:45.259+0000] {processor.py:840} INFO - DAG(s) 'isr_pipeline' retrieved from /opt/airflow/dags/isr_pipeline.py
[2026-04-06T10:27:45.301+0000] {logging_mixin.py:188} INFO - [2026-04-06T10:27:45.301+0000] {dag.py:3096} INFO - Sync 1 DAGs
[2026-04-06T10:27:45.348+0000] {processor.py:183} INFO - Processing /opt/airflow/dags/isr_pipeline.py took 0.123 seconds
[2026-04-06T10:57:34.809+0000] {processor.py:161} INFO - Started process (PID=64775) to work on /opt/airflow/dags/isr_pipeline.py
[2026-04-06T10:57:34.812+0000] {processor.py:830} INFO - Processing file /opt/airflow/dags/isr_pipeline.py for tasks to queue
[2026-04-06T10:57:34.815+0000] {logging_mixin.py:188} INFO - [2026-04-06T10:57:34.814+0000] {dagbag.py:540} INFO - Filling up the DagBag from /opt/airflow/dags/isr_pipeline.py
[2026-04-06T10:57:34.840+0000] {processor.py:840} INFO - DAG(s) 'isr_pipeline' retrieved from /opt/airflow/dags/isr_pipeline.py
[2026-04-06T10:57:34.887+0000] {logging_mixin.py:188} INFO - [2026-04-06T10:57:34.887+0000] {dag.py:3096} INFO - Sync 1 DAGs
[2026-04-06T10:57:34.929+0000] {processor.py:183} INFO - Processing /opt/airflow/dags/isr_pipeline.py took 0.129 seconds
[2026-04-06T10:58:05.273+0000] {processor.py:161} INFO - Started process (PID=64780) to work on /opt/airflow/dags/isr_pipeline.py
[2026-04-06T10:58:05.278+0000] {processor.py:830} INFO - Processing file /opt/airflow/dags/isr_pipeline.py for tasks to queue
[2026-04-06T10:58:05.285+0000] {logging_mixin.py:188} INFO - [2026-04-06T10:58:05.283+0000] {dagbag.py:540} INFO - Filling up the DagBag from /opt/airflow/dags/isr_pipeline.py
[2026-04-06T10:58:05.372+0000] {processor.py:840} INFO - DAG(s) 'isr_pipeline' retrieved from /opt/airflow/dags/isr_pipeline.py
[2026-04-06T10:58:05.555+0000] {logging_mixin.py:188} INFO - [2026-04-06T10:58:05.554+0000] {dag.py:3096} INFO - Sync 1 DAGs
[2026-04-06T10:58:05.766+0000] {processor.py:183} INFO - Processing /opt/airflow/dags/isr_pipeline.py took 0.530 seconds
[2026-04-06T10:58:36.033+0000] {processor.py:161} INFO - Started process (PID=64785) to work on /opt/airflow/dags/isr_pipeline.py
[2026-04-06T10:58:36.039+0000] {processor.py:830} INFO - Processing file /opt/airflow/dags/isr_pipeline.py for tasks to queue
[2026-04-06T10:58:36.046+0000] {logging_mixin.py:188} INFO - [2026-04-06T10:58:36.044+0000] {dagbag.py:540} INFO - Filling up the DagBag from /opt/airflow/dags/isr_pipeline.py
[2026-04-06T10:58:36.139+0000] {processor.py:840} INFO - DAG(s) 'isr_pipeline' retrieved from /opt/airflow/dags/isr_pipeline.py
[2026-04-06T10:58:36.318+0000] {logging_mixin.py:188} INFO - [2026-04-06T10:58:36.317+0000] {dag.py:3096} INFO - Sync 1 DAGs
[2026-04-06T10:58:36.520+0000] {processor.py:183} INFO - Processing /opt/airflow/dags/isr_pipeline.py took 0.521 seconds
[2026-04-06T10:59:07.040+0000] {processor.py:161} INFO - Started process (PID=64790) to work on /opt/airflow/dags/isr_pipeline.py
[2026-04-06T10:59:07.048+0000] {processor.py:830} INFO - Processing file /opt/airflow/dags/isr_pipeline.py for tasks to queue
[2026-04-06T10:59:07.058+0000] {logging_mixin.py:188} INFO - [2026-04-06T10:59:07.056+0000] {dagbag.py:540} INFO - Filling up the DagBag from /opt/airflow/dags/isr_pipeline.py
[2026-04-06T10:59:07.155+0000] {processor.py:840} INFO - DAG(s) 'isr_pipeline' retrieved from /opt/airflow/dags/isr_pipeline.py
[2026-04-06T10:59:07.349+0000] {logging_mixin.py:188} INFO - [2026-04-06T10:59:07.348+0000] {dag.py:3096} INFO - Sync 1 DAGs
[2026-04-06T10:59:08.089+0000] {processor.py:183} INFO - Processing /opt/airflow/dags/isr_pipeline.py took 1.104 seconds
[2026-04-06T11:16:31.633+0000] {processor.py:161} INFO - Started process (PID=64796) to work on /opt/airflow/dags/isr_pipeline.py
[2026-04-06T11:16:31.634+0000] {processor.py:830} INFO - Processing file /opt/airflow/dags/isr_pipeline.py for tasks to queue
[2026-04-06T11:16:31.638+0000] {logging_mixin.py:188} INFO - [2026-04-06T11:16:31.636+0000] {dagbag.py:540} INFO - Filling up the DagBag from /opt/airflow/dags/isr_pipeline.py
[2026-04-06T11:16:31.681+0000] {processor.py:840} INFO - DAG(s) 'isr_pipeline' retrieved from /opt/airflow/dags/isr_pipeline.py
[2026-04-06T11:16:31.722+0000] {logging_mixin.py:188} INFO - [2026-04-06T11:16:31.722+0000] {dag.py:3096} INFO - Sync 1 DAGs
[2026-04-06T11:16:31.959+0000] {processor.py:183} INFO - Processing /opt/airflow/dags/isr_pipeline.py took 0.339 seconds
[2026-04-06T11:17:02.385+0000] {processor.py:161} INFO - Started process (PID=64801) to work on /opt/airflow/dags/isr_pipeline.py
[2026-04-06T11:17:02.396+0000] {processor.py:830} INFO - Processing file /opt/airflow/dags/isr_pipeline.py for tasks to queue
[2026-04-06T11:17:02.406+0000] {logging_mixin.py:188} INFO - [2026-04-06T11:17:02.404+0000] {dagbag.py:540} INFO - Filling up the DagBag from /opt/airflow/dags/isr_pipeline.py
[2026-04-06T11:17:02.504+0000] {processor.py:840} INFO - DAG(s) 'isr_pipeline' retrieved from /opt/airflow/dags/isr_pipeline.py
[2026-04-06T11:17:02.695+0000] {logging_mixin.py:188} INFO - [2026-04-06T11:17:02.694+0000] {dag.py:3096} INFO - Sync 1 DAGs
[2026-04-06T11:17:02.913+0000] {processor.py:183} INFO - Processing /opt/airflow/dags/isr_pipeline.py took 0.566 seconds
[2026-04-06T11:17:33.468+0000] {processor.py:161} INFO - Started process (PID=64806) to work on /opt/airflow/dags/isr_pipeline.py
[2026-04-06T11:17:33.477+0000] {processor.py:830} INFO - Processing file /opt/airflow/dags/isr_pipeline.py for tasks to queue
[2026-04-06T11:17:33.487+0000] {logging_mixin.py:188} INFO - [2026-04-06T11:17:33.484+0000] {dagbag.py:540} INFO - Filling up the DagBag from /opt/airflow/dags/isr_pipeline.py
[2026-04-06T11:17:33.629+0000] {processor.py:840} INFO - DAG(s) 'isr_pipeline' retrieved from /opt/airflow/dags/isr_pipeline.py
[2026-04-06T11:17:33.856+0000] {logging_mixin.py:188} INFO - [2026-04-06T11:17:33.854+0000] {dag.py:3096} INFO - Sync 1 DAGs
[2026-04-06T11:17:34.084+0000] {processor.py:183} INFO - Processing /opt/airflow/dags/isr_pipeline.py took 0.661 seconds
[2026-04-06T11:18:04.694+0000] {processor.py:161} INFO - Started process (PID=64811) to work on /opt/airflow/dags/isr_pipeline.py
[2026-04-06T11:18:04.713+0000] {processor.py:830} INFO - Processing file /opt/airflow/dags/isr_pipeline.py for tasks to queue
[2026-04-06T11:18:04.723+0000] {logging_mixin.py:188} INFO - [2026-04-06T11:18:04.721+0000] {dagbag.py:540} INFO - Filling up the DagBag from /opt/airflow/dags/isr_pipeline.py
[2026-04-06T11:18:04.860+0000] {processor.py:840} INFO - DAG(s) 'isr_pipeline' retrieved from /opt/airflow/dags/isr_pipeline.py
[2026-04-06T11:18:05.115+0000] {logging_mixin.py:188} INFO - [2026-04-06T11:18:05.114+0000] {dag.py:3096} INFO - Sync 1 DAGs
[2026-04-06T11:18:05.335+0000] {processor.py:183} INFO - Processing /opt/airflow/dags/isr_pipeline.py took 0.706 seconds
[2026-04-06T11:18:35.862+0000] {processor.py:161} INFO - Started process (PID=64816) to work on /opt/airflow/dags/isr_pipeline.py
[2026-04-06T11:18:35.869+0000] {processor.py:830} INFO - Processing file /opt/airflow/dags/isr_pipeline.py for tasks to queue
[2026-04-06T11:18:35.877+0000] {logging_mixin.py:188} INFO - [2026-04-06T11:18:35.875+0000] {dagbag.py:540} INFO - Filling up the DagBag from /opt/airflow/dags/isr_pipeline.py
[2026-04-06T11:18:35.988+0000] {processor.py:840} INFO - DAG(s) 'isr_pipeline' retrieved from /opt/airflow/dags/isr_pipeline.py
[2026-04-06T11:18:36.168+0000] {logging_mixin.py:188} INFO - [2026-04-06T11:18:36.167+0000] {dag.py:3096} INFO - Sync 1 DAGs
[2026-04-06T11:18:36.385+0000] {processor.py:183} INFO - Processing /opt/airflow/dags/isr_pipeline.py took 0.565 seconds
[2026-04-06T11:19:06.919+0000] {processor.py:161} INFO - Started process (PID=64821) to work on /opt/airflow/dags/isr_pipeline.py
[2026-04-06T11:19:06.926+0000] {processor.py:830} INFO - Processing file /opt/airflow/dags/isr_pipeline.py for tasks to queue
[2026-04-06T11:19:06.934+0000] {logging_mixin.py:188} INFO - [2026-04-06T11:19:06.932+0000] {dagbag.py:540} INFO - Filling up the DagBag from /opt/airflow/dags/isr_pipeline.py
[2026-04-06T11:19:07.053+0000] {processor.py:840} INFO - DAG(s) 'isr_pipeline' retrieved from /opt/airflow/dags/isr_pipeline.py
[2026-04-06T11:19:07.246+0000] {logging_mixin.py:188} INFO - [2026-04-06T11:19:07.245+0000] {dag.py:3096} INFO - Sync 1 DAGs
[2026-04-06T11:19:07.975+0000] {processor.py:183} INFO - Processing /opt/airflow/dags/isr_pipeline.py took 1.094 seconds
[2026-04-06T11:19:38.328+0000] {processor.py:161} INFO - Started process (PID=64826) to work on /opt/airflow/dags/isr_pipeline.py
[2026-04-06T11:19:38.335+0000] {processor.py:830} INFO - Processing file /opt/airflow/dags/isr_pipeline.py for tasks to queue
[2026-04-06T11:19:38.345+0000] {logging_mixin.py:188} INFO - [2026-04-06T11:19:38.343+0000] {dagbag.py:540} INFO - Filling up the DagBag from /opt/airflow/dags/isr_pipeline.py
[2026-04-06T11:19:38.438+0000] {processor.py:840} INFO - DAG(s) 'isr_pipeline' retrieved from /opt/airflow/dags/isr_pipeline.py
[2026-04-06T11:19:38.619+0000] {logging_mixin.py:188} INFO - [2026-04-06T11:19:38.618+0000] {dag.py:3096} INFO - Sync 1 DAGs
[2026-04-06T11:19:38.820+0000] {processor.py:183} INFO - Processing /opt/airflow/dags/isr_pipeline.py took 0.530 seconds
[2026-04-06T11:20:09.319+0000] {processor.py:161} INFO - Started process (PID=64831) to work on /opt/airflow/dags/isr_pipeline.py
[2026-04-06T11:20:09.327+0000] {processor.py:830} INFO - Processing file /opt/airflow/dags/isr_pipeline.py for tasks to queue
[2026-04-06T11:20:09.333+0000] {logging_mixin.py:188} INFO - [2026-04-06T11:20:09.331+0000] {dagbag.py:540} INFO - Filling up the DagBag from /opt/airflow/dags/isr_pipeline.py
[2026-04-06T11:20:09.427+0000] {processor.py:840} INFO - DAG(s) 'isr_pipeline' retrieved from /opt/airflow/dags/isr_pipeline.py
[2026-04-06T11:20:09.617+0000] {logging_mixin.py:188} INFO - [2026-04-06T11:20:09.616+0000] {dag.py:3096} INFO - Sync 1 DAGs
[2026-04-06T11:20:09.842+0000] {processor.py:183} INFO - Processing /opt/airflow/dags/isr_pipeline.py took 0.561 seconds
[2026-04-06T11:20:40.149+0000] {processor.py:161} INFO - Started process (PID=64836) to work on /opt/airflow/dags/isr_pipeline.py
[2026-04-06T11:20:40.157+0000] {processor.py:830} INFO - Processing file /opt/airflow/dags/isr_pipeline.py for tasks to queue
[2026-04-06T11:20:40.164+0000] {logging_mixin.py:188} INFO - [2026-04-06T11:20:40.162+0000] {dagbag.py:540} INFO - Filling up the DagBag from /opt/airflow/dags/isr_pipeline.py
[2026-04-06T11:20:40.255+0000] {processor.py:840} INFO - DAG(s) 'isr_pipeline' retrieved from /opt/airflow/dags/isr_pipeline.py
[2026-04-06T11:20:40.435+0000] {logging_mixin.py:188} INFO - [2026-04-06T11:20:40.434+0000] {dag.py:3096} INFO - Sync 1 DAGs
[2026-04-06T11:20:40.638+0000] {processor.py:183} INFO - Processing /opt/airflow/dags/isr_pipeline.py took 0.528 seconds
[2026-04-06T11:21:11.127+0000] {processor.py:161} INFO - Started process (PID=64841) to work on /opt/airflow/dags/isr_pipeline.py
[2026-04-06T11:21:11.134+0000] {processor.py:830} INFO - Processing file /opt/airflow/dags/isr_pipeline.py for tasks to queue
[2026-04-06T11:21:11.141+0000] {logging_mixin.py:188} INFO - [2026-04-06T11:21:11.139+0000] {dagbag.py:540} INFO - Filling up the DagBag from /opt/airflow/dags/isr_pipeline.py
[2026-04-06T11:21:11.231+0000] {processor.py:840} INFO - DAG(s) 'isr_pipeline' retrieved from /opt/airflow/dags/isr_pipeline.py
[2026-04-06T11:21:11.418+0000] {logging_mixin.py:188} INFO - [2026-04-06T11:21:11.417+0000] {dag.py:3096} INFO - Sync 1 DAGs
[2026-04-06T11:21:12.162+0000] {processor.py:183} INFO - Processing /opt/airflow/dags/isr_pipeline.py took 1.072 seconds
[2026-04-06T11:21:42.577+0000] {processor.py:161} INFO - Started process (PID=64846) to work on /opt/airflow/dags/isr_pipeline.py
[2026-04-06T11:21:42.585+0000] {processor.py:830} INFO - Processing file /opt/airflow/dags/isr_pipeline.py for tasks to queue
[2026-04-06T11:21:42.594+0000] {logging_mixin.py:188} INFO - [2026-04-06T11:21:42.592+0000] {dagbag.py:540} INFO - Filling up the DagBag from /opt/airflow/dags/isr_pipeline.py
[2026-04-06T11:21:42.688+0000] {processor.py:840} INFO - DAG(s) 'isr_pipeline' retrieved from /opt/airflow/dags/isr_pipeline.py
[2026-04-06T11:21:42.884+0000] {logging_mixin.py:188} INFO - [2026-04-06T11:21:42.882+0000] {dag.py:3096} INFO - Sync 1 DAGs
[2026-04-06T11:21:43.086+0000] {processor.py:183} INFO - Processing /opt/airflow/dags/isr_pipeline.py took 0.548 seconds
[2026-04-06T11:22:13.606+0000] {processor.py:161} INFO - Started process (PID=64851) to work on /opt/airflow/dags/isr_pipeline.py
[2026-04-06T11:22:13.614+0000] {processor.py:830} INFO - Processing file /opt/airflow/dags/isr_pipeline.py for tasks to queue
[2026-04-06T11:22:13.624+0000] {logging_mixin.py:188} INFO - [2026-04-06T11:22:13.622+0000] {dagbag.py:540} INFO - Filling up the DagBag from /opt/airflow/dags/isr_pipeline.py
[2026-04-06T11:22:13.720+0000] {processor.py:840} INFO - DAG(s) 'isr_pipeline' retrieved from /opt/airflow/dags/isr_pipeline.py
[2026-04-06T11:22:13.906+0000] {logging_mixin.py:188} INFO - [2026-04-06T11:22:13.905+0000] {dag.py:3096} INFO - Sync 1 DAGs
[2026-04-06T11:22:14.118+0000] {processor.py:183} INFO - Processing /opt/airflow/dags/isr_pipeline.py took 0.559 seconds
[2026-04-06T11:22:44.337+0000] {processor.py:161} INFO - Started process (PID=64856) to work on /opt/airflow/dags/isr_pipeline.py
[2026-04-06T11:22:44.344+0000] {processor.py:830} INFO - Processing file /opt/airflow/dags/isr_pipeline.py for tasks to queue
[2026-04-06T11:22:44.351+0000] {logging_mixin.py:188} INFO - [2026-04-06T11:22:44.350+0000] {dagbag.py:540} INFO - Filling up the DagBag from /opt/airflow/dags/isr_pipeline.py
[2026-04-06T11:22:44.443+0000] {processor.py:840} INFO - DAG(s) 'isr_pipeline' retrieved from /opt/airflow/dags/isr_pipeline.py
[2026-04-06T11:22:44.628+0000] {logging_mixin.py:188} INFO - [2026-04-06T11:22:44.627+0000] {dag.py:3096} INFO - Sync 1 DAGs
[2026-04-06T11:22:44.827+0000] {processor.py:183} INFO - Processing /opt/airflow/dags/isr_pipeline.py took 0.528 seconds
[2026-04-06T11:23:15.318+0000] {processor.py:161} INFO - Started process (PID=64861) to work on /opt/airflow/dags/isr_pipeline.py
[2026-04-06T11:23:15.325+0000] {processor.py:830} INFO - Processing file /opt/airflow/dags/isr_pipeline.py for tasks to queue
[2026-04-06T11:23:15.332+0000] {logging_mixin.py:188} INFO - [2026-04-06T11:23:15.330+0000] {dagbag.py:540} INFO - Filling up the DagBag from /opt/airflow/dags/isr_pipeline.py
[2026-04-06T11:23:15.430+0000] {processor.py:840} INFO - DAG(s) 'isr_pipeline' retrieved from /opt/airflow/dags/isr_pipeline.py
[2026-04-06T11:23:15.624+0000] {logging_mixin.py:188} INFO - [2026-04-06T11:23:15.623+0000] {dag.py:3096} INFO - Sync 1 DAGs
[2026-04-06T11:23:15.841+0000] {processor.py:183} INFO - Processing /opt/airflow/dags/isr_pipeline.py took 0.561 seconds
[2026-04-06T11:23:46.358+0000] {processor.py:161} INFO - Started process (PID=64866) to work on /opt/airflow/dags/isr_pipeline.py
[2026-04-06T11:23:46.365+0000] {processor.py:830} INFO - Processing file /opt/airflow/dags/isr_pipeline.py for tasks to queue
[2026-04-06T11:23:46.372+0000] {logging_mixin.py:188} INFO - [2026-04-06T11:23:46.370+0000] {dagbag.py:540} INFO - Filling up the DagBag from /opt/airflow/dags/isr_pipeline.py
[2026-04-06T11:23:46.462+0000] {processor.py:840} INFO - DAG(s) 'isr_pipeline' retrieved from /opt/airflow/dags/isr_pipeline.py
[2026-04-06T11:23:46.641+0000] {logging_mixin.py:188} INFO - [2026-04-06T11:23:46.640+0000] {dag.py:3096} INFO - Sync 1 DAGs
[2026-04-06T11:23:47.362+0000] {processor.py:183} INFO - Processing /opt/airflow/dags/isr_pipeline.py took 1.040 seconds
[2026-04-06T11:24:17.741+0000] {processor.py:161} INFO - Started process (PID=64871) to work on /opt/airflow/dags/isr_pipeline.py
[2026-04-06T11:24:17.749+0000] {processor.py:830} INFO - Processing file /opt/airflow/dags/isr_pipeline.py for tasks to queue
[2026-04-06T11:24:17.756+0000] {logging_mixin.py:188} INFO - [2026-04-06T11:24:17.754+0000] {dagbag.py:540} INFO - Filling up the DagBag from /opt/airflow/dags/isr_pipeline.py
[2026-04-06T11:24:17.850+0000] {processor.py:840} INFO - DAG(s) 'isr_pipeline' retrieved from /opt/airflow/dags/isr_pipeline.py
[2026-04-06T11:24:18.602+0000] {logging_mixin.py:188} INFO - [2026-04-06T11:24:18.601+0000] {dag.py:3096} INFO - Sync 1 DAGs
[2026-04-06T11:24:18.775+0000] {processor.py:183} INFO - Processing /opt/airflow/dags/isr_pipeline.py took 1.071 seconds
[2026-04-06T11:24:49.236+0000] {processor.py:161} INFO - Started process (PID=64876) to work on /opt/airflow/dags/isr_pipeline.py
[2026-04-06T11:24:49.244+0000] {processor.py:830} INFO - Processing file /opt/airflow/dags/isr_pipeline.py for tasks to queue
[2026-04-06T11:24:49.251+0000] {logging_mixin.py:188} INFO - [2026-04-06T11:24:49.249+0000] {dagbag.py:540} INFO - Filling up the DagBag from /opt/airflow/dags/isr_pipeline.py
[2026-04-06T11:24:49.342+0000] {processor.py:840} INFO - DAG(s) 'isr_pipeline' retrieved from /opt/airflow/dags/isr_pipeline.py
[2026-04-06T11:24:49.526+0000] {logging_mixin.py:188} INFO - [2026-04-06T11:24:49.524+0000] {dag.py:3096} INFO - Sync 1 DAGs
[2026-04-06T11:24:49.740+0000] {processor.py:183} INFO - Processing /opt/airflow/dags/isr_pipeline.py took 0.539 seconds
[2026-04-06T11:25:20.278+0000] {processor.py:161} INFO - Started process (PID=64881) to work on /opt/airflow/dags/isr_pipeline.py
[2026-04-06T11:25:20.286+0000] {processor.py:830} INFO - Processing file /opt/airflow/dags/isr_pipeline.py for tasks to queue
[2026-04-06T11:25:20.294+0000] {logging_mixin.py:188} INFO - [2026-04-06T11:25:20.291+0000] {dagbag.py:540} INFO - Filling up the DagBag from /opt/airflow/dags/isr_pipeline.py
[2026-04-06T11:25:20.389+0000] {processor.py:840} INFO - DAG(s) 'isr_pipeline' retrieved from /opt/airflow/dags/isr_pipeline.py
[2026-04-06T11:25:20.612+0000] {logging_mixin.py:188} INFO - [2026-04-06T11:25:20.610+0000] {dag.py:3096} INFO - Sync 1 DAGs
[2026-04-06T11:25:20.823+0000] {processor.py:183} INFO - Processing /opt/airflow/dags/isr_pipeline.py took 0.595 seconds
[2026-04-06T11:25:51.310+0000] {processor.py:161} INFO - Started process (PID=64886) to work on /opt/airflow/dags/isr_pipeline.py
[2026-04-06T11:25:51.316+0000] {processor.py:830} INFO - Processing file /opt/airflow/dags/isr_pipeline.py for tasks to queue
[2026-04-06T11:25:51.323+0000] {logging_mixin.py:188} INFO - [2026-04-06T11:25:51.322+0000] {dagbag.py:540} INFO - Filling up the DagBag from /opt/airflow/dags/isr_pipeline.py
[2026-04-06T11:25:51.416+0000] {processor.py:840} INFO - DAG(s) 'isr_pipeline' retrieved from /opt/airflow/dags/isr_pipeline.py
[2026-04-06T11:25:51.602+0000] {logging_mixin.py:188} INFO - [2026-04-06T11:25:51.601+0000] {dag.py:3096} INFO - Sync 1 DAGs
[2026-04-06T11:25:52.335+0000] {processor.py:183} INFO - Processing /opt/airflow/dags/isr_pipeline.py took 1.063 seconds
[2026-04-06T11:26:22.678+0000] {processor.py:161} INFO - Started process (PID=64891) to work on /opt/airflow/dags/isr_pipeline.py
[2026-04-06T11:26:22.685+0000] {processor.py:830} INFO - Processing file /opt/airflow/dags/isr_pipeline.py for tasks to queue
[2026-04-06T11:26:22.692+0000] {logging_mixin.py:188} INFO - [2026-04-06T11:26:22.691+0000] {dagbag.py:540} INFO - Filling up the DagBag from /opt/airflow/dags/isr_pipeline.py
[2026-04-06T11:26:22.785+0000] {processor.py:840} INFO - DAG(s) 'isr_pipeline' retrieved from /opt/airflow/dags/isr_pipeline.py
[2026-04-06T11:26:22.977+0000] {logging_mixin.py:188} INFO - [2026-04-06T11:26:22.976+0000] {dag.py:3096} INFO - Sync 1 DAGs
[2026-04-06T11:26:23.744+0000] {processor.py:183} INFO - Processing /opt/airflow/dags/isr_pipeline.py took 1.111 seconds
[2026-04-06T11:26:54.310+0000] {processor.py:161} INFO - Started process (PID=64896) to work on /opt/airflow/dags/isr_pipeline.py
[2026-04-06T11:26:54.317+0000] {processor.py:830} INFO - Processing file /opt/airflow/dags/isr_pipeline.py for tasks to queue
[2026-04-06T11:26:54.325+0000] {logging_mixin.py:188} INFO - [2026-04-06T11:26:54.323+0000] {dagbag.py:540} INFO - Filling up the DagBag from /opt/airflow/dags/isr_pipeline.py
[2026-04-06T11:26:54.418+0000] {processor.py:840} INFO - DAG(s) 'isr_pipeline' retrieved from /opt/airflow/dags/isr_pipeline.py
[2026-04-06T11:26:54.615+0000] {logging_mixin.py:188} INFO - [2026-04-06T11:26:54.614+0000] {dag.py:3096} INFO - Sync 1 DAGs
[2026-04-06T11:26:54.818+0000] {processor.py:183} INFO - Processing /opt/airflow/dags/isr_pipeline.py took 0.542 seconds
[2026-04-06T11:27:25.347+0000] {processor.py:161} INFO - Started process (PID=64901) to work on /opt/airflow/dags/isr_pipeline.py
[2026-04-06T11:27:25.354+0000] {processor.py:830} INFO - Processing file /opt/airflow/dags/isr_pipeline.py for tasks to queue
[2026-04-06T11:27:25.361+0000] {logging_mixin.py:188} INFO - [2026-04-06T11:27:25.359+0000] {dagbag.py:540} INFO - Filling up the DagBag from /opt/airflow/dags/isr_pipeline.py
[2026-04-06T11:27:25.458+0000] {processor.py:840} INFO - DAG(s) 'isr_pipeline' retrieved from /opt/airflow/dags/isr_pipeline.py
[2026-04-06T11:27:25.643+0000] {logging_mixin.py:188} INFO - [2026-04-06T11:27:25.641+0000] {dag.py:3096} INFO - Sync 1 DAGs
[2026-04-06T11:27:25.846+0000] {processor.py:183} INFO - Processing /opt/airflow/dags/isr_pipeline.py took 0.536 seconds
[2026-04-06T11:27:56.414+0000] {processor.py:161} INFO - Started process (PID=64906) to work on /opt/airflow/dags/isr_pipeline.py
[2026-04-06T11:27:56.421+0000] {processor.py:830} INFO - Processing file /opt/airflow/dags/isr_pipeline.py for tasks to queue
[2026-04-06T11:27:56.428+0000] {logging_mixin.py:188} INFO - [2026-04-06T11:27:56.426+0000] {dagbag.py:540} INFO - Filling up the DagBag from /opt/airflow/dags/isr_pipeline.py
[2026-04-06T11:27:56.520+0000] {processor.py:840} INFO - DAG(s) 'isr_pipeline' retrieved from /opt/airflow/dags/isr_pipeline.py
[2026-04-06T11:27:56.711+0000] {logging_mixin.py:188} INFO - [2026-04-06T11:27:56.710+0000] {dag.py:3096} INFO - Sync 1 DAGs
[2026-04-06T11:27:56.932+0000] {processor.py:183} INFO - Processing /opt/airflow/dags/isr_pipeline.py took 0.557 seconds
[2026-04-06T11:28:27.345+0000] {processor.py:161} INFO - Started process (PID=64911) to work on /opt/airflow/dags/isr_pipeline.py
[2026-04-06T11:28:27.353+0000] {processor.py:830} INFO - Processing file /opt/airflow/dags/isr_pipeline.py for tasks to queue
[2026-04-06T11:28:27.364+0000] {logging_mixin.py:188} INFO - [2026-04-06T11:28:27.361+0000] {dagbag.py:540} INFO - Filling up the DagBag from /opt/airflow/dags/isr_pipeline.py
[2026-04-06T11:28:27.465+0000] {processor.py:840} INFO - DAG(s) 'isr_pipeline' retrieved from /opt/airflow/dags/isr_pipeline.py
[2026-04-06T11:28:27.656+0000] {logging_mixin.py:188} INFO - [2026-04-06T11:28:27.655+0000] {dag.py:3096} INFO - Sync 1 DAGs
[2026-04-06T11:28:28.402+0000] {processor.py:183} INFO - Processing /opt/airflow/dags/isr_pipeline.py took 1.092 seconds
[2026-04-06T11:28:58.775+0000] {processor.py:161} INFO - Started process (PID=64916) to work on /opt/airflow/dags/isr_pipeline.py
[2026-04-06T11:28:58.783+0000] {processor.py:830} INFO - Processing file /opt/airflow/dags/isr_pipeline.py for tasks to queue
[2026-04-06T11:28:58.789+0000] {logging_mixin.py:188} INFO - [2026-04-06T11:28:58.787+0000] {dagbag.py:540} INFO - Filling up the DagBag from /opt/airflow/dags/isr_pipeline.py
[2026-04-06T11:28:58.878+0000] {processor.py:840} INFO - DAG(s) 'isr_pipeline' retrieved from /opt/airflow/dags/isr_pipeline.py
[2026-04-06T11:28:59.642+0000] {logging_mixin.py:188} INFO - [2026-04-06T11:28:59.641+0000] {dag.py:3096} INFO - Sync 1 DAGs
[2026-04-06T11:28:59.810+0000] {processor.py:183} INFO - Processing /opt/airflow/dags/isr_pipeline.py took 1.080 seconds
[2026-04-06T11:29:30.300+0000] {processor.py:161} INFO - Started process (PID=64921) to work on /opt/airflow/dags/isr_pipeline.py
[2026-04-06T11:29:30.307+0000] {processor.py:830} INFO - Processing file /opt/airflow/dags/isr_pipeline.py for tasks to queue
[2026-04-06T11:29:30.314+0000] {logging_mixin.py:188} INFO - [2026-04-06T11:29:30.312+0000] {dagbag.py:540} INFO - Filling up the DagBag from /opt/airflow/dags/isr_pipeline.py
[2026-04-06T11:29:30.403+0000] {processor.py:840} INFO - DAG(s) 'isr_pipeline' retrieved from /opt/airflow/dags/isr_pipeline.py
[2026-04-06T11:29:30.583+0000] {logging_mixin.py:188} INFO - [2026-04-06T11:29:30.581+0000] {dag.py:3096} INFO - Sync 1 DAGs
[2026-04-06T11:29:30.786+0000] {processor.py:183} INFO - Processing /opt/airflow/dags/isr_pipeline.py took 0.519 seconds
[2026-04-06T11:59:44.725+0000] {processor.py:161} INFO - Started process (PID=64927) to work on /opt/airflow/dags/isr_pipeline.py
[2026-04-06T11:59:44.726+0000] {processor.py:830} INFO - Processing file /opt/airflow/dags/isr_pipeline.py for tasks to queue
[2026-04-06T11:59:44.728+0000] {logging_mixin.py:188} INFO - [2026-04-06T11:59:44.728+0000] {dagbag.py:540} INFO - Filling up the DagBag from /opt/airflow/dags/isr_pipeline.py
[2026-04-06T11:59:44.761+0000] {processor.py:840} INFO - DAG(s) 'isr_pipeline' retrieved from /opt/airflow/dags/isr_pipeline.py
[2026-04-06T11:59:44.815+0000] {logging_mixin.py:188} INFO - [2026-04-06T11:59:44.814+0000] {dag.py:3096} INFO - Sync 1 DAGs
[2026-04-06T11:59:44.933+0000] {processor.py:183} INFO - Processing /opt/airflow/dags/isr_pipeline.py took 0.221 seconds
[2026-04-06T12:00:15.161+0000] {processor.py:161} INFO - Started process (PID=64932) to work on /opt/airflow/dags/isr_pipeline.py
[2026-04-06T12:00:15.169+0000] {processor.py:830} INFO - Processing file /opt/airflow/dags/isr_pipeline.py for tasks to queue
[2026-04-06T12:00:15.176+0000] {logging_mixin.py:188} INFO - [2026-04-06T12:00:15.174+0000] {dagbag.py:540} INFO - Filling up the DagBag from /opt/airflow/dags/isr_pipeline.py
[2026-04-06T12:00:15.274+0000] {processor.py:840} INFO - DAG(s) 'isr_pipeline' retrieved from /opt/airflow/dags/isr_pipeline.py
[2026-04-06T12:00:15.463+0000] {logging_mixin.py:188} INFO - [2026-04-06T12:00:15.462+0000] {dag.py:3096} INFO - Sync 1 DAGs
[2026-04-06T12:00:16.225+0000] {processor.py:183} INFO - Processing /opt/airflow/dags/isr_pipeline.py took 1.101 seconds
[2026-04-06T12:00:46.556+0000] {processor.py:161} INFO - Started process (PID=64937) to work on /opt/airflow/dags/isr_pipeline.py
[2026-04-06T12:00:46.565+0000] {processor.py:830} INFO - Processing file /opt/airflow/dags/isr_pipeline.py for tasks to queue
[2026-04-06T12:00:46.573+0000] {logging_mixin.py:188} INFO - [2026-04-06T12:00:46.572+0000] {dagbag.py:540} INFO - Filling up the DagBag from /opt/airflow/dags/isr_pipeline.py
[2026-04-06T12:00:46.673+0000] {processor.py:840} INFO - DAG(s) 'isr_pipeline' retrieved from /opt/airflow/dags/isr_pipeline.py
[2026-04-06T12:00:46.866+0000] {logging_mixin.py:188} INFO - [2026-04-06T12:00:46.865+0000] {dag.py:3096} INFO - Sync 1 DAGs
[2026-04-06T12:00:47.588+0000] {processor.py:183} INFO - Processing /opt/airflow/dags/isr_pipeline.py took 1.076 seconds
[2026-04-06T12:01:18.118+0000] {processor.py:161} INFO - Started process (PID=64942) to work on /opt/airflow/dags/isr_pipeline.py
[2026-04-06T12:01:18.125+0000] {processor.py:830} INFO - Processing file /opt/airflow/dags/isr_pipeline.py for tasks to queue
[2026-04-06T12:01:18.132+0000] {logging_mixin.py:188} INFO - [2026-04-06T12:01:18.130+0000] {dagbag.py:540} INFO - Filling up the DagBag from /opt/airflow/dags/isr_pipeline.py
[2026-04-06T12:01:18.800+0000] {processor.py:840} INFO - DAG(s) 'isr_pipeline' retrieved from /opt/airflow/dags/isr_pipeline.py
[2026-04-06T12:01:18.963+0000] {logging_mixin.py:188} INFO - [2026-04-06T12:01:18.960+0000] {dag.py:3096} INFO - Sync 1 DAGs
[2026-04-06T12:01:19.144+0000] {processor.py:183} INFO - Processing /opt/airflow/dags/isr_pipeline.py took 1.061 seconds
[2026-04-06T12:01:49.507+0000] {processor.py:161} INFO - Started process (PID=64947) to work on /opt/airflow/dags/isr_pipeline.py
[2026-04-06T12:01:49.514+0000] {processor.py:830} INFO - Processing file /opt/airflow/dags/isr_pipeline.py for tasks to queue
[2026-04-06T12:01:49.520+0000] {logging_mixin.py:188} INFO - [2026-04-06T12:01:49.518+0000] {dagbag.py:540} INFO - Filling up the DagBag from /opt/airflow/dags/isr_pipeline.py
[2026-04-06T12:01:49.613+0000] {processor.py:840} INFO - DAG(s) 'isr_pipeline' retrieved from /opt/airflow/dags/isr_pipeline.py
[2026-04-06T12:01:49.802+0000] {logging_mixin.py:188} INFO - [2026-04-06T12:01:49.800+0000] {dag.py:3096} INFO - Sync 1 DAGs
[2026-04-06T12:01:50.004+0000] {processor.py:183} INFO - Processing /opt/airflow/dags/isr_pipeline.py took 0.536 seconds
[2026-04-06T12:02:20.361+0000] {processor.py:161} INFO - Started process (PID=64952) to work on /opt/airflow/dags/isr_pipeline.py
[2026-04-06T12:02:20.368+0000] {processor.py:830} INFO - Processing file /opt/airflow/dags/isr_pipeline.py for tasks to queue
[2026-04-06T12:02:20.377+0000] {logging_mixin.py:188} INFO - [2026-04-06T12:02:20.375+0000] {dagbag.py:540} INFO - Filling up the DagBag from /opt/airflow/dags/isr_pipeline.py
[2026-04-06T12:02:20.470+0000] {processor.py:840} INFO - DAG(s) 'isr_pipeline' retrieved from /opt/airflow/dags/isr_pipeline.py
[2026-04-06T12:02:20.653+0000] {logging_mixin.py:188} INFO - [2026-04-06T12:02:20.652+0000] {dag.py:3096} INFO - Sync 1 DAGs
[2026-04-06T12:02:20.942+0000] {processor.py:183} INFO - Processing /opt/airflow/dags/isr_pipeline.py took 0.620 seconds
[2026-04-06T12:02:51.441+0000] {processor.py:161} INFO - Started process (PID=64957) to work on /opt/airflow/dags/isr_pipeline.py
[2026-04-06T12:02:51.448+0000] {processor.py:830} INFO - Processing file /opt/airflow/dags/isr_pipeline.py for tasks to queue
[2026-04-06T12:02:51.455+0000] {logging_mixin.py:188} INFO - [2026-04-06T12:02:51.453+0000] {dagbag.py:540} INFO - Filling up the DagBag from /opt/airflow/dags/isr_pipeline.py
[2026-04-06T12:02:51.549+0000] {processor.py:840} INFO - DAG(s) 'isr_pipeline' retrieved from /opt/airflow/dags/isr_pipeline.py
[2026-04-06T12:02:51.738+0000] {logging_mixin.py:188} INFO - [2026-04-06T12:02:51.737+0000] {dag.py:3096} INFO - Sync 1 DAGs
[2026-04-06T12:02:51.942+0000] {processor.py:183} INFO - Processing /opt/airflow/dags/isr_pipeline.py took 0.542 seconds
[2026-04-06T12:03:22.207+0000] {processor.py:161} INFO - Started process (PID=64962) to work on /opt/airflow/dags/isr_pipeline.py
[2026-04-06T12:03:22.214+0000] {processor.py:830} INFO - Processing file /opt/airflow/dags/isr_pipeline.py for tasks to queue
[2026-04-06T12:03:22.221+0000] {logging_mixin.py:188} INFO - [2026-04-06T12:03:22.219+0000] {dagbag.py:540} INFO - Filling up the DagBag from /opt/airflow/dags/isr_pipeline.py
[2026-04-06T12:03:22.318+0000] {processor.py:840} INFO - DAG(s) 'isr_pipeline' retrieved from /opt/airflow/dags/isr_pipeline.py
[2026-04-06T12:03:22.499+0000] {logging_mixin.py:188} INFO - [2026-04-06T12:03:22.498+0000] {dag.py:3096} INFO - Sync 1 DAGs
[2026-04-06T12:03:22.711+0000] {processor.py:183} INFO - Processing /opt/airflow/dags/isr_pipeline.py took 0.541 seconds
[2026-04-06T12:03:53.180+0000] {processor.py:161} INFO - Started process (PID=64967) to work on /opt/airflow/dags/isr_pipeline.py
[2026-04-06T12:03:53.187+0000] {processor.py:830} INFO - Processing file /opt/airflow/dags/isr_pipeline.py for tasks to queue
[2026-04-06T12:03:53.194+0000] {logging_mixin.py:188} INFO - [2026-04-06T12:03:53.192+0000] {dagbag.py:540} INFO - Filling up the DagBag from /opt/airflow/dags/isr_pipeline.py
[2026-04-06T12:03:53.287+0000] {processor.py:840} INFO - DAG(s) 'isr_pipeline' retrieved from /opt/airflow/dags/isr_pipeline.py
[2026-04-06T12:03:53.502+0000] {logging_mixin.py:188} INFO - [2026-04-06T12:03:53.501+0000] {dag.py:3096} INFO - Sync 1 DAGs
[2026-04-06T12:03:53.711+0000] {processor.py:183} INFO - Processing /opt/airflow/dags/isr_pipeline.py took 0.571 seconds
[2026-04-06T12:04:24.098+0000] {processor.py:161} INFO - Started process (PID=64972) to work on /opt/airflow/dags/isr_pipeline.py
[2026-04-06T12:04:24.105+0000] {processor.py:830} INFO - Processing file /opt/airflow/dags/isr_pipeline.py for tasks to queue
[2026-04-06T12:04:24.112+0000] {logging_mixin.py:188} INFO - [2026-04-06T12:04:24.110+0000] {dagbag.py:540} INFO - Filling up the DagBag from /opt/airflow/dags/isr_pipeline.py
[2026-04-06T12:04:24.203+0000] {processor.py:840} INFO - DAG(s) 'isr_pipeline' retrieved from /opt/airflow/dags/isr_pipeline.py
[2026-04-06T12:04:24.380+0000] {logging_mixin.py:188} INFO - [2026-04-06T12:04:24.379+0000] {dag.py:3096} INFO - Sync 1 DAGs
[2026-04-06T12:04:24.592+0000] {processor.py:183} INFO - Processing /opt/airflow/dags/isr_pipeline.py took 0.532 seconds
[2026-04-06T12:04:55.199+0000] {processor.py:161} INFO - Started process (PID=64977) to work on /opt/airflow/dags/isr_pipeline.py
[2026-04-06T12:04:55.206+0000] {processor.py:830} INFO - Processing file /opt/airflow/dags/isr_pipeline.py for tasks to queue
[2026-04-06T12:04:55.214+0000] {logging_mixin.py:188} INFO - [2026-04-06T12:04:55.212+0000] {dagbag.py:540} INFO - Filling up the DagBag from /opt/airflow/dags/isr_pipeline.py
[2026-04-06T12:04:55.306+0000] {processor.py:840} INFO - DAG(s) 'isr_pipeline' retrieved from /opt/airflow/dags/isr_pipeline.py
[2026-04-06T12:04:55.491+0000] {logging_mixin.py:188} INFO - [2026-04-06T12:04:55.490+0000] {dag.py:3096} INFO - Sync 1 DAGs
[2026-04-06T12:04:55.692+0000] {processor.py:183} INFO - Processing /opt/airflow/dags/isr_pipeline.py took 0.532 seconds
[2026-04-06T12:05:26.224+0000] {processor.py:161} INFO - Started process (PID=64982) to work on /opt/airflow/dags/isr_pipeline.py
[2026-04-06T12:05:26.232+0000] {processor.py:830} INFO - Processing file /opt/airflow/dags/isr_pipeline.py for tasks to queue
[2026-04-06T12:05:26.240+0000] {logging_mixin.py:188} INFO - [2026-04-06T12:05:26.238+0000] {dagbag.py:540} INFO - Filling up the DagBag from /opt/airflow/dags/isr_pipeline.py
[2026-04-06T12:05:26.333+0000] {processor.py:840} INFO - DAG(s) 'isr_pipeline' retrieved from /opt/airflow/dags/isr_pipeline.py
[2026-04-06T12:05:26.522+0000] {logging_mixin.py:188} INFO - [2026-04-06T12:05:26.521+0000] {dag.py:3096} INFO - Sync 1 DAGs
[2026-04-06T12:05:26.730+0000] {processor.py:183} INFO - Processing /opt/airflow/dags/isr_pipeline.py took 0.544 seconds
[2026-04-06T12:05:57.212+0000] {processor.py:161} INFO - Started process (PID=64987) to work on /opt/airflow/dags/isr_pipeline.py
[2026-04-06T12:05:57.219+0000] {processor.py:830} INFO - Processing file /opt/airflow/dags/isr_pipeline.py for tasks to queue
[2026-04-06T12:05:57.226+0000] {logging_mixin.py:188} INFO - [2026-04-06T12:05:57.224+0000] {dagbag.py:540} INFO - Filling up the DagBag from /opt/airflow/dags/isr_pipeline.py
[2026-04-06T12:05:57.319+0000] {processor.py:840} INFO - DAG(s) 'isr_pipeline' retrieved from /opt/airflow/dags/isr_pipeline.py
[2026-04-06T12:05:57.507+0000] {logging_mixin.py:188} INFO - [2026-04-06T12:05:57.505+0000] {dag.py:3096} INFO - Sync 1 DAGs
[2026-04-06T12:05:57.720+0000] {processor.py:183} INFO - Processing /opt/airflow/dags/isr_pipeline.py took 0.546 seconds
[2026-04-06T12:06:28.333+0000] {processor.py:161} INFO - Started process (PID=64992) to work on /opt/airflow/dags/isr_pipeline.py
[2026-04-06T12:06:28.341+0000] {processor.py:830} INFO - Processing file /opt/airflow/dags/isr_pipeline.py for tasks to queue
[2026-04-06T12:06:28.347+0000] {logging_mixin.py:188} INFO - [2026-04-06T12:06:28.346+0000] {dagbag.py:540} INFO - Filling up the DagBag from /opt/airflow/dags/isr_pipeline.py
[2026-04-06T12:06:28.443+0000] {processor.py:840} INFO - DAG(s) 'isr_pipeline' retrieved from /opt/airflow/dags/isr_pipeline.py
[2026-04-06T12:06:28.630+0000] {logging_mixin.py:188} INFO - [2026-04-06T12:06:28.628+0000] {dag.py:3096} INFO - Sync 1 DAGs
[2026-04-06T12:06:28.827+0000] {processor.py:183} INFO - Processing /opt/airflow/dags/isr_pipeline.py took 0.532 seconds
[2026-04-06T12:06:59.324+0000] {processor.py:161} INFO - Started process (PID=64997) to work on /opt/airflow/dags/isr_pipeline.py
[2026-04-06T12:06:59.332+0000] {processor.py:830} INFO - Processing file /opt/airflow/dags/isr_pipeline.py for tasks to queue
[2026-04-06T12:06:59.339+0000] {logging_mixin.py:188} INFO - [2026-04-06T12:06:59.337+0000] {dagbag.py:540} INFO - Filling up the DagBag from /opt/airflow/dags/isr_pipeline.py
[2026-04-06T12:06:59.433+0000] {processor.py:840} INFO - DAG(s) 'isr_pipeline' retrieved from /opt/airflow/dags/isr_pipeline.py
[2026-04-06T12:06:59.621+0000] {logging_mixin.py:188} INFO - [2026-04-06T12:06:59.620+0000] {dag.py:3096} INFO - Sync 1 DAGs
[2026-04-06T12:06:59.824+0000] {processor.py:183} INFO - Processing /opt/airflow/dags/isr_pipeline.py took 0.538 seconds
[2026-04-06T12:07:30.317+0000] {processor.py:161} INFO - Started process (PID=65002) to work on /opt/airflow/dags/isr_pipeline.py
[2026-04-06T12:07:30.331+0000] {processor.py:830} INFO - Processing file /opt/airflow/dags/isr_pipeline.py for tasks to queue
[2026-04-06T12:07:30.344+0000] {logging_mixin.py:188} INFO - [2026-04-06T12:07:30.341+0000] {dagbag.py:540} INFO - Filling up the DagBag from /opt/airflow/dags/isr_pipeline.py
[2026-04-06T12:07:30.443+0000] {processor.py:840} INFO - DAG(s) 'isr_pipeline' retrieved from /opt/airflow/dags/isr_pipeline.py
[2026-04-06T12:07:30.635+0000] {logging_mixin.py:188} INFO - [2026-04-06T12:07:30.634+0000] {dag.py:3096} INFO - Sync 1 DAGs
[2026-04-06T12:07:30.838+0000] {processor.py:183} INFO - Processing /opt/airflow/dags/isr_pipeline.py took 0.559 seconds
[2026-04-06T12:08:01.303+0000] {processor.py:161} INFO - Started process (PID=65007) to work on /opt/airflow/dags/isr_pipeline.py
[2026-04-06T12:08:01.311+0000] {processor.py:830} INFO - Processing file /opt/airflow/dags/isr_pipeline.py for tasks to queue
[2026-04-06T12:08:01.319+0000] {logging_mixin.py:188} INFO - [2026-04-06T12:08:01.317+0000] {dagbag.py:540} INFO - Filling up the DagBag from /opt/airflow/dags/isr_pipeline.py
[2026-04-06T12:08:01.413+0000] {processor.py:840} INFO - DAG(s) 'isr_pipeline' retrieved from /opt/airflow/dags/isr_pipeline.py
[2026-04-06T12:08:01.597+0000] {logging_mixin.py:188} INFO - [2026-04-06T12:08:01.596+0000] {dag.py:3096} INFO - Sync 1 DAGs
[2026-04-06T12:08:01.807+0000] {processor.py:183} INFO - Processing /opt/airflow/dags/isr_pipeline.py took 0.542 seconds
[2026-04-06T12:08:32.871+0000] {processor.py:161} INFO - Started process (PID=65012) to work on /opt/airflow/dags/isr_pipeline.py
[2026-04-06T12:08:32.878+0000] {processor.py:830} INFO - Processing file /opt/airflow/dags/isr_pipeline.py for tasks to queue
[2026-04-06T12:08:32.885+0000] {logging_mixin.py:188} INFO - [2026-04-06T12:08:32.883+0000] {dagbag.py:540} INFO - Filling up the DagBag from /opt/airflow/dags/isr_pipeline.py
[2026-04-06T12:08:32.977+0000] {processor.py:840} INFO - DAG(s) 'isr_pipeline' retrieved from /opt/airflow/dags/isr_pipeline.py
[2026-04-06T12:08:33.160+0000] {logging_mixin.py:188} INFO - [2026-04-06T12:08:33.158+0000] {dag.py:3096} INFO - Sync 1 DAGs
[2026-04-06T12:08:33.363+0000] {processor.py:183} INFO - Processing /opt/airflow/dags/isr_pipeline.py took 0.528 seconds
[2026-04-06T12:09:03.919+0000] {processor.py:161} INFO - Started process (PID=65017) to work on /opt/airflow/dags/isr_pipeline.py
[2026-04-06T12:09:03.926+0000] {processor.py:830} INFO - Processing file /opt/airflow/dags/isr_pipeline.py for tasks to queue
[2026-04-06T12:09:03.933+0000] {logging_mixin.py:188} INFO - [2026-04-06T12:09:03.931+0000] {dagbag.py:540} INFO - Filling up the DagBag from /opt/airflow/dags/isr_pipeline.py
[2026-04-06T12:09:04.025+0000] {processor.py:840} INFO - DAG(s) 'isr_pipeline' retrieved from /opt/airflow/dags/isr_pipeline.py
[2026-04-06T12:09:04.207+0000] {logging_mixin.py:188} INFO - [2026-04-06T12:09:04.206+0000] {dag.py:3096} INFO - Sync 1 DAGs
[2026-04-06T12:09:04.403+0000] {processor.py:183} INFO - Processing /opt/airflow/dags/isr_pipeline.py took 0.523 seconds
[2026-04-06T12:09:34.946+0000] {processor.py:161} INFO - Started process (PID=65022) to work on /opt/airflow/dags/isr_pipeline.py
[2026-04-06T12:09:34.953+0000] {processor.py:830} INFO - Processing file /opt/airflow/dags/isr_pipeline.py for tasks to queue
[2026-04-06T12:09:34.960+0000] {logging_mixin.py:188} INFO - [2026-04-06T12:09:34.958+0000] {dagbag.py:540} INFO - Filling up the DagBag from /opt/airflow/dags/isr_pipeline.py
[2026-04-06T12:09:35.051+0000] {processor.py:840} INFO - DAG(s) 'isr_pipeline' retrieved from /opt/airflow/dags/isr_pipeline.py
[2026-04-06T12:09:35.233+0000] {logging_mixin.py:188} INFO - [2026-04-06T12:09:35.232+0000] {dag.py:3096} INFO - Sync 1 DAGs
[2026-04-06T12:09:35.433+0000] {processor.py:183} INFO - Processing /opt/airflow/dags/isr_pipeline.py took 0.525 seconds
[2026-04-06T12:10:05.950+0000] {processor.py:161} INFO - Started process (PID=65027) to work on /opt/airflow/dags/isr_pipeline.py
[2026-04-06T12:10:05.975+0000] {processor.py:830} INFO - Processing file /opt/airflow/dags/isr_pipeline.py for tasks to queue
[2026-04-06T12:10:05.982+0000] {logging_mixin.py:188} INFO - [2026-04-06T12:10:05.981+0000] {dagbag.py:540} INFO - Filling up the DagBag from /opt/airflow/dags/isr_pipeline.py
[2026-04-06T12:10:06.086+0000] {processor.py:840} INFO - DAG(s) 'isr_pipeline' retrieved from /opt/airflow/dags/isr_pipeline.py
[2026-04-06T12:10:06.261+0000] {logging_mixin.py:188} INFO - [2026-04-06T12:10:06.259+0000] {dag.py:3096} INFO - Sync 1 DAGs
[2026-04-06T12:10:06.485+0000] {processor.py:183} INFO - Processing /opt/airflow/dags/isr_pipeline.py took 0.574 seconds
[2026-04-06T12:10:37.023+0000] {processor.py:161} INFO - Started process (PID=65032) to work on /opt/airflow/dags/isr_pipeline.py
[2026-04-06T12:10:37.030+0000] {processor.py:830} INFO - Processing file /opt/airflow/dags/isr_pipeline.py for tasks to queue
[2026-04-06T12:10:37.037+0000] {logging_mixin.py:188} INFO - [2026-04-06T12:10:37.035+0000] {dagbag.py:540} INFO - Filling up the DagBag from /opt/airflow/dags/isr_pipeline.py
[2026-04-06T12:10:37.127+0000] {processor.py:840} INFO - DAG(s) 'isr_pipeline' retrieved from /opt/airflow/dags/isr_pipeline.py
[2026-04-06T12:10:37.309+0000] {logging_mixin.py:188} INFO - [2026-04-06T12:10:37.308+0000] {dag.py:3096} INFO - Sync 1 DAGs
[2026-04-06T12:10:37.507+0000] {processor.py:183} INFO - Processing /opt/airflow/dags/isr_pipeline.py took 0.522 seconds
[2026-04-06T12:11:07.993+0000] {processor.py:161} INFO - Started process (PID=65037) to work on /opt/airflow/dags/isr_pipeline.py
[2026-04-06T12:11:08.000+0000] {processor.py:830} INFO - Processing file /opt/airflow/dags/isr_pipeline.py for tasks to queue
[2026-04-06T12:11:08.007+0000] {logging_mixin.py:188} INFO - [2026-04-06T12:11:08.005+0000] {dagbag.py:540} INFO - Filling up the DagBag from /opt/airflow/dags/isr_pipeline.py
[2026-04-06T12:11:08.100+0000] {processor.py:840} INFO - DAG(s) 'isr_pipeline' retrieved from /opt/airflow/dags/isr_pipeline.py
[2026-04-06T12:11:08.279+0000] {logging_mixin.py:188} INFO - [2026-04-06T12:11:08.278+0000] {dag.py:3096} INFO - Sync 1 DAGs
[2026-04-06T12:11:08.481+0000] {processor.py:183} INFO - Processing /opt/airflow/dags/isr_pipeline.py took 0.527 seconds
[2026-04-06T12:11:38.986+0000] {processor.py:161} INFO - Started process (PID=65042) to work on /opt/airflow/dags/isr_pipeline.py
[2026-04-06T12:11:38.993+0000] {processor.py:830} INFO - Processing file /opt/airflow/dags/isr_pipeline.py for tasks to queue
[2026-04-06T12:11:39.000+0000] {logging_mixin.py:188} INFO - [2026-04-06T12:11:38.998+0000] {dagbag.py:540} INFO - Filling up the DagBag from /opt/airflow/dags/isr_pipeline.py
[2026-04-06T12:11:39.091+0000] {processor.py:840} INFO - DAG(s) 'isr_pipeline' retrieved from /opt/airflow/dags/isr_pipeline.py
[2026-04-06T12:11:39.266+0000] {logging_mixin.py:188} INFO - [2026-04-06T12:11:39.265+0000] {dag.py:3096} INFO - Sync 1 DAGs
[2026-04-06T12:11:39.466+0000] {processor.py:183} INFO - Processing /opt/airflow/dags/isr_pipeline.py took 0.517 seconds
[2026-04-06T12:12:09.983+0000] {processor.py:161} INFO - Started process (PID=65047) to work on /opt/airflow/dags/isr_pipeline.py
[2026-04-06T12:12:09.990+0000] {processor.py:830} INFO - Processing file /opt/airflow/dags/isr_pipeline.py for tasks to queue
[2026-04-06T12:12:09.998+0000] {logging_mixin.py:188} INFO - [2026-04-06T12:12:09.995+0000] {dagbag.py:540} INFO - Filling up the DagBag from /opt/airflow/dags/isr_pipeline.py
[2026-04-06T12:12:10.090+0000] {processor.py:840} INFO - DAG(s) 'isr_pipeline' retrieved from /opt/airflow/dags/isr_pipeline.py
[2026-04-06T12:12:10.272+0000] {logging_mixin.py:188} INFO - [2026-04-06T12:12:10.270+0000] {dag.py:3096} INFO - Sync 1 DAGs
[2026-04-06T12:12:10.479+0000] {processor.py:183} INFO - Processing /opt/airflow/dags/isr_pipeline.py took 0.536 seconds
[2026-04-06T12:12:40.677+0000] {processor.py:161} INFO - Started process (PID=65052) to work on /opt/airflow/dags/isr_pipeline.py
[2026-04-06T12:12:40.684+0000] {processor.py:830} INFO - Processing file /opt/airflow/dags/isr_pipeline.py for tasks to queue
[2026-04-06T12:12:40.691+0000] {logging_mixin.py:188} INFO - [2026-04-06T12:12:40.689+0000] {dagbag.py:540} INFO - Filling up the DagBag from /opt/airflow/dags/isr_pipeline.py
[2026-04-06T12:12:40.785+0000] {processor.py:840} INFO - DAG(s) 'isr_pipeline' retrieved from /opt/airflow/dags/isr_pipeline.py
[2026-04-06T12:12:40.965+0000] {logging_mixin.py:188} INFO - [2026-04-06T12:12:40.964+0000] {dag.py:3096} INFO - Sync 1 DAGs
[2026-04-06T12:12:41.159+0000] {processor.py:183} INFO - Processing /opt/airflow/dags/isr_pipeline.py took 0.521 seconds
[2026-04-06T12:13:11.348+0000] {processor.py:161} INFO - Started process (PID=65057) to work on /opt/airflow/dags/isr_pipeline.py
[2026-04-06T12:13:11.355+0000] {processor.py:830} INFO - Processing file /opt/airflow/dags/isr_pipeline.py for tasks to queue
[2026-04-06T12:13:11.363+0000] {logging_mixin.py:188} INFO - [2026-04-06T12:13:11.361+0000] {dagbag.py:540} INFO - Filling up the DagBag from /opt/airflow/dags/isr_pipeline.py
[2026-04-06T12:13:11.457+0000] {processor.py:840} INFO - DAG(s) 'isr_pipeline' retrieved from /opt/airflow/dags/isr_pipeline.py
[2026-04-06T12:13:11.651+0000] {logging_mixin.py:188} INFO - [2026-04-06T12:13:11.650+0000] {dag.py:3096} INFO - Sync 1 DAGs
[2026-04-06T12:13:11.878+0000] {processor.py:183} INFO - Processing /opt/airflow/dags/isr_pipeline.py took 0.571 seconds
[2026-04-06T12:13:42.355+0000] {processor.py:161} INFO - Started process (PID=65062) to work on /opt/airflow/dags/isr_pipeline.py
[2026-04-06T12:13:42.365+0000] {processor.py:830} INFO - Processing file /opt/airflow/dags/isr_pipeline.py for tasks to queue
[2026-04-06T12:13:42.373+0000] {logging_mixin.py:188} INFO - [2026-04-06T12:13:42.371+0000] {dagbag.py:540} INFO - Filling up the DagBag from /opt/airflow/dags/isr_pipeline.py
[2026-04-06T12:13:42.468+0000] {processor.py:840} INFO - DAG(s) 'isr_pipeline' retrieved from /opt/airflow/dags/isr_pipeline.py
[2026-04-06T12:13:42.656+0000] {logging_mixin.py:188} INFO - [2026-04-06T12:13:42.655+0000] {dag.py:3096} INFO - Sync 1 DAGs
[2026-04-06T12:13:42.868+0000] {processor.py:183} INFO - Processing /opt/airflow/dags/isr_pipeline.py took 0.554 seconds
[2026-04-06T12:23:34.464+0000] {processor.py:161} INFO - Started process (PID=65068) to work on /opt/airflow/dags/isr_pipeline.py
[2026-04-06T12:23:34.466+0000] {processor.py:830} INFO - Processing file /opt/airflow/dags/isr_pipeline.py for tasks to queue
[2026-04-06T12:23:34.469+0000] {logging_mixin.py:188} INFO - [2026-04-06T12:23:34.468+0000] {dagbag.py:540} INFO - Filling up the DagBag from /opt/airflow/dags/isr_pipeline.py
[2026-04-06T12:23:34.496+0000] {processor.py:840} INFO - DAG(s) 'isr_pipeline' retrieved from /opt/airflow/dags/isr_pipeline.py
[2026-04-06T12:23:34.534+0000] {logging_mixin.py:188} INFO - [2026-04-06T12:23:34.534+0000] {dag.py:3096} INFO - Sync 1 DAGs
[2026-04-06T12:23:34.724+0000] {processor.py:183} INFO - Processing /opt/airflow/dags/isr_pipeline.py took 0.272 seconds
[2026-04-06T12:24:05.049+0000] {processor.py:161} INFO - Started process (PID=65073) to work on /opt/airflow/dags/isr_pipeline.py
[2026-04-06T12:24:05.055+0000] {processor.py:830} INFO - Processing file /opt/airflow/dags/isr_pipeline.py for tasks to queue
[2026-04-06T12:24:05.063+0000] {logging_mixin.py:188} INFO - [2026-04-06T12:24:05.061+0000] {dagbag.py:540} INFO - Filling up the DagBag from /opt/airflow/dags/isr_pipeline.py
[2026-04-06T12:24:05.154+0000] {processor.py:840} INFO - DAG(s) 'isr_pipeline' retrieved from /opt/airflow/dags/isr_pipeline.py
[2026-04-06T12:24:05.338+0000] {logging_mixin.py:188} INFO - [2026-04-06T12:24:05.337+0000] {dag.py:3096} INFO - Sync 1 DAGs
[2026-04-06T12:24:05.536+0000] {processor.py:183} INFO - Processing /opt/airflow/dags/isr_pipeline.py took 0.526 seconds
[2026-04-06T12:43:47.449+0000] {processor.py:161} INFO - Started process (PID=65079) to work on /opt/airflow/dags/isr_pipeline.py
[2026-04-06T12:43:47.450+0000] {processor.py:830} INFO - Processing file /opt/airflow/dags/isr_pipeline.py for tasks to queue
[2026-04-06T12:43:47.452+0000] {logging_mixin.py:188} INFO - [2026-04-06T12:43:47.452+0000] {dagbag.py:540} INFO - Filling up the DagBag from /opt/airflow/dags/isr_pipeline.py
[2026-04-06T12:43:47.478+0000] {processor.py:840} INFO - DAG(s) 'isr_pipeline' retrieved from /opt/airflow/dags/isr_pipeline.py
[2026-04-06T12:43:47.523+0000] {logging_mixin.py:188} INFO - [2026-04-06T12:43:47.522+0000] {dag.py:3096} INFO - Sync 1 DAGs
[2026-04-06T12:43:47.671+0000] {processor.py:183} INFO - Processing /opt/airflow/dags/isr_pipeline.py took 0.237 seconds
[2026-04-06T12:44:17.807+0000] {processor.py:161} INFO - Started process (PID=65084) to work on /opt/airflow/dags/isr_pipeline.py
[2026-04-06T12:44:17.814+0000] {processor.py:830} INFO - Processing file /opt/airflow/dags/isr_pipeline.py for tasks to queue
[2026-04-06T12:44:17.820+0000] {logging_mixin.py:188} INFO - [2026-04-06T12:44:17.819+0000] {dagbag.py:540} INFO - Filling up the DagBag from /opt/airflow/dags/isr_pipeline.py
[2026-04-06T12:44:17.918+0000] {processor.py:840} INFO - DAG(s) 'isr_pipeline' retrieved from /opt/airflow/dags/isr_pipeline.py
[2026-04-06T12:44:18.096+0000] {logging_mixin.py:188} INFO - [2026-04-06T12:44:18.095+0000] {dag.py:3096} INFO - Sync 1 DAGs
[2026-04-06T12:44:18.290+0000] {processor.py:183} INFO - Processing /opt/airflow/dags/isr_pipeline.py took 0.521 seconds
[2026-04-06T12:44:48.759+0000] {processor.py:161} INFO - Started process (PID=65089) to work on /opt/airflow/dags/isr_pipeline.py
[2026-04-06T12:44:48.766+0000] {processor.py:830} INFO - Processing file /opt/airflow/dags/isr_pipeline.py for tasks to queue
[2026-04-06T12:44:48.773+0000] {logging_mixin.py:188} INFO - [2026-04-06T12:44:48.771+0000] {dagbag.py:540} INFO - Filling up the DagBag from /opt/airflow/dags/isr_pipeline.py
[2026-04-06T12:44:48.868+0000] {processor.py:840} INFO - DAG(s) 'isr_pipeline' retrieved from /opt/airflow/dags/isr_pipeline.py
[2026-04-06T12:44:49.059+0000] {logging_mixin.py:188} INFO - [2026-04-06T12:44:49.058+0000] {dag.py:3096} INFO - Sync 1 DAGs
[2026-04-06T12:44:49.270+0000] {processor.py:183} INFO - Processing /opt/airflow/dags/isr_pipeline.py took 0.550 seconds
[2026-04-06T12:45:19.736+0000] {processor.py:161} INFO - Started process (PID=65094) to work on /opt/airflow/dags/isr_pipeline.py
[2026-04-06T12:45:19.744+0000] {processor.py:830} INFO - Processing file /opt/airflow/dags/isr_pipeline.py for tasks to queue
[2026-04-06T12:45:19.751+0000] {logging_mixin.py:188} INFO - [2026-04-06T12:45:19.749+0000] {dagbag.py:540} INFO - Filling up the DagBag from /opt/airflow/dags/isr_pipeline.py
[2026-04-06T12:45:19.854+0000] {processor.py:840} INFO - DAG(s) 'isr_pipeline' retrieved from /opt/airflow/dags/isr_pipeline.py
[2026-04-06T12:45:20.051+0000] {logging_mixin.py:188} INFO - [2026-04-06T12:45:20.050+0000] {dag.py:3096} INFO - Sync 1 DAGs
[2026-04-06T12:45:20.253+0000] {processor.py:183} INFO - Processing /opt/airflow/dags/isr_pipeline.py took 0.577 seconds
[2026-04-06T12:45:50.742+0000] {processor.py:161} INFO - Started process (PID=65099) to work on /opt/airflow/dags/isr_pipeline.py
[2026-04-06T12:45:50.749+0000] {processor.py:830} INFO - Processing file /opt/airflow/dags/isr_pipeline.py for tasks to queue
[2026-04-06T12:45:50.756+0000] {logging_mixin.py:188} INFO - [2026-04-06T12:45:50.754+0000] {dagbag.py:540} INFO - Filling up the DagBag from /opt/airflow/dags/isr_pipeline.py
[2026-04-06T12:45:50.859+0000] {processor.py:840} INFO - DAG(s) 'isr_pipeline' retrieved from /opt/airflow/dags/isr_pipeline.py
[2026-04-06T12:45:51.066+0000] {logging_mixin.py:188} INFO - [2026-04-06T12:45:51.065+0000] {dag.py:3096} INFO - Sync 1 DAGs
[2026-04-06T12:45:51.271+0000] {processor.py:183} INFO - Processing /opt/airflow/dags/isr_pipeline.py took 0.568 seconds
[2026-04-06T12:46:21.511+0000] {processor.py:161} INFO - Started process (PID=65104) to work on /opt/airflow/dags/isr_pipeline.py
[2026-04-06T12:46:21.519+0000] {processor.py:830} INFO - Processing file /opt/airflow/dags/isr_pipeline.py for tasks to queue
[2026-04-06T12:46:21.526+0000] {logging_mixin.py:188} INFO - [2026-04-06T12:46:21.525+0000] {dagbag.py:540} INFO - Filling up the DagBag from /opt/airflow/dags/isr_pipeline.py
[2026-04-06T12:46:21.619+0000] {processor.py:840} INFO - DAG(s) 'isr_pipeline' retrieved from /opt/airflow/dags/isr_pipeline.py
[2026-04-06T12:46:21.802+0000] {logging_mixin.py:188} INFO - [2026-04-06T12:46:21.801+0000] {dag.py:3096} INFO - Sync 1 DAGs
[2026-04-06T12:46:22.002+0000] {processor.py:183} INFO - Processing /opt/airflow/dags/isr_pipeline.py took 0.530 seconds
[2026-04-06T12:46:52.495+0000] {processor.py:161} INFO - Started process (PID=65109) to work on /opt/airflow/dags/isr_pipeline.py
[2026-04-06T12:46:52.504+0000] {processor.py:830} INFO - Processing file /opt/airflow/dags/isr_pipeline.py for tasks to queue
[2026-04-06T12:46:52.511+0000] {logging_mixin.py:188} INFO - [2026-04-06T12:46:52.509+0000] {dagbag.py:540} INFO - Filling up the DagBag from /opt/airflow/dags/isr_pipeline.py
[2026-04-06T12:46:52.606+0000] {processor.py:840} INFO - DAG(s) 'isr_pipeline' retrieved from /opt/airflow/dags/isr_pipeline.py
[2026-04-06T12:46:52.800+0000] {logging_mixin.py:188} INFO - [2026-04-06T12:46:52.799+0000] {dag.py:3096} INFO - Sync 1 DAGs
[2026-04-06T12:46:53.002+0000] {processor.py:183} INFO - Processing /opt/airflow/dags/isr_pipeline.py took 0.547 seconds
[2026-04-06T12:47:23.449+0000] {processor.py:161} INFO - Started process (PID=65114) to work on /opt/airflow/dags/isr_pipeline.py
[2026-04-06T12:47:23.456+0000] {processor.py:830} INFO - Processing file /opt/airflow/dags/isr_pipeline.py for tasks to queue
[2026-04-06T12:47:23.463+0000] {logging_mixin.py:188} INFO - [2026-04-06T12:47:23.461+0000] {dagbag.py:540} INFO - Filling up the DagBag from /opt/airflow/dags/isr_pipeline.py
[2026-04-06T12:47:23.552+0000] {processor.py:840} INFO - DAG(s) 'isr_pipeline' retrieved from /opt/airflow/dags/isr_pipeline.py
[2026-04-06T12:47:23.734+0000] {logging_mixin.py:188} INFO - [2026-04-06T12:47:23.731+0000] {dag.py:3096} INFO - Sync 1 DAGs
[2026-04-06T12:47:23.956+0000] {processor.py:183} INFO - Processing /opt/airflow/dags/isr_pipeline.py took 0.543 seconds
[2026-04-06T12:47:54.489+0000] {processor.py:161} INFO - Started process (PID=65119) to work on /opt/airflow/dags/isr_pipeline.py
[2026-04-06T12:47:54.496+0000] {processor.py:830} INFO - Processing file /opt/airflow/dags/isr_pipeline.py for tasks to queue
[2026-04-06T12:47:54.503+0000] {logging_mixin.py:188} INFO - [2026-04-06T12:47:54.501+0000] {dagbag.py:540} INFO - Filling up the DagBag from /opt/airflow/dags/isr_pipeline.py
[2026-04-06T12:47:54.595+0000] {processor.py:840} INFO - DAG(s) 'isr_pipeline' retrieved from /opt/airflow/dags/isr_pipeline.py
[2026-04-06T12:47:54.781+0000] {logging_mixin.py:188} INFO - [2026-04-06T12:47:54.780+0000] {dag.py:3096} INFO - Sync 1 DAGs
[2026-04-06T12:47:54.985+0000] {processor.py:183} INFO - Processing /opt/airflow/dags/isr_pipeline.py took 0.534 seconds
[2026-04-06T12:48:25.441+0000] {processor.py:161} INFO - Started process (PID=65124) to work on /opt/airflow/dags/isr_pipeline.py
[2026-04-06T12:48:25.447+0000] {processor.py:830} INFO - Processing file /opt/airflow/dags/isr_pipeline.py for tasks to queue
[2026-04-06T12:48:25.454+0000] {logging_mixin.py:188} INFO - [2026-04-06T12:48:25.452+0000] {dagbag.py:540} INFO - Filling up the DagBag from /opt/airflow/dags/isr_pipeline.py
[2026-04-06T12:48:25.560+0000] {processor.py:840} INFO - DAG(s) 'isr_pipeline' retrieved from /opt/airflow/dags/isr_pipeline.py
[2026-04-06T12:48:25.750+0000] {logging_mixin.py:188} INFO - [2026-04-06T12:48:25.749+0000] {dag.py:3096} INFO - Sync 1 DAGs
[2026-04-06T12:48:25.971+0000] {processor.py:183} INFO - Processing /opt/airflow/dags/isr_pipeline.py took 0.569 seconds
[2026-04-06T12:48:56.593+0000] {processor.py:161} INFO - Started process (PID=65129) to work on /opt/airflow/dags/isr_pipeline.py
[2026-04-06T12:48:56.601+0000] {processor.py:830} INFO - Processing file /opt/airflow/dags/isr_pipeline.py for tasks to queue
[2026-04-06T12:48:56.609+0000] {logging_mixin.py:188} INFO - [2026-04-06T12:48:56.606+0000] {dagbag.py:540} INFO - Filling up the DagBag from /opt/airflow/dags/isr_pipeline.py
[2026-04-06T12:48:56.719+0000] {processor.py:840} INFO - DAG(s) 'isr_pipeline' retrieved from /opt/airflow/dags/isr_pipeline.py
[2026-04-06T12:48:56.963+0000] {logging_mixin.py:188} INFO - [2026-04-06T12:48:56.961+0000] {dag.py:3096} INFO - Sync 1 DAGs
[2026-04-06T12:48:57.195+0000] {processor.py:183} INFO - Processing /opt/airflow/dags/isr_pipeline.py took 0.672 seconds
[2026-04-06T12:49:27.702+0000] {processor.py:161} INFO - Started process (PID=65134) to work on /opt/airflow/dags/isr_pipeline.py
[2026-04-06T12:49:27.712+0000] {processor.py:830} INFO - Processing file /opt/airflow/dags/isr_pipeline.py for tasks to queue
[2026-04-06T12:49:27.719+0000] {logging_mixin.py:188} INFO - [2026-04-06T12:49:27.717+0000] {dagbag.py:540} INFO - Filling up the DagBag from /opt/airflow/dags/isr_pipeline.py
[2026-04-06T12:49:27.814+0000] {processor.py:840} INFO - DAG(s) 'isr_pipeline' retrieved from /opt/airflow/dags/isr_pipeline.py
[2026-04-06T12:49:28.010+0000] {logging_mixin.py:188} INFO - [2026-04-06T12:49:28.009+0000] {dag.py:3096} INFO - Sync 1 DAGs
[2026-04-06T12:49:28.219+0000] {processor.py:183} INFO - Processing /opt/airflow/dags/isr_pipeline.py took 0.556 seconds
[2026-04-06T12:49:58.558+0000] {processor.py:161} INFO - Started process (PID=65139) to work on /opt/airflow/dags/isr_pipeline.py
[2026-04-06T12:49:58.566+0000] {processor.py:830} INFO - Processing file /opt/airflow/dags/isr_pipeline.py for tasks to queue
[2026-04-06T12:49:58.573+0000] {logging_mixin.py:188} INFO - [2026-04-06T12:49:58.572+0000] {dagbag.py:540} INFO - Filling up the DagBag from /opt/airflow/dags/isr_pipeline.py
[2026-04-06T12:49:58.679+0000] {processor.py:840} INFO - DAG(s) 'isr_pipeline' retrieved from /opt/airflow/dags/isr_pipeline.py
[2026-04-06T12:49:58.877+0000] {logging_mixin.py:188} INFO - [2026-04-06T12:49:58.875+0000] {dag.py:3096} INFO - Sync 1 DAGs
[2026-04-06T12:49:59.085+0000] {processor.py:183} INFO - Processing /opt/airflow/dags/isr_pipeline.py took 0.565 seconds
[2026-04-06T12:50:29.558+0000] {processor.py:161} INFO - Started process (PID=65144) to work on /opt/airflow/dags/isr_pipeline.py
[2026-04-06T12:50:29.565+0000] {processor.py:830} INFO - Processing file /opt/airflow/dags/isr_pipeline.py for tasks to queue
[2026-04-06T12:50:29.572+0000] {logging_mixin.py:188} INFO - [2026-04-06T12:50:29.570+0000] {dagbag.py:540} INFO - Filling up the DagBag from /opt/airflow/dags/isr_pipeline.py
[2026-04-06T12:50:29.666+0000] {processor.py:840} INFO - DAG(s) 'isr_pipeline' retrieved from /opt/airflow/dags/isr_pipeline.py
[2026-04-06T12:50:29.857+0000] {logging_mixin.py:188} INFO - [2026-04-06T12:50:29.856+0000] {dag.py:3096} INFO - Sync 1 DAGs
[2026-04-06T12:50:30.071+0000] {processor.py:183} INFO - Processing /opt/airflow/dags/isr_pipeline.py took 0.552 seconds
[2026-04-06T12:51:00.417+0000] {processor.py:161} INFO - Started process (PID=65149) to work on /opt/airflow/dags/isr_pipeline.py
[2026-04-06T12:51:00.424+0000] {processor.py:830} INFO - Processing file /opt/airflow/dags/isr_pipeline.py for tasks to queue
[2026-04-06T12:51:00.431+0000] {logging_mixin.py:188} INFO - [2026-04-06T12:51:00.429+0000] {dagbag.py:540} INFO - Filling up the DagBag from /opt/airflow/dags/isr_pipeline.py
[2026-04-06T12:51:00.528+0000] {processor.py:840} INFO - DAG(s) 'isr_pipeline' retrieved from /opt/airflow/dags/isr_pipeline.py
[2026-04-06T12:51:00.716+0000] {logging_mixin.py:188} INFO - [2026-04-06T12:51:00.715+0000] {dag.py:3096} INFO - Sync 1 DAGs
[2026-04-06T12:51:00.944+0000] {processor.py:183} INFO - Processing /opt/airflow/dags/isr_pipeline.py took 0.567 seconds
[2026-04-06T12:51:31.467+0000] {processor.py:161} INFO - Started process (PID=65154) to work on /opt/airflow/dags/isr_pipeline.py
[2026-04-06T12:51:31.474+0000] {processor.py:830} INFO - Processing file /opt/airflow/dags/isr_pipeline.py for tasks to queue
[2026-04-06T12:51:31.482+0000] {logging_mixin.py:188} INFO - [2026-04-06T12:51:31.480+0000] {dagbag.py:540} INFO - Filling up the DagBag from /opt/airflow/dags/isr_pipeline.py
[2026-04-06T12:51:31.582+0000] {processor.py:840} INFO - DAG(s) 'isr_pipeline' retrieved from /opt/airflow/dags/isr_pipeline.py
[2026-04-06T12:51:31.771+0000] {logging_mixin.py:188} INFO - [2026-04-06T12:51:31.770+0000] {dag.py:3096} INFO - Sync 1 DAGs
[2026-04-06T12:51:31.983+0000] {processor.py:183} INFO - Processing /opt/airflow/dags/isr_pipeline.py took 0.556 seconds
[2026-04-06T12:52:02.289+0000] {processor.py:161} INFO - Started process (PID=65159) to work on /opt/airflow/dags/isr_pipeline.py
[2026-04-06T12:52:02.296+0000] {processor.py:830} INFO - Processing file /opt/airflow/dags/isr_pipeline.py for tasks to queue
[2026-04-06T12:52:02.305+0000] {logging_mixin.py:188} INFO - [2026-04-06T12:52:02.303+0000] {dagbag.py:540} INFO - Filling up the DagBag from /opt/airflow/dags/isr_pipeline.py
[2026-04-06T12:52:02.395+0000] {processor.py:840} INFO - DAG(s) 'isr_pipeline' retrieved from /opt/airflow/dags/isr_pipeline.py
[2026-04-06T12:52:02.576+0000] {logging_mixin.py:188} INFO - [2026-04-06T12:52:02.574+0000] {dag.py:3096} INFO - Sync 1 DAGs
[2026-04-06T12:52:02.795+0000] {processor.py:183} INFO - Processing /opt/airflow/dags/isr_pipeline.py took 0.545 seconds
[2026-04-06T12:52:33.357+0000] {processor.py:161} INFO - Started process (PID=65164) to work on /opt/airflow/dags/isr_pipeline.py
[2026-04-06T12:52:33.364+0000] {processor.py:830} INFO - Processing file /opt/airflow/dags/isr_pipeline.py for tasks to queue
[2026-04-06T12:52:33.371+0000] {logging_mixin.py:188} INFO - [2026-04-06T12:52:33.370+0000] {dagbag.py:540} INFO - Filling up the DagBag from /opt/airflow/dags/isr_pipeline.py
[2026-04-06T12:52:33.484+0000] {processor.py:840} INFO - DAG(s) 'isr_pipeline' retrieved from /opt/airflow/dags/isr_pipeline.py
[2026-04-06T12:52:33.695+0000] {logging_mixin.py:188} INFO - [2026-04-06T12:52:33.694+0000] {dag.py:3096} INFO - Sync 1 DAGs
[2026-04-06T12:52:33.942+0000] {processor.py:183} INFO - Processing /opt/airflow/dags/isr_pipeline.py took 0.625 seconds
[2026-04-06T12:53:04.456+0000] {processor.py:161} INFO - Started process (PID=65169) to work on /opt/airflow/dags/isr_pipeline.py
[2026-04-06T12:53:04.463+0000] {processor.py:830} INFO - Processing file /opt/airflow/dags/isr_pipeline.py for tasks to queue
[2026-04-06T12:53:04.469+0000] {logging_mixin.py:188} INFO - [2026-04-06T12:53:04.468+0000] {dagbag.py:540} INFO - Filling up the DagBag from /opt/airflow/dags/isr_pipeline.py
[2026-04-06T12:53:04.560+0000] {processor.py:840} INFO - DAG(s) 'isr_pipeline' retrieved from /opt/airflow/dags/isr_pipeline.py
[2026-04-06T12:53:04.774+0000] {logging_mixin.py:188} INFO - [2026-04-06T12:53:04.772+0000] {dag.py:3096} INFO - Sync 1 DAGs
[2026-04-06T12:53:04.992+0000] {processor.py:183} INFO - Processing /opt/airflow/dags/isr_pipeline.py took 0.573 seconds
[2026-04-06T12:53:35.464+0000] {processor.py:161} INFO - Started process (PID=65174) to work on /opt/airflow/dags/isr_pipeline.py
[2026-04-06T12:53:35.471+0000] {processor.py:830} INFO - Processing file /opt/airflow/dags/isr_pipeline.py for tasks to queue
[2026-04-06T12:53:35.478+0000] {logging_mixin.py:188} INFO - [2026-04-06T12:53:35.476+0000] {dagbag.py:540} INFO - Filling up the DagBag from /opt/airflow/dags/isr_pipeline.py
[2026-04-06T12:53:35.569+0000] {processor.py:840} INFO - DAG(s) 'isr_pipeline' retrieved from /opt/airflow/dags/isr_pipeline.py
[2026-04-06T12:53:35.759+0000] {logging_mixin.py:188} INFO - [2026-04-06T12:53:35.758+0000] {dag.py:3096} INFO - Sync 1 DAGs
[2026-04-06T12:53:35.971+0000] {processor.py:183} INFO - Processing /opt/airflow/dags/isr_pipeline.py took 0.541 seconds
[2026-04-06T12:54:06.698+0000] {processor.py:161} INFO - Started process (PID=65179) to work on /opt/airflow/dags/isr_pipeline.py
[2026-04-06T12:54:06.705+0000] {processor.py:830} INFO - Processing file /opt/airflow/dags/isr_pipeline.py for tasks to queue
[2026-04-06T12:54:06.719+0000] {logging_mixin.py:188} INFO - [2026-04-06T12:54:06.715+0000] {dagbag.py:540} INFO - Filling up the DagBag from /opt/airflow/dags/isr_pipeline.py
[2026-04-06T12:54:06.816+0000] {processor.py:840} INFO - DAG(s) 'isr_pipeline' retrieved from /opt/airflow/dags/isr_pipeline.py
[2026-04-06T12:54:07.003+0000] {logging_mixin.py:188} INFO - [2026-04-06T12:54:07.002+0000] {dag.py:3096} INFO - Sync 1 DAGs
[2026-04-06T12:54:07.201+0000] {processor.py:183} INFO - Processing /opt/airflow/dags/isr_pipeline.py took 0.543 seconds
[2026-04-06T12:54:37.751+0000] {processor.py:161} INFO - Started process (PID=65184) to work on /opt/airflow/dags/isr_pipeline.py
[2026-04-06T12:54:37.758+0000] {processor.py:830} INFO - Processing file /opt/airflow/dags/isr_pipeline.py for tasks to queue
[2026-04-06T12:54:37.766+0000] {logging_mixin.py:188} INFO - [2026-04-06T12:54:37.764+0000] {dagbag.py:540} INFO - Filling up the DagBag from /opt/airflow/dags/isr_pipeline.py
[2026-04-06T12:54:37.870+0000] {processor.py:840} INFO - DAG(s) 'isr_pipeline' retrieved from /opt/airflow/dags/isr_pipeline.py
[2026-04-06T12:54:38.065+0000] {logging_mixin.py:188} INFO - [2026-04-06T12:54:38.064+0000] {dag.py:3096} INFO - Sync 1 DAGs
[2026-04-06T12:54:38.270+0000] {processor.py:183} INFO - Processing /opt/airflow/dags/isr_pipeline.py took 0.558 seconds
[2026-04-06T12:55:08.507+0000] {processor.py:161} INFO - Started process (PID=65189) to work on /opt/airflow/dags/isr_pipeline.py
[2026-04-06T12:55:08.514+0000] {processor.py:830} INFO - Processing file /opt/airflow/dags/isr_pipeline.py for tasks to queue
[2026-04-06T12:55:08.521+0000] {logging_mixin.py:188} INFO - [2026-04-06T12:55:08.519+0000] {dagbag.py:540} INFO - Filling up the DagBag from /opt/airflow/dags/isr_pipeline.py
[2026-04-06T12:55:08.613+0000] {processor.py:840} INFO - DAG(s) 'isr_pipeline' retrieved from /opt/airflow/dags/isr_pipeline.py
[2026-04-06T12:55:08.798+0000] {logging_mixin.py:188} INFO - [2026-04-06T12:55:08.797+0000] {dag.py:3096} INFO - Sync 1 DAGs
[2026-04-06T12:55:08.998+0000] {processor.py:183} INFO - Processing /opt/airflow/dags/isr_pipeline.py took 0.542 seconds
[2026-04-06T13:24:35.371+0000] {processor.py:161} INFO - Started process (PID=65195) to work on /opt/airflow/dags/isr_pipeline.py
[2026-04-06T13:24:35.373+0000] {processor.py:830} INFO - Processing file /opt/airflow/dags/isr_pipeline.py for tasks to queue
[2026-04-06T13:24:35.376+0000] {logging_mixin.py:188} INFO - [2026-04-06T13:24:35.375+0000] {dagbag.py:540} INFO - Filling up the DagBag from /opt/airflow/dags/isr_pipeline.py
[2026-04-06T13:24:35.402+0000] {processor.py:840} INFO - DAG(s) 'isr_pipeline' retrieved from /opt/airflow/dags/isr_pipeline.py
[2026-04-06T13:24:35.454+0000] {logging_mixin.py:188} INFO - [2026-04-06T13:24:35.454+0000] {dag.py:3096} INFO - Sync 1 DAGs
[2026-04-06T13:24:35.598+0000] {processor.py:183} INFO - Processing /opt/airflow/dags/isr_pipeline.py took 0.239 seconds
[2026-04-06T13:25:05.974+0000] {processor.py:161} INFO - Started process (PID=65200) to work on /opt/airflow/dags/isr_pipeline.py
[2026-04-06T13:25:05.982+0000] {processor.py:830} INFO - Processing file /opt/airflow/dags/isr_pipeline.py for tasks to queue
[2026-04-06T13:25:05.989+0000] {logging_mixin.py:188} INFO - [2026-04-06T13:25:05.987+0000] {dagbag.py:540} INFO - Filling up the DagBag from /opt/airflow/dags/isr_pipeline.py
[2026-04-06T13:25:06.087+0000] {processor.py:840} INFO - DAG(s) 'isr_pipeline' retrieved from /opt/airflow/dags/isr_pipeline.py
[2026-04-06T13:25:06.280+0000] {logging_mixin.py:188} INFO - [2026-04-06T13:25:06.279+0000] {dag.py:3096} INFO - Sync 1 DAGs
[2026-04-06T13:25:06.503+0000] {processor.py:183} INFO - Processing /opt/airflow/dags/isr_pipeline.py took 0.569 seconds
[2026-04-06T13:42:40.563+0000] {processor.py:161} INFO - Started process (PID=65205) to work on /opt/airflow/dags/isr_pipeline.py
[2026-04-06T13:42:40.565+0000] {processor.py:830} INFO - Processing file /opt/airflow/dags/isr_pipeline.py for tasks to queue
[2026-04-06T13:42:40.567+0000] {logging_mixin.py:188} INFO - [2026-04-06T13:42:40.566+0000] {dagbag.py:540} INFO - Filling up the DagBag from /opt/airflow/dags/isr_pipeline.py
[2026-04-06T13:42:40.597+0000] {processor.py:840} INFO - DAG(s) 'isr_pipeline' retrieved from /opt/airflow/dags/isr_pipeline.py
[2026-04-06T13:42:40.689+0000] {logging_mixin.py:188} INFO - [2026-04-06T13:42:40.689+0000] {dag.py:3096} INFO - Sync 1 DAGs
[2026-04-06T13:42:40.769+0000] {processor.py:183} INFO - Processing /opt/airflow/dags/isr_pipeline.py took 0.219 seconds
[2026-04-06T13:43:11.144+0000] {processor.py:161} INFO - Started process (PID=65210) to work on /opt/airflow/dags/isr_pipeline.py
[2026-04-06T13:43:11.151+0000] {processor.py:830} INFO - Processing file /opt/airflow/dags/isr_pipeline.py for tasks to queue
[2026-04-06T13:43:11.158+0000] {logging_mixin.py:188} INFO - [2026-04-06T13:43:11.156+0000] {dagbag.py:540} INFO - Filling up the DagBag from /opt/airflow/dags/isr_pipeline.py
[2026-04-06T13:43:11.255+0000] {processor.py:840} INFO - DAG(s) 'isr_pipeline' retrieved from /opt/airflow/dags/isr_pipeline.py
[2026-04-06T13:43:11.440+0000] {logging_mixin.py:188} INFO - [2026-04-06T13:43:11.439+0000] {dag.py:3096} INFO - Sync 1 DAGs
[2026-04-06T13:43:11.655+0000] {processor.py:183} INFO - Processing /opt/airflow/dags/isr_pipeline.py took 0.549 seconds
[2026-04-06T13:43:42.046+0000] {processor.py:161} INFO - Started process (PID=65215) to work on /opt/airflow/dags/isr_pipeline.py
[2026-04-06T13:43:42.053+0000] {processor.py:830} INFO - Processing file /opt/airflow/dags/isr_pipeline.py for tasks to queue
[2026-04-06T13:43:42.059+0000] {logging_mixin.py:188} INFO - [2026-04-06T13:43:42.057+0000] {dagbag.py:540} INFO - Filling up the DagBag from /opt/airflow/dags/isr_pipeline.py
[2026-04-06T13:43:42.151+0000] {processor.py:840} INFO - DAG(s) 'isr_pipeline' retrieved from /opt/airflow/dags/isr_pipeline.py
[2026-04-06T13:43:42.334+0000] {logging_mixin.py:188} INFO - [2026-04-06T13:43:42.333+0000] {dag.py:3096} INFO - Sync 1 DAGs
[2026-04-06T13:43:42.534+0000] {processor.py:183} INFO - Processing /opt/airflow/dags/isr_pipeline.py took 0.525 seconds
[2026-04-06T13:44:13.003+0000] {processor.py:161} INFO - Started process (PID=65220) to work on /opt/airflow/dags/isr_pipeline.py
[2026-04-06T13:44:13.010+0000] {processor.py:830} INFO - Processing file /opt/airflow/dags/isr_pipeline.py for tasks to queue
[2026-04-06T13:44:13.017+0000] {logging_mixin.py:188} INFO - [2026-04-06T13:44:13.015+0000] {dagbag.py:540} INFO - Filling up the DagBag from /opt/airflow/dags/isr_pipeline.py
[2026-04-06T13:44:13.111+0000] {processor.py:840} INFO - DAG(s) 'isr_pipeline' retrieved from /opt/airflow/dags/isr_pipeline.py
[2026-04-06T13:44:13.294+0000] {logging_mixin.py:188} INFO - [2026-04-06T13:44:13.293+0000] {dag.py:3096} INFO - Sync 1 DAGs
[2026-04-06T13:44:13.502+0000] {processor.py:183} INFO - Processing /opt/airflow/dags/isr_pipeline.py took 0.536 seconds
[2026-04-06T13:44:43.875+0000] {processor.py:161} INFO - Started process (PID=65225) to work on /opt/airflow/dags/isr_pipeline.py
[2026-04-06T13:44:43.887+0000] {processor.py:830} INFO - Processing file /opt/airflow/dags/isr_pipeline.py for tasks to queue
[2026-04-06T13:44:43.896+0000] {logging_mixin.py:188} INFO - [2026-04-06T13:44:43.894+0000] {dagbag.py:540} INFO - Filling up the DagBag from /opt/airflow/dags/isr_pipeline.py
[2026-04-06T13:44:43.987+0000] {processor.py:840} INFO - DAG(s) 'isr_pipeline' retrieved from /opt/airflow/dags/isr_pipeline.py
[2026-04-06T13:44:44.164+0000] {logging_mixin.py:188} INFO - [2026-04-06T13:44:44.163+0000] {dag.py:3096} INFO - Sync 1 DAGs
[2026-04-06T13:44:44.377+0000] {processor.py:183} INFO - Processing /opt/airflow/dags/isr_pipeline.py took 0.541 seconds
[2026-04-06T13:45:14.918+0000] {processor.py:161} INFO - Started process (PID=65230) to work on /opt/airflow/dags/isr_pipeline.py
[2026-04-06T13:45:14.925+0000] {processor.py:830} INFO - Processing file /opt/airflow/dags/isr_pipeline.py for tasks to queue
[2026-04-06T13:45:14.933+0000] {logging_mixin.py:188} INFO - [2026-04-06T13:45:14.931+0000] {dagbag.py:540} INFO - Filling up the DagBag from /opt/airflow/dags/isr_pipeline.py
[2026-04-06T13:45:15.026+0000] {processor.py:840} INFO - DAG(s) 'isr_pipeline' retrieved from /opt/airflow/dags/isr_pipeline.py
[2026-04-06T13:45:15.203+0000] {logging_mixin.py:188} INFO - [2026-04-06T13:45:15.202+0000] {dag.py:3096} INFO - Sync 1 DAGs
[2026-04-06T13:45:15.410+0000] {processor.py:183} INFO - Processing /opt/airflow/dags/isr_pipeline.py took 0.530 seconds
[2026-04-06T13:45:45.676+0000] {processor.py:161} INFO - Started process (PID=65235) to work on /opt/airflow/dags/isr_pipeline.py
[2026-04-06T13:45:45.683+0000] {processor.py:830} INFO - Processing file /opt/airflow/dags/isr_pipeline.py for tasks to queue
[2026-04-06T13:45:45.691+0000] {logging_mixin.py:188} INFO - [2026-04-06T13:45:45.689+0000] {dagbag.py:540} INFO - Filling up the DagBag from /opt/airflow/dags/isr_pipeline.py
[2026-04-06T13:45:45.789+0000] {processor.py:840} INFO - DAG(s) 'isr_pipeline' retrieved from /opt/airflow/dags/isr_pipeline.py
[2026-04-06T13:45:45.967+0000] {logging_mixin.py:188} INFO - [2026-04-06T13:45:45.966+0000] {dag.py:3096} INFO - Sync 1 DAGs
[2026-04-06T13:45:46.161+0000] {processor.py:183} INFO - Processing /opt/airflow/dags/isr_pipeline.py took 0.523 seconds
[2026-04-06T13:46:16.685+0000] {processor.py:161} INFO - Started process (PID=65240) to work on /opt/airflow/dags/isr_pipeline.py
[2026-04-06T13:46:16.695+0000] {processor.py:830} INFO - Processing file /opt/airflow/dags/isr_pipeline.py for tasks to queue
[2026-04-06T13:46:16.703+0000] {logging_mixin.py:188} INFO - [2026-04-06T13:46:16.701+0000] {dagbag.py:540} INFO - Filling up the DagBag from /opt/airflow/dags/isr_pipeline.py
[2026-04-06T13:46:16.811+0000] {processor.py:840} INFO - DAG(s) 'isr_pipeline' retrieved from /opt/airflow/dags/isr_pipeline.py
[2026-04-06T13:46:16.996+0000] {logging_mixin.py:188} INFO - [2026-04-06T13:46:16.995+0000] {dag.py:3096} INFO - Sync 1 DAGs
[2026-04-06T13:46:17.195+0000] {processor.py:183} INFO - Processing /opt/airflow/dags/isr_pipeline.py took 0.547 seconds
[2026-04-06T13:46:47.608+0000] {processor.py:161} INFO - Started process (PID=65245) to work on /opt/airflow/dags/isr_pipeline.py
[2026-04-06T13:46:47.616+0000] {processor.py:830} INFO - Processing file /opt/airflow/dags/isr_pipeline.py for tasks to queue
[2026-04-06T13:46:47.623+0000] {logging_mixin.py:188} INFO - [2026-04-06T13:46:47.621+0000] {dagbag.py:540} INFO - Filling up the DagBag from /opt/airflow/dags/isr_pipeline.py
[2026-04-06T13:46:47.717+0000] {processor.py:840} INFO - DAG(s) 'isr_pipeline' retrieved from /opt/airflow/dags/isr_pipeline.py
[2026-04-06T13:46:47.897+0000] {logging_mixin.py:188} INFO - [2026-04-06T13:46:47.896+0000] {dag.py:3096} INFO - Sync 1 DAGs
[2026-04-06T13:46:48.090+0000] {processor.py:183} INFO - Processing /opt/airflow/dags/isr_pipeline.py took 0.518 seconds
[2026-04-06T13:47:18.557+0000] {processor.py:161} INFO - Started process (PID=65250) to work on /opt/airflow/dags/isr_pipeline.py
[2026-04-06T13:47:18.564+0000] {processor.py:830} INFO - Processing file /opt/airflow/dags/isr_pipeline.py for tasks to queue
[2026-04-06T13:47:18.570+0000] {logging_mixin.py:188} INFO - [2026-04-06T13:47:18.569+0000] {dagbag.py:540} INFO - Filling up the DagBag from /opt/airflow/dags/isr_pipeline.py
[2026-04-06T13:47:18.662+0000] {processor.py:840} INFO - DAG(s) 'isr_pipeline' retrieved from /opt/airflow/dags/isr_pipeline.py
[2026-04-06T13:47:18.845+0000] {logging_mixin.py:188} INFO - [2026-04-06T13:47:18.843+0000] {dag.py:3096} INFO - Sync 1 DAGs
[2026-04-06T13:47:19.040+0000] {processor.py:183} INFO - Processing /opt/airflow/dags/isr_pipeline.py took 0.523 seconds
[2026-04-06T13:47:49.339+0000] {processor.py:161} INFO - Started process (PID=65255) to work on /opt/airflow/dags/isr_pipeline.py
[2026-04-06T13:47:49.346+0000] {processor.py:830} INFO - Processing file /opt/airflow/dags/isr_pipeline.py for tasks to queue
[2026-04-06T13:47:49.353+0000] {logging_mixin.py:188} INFO - [2026-04-06T13:47:49.351+0000] {dagbag.py:540} INFO - Filling up the DagBag from /opt/airflow/dags/isr_pipeline.py
[2026-04-06T13:47:49.448+0000] {processor.py:840} INFO - DAG(s) 'isr_pipeline' retrieved from /opt/airflow/dags/isr_pipeline.py
[2026-04-06T13:47:49.632+0000] {logging_mixin.py:188} INFO - [2026-04-06T13:47:49.631+0000] {dag.py:3096} INFO - Sync 1 DAGs
[2026-04-06T13:47:49.838+0000] {processor.py:183} INFO - Processing /opt/airflow/dags/isr_pipeline.py took 0.539 seconds
[2026-04-06T13:48:20.321+0000] {processor.py:161} INFO - Started process (PID=65260) to work on /opt/airflow/dags/isr_pipeline.py
[2026-04-06T13:48:20.328+0000] {processor.py:830} INFO - Processing file /opt/airflow/dags/isr_pipeline.py for tasks to queue
[2026-04-06T13:48:20.335+0000] {logging_mixin.py:188} INFO - [2026-04-06T13:48:20.333+0000] {dagbag.py:540} INFO - Filling up the DagBag from /opt/airflow/dags/isr_pipeline.py
[2026-04-06T13:48:20.430+0000] {processor.py:840} INFO - DAG(s) 'isr_pipeline' retrieved from /opt/airflow/dags/isr_pipeline.py
[2026-04-06T13:48:20.635+0000] {logging_mixin.py:188} INFO - [2026-04-06T13:48:20.633+0000] {dag.py:3096} INFO - Sync 1 DAGs
[2026-04-06T13:48:20.844+0000] {processor.py:183} INFO - Processing /opt/airflow/dags/isr_pipeline.py took 0.562 seconds
[2026-04-06T13:48:51.306+0000] {processor.py:161} INFO - Started process (PID=65265) to work on /opt/airflow/dags/isr_pipeline.py
[2026-04-06T13:48:51.315+0000] {processor.py:830} INFO - Processing file /opt/airflow/dags/isr_pipeline.py for tasks to queue
[2026-04-06T13:48:51.324+0000] {logging_mixin.py:188} INFO - [2026-04-06T13:48:51.322+0000] {dagbag.py:540} INFO - Filling up the DagBag from /opt/airflow/dags/isr_pipeline.py
[2026-04-06T13:48:51.418+0000] {processor.py:840} INFO - DAG(s) 'isr_pipeline' retrieved from /opt/airflow/dags/isr_pipeline.py
[2026-04-06T13:48:51.598+0000] {logging_mixin.py:188} INFO - [2026-04-06T13:48:51.597+0000] {dag.py:3096} INFO - Sync 1 DAGs
[2026-04-06T13:48:51.796+0000] {processor.py:183} INFO - Processing /opt/airflow/dags/isr_pipeline.py took 0.528 seconds
[2026-04-06T13:49:22.345+0000] {processor.py:161} INFO - Started process (PID=65270) to work on /opt/airflow/dags/isr_pipeline.py
[2026-04-06T13:49:22.353+0000] {processor.py:830} INFO - Processing file /opt/airflow/dags/isr_pipeline.py for tasks to queue
[2026-04-06T13:49:22.360+0000] {logging_mixin.py:188} INFO - [2026-04-06T13:49:22.358+0000] {dagbag.py:540} INFO - Filling up the DagBag from /opt/airflow/dags/isr_pipeline.py
[2026-04-06T13:49:22.455+0000] {processor.py:840} INFO - DAG(s) 'isr_pipeline' retrieved from /opt/airflow/dags/isr_pipeline.py
[2026-04-06T13:49:22.637+0000] {logging_mixin.py:188} INFO - [2026-04-06T13:49:22.635+0000] {dag.py:3096} INFO - Sync 1 DAGs
[2026-04-06T13:49:22.834+0000] {processor.py:183} INFO - Processing /opt/airflow/dags/isr_pipeline.py took 0.529 seconds
[2026-04-06T13:49:53.308+0000] {processor.py:161} INFO - Started process (PID=65275) to work on /opt/airflow/dags/isr_pipeline.py
[2026-04-06T13:49:53.316+0000] {processor.py:830} INFO - Processing file /opt/airflow/dags/isr_pipeline.py for tasks to queue
[2026-04-06T13:49:53.331+0000] {logging_mixin.py:188} INFO - [2026-04-06T13:49:53.323+0000] {dagbag.py:540} INFO - Filling up the DagBag from /opt/airflow/dags/isr_pipeline.py
[2026-04-06T13:49:53.445+0000] {processor.py:840} INFO - DAG(s) 'isr_pipeline' retrieved from /opt/airflow/dags/isr_pipeline.py
[2026-04-06T13:49:53.639+0000] {logging_mixin.py:188} INFO - [2026-04-06T13:49:53.638+0000] {dag.py:3096} INFO - Sync 1 DAGs
[2026-04-06T13:49:53.865+0000] {processor.py:183} INFO - Processing /opt/airflow/dags/isr_pipeline.py took 0.598 seconds
[2026-04-06T13:50:24.349+0000] {processor.py:161} INFO - Started process (PID=65280) to work on /opt/airflow/dags/isr_pipeline.py
[2026-04-06T13:50:24.360+0000] {processor.py:830} INFO - Processing file /opt/airflow/dags/isr_pipeline.py for tasks to queue
[2026-04-06T13:50:24.376+0000] {logging_mixin.py:188} INFO - [2026-04-06T13:50:24.371+0000] {dagbag.py:540} INFO - Filling up the DagBag from /opt/airflow/dags/isr_pipeline.py
[2026-04-06T13:50:24.477+0000] {processor.py:840} INFO - DAG(s) 'isr_pipeline' retrieved from /opt/airflow/dags/isr_pipeline.py
[2026-04-06T13:50:24.655+0000] {logging_mixin.py:188} INFO - [2026-04-06T13:50:24.654+0000] {dag.py:3096} INFO - Sync 1 DAGs
[2026-04-06T13:50:24.852+0000] {processor.py:183} INFO - Processing /opt/airflow/dags/isr_pipeline.py took 0.539 seconds
[2026-04-06T13:50:55.370+0000] {processor.py:161} INFO - Started process (PID=65285) to work on /opt/airflow/dags/isr_pipeline.py
[2026-04-06T13:50:55.378+0000] {processor.py:830} INFO - Processing file /opt/airflow/dags/isr_pipeline.py for tasks to queue
[2026-04-06T13:50:55.385+0000] {logging_mixin.py:188} INFO - [2026-04-06T13:50:55.383+0000] {dagbag.py:540} INFO - Filling up the DagBag from /opt/airflow/dags/isr_pipeline.py
[2026-04-06T13:50:55.479+0000] {processor.py:840} INFO - DAG(s) 'isr_pipeline' retrieved from /opt/airflow/dags/isr_pipeline.py
[2026-04-06T13:50:55.667+0000] {logging_mixin.py:188} INFO - [2026-04-06T13:50:55.666+0000] {dag.py:3096} INFO - Sync 1 DAGs
[2026-04-06T13:50:55.862+0000] {processor.py:183} INFO - Processing /opt/airflow/dags/isr_pipeline.py took 0.532 seconds
[2026-04-06T13:51:26.092+0000] {processor.py:161} INFO - Started process (PID=65290) to work on /opt/airflow/dags/isr_pipeline.py
[2026-04-06T13:51:26.099+0000] {processor.py:830} INFO - Processing file /opt/airflow/dags/isr_pipeline.py for tasks to queue
[2026-04-06T13:51:26.106+0000] {logging_mixin.py:188} INFO - [2026-04-06T13:51:26.104+0000] {dagbag.py:540} INFO - Filling up the DagBag from /opt/airflow/dags/isr_pipeline.py
[2026-04-06T13:51:26.197+0000] {processor.py:840} INFO - DAG(s) 'isr_pipeline' retrieved from /opt/airflow/dags/isr_pipeline.py
[2026-04-06T13:51:26.380+0000] {logging_mixin.py:188} INFO - [2026-04-06T13:51:26.378+0000] {dag.py:3096} INFO - Sync 1 DAGs
[2026-04-06T13:51:26.599+0000] {processor.py:183} INFO - Processing /opt/airflow/dags/isr_pipeline.py took 0.544 seconds
[2026-04-06T13:51:57.115+0000] {processor.py:161} INFO - Started process (PID=65295) to work on /opt/airflow/dags/isr_pipeline.py
[2026-04-06T13:51:57.124+0000] {processor.py:830} INFO - Processing file /opt/airflow/dags/isr_pipeline.py for tasks to queue
[2026-04-06T13:51:57.137+0000] {logging_mixin.py:188} INFO - [2026-04-06T13:51:57.135+0000] {dagbag.py:540} INFO - Filling up the DagBag from /opt/airflow/dags/isr_pipeline.py
[2026-04-06T13:51:57.229+0000] {processor.py:840} INFO - DAG(s) 'isr_pipeline' retrieved from /opt/airflow/dags/isr_pipeline.py
[2026-04-06T13:51:57.416+0000] {logging_mixin.py:188} INFO - [2026-04-06T13:51:57.415+0000] {dag.py:3096} INFO - Sync 1 DAGs
[2026-04-06T13:51:57.617+0000] {processor.py:183} INFO - Processing /opt/airflow/dags/isr_pipeline.py took 0.540 seconds
[2026-04-06T13:52:28.000+0000] {processor.py:161} INFO - Started process (PID=65300) to work on /opt/airflow/dags/isr_pipeline.py
[2026-04-06T13:52:28.007+0000] {processor.py:830} INFO - Processing file /opt/airflow/dags/isr_pipeline.py for tasks to queue
[2026-04-06T13:52:28.013+0000] {logging_mixin.py:188} INFO - [2026-04-06T13:52:28.012+0000] {dagbag.py:540} INFO - Filling up the DagBag from /opt/airflow/dags/isr_pipeline.py
[2026-04-06T13:52:28.103+0000] {processor.py:840} INFO - DAG(s) 'isr_pipeline' retrieved from /opt/airflow/dags/isr_pipeline.py
[2026-04-06T13:52:28.279+0000] {logging_mixin.py:188} INFO - [2026-04-06T13:52:28.278+0000] {dag.py:3096} INFO - Sync 1 DAGs
[2026-04-06T13:52:28.482+0000] {processor.py:183} INFO - Processing /opt/airflow/dags/isr_pipeline.py took 0.517 seconds
[2026-04-06T13:52:59.114+0000] {processor.py:161} INFO - Started process (PID=65305) to work on /opt/airflow/dags/isr_pipeline.py
[2026-04-06T13:52:59.121+0000] {processor.py:830} INFO - Processing file /opt/airflow/dags/isr_pipeline.py for tasks to queue
[2026-04-06T13:52:59.128+0000] {logging_mixin.py:188} INFO - [2026-04-06T13:52:59.126+0000] {dagbag.py:540} INFO - Filling up the DagBag from /opt/airflow/dags/isr_pipeline.py
[2026-04-06T13:52:59.222+0000] {processor.py:840} INFO - DAG(s) 'isr_pipeline' retrieved from /opt/airflow/dags/isr_pipeline.py
[2026-04-06T13:52:59.407+0000] {logging_mixin.py:188} INFO - [2026-04-06T13:52:59.406+0000] {dag.py:3096} INFO - Sync 1 DAGs
[2026-04-06T13:52:59.626+0000] {processor.py:183} INFO - Processing /opt/airflow/dags/isr_pipeline.py took 0.555 seconds
[2026-04-06T13:53:30.113+0000] {processor.py:161} INFO - Started process (PID=65310) to work on /opt/airflow/dags/isr_pipeline.py
[2026-04-06T13:53:30.120+0000] {processor.py:830} INFO - Processing file /opt/airflow/dags/isr_pipeline.py for tasks to queue
[2026-04-06T13:53:30.126+0000] {logging_mixin.py:188} INFO - [2026-04-06T13:53:30.125+0000] {dagbag.py:540} INFO - Filling up the DagBag from /opt/airflow/dags/isr_pipeline.py
[2026-04-06T13:53:30.217+0000] {processor.py:840} INFO - DAG(s) 'isr_pipeline' retrieved from /opt/airflow/dags/isr_pipeline.py
[2026-04-06T13:53:30.538+0000] {logging_mixin.py:188} INFO - [2026-04-06T13:53:30.537+0000] {dag.py:3096} INFO - Sync 1 DAGs
[2026-04-06T13:53:30.817+0000] {processor.py:183} INFO - Processing /opt/airflow/dags/isr_pipeline.py took 0.741 seconds
[2026-04-06T13:54:01.368+0000] {processor.py:161} INFO - Started process (PID=65315) to work on /opt/airflow/dags/isr_pipeline.py
[2026-04-06T13:54:01.379+0000] {processor.py:830} INFO - Processing file /opt/airflow/dags/isr_pipeline.py for tasks to queue
[2026-04-06T13:54:01.389+0000] {logging_mixin.py:188} INFO - [2026-04-06T13:54:01.387+0000] {dagbag.py:540} INFO - Filling up the DagBag from /opt/airflow/dags/isr_pipeline.py
[2026-04-06T13:54:01.485+0000] {processor.py:840} INFO - DAG(s) 'isr_pipeline' retrieved from /opt/airflow/dags/isr_pipeline.py
[2026-04-06T13:54:01.677+0000] {logging_mixin.py:188} INFO - [2026-04-06T13:54:01.676+0000] {dag.py:3096} INFO - Sync 1 DAGs
[2026-04-06T13:54:01.878+0000] {processor.py:183} INFO - Processing /opt/airflow/dags/isr_pipeline.py took 0.555 seconds
[2026-04-06T13:54:32.337+0000] {processor.py:161} INFO - Started process (PID=65320) to work on /opt/airflow/dags/isr_pipeline.py
[2026-04-06T13:54:32.345+0000] {processor.py:830} INFO - Processing file /opt/airflow/dags/isr_pipeline.py for tasks to queue
[2026-04-06T13:54:32.353+0000] {logging_mixin.py:188} INFO - [2026-04-06T13:54:32.351+0000] {dagbag.py:540} INFO - Filling up the DagBag from /opt/airflow/dags/isr_pipeline.py
[2026-04-06T13:54:32.449+0000] {processor.py:840} INFO - DAG(s) 'isr_pipeline' retrieved from /opt/airflow/dags/isr_pipeline.py
[2026-04-06T13:54:32.629+0000] {logging_mixin.py:188} INFO - [2026-04-06T13:54:32.628+0000] {dag.py:3096} INFO - Sync 1 DAGs
[2026-04-06T13:54:32.825+0000] {processor.py:183} INFO - Processing /opt/airflow/dags/isr_pipeline.py took 0.524 seconds
[2026-04-06T13:55:03.418+0000] {processor.py:161} INFO - Started process (PID=65325) to work on /opt/airflow/dags/isr_pipeline.py
[2026-04-06T13:55:03.425+0000] {processor.py:830} INFO - Processing file /opt/airflow/dags/isr_pipeline.py for tasks to queue
[2026-04-06T13:55:03.432+0000] {logging_mixin.py:188} INFO - [2026-04-06T13:55:03.430+0000] {dagbag.py:540} INFO - Filling up the DagBag from /opt/airflow/dags/isr_pipeline.py
[2026-04-06T13:55:03.527+0000] {processor.py:840} INFO - DAG(s) 'isr_pipeline' retrieved from /opt/airflow/dags/isr_pipeline.py
[2026-04-06T13:55:03.704+0000] {logging_mixin.py:188} INFO - [2026-04-06T13:55:03.703+0000] {dag.py:3096} INFO - Sync 1 DAGs
[2026-04-06T13:55:03.899+0000] {processor.py:183} INFO - Processing /opt/airflow/dags/isr_pipeline.py took 0.519 seconds
[2026-04-06T13:55:34.462+0000] {processor.py:161} INFO - Started process (PID=65330) to work on /opt/airflow/dags/isr_pipeline.py
[2026-04-06T13:55:34.472+0000] {processor.py:830} INFO - Processing file /opt/airflow/dags/isr_pipeline.py for tasks to queue
[2026-04-06T13:55:34.481+0000] {logging_mixin.py:188} INFO - [2026-04-06T13:55:34.479+0000] {dagbag.py:540} INFO - Filling up the DagBag from /opt/airflow/dags/isr_pipeline.py
[2026-04-06T13:55:34.585+0000] {processor.py:840} INFO - DAG(s) 'isr_pipeline' retrieved from /opt/airflow/dags/isr_pipeline.py
[2026-04-06T13:55:34.787+0000] {logging_mixin.py:188} INFO - [2026-04-06T13:55:34.786+0000] {dag.py:3096} INFO - Sync 1 DAGs
[2026-04-06T13:55:34.999+0000] {processor.py:183} INFO - Processing /opt/airflow/dags/isr_pipeline.py took 0.580 seconds
[2026-04-06T13:56:05.417+0000] {processor.py:161} INFO - Started process (PID=65335) to work on /opt/airflow/dags/isr_pipeline.py
[2026-04-06T13:56:05.425+0000] {processor.py:830} INFO - Processing file /opt/airflow/dags/isr_pipeline.py for tasks to queue
[2026-04-06T13:56:05.432+0000] {logging_mixin.py:188} INFO - [2026-04-06T13:56:05.431+0000] {dagbag.py:540} INFO - Filling up the DagBag from /opt/airflow/dags/isr_pipeline.py
[2026-04-06T13:56:05.532+0000] {processor.py:840} INFO - DAG(s) 'isr_pipeline' retrieved from /opt/airflow/dags/isr_pipeline.py
[2026-04-06T13:56:05.714+0000] {logging_mixin.py:188} INFO - [2026-04-06T13:56:05.713+0000] {dag.py:3096} INFO - Sync 1 DAGs
[2026-04-06T13:56:05.922+0000] {processor.py:183} INFO - Processing /opt/airflow/dags/isr_pipeline.py took 0.543 seconds
[2026-04-06T13:56:36.457+0000] {processor.py:161} INFO - Started process (PID=65340) to work on /opt/airflow/dags/isr_pipeline.py
[2026-04-06T13:56:36.464+0000] {processor.py:830} INFO - Processing file /opt/airflow/dags/isr_pipeline.py for tasks to queue
[2026-04-06T13:56:36.472+0000] {logging_mixin.py:188} INFO - [2026-04-06T13:56:36.470+0000] {dagbag.py:540} INFO - Filling up the DagBag from /opt/airflow/dags/isr_pipeline.py
[2026-04-06T13:56:36.573+0000] {processor.py:840} INFO - DAG(s) 'isr_pipeline' retrieved from /opt/airflow/dags/isr_pipeline.py
[2026-04-06T13:56:36.758+0000] {logging_mixin.py:188} INFO - [2026-04-06T13:56:36.757+0000] {dag.py:3096} INFO - Sync 1 DAGs
[2026-04-06T13:56:36.967+0000] {processor.py:183} INFO - Processing /opt/airflow/dags/isr_pipeline.py took 0.552 seconds
[2026-04-06T13:57:07.250+0000] {processor.py:161} INFO - Started process (PID=65345) to work on /opt/airflow/dags/isr_pipeline.py
[2026-04-06T13:57:07.258+0000] {processor.py:830} INFO - Processing file /opt/airflow/dags/isr_pipeline.py for tasks to queue
[2026-04-06T13:57:07.266+0000] {logging_mixin.py:188} INFO - [2026-04-06T13:57:07.264+0000] {dagbag.py:540} INFO - Filling up the DagBag from /opt/airflow/dags/isr_pipeline.py
[2026-04-06T13:57:07.361+0000] {processor.py:840} INFO - DAG(s) 'isr_pipeline' retrieved from /opt/airflow/dags/isr_pipeline.py
[2026-04-06T13:57:07.546+0000] {logging_mixin.py:188} INFO - [2026-04-06T13:57:07.545+0000] {dag.py:3096} INFO - Sync 1 DAGs
[2026-04-06T13:57:07.747+0000] {processor.py:183} INFO - Processing /opt/airflow/dags/isr_pipeline.py took 0.535 seconds
[2026-04-06T13:57:38.262+0000] {processor.py:161} INFO - Started process (PID=65350) to work on /opt/airflow/dags/isr_pipeline.py
[2026-04-06T13:57:38.270+0000] {processor.py:830} INFO - Processing file /opt/airflow/dags/isr_pipeline.py for tasks to queue
[2026-04-06T13:57:38.277+0000] {logging_mixin.py:188} INFO - [2026-04-06T13:57:38.275+0000] {dagbag.py:540} INFO - Filling up the DagBag from /opt/airflow/dags/isr_pipeline.py
[2026-04-06T13:57:38.370+0000] {processor.py:840} INFO - DAG(s) 'isr_pipeline' retrieved from /opt/airflow/dags/isr_pipeline.py
[2026-04-06T13:57:38.567+0000] {logging_mixin.py:188} INFO - [2026-04-06T13:57:38.566+0000] {dag.py:3096} INFO - Sync 1 DAGs
[2026-04-06T13:57:38.794+0000] {processor.py:183} INFO - Processing /opt/airflow/dags/isr_pipeline.py took 0.571 seconds
[2026-04-06T13:58:09.096+0000] {processor.py:161} INFO - Started process (PID=65355) to work on /opt/airflow/dags/isr_pipeline.py
[2026-04-06T13:58:09.103+0000] {processor.py:830} INFO - Processing file /opt/airflow/dags/isr_pipeline.py for tasks to queue
[2026-04-06T13:58:09.110+0000] {logging_mixin.py:188} INFO - [2026-04-06T13:58:09.108+0000] {dagbag.py:540} INFO - Filling up the DagBag from /opt/airflow/dags/isr_pipeline.py
[2026-04-06T13:58:09.199+0000] {processor.py:840} INFO - DAG(s) 'isr_pipeline' retrieved from /opt/airflow/dags/isr_pipeline.py
[2026-04-06T13:58:09.382+0000] {logging_mixin.py:188} INFO - [2026-04-06T13:58:09.379+0000] {dag.py:3096} INFO - Sync 1 DAGs
[2026-04-06T13:58:09.604+0000] {processor.py:183} INFO - Processing /opt/airflow/dags/isr_pipeline.py took 0.546 seconds
[2026-04-06T13:58:40.019+0000] {processor.py:161} INFO - Started process (PID=65360) to work on /opt/airflow/dags/isr_pipeline.py
[2026-04-06T13:58:40.026+0000] {processor.py:830} INFO - Processing file /opt/airflow/dags/isr_pipeline.py for tasks to queue
[2026-04-06T13:58:40.033+0000] {logging_mixin.py:188} INFO - [2026-04-06T13:58:40.031+0000] {dagbag.py:540} INFO - Filling up the DagBag from /opt/airflow/dags/isr_pipeline.py
[2026-04-06T13:58:40.123+0000] {processor.py:840} INFO - DAG(s) 'isr_pipeline' retrieved from /opt/airflow/dags/isr_pipeline.py
[2026-04-06T13:58:40.313+0000] {logging_mixin.py:188} INFO - [2026-04-06T13:58:40.312+0000] {dag.py:3096} INFO - Sync 1 DAGs
[2026-04-06T13:58:40.526+0000] {processor.py:183} INFO - Processing /opt/airflow/dags/isr_pipeline.py took 0.545 seconds
[2026-04-06T13:59:11.030+0000] {processor.py:161} INFO - Started process (PID=65365) to work on /opt/airflow/dags/isr_pipeline.py
[2026-04-06T13:59:11.037+0000] {processor.py:830} INFO - Processing file /opt/airflow/dags/isr_pipeline.py for tasks to queue
[2026-04-06T13:59:11.044+0000] {logging_mixin.py:188} INFO - [2026-04-06T13:59:11.043+0000] {dagbag.py:540} INFO - Filling up the DagBag from /opt/airflow/dags/isr_pipeline.py
[2026-04-06T13:59:11.135+0000] {processor.py:840} INFO - DAG(s) 'isr_pipeline' retrieved from /opt/airflow/dags/isr_pipeline.py
[2026-04-06T13:59:11.338+0000] {logging_mixin.py:188} INFO - [2026-04-06T13:59:11.337+0000] {dag.py:3096} INFO - Sync 1 DAGs
[2026-04-06T13:59:11.558+0000] {processor.py:183} INFO - Processing /opt/airflow/dags/isr_pipeline.py took 0.563 seconds
[2026-04-06T13:59:42.030+0000] {processor.py:161} INFO - Started process (PID=65370) to work on /opt/airflow/dags/isr_pipeline.py
[2026-04-06T13:59:42.039+0000] {processor.py:830} INFO - Processing file /opt/airflow/dags/isr_pipeline.py for tasks to queue
[2026-04-06T13:59:42.046+0000] {logging_mixin.py:188} INFO - [2026-04-06T13:59:42.044+0000] {dagbag.py:540} INFO - Filling up the DagBag from /opt/airflow/dags/isr_pipeline.py
[2026-04-06T13:59:42.138+0000] {processor.py:840} INFO - DAG(s) 'isr_pipeline' retrieved from /opt/airflow/dags/isr_pipeline.py
[2026-04-06T13:59:42.336+0000] {logging_mixin.py:188} INFO - [2026-04-06T13:59:42.335+0000] {dag.py:3096} INFO - Sync 1 DAGs
[2026-04-06T13:59:42.559+0000] {processor.py:183} INFO - Processing /opt/airflow/dags/isr_pipeline.py took 0.568 seconds
[2026-04-06T14:00:12.758+0000] {processor.py:161} INFO - Started process (PID=65375) to work on /opt/airflow/dags/isr_pipeline.py
[2026-04-06T14:00:12.765+0000] {processor.py:830} INFO - Processing file /opt/airflow/dags/isr_pipeline.py for tasks to queue
[2026-04-06T14:00:12.773+0000] {logging_mixin.py:188} INFO - [2026-04-06T14:00:12.771+0000] {dagbag.py:540} INFO - Filling up the DagBag from /opt/airflow/dags/isr_pipeline.py
[2026-04-06T14:00:12.865+0000] {processor.py:840} INFO - DAG(s) 'isr_pipeline' retrieved from /opt/airflow/dags/isr_pipeline.py
[2026-04-06T14:00:13.042+0000] {logging_mixin.py:188} INFO - [2026-04-06T14:00:13.041+0000] {dag.py:3096} INFO - Sync 1 DAGs
[2026-04-06T14:00:13.247+0000] {processor.py:183} INFO - Processing /opt/airflow/dags/isr_pipeline.py took 0.528 seconds
[2026-04-06T14:00:43.758+0000] {processor.py:161} INFO - Started process (PID=65380) to work on /opt/airflow/dags/isr_pipeline.py
[2026-04-06T14:00:43.765+0000] {processor.py:830} INFO - Processing file /opt/airflow/dags/isr_pipeline.py for tasks to queue
[2026-04-06T14:00:43.773+0000] {logging_mixin.py:188} INFO - [2026-04-06T14:00:43.771+0000] {dagbag.py:540} INFO - Filling up the DagBag from /opt/airflow/dags/isr_pipeline.py
[2026-04-06T14:00:43.863+0000] {processor.py:840} INFO - DAG(s) 'isr_pipeline' retrieved from /opt/airflow/dags/isr_pipeline.py
[2026-04-06T14:00:44.041+0000] {logging_mixin.py:188} INFO - [2026-04-06T14:00:44.040+0000] {dag.py:3096} INFO - Sync 1 DAGs
[2026-04-06T14:00:44.233+0000] {processor.py:183} INFO - Processing /opt/airflow/dags/isr_pipeline.py took 0.511 seconds
[2026-04-06T14:01:14.730+0000] {processor.py:161} INFO - Started process (PID=65385) to work on /opt/airflow/dags/isr_pipeline.py
[2026-04-06T14:01:14.737+0000] {processor.py:830} INFO - Processing file /opt/airflow/dags/isr_pipeline.py for tasks to queue
[2026-04-06T14:01:14.744+0000] {logging_mixin.py:188} INFO - [2026-04-06T14:01:14.742+0000] {dagbag.py:540} INFO - Filling up the DagBag from /opt/airflow/dags/isr_pipeline.py
[2026-04-06T14:01:14.835+0000] {processor.py:840} INFO - DAG(s) 'isr_pipeline' retrieved from /opt/airflow/dags/isr_pipeline.py
[2026-04-06T14:01:15.018+0000] {logging_mixin.py:188} INFO - [2026-04-06T14:01:15.017+0000] {dag.py:3096} INFO - Sync 1 DAGs
[2026-04-06T14:01:15.258+0000] {processor.py:183} INFO - Processing /opt/airflow/dags/isr_pipeline.py took 0.563 seconds
[2026-04-06T14:25:37.298+0000] {processor.py:161} INFO - Started process (PID=65391) to work on /opt/airflow/dags/isr_pipeline.py
[2026-04-06T14:25:37.300+0000] {processor.py:830} INFO - Processing file /opt/airflow/dags/isr_pipeline.py for tasks to queue
[2026-04-06T14:25:37.302+0000] {logging_mixin.py:188} INFO - [2026-04-06T14:25:37.302+0000] {dagbag.py:540} INFO - Filling up the DagBag from /opt/airflow/dags/isr_pipeline.py
[2026-04-06T14:25:37.331+0000] {processor.py:840} INFO - DAG(s) 'isr_pipeline' retrieved from /opt/airflow/dags/isr_pipeline.py
[2026-04-06T14:25:37.390+0000] {logging_mixin.py:188} INFO - [2026-04-06T14:25:37.390+0000] {dag.py:3096} INFO - Sync 1 DAGs
[2026-04-06T14:25:37.507+0000] {processor.py:183} INFO - Processing /opt/airflow/dags/isr_pipeline.py took 0.225 seconds
[2026-04-06T14:26:07.835+0000] {processor.py:161} INFO - Started process (PID=65396) to work on /opt/airflow/dags/isr_pipeline.py
[2026-04-06T14:26:07.840+0000] {processor.py:830} INFO - Processing file /opt/airflow/dags/isr_pipeline.py for tasks to queue
[2026-04-06T14:26:07.847+0000] {logging_mixin.py:188} INFO - [2026-04-06T14:26:07.846+0000] {dagbag.py:540} INFO - Filling up the DagBag from /opt/airflow/dags/isr_pipeline.py
[2026-04-06T14:26:07.939+0000] {processor.py:840} INFO - DAG(s) 'isr_pipeline' retrieved from /opt/airflow/dags/isr_pipeline.py
[2026-04-06T14:26:08.118+0000] {logging_mixin.py:188} INFO - [2026-04-06T14:26:08.117+0000] {dag.py:3096} INFO - Sync 1 DAGs
[2026-04-06T14:26:08.315+0000] {processor.py:183} INFO - Processing /opt/airflow/dags/isr_pipeline.py took 0.519 seconds
[2026-04-06T14:31:26.356+0000] {processor.py:161} INFO - Started process (PID=65401) to work on /opt/airflow/dags/isr_pipeline.py
[2026-04-06T14:31:26.357+0000] {processor.py:830} INFO - Processing file /opt/airflow/dags/isr_pipeline.py for tasks to queue
[2026-04-06T14:31:26.359+0000] {logging_mixin.py:188} INFO - [2026-04-06T14:31:26.358+0000] {dagbag.py:540} INFO - Filling up the DagBag from /opt/airflow/dags/isr_pipeline.py
[2026-04-06T14:31:26.388+0000] {processor.py:840} INFO - DAG(s) 'isr_pipeline' retrieved from /opt/airflow/dags/isr_pipeline.py
[2026-04-06T14:31:26.441+0000] {logging_mixin.py:188} INFO - [2026-04-06T14:31:26.441+0000] {dag.py:3096} INFO - Sync 1 DAGs
[2026-04-06T14:31:26.648+0000] {processor.py:183} INFO - Processing /opt/airflow/dags/isr_pipeline.py took 0.299 seconds
[2026-04-06T14:31:57.056+0000] {processor.py:161} INFO - Started process (PID=65406) to work on /opt/airflow/dags/isr_pipeline.py
[2026-04-06T14:31:57.063+0000] {processor.py:830} INFO - Processing file /opt/airflow/dags/isr_pipeline.py for tasks to queue
[2026-04-06T14:31:57.072+0000] {logging_mixin.py:188} INFO - [2026-04-06T14:31:57.069+0000] {dagbag.py:540} INFO - Filling up the DagBag from /opt/airflow/dags/isr_pipeline.py
[2026-04-06T14:31:57.167+0000] {processor.py:840} INFO - DAG(s) 'isr_pipeline' retrieved from /opt/airflow/dags/isr_pipeline.py
[2026-04-06T14:31:57.353+0000] {logging_mixin.py:188} INFO - [2026-04-06T14:31:57.352+0000] {dag.py:3096} INFO - Sync 1 DAGs
[2026-04-06T14:31:57.568+0000] {processor.py:183} INFO - Processing /opt/airflow/dags/isr_pipeline.py took 0.551 seconds
[2026-04-06T14:32:28.094+0000] {processor.py:161} INFO - Started process (PID=65411) to work on /opt/airflow/dags/isr_pipeline.py
[2026-04-06T14:32:28.102+0000] {processor.py:830} INFO - Processing file /opt/airflow/dags/isr_pipeline.py for tasks to queue
[2026-04-06T14:32:28.109+0000] {logging_mixin.py:188} INFO - [2026-04-06T14:32:28.107+0000] {dagbag.py:540} INFO - Filling up the DagBag from /opt/airflow/dags/isr_pipeline.py
[2026-04-06T14:32:28.217+0000] {processor.py:840} INFO - DAG(s) 'isr_pipeline' retrieved from /opt/airflow/dags/isr_pipeline.py
[2026-04-06T14:32:28.398+0000] {logging_mixin.py:188} INFO - [2026-04-06T14:32:28.397+0000] {dag.py:3096} INFO - Sync 1 DAGs
[2026-04-06T14:32:28.600+0000] {processor.py:183} INFO - Processing /opt/airflow/dags/isr_pipeline.py took 0.546 seconds
[2026-04-06T14:32:58.801+0000] {processor.py:161} INFO - Started process (PID=65416) to work on /opt/airflow/dags/isr_pipeline.py
[2026-04-06T14:32:58.810+0000] {processor.py:830} INFO - Processing file /opt/airflow/dags/isr_pipeline.py for tasks to queue
[2026-04-06T14:32:58.817+0000] {logging_mixin.py:188} INFO - [2026-04-06T14:32:58.815+0000] {dagbag.py:540} INFO - Filling up the DagBag from /opt/airflow/dags/isr_pipeline.py
[2026-04-06T14:32:58.908+0000] {processor.py:840} INFO - DAG(s) 'isr_pipeline' retrieved from /opt/airflow/dags/isr_pipeline.py
[2026-04-06T14:32:59.098+0000] {logging_mixin.py:188} INFO - [2026-04-06T14:32:59.097+0000] {dag.py:3096} INFO - Sync 1 DAGs
[2026-04-06T14:32:59.300+0000] {processor.py:183} INFO - Processing /opt/airflow/dags/isr_pipeline.py took 0.538 seconds
[2026-04-06T14:33:29.776+0000] {processor.py:161} INFO - Started process (PID=65421) to work on /opt/airflow/dags/isr_pipeline.py
[2026-04-06T14:33:29.783+0000] {processor.py:830} INFO - Processing file /opt/airflow/dags/isr_pipeline.py for tasks to queue
[2026-04-06T14:33:29.790+0000] {logging_mixin.py:188} INFO - [2026-04-06T14:33:29.788+0000] {dagbag.py:540} INFO - Filling up the DagBag from /opt/airflow/dags/isr_pipeline.py
[2026-04-06T14:33:29.882+0000] {processor.py:840} INFO - DAG(s) 'isr_pipeline' retrieved from /opt/airflow/dags/isr_pipeline.py
[2026-04-06T14:33:30.067+0000] {logging_mixin.py:188} INFO - [2026-04-06T14:33:30.066+0000] {dag.py:3096} INFO - Sync 1 DAGs
[2026-04-06T14:33:30.275+0000] {processor.py:183} INFO - Processing /opt/airflow/dags/isr_pipeline.py took 0.536 seconds
[2026-04-06T14:34:00.791+0000] {processor.py:161} INFO - Started process (PID=65426) to work on /opt/airflow/dags/isr_pipeline.py
[2026-04-06T14:34:00.798+0000] {processor.py:830} INFO - Processing file /opt/airflow/dags/isr_pipeline.py for tasks to queue
[2026-04-06T14:34:00.804+0000] {logging_mixin.py:188} INFO - [2026-04-06T14:34:00.803+0000] {dagbag.py:540} INFO - Filling up the DagBag from /opt/airflow/dags/isr_pipeline.py
[2026-04-06T14:34:00.896+0000] {processor.py:840} INFO - DAG(s) 'isr_pipeline' retrieved from /opt/airflow/dags/isr_pipeline.py
[2026-04-06T14:34:01.087+0000] {logging_mixin.py:188} INFO - [2026-04-06T14:34:01.086+0000] {dag.py:3096} INFO - Sync 1 DAGs
[2026-04-06T14:34:01.306+0000] {processor.py:183} INFO - Processing /opt/airflow/dags/isr_pipeline.py took 0.552 seconds
[2026-04-06T14:34:31.844+0000] {processor.py:161} INFO - Started process (PID=65431) to work on /opt/airflow/dags/isr_pipeline.py
[2026-04-06T14:34:31.851+0000] {processor.py:830} INFO - Processing file /opt/airflow/dags/isr_pipeline.py for tasks to queue
[2026-04-06T14:34:31.858+0000] {logging_mixin.py:188} INFO - [2026-04-06T14:34:31.857+0000] {dagbag.py:540} INFO - Filling up the DagBag from /opt/airflow/dags/isr_pipeline.py
[2026-04-06T14:34:31.955+0000] {processor.py:840} INFO - DAG(s) 'isr_pipeline' retrieved from /opt/airflow/dags/isr_pipeline.py
[2026-04-06T14:34:32.143+0000] {logging_mixin.py:188} INFO - [2026-04-06T14:34:32.142+0000] {dag.py:3096} INFO - Sync 1 DAGs
[2026-04-06T14:34:32.371+0000] {processor.py:183} INFO - Processing /opt/airflow/dags/isr_pipeline.py took 0.564 seconds
[2026-04-06T14:35:02.792+0000] {processor.py:161} INFO - Started process (PID=65436) to work on /opt/airflow/dags/isr_pipeline.py
[2026-04-06T14:35:02.799+0000] {processor.py:830} INFO - Processing file /opt/airflow/dags/isr_pipeline.py for tasks to queue
[2026-04-06T14:35:02.806+0000] {logging_mixin.py:188} INFO - [2026-04-06T14:35:02.804+0000] {dagbag.py:540} INFO - Filling up the DagBag from /opt/airflow/dags/isr_pipeline.py
[2026-04-06T14:35:02.906+0000] {processor.py:840} INFO - DAG(s) 'isr_pipeline' retrieved from /opt/airflow/dags/isr_pipeline.py
[2026-04-06T14:35:03.095+0000] {logging_mixin.py:188} INFO - [2026-04-06T14:35:03.093+0000] {dag.py:3096} INFO - Sync 1 DAGs
[2026-04-06T14:35:03.315+0000] {processor.py:183} INFO - Processing /opt/airflow/dags/isr_pipeline.py took 0.559 seconds
[2026-04-06T14:35:33.833+0000] {processor.py:161} INFO - Started process (PID=65441) to work on /opt/airflow/dags/isr_pipeline.py
[2026-04-06T14:35:33.842+0000] {processor.py:830} INFO - Processing file /opt/airflow/dags/isr_pipeline.py for tasks to queue
[2026-04-06T14:35:33.849+0000] {logging_mixin.py:188} INFO - [2026-04-06T14:35:33.847+0000] {dagbag.py:540} INFO - Filling up the DagBag from /opt/airflow/dags/isr_pipeline.py
[2026-04-06T14:35:33.948+0000] {processor.py:840} INFO - DAG(s) 'isr_pipeline' retrieved from /opt/airflow/dags/isr_pipeline.py
[2026-04-06T14:35:34.146+0000] {logging_mixin.py:188} INFO - [2026-04-06T14:35:34.145+0000] {dag.py:3096} INFO - Sync 1 DAGs
[2026-04-06T14:35:34.378+0000] {processor.py:183} INFO - Processing /opt/airflow/dags/isr_pipeline.py took 0.583 seconds
[2026-04-06T14:36:04.698+0000] {processor.py:161} INFO - Started process (PID=65446) to work on /opt/airflow/dags/isr_pipeline.py
[2026-04-06T14:36:04.706+0000] {processor.py:830} INFO - Processing file /opt/airflow/dags/isr_pipeline.py for tasks to queue
[2026-04-06T14:36:04.714+0000] {logging_mixin.py:188} INFO - [2026-04-06T14:36:04.711+0000] {dagbag.py:540} INFO - Filling up the DagBag from /opt/airflow/dags/isr_pipeline.py
[2026-04-06T14:36:04.819+0000] {processor.py:840} INFO - DAG(s) 'isr_pipeline' retrieved from /opt/airflow/dags/isr_pipeline.py
[2026-04-06T14:36:05.027+0000] {logging_mixin.py:188} INFO - [2026-04-06T14:36:05.026+0000] {dag.py:3096} INFO - Sync 1 DAGs
[2026-04-06T14:36:05.247+0000] {processor.py:183} INFO - Processing /opt/airflow/dags/isr_pipeline.py took 0.597 seconds
[2026-04-06T14:36:35.837+0000] {processor.py:161} INFO - Started process (PID=65451) to work on /opt/airflow/dags/isr_pipeline.py
[2026-04-06T14:36:35.844+0000] {processor.py:830} INFO - Processing file /opt/airflow/dags/isr_pipeline.py for tasks to queue
[2026-04-06T14:36:35.851+0000] {logging_mixin.py:188} INFO - [2026-04-06T14:36:35.849+0000] {dagbag.py:540} INFO - Filling up the DagBag from /opt/airflow/dags/isr_pipeline.py
[2026-04-06T14:36:35.944+0000] {processor.py:840} INFO - DAG(s) 'isr_pipeline' retrieved from /opt/airflow/dags/isr_pipeline.py
[2026-04-06T14:36:36.149+0000] {logging_mixin.py:188} INFO - [2026-04-06T14:36:36.148+0000] {dag.py:3096} INFO - Sync 1 DAGs
[2026-04-06T14:36:36.364+0000] {processor.py:183} INFO - Processing /opt/airflow/dags/isr_pipeline.py took 0.565 seconds
[2026-04-06T14:37:06.922+0000] {processor.py:161} INFO - Started process (PID=65456) to work on /opt/airflow/dags/isr_pipeline.py
[2026-04-06T14:37:06.930+0000] {processor.py:830} INFO - Processing file /opt/airflow/dags/isr_pipeline.py for tasks to queue
[2026-04-06T14:37:06.938+0000] {logging_mixin.py:188} INFO - [2026-04-06T14:37:06.936+0000] {dagbag.py:540} INFO - Filling up the DagBag from /opt/airflow/dags/isr_pipeline.py
[2026-04-06T14:37:07.038+0000] {processor.py:840} INFO - DAG(s) 'isr_pipeline' retrieved from /opt/airflow/dags/isr_pipeline.py
[2026-04-06T14:37:07.233+0000] {logging_mixin.py:188} INFO - [2026-04-06T14:37:07.232+0000] {dag.py:3096} INFO - Sync 1 DAGs
[2026-04-06T14:37:07.461+0000] {processor.py:183} INFO - Processing /opt/airflow/dags/isr_pipeline.py took 0.578 seconds
[2026-04-06T14:37:37.864+0000] {processor.py:161} INFO - Started process (PID=65461) to work on /opt/airflow/dags/isr_pipeline.py
[2026-04-06T14:37:37.871+0000] {processor.py:830} INFO - Processing file /opt/airflow/dags/isr_pipeline.py for tasks to queue
[2026-04-06T14:37:37.879+0000] {logging_mixin.py:188} INFO - [2026-04-06T14:37:37.877+0000] {dagbag.py:540} INFO - Filling up the DagBag from /opt/airflow/dags/isr_pipeline.py
[2026-04-06T14:37:37.985+0000] {processor.py:840} INFO - DAG(s) 'isr_pipeline' retrieved from /opt/airflow/dags/isr_pipeline.py
[2026-04-06T14:37:38.174+0000] {logging_mixin.py:188} INFO - [2026-04-06T14:37:38.172+0000] {dag.py:3096} INFO - Sync 1 DAGs
[2026-04-06T14:37:38.384+0000] {processor.py:183} INFO - Processing /opt/airflow/dags/isr_pipeline.py took 0.556 seconds
[2026-04-06T14:38:08.878+0000] {processor.py:161} INFO - Started process (PID=65466) to work on /opt/airflow/dags/isr_pipeline.py
[2026-04-06T14:38:08.886+0000] {processor.py:830} INFO - Processing file /opt/airflow/dags/isr_pipeline.py for tasks to queue
[2026-04-06T14:38:08.895+0000] {logging_mixin.py:188} INFO - [2026-04-06T14:38:08.893+0000] {dagbag.py:540} INFO - Filling up the DagBag from /opt/airflow/dags/isr_pipeline.py
[2026-04-06T14:38:08.987+0000] {processor.py:840} INFO - DAG(s) 'isr_pipeline' retrieved from /opt/airflow/dags/isr_pipeline.py
[2026-04-06T14:38:09.178+0000] {logging_mixin.py:188} INFO - [2026-04-06T14:38:09.177+0000] {dag.py:3096} INFO - Sync 1 DAGs
[2026-04-06T14:38:09.393+0000] {processor.py:183} INFO - Processing /opt/airflow/dags/isr_pipeline.py took 0.555 seconds
[2026-04-06T14:38:39.718+0000] {processor.py:161} INFO - Started process (PID=65471) to work on /opt/airflow/dags/isr_pipeline.py
[2026-04-06T14:38:39.726+0000] {processor.py:830} INFO - Processing file /opt/airflow/dags/isr_pipeline.py for tasks to queue
[2026-04-06T14:38:39.734+0000] {logging_mixin.py:188} INFO - [2026-04-06T14:38:39.731+0000] {dagbag.py:540} INFO - Filling up the DagBag from /opt/airflow/dags/isr_pipeline.py
[2026-04-06T14:38:39.830+0000] {processor.py:840} INFO - DAG(s) 'isr_pipeline' retrieved from /opt/airflow/dags/isr_pipeline.py
[2026-04-06T14:38:40.019+0000] {logging_mixin.py:188} INFO - [2026-04-06T14:38:40.018+0000] {dag.py:3096} INFO - Sync 1 DAGs
[2026-04-06T14:38:40.240+0000] {processor.py:183} INFO - Processing /opt/airflow/dags/isr_pipeline.py took 0.559 seconds
[2026-04-06T14:39:10.757+0000] {processor.py:161} INFO - Started process (PID=65476) to work on /opt/airflow/dags/isr_pipeline.py
[2026-04-06T14:39:10.764+0000] {processor.py:830} INFO - Processing file /opt/airflow/dags/isr_pipeline.py for tasks to queue
[2026-04-06T14:39:10.771+0000] {logging_mixin.py:188} INFO - [2026-04-06T14:39:10.769+0000] {dagbag.py:540} INFO - Filling up the DagBag from /opt/airflow/dags/isr_pipeline.py
[2026-04-06T14:39:10.871+0000] {processor.py:840} INFO - DAG(s) 'isr_pipeline' retrieved from /opt/airflow/dags/isr_pipeline.py
[2026-04-06T14:39:11.080+0000] {logging_mixin.py:188} INFO - [2026-04-06T14:39:11.079+0000] {dag.py:3096} INFO - Sync 1 DAGs
[2026-04-06T14:39:11.292+0000] {processor.py:183} INFO - Processing /opt/airflow/dags/isr_pipeline.py took 0.574 seconds
[2026-04-06T14:39:41.489+0000] {processor.py:161} INFO - Started process (PID=65481) to work on /opt/airflow/dags/isr_pipeline.py
[2026-04-06T14:39:41.499+0000] {processor.py:830} INFO - Processing file /opt/airflow/dags/isr_pipeline.py for tasks to queue
[2026-04-06T14:39:41.516+0000] {logging_mixin.py:188} INFO - [2026-04-06T14:39:41.510+0000] {dagbag.py:540} INFO - Filling up the DagBag from /opt/airflow/dags/isr_pipeline.py
[2026-04-06T14:39:41.610+0000] {processor.py:840} INFO - DAG(s) 'isr_pipeline' retrieved from /opt/airflow/dags/isr_pipeline.py
[2026-04-06T14:39:41.811+0000] {logging_mixin.py:188} INFO - [2026-04-06T14:39:41.810+0000] {dag.py:3096} INFO - Sync 1 DAGs
[2026-04-06T14:39:42.032+0000] {processor.py:183} INFO - Processing /opt/airflow/dags/isr_pipeline.py took 0.581 seconds
[2026-04-06T14:40:12.250+0000] {processor.py:161} INFO - Started process (PID=65486) to work on /opt/airflow/dags/isr_pipeline.py
[2026-04-06T14:40:12.257+0000] {processor.py:830} INFO - Processing file /opt/airflow/dags/isr_pipeline.py for tasks to queue
[2026-04-06T14:40:12.264+0000] {logging_mixin.py:188} INFO - [2026-04-06T14:40:12.262+0000] {dagbag.py:540} INFO - Filling up the DagBag from /opt/airflow/dags/isr_pipeline.py
[2026-04-06T14:40:12.355+0000] {processor.py:840} INFO - DAG(s) 'isr_pipeline' retrieved from /opt/airflow/dags/isr_pipeline.py
[2026-04-06T14:40:12.539+0000] {logging_mixin.py:188} INFO - [2026-04-06T14:40:12.538+0000] {dag.py:3096} INFO - Sync 1 DAGs
[2026-04-06T14:40:12.740+0000] {processor.py:183} INFO - Processing /opt/airflow/dags/isr_pipeline.py took 0.530 seconds
[2026-04-06T14:40:42.962+0000] {processor.py:161} INFO - Started process (PID=65491) to work on /opt/airflow/dags/isr_pipeline.py
[2026-04-06T14:40:42.970+0000] {processor.py:830} INFO - Processing file /opt/airflow/dags/isr_pipeline.py for tasks to queue
[2026-04-06T14:40:42.979+0000] {logging_mixin.py:188} INFO - [2026-04-06T14:40:42.977+0000] {dagbag.py:540} INFO - Filling up the DagBag from /opt/airflow/dags/isr_pipeline.py
[2026-04-06T14:40:43.075+0000] {processor.py:840} INFO - DAG(s) 'isr_pipeline' retrieved from /opt/airflow/dags/isr_pipeline.py
[2026-04-06T14:40:43.395+0000] {logging_mixin.py:188} INFO - [2026-04-06T14:40:43.393+0000] {dag.py:3096} INFO - Sync 1 DAGs
[2026-04-06T14:40:43.654+0000] {processor.py:183} INFO - Processing /opt/airflow/dags/isr_pipeline.py took 0.734 seconds
[2026-04-06T14:41:14.155+0000] {processor.py:161} INFO - Started process (PID=65496) to work on /opt/airflow/dags/isr_pipeline.py
[2026-04-06T14:41:14.162+0000] {processor.py:830} INFO - Processing file /opt/airflow/dags/isr_pipeline.py for tasks to queue
[2026-04-06T14:41:14.170+0000] {logging_mixin.py:188} INFO - [2026-04-06T14:41:14.167+0000] {dagbag.py:540} INFO - Filling up the DagBag from /opt/airflow/dags/isr_pipeline.py
[2026-04-06T14:41:14.279+0000] {processor.py:840} INFO - DAG(s) 'isr_pipeline' retrieved from /opt/airflow/dags/isr_pipeline.py
[2026-04-06T14:41:14.472+0000] {logging_mixin.py:188} INFO - [2026-04-06T14:41:14.471+0000] {dag.py:3096} INFO - Sync 1 DAGs
[2026-04-06T14:41:14.676+0000] {processor.py:183} INFO - Processing /opt/airflow/dags/isr_pipeline.py took 0.561 seconds
[2026-04-06T14:41:44.987+0000] {processor.py:161} INFO - Started process (PID=65501) to work on /opt/airflow/dags/isr_pipeline.py
[2026-04-06T14:41:44.995+0000] {processor.py:830} INFO - Processing file /opt/airflow/dags/isr_pipeline.py for tasks to queue
[2026-04-06T14:41:45.002+0000] {logging_mixin.py:188} INFO - [2026-04-06T14:41:45.000+0000] {dagbag.py:540} INFO - Filling up the DagBag from /opt/airflow/dags/isr_pipeline.py
[2026-04-06T14:41:45.098+0000] {processor.py:840} INFO - DAG(s) 'isr_pipeline' retrieved from /opt/airflow/dags/isr_pipeline.py
[2026-04-06T14:41:45.279+0000] {logging_mixin.py:188} INFO - [2026-04-06T14:41:45.278+0000] {dag.py:3096} INFO - Sync 1 DAGs
[2026-04-06T14:41:45.477+0000] {processor.py:183} INFO - Processing /opt/airflow/dags/isr_pipeline.py took 0.530 seconds
[2026-04-06T14:42:15.955+0000] {processor.py:161} INFO - Started process (PID=65506) to work on /opt/airflow/dags/isr_pipeline.py
[2026-04-06T14:42:15.963+0000] {processor.py:830} INFO - Processing file /opt/airflow/dags/isr_pipeline.py for tasks to queue
[2026-04-06T14:42:15.971+0000] {logging_mixin.py:188} INFO - [2026-04-06T14:42:15.969+0000] {dagbag.py:540} INFO - Filling up the DagBag from /opt/airflow/dags/isr_pipeline.py
[2026-04-06T14:42:16.066+0000] {processor.py:840} INFO - DAG(s) 'isr_pipeline' retrieved from /opt/airflow/dags/isr_pipeline.py
[2026-04-06T14:42:16.261+0000] {logging_mixin.py:188} INFO - [2026-04-06T14:42:16.260+0000] {dag.py:3096} INFO - Sync 1 DAGs
[2026-04-06T14:42:16.482+0000] {processor.py:183} INFO - Processing /opt/airflow/dags/isr_pipeline.py took 0.567 seconds
[2026-04-06T14:42:46.871+0000] {processor.py:161} INFO - Started process (PID=65511) to work on /opt/airflow/dags/isr_pipeline.py
[2026-04-06T14:42:46.879+0000] {processor.py:830} INFO - Processing file /opt/airflow/dags/isr_pipeline.py for tasks to queue
[2026-04-06T14:42:46.887+0000] {logging_mixin.py:188} INFO - [2026-04-06T14:42:46.885+0000] {dagbag.py:540} INFO - Filling up the DagBag from /opt/airflow/dags/isr_pipeline.py
[2026-04-06T14:42:46.979+0000] {processor.py:840} INFO - DAG(s) 'isr_pipeline' retrieved from /opt/airflow/dags/isr_pipeline.py
[2026-04-06T14:42:47.159+0000] {logging_mixin.py:188} INFO - [2026-04-06T14:42:47.158+0000] {dag.py:3096} INFO - Sync 1 DAGs
[2026-04-06T14:42:47.369+0000] {processor.py:183} INFO - Processing /opt/airflow/dags/isr_pipeline.py took 0.532 seconds
[2026-04-06T14:43:17.998+0000] {processor.py:161} INFO - Started process (PID=65516) to work on /opt/airflow/dags/isr_pipeline.py
[2026-04-06T14:43:18.005+0000] {processor.py:830} INFO - Processing file /opt/airflow/dags/isr_pipeline.py for tasks to queue
[2026-04-06T14:43:18.013+0000] {logging_mixin.py:188} INFO - [2026-04-06T14:43:18.010+0000] {dagbag.py:540} INFO - Filling up the DagBag from /opt/airflow/dags/isr_pipeline.py
[2026-04-06T14:43:18.107+0000] {processor.py:840} INFO - DAG(s) 'isr_pipeline' retrieved from /opt/airflow/dags/isr_pipeline.py
[2026-04-06T14:43:18.315+0000] {logging_mixin.py:188} INFO - [2026-04-06T14:43:18.314+0000] {dag.py:3096} INFO - Sync 1 DAGs
[2026-04-06T14:43:18.545+0000] {processor.py:183} INFO - Processing /opt/airflow/dags/isr_pipeline.py took 0.586 seconds
[2026-04-06T14:43:49.045+0000] {processor.py:161} INFO - Started process (PID=65521) to work on /opt/airflow/dags/isr_pipeline.py
[2026-04-06T14:43:49.053+0000] {processor.py:830} INFO - Processing file /opt/airflow/dags/isr_pipeline.py for tasks to queue
[2026-04-06T14:43:49.060+0000] {logging_mixin.py:188} INFO - [2026-04-06T14:43:49.058+0000] {dagbag.py:540} INFO - Filling up the DagBag from /opt/airflow/dags/isr_pipeline.py
[2026-04-06T14:43:49.152+0000] {processor.py:840} INFO - DAG(s) 'isr_pipeline' retrieved from /opt/airflow/dags/isr_pipeline.py
[2026-04-06T14:43:49.339+0000] {logging_mixin.py:188} INFO - [2026-04-06T14:43:49.338+0000] {dag.py:3096} INFO - Sync 1 DAGs
[2026-04-06T14:43:49.543+0000] {processor.py:183} INFO - Processing /opt/airflow/dags/isr_pipeline.py took 0.537 seconds
[2026-04-06T14:44:20.050+0000] {processor.py:161} INFO - Started process (PID=65526) to work on /opt/airflow/dags/isr_pipeline.py
[2026-04-06T14:44:20.057+0000] {processor.py:830} INFO - Processing file /opt/airflow/dags/isr_pipeline.py for tasks to queue
[2026-04-06T14:44:20.065+0000] {logging_mixin.py:188} INFO - [2026-04-06T14:44:20.062+0000] {dagbag.py:540} INFO - Filling up the DagBag from /opt/airflow/dags/isr_pipeline.py
[2026-04-06T14:44:20.172+0000] {processor.py:840} INFO - DAG(s) 'isr_pipeline' retrieved from /opt/airflow/dags/isr_pipeline.py
[2026-04-06T14:44:20.394+0000] {logging_mixin.py:188} INFO - [2026-04-06T14:44:20.393+0000] {dag.py:3096} INFO - Sync 1 DAGs
[2026-04-06T14:44:20.607+0000] {processor.py:183} INFO - Processing /opt/airflow/dags/isr_pipeline.py took 0.596 seconds
[2026-04-06T14:44:51.163+0000] {processor.py:161} INFO - Started process (PID=65531) to work on /opt/airflow/dags/isr_pipeline.py
[2026-04-06T14:44:51.170+0000] {processor.py:830} INFO - Processing file /opt/airflow/dags/isr_pipeline.py for tasks to queue
[2026-04-06T14:44:51.178+0000] {logging_mixin.py:188} INFO - [2026-04-06T14:44:51.176+0000] {dagbag.py:540} INFO - Filling up the DagBag from /opt/airflow/dags/isr_pipeline.py
[2026-04-06T14:44:51.272+0000] {processor.py:840} INFO - DAG(s) 'isr_pipeline' retrieved from /opt/airflow/dags/isr_pipeline.py
[2026-04-06T14:44:51.456+0000] {logging_mixin.py:188} INFO - [2026-04-06T14:44:51.455+0000] {dag.py:3096} INFO - Sync 1 DAGs
[2026-04-06T14:44:51.669+0000] {processor.py:183} INFO - Processing /opt/airflow/dags/isr_pipeline.py took 0.548 seconds
[2026-04-06T14:45:22.177+0000] {processor.py:161} INFO - Started process (PID=65536) to work on /opt/airflow/dags/isr_pipeline.py
[2026-04-06T14:45:22.188+0000] {processor.py:830} INFO - Processing file /opt/airflow/dags/isr_pipeline.py for tasks to queue
[2026-04-06T14:45:22.200+0000] {logging_mixin.py:188} INFO - [2026-04-06T14:45:22.197+0000] {dagbag.py:540} INFO - Filling up the DagBag from /opt/airflow/dags/isr_pipeline.py
[2026-04-06T14:45:22.298+0000] {processor.py:840} INFO - DAG(s) 'isr_pipeline' retrieved from /opt/airflow/dags/isr_pipeline.py
[2026-04-06T14:45:22.492+0000] {logging_mixin.py:188} INFO - [2026-04-06T14:45:22.491+0000] {dag.py:3096} INFO - Sync 1 DAGs
[2026-04-06T14:45:22.692+0000] {processor.py:183} INFO - Processing /opt/airflow/dags/isr_pipeline.py took 0.553 seconds
[2026-04-06T14:45:53.088+0000] {processor.py:161} INFO - Started process (PID=65541) to work on /opt/airflow/dags/isr_pipeline.py
[2026-04-06T14:45:53.095+0000] {processor.py:830} INFO - Processing file /opt/airflow/dags/isr_pipeline.py for tasks to queue
[2026-04-06T14:45:53.102+0000] {logging_mixin.py:188} INFO - [2026-04-06T14:45:53.100+0000] {dagbag.py:540} INFO - Filling up the DagBag from /opt/airflow/dags/isr_pipeline.py
[2026-04-06T14:45:53.225+0000] {processor.py:840} INFO - DAG(s) 'isr_pipeline' retrieved from /opt/airflow/dags/isr_pipeline.py
[2026-04-06T14:45:53.417+0000] {logging_mixin.py:188} INFO - [2026-04-06T14:45:53.416+0000] {dag.py:3096} INFO - Sync 1 DAGs
[2026-04-06T14:45:53.767+0000] {processor.py:183} INFO - Processing /opt/airflow/dags/isr_pipeline.py took 0.717 seconds
[2026-04-06T14:46:24.328+0000] {processor.py:161} INFO - Started process (PID=65546) to work on /opt/airflow/dags/isr_pipeline.py
[2026-04-06T14:46:24.337+0000] {processor.py:830} INFO - Processing file /opt/airflow/dags/isr_pipeline.py for tasks to queue
[2026-04-06T14:46:24.346+0000] {logging_mixin.py:188} INFO - [2026-04-06T14:46:24.344+0000] {dagbag.py:540} INFO - Filling up the DagBag from /opt/airflow/dags/isr_pipeline.py
[2026-04-06T14:46:24.465+0000] {processor.py:840} INFO - DAG(s) 'isr_pipeline' retrieved from /opt/airflow/dags/isr_pipeline.py
[2026-04-06T14:46:24.665+0000] {logging_mixin.py:188} INFO - [2026-04-06T14:46:24.664+0000] {dag.py:3096} INFO - Sync 1 DAGs
[2026-04-06T14:46:24.865+0000] {processor.py:183} INFO - Processing /opt/airflow/dags/isr_pipeline.py took 0.576 seconds
[2026-04-06T14:46:55.490+0000] {processor.py:161} INFO - Started process (PID=65551) to work on /opt/airflow/dags/isr_pipeline.py
[2026-04-06T14:46:55.498+0000] {processor.py:830} INFO - Processing file /opt/airflow/dags/isr_pipeline.py for tasks to queue
[2026-04-06T14:46:55.505+0000] {logging_mixin.py:188} INFO - [2026-04-06T14:46:55.503+0000] {dagbag.py:540} INFO - Filling up the DagBag from /opt/airflow/dags/isr_pipeline.py
[2026-04-06T14:46:55.596+0000] {processor.py:840} INFO - DAG(s) 'isr_pipeline' retrieved from /opt/airflow/dags/isr_pipeline.py
[2026-04-06T14:46:55.779+0000] {logging_mixin.py:188} INFO - [2026-04-06T14:46:55.778+0000] {dag.py:3096} INFO - Sync 1 DAGs
[2026-04-06T14:46:55.964+0000] {processor.py:183} INFO - Processing /opt/airflow/dags/isr_pipeline.py took 0.536 seconds
[2026-04-06T14:47:26.172+0000] {processor.py:161} INFO - Started process (PID=65556) to work on /opt/airflow/dags/isr_pipeline.py
[2026-04-06T14:47:26.180+0000] {processor.py:830} INFO - Processing file /opt/airflow/dags/isr_pipeline.py for tasks to queue
[2026-04-06T14:47:26.187+0000] {logging_mixin.py:188} INFO - [2026-04-06T14:47:26.185+0000] {dagbag.py:540} INFO - Filling up the DagBag from /opt/airflow/dags/isr_pipeline.py
[2026-04-06T14:47:26.284+0000] {processor.py:840} INFO - DAG(s) 'isr_pipeline' retrieved from /opt/airflow/dags/isr_pipeline.py
[2026-04-06T14:47:26.482+0000] {logging_mixin.py:188} INFO - [2026-04-06T14:47:26.481+0000] {dag.py:3096} INFO - Sync 1 DAGs
[2026-04-06T14:47:26.698+0000] {processor.py:183} INFO - Processing /opt/airflow/dags/isr_pipeline.py took 0.565 seconds
[2026-04-06T14:47:57.219+0000] {processor.py:161} INFO - Started process (PID=65561) to work on /opt/airflow/dags/isr_pipeline.py
[2026-04-06T14:47:57.229+0000] {processor.py:830} INFO - Processing file /opt/airflow/dags/isr_pipeline.py for tasks to queue
[2026-04-06T14:47:57.238+0000] {logging_mixin.py:188} INFO - [2026-04-06T14:47:57.234+0000] {dagbag.py:540} INFO - Filling up the DagBag from /opt/airflow/dags/isr_pipeline.py
[2026-04-06T14:47:57.352+0000] {processor.py:840} INFO - DAG(s) 'isr_pipeline' retrieved from /opt/airflow/dags/isr_pipeline.py
[2026-04-06T14:47:57.546+0000] {logging_mixin.py:188} INFO - [2026-04-06T14:47:57.545+0000] {dag.py:3096} INFO - Sync 1 DAGs
[2026-04-06T14:47:57.751+0000] {processor.py:183} INFO - Processing /opt/airflow/dags/isr_pipeline.py took 0.601 seconds
[2026-04-06T14:48:28.202+0000] {processor.py:161} INFO - Started process (PID=65566) to work on /opt/airflow/dags/isr_pipeline.py
[2026-04-06T14:48:28.209+0000] {processor.py:830} INFO - Processing file /opt/airflow/dags/isr_pipeline.py for tasks to queue
[2026-04-06T14:48:28.217+0000] {logging_mixin.py:188} INFO - [2026-04-06T14:48:28.215+0000] {dagbag.py:540} INFO - Filling up the DagBag from /opt/airflow/dags/isr_pipeline.py
[2026-04-06T14:48:28.324+0000] {processor.py:840} INFO - DAG(s) 'isr_pipeline' retrieved from /opt/airflow/dags/isr_pipeline.py
[2026-04-06T14:48:28.518+0000] {logging_mixin.py:188} INFO - [2026-04-06T14:48:28.516+0000] {dag.py:3096} INFO - Sync 1 DAGs
[2026-04-06T14:48:28.732+0000] {processor.py:183} INFO - Processing /opt/airflow/dags/isr_pipeline.py took 0.575 seconds
[2026-04-06T14:48:59.303+0000] {processor.py:161} INFO - Started process (PID=65571) to work on /opt/airflow/dags/isr_pipeline.py
[2026-04-06T14:48:59.311+0000] {processor.py:830} INFO - Processing file /opt/airflow/dags/isr_pipeline.py for tasks to queue
[2026-04-06T14:48:59.318+0000] {logging_mixin.py:188} INFO - [2026-04-06T14:48:59.316+0000] {dagbag.py:540} INFO - Filling up the DagBag from /opt/airflow/dags/isr_pipeline.py
[2026-04-06T14:48:59.409+0000] {processor.py:840} INFO - DAG(s) 'isr_pipeline' retrieved from /opt/airflow/dags/isr_pipeline.py
[2026-04-06T14:48:59.595+0000] {logging_mixin.py:188} INFO - [2026-04-06T14:48:59.594+0000] {dag.py:3096} INFO - Sync 1 DAGs
[2026-04-06T14:48:59.789+0000] {processor.py:183} INFO - Processing /opt/airflow/dags/isr_pipeline.py took 0.525 seconds
[2026-04-06T14:49:30.001+0000] {processor.py:161} INFO - Started process (PID=65576) to work on /opt/airflow/dags/isr_pipeline.py
[2026-04-06T14:49:30.008+0000] {processor.py:830} INFO - Processing file /opt/airflow/dags/isr_pipeline.py for tasks to queue
[2026-04-06T14:49:30.015+0000] {logging_mixin.py:188} INFO - [2026-04-06T14:49:30.013+0000] {dagbag.py:540} INFO - Filling up the DagBag from /opt/airflow/dags/isr_pipeline.py
[2026-04-06T14:49:30.115+0000] {processor.py:840} INFO - DAG(s) 'isr_pipeline' retrieved from /opt/airflow/dags/isr_pipeline.py
[2026-04-06T14:49:30.302+0000] {logging_mixin.py:188} INFO - [2026-04-06T14:49:30.301+0000] {dag.py:3096} INFO - Sync 1 DAGs
[2026-04-06T14:49:30.501+0000] {processor.py:183} INFO - Processing /opt/airflow/dags/isr_pipeline.py took 0.538 seconds
[2026-04-06T14:50:00.972+0000] {processor.py:161} INFO - Started process (PID=65581) to work on /opt/airflow/dags/isr_pipeline.py
[2026-04-06T14:50:00.979+0000] {processor.py:830} INFO - Processing file /opt/airflow/dags/isr_pipeline.py for tasks to queue
[2026-04-06T14:50:00.986+0000] {logging_mixin.py:188} INFO - [2026-04-06T14:50:00.984+0000] {dagbag.py:540} INFO - Filling up the DagBag from /opt/airflow/dags/isr_pipeline.py
[2026-04-06T14:50:01.095+0000] {processor.py:840} INFO - DAG(s) 'isr_pipeline' retrieved from /opt/airflow/dags/isr_pipeline.py
[2026-04-06T14:50:01.278+0000] {logging_mixin.py:188} INFO - [2026-04-06T14:50:01.277+0000] {dag.py:3096} INFO - Sync 1 DAGs
[2026-04-06T14:50:01.506+0000] {processor.py:183} INFO - Processing /opt/airflow/dags/isr_pipeline.py took 0.575 seconds
[2026-04-06T14:50:31.956+0000] {processor.py:161} INFO - Started process (PID=65586) to work on /opt/airflow/dags/isr_pipeline.py
[2026-04-06T14:50:31.964+0000] {processor.py:830} INFO - Processing file /opt/airflow/dags/isr_pipeline.py for tasks to queue
[2026-04-06T14:50:31.971+0000] {logging_mixin.py:188} INFO - [2026-04-06T14:50:31.969+0000] {dagbag.py:540} INFO - Filling up the DagBag from /opt/airflow/dags/isr_pipeline.py
[2026-04-06T14:50:32.066+0000] {processor.py:840} INFO - DAG(s) 'isr_pipeline' retrieved from /opt/airflow/dags/isr_pipeline.py
[2026-04-06T14:50:32.420+0000] {logging_mixin.py:188} INFO - [2026-04-06T14:50:32.419+0000] {dag.py:3096} INFO - Sync 1 DAGs
[2026-04-06T14:50:32.673+0000] {processor.py:183} INFO - Processing /opt/airflow/dags/isr_pipeline.py took 0.754 seconds
[2026-04-06T14:51:03.205+0000] {processor.py:161} INFO - Started process (PID=65591) to work on /opt/airflow/dags/isr_pipeline.py
[2026-04-06T14:51:03.212+0000] {processor.py:830} INFO - Processing file /opt/airflow/dags/isr_pipeline.py for tasks to queue
[2026-04-06T14:51:03.221+0000] {logging_mixin.py:188} INFO - [2026-04-06T14:51:03.219+0000] {dagbag.py:540} INFO - Filling up the DagBag from /opt/airflow/dags/isr_pipeline.py
[2026-04-06T14:51:03.310+0000] {processor.py:840} INFO - DAG(s) 'isr_pipeline' retrieved from /opt/airflow/dags/isr_pipeline.py
[2026-04-06T14:51:03.492+0000] {logging_mixin.py:188} INFO - [2026-04-06T14:51:03.491+0000] {dag.py:3096} INFO - Sync 1 DAGs
[2026-04-06T14:51:03.703+0000] {processor.py:183} INFO - Processing /opt/airflow/dags/isr_pipeline.py took 0.541 seconds
[2026-04-06T14:51:34.302+0000] {processor.py:161} INFO - Started process (PID=65596) to work on /opt/airflow/dags/isr_pipeline.py
[2026-04-06T14:51:34.309+0000] {processor.py:830} INFO - Processing file /opt/airflow/dags/isr_pipeline.py for tasks to queue
[2026-04-06T14:51:34.317+0000] {logging_mixin.py:188} INFO - [2026-04-06T14:51:34.314+0000] {dagbag.py:540} INFO - Filling up the DagBag from /opt/airflow/dags/isr_pipeline.py
[2026-04-06T14:51:34.411+0000] {processor.py:840} INFO - DAG(s) 'isr_pipeline' retrieved from /opt/airflow/dags/isr_pipeline.py
[2026-04-06T14:51:34.604+0000] {logging_mixin.py:188} INFO - [2026-04-06T14:51:34.603+0000] {dag.py:3096} INFO - Sync 1 DAGs
[2026-04-06T14:51:34.810+0000] {processor.py:183} INFO - Processing /opt/airflow/dags/isr_pipeline.py took 0.547 seconds
[2026-04-06T14:52:05.372+0000] {processor.py:161} INFO - Started process (PID=65601) to work on /opt/airflow/dags/isr_pipeline.py
[2026-04-06T14:52:05.378+0000] {processor.py:830} INFO - Processing file /opt/airflow/dags/isr_pipeline.py for tasks to queue
[2026-04-06T14:52:05.385+0000] {logging_mixin.py:188} INFO - [2026-04-06T14:52:05.384+0000] {dagbag.py:540} INFO - Filling up the DagBag from /opt/airflow/dags/isr_pipeline.py
[2026-04-06T14:52:05.482+0000] {processor.py:840} INFO - DAG(s) 'isr_pipeline' retrieved from /opt/airflow/dags/isr_pipeline.py
[2026-04-06T14:52:05.669+0000] {logging_mixin.py:188} INFO - [2026-04-06T14:52:05.668+0000] {dag.py:3096} INFO - Sync 1 DAGs
[2026-04-06T14:52:05.891+0000] {processor.py:183} INFO - Processing /opt/airflow/dags/isr_pipeline.py took 0.557 seconds
[2026-04-06T14:52:36.351+0000] {processor.py:161} INFO - Started process (PID=65606) to work on /opt/airflow/dags/isr_pipeline.py
[2026-04-06T14:52:36.357+0000] {processor.py:830} INFO - Processing file /opt/airflow/dags/isr_pipeline.py for tasks to queue
[2026-04-06T14:52:36.364+0000] {logging_mixin.py:188} INFO - [2026-04-06T14:52:36.362+0000] {dagbag.py:540} INFO - Filling up the DagBag from /opt/airflow/dags/isr_pipeline.py
[2026-04-06T14:52:36.458+0000] {processor.py:840} INFO - DAG(s) 'isr_pipeline' retrieved from /opt/airflow/dags/isr_pipeline.py
[2026-04-06T14:52:36.646+0000] {logging_mixin.py:188} INFO - [2026-04-06T14:52:36.645+0000] {dag.py:3096} INFO - Sync 1 DAGs
[2026-04-06T14:52:36.865+0000] {processor.py:183} INFO - Processing /opt/airflow/dags/isr_pipeline.py took 0.549 seconds
[2026-04-06T14:53:07.370+0000] {processor.py:161} INFO - Started process (PID=65611) to work on /opt/airflow/dags/isr_pipeline.py
[2026-04-06T14:53:07.379+0000] {processor.py:830} INFO - Processing file /opt/airflow/dags/isr_pipeline.py for tasks to queue
[2026-04-06T14:53:07.387+0000] {logging_mixin.py:188} INFO - [2026-04-06T14:53:07.385+0000] {dagbag.py:540} INFO - Filling up the DagBag from /opt/airflow/dags/isr_pipeline.py
[2026-04-06T14:53:07.482+0000] {processor.py:840} INFO - DAG(s) 'isr_pipeline' retrieved from /opt/airflow/dags/isr_pipeline.py
[2026-04-06T14:53:07.666+0000] {logging_mixin.py:188} INFO - [2026-04-06T14:53:07.665+0000] {dag.py:3096} INFO - Sync 1 DAGs
[2026-04-06T14:53:07.869+0000] {processor.py:183} INFO - Processing /opt/airflow/dags/isr_pipeline.py took 0.557 seconds
[2026-04-06T14:53:38.116+0000] {processor.py:161} INFO - Started process (PID=65616) to work on /opt/airflow/dags/isr_pipeline.py
[2026-04-06T14:53:38.124+0000] {processor.py:830} INFO - Processing file /opt/airflow/dags/isr_pipeline.py for tasks to queue
[2026-04-06T14:53:38.134+0000] {logging_mixin.py:188} INFO - [2026-04-06T14:53:38.132+0000] {dagbag.py:540} INFO - Filling up the DagBag from /opt/airflow/dags/isr_pipeline.py
[2026-04-06T14:53:38.244+0000] {processor.py:840} INFO - DAG(s) 'isr_pipeline' retrieved from /opt/airflow/dags/isr_pipeline.py
[2026-04-06T14:53:38.427+0000] {logging_mixin.py:188} INFO - [2026-04-06T14:53:38.426+0000] {dag.py:3096} INFO - Sync 1 DAGs
[2026-04-06T14:53:38.643+0000] {processor.py:183} INFO - Processing /opt/airflow/dags/isr_pipeline.py took 0.573 seconds
[2026-04-06T14:54:09.178+0000] {processor.py:161} INFO - Started process (PID=65621) to work on /opt/airflow/dags/isr_pipeline.py
[2026-04-06T14:54:09.186+0000] {processor.py:830} INFO - Processing file /opt/airflow/dags/isr_pipeline.py for tasks to queue
[2026-04-06T14:54:09.198+0000] {logging_mixin.py:188} INFO - [2026-04-06T14:54:09.196+0000] {dagbag.py:540} INFO - Filling up the DagBag from /opt/airflow/dags/isr_pipeline.py
[2026-04-06T14:54:09.306+0000] {processor.py:840} INFO - DAG(s) 'isr_pipeline' retrieved from /opt/airflow/dags/isr_pipeline.py
[2026-04-06T14:54:09.492+0000] {logging_mixin.py:188} INFO - [2026-04-06T14:54:09.491+0000] {dag.py:3096} INFO - Sync 1 DAGs
[2026-04-06T14:54:09.694+0000] {processor.py:183} INFO - Processing /opt/airflow/dags/isr_pipeline.py took 0.557 seconds
[2026-04-06T14:54:40.078+0000] {processor.py:161} INFO - Started process (PID=65626) to work on /opt/airflow/dags/isr_pipeline.py
[2026-04-06T14:54:40.087+0000] {processor.py:830} INFO - Processing file /opt/airflow/dags/isr_pipeline.py for tasks to queue
[2026-04-06T14:54:40.094+0000] {logging_mixin.py:188} INFO - [2026-04-06T14:54:40.092+0000] {dagbag.py:540} INFO - Filling up the DagBag from /opt/airflow/dags/isr_pipeline.py
[2026-04-06T14:54:40.210+0000] {processor.py:840} INFO - DAG(s) 'isr_pipeline' retrieved from /opt/airflow/dags/isr_pipeline.py
[2026-04-06T14:54:40.394+0000] {logging_mixin.py:188} INFO - [2026-04-06T14:54:40.393+0000] {dag.py:3096} INFO - Sync 1 DAGs
[2026-04-06T14:54:40.605+0000] {processor.py:183} INFO - Processing /opt/airflow/dags/isr_pipeline.py took 0.566 seconds
[2026-04-06T14:55:11.055+0000] {processor.py:161} INFO - Started process (PID=65631) to work on /opt/airflow/dags/isr_pipeline.py
[2026-04-06T14:55:11.063+0000] {processor.py:830} INFO - Processing file /opt/airflow/dags/isr_pipeline.py for tasks to queue
[2026-04-06T14:55:11.072+0000] {logging_mixin.py:188} INFO - [2026-04-06T14:55:11.070+0000] {dagbag.py:540} INFO - Filling up the DagBag from /opt/airflow/dags/isr_pipeline.py
[2026-04-06T14:55:11.181+0000] {processor.py:840} INFO - DAG(s) 'isr_pipeline' retrieved from /opt/airflow/dags/isr_pipeline.py
[2026-04-06T14:55:11.398+0000] {logging_mixin.py:188} INFO - [2026-04-06T14:55:11.397+0000] {dag.py:3096} INFO - Sync 1 DAGs
[2026-04-06T14:55:11.617+0000] {processor.py:183} INFO - Processing /opt/airflow/dags/isr_pipeline.py took 0.602 seconds
[2026-04-06T14:55:42.110+0000] {processor.py:161} INFO - Started process (PID=65636) to work on /opt/airflow/dags/isr_pipeline.py
[2026-04-06T14:55:42.119+0000] {processor.py:830} INFO - Processing file /opt/airflow/dags/isr_pipeline.py for tasks to queue
[2026-04-06T14:55:42.127+0000] {logging_mixin.py:188} INFO - [2026-04-06T14:55:42.125+0000] {dagbag.py:540} INFO - Filling up the DagBag from /opt/airflow/dags/isr_pipeline.py
[2026-04-06T14:55:42.235+0000] {processor.py:840} INFO - DAG(s) 'isr_pipeline' retrieved from /opt/airflow/dags/isr_pipeline.py
[2026-04-06T14:55:42.443+0000] {logging_mixin.py:188} INFO - [2026-04-06T14:55:42.442+0000] {dag.py:3096} INFO - Sync 1 DAGs
[2026-04-06T14:55:42.655+0000] {processor.py:183} INFO - Processing /opt/airflow/dags/isr_pipeline.py took 0.593 seconds
[2026-04-06T14:56:13.191+0000] {processor.py:161} INFO - Started process (PID=65641) to work on /opt/airflow/dags/isr_pipeline.py
[2026-04-06T14:56:13.199+0000] {processor.py:830} INFO - Processing file /opt/airflow/dags/isr_pipeline.py for tasks to queue
[2026-04-06T14:56:13.206+0000] {logging_mixin.py:188} INFO - [2026-04-06T14:56:13.204+0000] {dagbag.py:540} INFO - Filling up the DagBag from /opt/airflow/dags/isr_pipeline.py
[2026-04-06T14:56:13.311+0000] {processor.py:840} INFO - DAG(s) 'isr_pipeline' retrieved from /opt/airflow/dags/isr_pipeline.py
[2026-04-06T14:56:13.529+0000] {logging_mixin.py:188} INFO - [2026-04-06T14:56:13.527+0000] {dag.py:3096} INFO - Sync 1 DAGs
[2026-04-06T14:56:13.733+0000] {processor.py:183} INFO - Processing /opt/airflow/dags/isr_pipeline.py took 0.588 seconds
[2026-04-06T14:56:44.251+0000] {processor.py:161} INFO - Started process (PID=65646) to work on /opt/airflow/dags/isr_pipeline.py
[2026-04-06T14:56:44.261+0000] {processor.py:830} INFO - Processing file /opt/airflow/dags/isr_pipeline.py for tasks to queue
[2026-04-06T14:56:44.267+0000] {logging_mixin.py:188} INFO - [2026-04-06T14:56:44.266+0000] {dagbag.py:540} INFO - Filling up the DagBag from /opt/airflow/dags/isr_pipeline.py
[2026-04-06T14:56:44.368+0000] {processor.py:840} INFO - DAG(s) 'isr_pipeline' retrieved from /opt/airflow/dags/isr_pipeline.py
[2026-04-06T14:56:44.560+0000] {logging_mixin.py:188} INFO - [2026-04-06T14:56:44.559+0000] {dag.py:3096} INFO - Sync 1 DAGs
[2026-04-06T14:56:44.769+0000] {processor.py:183} INFO - Processing /opt/airflow/dags/isr_pipeline.py took 0.565 seconds
[2026-04-06T14:57:15.188+0000] {processor.py:161} INFO - Started process (PID=65651) to work on /opt/airflow/dags/isr_pipeline.py
[2026-04-06T14:57:15.196+0000] {processor.py:830} INFO - Processing file /opt/airflow/dags/isr_pipeline.py for tasks to queue
[2026-04-06T14:57:15.203+0000] {logging_mixin.py:188} INFO - [2026-04-06T14:57:15.201+0000] {dagbag.py:540} INFO - Filling up the DagBag from /opt/airflow/dags/isr_pipeline.py
[2026-04-06T14:57:15.301+0000] {processor.py:840} INFO - DAG(s) 'isr_pipeline' retrieved from /opt/airflow/dags/isr_pipeline.py
[2026-04-06T14:57:15.481+0000] {logging_mixin.py:188} INFO - [2026-04-06T14:57:15.480+0000] {dag.py:3096} INFO - Sync 1 DAGs
[2026-04-06T14:57:15.679+0000] {processor.py:183} INFO - Processing /opt/airflow/dags/isr_pipeline.py took 0.532 seconds
[2026-04-06T14:57:46.234+0000] {processor.py:161} INFO - Started process (PID=65656) to work on /opt/airflow/dags/isr_pipeline.py
[2026-04-06T14:57:46.241+0000] {processor.py:830} INFO - Processing file /opt/airflow/dags/isr_pipeline.py for tasks to queue
[2026-04-06T14:57:46.248+0000] {logging_mixin.py:188} INFO - [2026-04-06T14:57:46.247+0000] {dagbag.py:540} INFO - Filling up the DagBag from /opt/airflow/dags/isr_pipeline.py
[2026-04-06T14:57:46.350+0000] {processor.py:840} INFO - DAG(s) 'isr_pipeline' retrieved from /opt/airflow/dags/isr_pipeline.py
[2026-04-06T14:57:46.542+0000] {logging_mixin.py:188} INFO - [2026-04-06T14:57:46.541+0000] {dag.py:3096} INFO - Sync 1 DAGs
[2026-04-06T14:57:46.747+0000] {processor.py:183} INFO - Processing /opt/airflow/dags/isr_pipeline.py took 0.562 seconds
[2026-04-06T14:58:16.941+0000] {processor.py:161} INFO - Started process (PID=65661) to work on /opt/airflow/dags/isr_pipeline.py
[2026-04-06T14:58:16.949+0000] {processor.py:830} INFO - Processing file /opt/airflow/dags/isr_pipeline.py for tasks to queue
[2026-04-06T14:58:16.957+0000] {logging_mixin.py:188} INFO - [2026-04-06T14:58:16.955+0000] {dagbag.py:540} INFO - Filling up the DagBag from /opt/airflow/dags/isr_pipeline.py
[2026-04-06T14:58:17.052+0000] {processor.py:840} INFO - DAG(s) 'isr_pipeline' retrieved from /opt/airflow/dags/isr_pipeline.py
[2026-04-06T14:58:17.247+0000] {logging_mixin.py:188} INFO - [2026-04-06T14:58:17.246+0000] {dag.py:3096} INFO - Sync 1 DAGs
[2026-04-06T14:58:17.447+0000] {processor.py:183} INFO - Processing /opt/airflow/dags/isr_pipeline.py took 0.551 seconds
[2026-04-06T14:58:47.901+0000] {processor.py:161} INFO - Started process (PID=65666) to work on /opt/airflow/dags/isr_pipeline.py
[2026-04-06T14:58:47.908+0000] {processor.py:830} INFO - Processing file /opt/airflow/dags/isr_pipeline.py for tasks to queue
[2026-04-06T14:58:47.915+0000] {logging_mixin.py:188} INFO - [2026-04-06T14:58:47.914+0000] {dagbag.py:540} INFO - Filling up the DagBag from /opt/airflow/dags/isr_pipeline.py
[2026-04-06T14:58:48.024+0000] {processor.py:840} INFO - DAG(s) 'isr_pipeline' retrieved from /opt/airflow/dags/isr_pipeline.py
[2026-04-06T14:58:48.274+0000] {logging_mixin.py:188} INFO - [2026-04-06T14:58:48.272+0000] {dag.py:3096} INFO - Sync 1 DAGs
[2026-04-06T14:58:48.493+0000] {processor.py:183} INFO - Processing /opt/airflow/dags/isr_pipeline.py took 0.631 seconds
[2026-04-06T14:59:18.932+0000] {processor.py:161} INFO - Started process (PID=65671) to work on /opt/airflow/dags/isr_pipeline.py
[2026-04-06T14:59:18.941+0000] {processor.py:830} INFO - Processing file /opt/airflow/dags/isr_pipeline.py for tasks to queue
[2026-04-06T14:59:18.949+0000] {logging_mixin.py:188} INFO - [2026-04-06T14:59:18.947+0000] {dagbag.py:540} INFO - Filling up the DagBag from /opt/airflow/dags/isr_pipeline.py
[2026-04-06T14:59:19.061+0000] {processor.py:840} INFO - DAG(s) 'isr_pipeline' retrieved from /opt/airflow/dags/isr_pipeline.py
[2026-04-06T14:59:19.279+0000] {logging_mixin.py:188} INFO - [2026-04-06T14:59:19.278+0000] {dag.py:3096} INFO - Sync 1 DAGs
[2026-04-06T14:59:19.498+0000] {processor.py:183} INFO - Processing /opt/airflow/dags/isr_pipeline.py took 0.604 seconds
[2026-04-06T14:59:50.045+0000] {processor.py:161} INFO - Started process (PID=65676) to work on /opt/airflow/dags/isr_pipeline.py
[2026-04-06T14:59:50.053+0000] {processor.py:830} INFO - Processing file /opt/airflow/dags/isr_pipeline.py for tasks to queue
[2026-04-06T14:59:50.060+0000] {logging_mixin.py:188} INFO - [2026-04-06T14:59:50.058+0000] {dagbag.py:540} INFO - Filling up the DagBag from /opt/airflow/dags/isr_pipeline.py
[2026-04-06T14:59:50.285+0000] {processor.py:840} INFO - DAG(s) 'isr_pipeline' retrieved from /opt/airflow/dags/isr_pipeline.py
[2026-04-06T14:59:50.494+0000] {logging_mixin.py:188} INFO - [2026-04-06T14:59:50.493+0000] {dag.py:3096} INFO - Sync 1 DAGs
[2026-04-06T14:59:50.743+0000] {processor.py:183} INFO - Processing /opt/airflow/dags/isr_pipeline.py took 0.748 seconds
[2026-04-06T15:00:21.269+0000] {processor.py:161} INFO - Started process (PID=65681) to work on /opt/airflow/dags/isr_pipeline.py
[2026-04-06T15:00:21.278+0000] {processor.py:830} INFO - Processing file /opt/airflow/dags/isr_pipeline.py for tasks to queue
[2026-04-06T15:00:21.289+0000] {logging_mixin.py:188} INFO - [2026-04-06T15:00:21.287+0000] {dagbag.py:540} INFO - Filling up the DagBag from /opt/airflow/dags/isr_pipeline.py
[2026-04-06T15:00:21.393+0000] {processor.py:840} INFO - DAG(s) 'isr_pipeline' retrieved from /opt/airflow/dags/isr_pipeline.py
[2026-04-06T15:00:21.590+0000] {logging_mixin.py:188} INFO - [2026-04-06T15:00:21.589+0000] {dag.py:3096} INFO - Sync 1 DAGs
[2026-04-06T15:00:21.893+0000] {processor.py:183} INFO - Processing /opt/airflow/dags/isr_pipeline.py took 0.670 seconds
[2026-04-06T15:00:52.423+0000] {processor.py:161} INFO - Started process (PID=65686) to work on /opt/airflow/dags/isr_pipeline.py
[2026-04-06T15:00:52.430+0000] {processor.py:830} INFO - Processing file /opt/airflow/dags/isr_pipeline.py for tasks to queue
[2026-04-06T15:00:52.438+0000] {logging_mixin.py:188} INFO - [2026-04-06T15:00:52.436+0000] {dagbag.py:540} INFO - Filling up the DagBag from /opt/airflow/dags/isr_pipeline.py
[2026-04-06T15:00:52.531+0000] {processor.py:840} INFO - DAG(s) 'isr_pipeline' retrieved from /opt/airflow/dags/isr_pipeline.py
[2026-04-06T15:00:52.710+0000] {logging_mixin.py:188} INFO - [2026-04-06T15:00:52.709+0000] {dag.py:3096} INFO - Sync 1 DAGs
[2026-04-06T15:00:52.915+0000] {processor.py:183} INFO - Processing /opt/airflow/dags/isr_pipeline.py took 0.528 seconds
[2026-04-06T15:01:23.284+0000] {processor.py:161} INFO - Started process (PID=65691) to work on /opt/airflow/dags/isr_pipeline.py
[2026-04-06T15:01:23.292+0000] {processor.py:830} INFO - Processing file /opt/airflow/dags/isr_pipeline.py for tasks to queue
[2026-04-06T15:01:23.299+0000] {logging_mixin.py:188} INFO - [2026-04-06T15:01:23.296+0000] {dagbag.py:540} INFO - Filling up the DagBag from /opt/airflow/dags/isr_pipeline.py
[2026-04-06T15:01:23.388+0000] {processor.py:840} INFO - DAG(s) 'isr_pipeline' retrieved from /opt/airflow/dags/isr_pipeline.py
[2026-04-06T15:01:23.578+0000] {logging_mixin.py:188} INFO - [2026-04-06T15:01:23.577+0000] {dag.py:3096} INFO - Sync 1 DAGs
[2026-04-06T15:01:23.783+0000] {processor.py:183} INFO - Processing /opt/airflow/dags/isr_pipeline.py took 0.538 seconds
[2026-04-06T15:01:54.399+0000] {processor.py:161} INFO - Started process (PID=65696) to work on /opt/airflow/dags/isr_pipeline.py
[2026-04-06T15:01:54.406+0000] {processor.py:830} INFO - Processing file /opt/airflow/dags/isr_pipeline.py for tasks to queue
[2026-04-06T15:01:54.413+0000] {logging_mixin.py:188} INFO - [2026-04-06T15:01:54.411+0000] {dagbag.py:540} INFO - Filling up the DagBag from /opt/airflow/dags/isr_pipeline.py
[2026-04-06T15:01:54.508+0000] {processor.py:840} INFO - DAG(s) 'isr_pipeline' retrieved from /opt/airflow/dags/isr_pipeline.py
[2026-04-06T15:01:54.698+0000] {logging_mixin.py:188} INFO - [2026-04-06T15:01:54.697+0000] {dag.py:3096} INFO - Sync 1 DAGs
[2026-04-06T15:01:54.899+0000] {processor.py:183} INFO - Processing /opt/airflow/dags/isr_pipeline.py took 0.539 seconds
[2026-04-06T15:02:25.397+0000] {processor.py:161} INFO - Started process (PID=65701) to work on /opt/airflow/dags/isr_pipeline.py
[2026-04-06T15:02:25.404+0000] {processor.py:830} INFO - Processing file /opt/airflow/dags/isr_pipeline.py for tasks to queue
[2026-04-06T15:02:25.412+0000] {logging_mixin.py:188} INFO - [2026-04-06T15:02:25.410+0000] {dagbag.py:540} INFO - Filling up the DagBag from /opt/airflow/dags/isr_pipeline.py
[2026-04-06T15:02:25.514+0000] {processor.py:840} INFO - DAG(s) 'isr_pipeline' retrieved from /opt/airflow/dags/isr_pipeline.py
[2026-04-06T15:02:25.694+0000] {logging_mixin.py:188} INFO - [2026-04-06T15:02:25.693+0000] {dag.py:3096} INFO - Sync 1 DAGs
[2026-04-06T15:02:25.895+0000] {processor.py:183} INFO - Processing /opt/airflow/dags/isr_pipeline.py took 0.537 seconds
[2026-04-06T15:02:56.400+0000] {processor.py:161} INFO - Started process (PID=65706) to work on /opt/airflow/dags/isr_pipeline.py
[2026-04-06T15:02:56.410+0000] {processor.py:830} INFO - Processing file /opt/airflow/dags/isr_pipeline.py for tasks to queue
[2026-04-06T15:02:56.417+0000] {logging_mixin.py:188} INFO - [2026-04-06T15:02:56.415+0000] {dagbag.py:540} INFO - Filling up the DagBag from /opt/airflow/dags/isr_pipeline.py
[2026-04-06T15:02:56.518+0000] {processor.py:840} INFO - DAG(s) 'isr_pipeline' retrieved from /opt/airflow/dags/isr_pipeline.py
[2026-04-06T15:02:56.694+0000] {logging_mixin.py:188} INFO - [2026-04-06T15:02:56.693+0000] {dag.py:3096} INFO - Sync 1 DAGs
[2026-04-06T15:02:56.890+0000] {processor.py:183} INFO - Processing /opt/airflow/dags/isr_pipeline.py took 0.529 seconds
[2026-04-06T15:03:27.503+0000] {processor.py:161} INFO - Started process (PID=65711) to work on /opt/airflow/dags/isr_pipeline.py
[2026-04-06T15:03:27.511+0000] {processor.py:830} INFO - Processing file /opt/airflow/dags/isr_pipeline.py for tasks to queue
[2026-04-06T15:03:27.518+0000] {logging_mixin.py:188} INFO - [2026-04-06T15:03:27.516+0000] {dagbag.py:540} INFO - Filling up the DagBag from /opt/airflow/dags/isr_pipeline.py
[2026-04-06T15:03:27.614+0000] {processor.py:840} INFO - DAG(s) 'isr_pipeline' retrieved from /opt/airflow/dags/isr_pipeline.py
[2026-04-06T15:03:27.800+0000] {logging_mixin.py:188} INFO - [2026-04-06T15:03:27.799+0000] {dag.py:3096} INFO - Sync 1 DAGs
[2026-04-06T15:03:27.998+0000] {processor.py:183} INFO - Processing /opt/airflow/dags/isr_pipeline.py took 0.534 seconds
[2026-04-06T15:03:58.491+0000] {processor.py:161} INFO - Started process (PID=65716) to work on /opt/airflow/dags/isr_pipeline.py
[2026-04-06T15:03:58.498+0000] {processor.py:830} INFO - Processing file /opt/airflow/dags/isr_pipeline.py for tasks to queue
[2026-04-06T15:03:58.505+0000] {logging_mixin.py:188} INFO - [2026-04-06T15:03:58.503+0000] {dagbag.py:540} INFO - Filling up the DagBag from /opt/airflow/dags/isr_pipeline.py
[2026-04-06T15:03:58.602+0000] {processor.py:840} INFO - DAG(s) 'isr_pipeline' retrieved from /opt/airflow/dags/isr_pipeline.py
[2026-04-06T15:03:58.786+0000] {logging_mixin.py:188} INFO - [2026-04-06T15:03:58.784+0000] {dag.py:3096} INFO - Sync 1 DAGs
[2026-04-06T15:03:58.990+0000] {processor.py:183} INFO - Processing /opt/airflow/dags/isr_pipeline.py took 0.537 seconds
[2026-04-06T15:04:29.431+0000] {processor.py:161} INFO - Started process (PID=65721) to work on /opt/airflow/dags/isr_pipeline.py
[2026-04-06T15:04:29.441+0000] {processor.py:830} INFO - Processing file /opt/airflow/dags/isr_pipeline.py for tasks to queue
[2026-04-06T15:04:29.448+0000] {logging_mixin.py:188} INFO - [2026-04-06T15:04:29.446+0000] {dagbag.py:540} INFO - Filling up the DagBag from /opt/airflow/dags/isr_pipeline.py
[2026-04-06T15:04:29.557+0000] {processor.py:840} INFO - DAG(s) 'isr_pipeline' retrieved from /opt/airflow/dags/isr_pipeline.py
[2026-04-06T15:04:29.732+0000] {logging_mixin.py:188} INFO - [2026-04-06T15:04:29.730+0000] {dag.py:3096} INFO - Sync 1 DAGs
[2026-04-06T15:04:29.932+0000] {processor.py:183} INFO - Processing /opt/airflow/dags/isr_pipeline.py took 0.536 seconds
[2026-04-06T15:05:00.483+0000] {processor.py:161} INFO - Started process (PID=65726) to work on /opt/airflow/dags/isr_pipeline.py
[2026-04-06T15:05:00.490+0000] {processor.py:830} INFO - Processing file /opt/airflow/dags/isr_pipeline.py for tasks to queue
[2026-04-06T15:05:00.497+0000] {logging_mixin.py:188} INFO - [2026-04-06T15:05:00.495+0000] {dagbag.py:540} INFO - Filling up the DagBag from /opt/airflow/dags/isr_pipeline.py
[2026-04-06T15:05:00.592+0000] {processor.py:840} INFO - DAG(s) 'isr_pipeline' retrieved from /opt/airflow/dags/isr_pipeline.py
[2026-04-06T15:05:00.782+0000] {logging_mixin.py:188} INFO - [2026-04-06T15:05:00.781+0000] {dag.py:3096} INFO - Sync 1 DAGs
[2026-04-06T15:05:00.982+0000] {processor.py:183} INFO - Processing /opt/airflow/dags/isr_pipeline.py took 0.539 seconds
[2026-04-06T15:05:31.196+0000] {processor.py:161} INFO - Started process (PID=65731) to work on /opt/airflow/dags/isr_pipeline.py
[2026-04-06T15:05:31.204+0000] {processor.py:830} INFO - Processing file /opt/airflow/dags/isr_pipeline.py for tasks to queue
[2026-04-06T15:05:31.212+0000] {logging_mixin.py:188} INFO - [2026-04-06T15:05:31.210+0000] {dagbag.py:540} INFO - Filling up the DagBag from /opt/airflow/dags/isr_pipeline.py
[2026-04-06T15:05:31.304+0000] {processor.py:840} INFO - DAG(s) 'isr_pipeline' retrieved from /opt/airflow/dags/isr_pipeline.py
[2026-04-06T15:05:31.487+0000] {logging_mixin.py:188} INFO - [2026-04-06T15:05:31.486+0000] {dag.py:3096} INFO - Sync 1 DAGs
[2026-04-06T15:05:31.690+0000] {processor.py:183} INFO - Processing /opt/airflow/dags/isr_pipeline.py took 0.536 seconds
[2026-04-06T15:06:01.895+0000] {processor.py:161} INFO - Started process (PID=65736) to work on /opt/airflow/dags/isr_pipeline.py
[2026-04-06T15:06:01.902+0000] {processor.py:830} INFO - Processing file /opt/airflow/dags/isr_pipeline.py for tasks to queue
[2026-04-06T15:06:01.909+0000] {logging_mixin.py:188} INFO - [2026-04-06T15:06:01.907+0000] {dagbag.py:540} INFO - Filling up the DagBag from /opt/airflow/dags/isr_pipeline.py
[2026-04-06T15:06:02.009+0000] {processor.py:840} INFO - DAG(s) 'isr_pipeline' retrieved from /opt/airflow/dags/isr_pipeline.py
[2026-04-06T15:06:02.218+0000] {logging_mixin.py:188} INFO - [2026-04-06T15:06:02.217+0000] {dag.py:3096} INFO - Sync 1 DAGs
[2026-04-06T15:06:02.425+0000] {processor.py:183} INFO - Processing /opt/airflow/dags/isr_pipeline.py took 0.569 seconds
[2026-04-06T15:06:32.907+0000] {processor.py:161} INFO - Started process (PID=65741) to work on /opt/airflow/dags/isr_pipeline.py
[2026-04-06T15:06:32.915+0000] {processor.py:830} INFO - Processing file /opt/airflow/dags/isr_pipeline.py for tasks to queue
[2026-04-06T15:06:32.923+0000] {logging_mixin.py:188} INFO - [2026-04-06T15:06:32.922+0000] {dagbag.py:540} INFO - Filling up the DagBag from /opt/airflow/dags/isr_pipeline.py
[2026-04-06T15:06:33.021+0000] {processor.py:840} INFO - DAG(s) 'isr_pipeline' retrieved from /opt/airflow/dags/isr_pipeline.py
[2026-04-06T15:06:33.226+0000] {logging_mixin.py:188} INFO - [2026-04-06T15:06:33.225+0000] {dag.py:3096} INFO - Sync 1 DAGs
[2026-04-06T15:06:33.445+0000] {processor.py:183} INFO - Processing /opt/airflow/dags/isr_pipeline.py took 0.580 seconds
[2026-04-06T15:07:03.962+0000] {processor.py:161} INFO - Started process (PID=65746) to work on /opt/airflow/dags/isr_pipeline.py
[2026-04-06T15:07:03.972+0000] {processor.py:830} INFO - Processing file /opt/airflow/dags/isr_pipeline.py for tasks to queue
[2026-04-06T15:07:03.980+0000] {logging_mixin.py:188} INFO - [2026-04-06T15:07:03.978+0000] {dagbag.py:540} INFO - Filling up the DagBag from /opt/airflow/dags/isr_pipeline.py
[2026-04-06T15:07:04.081+0000] {processor.py:840} INFO - DAG(s) 'isr_pipeline' retrieved from /opt/airflow/dags/isr_pipeline.py
[2026-04-06T15:07:04.272+0000] {logging_mixin.py:188} INFO - [2026-04-06T15:07:04.271+0000] {dag.py:3096} INFO - Sync 1 DAGs
[2026-04-06T15:07:04.482+0000] {processor.py:183} INFO - Processing /opt/airflow/dags/isr_pipeline.py took 0.560 seconds
[2026-04-06T15:07:34.971+0000] {processor.py:161} INFO - Started process (PID=65751) to work on /opt/airflow/dags/isr_pipeline.py
[2026-04-06T15:07:34.978+0000] {processor.py:830} INFO - Processing file /opt/airflow/dags/isr_pipeline.py for tasks to queue
[2026-04-06T15:07:34.985+0000] {logging_mixin.py:188} INFO - [2026-04-06T15:07:34.983+0000] {dagbag.py:540} INFO - Filling up the DagBag from /opt/airflow/dags/isr_pipeline.py
[2026-04-06T15:07:35.087+0000] {processor.py:840} INFO - DAG(s) 'isr_pipeline' retrieved from /opt/airflow/dags/isr_pipeline.py
[2026-04-06T15:07:35.286+0000] {logging_mixin.py:188} INFO - [2026-04-06T15:07:35.285+0000] {dag.py:3096} INFO - Sync 1 DAGs
[2026-04-06T15:07:35.496+0000] {processor.py:183} INFO - Processing /opt/airflow/dags/isr_pipeline.py took 0.564 seconds
[2026-04-06T15:08:05.701+0000] {processor.py:161} INFO - Started process (PID=65756) to work on /opt/airflow/dags/isr_pipeline.py
[2026-04-06T15:08:05.709+0000] {processor.py:830} INFO - Processing file /opt/airflow/dags/isr_pipeline.py for tasks to queue
[2026-04-06T15:08:05.716+0000] {logging_mixin.py:188} INFO - [2026-04-06T15:08:05.714+0000] {dagbag.py:540} INFO - Filling up the DagBag from /opt/airflow/dags/isr_pipeline.py
[2026-04-06T15:08:05.809+0000] {processor.py:840} INFO - DAG(s) 'isr_pipeline' retrieved from /opt/airflow/dags/isr_pipeline.py
[2026-04-06T15:08:05.996+0000] {logging_mixin.py:188} INFO - [2026-04-06T15:08:05.995+0000] {dag.py:3096} INFO - Sync 1 DAGs
[2026-04-06T15:08:06.223+0000] {processor.py:183} INFO - Processing /opt/airflow/dags/isr_pipeline.py took 0.563 seconds
[2026-04-06T15:08:36.714+0000] {processor.py:161} INFO - Started process (PID=65761) to work on /opt/airflow/dags/isr_pipeline.py
[2026-04-06T15:08:36.721+0000] {processor.py:830} INFO - Processing file /opt/airflow/dags/isr_pipeline.py for tasks to queue
[2026-04-06T15:08:36.729+0000] {logging_mixin.py:188} INFO - [2026-04-06T15:08:36.727+0000] {dagbag.py:540} INFO - Filling up the DagBag from /opt/airflow/dags/isr_pipeline.py
[2026-04-06T15:08:36.820+0000] {processor.py:840} INFO - DAG(s) 'isr_pipeline' retrieved from /opt/airflow/dags/isr_pipeline.py
[2026-04-06T15:08:37.004+0000] {logging_mixin.py:188} INFO - [2026-04-06T15:08:37.003+0000] {dag.py:3096} INFO - Sync 1 DAGs
[2026-04-06T15:08:37.233+0000] {processor.py:183} INFO - Processing /opt/airflow/dags/isr_pipeline.py took 0.556 seconds
[2026-04-06T15:09:07.694+0000] {processor.py:161} INFO - Started process (PID=65766) to work on /opt/airflow/dags/isr_pipeline.py
[2026-04-06T15:09:07.701+0000] {processor.py:830} INFO - Processing file /opt/airflow/dags/isr_pipeline.py for tasks to queue
[2026-04-06T15:09:07.709+0000] {logging_mixin.py:188} INFO - [2026-04-06T15:09:07.707+0000] {dagbag.py:540} INFO - Filling up the DagBag from /opt/airflow/dags/isr_pipeline.py
[2026-04-06T15:09:07.798+0000] {processor.py:840} INFO - DAG(s) 'isr_pipeline' retrieved from /opt/airflow/dags/isr_pipeline.py
[2026-04-06T15:09:07.981+0000] {logging_mixin.py:188} INFO - [2026-04-06T15:09:07.980+0000] {dag.py:3096} INFO - Sync 1 DAGs
[2026-04-06T15:09:08.219+0000] {processor.py:183} INFO - Processing /opt/airflow/dags/isr_pipeline.py took 0.560 seconds
[2026-04-06T15:09:38.739+0000] {processor.py:161} INFO - Started process (PID=65771) to work on /opt/airflow/dags/isr_pipeline.py
[2026-04-06T15:09:38.746+0000] {processor.py:830} INFO - Processing file /opt/airflow/dags/isr_pipeline.py for tasks to queue
[2026-04-06T15:09:38.755+0000] {logging_mixin.py:188} INFO - [2026-04-06T15:09:38.753+0000] {dagbag.py:540} INFO - Filling up the DagBag from /opt/airflow/dags/isr_pipeline.py
[2026-04-06T15:09:38.843+0000] {processor.py:840} INFO - DAG(s) 'isr_pipeline' retrieved from /opt/airflow/dags/isr_pipeline.py
[2026-04-06T15:09:39.051+0000] {logging_mixin.py:188} INFO - [2026-04-06T15:09:39.048+0000] {dag.py:3096} INFO - Sync 1 DAGs
[2026-04-06T15:09:39.291+0000] {processor.py:183} INFO - Processing /opt/airflow/dags/isr_pipeline.py took 0.590 seconds
[2026-04-06T15:10:09.481+0000] {processor.py:161} INFO - Started process (PID=65776) to work on /opt/airflow/dags/isr_pipeline.py
[2026-04-06T15:10:09.488+0000] {processor.py:830} INFO - Processing file /opt/airflow/dags/isr_pipeline.py for tasks to queue
[2026-04-06T15:10:09.495+0000] {logging_mixin.py:188} INFO - [2026-04-06T15:10:09.493+0000] {dagbag.py:540} INFO - Filling up the DagBag from /opt/airflow/dags/isr_pipeline.py
[2026-04-06T15:10:09.588+0000] {processor.py:840} INFO - DAG(s) 'isr_pipeline' retrieved from /opt/airflow/dags/isr_pipeline.py
[2026-04-06T15:10:09.769+0000] {logging_mixin.py:188} INFO - [2026-04-06T15:10:09.768+0000] {dag.py:3096} INFO - Sync 1 DAGs
[2026-04-06T15:10:09.972+0000] {processor.py:183} INFO - Processing /opt/airflow/dags/isr_pipeline.py took 0.530 seconds
[2026-04-06T15:10:40.514+0000] {processor.py:161} INFO - Started process (PID=65781) to work on /opt/airflow/dags/isr_pipeline.py
[2026-04-06T15:10:40.522+0000] {processor.py:830} INFO - Processing file /opt/airflow/dags/isr_pipeline.py for tasks to queue
[2026-04-06T15:10:40.529+0000] {logging_mixin.py:188} INFO - [2026-04-06T15:10:40.527+0000] {dagbag.py:540} INFO - Filling up the DagBag from /opt/airflow/dags/isr_pipeline.py
[2026-04-06T15:10:40.626+0000] {processor.py:840} INFO - DAG(s) 'isr_pipeline' retrieved from /opt/airflow/dags/isr_pipeline.py
[2026-04-06T15:10:40.809+0000] {logging_mixin.py:188} INFO - [2026-04-06T15:10:40.808+0000] {dag.py:3096} INFO - Sync 1 DAGs
[2026-04-06T15:10:41.032+0000] {processor.py:183} INFO - Processing /opt/airflow/dags/isr_pipeline.py took 0.555 seconds
[2026-04-06T15:11:11.444+0000] {processor.py:161} INFO - Started process (PID=65786) to work on /opt/airflow/dags/isr_pipeline.py
[2026-04-06T15:11:11.451+0000] {processor.py:830} INFO - Processing file /opt/airflow/dags/isr_pipeline.py for tasks to queue
[2026-04-06T15:11:11.458+0000] {logging_mixin.py:188} INFO - [2026-04-06T15:11:11.456+0000] {dagbag.py:540} INFO - Filling up the DagBag from /opt/airflow/dags/isr_pipeline.py
[2026-04-06T15:11:11.550+0000] {processor.py:840} INFO - DAG(s) 'isr_pipeline' retrieved from /opt/airflow/dags/isr_pipeline.py
[2026-04-06T15:11:11.734+0000] {logging_mixin.py:188} INFO - [2026-04-06T15:11:11.733+0000] {dag.py:3096} INFO - Sync 1 DAGs
[2026-04-06T15:11:11.947+0000] {processor.py:183} INFO - Processing /opt/airflow/dags/isr_pipeline.py took 0.543 seconds
[2026-04-06T15:11:42.471+0000] {processor.py:161} INFO - Started process (PID=65791) to work on /opt/airflow/dags/isr_pipeline.py
[2026-04-06T15:11:42.478+0000] {processor.py:830} INFO - Processing file /opt/airflow/dags/isr_pipeline.py for tasks to queue
[2026-04-06T15:11:42.485+0000] {logging_mixin.py:188} INFO - [2026-04-06T15:11:42.483+0000] {dagbag.py:540} INFO - Filling up the DagBag from /opt/airflow/dags/isr_pipeline.py
[2026-04-06T15:11:42.580+0000] {processor.py:840} INFO - DAG(s) 'isr_pipeline' retrieved from /opt/airflow/dags/isr_pipeline.py
[2026-04-06T15:11:42.763+0000] {logging_mixin.py:188} INFO - [2026-04-06T15:11:42.762+0000] {dag.py:3096} INFO - Sync 1 DAGs
[2026-04-06T15:11:42.971+0000] {processor.py:183} INFO - Processing /opt/airflow/dags/isr_pipeline.py took 0.540 seconds
[2026-04-06T15:12:13.257+0000] {processor.py:161} INFO - Started process (PID=65796) to work on /opt/airflow/dags/isr_pipeline.py
[2026-04-06T15:12:13.264+0000] {processor.py:830} INFO - Processing file /opt/airflow/dags/isr_pipeline.py for tasks to queue
[2026-04-06T15:12:13.273+0000] {logging_mixin.py:188} INFO - [2026-04-06T15:12:13.271+0000] {dagbag.py:540} INFO - Filling up the DagBag from /opt/airflow/dags/isr_pipeline.py
[2026-04-06T15:12:13.366+0000] {processor.py:840} INFO - DAG(s) 'isr_pipeline' retrieved from /opt/airflow/dags/isr_pipeline.py
[2026-04-06T15:12:13.545+0000] {logging_mixin.py:188} INFO - [2026-04-06T15:12:13.544+0000] {dag.py:3096} INFO - Sync 1 DAGs
[2026-04-06T15:12:13.739+0000] {processor.py:183} INFO - Processing /opt/airflow/dags/isr_pipeline.py took 0.520 seconds
[2026-04-06T15:12:44.217+0000] {processor.py:161} INFO - Started process (PID=65801) to work on /opt/airflow/dags/isr_pipeline.py
[2026-04-06T15:12:44.224+0000] {processor.py:830} INFO - Processing file /opt/airflow/dags/isr_pipeline.py for tasks to queue
[2026-04-06T15:12:44.231+0000] {logging_mixin.py:188} INFO - [2026-04-06T15:12:44.229+0000] {dagbag.py:540} INFO - Filling up the DagBag from /opt/airflow/dags/isr_pipeline.py
[2026-04-06T15:12:44.324+0000] {processor.py:840} INFO - DAG(s) 'isr_pipeline' retrieved from /opt/airflow/dags/isr_pipeline.py
[2026-04-06T15:12:44.510+0000] {logging_mixin.py:188} INFO - [2026-04-06T15:12:44.509+0000] {dag.py:3096} INFO - Sync 1 DAGs
[2026-04-06T15:12:44.733+0000] {processor.py:183} INFO - Processing /opt/airflow/dags/isr_pipeline.py took 0.555 seconds
[2026-04-06T15:13:15.163+0000] {processor.py:161} INFO - Started process (PID=65806) to work on /opt/airflow/dags/isr_pipeline.py
[2026-04-06T15:13:15.169+0000] {processor.py:830} INFO - Processing file /opt/airflow/dags/isr_pipeline.py for tasks to queue
[2026-04-06T15:13:15.176+0000] {logging_mixin.py:188} INFO - [2026-04-06T15:13:15.174+0000] {dagbag.py:540} INFO - Filling up the DagBag from /opt/airflow/dags/isr_pipeline.py
[2026-04-06T15:13:15.273+0000] {processor.py:840} INFO - DAG(s) 'isr_pipeline' retrieved from /opt/airflow/dags/isr_pipeline.py
[2026-04-06T15:13:15.458+0000] {logging_mixin.py:188} INFO - [2026-04-06T15:13:15.457+0000] {dag.py:3096} INFO - Sync 1 DAGs
[2026-04-06T15:13:15.776+0000] {processor.py:183} INFO - Processing /opt/airflow/dags/isr_pipeline.py took 0.647 seconds
[2026-04-06T15:13:46.308+0000] {processor.py:161} INFO - Started process (PID=65811) to work on /opt/airflow/dags/isr_pipeline.py
[2026-04-06T15:13:46.316+0000] {processor.py:830} INFO - Processing file /opt/airflow/dags/isr_pipeline.py for tasks to queue
[2026-04-06T15:13:46.324+0000] {logging_mixin.py:188} INFO - [2026-04-06T15:13:46.322+0000] {dagbag.py:540} INFO - Filling up the DagBag from /opt/airflow/dags/isr_pipeline.py
[2026-04-06T15:13:46.416+0000] {processor.py:840} INFO - DAG(s) 'isr_pipeline' retrieved from /opt/airflow/dags/isr_pipeline.py
[2026-04-06T15:13:46.596+0000] {logging_mixin.py:188} INFO - [2026-04-06T15:13:46.595+0000] {dag.py:3096} INFO - Sync 1 DAGs
[2026-04-06T15:13:46.797+0000] {processor.py:183} INFO - Processing /opt/airflow/dags/isr_pipeline.py took 0.528 seconds
[2026-04-06T15:14:17.330+0000] {processor.py:161} INFO - Started process (PID=65816) to work on /opt/airflow/dags/isr_pipeline.py
[2026-04-06T15:14:17.338+0000] {processor.py:830} INFO - Processing file /opt/airflow/dags/isr_pipeline.py for tasks to queue
[2026-04-06T15:14:17.346+0000] {logging_mixin.py:188} INFO - [2026-04-06T15:14:17.344+0000] {dagbag.py:540} INFO - Filling up the DagBag from /opt/airflow/dags/isr_pipeline.py
[2026-04-06T15:14:17.441+0000] {processor.py:840} INFO - DAG(s) 'isr_pipeline' retrieved from /opt/airflow/dags/isr_pipeline.py
[2026-04-06T15:14:17.631+0000] {logging_mixin.py:188} INFO - [2026-04-06T15:14:17.629+0000] {dag.py:3096} INFO - Sync 1 DAGs
[2026-04-06T15:14:17.837+0000] {processor.py:183} INFO - Processing /opt/airflow/dags/isr_pipeline.py took 0.545 seconds
[2026-04-06T15:14:48.156+0000] {processor.py:161} INFO - Started process (PID=65821) to work on /opt/airflow/dags/isr_pipeline.py
[2026-04-06T15:14:48.167+0000] {processor.py:830} INFO - Processing file /opt/airflow/dags/isr_pipeline.py for tasks to queue
[2026-04-06T15:14:48.177+0000] {logging_mixin.py:188} INFO - [2026-04-06T15:14:48.175+0000] {dagbag.py:540} INFO - Filling up the DagBag from /opt/airflow/dags/isr_pipeline.py
[2026-04-06T15:14:48.270+0000] {processor.py:840} INFO - DAG(s) 'isr_pipeline' retrieved from /opt/airflow/dags/isr_pipeline.py
[2026-04-06T15:14:48.448+0000] {logging_mixin.py:188} INFO - [2026-04-06T15:14:48.447+0000] {dag.py:3096} INFO - Sync 1 DAGs
[2026-04-06T15:14:48.656+0000] {processor.py:183} INFO - Processing /opt/airflow/dags/isr_pipeline.py took 0.543 seconds
[2026-04-06T15:15:19.193+0000] {processor.py:161} INFO - Started process (PID=65826) to work on /opt/airflow/dags/isr_pipeline.py
[2026-04-06T15:15:19.201+0000] {processor.py:830} INFO - Processing file /opt/airflow/dags/isr_pipeline.py for tasks to queue
[2026-04-06T15:15:19.208+0000] {logging_mixin.py:188} INFO - [2026-04-06T15:15:19.207+0000] {dagbag.py:540} INFO - Filling up the DagBag from /opt/airflow/dags/isr_pipeline.py
[2026-04-06T15:15:19.311+0000] {processor.py:840} INFO - DAG(s) 'isr_pipeline' retrieved from /opt/airflow/dags/isr_pipeline.py
[2026-04-06T15:15:19.495+0000] {logging_mixin.py:188} INFO - [2026-04-06T15:15:19.494+0000] {dag.py:3096} INFO - Sync 1 DAGs
[2026-04-06T15:15:19.703+0000] {processor.py:183} INFO - Processing /opt/airflow/dags/isr_pipeline.py took 0.553 seconds
[2026-04-06T15:15:50.051+0000] {processor.py:161} INFO - Started process (PID=65831) to work on /opt/airflow/dags/isr_pipeline.py
[2026-04-06T15:15:50.058+0000] {processor.py:830} INFO - Processing file /opt/airflow/dags/isr_pipeline.py for tasks to queue
[2026-04-06T15:15:50.065+0000] {logging_mixin.py:188} INFO - [2026-04-06T15:15:50.063+0000] {dagbag.py:540} INFO - Filling up the DagBag from /opt/airflow/dags/isr_pipeline.py
[2026-04-06T15:15:50.158+0000] {processor.py:840} INFO - DAG(s) 'isr_pipeline' retrieved from /opt/airflow/dags/isr_pipeline.py
[2026-04-06T15:15:50.338+0000] {logging_mixin.py:188} INFO - [2026-04-06T15:15:50.337+0000] {dag.py:3096} INFO - Sync 1 DAGs
[2026-04-06T15:15:50.538+0000] {processor.py:183} INFO - Processing /opt/airflow/dags/isr_pipeline.py took 0.526 seconds
[2026-04-06T15:16:21.083+0000] {processor.py:161} INFO - Started process (PID=65836) to work on /opt/airflow/dags/isr_pipeline.py
[2026-04-06T15:16:21.091+0000] {processor.py:830} INFO - Processing file /opt/airflow/dags/isr_pipeline.py for tasks to queue
[2026-04-06T15:16:21.099+0000] {logging_mixin.py:188} INFO - [2026-04-06T15:16:21.097+0000] {dagbag.py:540} INFO - Filling up the DagBag from /opt/airflow/dags/isr_pipeline.py
[2026-04-06T15:16:21.205+0000] {processor.py:840} INFO - DAG(s) 'isr_pipeline' retrieved from /opt/airflow/dags/isr_pipeline.py
[2026-04-06T15:16:21.395+0000] {logging_mixin.py:188} INFO - [2026-04-06T15:16:21.394+0000] {dag.py:3096} INFO - Sync 1 DAGs
[2026-04-06T15:16:21.620+0000] {processor.py:183} INFO - Processing /opt/airflow/dags/isr_pipeline.py took 0.576 seconds
[2026-04-06T15:16:51.883+0000] {processor.py:161} INFO - Started process (PID=65841) to work on /opt/airflow/dags/isr_pipeline.py
[2026-04-06T15:16:51.892+0000] {processor.py:830} INFO - Processing file /opt/airflow/dags/isr_pipeline.py for tasks to queue
[2026-04-06T15:16:51.899+0000] {logging_mixin.py:188} INFO - [2026-04-06T15:16:51.897+0000] {dagbag.py:540} INFO - Filling up the DagBag from /opt/airflow/dags/isr_pipeline.py
[2026-04-06T15:16:51.999+0000] {processor.py:840} INFO - DAG(s) 'isr_pipeline' retrieved from /opt/airflow/dags/isr_pipeline.py
[2026-04-06T15:16:52.196+0000] {logging_mixin.py:188} INFO - [2026-04-06T15:16:52.195+0000] {dag.py:3096} INFO - Sync 1 DAGs
[2026-04-06T15:16:52.401+0000] {processor.py:183} INFO - Processing /opt/airflow/dags/isr_pipeline.py took 0.557 seconds
[2026-04-06T15:17:22.912+0000] {processor.py:161} INFO - Started process (PID=65846) to work on /opt/airflow/dags/isr_pipeline.py
[2026-04-06T15:17:22.920+0000] {processor.py:830} INFO - Processing file /opt/airflow/dags/isr_pipeline.py for tasks to queue
[2026-04-06T15:17:22.927+0000] {logging_mixin.py:188} INFO - [2026-04-06T15:17:22.925+0000] {dagbag.py:540} INFO - Filling up the DagBag from /opt/airflow/dags/isr_pipeline.py
[2026-04-06T15:17:23.023+0000] {processor.py:840} INFO - DAG(s) 'isr_pipeline' retrieved from /opt/airflow/dags/isr_pipeline.py
[2026-04-06T15:17:23.216+0000] {logging_mixin.py:188} INFO - [2026-04-06T15:17:23.215+0000] {dag.py:3096} INFO - Sync 1 DAGs
[2026-04-06T15:17:23.419+0000] {processor.py:183} INFO - Processing /opt/airflow/dags/isr_pipeline.py took 0.545 seconds
[2026-04-06T15:17:53.846+0000] {processor.py:161} INFO - Started process (PID=65851) to work on /opt/airflow/dags/isr_pipeline.py
[2026-04-06T15:17:53.854+0000] {processor.py:830} INFO - Processing file /opt/airflow/dags/isr_pipeline.py for tasks to queue
[2026-04-06T15:17:53.860+0000] {logging_mixin.py:188} INFO - [2026-04-06T15:17:53.858+0000] {dagbag.py:540} INFO - Filling up the DagBag from /opt/airflow/dags/isr_pipeline.py
[2026-04-06T15:17:53.949+0000] {processor.py:840} INFO - DAG(s) 'isr_pipeline' retrieved from /opt/airflow/dags/isr_pipeline.py
[2026-04-06T15:17:54.131+0000] {logging_mixin.py:188} INFO - [2026-04-06T15:17:54.130+0000] {dag.py:3096} INFO - Sync 1 DAGs
[2026-04-06T15:17:54.340+0000] {processor.py:183} INFO - Processing /opt/airflow/dags/isr_pipeline.py took 0.531 seconds
[2026-04-06T15:18:24.853+0000] {processor.py:161} INFO - Started process (PID=65856) to work on /opt/airflow/dags/isr_pipeline.py
[2026-04-06T15:18:24.860+0000] {processor.py:830} INFO - Processing file /opt/airflow/dags/isr_pipeline.py for tasks to queue
[2026-04-06T15:18:24.867+0000] {logging_mixin.py:188} INFO - [2026-04-06T15:18:24.865+0000] {dagbag.py:540} INFO - Filling up the DagBag from /opt/airflow/dags/isr_pipeline.py
[2026-04-06T15:18:24.940+0000] {processor.py:840} INFO - DAG(s) 'isr_pipeline' retrieved from /opt/airflow/dags/isr_pipeline.py
[2026-04-06T15:18:25.128+0000] {logging_mixin.py:188} INFO - [2026-04-06T15:18:25.127+0000] {dag.py:3096} INFO - Sync 1 DAGs
[2026-04-06T15:18:25.333+0000] {processor.py:183} INFO - Processing /opt/airflow/dags/isr_pipeline.py took 0.542 seconds
[2026-04-06T15:18:55.601+0000] {processor.py:161} INFO - Started process (PID=65861) to work on /opt/airflow/dags/isr_pipeline.py
[2026-04-06T15:18:55.608+0000] {processor.py:830} INFO - Processing file /opt/airflow/dags/isr_pipeline.py for tasks to queue
[2026-04-06T15:18:55.624+0000] {logging_mixin.py:188} INFO - [2026-04-06T15:18:55.619+0000] {dagbag.py:540} INFO - Filling up the DagBag from /opt/airflow/dags/isr_pipeline.py
[2026-04-06T15:18:55.718+0000] {processor.py:840} INFO - DAG(s) 'isr_pipeline' retrieved from /opt/airflow/dags/isr_pipeline.py
[2026-04-06T15:18:55.896+0000] {logging_mixin.py:188} INFO - [2026-04-06T15:18:55.895+0000] {dag.py:3096} INFO - Sync 1 DAGs
[2026-04-06T15:18:56.109+0000] {processor.py:183} INFO - Processing /opt/airflow/dags/isr_pipeline.py took 0.547 seconds
[2026-04-06T15:19:26.622+0000] {processor.py:161} INFO - Started process (PID=65866) to work on /opt/airflow/dags/isr_pipeline.py
[2026-04-06T15:19:26.629+0000] {processor.py:830} INFO - Processing file /opt/airflow/dags/isr_pipeline.py for tasks to queue
[2026-04-06T15:19:26.636+0000] {logging_mixin.py:188} INFO - [2026-04-06T15:19:26.634+0000] {dagbag.py:540} INFO - Filling up the DagBag from /opt/airflow/dags/isr_pipeline.py
[2026-04-06T15:19:26.728+0000] {processor.py:840} INFO - DAG(s) 'isr_pipeline' retrieved from /opt/airflow/dags/isr_pipeline.py
[2026-04-06T15:19:26.912+0000] {logging_mixin.py:188} INFO - [2026-04-06T15:19:26.911+0000] {dag.py:3096} INFO - Sync 1 DAGs
[2026-04-06T15:19:27.121+0000] {processor.py:183} INFO - Processing /opt/airflow/dags/isr_pipeline.py took 0.538 seconds
[2026-04-06T15:19:57.483+0000] {processor.py:161} INFO - Started process (PID=65871) to work on /opt/airflow/dags/isr_pipeline.py
[2026-04-06T15:19:57.490+0000] {processor.py:830} INFO - Processing file /opt/airflow/dags/isr_pipeline.py for tasks to queue
[2026-04-06T15:19:57.497+0000] {logging_mixin.py:188} INFO - [2026-04-06T15:19:57.495+0000] {dagbag.py:540} INFO - Filling up the DagBag from /opt/airflow/dags/isr_pipeline.py
[2026-04-06T15:19:57.598+0000] {processor.py:840} INFO - DAG(s) 'isr_pipeline' retrieved from /opt/airflow/dags/isr_pipeline.py
[2026-04-06T15:19:57.794+0000] {logging_mixin.py:188} INFO - [2026-04-06T15:19:57.793+0000] {dag.py:3096} INFO - Sync 1 DAGs
[2026-04-06T15:19:58.002+0000] {processor.py:183} INFO - Processing /opt/airflow/dags/isr_pipeline.py took 0.559 seconds
[2026-04-06T15:20:28.505+0000] {processor.py:161} INFO - Started process (PID=65876) to work on /opt/airflow/dags/isr_pipeline.py
[2026-04-06T15:20:28.512+0000] {processor.py:830} INFO - Processing file /opt/airflow/dags/isr_pipeline.py for tasks to queue
[2026-04-06T15:20:28.519+0000] {logging_mixin.py:188} INFO - [2026-04-06T15:20:28.517+0000] {dagbag.py:540} INFO - Filling up the DagBag from /opt/airflow/dags/isr_pipeline.py
[2026-04-06T15:20:28.611+0000] {processor.py:840} INFO - DAG(s) 'isr_pipeline' retrieved from /opt/airflow/dags/isr_pipeline.py
[2026-04-06T15:20:28.795+0000] {logging_mixin.py:188} INFO - [2026-04-06T15:20:28.794+0000] {dag.py:3096} INFO - Sync 1 DAGs
[2026-04-06T15:20:29.001+0000] {processor.py:183} INFO - Processing /opt/airflow/dags/isr_pipeline.py took 0.534 seconds
[2026-04-06T15:20:59.259+0000] {processor.py:161} INFO - Started process (PID=65881) to work on /opt/airflow/dags/isr_pipeline.py
[2026-04-06T15:20:59.266+0000] {processor.py:830} INFO - Processing file /opt/airflow/dags/isr_pipeline.py for tasks to queue
[2026-04-06T15:20:59.273+0000] {logging_mixin.py:188} INFO - [2026-04-06T15:20:59.271+0000] {dagbag.py:540} INFO - Filling up the DagBag from /opt/airflow/dags/isr_pipeline.py
[2026-04-06T15:20:59.363+0000] {processor.py:840} INFO - DAG(s) 'isr_pipeline' retrieved from /opt/airflow/dags/isr_pipeline.py
[2026-04-06T15:20:59.545+0000] {logging_mixin.py:188} INFO - [2026-04-06T15:20:59.544+0000] {dag.py:3096} INFO - Sync 1 DAGs
[2026-04-06T15:20:59.749+0000] {processor.py:183} INFO - Processing /opt/airflow/dags/isr_pipeline.py took 0.529 seconds
[2026-04-06T15:21:30.310+0000] {processor.py:161} INFO - Started process (PID=65886) to work on /opt/airflow/dags/isr_pipeline.py
[2026-04-06T15:21:30.317+0000] {processor.py:830} INFO - Processing file /opt/airflow/dags/isr_pipeline.py for tasks to queue
[2026-04-06T15:21:30.324+0000] {logging_mixin.py:188} INFO - [2026-04-06T15:21:30.322+0000] {dagbag.py:540} INFO - Filling up the DagBag from /opt/airflow/dags/isr_pipeline.py
[2026-04-06T15:21:30.416+0000] {processor.py:840} INFO - DAG(s) 'isr_pipeline' retrieved from /opt/airflow/dags/isr_pipeline.py
[2026-04-06T15:21:30.605+0000] {logging_mixin.py:188} INFO - [2026-04-06T15:21:30.604+0000] {dag.py:3096} INFO - Sync 1 DAGs
[2026-04-06T15:21:30.808+0000] {processor.py:183} INFO - Processing /opt/airflow/dags/isr_pipeline.py took 0.535 seconds
[2026-04-06T15:22:01.207+0000] {processor.py:161} INFO - Started process (PID=65891) to work on /opt/airflow/dags/isr_pipeline.py
[2026-04-06T15:22:01.214+0000] {processor.py:830} INFO - Processing file /opt/airflow/dags/isr_pipeline.py for tasks to queue
[2026-04-06T15:22:01.221+0000] {logging_mixin.py:188} INFO - [2026-04-06T15:22:01.220+0000] {dagbag.py:540} INFO - Filling up the DagBag from /opt/airflow/dags/isr_pipeline.py
[2026-04-06T15:22:01.313+0000] {processor.py:840} INFO - DAG(s) 'isr_pipeline' retrieved from /opt/airflow/dags/isr_pipeline.py
[2026-04-06T15:22:01.491+0000] {logging_mixin.py:188} INFO - [2026-04-06T15:22:01.490+0000] {dag.py:3096} INFO - Sync 1 DAGs
[2026-04-06T15:22:01.687+0000] {processor.py:183} INFO - Processing /opt/airflow/dags/isr_pipeline.py took 0.517 seconds
[2026-04-06T15:22:32.228+0000] {processor.py:161} INFO - Started process (PID=65896) to work on /opt/airflow/dags/isr_pipeline.py
[2026-04-06T15:22:32.236+0000] {processor.py:830} INFO - Processing file /opt/airflow/dags/isr_pipeline.py for tasks to queue
[2026-04-06T15:22:32.243+0000] {logging_mixin.py:188} INFO - [2026-04-06T15:22:32.241+0000] {dagbag.py:540} INFO - Filling up the DagBag from /opt/airflow/dags/isr_pipeline.py
[2026-04-06T15:22:32.339+0000] {processor.py:840} INFO - DAG(s) 'isr_pipeline' retrieved from /opt/airflow/dags/isr_pipeline.py
[2026-04-06T15:22:32.526+0000] {logging_mixin.py:188} INFO - [2026-04-06T15:22:32.525+0000] {dag.py:3096} INFO - Sync 1 DAGs
[2026-04-06T15:22:32.721+0000] {processor.py:183} INFO - Processing /opt/airflow/dags/isr_pipeline.py took 0.533 seconds
[2026-04-06T15:23:02.942+0000] {processor.py:161} INFO - Started process (PID=65901) to work on /opt/airflow/dags/isr_pipeline.py
[2026-04-06T15:23:02.949+0000] {processor.py:830} INFO - Processing file /opt/airflow/dags/isr_pipeline.py for tasks to queue
[2026-04-06T15:23:02.956+0000] {logging_mixin.py:188} INFO - [2026-04-06T15:23:02.954+0000] {dagbag.py:540} INFO - Filling up the DagBag from /opt/airflow/dags/isr_pipeline.py
[2026-04-06T15:23:03.049+0000] {processor.py:840} INFO - DAG(s) 'isr_pipeline' retrieved from /opt/airflow/dags/isr_pipeline.py
[2026-04-06T15:23:03.236+0000] {logging_mixin.py:188} INFO - [2026-04-06T15:23:03.234+0000] {dag.py:3096} INFO - Sync 1 DAGs
[2026-04-06T15:23:03.441+0000] {processor.py:183} INFO - Processing /opt/airflow/dags/isr_pipeline.py took 0.538 seconds
[2026-04-06T15:23:33.936+0000] {processor.py:161} INFO - Started process (PID=65906) to work on /opt/airflow/dags/isr_pipeline.py
[2026-04-06T15:23:33.944+0000] {processor.py:830} INFO - Processing file /opt/airflow/dags/isr_pipeline.py for tasks to queue
[2026-04-06T15:23:33.952+0000] {logging_mixin.py:188} INFO - [2026-04-06T15:23:33.950+0000] {dagbag.py:540} INFO - Filling up the DagBag from /opt/airflow/dags/isr_pipeline.py
[2026-04-06T15:23:34.054+0000] {processor.py:840} INFO - DAG(s) 'isr_pipeline' retrieved from /opt/airflow/dags/isr_pipeline.py
[2026-04-06T15:23:34.249+0000] {logging_mixin.py:188} INFO - [2026-04-06T15:23:34.248+0000] {dag.py:3096} INFO - Sync 1 DAGs
[2026-04-06T15:23:34.453+0000] {processor.py:183} INFO - Processing /opt/airflow/dags/isr_pipeline.py took 0.571 seconds
[2026-04-06T15:24:04.954+0000] {processor.py:161} INFO - Started process (PID=65911) to work on /opt/airflow/dags/isr_pipeline.py
[2026-04-06T15:24:04.961+0000] {processor.py:830} INFO - Processing file /opt/airflow/dags/isr_pipeline.py for tasks to queue
[2026-04-06T15:24:04.968+0000] {logging_mixin.py:188} INFO - [2026-04-06T15:24:04.967+0000] {dagbag.py:540} INFO - Filling up the DagBag from /opt/airflow/dags/isr_pipeline.py
[2026-04-06T15:24:05.061+0000] {processor.py:840} INFO - DAG(s) 'isr_pipeline' retrieved from /opt/airflow/dags/isr_pipeline.py
[2026-04-06T15:24:05.245+0000] {logging_mixin.py:188} INFO - [2026-04-06T15:24:05.244+0000] {dag.py:3096} INFO - Sync 1 DAGs
[2026-04-06T15:24:05.445+0000] {processor.py:183} INFO - Processing /opt/airflow/dags/isr_pipeline.py took 0.527 seconds
[2026-04-06T15:24:36.094+0000] {processor.py:161} INFO - Started process (PID=65916) to work on /opt/airflow/dags/isr_pipeline.py
[2026-04-06T15:24:36.103+0000] {processor.py:830} INFO - Processing file /opt/airflow/dags/isr_pipeline.py for tasks to queue
[2026-04-06T15:24:36.110+0000] {logging_mixin.py:188} INFO - [2026-04-06T15:24:36.108+0000] {dagbag.py:540} INFO - Filling up the DagBag from /opt/airflow/dags/isr_pipeline.py
[2026-04-06T15:24:36.206+0000] {processor.py:840} INFO - DAG(s) 'isr_pipeline' retrieved from /opt/airflow/dags/isr_pipeline.py
[2026-04-06T15:24:36.388+0000] {logging_mixin.py:188} INFO - [2026-04-06T15:24:36.387+0000] {dag.py:3096} INFO - Sync 1 DAGs
[2026-04-06T15:24:36.602+0000] {processor.py:183} INFO - Processing /opt/airflow/dags/isr_pipeline.py took 0.548 seconds
[2026-04-06T15:25:07.123+0000] {processor.py:161} INFO - Started process (PID=65921) to work on /opt/airflow/dags/isr_pipeline.py
[2026-04-06T15:25:07.131+0000] {processor.py:830} INFO - Processing file /opt/airflow/dags/isr_pipeline.py for tasks to queue
[2026-04-06T15:25:07.138+0000] {logging_mixin.py:188} INFO - [2026-04-06T15:25:07.137+0000] {dagbag.py:540} INFO - Filling up the DagBag from /opt/airflow/dags/isr_pipeline.py
[2026-04-06T15:25:07.231+0000] {processor.py:840} INFO - DAG(s) 'isr_pipeline' retrieved from /opt/airflow/dags/isr_pipeline.py
[2026-04-06T15:25:07.417+0000] {logging_mixin.py:188} INFO - [2026-04-06T15:25:07.416+0000] {dag.py:3096} INFO - Sync 1 DAGs
[2026-04-06T15:25:07.649+0000] {processor.py:183} INFO - Processing /opt/airflow/dags/isr_pipeline.py took 0.567 seconds
[2026-04-06T15:25:37.988+0000] {processor.py:161} INFO - Started process (PID=65926) to work on /opt/airflow/dags/isr_pipeline.py
[2026-04-06T15:25:37.996+0000] {processor.py:830} INFO - Processing file /opt/airflow/dags/isr_pipeline.py for tasks to queue
[2026-04-06T15:25:38.004+0000] {logging_mixin.py:188} INFO - [2026-04-06T15:25:38.002+0000] {dagbag.py:540} INFO - Filling up the DagBag from /opt/airflow/dags/isr_pipeline.py
[2026-04-06T15:25:38.122+0000] {processor.py:840} INFO - DAG(s) 'isr_pipeline' retrieved from /opt/airflow/dags/isr_pipeline.py
[2026-04-06T15:25:38.332+0000] {logging_mixin.py:188} INFO - [2026-04-06T15:25:38.331+0000] {dag.py:3096} INFO - Sync 1 DAGs
[2026-04-06T15:25:38.561+0000] {processor.py:183} INFO - Processing /opt/airflow/dags/isr_pipeline.py took 0.612 seconds
[2026-04-06T15:26:09.118+0000] {processor.py:161} INFO - Started process (PID=65931) to work on /opt/airflow/dags/isr_pipeline.py
[2026-04-06T15:26:09.128+0000] {processor.py:830} INFO - Processing file /opt/airflow/dags/isr_pipeline.py for tasks to queue
[2026-04-06T15:26:09.135+0000] {logging_mixin.py:188} INFO - [2026-04-06T15:26:09.133+0000] {dagbag.py:540} INFO - Filling up the DagBag from /opt/airflow/dags/isr_pipeline.py
[2026-04-06T15:26:09.229+0000] {processor.py:840} INFO - DAG(s) 'isr_pipeline' retrieved from /opt/airflow/dags/isr_pipeline.py
[2026-04-06T15:26:09.412+0000] {logging_mixin.py:188} INFO - [2026-04-06T15:26:09.411+0000] {dag.py:3096} INFO - Sync 1 DAGs
[2026-04-06T15:26:09.611+0000] {processor.py:183} INFO - Processing /opt/airflow/dags/isr_pipeline.py took 0.534 seconds
[2026-04-06T15:26:39.918+0000] {processor.py:161} INFO - Started process (PID=65936) to work on /opt/airflow/dags/isr_pipeline.py
[2026-04-06T15:26:39.926+0000] {processor.py:830} INFO - Processing file /opt/airflow/dags/isr_pipeline.py for tasks to queue
[2026-04-06T15:26:39.934+0000] {logging_mixin.py:188} INFO - [2026-04-06T15:26:39.932+0000] {dagbag.py:540} INFO - Filling up the DagBag from /opt/airflow/dags/isr_pipeline.py
[2026-04-06T15:26:40.030+0000] {processor.py:840} INFO - DAG(s) 'isr_pipeline' retrieved from /opt/airflow/dags/isr_pipeline.py
[2026-04-06T15:26:40.224+0000] {logging_mixin.py:188} INFO - [2026-04-06T15:26:40.223+0000] {dag.py:3096} INFO - Sync 1 DAGs
[2026-04-06T15:26:40.434+0000] {processor.py:183} INFO - Processing /opt/airflow/dags/isr_pipeline.py took 0.555 seconds
[2026-04-06T15:27:10.970+0000] {processor.py:161} INFO - Started process (PID=65941) to work on /opt/airflow/dags/isr_pipeline.py
[2026-04-06T15:27:10.978+0000] {processor.py:830} INFO - Processing file /opt/airflow/dags/isr_pipeline.py for tasks to queue
[2026-04-06T15:27:10.985+0000] {logging_mixin.py:188} INFO - [2026-04-06T15:27:10.983+0000] {dagbag.py:540} INFO - Filling up the DagBag from /opt/airflow/dags/isr_pipeline.py
[2026-04-06T15:27:11.078+0000] {processor.py:840} INFO - DAG(s) 'isr_pipeline' retrieved from /opt/airflow/dags/isr_pipeline.py
[2026-04-06T15:27:11.264+0000] {logging_mixin.py:188} INFO - [2026-04-06T15:27:11.263+0000] {dag.py:3096} INFO - Sync 1 DAGs
[2026-04-06T15:27:11.472+0000] {processor.py:183} INFO - Processing /opt/airflow/dags/isr_pipeline.py took 0.540 seconds
[2026-04-06T15:27:41.771+0000] {processor.py:161} INFO - Started process (PID=65946) to work on /opt/airflow/dags/isr_pipeline.py
[2026-04-06T15:27:41.779+0000] {processor.py:830} INFO - Processing file /opt/airflow/dags/isr_pipeline.py for tasks to queue
[2026-04-06T15:27:41.785+0000] {logging_mixin.py:188} INFO - [2026-04-06T15:27:41.784+0000] {dagbag.py:540} INFO - Filling up the DagBag from /opt/airflow/dags/isr_pipeline.py
[2026-04-06T15:27:41.877+0000] {processor.py:840} INFO - DAG(s) 'isr_pipeline' retrieved from /opt/airflow/dags/isr_pipeline.py
[2026-04-06T15:27:42.060+0000] {logging_mixin.py:188} INFO - [2026-04-06T15:27:42.059+0000] {dag.py:3096} INFO - Sync 1 DAGs
[2026-04-06T15:27:42.261+0000] {processor.py:183} INFO - Processing /opt/airflow/dags/isr_pipeline.py took 0.527 seconds
[2026-04-06T15:28:12.758+0000] {processor.py:161} INFO - Started process (PID=65951) to work on /opt/airflow/dags/isr_pipeline.py
[2026-04-06T15:28:12.765+0000] {processor.py:830} INFO - Processing file /opt/airflow/dags/isr_pipeline.py for tasks to queue
[2026-04-06T15:28:12.773+0000] {logging_mixin.py:188} INFO - [2026-04-06T15:28:12.771+0000] {dagbag.py:540} INFO - Filling up the DagBag from /opt/airflow/dags/isr_pipeline.py
[2026-04-06T15:28:12.873+0000] {processor.py:840} INFO - DAG(s) 'isr_pipeline' retrieved from /opt/airflow/dags/isr_pipeline.py
[2026-04-06T15:28:13.117+0000] {logging_mixin.py:188} INFO - [2026-04-06T15:28:13.116+0000] {dag.py:3096} INFO - Sync 1 DAGs
[2026-04-06T15:28:13.337+0000] {processor.py:183} INFO - Processing /opt/airflow/dags/isr_pipeline.py took 0.619 seconds
[2026-04-06T15:28:43.618+0000] {processor.py:161} INFO - Started process (PID=65956) to work on /opt/airflow/dags/isr_pipeline.py
[2026-04-06T15:28:43.627+0000] {processor.py:830} INFO - Processing file /opt/airflow/dags/isr_pipeline.py for tasks to queue
[2026-04-06T15:28:43.634+0000] {logging_mixin.py:188} INFO - [2026-04-06T15:28:43.632+0000] {dagbag.py:540} INFO - Filling up the DagBag from /opt/airflow/dags/isr_pipeline.py
[2026-04-06T15:28:43.727+0000] {processor.py:840} INFO - DAG(s) 'isr_pipeline' retrieved from /opt/airflow/dags/isr_pipeline.py
[2026-04-06T15:28:43.914+0000] {logging_mixin.py:188} INFO - [2026-04-06T15:28:43.913+0000] {dag.py:3096} INFO - Sync 1 DAGs
[2026-04-06T15:28:44.119+0000] {processor.py:183} INFO - Processing /opt/airflow/dags/isr_pipeline.py took 0.538 seconds
[2026-04-06T15:29:14.637+0000] {processor.py:161} INFO - Started process (PID=65961) to work on /opt/airflow/dags/isr_pipeline.py
[2026-04-06T15:29:14.646+0000] {processor.py:830} INFO - Processing file /opt/airflow/dags/isr_pipeline.py for tasks to queue
[2026-04-06T15:29:14.654+0000] {logging_mixin.py:188} INFO - [2026-04-06T15:29:14.653+0000] {dagbag.py:540} INFO - Filling up the DagBag from /opt/airflow/dags/isr_pipeline.py
[2026-04-06T15:29:14.748+0000] {processor.py:840} INFO - DAG(s) 'isr_pipeline' retrieved from /opt/airflow/dags/isr_pipeline.py
[2026-04-06T15:29:14.939+0000] {logging_mixin.py:188} INFO - [2026-04-06T15:29:14.938+0000] {dag.py:3096} INFO - Sync 1 DAGs
[2026-04-06T15:29:15.150+0000] {processor.py:183} INFO - Processing /opt/airflow/dags/isr_pipeline.py took 0.553 seconds
[2026-04-06T15:29:45.468+0000] {processor.py:161} INFO - Started process (PID=65966) to work on /opt/airflow/dags/isr_pipeline.py
[2026-04-06T15:29:45.476+0000] {processor.py:830} INFO - Processing file /opt/airflow/dags/isr_pipeline.py for tasks to queue
[2026-04-06T15:29:45.482+0000] {logging_mixin.py:188} INFO - [2026-04-06T15:29:45.480+0000] {dagbag.py:540} INFO - Filling up the DagBag from /opt/airflow/dags/isr_pipeline.py
[2026-04-06T15:29:45.576+0000] {processor.py:840} INFO - DAG(s) 'isr_pipeline' retrieved from /opt/airflow/dags/isr_pipeline.py
[2026-04-06T15:29:45.760+0000] {logging_mixin.py:188} INFO - [2026-04-06T15:29:45.759+0000] {dag.py:3096} INFO - Sync 1 DAGs
[2026-04-06T15:29:45.983+0000] {processor.py:183} INFO - Processing /opt/airflow/dags/isr_pipeline.py took 0.553 seconds
[2026-04-06T15:30:16.450+0000] {processor.py:161} INFO - Started process (PID=65971) to work on /opt/airflow/dags/isr_pipeline.py
[2026-04-06T15:30:16.456+0000] {processor.py:830} INFO - Processing file /opt/airflow/dags/isr_pipeline.py for tasks to queue
[2026-04-06T15:30:16.464+0000] {logging_mixin.py:188} INFO - [2026-04-06T15:30:16.462+0000] {dagbag.py:540} INFO - Filling up the DagBag from /opt/airflow/dags/isr_pipeline.py
[2026-04-06T15:30:16.559+0000] {processor.py:840} INFO - DAG(s) 'isr_pipeline' retrieved from /opt/airflow/dags/isr_pipeline.py
[2026-04-06T15:30:16.745+0000] {logging_mixin.py:188} INFO - [2026-04-06T15:30:16.744+0000] {dag.py:3096} INFO - Sync 1 DAGs
[2026-04-06T15:30:16.947+0000] {processor.py:183} INFO - Processing /opt/airflow/dags/isr_pipeline.py took 0.536 seconds
[2026-04-06T15:30:47.311+0000] {processor.py:161} INFO - Started process (PID=65976) to work on /opt/airflow/dags/isr_pipeline.py
[2026-04-06T15:30:47.319+0000] {processor.py:830} INFO - Processing file /opt/airflow/dags/isr_pipeline.py for tasks to queue
[2026-04-06T15:30:47.327+0000] {logging_mixin.py:188} INFO - [2026-04-06T15:30:47.325+0000] {dagbag.py:540} INFO - Filling up the DagBag from /opt/airflow/dags/isr_pipeline.py
[2026-04-06T15:30:47.419+0000] {processor.py:840} INFO - DAG(s) 'isr_pipeline' retrieved from /opt/airflow/dags/isr_pipeline.py
[2026-04-06T15:30:47.600+0000] {logging_mixin.py:188} INFO - [2026-04-06T15:30:47.599+0000] {dag.py:3096} INFO - Sync 1 DAGs
[2026-04-06T15:30:47.802+0000] {processor.py:183} INFO - Processing /opt/airflow/dags/isr_pipeline.py took 0.529 seconds
[2026-04-06T15:31:18.295+0000] {processor.py:161} INFO - Started process (PID=65981) to work on /opt/airflow/dags/isr_pipeline.py
[2026-04-06T15:31:18.302+0000] {processor.py:830} INFO - Processing file /opt/airflow/dags/isr_pipeline.py for tasks to queue
[2026-04-06T15:31:18.309+0000] {logging_mixin.py:188} INFO - [2026-04-06T15:31:18.307+0000] {dagbag.py:540} INFO - Filling up the DagBag from /opt/airflow/dags/isr_pipeline.py
[2026-04-06T15:31:18.409+0000] {processor.py:840} INFO - DAG(s) 'isr_pipeline' retrieved from /opt/airflow/dags/isr_pipeline.py
[2026-04-06T15:31:18.601+0000] {logging_mixin.py:188} INFO - [2026-04-06T15:31:18.600+0000] {dag.py:3096} INFO - Sync 1 DAGs
[2026-04-06T15:31:18.806+0000] {processor.py:183} INFO - Processing /opt/airflow/dags/isr_pipeline.py took 0.554 seconds
[2026-04-06T15:31:49.273+0000] {processor.py:161} INFO - Started process (PID=65986) to work on /opt/airflow/dags/isr_pipeline.py
[2026-04-06T15:31:49.281+0000] {processor.py:830} INFO - Processing file /opt/airflow/dags/isr_pipeline.py for tasks to queue
[2026-04-06T15:31:49.288+0000] {logging_mixin.py:188} INFO - [2026-04-06T15:31:49.286+0000] {dagbag.py:540} INFO - Filling up the DagBag from /opt/airflow/dags/isr_pipeline.py
[2026-04-06T15:31:49.380+0000] {processor.py:840} INFO - DAG(s) 'isr_pipeline' retrieved from /opt/airflow/dags/isr_pipeline.py
[2026-04-06T15:31:49.569+0000] {logging_mixin.py:188} INFO - [2026-04-06T15:31:49.566+0000] {dag.py:3096} INFO - Sync 1 DAGs
[2026-04-06T15:31:49.776+0000] {processor.py:183} INFO - Processing /opt/airflow/dags/isr_pipeline.py took 0.541 seconds
[2026-04-06T15:47:54.363+0000] {processor.py:161} INFO - Started process (PID=65991) to work on /opt/airflow/dags/isr_pipeline.py
[2026-04-06T15:47:54.365+0000] {processor.py:830} INFO - Processing file /opt/airflow/dags/isr_pipeline.py for tasks to queue
[2026-04-06T15:47:54.369+0000] {logging_mixin.py:188} INFO - [2026-04-06T15:47:54.369+0000] {dagbag.py:540} INFO - Filling up the DagBag from /opt/airflow/dags/isr_pipeline.py
[2026-04-06T15:47:54.402+0000] {processor.py:840} INFO - DAG(s) 'isr_pipeline' retrieved from /opt/airflow/dags/isr_pipeline.py
[2026-04-06T15:47:54.451+0000] {logging_mixin.py:188} INFO - [2026-04-06T15:47:54.451+0000] {dag.py:3096} INFO - Sync 1 DAGs
[2026-04-06T15:47:54.637+0000] {processor.py:183} INFO - Processing /opt/airflow/dags/isr_pipeline.py took 0.288 seconds
[2026-04-06T15:48:24.811+0000] {processor.py:161} INFO - Started process (PID=65996) to work on /opt/airflow/dags/isr_pipeline.py
[2026-04-06T15:48:24.820+0000] {processor.py:830} INFO - Processing file /opt/airflow/dags/isr_pipeline.py for tasks to queue
[2026-04-06T15:48:24.831+0000] {logging_mixin.py:188} INFO - [2026-04-06T15:48:24.829+0000] {dagbag.py:540} INFO - Filling up the DagBag from /opt/airflow/dags/isr_pipeline.py
[2026-04-06T15:48:24.941+0000] {processor.py:840} INFO - DAG(s) 'isr_pipeline' retrieved from /opt/airflow/dags/isr_pipeline.py
[2026-04-06T15:48:25.119+0000] {logging_mixin.py:188} INFO - [2026-04-06T15:48:25.118+0000] {dag.py:3096} INFO - Sync 1 DAGs
[2026-04-06T15:48:25.361+0000] {processor.py:183} INFO - Processing /opt/airflow/dags/isr_pipeline.py took 0.588 seconds
[2026-04-06T15:48:55.904+0000] {processor.py:161} INFO - Started process (PID=66001) to work on /opt/airflow/dags/isr_pipeline.py
[2026-04-06T15:48:55.911+0000] {processor.py:830} INFO - Processing file /opt/airflow/dags/isr_pipeline.py for tasks to queue
[2026-04-06T15:48:55.918+0000] {logging_mixin.py:188} INFO - [2026-04-06T15:48:55.916+0000] {dagbag.py:540} INFO - Filling up the DagBag from /opt/airflow/dags/isr_pipeline.py
[2026-04-06T15:48:56.011+0000] {processor.py:840} INFO - DAG(s) 'isr_pipeline' retrieved from /opt/airflow/dags/isr_pipeline.py
[2026-04-06T15:48:56.195+0000] {logging_mixin.py:188} INFO - [2026-04-06T15:48:56.194+0000] {dag.py:3096} INFO - Sync 1 DAGs
[2026-04-06T15:48:56.420+0000] {processor.py:183} INFO - Processing /opt/airflow/dags/isr_pipeline.py took 0.554 seconds
[2026-04-06T15:49:26.706+0000] {processor.py:161} INFO - Started process (PID=66006) to work on /opt/airflow/dags/isr_pipeline.py
[2026-04-06T15:49:26.712+0000] {processor.py:830} INFO - Processing file /opt/airflow/dags/isr_pipeline.py for tasks to queue
[2026-04-06T15:49:26.719+0000] {logging_mixin.py:188} INFO - [2026-04-06T15:49:26.717+0000] {dagbag.py:540} INFO - Filling up the DagBag from /opt/airflow/dags/isr_pipeline.py
[2026-04-06T15:49:26.810+0000] {processor.py:840} INFO - DAG(s) 'isr_pipeline' retrieved from /opt/airflow/dags/isr_pipeline.py
[2026-04-06T15:49:26.990+0000] {logging_mixin.py:188} INFO - [2026-04-06T15:49:26.989+0000] {dag.py:3096} INFO - Sync 1 DAGs
[2026-04-06T15:49:27.188+0000] {processor.py:183} INFO - Processing /opt/airflow/dags/isr_pipeline.py took 0.521 seconds
[2026-04-06T15:49:57.737+0000] {processor.py:161} INFO - Started process (PID=66011) to work on /opt/airflow/dags/isr_pipeline.py
[2026-04-06T15:49:57.744+0000] {processor.py:830} INFO - Processing file /opt/airflow/dags/isr_pipeline.py for tasks to queue
[2026-04-06T15:49:57.752+0000] {logging_mixin.py:188} INFO - [2026-04-06T15:49:57.750+0000] {dagbag.py:540} INFO - Filling up the DagBag from /opt/airflow/dags/isr_pipeline.py
[2026-04-06T15:49:57.848+0000] {processor.py:840} INFO - DAG(s) 'isr_pipeline' retrieved from /opt/airflow/dags/isr_pipeline.py
[2026-04-06T15:49:58.029+0000] {logging_mixin.py:188} INFO - [2026-04-06T15:49:58.027+0000] {dag.py:3096} INFO - Sync 1 DAGs
[2026-04-06T15:49:58.232+0000] {processor.py:183} INFO - Processing /opt/airflow/dags/isr_pipeline.py took 0.532 seconds
[2026-04-06T15:50:28.620+0000] {processor.py:161} INFO - Started process (PID=66016) to work on /opt/airflow/dags/isr_pipeline.py
[2026-04-06T15:50:28.627+0000] {processor.py:830} INFO - Processing file /opt/airflow/dags/isr_pipeline.py for tasks to queue
[2026-04-06T15:50:28.634+0000] {logging_mixin.py:188} INFO - [2026-04-06T15:50:28.632+0000] {dagbag.py:540} INFO - Filling up the DagBag from /opt/airflow/dags/isr_pipeline.py
[2026-04-06T15:50:28.726+0000] {processor.py:840} INFO - DAG(s) 'isr_pipeline' retrieved from /opt/airflow/dags/isr_pipeline.py
[2026-04-06T15:50:28.904+0000] {logging_mixin.py:188} INFO - [2026-04-06T15:50:28.903+0000] {dag.py:3096} INFO - Sync 1 DAGs
[2026-04-06T15:50:29.107+0000] {processor.py:183} INFO - Processing /opt/airflow/dags/isr_pipeline.py took 0.522 seconds
[2026-04-06T15:50:59.596+0000] {processor.py:161} INFO - Started process (PID=66021) to work on /opt/airflow/dags/isr_pipeline.py
[2026-04-06T15:50:59.603+0000] {processor.py:830} INFO - Processing file /opt/airflow/dags/isr_pipeline.py for tasks to queue
[2026-04-06T15:50:59.610+0000] {logging_mixin.py:188} INFO - [2026-04-06T15:50:59.608+0000] {dagbag.py:540} INFO - Filling up the DagBag from /opt/airflow/dags/isr_pipeline.py
[2026-04-06T15:50:59.702+0000] {processor.py:840} INFO - DAG(s) 'isr_pipeline' retrieved from /opt/airflow/dags/isr_pipeline.py
[2026-04-06T15:50:59.891+0000] {logging_mixin.py:188} INFO - [2026-04-06T15:50:59.890+0000] {dag.py:3096} INFO - Sync 1 DAGs
[2026-04-06T15:51:00.094+0000] {processor.py:183} INFO - Processing /opt/airflow/dags/isr_pipeline.py took 0.538 seconds
[2026-04-06T15:51:30.367+0000] {processor.py:161} INFO - Started process (PID=66026) to work on /opt/airflow/dags/isr_pipeline.py
[2026-04-06T15:51:30.378+0000] {processor.py:830} INFO - Processing file /opt/airflow/dags/isr_pipeline.py for tasks to queue
[2026-04-06T15:51:30.385+0000] {logging_mixin.py:188} INFO - [2026-04-06T15:51:30.383+0000] {dagbag.py:540} INFO - Filling up the DagBag from /opt/airflow/dags/isr_pipeline.py
[2026-04-06T15:51:30.477+0000] {processor.py:840} INFO - DAG(s) 'isr_pipeline' retrieved from /opt/airflow/dags/isr_pipeline.py
[2026-04-06T15:51:30.653+0000] {logging_mixin.py:188} INFO - [2026-04-06T15:51:30.652+0000] {dag.py:3096} INFO - Sync 1 DAGs
[2026-04-06T15:51:30.869+0000] {processor.py:183} INFO - Processing /opt/airflow/dags/isr_pipeline.py took 0.541 seconds
[2026-04-06T15:52:01.339+0000] {processor.py:161} INFO - Started process (PID=66031) to work on /opt/airflow/dags/isr_pipeline.py
[2026-04-06T15:52:01.347+0000] {processor.py:830} INFO - Processing file /opt/airflow/dags/isr_pipeline.py for tasks to queue
[2026-04-06T15:52:01.354+0000] {logging_mixin.py:188} INFO - [2026-04-06T15:52:01.352+0000] {dagbag.py:540} INFO - Filling up the DagBag from /opt/airflow/dags/isr_pipeline.py
[2026-04-06T15:52:01.457+0000] {processor.py:840} INFO - DAG(s) 'isr_pipeline' retrieved from /opt/airflow/dags/isr_pipeline.py
[2026-04-06T15:52:01.646+0000] {logging_mixin.py:188} INFO - [2026-04-06T15:52:01.645+0000] {dag.py:3096} INFO - Sync 1 DAGs
[2026-04-06T15:52:01.850+0000] {processor.py:183} INFO - Processing /opt/airflow/dags/isr_pipeline.py took 0.551 seconds
[2026-04-06T15:52:32.278+0000] {processor.py:161} INFO - Started process (PID=66036) to work on /opt/airflow/dags/isr_pipeline.py
[2026-04-06T15:52:32.285+0000] {processor.py:830} INFO - Processing file /opt/airflow/dags/isr_pipeline.py for tasks to queue
[2026-04-06T15:52:32.296+0000] {logging_mixin.py:188} INFO - [2026-04-06T15:52:32.293+0000] {dagbag.py:540} INFO - Filling up the DagBag from /opt/airflow/dags/isr_pipeline.py
[2026-04-06T15:52:32.399+0000] {processor.py:840} INFO - DAG(s) 'isr_pipeline' retrieved from /opt/airflow/dags/isr_pipeline.py
[2026-04-06T15:52:32.600+0000] {logging_mixin.py:188} INFO - [2026-04-06T15:52:32.599+0000] {dag.py:3096} INFO - Sync 1 DAGs
[2026-04-06T15:52:32.800+0000] {processor.py:183} INFO - Processing /opt/airflow/dags/isr_pipeline.py took 0.561 seconds
[2026-04-06T15:53:03.281+0000] {processor.py:161} INFO - Started process (PID=66041) to work on /opt/airflow/dags/isr_pipeline.py
[2026-04-06T15:53:03.288+0000] {processor.py:830} INFO - Processing file /opt/airflow/dags/isr_pipeline.py for tasks to queue
[2026-04-06T15:53:03.295+0000] {logging_mixin.py:188} INFO - [2026-04-06T15:53:03.293+0000] {dagbag.py:540} INFO - Filling up the DagBag from /opt/airflow/dags/isr_pipeline.py
[2026-04-06T15:53:03.394+0000] {processor.py:840} INFO - DAG(s) 'isr_pipeline' retrieved from /opt/airflow/dags/isr_pipeline.py
[2026-04-06T15:53:03.596+0000] {logging_mixin.py:188} INFO - [2026-04-06T15:53:03.594+0000] {dag.py:3096} INFO - Sync 1 DAGs
[2026-04-06T15:53:03.796+0000] {processor.py:183} INFO - Processing /opt/airflow/dags/isr_pipeline.py took 0.555 seconds
[2026-04-06T15:53:34.063+0000] {processor.py:161} INFO - Started process (PID=66046) to work on /opt/airflow/dags/isr_pipeline.py
[2026-04-06T15:53:34.070+0000] {processor.py:830} INFO - Processing file /opt/airflow/dags/isr_pipeline.py for tasks to queue
[2026-04-06T15:53:34.078+0000] {logging_mixin.py:188} INFO - [2026-04-06T15:53:34.076+0000] {dagbag.py:540} INFO - Filling up the DagBag from /opt/airflow/dags/isr_pipeline.py
[2026-04-06T15:53:34.169+0000] {processor.py:840} INFO - DAG(s) 'isr_pipeline' retrieved from /opt/airflow/dags/isr_pipeline.py
[2026-04-06T15:53:34.349+0000] {logging_mixin.py:188} INFO - [2026-04-06T15:53:34.348+0000] {dag.py:3096} INFO - Sync 1 DAGs
[2026-04-06T15:53:34.557+0000] {processor.py:183} INFO - Processing /opt/airflow/dags/isr_pipeline.py took 0.531 seconds
[2026-04-06T15:54:05.051+0000] {processor.py:161} INFO - Started process (PID=66051) to work on /opt/airflow/dags/isr_pipeline.py
[2026-04-06T15:54:05.060+0000] {processor.py:830} INFO - Processing file /opt/airflow/dags/isr_pipeline.py for tasks to queue
[2026-04-06T15:54:05.067+0000] {logging_mixin.py:188} INFO - [2026-04-06T15:54:05.065+0000] {dagbag.py:540} INFO - Filling up the DagBag from /opt/airflow/dags/isr_pipeline.py
[2026-04-06T15:54:05.162+0000] {processor.py:840} INFO - DAG(s) 'isr_pipeline' retrieved from /opt/airflow/dags/isr_pipeline.py
[2026-04-06T15:54:05.368+0000] {logging_mixin.py:188} INFO - [2026-04-06T15:54:05.367+0000] {dag.py:3096} INFO - Sync 1 DAGs
[2026-04-06T15:54:05.589+0000] {processor.py:183} INFO - Processing /opt/airflow/dags/isr_pipeline.py took 0.577 seconds
[2026-04-06T15:54:35.955+0000] {processor.py:161} INFO - Started process (PID=66056) to work on /opt/airflow/dags/isr_pipeline.py
[2026-04-06T15:54:35.963+0000] {processor.py:830} INFO - Processing file /opt/airflow/dags/isr_pipeline.py for tasks to queue
[2026-04-06T15:54:35.969+0000] {logging_mixin.py:188} INFO - [2026-04-06T15:54:35.967+0000] {dagbag.py:540} INFO - Filling up the DagBag from /opt/airflow/dags/isr_pipeline.py
[2026-04-06T15:54:36.063+0000] {processor.py:840} INFO - DAG(s) 'isr_pipeline' retrieved from /opt/airflow/dags/isr_pipeline.py
[2026-04-06T15:54:36.246+0000] {logging_mixin.py:188} INFO - [2026-04-06T15:54:36.245+0000] {dag.py:3096} INFO - Sync 1 DAGs
[2026-04-06T15:54:36.454+0000] {processor.py:183} INFO - Processing /opt/airflow/dags/isr_pipeline.py took 0.536 seconds
[2026-04-06T15:55:06.963+0000] {processor.py:161} INFO - Started process (PID=66061) to work on /opt/airflow/dags/isr_pipeline.py
[2026-04-06T15:55:06.970+0000] {processor.py:830} INFO - Processing file /opt/airflow/dags/isr_pipeline.py for tasks to queue
[2026-04-06T15:55:06.976+0000] {logging_mixin.py:188} INFO - [2026-04-06T15:55:06.975+0000] {dagbag.py:540} INFO - Filling up the DagBag from /opt/airflow/dags/isr_pipeline.py
[2026-04-06T15:55:07.069+0000] {processor.py:840} INFO - DAG(s) 'isr_pipeline' retrieved from /opt/airflow/dags/isr_pipeline.py
[2026-04-06T15:55:07.251+0000] {logging_mixin.py:188} INFO - [2026-04-06T15:55:07.250+0000] {dag.py:3096} INFO - Sync 1 DAGs
[2026-04-06T15:55:07.453+0000] {processor.py:183} INFO - Processing /opt/airflow/dags/isr_pipeline.py took 0.528 seconds
[2026-04-06T15:55:37.744+0000] {processor.py:161} INFO - Started process (PID=66066) to work on /opt/airflow/dags/isr_pipeline.py
[2026-04-06T15:55:37.751+0000] {processor.py:830} INFO - Processing file /opt/airflow/dags/isr_pipeline.py for tasks to queue
[2026-04-06T15:55:37.759+0000] {logging_mixin.py:188} INFO - [2026-04-06T15:55:37.757+0000] {dagbag.py:540} INFO - Filling up the DagBag from /opt/airflow/dags/isr_pipeline.py
[2026-04-06T15:55:37.854+0000] {processor.py:840} INFO - DAG(s) 'isr_pipeline' retrieved from /opt/airflow/dags/isr_pipeline.py
[2026-04-06T15:55:38.033+0000] {logging_mixin.py:188} INFO - [2026-04-06T15:55:38.032+0000] {dag.py:3096} INFO - Sync 1 DAGs
[2026-04-06T15:55:38.259+0000] {processor.py:183} INFO - Processing /opt/airflow/dags/isr_pipeline.py took 0.554 seconds
[2026-04-06T15:56:08.820+0000] {processor.py:161} INFO - Started process (PID=66071) to work on /opt/airflow/dags/isr_pipeline.py
[2026-04-06T15:56:08.827+0000] {processor.py:830} INFO - Processing file /opt/airflow/dags/isr_pipeline.py for tasks to queue
[2026-04-06T15:56:08.834+0000] {logging_mixin.py:188} INFO - [2026-04-06T15:56:08.832+0000] {dagbag.py:540} INFO - Filling up the DagBag from /opt/airflow/dags/isr_pipeline.py
[2026-04-06T15:56:08.924+0000] {processor.py:840} INFO - DAG(s) 'isr_pipeline' retrieved from /opt/airflow/dags/isr_pipeline.py
[2026-04-06T15:56:09.105+0000] {logging_mixin.py:188} INFO - [2026-04-06T15:56:09.103+0000] {dag.py:3096} INFO - Sync 1 DAGs
[2026-04-06T15:56:09.308+0000] {processor.py:183} INFO - Processing /opt/airflow/dags/isr_pipeline.py took 0.527 seconds
[2026-04-06T15:56:39.555+0000] {processor.py:161} INFO - Started process (PID=66076) to work on /opt/airflow/dags/isr_pipeline.py
[2026-04-06T15:56:39.562+0000] {processor.py:830} INFO - Processing file /opt/airflow/dags/isr_pipeline.py for tasks to queue
[2026-04-06T15:56:39.571+0000] {logging_mixin.py:188} INFO - [2026-04-06T15:56:39.569+0000] {dagbag.py:540} INFO - Filling up the DagBag from /opt/airflow/dags/isr_pipeline.py
[2026-04-06T15:56:39.660+0000] {processor.py:840} INFO - DAG(s) 'isr_pipeline' retrieved from /opt/airflow/dags/isr_pipeline.py
[2026-04-06T15:56:39.847+0000] {logging_mixin.py:188} INFO - [2026-04-06T15:56:39.846+0000] {dag.py:3096} INFO - Sync 1 DAGs
[2026-04-06T15:56:40.042+0000] {processor.py:183} INFO - Processing /opt/airflow/dags/isr_pipeline.py took 0.525 seconds
[2026-04-06T15:57:10.534+0000] {processor.py:161} INFO - Started process (PID=66081) to work on /opt/airflow/dags/isr_pipeline.py
[2026-04-06T15:57:10.542+0000] {processor.py:830} INFO - Processing file /opt/airflow/dags/isr_pipeline.py for tasks to queue
[2026-04-06T15:57:10.549+0000] {logging_mixin.py:188} INFO - [2026-04-06T15:57:10.547+0000] {dagbag.py:540} INFO - Filling up the DagBag from /opt/airflow/dags/isr_pipeline.py
[2026-04-06T15:57:10.640+0000] {processor.py:840} INFO - DAG(s) 'isr_pipeline' retrieved from /opt/airflow/dags/isr_pipeline.py
[2026-04-06T15:57:10.824+0000] {logging_mixin.py:188} INFO - [2026-04-06T15:57:10.823+0000] {dag.py:3096} INFO - Sync 1 DAGs
[2026-04-06T15:57:11.027+0000] {processor.py:183} INFO - Processing /opt/airflow/dags/isr_pipeline.py took 0.531 seconds
[2026-04-06T15:57:41.572+0000] {processor.py:161} INFO - Started process (PID=66086) to work on /opt/airflow/dags/isr_pipeline.py
[2026-04-06T15:57:41.578+0000] {processor.py:830} INFO - Processing file /opt/airflow/dags/isr_pipeline.py for tasks to queue
[2026-04-06T15:57:41.585+0000] {logging_mixin.py:188} INFO - [2026-04-06T15:57:41.584+0000] {dagbag.py:540} INFO - Filling up the DagBag from /opt/airflow/dags/isr_pipeline.py
[2026-04-06T15:57:41.679+0000] {processor.py:840} INFO - DAG(s) 'isr_pipeline' retrieved from /opt/airflow/dags/isr_pipeline.py
[2026-04-06T15:57:41.861+0000] {logging_mixin.py:188} INFO - [2026-04-06T15:57:41.860+0000] {dag.py:3096} INFO - Sync 1 DAGs
[2026-04-06T15:57:42.057+0000] {processor.py:183} INFO - Processing /opt/airflow/dags/isr_pipeline.py took 0.524 seconds
[2026-04-06T15:58:12.348+0000] {processor.py:161} INFO - Started process (PID=66091) to work on /opt/airflow/dags/isr_pipeline.py
[2026-04-06T15:58:12.355+0000] {processor.py:830} INFO - Processing file /opt/airflow/dags/isr_pipeline.py for tasks to queue
[2026-04-06T15:58:12.362+0000] {logging_mixin.py:188} INFO - [2026-04-06T15:58:12.360+0000] {dagbag.py:540} INFO - Filling up the DagBag from /opt/airflow/dags/isr_pipeline.py
[2026-04-06T15:58:12.478+0000] {processor.py:840} INFO - DAG(s) 'isr_pipeline' retrieved from /opt/airflow/dags/isr_pipeline.py
[2026-04-06T15:58:12.670+0000] {logging_mixin.py:188} INFO - [2026-04-06T15:58:12.669+0000] {dag.py:3096} INFO - Sync 1 DAGs
[2026-04-06T15:58:12.893+0000] {processor.py:183} INFO - Processing /opt/airflow/dags/isr_pipeline.py took 0.603 seconds
[2026-04-06T16:26:38.770+0000] {processor.py:161} INFO - Started process (PID=66097) to work on /opt/airflow/dags/isr_pipeline.py
[2026-04-06T16:26:38.773+0000] {processor.py:830} INFO - Processing file /opt/airflow/dags/isr_pipeline.py for tasks to queue
[2026-04-06T16:26:38.777+0000] {logging_mixin.py:188} INFO - [2026-04-06T16:26:38.776+0000] {dagbag.py:540} INFO - Filling up the DagBag from /opt/airflow/dags/isr_pipeline.py
[2026-04-06T16:26:38.804+0000] {processor.py:840} INFO - DAG(s) 'isr_pipeline' retrieved from /opt/airflow/dags/isr_pipeline.py
[2026-04-06T16:26:38.868+0000] {logging_mixin.py:188} INFO - [2026-04-06T16:26:38.868+0000] {dag.py:3096} INFO - Sync 1 DAGs
[2026-04-06T16:26:38.959+0000] {processor.py:183} INFO - Processing /opt/airflow/dags/isr_pipeline.py took 0.203 seconds
[2026-04-06T16:27:09.230+0000] {processor.py:161} INFO - Started process (PID=66102) to work on /opt/airflow/dags/isr_pipeline.py
[2026-04-06T16:27:09.235+0000] {processor.py:830} INFO - Processing file /opt/airflow/dags/isr_pipeline.py for tasks to queue
[2026-04-06T16:27:09.245+0000] {logging_mixin.py:188} INFO - [2026-04-06T16:27:09.243+0000] {dagbag.py:540} INFO - Filling up the DagBag from /opt/airflow/dags/isr_pipeline.py
[2026-04-06T16:27:09.335+0000] {processor.py:840} INFO - DAG(s) 'isr_pipeline' retrieved from /opt/airflow/dags/isr_pipeline.py
[2026-04-06T16:27:09.512+0000] {logging_mixin.py:188} INFO - [2026-04-06T16:27:09.511+0000] {dag.py:3096} INFO - Sync 1 DAGs
[2026-04-06T16:27:09.722+0000] {processor.py:183} INFO - Processing /opt/airflow/dags/isr_pipeline.py took 0.529 seconds
[2026-04-06T16:27:39.836+0000] {processor.py:161} INFO - Started process (PID=66107) to work on /opt/airflow/dags/isr_pipeline.py
[2026-04-06T16:27:39.838+0000] {processor.py:830} INFO - Processing file /opt/airflow/dags/isr_pipeline.py for tasks to queue
[2026-04-06T16:27:39.839+0000] {logging_mixin.py:188} INFO - [2026-04-06T16:27:39.839+0000] {dagbag.py:540} INFO - Filling up the DagBag from /opt/airflow/dags/isr_pipeline.py
[2026-04-06T16:27:39.859+0000] {processor.py:840} INFO - DAG(s) 'isr_pipeline' retrieved from /opt/airflow/dags/isr_pipeline.py
[2026-04-06T16:27:39.895+0000] {logging_mixin.py:188} INFO - [2026-04-06T16:27:39.894+0000] {dag.py:3096} INFO - Sync 1 DAGs
[2026-04-06T16:27:39.935+0000] {processor.py:183} INFO - Processing /opt/airflow/dags/isr_pipeline.py took 0.107 seconds
[2026-04-06T16:28:10.263+0000] {processor.py:161} INFO - Started process (PID=66112) to work on /opt/airflow/dags/isr_pipeline.py
[2026-04-06T16:28:10.269+0000] {processor.py:830} INFO - Processing file /opt/airflow/dags/isr_pipeline.py for tasks to queue
[2026-04-06T16:28:10.275+0000] {logging_mixin.py:188} INFO - [2026-04-06T16:28:10.273+0000] {dagbag.py:540} INFO - Filling up the DagBag from /opt/airflow/dags/isr_pipeline.py
[2026-04-06T16:28:10.363+0000] {processor.py:840} INFO - DAG(s) 'isr_pipeline' retrieved from /opt/airflow/dags/isr_pipeline.py
[2026-04-06T16:28:10.538+0000] {logging_mixin.py:188} INFO - [2026-04-06T16:28:10.537+0000] {dag.py:3096} INFO - Sync 1 DAGs
[2026-04-06T16:28:10.742+0000] {processor.py:183} INFO - Processing /opt/airflow/dags/isr_pipeline.py took 0.516 seconds
[2026-04-06T16:45:27.725+0000] {processor.py:161} INFO - Started process (PID=66117) to work on /opt/airflow/dags/isr_pipeline.py
[2026-04-06T16:45:27.728+0000] {processor.py:830} INFO - Processing file /opt/airflow/dags/isr_pipeline.py for tasks to queue
[2026-04-06T16:45:27.730+0000] {logging_mixin.py:188} INFO - [2026-04-06T16:45:27.730+0000] {dagbag.py:540} INFO - Filling up the DagBag from /opt/airflow/dags/isr_pipeline.py
[2026-04-06T16:45:27.753+0000] {processor.py:840} INFO - DAG(s) 'isr_pipeline' retrieved from /opt/airflow/dags/isr_pipeline.py
[2026-04-06T16:45:27.806+0000] {logging_mixin.py:188} INFO - [2026-04-06T16:45:27.806+0000] {dag.py:3096} INFO - Sync 1 DAGs
[2026-04-06T16:45:27.854+0000] {processor.py:183} INFO - Processing /opt/airflow/dags/isr_pipeline.py took 0.141 seconds
[2026-04-06T16:45:58.412+0000] {processor.py:161} INFO - Started process (PID=66122) to work on /opt/airflow/dags/isr_pipeline.py
[2026-04-06T16:45:58.420+0000] {processor.py:830} INFO - Processing file /opt/airflow/dags/isr_pipeline.py for tasks to queue
[2026-04-06T16:45:58.426+0000] {logging_mixin.py:188} INFO - [2026-04-06T16:45:58.424+0000] {dagbag.py:540} INFO - Filling up the DagBag from /opt/airflow/dags/isr_pipeline.py
[2026-04-06T16:45:58.518+0000] {processor.py:840} INFO - DAG(s) 'isr_pipeline' retrieved from /opt/airflow/dags/isr_pipeline.py
[2026-04-06T16:45:58.725+0000] {logging_mixin.py:188} INFO - [2026-04-06T16:45:58.724+0000] {dag.py:3096} INFO - Sync 1 DAGs
[2026-04-06T16:45:58.942+0000] {processor.py:183} INFO - Processing /opt/airflow/dags/isr_pipeline.py took 0.567 seconds
[2026-04-06T16:46:29.341+0000] {processor.py:161} INFO - Started process (PID=66127) to work on /opt/airflow/dags/isr_pipeline.py
[2026-04-06T16:46:29.347+0000] {processor.py:830} INFO - Processing file /opt/airflow/dags/isr_pipeline.py for tasks to queue
[2026-04-06T16:46:29.354+0000] {logging_mixin.py:188} INFO - [2026-04-06T16:46:29.352+0000] {dagbag.py:540} INFO - Filling up the DagBag from /opt/airflow/dags/isr_pipeline.py
[2026-04-06T16:46:29.445+0000] {processor.py:840} INFO - DAG(s) 'isr_pipeline' retrieved from /opt/airflow/dags/isr_pipeline.py
[2026-04-06T16:46:29.627+0000] {logging_mixin.py:188} INFO - [2026-04-06T16:46:29.626+0000] {dag.py:3096} INFO - Sync 1 DAGs
[2026-04-06T16:46:29.848+0000] {processor.py:183} INFO - Processing /opt/airflow/dags/isr_pipeline.py took 0.544 seconds
[2026-04-06T16:47:00.450+0000] {processor.py:161} INFO - Started process (PID=66132) to work on /opt/airflow/dags/isr_pipeline.py
[2026-04-06T16:47:00.458+0000] {processor.py:830} INFO - Processing file /opt/airflow/dags/isr_pipeline.py for tasks to queue
[2026-04-06T16:47:00.465+0000] {logging_mixin.py:188} INFO - [2026-04-06T16:47:00.463+0000] {dagbag.py:540} INFO - Filling up the DagBag from /opt/airflow/dags/isr_pipeline.py
[2026-04-06T16:47:00.564+0000] {processor.py:840} INFO - DAG(s) 'isr_pipeline' retrieved from /opt/airflow/dags/isr_pipeline.py
[2026-04-06T16:47:00.767+0000] {logging_mixin.py:188} INFO - [2026-04-06T16:47:00.766+0000] {dag.py:3096} INFO - Sync 1 DAGs
[2026-04-06T16:47:00.971+0000] {processor.py:183} INFO - Processing /opt/airflow/dags/isr_pipeline.py took 0.559 seconds
[2026-04-06T16:47:31.548+0000] {processor.py:161} INFO - Started process (PID=66137) to work on /opt/airflow/dags/isr_pipeline.py
[2026-04-06T16:47:31.557+0000] {processor.py:830} INFO - Processing file /opt/airflow/dags/isr_pipeline.py for tasks to queue
[2026-04-06T16:47:31.564+0000] {logging_mixin.py:188} INFO - [2026-04-06T16:47:31.562+0000] {dagbag.py:540} INFO - Filling up the DagBag from /opt/airflow/dags/isr_pipeline.py
[2026-04-06T16:47:31.659+0000] {processor.py:840} INFO - DAG(s) 'isr_pipeline' retrieved from /opt/airflow/dags/isr_pipeline.py
[2026-04-06T16:47:31.867+0000] {logging_mixin.py:188} INFO - [2026-04-06T16:47:31.866+0000] {dag.py:3096} INFO - Sync 1 DAGs
[2026-04-06T16:47:32.122+0000] {processor.py:183} INFO - Processing /opt/airflow/dags/isr_pipeline.py took 0.614 seconds
[2026-04-06T16:48:02.367+0000] {processor.py:161} INFO - Started process (PID=66142) to work on /opt/airflow/dags/isr_pipeline.py
[2026-04-06T16:48:02.374+0000] {processor.py:830} INFO - Processing file /opt/airflow/dags/isr_pipeline.py for tasks to queue
[2026-04-06T16:48:02.381+0000] {logging_mixin.py:188} INFO - [2026-04-06T16:48:02.379+0000] {dagbag.py:540} INFO - Filling up the DagBag from /opt/airflow/dags/isr_pipeline.py
[2026-04-06T16:48:02.482+0000] {processor.py:840} INFO - DAG(s) 'isr_pipeline' retrieved from /opt/airflow/dags/isr_pipeline.py
[2026-04-06T16:48:02.674+0000] {logging_mixin.py:188} INFO - [2026-04-06T16:48:02.673+0000] {dag.py:3096} INFO - Sync 1 DAGs
[2026-04-06T16:48:02.904+0000] {processor.py:183} INFO - Processing /opt/airflow/dags/isr_pipeline.py took 0.574 seconds
[2026-04-06T16:48:33.386+0000] {processor.py:161} INFO - Started process (PID=66147) to work on /opt/airflow/dags/isr_pipeline.py
[2026-04-06T16:48:33.392+0000] {processor.py:830} INFO - Processing file /opt/airflow/dags/isr_pipeline.py for tasks to queue
[2026-04-06T16:48:33.399+0000] {logging_mixin.py:188} INFO - [2026-04-06T16:48:33.397+0000] {dagbag.py:540} INFO - Filling up the DagBag from /opt/airflow/dags/isr_pipeline.py
[2026-04-06T16:48:33.489+0000] {processor.py:840} INFO - DAG(s) 'isr_pipeline' retrieved from /opt/airflow/dags/isr_pipeline.py
[2026-04-06T16:48:33.674+0000] {logging_mixin.py:188} INFO - [2026-04-06T16:48:33.673+0000] {dag.py:3096} INFO - Sync 1 DAGs
[2026-04-06T16:48:33.883+0000] {processor.py:183} INFO - Processing /opt/airflow/dags/isr_pipeline.py took 0.536 seconds
[2026-04-06T16:49:04.396+0000] {processor.py:161} INFO - Started process (PID=66152) to work on /opt/airflow/dags/isr_pipeline.py
[2026-04-06T16:49:04.403+0000] {processor.py:830} INFO - Processing file /opt/airflow/dags/isr_pipeline.py for tasks to queue
[2026-04-06T16:49:04.411+0000] {logging_mixin.py:188} INFO - [2026-04-06T16:49:04.409+0000] {dagbag.py:540} INFO - Filling up the DagBag from /opt/airflow/dags/isr_pipeline.py
[2026-04-06T16:49:04.508+0000] {processor.py:840} INFO - DAG(s) 'isr_pipeline' retrieved from /opt/airflow/dags/isr_pipeline.py
[2026-04-06T16:49:04.708+0000] {logging_mixin.py:188} INFO - [2026-04-06T16:49:04.707+0000] {dag.py:3096} INFO - Sync 1 DAGs
[2026-04-06T16:49:04.915+0000] {processor.py:183} INFO - Processing /opt/airflow/dags/isr_pipeline.py took 0.553 seconds
[2026-04-06T16:49:35.539+0000] {processor.py:161} INFO - Started process (PID=66157) to work on /opt/airflow/dags/isr_pipeline.py
[2026-04-06T16:49:35.546+0000] {processor.py:830} INFO - Processing file /opt/airflow/dags/isr_pipeline.py for tasks to queue
[2026-04-06T16:49:35.552+0000] {logging_mixin.py:188} INFO - [2026-04-06T16:49:35.550+0000] {dagbag.py:540} INFO - Filling up the DagBag from /opt/airflow/dags/isr_pipeline.py
[2026-04-06T16:49:35.650+0000] {processor.py:840} INFO - DAG(s) 'isr_pipeline' retrieved from /opt/airflow/dags/isr_pipeline.py
[2026-04-06T16:49:35.837+0000] {logging_mixin.py:188} INFO - [2026-04-06T16:49:35.836+0000] {dag.py:3096} INFO - Sync 1 DAGs
[2026-04-06T16:49:36.033+0000] {processor.py:183} INFO - Processing /opt/airflow/dags/isr_pipeline.py took 0.534 seconds
[2026-04-06T16:50:06.596+0000] {processor.py:161} INFO - Started process (PID=66162) to work on /opt/airflow/dags/isr_pipeline.py
[2026-04-06T16:50:06.603+0000] {processor.py:830} INFO - Processing file /opt/airflow/dags/isr_pipeline.py for tasks to queue
[2026-04-06T16:50:06.611+0000] {logging_mixin.py:188} INFO - [2026-04-06T16:50:06.609+0000] {dagbag.py:540} INFO - Filling up the DagBag from /opt/airflow/dags/isr_pipeline.py
[2026-04-06T16:50:06.706+0000] {processor.py:840} INFO - DAG(s) 'isr_pipeline' retrieved from /opt/airflow/dags/isr_pipeline.py
[2026-04-06T16:50:06.906+0000] {logging_mixin.py:188} INFO - [2026-04-06T16:50:06.905+0000] {dag.py:3096} INFO - Sync 1 DAGs
[2026-04-06T16:50:07.119+0000] {processor.py:183} INFO - Processing /opt/airflow/dags/isr_pipeline.py took 0.563 seconds
[2026-04-06T16:50:37.562+0000] {processor.py:161} INFO - Started process (PID=66167) to work on /opt/airflow/dags/isr_pipeline.py
[2026-04-06T16:50:37.569+0000] {processor.py:830} INFO - Processing file /opt/airflow/dags/isr_pipeline.py for tasks to queue
[2026-04-06T16:50:37.596+0000] {logging_mixin.py:188} INFO - [2026-04-06T16:50:37.594+0000] {dagbag.py:540} INFO - Filling up the DagBag from /opt/airflow/dags/isr_pipeline.py
[2026-04-06T16:50:37.690+0000] {processor.py:840} INFO - DAG(s) 'isr_pipeline' retrieved from /opt/airflow/dags/isr_pipeline.py
[2026-04-06T16:50:37.878+0000] {logging_mixin.py:188} INFO - [2026-04-06T16:50:37.877+0000] {dag.py:3096} INFO - Sync 1 DAGs
[2026-04-06T16:50:38.089+0000] {processor.py:183} INFO - Processing /opt/airflow/dags/isr_pipeline.py took 0.564 seconds
[2026-04-06T16:51:08.621+0000] {processor.py:161} INFO - Started process (PID=66172) to work on /opt/airflow/dags/isr_pipeline.py
[2026-04-06T16:51:08.628+0000] {processor.py:830} INFO - Processing file /opt/airflow/dags/isr_pipeline.py for tasks to queue
[2026-04-06T16:51:08.635+0000] {logging_mixin.py:188} INFO - [2026-04-06T16:51:08.633+0000] {dagbag.py:540} INFO - Filling up the DagBag from /opt/airflow/dags/isr_pipeline.py
[2026-04-06T16:51:08.737+0000] {processor.py:840} INFO - DAG(s) 'isr_pipeline' retrieved from /opt/airflow/dags/isr_pipeline.py
[2026-04-06T16:51:08.952+0000] {logging_mixin.py:188} INFO - [2026-04-06T16:51:08.951+0000] {dag.py:3096} INFO - Sync 1 DAGs
[2026-04-06T16:51:09.165+0000] {processor.py:183} INFO - Processing /opt/airflow/dags/isr_pipeline.py took 0.584 seconds
[2026-04-06T16:51:39.673+0000] {processor.py:161} INFO - Started process (PID=66177) to work on /opt/airflow/dags/isr_pipeline.py
[2026-04-06T16:51:39.683+0000] {processor.py:830} INFO - Processing file /opt/airflow/dags/isr_pipeline.py for tasks to queue
[2026-04-06T16:51:39.693+0000] {logging_mixin.py:188} INFO - [2026-04-06T16:51:39.691+0000] {dagbag.py:540} INFO - Filling up the DagBag from /opt/airflow/dags/isr_pipeline.py
[2026-04-06T16:51:39.794+0000] {processor.py:840} INFO - DAG(s) 'isr_pipeline' retrieved from /opt/airflow/dags/isr_pipeline.py
[2026-04-06T16:51:39.992+0000] {logging_mixin.py:188} INFO - [2026-04-06T16:51:39.991+0000] {dag.py:3096} INFO - Sync 1 DAGs
[2026-04-06T16:51:40.201+0000] {processor.py:183} INFO - Processing /opt/airflow/dags/isr_pipeline.py took 0.570 seconds
[2026-04-06T16:52:10.695+0000] {processor.py:161} INFO - Started process (PID=66182) to work on /opt/airflow/dags/isr_pipeline.py
[2026-04-06T16:52:10.702+0000] {processor.py:830} INFO - Processing file /opt/airflow/dags/isr_pipeline.py for tasks to queue
[2026-04-06T16:52:10.709+0000] {logging_mixin.py:188} INFO - [2026-04-06T16:52:10.707+0000] {dagbag.py:540} INFO - Filling up the DagBag from /opt/airflow/dags/isr_pipeline.py
[2026-04-06T16:52:10.804+0000] {processor.py:840} INFO - DAG(s) 'isr_pipeline' retrieved from /opt/airflow/dags/isr_pipeline.py
[2026-04-06T16:52:11.012+0000] {logging_mixin.py:188} INFO - [2026-04-06T16:52:11.011+0000] {dag.py:3096} INFO - Sync 1 DAGs
[2026-04-06T16:52:11.210+0000] {processor.py:183} INFO - Processing /opt/airflow/dags/isr_pipeline.py took 0.552 seconds
[2026-04-06T16:52:41.716+0000] {processor.py:161} INFO - Started process (PID=66187) to work on /opt/airflow/dags/isr_pipeline.py
[2026-04-06T16:52:41.725+0000] {processor.py:830} INFO - Processing file /opt/airflow/dags/isr_pipeline.py for tasks to queue
[2026-04-06T16:52:41.731+0000] {logging_mixin.py:188} INFO - [2026-04-06T16:52:41.729+0000] {dagbag.py:540} INFO - Filling up the DagBag from /opt/airflow/dags/isr_pipeline.py
[2026-04-06T16:52:41.847+0000] {processor.py:840} INFO - DAG(s) 'isr_pipeline' retrieved from /opt/airflow/dags/isr_pipeline.py
[2026-04-06T16:52:42.134+0000] {logging_mixin.py:188} INFO - [2026-04-06T16:52:42.134+0000] {dag.py:3096} INFO - Sync 1 DAGs
[2026-04-06T16:52:42.379+0000] {processor.py:183} INFO - Processing /opt/airflow/dags/isr_pipeline.py took 0.704 seconds
[2026-04-06T16:53:12.906+0000] {processor.py:161} INFO - Started process (PID=66192) to work on /opt/airflow/dags/isr_pipeline.py
[2026-04-06T16:53:12.913+0000] {processor.py:830} INFO - Processing file /opt/airflow/dags/isr_pipeline.py for tasks to queue
[2026-04-06T16:53:12.921+0000] {logging_mixin.py:188} INFO - [2026-04-06T16:53:12.919+0000] {dagbag.py:540} INFO - Filling up the DagBag from /opt/airflow/dags/isr_pipeline.py
[2026-04-06T16:53:13.024+0000] {processor.py:840} INFO - DAG(s) 'isr_pipeline' retrieved from /opt/airflow/dags/isr_pipeline.py
[2026-04-06T16:53:13.218+0000] {logging_mixin.py:188} INFO - [2026-04-06T16:53:13.217+0000] {dag.py:3096} INFO - Sync 1 DAGs
[2026-04-06T16:53:13.436+0000] {processor.py:183} INFO - Processing /opt/airflow/dags/isr_pipeline.py took 0.570 seconds
[2026-04-06T16:53:43.766+0000] {processor.py:161} INFO - Started process (PID=66197) to work on /opt/airflow/dags/isr_pipeline.py
[2026-04-06T16:53:43.773+0000] {processor.py:830} INFO - Processing file /opt/airflow/dags/isr_pipeline.py for tasks to queue
[2026-04-06T16:53:43.782+0000] {logging_mixin.py:188} INFO - [2026-04-06T16:53:43.780+0000] {dagbag.py:540} INFO - Filling up the DagBag from /opt/airflow/dags/isr_pipeline.py
[2026-04-06T16:53:43.875+0000] {processor.py:840} INFO - DAG(s) 'isr_pipeline' retrieved from /opt/airflow/dags/isr_pipeline.py
[2026-04-06T16:53:44.064+0000] {logging_mixin.py:188} INFO - [2026-04-06T16:53:44.063+0000] {dag.py:3096} INFO - Sync 1 DAGs
[2026-04-06T16:53:44.268+0000] {processor.py:183} INFO - Processing /opt/airflow/dags/isr_pipeline.py took 0.543 seconds
[2026-04-06T16:54:14.763+0000] {processor.py:161} INFO - Started process (PID=66202) to work on /opt/airflow/dags/isr_pipeline.py
[2026-04-06T16:54:14.771+0000] {processor.py:830} INFO - Processing file /opt/airflow/dags/isr_pipeline.py for tasks to queue
[2026-04-06T16:54:14.778+0000] {logging_mixin.py:188} INFO - [2026-04-06T16:54:14.776+0000] {dagbag.py:540} INFO - Filling up the DagBag from /opt/airflow/dags/isr_pipeline.py
[2026-04-06T16:54:14.883+0000] {processor.py:840} INFO - DAG(s) 'isr_pipeline' retrieved from /opt/airflow/dags/isr_pipeline.py
[2026-04-06T16:54:15.074+0000] {logging_mixin.py:188} INFO - [2026-04-06T16:54:15.073+0000] {dag.py:3096} INFO - Sync 1 DAGs
[2026-04-06T16:54:15.287+0000] {processor.py:183} INFO - Processing /opt/airflow/dags/isr_pipeline.py took 0.566 seconds
[2026-04-06T16:54:45.635+0000] {processor.py:161} INFO - Started process (PID=66207) to work on /opt/airflow/dags/isr_pipeline.py
[2026-04-06T16:54:45.643+0000] {processor.py:830} INFO - Processing file /opt/airflow/dags/isr_pipeline.py for tasks to queue
[2026-04-06T16:54:45.652+0000] {logging_mixin.py:188} INFO - [2026-04-06T16:54:45.650+0000] {dagbag.py:540} INFO - Filling up the DagBag from /opt/airflow/dags/isr_pipeline.py
[2026-04-06T16:54:45.749+0000] {processor.py:840} INFO - DAG(s) 'isr_pipeline' retrieved from /opt/airflow/dags/isr_pipeline.py
[2026-04-06T16:54:45.944+0000] {logging_mixin.py:188} INFO - [2026-04-06T16:54:45.943+0000] {dag.py:3096} INFO - Sync 1 DAGs
[2026-04-06T16:54:46.145+0000] {processor.py:183} INFO - Processing /opt/airflow/dags/isr_pipeline.py took 0.553 seconds
[2026-04-06T16:55:16.673+0000] {processor.py:161} INFO - Started process (PID=66212) to work on /opt/airflow/dags/isr_pipeline.py
[2026-04-06T16:55:16.681+0000] {processor.py:830} INFO - Processing file /opt/airflow/dags/isr_pipeline.py for tasks to queue
[2026-04-06T16:55:16.688+0000] {logging_mixin.py:188} INFO - [2026-04-06T16:55:16.686+0000] {dagbag.py:540} INFO - Filling up the DagBag from /opt/airflow/dags/isr_pipeline.py
[2026-04-06T16:55:16.785+0000] {processor.py:840} INFO - DAG(s) 'isr_pipeline' retrieved from /opt/airflow/dags/isr_pipeline.py
[2026-04-06T16:55:16.974+0000] {logging_mixin.py:188} INFO - [2026-04-06T16:55:16.973+0000] {dag.py:3096} INFO - Sync 1 DAGs
[2026-04-06T16:55:17.179+0000] {processor.py:183} INFO - Processing /opt/airflow/dags/isr_pipeline.py took 0.545 seconds
[2026-04-06T16:55:47.471+0000] {processor.py:161} INFO - Started process (PID=66217) to work on /opt/airflow/dags/isr_pipeline.py
[2026-04-06T16:55:47.477+0000] {processor.py:830} INFO - Processing file /opt/airflow/dags/isr_pipeline.py for tasks to queue
[2026-04-06T16:55:47.486+0000] {logging_mixin.py:188} INFO - [2026-04-06T16:55:47.484+0000] {dagbag.py:540} INFO - Filling up the DagBag from /opt/airflow/dags/isr_pipeline.py
[2026-04-06T16:55:47.577+0000] {processor.py:840} INFO - DAG(s) 'isr_pipeline' retrieved from /opt/airflow/dags/isr_pipeline.py
[2026-04-06T16:55:47.777+0000] {logging_mixin.py:188} INFO - [2026-04-06T16:55:47.776+0000] {dag.py:3096} INFO - Sync 1 DAGs
[2026-04-06T16:55:47.981+0000] {processor.py:183} INFO - Processing /opt/airflow/dags/isr_pipeline.py took 0.550 seconds
[2026-04-06T16:56:18.519+0000] {processor.py:161} INFO - Started process (PID=66222) to work on /opt/airflow/dags/isr_pipeline.py
[2026-04-06T16:56:18.526+0000] {processor.py:830} INFO - Processing file /opt/airflow/dags/isr_pipeline.py for tasks to queue
[2026-04-06T16:56:18.533+0000] {logging_mixin.py:188} INFO - [2026-04-06T16:56:18.531+0000] {dagbag.py:540} INFO - Filling up the DagBag from /opt/airflow/dags/isr_pipeline.py
[2026-04-06T16:56:18.640+0000] {processor.py:840} INFO - DAG(s) 'isr_pipeline' retrieved from /opt/airflow/dags/isr_pipeline.py
[2026-04-06T16:56:18.826+0000] {logging_mixin.py:188} INFO - [2026-04-06T16:56:18.825+0000] {dag.py:3096} INFO - Sync 1 DAGs
[2026-04-06T16:56:19.041+0000] {processor.py:183} INFO - Processing /opt/airflow/dags/isr_pipeline.py took 0.560 seconds
[2026-04-06T16:56:49.534+0000] {processor.py:161} INFO - Started process (PID=66227) to work on /opt/airflow/dags/isr_pipeline.py
[2026-04-06T16:56:49.546+0000] {processor.py:830} INFO - Processing file /opt/airflow/dags/isr_pipeline.py for tasks to queue
[2026-04-06T16:56:49.557+0000] {logging_mixin.py:188} INFO - [2026-04-06T16:56:49.555+0000] {dagbag.py:540} INFO - Filling up the DagBag from /opt/airflow/dags/isr_pipeline.py
[2026-04-06T16:56:49.677+0000] {processor.py:840} INFO - DAG(s) 'isr_pipeline' retrieved from /opt/airflow/dags/isr_pipeline.py
[2026-04-06T16:56:49.869+0000] {logging_mixin.py:188} INFO - [2026-04-06T16:56:49.868+0000] {dag.py:3096} INFO - Sync 1 DAGs
[2026-04-06T16:56:50.086+0000] {processor.py:183} INFO - Processing /opt/airflow/dags/isr_pipeline.py took 0.597 seconds
[2026-04-06T16:57:20.591+0000] {processor.py:161} INFO - Started process (PID=66232) to work on /opt/airflow/dags/isr_pipeline.py
[2026-04-06T16:57:20.602+0000] {processor.py:830} INFO - Processing file /opt/airflow/dags/isr_pipeline.py for tasks to queue
[2026-04-06T16:57:20.611+0000] {logging_mixin.py:188} INFO - [2026-04-06T16:57:20.609+0000] {dagbag.py:540} INFO - Filling up the DagBag from /opt/airflow/dags/isr_pipeline.py
[2026-04-06T16:57:20.706+0000] {processor.py:840} INFO - DAG(s) 'isr_pipeline' retrieved from /opt/airflow/dags/isr_pipeline.py
[2026-04-06T16:57:20.896+0000] {logging_mixin.py:188} INFO - [2026-04-06T16:57:20.895+0000] {dag.py:3096} INFO - Sync 1 DAGs
[2026-04-06T16:57:21.099+0000] {processor.py:183} INFO - Processing /opt/airflow/dags/isr_pipeline.py took 0.548 seconds
[2026-04-06T16:57:51.587+0000] {processor.py:161} INFO - Started process (PID=66237) to work on /opt/airflow/dags/isr_pipeline.py
[2026-04-06T16:57:51.595+0000] {processor.py:830} INFO - Processing file /opt/airflow/dags/isr_pipeline.py for tasks to queue
[2026-04-06T16:57:51.603+0000] {logging_mixin.py:188} INFO - [2026-04-06T16:57:51.601+0000] {dagbag.py:540} INFO - Filling up the DagBag from /opt/airflow/dags/isr_pipeline.py
[2026-04-06T16:57:51.697+0000] {processor.py:840} INFO - DAG(s) 'isr_pipeline' retrieved from /opt/airflow/dags/isr_pipeline.py
[2026-04-06T16:57:51.886+0000] {logging_mixin.py:188} INFO - [2026-04-06T16:57:51.884+0000] {dag.py:3096} INFO - Sync 1 DAGs
[2026-04-06T16:57:52.095+0000] {processor.py:183} INFO - Processing /opt/airflow/dags/isr_pipeline.py took 0.547 seconds
[2026-04-06T16:58:22.599+0000] {processor.py:161} INFO - Started process (PID=66242) to work on /opt/airflow/dags/isr_pipeline.py
[2026-04-06T16:58:22.607+0000] {processor.py:830} INFO - Processing file /opt/airflow/dags/isr_pipeline.py for tasks to queue
[2026-04-06T16:58:22.614+0000] {logging_mixin.py:188} INFO - [2026-04-06T16:58:22.612+0000] {dagbag.py:540} INFO - Filling up the DagBag from /opt/airflow/dags/isr_pipeline.py
[2026-04-06T16:58:22.707+0000] {processor.py:840} INFO - DAG(s) 'isr_pipeline' retrieved from /opt/airflow/dags/isr_pipeline.py
[2026-04-06T16:58:22.895+0000] {logging_mixin.py:188} INFO - [2026-04-06T16:58:22.894+0000] {dag.py:3096} INFO - Sync 1 DAGs
[2026-04-06T16:58:23.094+0000] {processor.py:183} INFO - Processing /opt/airflow/dags/isr_pipeline.py took 0.537 seconds
[2026-04-06T16:58:53.671+0000] {processor.py:161} INFO - Started process (PID=66247) to work on /opt/airflow/dags/isr_pipeline.py
[2026-04-06T16:58:53.677+0000] {processor.py:830} INFO - Processing file /opt/airflow/dags/isr_pipeline.py for tasks to queue
[2026-04-06T16:58:53.685+0000] {logging_mixin.py:188} INFO - [2026-04-06T16:58:53.683+0000] {dagbag.py:540} INFO - Filling up the DagBag from /opt/airflow/dags/isr_pipeline.py
[2026-04-06T16:58:53.787+0000] {processor.py:840} INFO - DAG(s) 'isr_pipeline' retrieved from /opt/airflow/dags/isr_pipeline.py
[2026-04-06T16:58:53.984+0000] {logging_mixin.py:188} INFO - [2026-04-06T16:58:53.983+0000] {dag.py:3096} INFO - Sync 1 DAGs
[2026-04-06T16:58:54.184+0000] {processor.py:183} INFO - Processing /opt/airflow/dags/isr_pipeline.py took 0.556 seconds
[2026-04-06T16:59:24.687+0000] {processor.py:161} INFO - Started process (PID=66252) to work on /opt/airflow/dags/isr_pipeline.py
[2026-04-06T16:59:24.696+0000] {processor.py:830} INFO - Processing file /opt/airflow/dags/isr_pipeline.py for tasks to queue
[2026-04-06T16:59:24.704+0000] {logging_mixin.py:188} INFO - [2026-04-06T16:59:24.702+0000] {dagbag.py:540} INFO - Filling up the DagBag from /opt/airflow/dags/isr_pipeline.py
[2026-04-06T16:59:24.802+0000] {processor.py:840} INFO - DAG(s) 'isr_pipeline' retrieved from /opt/airflow/dags/isr_pipeline.py
[2026-04-06T16:59:24.987+0000] {logging_mixin.py:188} INFO - [2026-04-06T16:59:24.986+0000] {dag.py:3096} INFO - Sync 1 DAGs
[2026-04-06T16:59:25.193+0000] {processor.py:183} INFO - Processing /opt/airflow/dags/isr_pipeline.py took 0.549 seconds
[2026-04-06T16:59:55.757+0000] {processor.py:161} INFO - Started process (PID=66257) to work on /opt/airflow/dags/isr_pipeline.py
[2026-04-06T16:59:55.764+0000] {processor.py:830} INFO - Processing file /opt/airflow/dags/isr_pipeline.py for tasks to queue
[2026-04-06T16:59:55.771+0000] {logging_mixin.py:188} INFO - [2026-04-06T16:59:55.769+0000] {dagbag.py:540} INFO - Filling up the DagBag from /opt/airflow/dags/isr_pipeline.py
[2026-04-06T16:59:55.870+0000] {processor.py:840} INFO - DAG(s) 'isr_pipeline' retrieved from /opt/airflow/dags/isr_pipeline.py
[2026-04-06T16:59:56.052+0000] {logging_mixin.py:188} INFO - [2026-04-06T16:59:56.051+0000] {dag.py:3096} INFO - Sync 1 DAGs
[2026-04-06T16:59:56.253+0000] {processor.py:183} INFO - Processing /opt/airflow/dags/isr_pipeline.py took 0.538 seconds
[2026-04-06T17:00:26.743+0000] {processor.py:161} INFO - Started process (PID=66262) to work on /opt/airflow/dags/isr_pipeline.py
[2026-04-06T17:00:26.751+0000] {processor.py:830} INFO - Processing file /opt/airflow/dags/isr_pipeline.py for tasks to queue
[2026-04-06T17:00:26.758+0000] {logging_mixin.py:188} INFO - [2026-04-06T17:00:26.756+0000] {dagbag.py:540} INFO - Filling up the DagBag from /opt/airflow/dags/isr_pipeline.py
[2026-04-06T17:00:26.857+0000] {processor.py:840} INFO - DAG(s) 'isr_pipeline' retrieved from /opt/airflow/dags/isr_pipeline.py
[2026-04-06T17:00:27.073+0000] {logging_mixin.py:188} INFO - [2026-04-06T17:00:27.072+0000] {dag.py:3096} INFO - Sync 1 DAGs
[2026-04-06T17:00:27.259+0000] {processor.py:183} INFO - Processing /opt/airflow/dags/isr_pipeline.py took 0.580 seconds
[2026-04-06T17:00:57.813+0000] {processor.py:161} INFO - Started process (PID=66267) to work on /opt/airflow/dags/isr_pipeline.py
[2026-04-06T17:00:57.820+0000] {processor.py:830} INFO - Processing file /opt/airflow/dags/isr_pipeline.py for tasks to queue
[2026-04-06T17:00:57.828+0000] {logging_mixin.py:188} INFO - [2026-04-06T17:00:57.826+0000] {dagbag.py:540} INFO - Filling up the DagBag from /opt/airflow/dags/isr_pipeline.py
[2026-04-06T17:00:57.931+0000] {processor.py:840} INFO - DAG(s) 'isr_pipeline' retrieved from /opt/airflow/dags/isr_pipeline.py
[2026-04-06T17:00:58.110+0000] {logging_mixin.py:188} INFO - [2026-04-06T17:00:58.109+0000] {dag.py:3096} INFO - Sync 1 DAGs
[2026-04-06T17:00:58.318+0000] {processor.py:183} INFO - Processing /opt/airflow/dags/isr_pipeline.py took 0.542 seconds
[2026-04-06T17:01:28.820+0000] {processor.py:161} INFO - Started process (PID=66272) to work on /opt/airflow/dags/isr_pipeline.py
[2026-04-06T17:01:28.828+0000] {processor.py:830} INFO - Processing file /opt/airflow/dags/isr_pipeline.py for tasks to queue
[2026-04-06T17:01:28.837+0000] {logging_mixin.py:188} INFO - [2026-04-06T17:01:28.835+0000] {dagbag.py:540} INFO - Filling up the DagBag from /opt/airflow/dags/isr_pipeline.py
[2026-04-06T17:01:28.932+0000] {processor.py:840} INFO - DAG(s) 'isr_pipeline' retrieved from /opt/airflow/dags/isr_pipeline.py
[2026-04-06T17:01:29.127+0000] {logging_mixin.py:188} INFO - [2026-04-06T17:01:29.126+0000] {dag.py:3096} INFO - Sync 1 DAGs
[2026-04-06T17:01:29.326+0000] {processor.py:183} INFO - Processing /opt/airflow/dags/isr_pipeline.py took 0.545 seconds
[2026-04-06T17:01:59.508+0000] {processor.py:161} INFO - Started process (PID=66277) to work on /opt/airflow/dags/isr_pipeline.py
[2026-04-06T17:01:59.515+0000] {processor.py:830} INFO - Processing file /opt/airflow/dags/isr_pipeline.py for tasks to queue
[2026-04-06T17:01:59.522+0000] {logging_mixin.py:188} INFO - [2026-04-06T17:01:59.520+0000] {dagbag.py:540} INFO - Filling up the DagBag from /opt/airflow/dags/isr_pipeline.py
[2026-04-06T17:01:59.616+0000] {processor.py:840} INFO - DAG(s) 'isr_pipeline' retrieved from /opt/airflow/dags/isr_pipeline.py
[2026-04-06T17:01:59.810+0000] {logging_mixin.py:188} INFO - [2026-04-06T17:01:59.808+0000] {dag.py:3096} INFO - Sync 1 DAGs
[2026-04-06T17:02:00.031+0000] {processor.py:183} INFO - Processing /opt/airflow/dags/isr_pipeline.py took 0.561 seconds
[2026-04-06T17:02:30.237+0000] {processor.py:161} INFO - Started process (PID=66282) to work on /opt/airflow/dags/isr_pipeline.py
[2026-04-06T17:02:30.244+0000] {processor.py:830} INFO - Processing file /opt/airflow/dags/isr_pipeline.py for tasks to queue
[2026-04-06T17:02:30.251+0000] {logging_mixin.py:188} INFO - [2026-04-06T17:02:30.249+0000] {dagbag.py:540} INFO - Filling up the DagBag from /opt/airflow/dags/isr_pipeline.py
[2026-04-06T17:02:30.354+0000] {processor.py:840} INFO - DAG(s) 'isr_pipeline' retrieved from /opt/airflow/dags/isr_pipeline.py
[2026-04-06T17:02:30.532+0000] {logging_mixin.py:188} INFO - [2026-04-06T17:02:30.532+0000] {dag.py:3096} INFO - Sync 1 DAGs
[2026-04-06T17:02:30.737+0000] {processor.py:183} INFO - Processing /opt/airflow/dags/isr_pipeline.py took 0.538 seconds
[2026-04-06T17:27:39.686+0000] {processor.py:161} INFO - Started process (PID=66288) to work on /opt/airflow/dags/isr_pipeline.py
[2026-04-06T17:27:39.688+0000] {processor.py:830} INFO - Processing file /opt/airflow/dags/isr_pipeline.py for tasks to queue
[2026-04-06T17:27:39.690+0000] {logging_mixin.py:188} INFO - [2026-04-06T17:27:39.689+0000] {dagbag.py:540} INFO - Filling up the DagBag from /opt/airflow/dags/isr_pipeline.py
[2026-04-06T17:27:39.721+0000] {processor.py:840} INFO - DAG(s) 'isr_pipeline' retrieved from /opt/airflow/dags/isr_pipeline.py
[2026-04-06T17:27:39.773+0000] {logging_mixin.py:188} INFO - [2026-04-06T17:27:39.773+0000] {dag.py:3096} INFO - Sync 1 DAGs
[2026-04-06T17:27:39.906+0000] {processor.py:183} INFO - Processing /opt/airflow/dags/isr_pipeline.py took 0.232 seconds
[2026-04-06T17:28:10.118+0000] {processor.py:161} INFO - Started process (PID=66293) to work on /opt/airflow/dags/isr_pipeline.py
[2026-04-06T17:28:10.124+0000] {processor.py:830} INFO - Processing file /opt/airflow/dags/isr_pipeline.py for tasks to queue
[2026-04-06T17:28:10.131+0000] {logging_mixin.py:188} INFO - [2026-04-06T17:28:10.129+0000] {dagbag.py:540} INFO - Filling up the DagBag from /opt/airflow/dags/isr_pipeline.py
[2026-04-06T17:28:10.229+0000] {processor.py:840} INFO - DAG(s) 'isr_pipeline' retrieved from /opt/airflow/dags/isr_pipeline.py
[2026-04-06T17:28:10.423+0000] {logging_mixin.py:188} INFO - [2026-04-06T17:28:10.422+0000] {dag.py:3096} INFO - Sync 1 DAGs
[2026-04-06T17:28:10.625+0000] {processor.py:183} INFO - Processing /opt/airflow/dags/isr_pipeline.py took 0.547 seconds
[2026-04-06T17:44:40.691+0000] {processor.py:161} INFO - Started process (PID=66298) to work on /opt/airflow/dags/isr_pipeline.py
[2026-04-06T17:44:40.693+0000] {processor.py:830} INFO - Processing file /opt/airflow/dags/isr_pipeline.py for tasks to queue
[2026-04-06T17:44:40.695+0000] {logging_mixin.py:188} INFO - [2026-04-06T17:44:40.695+0000] {dagbag.py:540} INFO - Filling up the DagBag from /opt/airflow/dags/isr_pipeline.py
[2026-04-06T17:44:40.731+0000] {processor.py:840} INFO - DAG(s) 'isr_pipeline' retrieved from /opt/airflow/dags/isr_pipeline.py
[2026-04-06T17:44:40.780+0000] {logging_mixin.py:188} INFO - [2026-04-06T17:44:40.779+0000] {dag.py:3096} INFO - Sync 1 DAGs
[2026-04-06T17:44:40.952+0000] {processor.py:183} INFO - Processing /opt/airflow/dags/isr_pipeline.py took 0.273 seconds
[2026-04-06T17:45:11.355+0000] {processor.py:161} INFO - Started process (PID=66303) to work on /opt/airflow/dags/isr_pipeline.py
[2026-04-06T17:45:11.362+0000] {processor.py:830} INFO - Processing file /opt/airflow/dags/isr_pipeline.py for tasks to queue
[2026-04-06T17:45:11.369+0000] {logging_mixin.py:188} INFO - [2026-04-06T17:45:11.367+0000] {dagbag.py:540} INFO - Filling up the DagBag from /opt/airflow/dags/isr_pipeline.py
[2026-04-06T17:45:11.463+0000] {processor.py:840} INFO - DAG(s) 'isr_pipeline' retrieved from /opt/airflow/dags/isr_pipeline.py
[2026-04-06T17:45:11.653+0000] {logging_mixin.py:188} INFO - [2026-04-06T17:45:11.652+0000] {dag.py:3096} INFO - Sync 1 DAGs
[2026-04-06T17:45:11.863+0000] {processor.py:183} INFO - Processing /opt/airflow/dags/isr_pipeline.py took 0.546 seconds
[2026-04-06T17:45:42.437+0000] {processor.py:161} INFO - Started process (PID=66308) to work on /opt/airflow/dags/isr_pipeline.py
[2026-04-06T17:45:42.445+0000] {processor.py:830} INFO - Processing file /opt/airflow/dags/isr_pipeline.py for tasks to queue
[2026-04-06T17:45:42.452+0000] {logging_mixin.py:188} INFO - [2026-04-06T17:45:42.450+0000] {dagbag.py:540} INFO - Filling up the DagBag from /opt/airflow/dags/isr_pipeline.py
[2026-04-06T17:45:42.548+0000] {processor.py:840} INFO - DAG(s) 'isr_pipeline' retrieved from /opt/airflow/dags/isr_pipeline.py
[2026-04-06T17:45:42.752+0000] {logging_mixin.py:188} INFO - [2026-04-06T17:45:42.751+0000] {dag.py:3096} INFO - Sync 1 DAGs
[2026-04-06T17:45:42.956+0000] {processor.py:183} INFO - Processing /opt/airflow/dags/isr_pipeline.py took 0.559 seconds
[2026-04-06T17:46:13.463+0000] {processor.py:161} INFO - Started process (PID=66313) to work on /opt/airflow/dags/isr_pipeline.py
[2026-04-06T17:46:13.469+0000] {processor.py:830} INFO - Processing file /opt/airflow/dags/isr_pipeline.py for tasks to queue
[2026-04-06T17:46:13.476+0000] {logging_mixin.py:188} INFO - [2026-04-06T17:46:13.475+0000] {dagbag.py:540} INFO - Filling up the DagBag from /opt/airflow/dags/isr_pipeline.py
[2026-04-06T17:46:13.568+0000] {processor.py:840} INFO - DAG(s) 'isr_pipeline' retrieved from /opt/airflow/dags/isr_pipeline.py
[2026-04-06T17:46:13.752+0000] {logging_mixin.py:188} INFO - [2026-04-06T17:46:13.751+0000] {dag.py:3096} INFO - Sync 1 DAGs
[2026-04-06T17:46:13.953+0000] {processor.py:183} INFO - Processing /opt/airflow/dags/isr_pipeline.py took 0.530 seconds
[2026-04-06T17:46:44.404+0000] {processor.py:161} INFO - Started process (PID=66318) to work on /opt/airflow/dags/isr_pipeline.py
[2026-04-06T17:46:44.411+0000] {processor.py:830} INFO - Processing file /opt/airflow/dags/isr_pipeline.py for tasks to queue
[2026-04-06T17:46:44.418+0000] {logging_mixin.py:188} INFO - [2026-04-06T17:46:44.416+0000] {dagbag.py:540} INFO - Filling up the DagBag from /opt/airflow/dags/isr_pipeline.py
[2026-04-06T17:46:44.518+0000] {processor.py:840} INFO - DAG(s) 'isr_pipeline' retrieved from /opt/airflow/dags/isr_pipeline.py
[2026-04-06T17:46:44.700+0000] {logging_mixin.py:188} INFO - [2026-04-06T17:46:44.698+0000] {dag.py:3096} INFO - Sync 1 DAGs
[2026-04-06T17:46:44.914+0000] {processor.py:183} INFO - Processing /opt/airflow/dags/isr_pipeline.py took 0.548 seconds
[2026-04-06T17:47:15.448+0000] {processor.py:161} INFO - Started process (PID=66323) to work on /opt/airflow/dags/isr_pipeline.py
[2026-04-06T17:47:15.457+0000] {processor.py:830} INFO - Processing file /opt/airflow/dags/isr_pipeline.py for tasks to queue
[2026-04-06T17:47:15.464+0000] {logging_mixin.py:188} INFO - [2026-04-06T17:47:15.462+0000] {dagbag.py:540} INFO - Filling up the DagBag from /opt/airflow/dags/isr_pipeline.py
[2026-04-06T17:47:15.573+0000] {processor.py:840} INFO - DAG(s) 'isr_pipeline' retrieved from /opt/airflow/dags/isr_pipeline.py
[2026-04-06T17:47:15.761+0000] {logging_mixin.py:188} INFO - [2026-04-06T17:47:15.760+0000] {dag.py:3096} INFO - Sync 1 DAGs
[2026-04-06T17:47:15.965+0000] {processor.py:183} INFO - Processing /opt/airflow/dags/isr_pipeline.py took 0.556 seconds
[2026-04-06T17:47:46.479+0000] {processor.py:161} INFO - Started process (PID=66328) to work on /opt/airflow/dags/isr_pipeline.py
[2026-04-06T17:47:46.487+0000] {processor.py:830} INFO - Processing file /opt/airflow/dags/isr_pipeline.py for tasks to queue
[2026-04-06T17:47:46.495+0000] {logging_mixin.py:188} INFO - [2026-04-06T17:47:46.493+0000] {dagbag.py:540} INFO - Filling up the DagBag from /opt/airflow/dags/isr_pipeline.py
[2026-04-06T17:47:46.591+0000] {processor.py:840} INFO - DAG(s) 'isr_pipeline' retrieved from /opt/airflow/dags/isr_pipeline.py
[2026-04-06T17:47:46.779+0000] {logging_mixin.py:188} INFO - [2026-04-06T17:47:46.778+0000] {dag.py:3096} INFO - Sync 1 DAGs
[2026-04-06T17:47:46.988+0000] {processor.py:183} INFO - Processing /opt/airflow/dags/isr_pipeline.py took 0.548 seconds
[2026-04-06T17:48:17.446+0000] {processor.py:161} INFO - Started process (PID=66333) to work on /opt/airflow/dags/isr_pipeline.py
[2026-04-06T17:48:17.455+0000] {processor.py:830} INFO - Processing file /opt/airflow/dags/isr_pipeline.py for tasks to queue
[2026-04-06T17:48:17.462+0000] {logging_mixin.py:188} INFO - [2026-04-06T17:48:17.460+0000] {dagbag.py:540} INFO - Filling up the DagBag from /opt/airflow/dags/isr_pipeline.py
[2026-04-06T17:48:17.570+0000] {processor.py:840} INFO - DAG(s) 'isr_pipeline' retrieved from /opt/airflow/dags/isr_pipeline.py
[2026-04-06T17:48:17.760+0000] {logging_mixin.py:188} INFO - [2026-04-06T17:48:17.759+0000] {dag.py:3096} INFO - Sync 1 DAGs
[2026-04-06T17:48:17.976+0000] {processor.py:183} INFO - Processing /opt/airflow/dags/isr_pipeline.py took 0.565 seconds
[2026-04-06T17:48:48.475+0000] {processor.py:161} INFO - Started process (PID=66338) to work on /opt/airflow/dags/isr_pipeline.py
[2026-04-06T17:48:48.483+0000] {processor.py:830} INFO - Processing file /opt/airflow/dags/isr_pipeline.py for tasks to queue
[2026-04-06T17:48:48.490+0000] {logging_mixin.py:188} INFO - [2026-04-06T17:48:48.489+0000] {dagbag.py:540} INFO - Filling up the DagBag from /opt/airflow/dags/isr_pipeline.py
[2026-04-06T17:48:48.588+0000] {processor.py:840} INFO - DAG(s) 'isr_pipeline' retrieved from /opt/airflow/dags/isr_pipeline.py
[2026-04-06T17:48:48.802+0000] {logging_mixin.py:188} INFO - [2026-04-06T17:48:48.801+0000] {dag.py:3096} INFO - Sync 1 DAGs
[2026-04-06T17:48:49.013+0000] {processor.py:183} INFO - Processing /opt/airflow/dags/isr_pipeline.py took 0.575 seconds
[2026-04-06T17:49:19.511+0000] {processor.py:161} INFO - Started process (PID=66343) to work on /opt/airflow/dags/isr_pipeline.py
[2026-04-06T17:49:19.518+0000] {processor.py:830} INFO - Processing file /opt/airflow/dags/isr_pipeline.py for tasks to queue
[2026-04-06T17:49:19.525+0000] {logging_mixin.py:188} INFO - [2026-04-06T17:49:19.523+0000] {dagbag.py:540} INFO - Filling up the DagBag from /opt/airflow/dags/isr_pipeline.py
[2026-04-06T17:49:19.621+0000] {processor.py:840} INFO - DAG(s) 'isr_pipeline' retrieved from /opt/airflow/dags/isr_pipeline.py
[2026-04-06T17:49:19.827+0000] {logging_mixin.py:188} INFO - [2026-04-06T17:49:19.825+0000] {dag.py:3096} INFO - Sync 1 DAGs
[2026-04-06T17:49:20.028+0000] {processor.py:183} INFO - Processing /opt/airflow/dags/isr_pipeline.py took 0.561 seconds
[2026-04-06T17:49:50.636+0000] {processor.py:161} INFO - Started process (PID=66348) to work on /opt/airflow/dags/isr_pipeline.py
[2026-04-06T17:49:50.652+0000] {processor.py:830} INFO - Processing file /opt/airflow/dags/isr_pipeline.py for tasks to queue
[2026-04-06T17:49:50.680+0000] {logging_mixin.py:188} INFO - [2026-04-06T17:49:50.674+0000] {dagbag.py:540} INFO - Filling up the DagBag from /opt/airflow/dags/isr_pipeline.py
[2026-04-06T17:49:50.775+0000] {processor.py:840} INFO - DAG(s) 'isr_pipeline' retrieved from /opt/airflow/dags/isr_pipeline.py
[2026-04-06T17:49:50.952+0000] {logging_mixin.py:188} INFO - [2026-04-06T17:49:50.951+0000] {dag.py:3096} INFO - Sync 1 DAGs
[2026-04-06T17:49:51.148+0000] {processor.py:183} INFO - Processing /opt/airflow/dags/isr_pipeline.py took 0.562 seconds
[2026-04-06T17:50:21.704+0000] {processor.py:161} INFO - Started process (PID=66353) to work on /opt/airflow/dags/isr_pipeline.py
[2026-04-06T17:50:21.712+0000] {processor.py:830} INFO - Processing file /opt/airflow/dags/isr_pipeline.py for tasks to queue
[2026-04-06T17:50:21.719+0000] {logging_mixin.py:188} INFO - [2026-04-06T17:50:21.717+0000] {dagbag.py:540} INFO - Filling up the DagBag from /opt/airflow/dags/isr_pipeline.py
[2026-04-06T17:50:21.828+0000] {processor.py:840} INFO - DAG(s) 'isr_pipeline' retrieved from /opt/airflow/dags/isr_pipeline.py
[2026-04-06T17:50:22.018+0000] {logging_mixin.py:188} INFO - [2026-04-06T17:50:22.017+0000] {dag.py:3096} INFO - Sync 1 DAGs
[2026-04-06T17:50:22.215+0000] {processor.py:183} INFO - Processing /opt/airflow/dags/isr_pipeline.py took 0.550 seconds
[2026-04-06T17:50:52.737+0000] {processor.py:161} INFO - Started process (PID=66358) to work on /opt/airflow/dags/isr_pipeline.py
[2026-04-06T17:50:52.748+0000] {processor.py:830} INFO - Processing file /opt/airflow/dags/isr_pipeline.py for tasks to queue
[2026-04-06T17:50:52.755+0000] {logging_mixin.py:188} INFO - [2026-04-06T17:50:52.753+0000] {dagbag.py:540} INFO - Filling up the DagBag from /opt/airflow/dags/isr_pipeline.py
[2026-04-06T17:50:52.848+0000] {processor.py:840} INFO - DAG(s) 'isr_pipeline' retrieved from /opt/airflow/dags/isr_pipeline.py
[2026-04-06T17:50:53.032+0000] {logging_mixin.py:188} INFO - [2026-04-06T17:50:53.031+0000] {dag.py:3096} INFO - Sync 1 DAGs
[2026-04-06T17:50:53.228+0000] {processor.py:183} INFO - Processing /opt/airflow/dags/isr_pipeline.py took 0.530 seconds
[2026-04-06T17:51:23.712+0000] {processor.py:161} INFO - Started process (PID=66363) to work on /opt/airflow/dags/isr_pipeline.py
[2026-04-06T17:51:23.720+0000] {processor.py:830} INFO - Processing file /opt/airflow/dags/isr_pipeline.py for tasks to queue
[2026-04-06T17:51:23.727+0000] {logging_mixin.py:188} INFO - [2026-04-06T17:51:23.725+0000] {dagbag.py:540} INFO - Filling up the DagBag from /opt/airflow/dags/isr_pipeline.py
[2026-04-06T17:51:23.832+0000] {processor.py:840} INFO - DAG(s) 'isr_pipeline' retrieved from /opt/airflow/dags/isr_pipeline.py
[2026-04-06T17:51:24.018+0000] {logging_mixin.py:188} INFO - [2026-04-06T17:51:24.017+0000] {dag.py:3096} INFO - Sync 1 DAGs
[2026-04-06T17:51:24.244+0000] {processor.py:183} INFO - Processing /opt/airflow/dags/isr_pipeline.py took 0.573 seconds
[2026-04-06T17:51:54.765+0000] {processor.py:161} INFO - Started process (PID=66368) to work on /opt/airflow/dags/isr_pipeline.py
[2026-04-06T17:51:54.776+0000] {processor.py:830} INFO - Processing file /opt/airflow/dags/isr_pipeline.py for tasks to queue
[2026-04-06T17:51:54.783+0000] {logging_mixin.py:188} INFO - [2026-04-06T17:51:54.781+0000] {dagbag.py:540} INFO - Filling up the DagBag from /opt/airflow/dags/isr_pipeline.py
[2026-04-06T17:51:54.875+0000] {processor.py:840} INFO - DAG(s) 'isr_pipeline' retrieved from /opt/airflow/dags/isr_pipeline.py
[2026-04-06T17:51:55.064+0000] {logging_mixin.py:188} INFO - [2026-04-06T17:51:55.062+0000] {dag.py:3096} INFO - Sync 1 DAGs
[2026-04-06T17:51:55.257+0000] {processor.py:183} INFO - Processing /opt/airflow/dags/isr_pipeline.py took 0.548 seconds
[2026-04-06T17:52:25.771+0000] {processor.py:161} INFO - Started process (PID=66373) to work on /opt/airflow/dags/isr_pipeline.py
[2026-04-06T17:52:25.783+0000] {processor.py:830} INFO - Processing file /opt/airflow/dags/isr_pipeline.py for tasks to queue
[2026-04-06T17:52:25.813+0000] {logging_mixin.py:188} INFO - [2026-04-06T17:52:25.807+0000] {dagbag.py:540} INFO - Filling up the DagBag from /opt/airflow/dags/isr_pipeline.py
[2026-04-06T17:52:25.938+0000] {processor.py:840} INFO - DAG(s) 'isr_pipeline' retrieved from /opt/airflow/dags/isr_pipeline.py
[2026-04-06T17:52:26.135+0000] {logging_mixin.py:188} INFO - [2026-04-06T17:52:26.134+0000] {dag.py:3096} INFO - Sync 1 DAGs
[2026-04-06T17:52:26.341+0000] {processor.py:183} INFO - Processing /opt/airflow/dags/isr_pipeline.py took 0.611 seconds
[2026-04-06T17:52:56.788+0000] {processor.py:161} INFO - Started process (PID=66378) to work on /opt/airflow/dags/isr_pipeline.py
[2026-04-06T17:52:56.795+0000] {processor.py:830} INFO - Processing file /opt/airflow/dags/isr_pipeline.py for tasks to queue
[2026-04-06T17:52:56.802+0000] {logging_mixin.py:188} INFO - [2026-04-06T17:52:56.800+0000] {dagbag.py:540} INFO - Filling up the DagBag from /opt/airflow/dags/isr_pipeline.py
[2026-04-06T17:52:56.903+0000] {processor.py:840} INFO - DAG(s) 'isr_pipeline' retrieved from /opt/airflow/dags/isr_pipeline.py
[2026-04-06T17:52:57.080+0000] {logging_mixin.py:188} INFO - [2026-04-06T17:52:57.079+0000] {dag.py:3096} INFO - Sync 1 DAGs
[2026-04-06T17:52:57.283+0000] {processor.py:183} INFO - Processing /opt/airflow/dags/isr_pipeline.py took 0.531 seconds
[2026-04-06T17:53:27.822+0000] {processor.py:161} INFO - Started process (PID=66383) to work on /opt/airflow/dags/isr_pipeline.py
[2026-04-06T17:53:27.831+0000] {processor.py:830} INFO - Processing file /opt/airflow/dags/isr_pipeline.py for tasks to queue
[2026-04-06T17:53:27.841+0000] {logging_mixin.py:188} INFO - [2026-04-06T17:53:27.839+0000] {dagbag.py:540} INFO - Filling up the DagBag from /opt/airflow/dags/isr_pipeline.py
[2026-04-06T17:53:27.934+0000] {processor.py:840} INFO - DAG(s) 'isr_pipeline' retrieved from /opt/airflow/dags/isr_pipeline.py
[2026-04-06T17:53:28.121+0000] {logging_mixin.py:188} INFO - [2026-04-06T17:53:28.119+0000] {dag.py:3096} INFO - Sync 1 DAGs
[2026-04-06T17:53:28.312+0000] {processor.py:183} INFO - Processing /opt/airflow/dags/isr_pipeline.py took 0.534 seconds
[2026-04-06T17:53:58.814+0000] {processor.py:161} INFO - Started process (PID=66388) to work on /opt/airflow/dags/isr_pipeline.py
[2026-04-06T17:53:58.822+0000] {processor.py:830} INFO - Processing file /opt/airflow/dags/isr_pipeline.py for tasks to queue
[2026-04-06T17:53:58.829+0000] {logging_mixin.py:188} INFO - [2026-04-06T17:53:58.827+0000] {dagbag.py:540} INFO - Filling up the DagBag from /opt/airflow/dags/isr_pipeline.py
[2026-04-06T17:53:58.917+0000] {processor.py:840} INFO - DAG(s) 'isr_pipeline' retrieved from /opt/airflow/dags/isr_pipeline.py
[2026-04-06T17:53:59.105+0000] {logging_mixin.py:188} INFO - [2026-04-06T17:53:59.104+0000] {dag.py:3096} INFO - Sync 1 DAGs
[2026-04-06T17:53:59.321+0000] {processor.py:183} INFO - Processing /opt/airflow/dags/isr_pipeline.py took 0.545 seconds
[2026-04-06T17:54:29.819+0000] {processor.py:161} INFO - Started process (PID=66393) to work on /opt/airflow/dags/isr_pipeline.py
[2026-04-06T17:54:29.826+0000] {processor.py:830} INFO - Processing file /opt/airflow/dags/isr_pipeline.py for tasks to queue
[2026-04-06T17:54:29.833+0000] {logging_mixin.py:188} INFO - [2026-04-06T17:54:29.832+0000] {dagbag.py:540} INFO - Filling up the DagBag from /opt/airflow/dags/isr_pipeline.py
[2026-04-06T17:54:29.924+0000] {processor.py:840} INFO - DAG(s) 'isr_pipeline' retrieved from /opt/airflow/dags/isr_pipeline.py
[2026-04-06T17:54:30.106+0000] {logging_mixin.py:188} INFO - [2026-04-06T17:54:30.104+0000] {dag.py:3096} INFO - Sync 1 DAGs
[2026-04-06T17:54:30.324+0000] {processor.py:183} INFO - Processing /opt/airflow/dags/isr_pipeline.py took 0.540 seconds
[2026-04-06T17:55:00.931+0000] {processor.py:161} INFO - Started process (PID=66398) to work on /opt/airflow/dags/isr_pipeline.py
[2026-04-06T17:55:00.940+0000] {processor.py:830} INFO - Processing file /opt/airflow/dags/isr_pipeline.py for tasks to queue
[2026-04-06T17:55:00.947+0000] {logging_mixin.py:188} INFO - [2026-04-06T17:55:00.945+0000] {dagbag.py:540} INFO - Filling up the DagBag from /opt/airflow/dags/isr_pipeline.py
[2026-04-06T17:55:01.037+0000] {processor.py:840} INFO - DAG(s) 'isr_pipeline' retrieved from /opt/airflow/dags/isr_pipeline.py
[2026-04-06T17:55:01.222+0000] {logging_mixin.py:188} INFO - [2026-04-06T17:55:01.221+0000] {dag.py:3096} INFO - Sync 1 DAGs
[2026-04-06T17:55:01.427+0000] {processor.py:183} INFO - Processing /opt/airflow/dags/isr_pipeline.py took 0.534 seconds
[2026-04-06T18:25:27.747+0000] {processor.py:161} INFO - Started process (PID=66403) to work on /opt/airflow/dags/isr_pipeline.py
[2026-04-06T18:25:27.748+0000] {processor.py:830} INFO - Processing file /opt/airflow/dags/isr_pipeline.py for tasks to queue
[2026-04-06T18:25:27.750+0000] {logging_mixin.py:188} INFO - [2026-04-06T18:25:27.749+0000] {dagbag.py:540} INFO - Filling up the DagBag from /opt/airflow/dags/isr_pipeline.py
[2026-04-06T18:25:27.771+0000] {processor.py:840} INFO - DAG(s) 'isr_pipeline' retrieved from /opt/airflow/dags/isr_pipeline.py
[2026-04-06T18:25:27.816+0000] {logging_mixin.py:188} INFO - [2026-04-06T18:25:27.816+0000] {dag.py:3096} INFO - Sync 1 DAGs
[2026-04-06T18:25:27.975+0000] {processor.py:183} INFO - Processing /opt/airflow/dags/isr_pipeline.py took 0.238 seconds
[2026-04-06T18:25:58.157+0000] {processor.py:161} INFO - Started process (PID=66408) to work on /opt/airflow/dags/isr_pipeline.py
[2026-04-06T18:25:58.164+0000] {processor.py:830} INFO - Processing file /opt/airflow/dags/isr_pipeline.py for tasks to queue
[2026-04-06T18:25:58.173+0000] {logging_mixin.py:188} INFO - [2026-04-06T18:25:58.171+0000] {dagbag.py:540} INFO - Filling up the DagBag from /opt/airflow/dags/isr_pipeline.py
[2026-04-06T18:25:58.285+0000] {processor.py:840} INFO - DAG(s) 'isr_pipeline' retrieved from /opt/airflow/dags/isr_pipeline.py
[2026-04-06T18:25:58.470+0000] {logging_mixin.py:188} INFO - [2026-04-06T18:25:58.469+0000] {dag.py:3096} INFO - Sync 1 DAGs
[2026-04-06T18:25:58.674+0000] {processor.py:183} INFO - Processing /opt/airflow/dags/isr_pipeline.py took 0.555 seconds
[2026-04-06T18:26:29.216+0000] {processor.py:161} INFO - Started process (PID=66413) to work on /opt/airflow/dags/isr_pipeline.py
[2026-04-06T18:26:29.223+0000] {processor.py:830} INFO - Processing file /opt/airflow/dags/isr_pipeline.py for tasks to queue
[2026-04-06T18:26:29.230+0000] {logging_mixin.py:188} INFO - [2026-04-06T18:26:29.228+0000] {dagbag.py:540} INFO - Filling up the DagBag from /opt/airflow/dags/isr_pipeline.py
[2026-04-06T18:26:29.323+0000] {processor.py:840} INFO - DAG(s) 'isr_pipeline' retrieved from /opt/airflow/dags/isr_pipeline.py
[2026-04-06T18:26:29.510+0000] {logging_mixin.py:188} INFO - [2026-04-06T18:26:29.509+0000] {dag.py:3096} INFO - Sync 1 DAGs
[2026-04-06T18:26:29.721+0000] {processor.py:183} INFO - Processing /opt/airflow/dags/isr_pipeline.py took 0.543 seconds
[2026-04-06T18:27:00.247+0000] {processor.py:161} INFO - Started process (PID=66418) to work on /opt/airflow/dags/isr_pipeline.py
[2026-04-06T18:27:00.255+0000] {processor.py:830} INFO - Processing file /opt/airflow/dags/isr_pipeline.py for tasks to queue
[2026-04-06T18:27:00.262+0000] {logging_mixin.py:188} INFO - [2026-04-06T18:27:00.260+0000] {dagbag.py:540} INFO - Filling up the DagBag from /opt/airflow/dags/isr_pipeline.py
[2026-04-06T18:27:00.355+0000] {processor.py:840} INFO - DAG(s) 'isr_pipeline' retrieved from /opt/airflow/dags/isr_pipeline.py
[2026-04-06T18:27:00.544+0000] {logging_mixin.py:188} INFO - [2026-04-06T18:27:00.543+0000] {dag.py:3096} INFO - Sync 1 DAGs
[2026-04-06T18:27:00.759+0000] {processor.py:183} INFO - Processing /opt/airflow/dags/isr_pipeline.py took 0.550 seconds
[2026-04-06T18:27:31.127+0000] {processor.py:161} INFO - Started process (PID=66423) to work on /opt/airflow/dags/isr_pipeline.py
[2026-04-06T18:27:31.134+0000] {processor.py:830} INFO - Processing file /opt/airflow/dags/isr_pipeline.py for tasks to queue
[2026-04-06T18:27:31.141+0000] {logging_mixin.py:188} INFO - [2026-04-06T18:27:31.139+0000] {dagbag.py:540} INFO - Filling up the DagBag from /opt/airflow/dags/isr_pipeline.py
[2026-04-06T18:27:31.232+0000] {processor.py:840} INFO - DAG(s) 'isr_pipeline' retrieved from /opt/airflow/dags/isr_pipeline.py
[2026-04-06T18:27:31.414+0000] {logging_mixin.py:188} INFO - [2026-04-06T18:27:31.413+0000] {dag.py:3096} INFO - Sync 1 DAGs
[2026-04-06T18:27:31.620+0000] {processor.py:183} INFO - Processing /opt/airflow/dags/isr_pipeline.py took 0.531 seconds
[2026-04-06T18:28:02.172+0000] {processor.py:161} INFO - Started process (PID=66428) to work on /opt/airflow/dags/isr_pipeline.py
[2026-04-06T18:28:02.181+0000] {processor.py:830} INFO - Processing file /opt/airflow/dags/isr_pipeline.py for tasks to queue
[2026-04-06T18:28:02.190+0000] {logging_mixin.py:188} INFO - [2026-04-06T18:28:02.188+0000] {dagbag.py:540} INFO - Filling up the DagBag from /opt/airflow/dags/isr_pipeline.py
[2026-04-06T18:28:02.297+0000] {processor.py:840} INFO - DAG(s) 'isr_pipeline' retrieved from /opt/airflow/dags/isr_pipeline.py
[2026-04-06T18:28:02.498+0000] {logging_mixin.py:188} INFO - [2026-04-06T18:28:02.497+0000] {dag.py:3096} INFO - Sync 1 DAGs
[2026-04-06T18:28:02.705+0000] {processor.py:183} INFO - Processing /opt/airflow/dags/isr_pipeline.py took 0.574 seconds
[2026-04-06T18:28:32.900+0000] {processor.py:161} INFO - Started process (PID=66433) to work on /opt/airflow/dags/isr_pipeline.py
[2026-04-06T18:28:32.907+0000] {processor.py:830} INFO - Processing file /opt/airflow/dags/isr_pipeline.py for tasks to queue
[2026-04-06T18:28:32.914+0000] {logging_mixin.py:188} INFO - [2026-04-06T18:28:32.912+0000] {dagbag.py:540} INFO - Filling up the DagBag from /opt/airflow/dags/isr_pipeline.py
[2026-04-06T18:28:33.010+0000] {processor.py:840} INFO - DAG(s) 'isr_pipeline' retrieved from /opt/airflow/dags/isr_pipeline.py
[2026-04-06T18:28:33.187+0000] {logging_mixin.py:188} INFO - [2026-04-06T18:28:33.186+0000] {dag.py:3096} INFO - Sync 1 DAGs
[2026-04-06T18:28:33.381+0000] {processor.py:183} INFO - Processing /opt/airflow/dags/isr_pipeline.py took 0.520 seconds
[2026-04-06T18:29:03.816+0000] {processor.py:161} INFO - Started process (PID=66438) to work on /opt/airflow/dags/isr_pipeline.py
[2026-04-06T18:29:03.823+0000] {processor.py:830} INFO - Processing file /opt/airflow/dags/isr_pipeline.py for tasks to queue
[2026-04-06T18:29:03.831+0000] {logging_mixin.py:188} INFO - [2026-04-06T18:29:03.830+0000] {dagbag.py:540} INFO - Filling up the DagBag from /opt/airflow/dags/isr_pipeline.py
[2026-04-06T18:29:03.926+0000] {processor.py:840} INFO - DAG(s) 'isr_pipeline' retrieved from /opt/airflow/dags/isr_pipeline.py
[2026-04-06T18:29:04.124+0000] {logging_mixin.py:188} INFO - [2026-04-06T18:29:04.123+0000] {dag.py:3096} INFO - Sync 1 DAGs
[2026-04-06T18:29:04.348+0000] {processor.py:183} INFO - Processing /opt/airflow/dags/isr_pipeline.py took 0.568 seconds
[2026-04-06T18:29:34.966+0000] {processor.py:161} INFO - Started process (PID=66443) to work on /opt/airflow/dags/isr_pipeline.py
[2026-04-06T18:29:34.973+0000] {processor.py:830} INFO - Processing file /opt/airflow/dags/isr_pipeline.py for tasks to queue
[2026-04-06T18:29:34.980+0000] {logging_mixin.py:188} INFO - [2026-04-06T18:29:34.978+0000] {dagbag.py:540} INFO - Filling up the DagBag from /opt/airflow/dags/isr_pipeline.py
[2026-04-06T18:29:35.071+0000] {processor.py:840} INFO - DAG(s) 'isr_pipeline' retrieved from /opt/airflow/dags/isr_pipeline.py
[2026-04-06T18:29:35.256+0000] {logging_mixin.py:188} INFO - [2026-04-06T18:29:35.254+0000] {dag.py:3096} INFO - Sync 1 DAGs
[2026-04-06T18:29:35.466+0000] {processor.py:183} INFO - Processing /opt/airflow/dags/isr_pipeline.py took 0.538 seconds
[2026-04-06T18:30:05.940+0000] {processor.py:161} INFO - Started process (PID=66448) to work on /opt/airflow/dags/isr_pipeline.py
[2026-04-06T18:30:05.947+0000] {processor.py:830} INFO - Processing file /opt/airflow/dags/isr_pipeline.py for tasks to queue
[2026-04-06T18:30:05.954+0000] {logging_mixin.py:188} INFO - [2026-04-06T18:30:05.952+0000] {dagbag.py:540} INFO - Filling up the DagBag from /opt/airflow/dags/isr_pipeline.py
[2026-04-06T18:30:06.043+0000] {processor.py:840} INFO - DAG(s) 'isr_pipeline' retrieved from /opt/airflow/dags/isr_pipeline.py
[2026-04-06T18:30:06.224+0000] {logging_mixin.py:188} INFO - [2026-04-06T18:30:06.223+0000] {dag.py:3096} INFO - Sync 1 DAGs
[2026-04-06T18:30:06.426+0000] {processor.py:183} INFO - Processing /opt/airflow/dags/isr_pipeline.py took 0.524 seconds
[2026-04-06T18:30:37.054+0000] {processor.py:161} INFO - Started process (PID=66453) to work on /opt/airflow/dags/isr_pipeline.py
[2026-04-06T18:30:37.061+0000] {processor.py:830} INFO - Processing file /opt/airflow/dags/isr_pipeline.py for tasks to queue
[2026-04-06T18:30:37.068+0000] {logging_mixin.py:188} INFO - [2026-04-06T18:30:37.066+0000] {dagbag.py:540} INFO - Filling up the DagBag from /opt/airflow/dags/isr_pipeline.py
[2026-04-06T18:30:37.157+0000] {processor.py:840} INFO - DAG(s) 'isr_pipeline' retrieved from /opt/airflow/dags/isr_pipeline.py
[2026-04-06T18:30:37.334+0000] {logging_mixin.py:188} INFO - [2026-04-06T18:30:37.333+0000] {dag.py:3096} INFO - Sync 1 DAGs
[2026-04-06T18:30:37.556+0000] {processor.py:183} INFO - Processing /opt/airflow/dags/isr_pipeline.py took 0.535 seconds
[2026-04-06T18:31:08.092+0000] {processor.py:161} INFO - Started process (PID=66458) to work on /opt/airflow/dags/isr_pipeline.py
[2026-04-06T18:31:08.099+0000] {processor.py:830} INFO - Processing file /opt/airflow/dags/isr_pipeline.py for tasks to queue
[2026-04-06T18:31:08.106+0000] {logging_mixin.py:188} INFO - [2026-04-06T18:31:08.104+0000] {dagbag.py:540} INFO - Filling up the DagBag from /opt/airflow/dags/isr_pipeline.py
[2026-04-06T18:31:08.202+0000] {processor.py:840} INFO - DAG(s) 'isr_pipeline' retrieved from /opt/airflow/dags/isr_pipeline.py
[2026-04-06T18:31:08.414+0000] {logging_mixin.py:188} INFO - [2026-04-06T18:31:08.412+0000] {dag.py:3096} INFO - Sync 1 DAGs
[2026-04-06T18:31:08.648+0000] {processor.py:183} INFO - Processing /opt/airflow/dags/isr_pipeline.py took 0.593 seconds
[2026-04-06T18:31:39.215+0000] {processor.py:161} INFO - Started process (PID=66463) to work on /opt/airflow/dags/isr_pipeline.py
[2026-04-06T18:31:39.222+0000] {processor.py:830} INFO - Processing file /opt/airflow/dags/isr_pipeline.py for tasks to queue
[2026-04-06T18:31:39.229+0000] {logging_mixin.py:188} INFO - [2026-04-06T18:31:39.227+0000] {dagbag.py:540} INFO - Filling up the DagBag from /opt/airflow/dags/isr_pipeline.py
[2026-04-06T18:31:39.327+0000] {processor.py:840} INFO - DAG(s) 'isr_pipeline' retrieved from /opt/airflow/dags/isr_pipeline.py
[2026-04-06T18:31:39.517+0000] {logging_mixin.py:188} INFO - [2026-04-06T18:31:39.516+0000] {dag.py:3096} INFO - Sync 1 DAGs
[2026-04-06T18:31:39.740+0000] {processor.py:183} INFO - Processing /opt/airflow/dags/isr_pipeline.py took 0.563 seconds
[2026-04-06T18:32:10.188+0000] {processor.py:161} INFO - Started process (PID=66468) to work on /opt/airflow/dags/isr_pipeline.py
[2026-04-06T18:32:10.195+0000] {processor.py:830} INFO - Processing file /opt/airflow/dags/isr_pipeline.py for tasks to queue
[2026-04-06T18:32:10.202+0000] {logging_mixin.py:188} INFO - [2026-04-06T18:32:10.200+0000] {dagbag.py:540} INFO - Filling up the DagBag from /opt/airflow/dags/isr_pipeline.py
[2026-04-06T18:32:10.297+0000] {processor.py:840} INFO - DAG(s) 'isr_pipeline' retrieved from /opt/airflow/dags/isr_pipeline.py
[2026-04-06T18:32:10.481+0000] {logging_mixin.py:188} INFO - [2026-04-06T18:32:10.479+0000] {dag.py:3096} INFO - Sync 1 DAGs
[2026-04-06T18:32:10.700+0000] {processor.py:183} INFO - Processing /opt/airflow/dags/isr_pipeline.py took 0.547 seconds
[2026-04-06T18:32:41.198+0000] {processor.py:161} INFO - Started process (PID=66473) to work on /opt/airflow/dags/isr_pipeline.py
[2026-04-06T18:32:41.206+0000] {processor.py:830} INFO - Processing file /opt/airflow/dags/isr_pipeline.py for tasks to queue
[2026-04-06T18:32:41.214+0000] {logging_mixin.py:188} INFO - [2026-04-06T18:32:41.212+0000] {dagbag.py:540} INFO - Filling up the DagBag from /opt/airflow/dags/isr_pipeline.py
[2026-04-06T18:32:41.315+0000] {processor.py:840} INFO - DAG(s) 'isr_pipeline' retrieved from /opt/airflow/dags/isr_pipeline.py
[2026-04-06T18:32:41.528+0000] {logging_mixin.py:188} INFO - [2026-04-06T18:32:41.526+0000] {dag.py:3096} INFO - Sync 1 DAGs
[2026-04-06T18:32:41.727+0000] {processor.py:183} INFO - Processing /opt/airflow/dags/isr_pipeline.py took 0.579 seconds
[2026-04-06T18:33:11.922+0000] {processor.py:161} INFO - Started process (PID=66478) to work on /opt/airflow/dags/isr_pipeline.py
[2026-04-06T18:33:11.930+0000] {processor.py:830} INFO - Processing file /opt/airflow/dags/isr_pipeline.py for tasks to queue
[2026-04-06T18:33:11.937+0000] {logging_mixin.py:188} INFO - [2026-04-06T18:33:11.935+0000] {dagbag.py:540} INFO - Filling up the DagBag from /opt/airflow/dags/isr_pipeline.py
[2026-04-06T18:33:12.028+0000] {processor.py:840} INFO - DAG(s) 'isr_pipeline' retrieved from /opt/airflow/dags/isr_pipeline.py
[2026-04-06T18:33:12.211+0000] {logging_mixin.py:188} INFO - [2026-04-06T18:33:12.210+0000] {dag.py:3096} INFO - Sync 1 DAGs
[2026-04-06T18:33:12.422+0000] {processor.py:183} INFO - Processing /opt/airflow/dags/isr_pipeline.py took 0.538 seconds
[2026-04-06T18:33:42.944+0000] {processor.py:161} INFO - Started process (PID=66483) to work on /opt/airflow/dags/isr_pipeline.py
[2026-04-06T18:33:42.952+0000] {processor.py:830} INFO - Processing file /opt/airflow/dags/isr_pipeline.py for tasks to queue
[2026-04-06T18:33:42.959+0000] {logging_mixin.py:188} INFO - [2026-04-06T18:33:42.957+0000] {dagbag.py:540} INFO - Filling up the DagBag from /opt/airflow/dags/isr_pipeline.py
[2026-04-06T18:33:43.058+0000] {processor.py:840} INFO - DAG(s) 'isr_pipeline' retrieved from /opt/airflow/dags/isr_pipeline.py
[2026-04-06T18:33:43.242+0000] {logging_mixin.py:188} INFO - [2026-04-06T18:33:43.241+0000] {dag.py:3096} INFO - Sync 1 DAGs
[2026-04-06T18:33:43.464+0000] {processor.py:183} INFO - Processing /opt/airflow/dags/isr_pipeline.py took 0.558 seconds
[2026-04-06T18:34:13.975+0000] {processor.py:161} INFO - Started process (PID=66488) to work on /opt/airflow/dags/isr_pipeline.py
[2026-04-06T18:34:13.983+0000] {processor.py:830} INFO - Processing file /opt/airflow/dags/isr_pipeline.py for tasks to queue
[2026-04-06T18:34:13.990+0000] {logging_mixin.py:188} INFO - [2026-04-06T18:34:13.988+0000] {dagbag.py:540} INFO - Filling up the DagBag from /opt/airflow/dags/isr_pipeline.py
[2026-04-06T18:34:14.097+0000] {processor.py:840} INFO - DAG(s) 'isr_pipeline' retrieved from /opt/airflow/dags/isr_pipeline.py
[2026-04-06T18:34:14.268+0000] {logging_mixin.py:188} INFO - [2026-04-06T18:34:14.267+0000] {dag.py:3096} INFO - Sync 1 DAGs
[2026-04-06T18:34:14.510+0000] {processor.py:183} INFO - Processing /opt/airflow/dags/isr_pipeline.py took 0.570 seconds
[2026-04-06T18:34:45.034+0000] {processor.py:161} INFO - Started process (PID=66493) to work on /opt/airflow/dags/isr_pipeline.py
[2026-04-06T18:34:45.042+0000] {processor.py:830} INFO - Processing file /opt/airflow/dags/isr_pipeline.py for tasks to queue
[2026-04-06T18:34:45.049+0000] {logging_mixin.py:188} INFO - [2026-04-06T18:34:45.048+0000] {dagbag.py:540} INFO - Filling up the DagBag from /opt/airflow/dags/isr_pipeline.py
[2026-04-06T18:34:45.141+0000] {processor.py:840} INFO - DAG(s) 'isr_pipeline' retrieved from /opt/airflow/dags/isr_pipeline.py
[2026-04-06T18:34:45.345+0000] {logging_mixin.py:188} INFO - [2026-04-06T18:34:45.344+0000] {dag.py:3096} INFO - Sync 1 DAGs
[2026-04-06T18:34:45.556+0000] {processor.py:183} INFO - Processing /opt/airflow/dags/isr_pipeline.py took 0.561 seconds
[2026-04-06T18:35:16.074+0000] {processor.py:161} INFO - Started process (PID=66498) to work on /opt/airflow/dags/isr_pipeline.py
[2026-04-06T18:35:16.082+0000] {processor.py:830} INFO - Processing file /opt/airflow/dags/isr_pipeline.py for tasks to queue
[2026-04-06T18:35:16.091+0000] {logging_mixin.py:188} INFO - [2026-04-06T18:35:16.089+0000] {dagbag.py:540} INFO - Filling up the DagBag from /opt/airflow/dags/isr_pipeline.py
[2026-04-06T18:35:16.180+0000] {processor.py:840} INFO - DAG(s) 'isr_pipeline' retrieved from /opt/airflow/dags/isr_pipeline.py
[2026-04-06T18:35:16.378+0000] {logging_mixin.py:188} INFO - [2026-04-06T18:35:16.377+0000] {dag.py:3096} INFO - Sync 1 DAGs
[2026-04-06T18:35:16.589+0000] {processor.py:183} INFO - Processing /opt/airflow/dags/isr_pipeline.py took 0.552 seconds
[2026-04-06T18:35:46.956+0000] {processor.py:161} INFO - Started process (PID=66503) to work on /opt/airflow/dags/isr_pipeline.py
[2026-04-06T18:35:46.963+0000] {processor.py:830} INFO - Processing file /opt/airflow/dags/isr_pipeline.py for tasks to queue
[2026-04-06T18:35:46.970+0000] {logging_mixin.py:188} INFO - [2026-04-06T18:35:46.968+0000] {dagbag.py:540} INFO - Filling up the DagBag from /opt/airflow/dags/isr_pipeline.py
[2026-04-06T18:35:47.060+0000] {processor.py:840} INFO - DAG(s) 'isr_pipeline' retrieved from /opt/airflow/dags/isr_pipeline.py
[2026-04-06T18:35:47.245+0000] {logging_mixin.py:188} INFO - [2026-04-06T18:35:47.244+0000] {dag.py:3096} INFO - Sync 1 DAGs
[2026-04-06T18:35:47.450+0000] {processor.py:183} INFO - Processing /opt/airflow/dags/isr_pipeline.py took 0.534 seconds
[2026-04-06T19:05:52.503+0000] {processor.py:161} INFO - Started process (PID=66509) to work on /opt/airflow/dags/isr_pipeline.py
[2026-04-06T19:05:52.504+0000] {processor.py:830} INFO - Processing file /opt/airflow/dags/isr_pipeline.py for tasks to queue
[2026-04-06T19:05:52.506+0000] {logging_mixin.py:188} INFO - [2026-04-06T19:05:52.506+0000] {dagbag.py:540} INFO - Filling up the DagBag from /opt/airflow/dags/isr_pipeline.py
[2026-04-06T19:05:52.537+0000] {processor.py:840} INFO - DAG(s) 'isr_pipeline' retrieved from /opt/airflow/dags/isr_pipeline.py
[2026-04-06T19:05:52.591+0000] {logging_mixin.py:188} INFO - [2026-04-06T19:05:52.590+0000] {dag.py:3096} INFO - Sync 1 DAGs
[2026-04-06T19:05:52.739+0000] {processor.py:183} INFO - Processing /opt/airflow/dags/isr_pipeline.py took 0.246 seconds
[2026-04-06T19:06:23.247+0000] {processor.py:161} INFO - Started process (PID=66514) to work on /opt/airflow/dags/isr_pipeline.py
[2026-04-06T19:06:23.257+0000] {processor.py:830} INFO - Processing file /opt/airflow/dags/isr_pipeline.py for tasks to queue
[2026-04-06T19:06:23.265+0000] {logging_mixin.py:188} INFO - [2026-04-06T19:06:23.263+0000] {dagbag.py:540} INFO - Filling up the DagBag from /opt/airflow/dags/isr_pipeline.py
[2026-04-06T19:06:23.362+0000] {processor.py:840} INFO - DAG(s) 'isr_pipeline' retrieved from /opt/airflow/dags/isr_pipeline.py
[2026-04-06T19:06:23.544+0000] {logging_mixin.py:188} INFO - [2026-04-06T19:06:23.543+0000] {dag.py:3096} INFO - Sync 1 DAGs
[2026-04-06T19:06:23.775+0000] {processor.py:183} INFO - Processing /opt/airflow/dags/isr_pipeline.py took 0.566 seconds
[2026-04-06T19:06:54.189+0000] {processor.py:161} INFO - Started process (PID=66519) to work on /opt/airflow/dags/isr_pipeline.py
[2026-04-06T19:06:54.196+0000] {processor.py:830} INFO - Processing file /opt/airflow/dags/isr_pipeline.py for tasks to queue
[2026-04-06T19:06:54.202+0000] {logging_mixin.py:188} INFO - [2026-04-06T19:06:54.201+0000] {dagbag.py:540} INFO - Filling up the DagBag from /opt/airflow/dags/isr_pipeline.py
[2026-04-06T19:06:54.293+0000] {processor.py:840} INFO - DAG(s) 'isr_pipeline' retrieved from /opt/airflow/dags/isr_pipeline.py
[2026-04-06T19:06:54.478+0000] {logging_mixin.py:188} INFO - [2026-04-06T19:06:54.477+0000] {dag.py:3096} INFO - Sync 1 DAGs
[2026-04-06T19:06:54.704+0000] {processor.py:183} INFO - Processing /opt/airflow/dags/isr_pipeline.py took 0.554 seconds
[2026-04-06T19:07:25.246+0000] {processor.py:161} INFO - Started process (PID=66524) to work on /opt/airflow/dags/isr_pipeline.py
[2026-04-06T19:07:25.253+0000] {processor.py:830} INFO - Processing file /opt/airflow/dags/isr_pipeline.py for tasks to queue
[2026-04-06T19:07:25.260+0000] {logging_mixin.py:188} INFO - [2026-04-06T19:07:25.258+0000] {dagbag.py:540} INFO - Filling up the DagBag from /opt/airflow/dags/isr_pipeline.py
[2026-04-06T19:07:25.352+0000] {processor.py:840} INFO - DAG(s) 'isr_pipeline' retrieved from /opt/airflow/dags/isr_pipeline.py
[2026-04-06T19:07:25.549+0000] {logging_mixin.py:188} INFO - [2026-04-06T19:07:25.548+0000] {dag.py:3096} INFO - Sync 1 DAGs
[2026-04-06T19:07:25.763+0000] {processor.py:183} INFO - Processing /opt/airflow/dags/isr_pipeline.py took 0.555 seconds
[2026-04-06T19:07:56.041+0000] {processor.py:161} INFO - Started process (PID=66529) to work on /opt/airflow/dags/isr_pipeline.py
[2026-04-06T19:07:56.050+0000] {processor.py:830} INFO - Processing file /opt/airflow/dags/isr_pipeline.py for tasks to queue
[2026-04-06T19:07:56.058+0000] {logging_mixin.py:188} INFO - [2026-04-06T19:07:56.056+0000] {dagbag.py:540} INFO - Filling up the DagBag from /opt/airflow/dags/isr_pipeline.py
[2026-04-06T19:07:56.170+0000] {processor.py:840} INFO - DAG(s) 'isr_pipeline' retrieved from /opt/airflow/dags/isr_pipeline.py
[2026-04-06T19:07:56.367+0000] {logging_mixin.py:188} INFO - [2026-04-06T19:07:56.366+0000] {dag.py:3096} INFO - Sync 1 DAGs
[2026-04-06T19:07:56.572+0000] {processor.py:183} INFO - Processing /opt/airflow/dags/isr_pipeline.py took 0.582 seconds
[2026-04-06T19:08:27.089+0000] {processor.py:161} INFO - Started process (PID=66534) to work on /opt/airflow/dags/isr_pipeline.py
[2026-04-06T19:08:27.096+0000] {processor.py:830} INFO - Processing file /opt/airflow/dags/isr_pipeline.py for tasks to queue
[2026-04-06T19:08:27.103+0000] {logging_mixin.py:188} INFO - [2026-04-06T19:08:27.101+0000] {dagbag.py:540} INFO - Filling up the DagBag from /opt/airflow/dags/isr_pipeline.py
[2026-04-06T19:08:27.196+0000] {processor.py:840} INFO - DAG(s) 'isr_pipeline' retrieved from /opt/airflow/dags/isr_pipeline.py
[2026-04-06T19:08:27.380+0000] {logging_mixin.py:188} INFO - [2026-04-06T19:08:27.379+0000] {dag.py:3096} INFO - Sync 1 DAGs
[2026-04-06T19:08:27.574+0000] {processor.py:183} INFO - Processing /opt/airflow/dags/isr_pipeline.py took 0.523 seconds
[2026-04-06T19:08:57.947+0000] {processor.py:161} INFO - Started process (PID=66539) to work on /opt/airflow/dags/isr_pipeline.py
[2026-04-06T19:08:57.954+0000] {processor.py:830} INFO - Processing file /opt/airflow/dags/isr_pipeline.py for tasks to queue
[2026-04-06T19:08:57.961+0000] {logging_mixin.py:188} INFO - [2026-04-06T19:08:57.959+0000] {dagbag.py:540} INFO - Filling up the DagBag from /opt/airflow/dags/isr_pipeline.py
[2026-04-06T19:08:58.059+0000] {processor.py:840} INFO - DAG(s) 'isr_pipeline' retrieved from /opt/airflow/dags/isr_pipeline.py
[2026-04-06T19:08:58.241+0000] {logging_mixin.py:188} INFO - [2026-04-06T19:08:58.240+0000] {dag.py:3096} INFO - Sync 1 DAGs
[2026-04-06T19:08:58.449+0000] {processor.py:183} INFO - Processing /opt/airflow/dags/isr_pipeline.py took 0.538 seconds
[2026-04-06T19:09:28.988+0000] {processor.py:161} INFO - Started process (PID=66544) to work on /opt/airflow/dags/isr_pipeline.py
[2026-04-06T19:09:28.995+0000] {processor.py:830} INFO - Processing file /opt/airflow/dags/isr_pipeline.py for tasks to queue
[2026-04-06T19:09:29.003+0000] {logging_mixin.py:188} INFO - [2026-04-06T19:09:29.001+0000] {dagbag.py:540} INFO - Filling up the DagBag from /opt/airflow/dags/isr_pipeline.py
[2026-04-06T19:09:29.104+0000] {processor.py:840} INFO - DAG(s) 'isr_pipeline' retrieved from /opt/airflow/dags/isr_pipeline.py
[2026-04-06T19:09:29.291+0000] {logging_mixin.py:188} INFO - [2026-04-06T19:09:29.290+0000] {dag.py:3096} INFO - Sync 1 DAGs
[2026-04-06T19:09:29.500+0000] {processor.py:183} INFO - Processing /opt/airflow/dags/isr_pipeline.py took 0.552 seconds
[2026-04-06T19:10:00.030+0000] {processor.py:161} INFO - Started process (PID=66549) to work on /opt/airflow/dags/isr_pipeline.py
[2026-04-06T19:10:00.037+0000] {processor.py:830} INFO - Processing file /opt/airflow/dags/isr_pipeline.py for tasks to queue
[2026-04-06T19:10:00.044+0000] {logging_mixin.py:188} INFO - [2026-04-06T19:10:00.042+0000] {dagbag.py:540} INFO - Filling up the DagBag from /opt/airflow/dags/isr_pipeline.py
[2026-04-06T19:10:00.134+0000] {processor.py:840} INFO - DAG(s) 'isr_pipeline' retrieved from /opt/airflow/dags/isr_pipeline.py
[2026-04-06T19:10:00.331+0000] {logging_mixin.py:188} INFO - [2026-04-06T19:10:00.330+0000] {dag.py:3096} INFO - Sync 1 DAGs
[2026-04-06T19:10:00.544+0000] {processor.py:183} INFO - Processing /opt/airflow/dags/isr_pipeline.py took 0.555 seconds
[2026-04-06T19:10:30.973+0000] {processor.py:161} INFO - Started process (PID=66554) to work on /opt/airflow/dags/isr_pipeline.py
[2026-04-06T19:10:30.980+0000] {processor.py:830} INFO - Processing file /opt/airflow/dags/isr_pipeline.py for tasks to queue
[2026-04-06T19:10:30.987+0000] {logging_mixin.py:188} INFO - [2026-04-06T19:10:30.985+0000] {dagbag.py:540} INFO - Filling up the DagBag from /opt/airflow/dags/isr_pipeline.py
[2026-04-06T19:10:31.081+0000] {processor.py:840} INFO - DAG(s) 'isr_pipeline' retrieved from /opt/airflow/dags/isr_pipeline.py
[2026-04-06T19:10:31.265+0000] {logging_mixin.py:188} INFO - [2026-04-06T19:10:31.264+0000] {dag.py:3096} INFO - Sync 1 DAGs
[2026-04-06T19:10:31.467+0000] {processor.py:183} INFO - Processing /opt/airflow/dags/isr_pipeline.py took 0.533 seconds
[2026-04-06T19:11:02.055+0000] {processor.py:161} INFO - Started process (PID=66559) to work on /opt/airflow/dags/isr_pipeline.py
[2026-04-06T19:11:02.063+0000] {processor.py:830} INFO - Processing file /opt/airflow/dags/isr_pipeline.py for tasks to queue
[2026-04-06T19:11:02.070+0000] {logging_mixin.py:188} INFO - [2026-04-06T19:11:02.068+0000] {dagbag.py:540} INFO - Filling up the DagBag from /opt/airflow/dags/isr_pipeline.py
[2026-04-06T19:11:02.161+0000] {processor.py:840} INFO - DAG(s) 'isr_pipeline' retrieved from /opt/airflow/dags/isr_pipeline.py
[2026-04-06T19:11:02.351+0000] {logging_mixin.py:188} INFO - [2026-04-06T19:11:02.350+0000] {dag.py:3096} INFO - Sync 1 DAGs
[2026-04-06T19:11:02.575+0000] {processor.py:183} INFO - Processing /opt/airflow/dags/isr_pipeline.py took 0.558 seconds
[2026-04-06T19:11:33.301+0000] {processor.py:161} INFO - Started process (PID=66564) to work on /opt/airflow/dags/isr_pipeline.py
[2026-04-06T19:11:33.308+0000] {processor.py:830} INFO - Processing file /opt/airflow/dags/isr_pipeline.py for tasks to queue
[2026-04-06T19:11:33.315+0000] {logging_mixin.py:188} INFO - [2026-04-06T19:11:33.313+0000] {dagbag.py:540} INFO - Filling up the DagBag from /opt/airflow/dags/isr_pipeline.py
[2026-04-06T19:11:33.419+0000] {processor.py:840} INFO - DAG(s) 'isr_pipeline' retrieved from /opt/airflow/dags/isr_pipeline.py
[2026-04-06T19:11:33.627+0000] {logging_mixin.py:188} INFO - [2026-04-06T19:11:33.626+0000] {dag.py:3096} INFO - Sync 1 DAGs
[2026-04-06T19:11:33.845+0000] {processor.py:183} INFO - Processing /opt/airflow/dags/isr_pipeline.py took 0.585 seconds
[2026-04-06T19:12:04.353+0000] {processor.py:161} INFO - Started process (PID=66569) to work on /opt/airflow/dags/isr_pipeline.py
[2026-04-06T19:12:04.360+0000] {processor.py:830} INFO - Processing file /opt/airflow/dags/isr_pipeline.py for tasks to queue
[2026-04-06T19:12:04.369+0000] {logging_mixin.py:188} INFO - [2026-04-06T19:12:04.367+0000] {dagbag.py:540} INFO - Filling up the DagBag from /opt/airflow/dags/isr_pipeline.py
[2026-04-06T19:12:04.459+0000] {processor.py:840} INFO - DAG(s) 'isr_pipeline' retrieved from /opt/airflow/dags/isr_pipeline.py
[2026-04-06T19:12:04.647+0000] {logging_mixin.py:188} INFO - [2026-04-06T19:12:04.646+0000] {dag.py:3096} INFO - Sync 1 DAGs
[2026-04-06T19:12:04.854+0000] {processor.py:183} INFO - Processing /opt/airflow/dags/isr_pipeline.py took 0.539 seconds
[2026-04-06T19:12:35.360+0000] {processor.py:161} INFO - Started process (PID=66574) to work on /opt/airflow/dags/isr_pipeline.py
[2026-04-06T19:12:35.368+0000] {processor.py:830} INFO - Processing file /opt/airflow/dags/isr_pipeline.py for tasks to queue
[2026-04-06T19:12:35.375+0000] {logging_mixin.py:188} INFO - [2026-04-06T19:12:35.373+0000] {dagbag.py:540} INFO - Filling up the DagBag from /opt/airflow/dags/isr_pipeline.py
[2026-04-06T19:12:35.462+0000] {processor.py:840} INFO - DAG(s) 'isr_pipeline' retrieved from /opt/airflow/dags/isr_pipeline.py
[2026-04-06T19:12:35.640+0000] {logging_mixin.py:188} INFO - [2026-04-06T19:12:35.639+0000] {dag.py:3096} INFO - Sync 1 DAGs
[2026-04-06T19:12:35.852+0000] {processor.py:183} INFO - Processing /opt/airflow/dags/isr_pipeline.py took 0.527 seconds
[2026-04-06T19:13:06.356+0000] {processor.py:161} INFO - Started process (PID=66579) to work on /opt/airflow/dags/isr_pipeline.py
[2026-04-06T19:13:06.363+0000] {processor.py:830} INFO - Processing file /opt/airflow/dags/isr_pipeline.py for tasks to queue
[2026-04-06T19:13:06.371+0000] {logging_mixin.py:188} INFO - [2026-04-06T19:13:06.369+0000] {dagbag.py:540} INFO - Filling up the DagBag from /opt/airflow/dags/isr_pipeline.py
[2026-04-06T19:13:06.461+0000] {processor.py:840} INFO - DAG(s) 'isr_pipeline' retrieved from /opt/airflow/dags/isr_pipeline.py
[2026-04-06T19:13:06.650+0000] {logging_mixin.py:188} INFO - [2026-04-06T19:13:06.649+0000] {dag.py:3096} INFO - Sync 1 DAGs
[2026-04-06T19:13:06.863+0000] {processor.py:183} INFO - Processing /opt/airflow/dags/isr_pipeline.py took 0.545 seconds
[2026-04-06T19:13:37.149+0000] {processor.py:161} INFO - Started process (PID=66584) to work on /opt/airflow/dags/isr_pipeline.py
[2026-04-06T19:13:37.156+0000] {processor.py:830} INFO - Processing file /opt/airflow/dags/isr_pipeline.py for tasks to queue
[2026-04-06T19:13:37.165+0000] {logging_mixin.py:188} INFO - [2026-04-06T19:13:37.162+0000] {dagbag.py:540} INFO - Filling up the DagBag from /opt/airflow/dags/isr_pipeline.py
[2026-04-06T19:13:37.266+0000] {processor.py:840} INFO - DAG(s) 'isr_pipeline' retrieved from /opt/airflow/dags/isr_pipeline.py
[2026-04-06T19:13:37.443+0000] {logging_mixin.py:188} INFO - [2026-04-06T19:13:37.442+0000] {dag.py:3096} INFO - Sync 1 DAGs
[2026-04-06T19:13:37.658+0000] {processor.py:183} INFO - Processing /opt/airflow/dags/isr_pipeline.py took 0.549 seconds
[2026-04-06T19:14:08.198+0000] {processor.py:161} INFO - Started process (PID=66589) to work on /opt/airflow/dags/isr_pipeline.py
[2026-04-06T19:14:08.205+0000] {processor.py:830} INFO - Processing file /opt/airflow/dags/isr_pipeline.py for tasks to queue
[2026-04-06T19:14:08.212+0000] {logging_mixin.py:188} INFO - [2026-04-06T19:14:08.210+0000] {dagbag.py:540} INFO - Filling up the DagBag from /opt/airflow/dags/isr_pipeline.py
[2026-04-06T19:14:08.306+0000] {processor.py:840} INFO - DAG(s) 'isr_pipeline' retrieved from /opt/airflow/dags/isr_pipeline.py
[2026-04-06T19:14:08.493+0000] {logging_mixin.py:188} INFO - [2026-04-06T19:14:08.491+0000] {dag.py:3096} INFO - Sync 1 DAGs
[2026-04-06T19:14:08.697+0000] {processor.py:183} INFO - Processing /opt/airflow/dags/isr_pipeline.py took 0.550 seconds
[2026-04-06T19:14:39.112+0000] {processor.py:161} INFO - Started process (PID=66594) to work on /opt/airflow/dags/isr_pipeline.py
[2026-04-06T19:14:39.119+0000] {processor.py:830} INFO - Processing file /opt/airflow/dags/isr_pipeline.py for tasks to queue
[2026-04-06T19:14:39.127+0000] {logging_mixin.py:188} INFO - [2026-04-06T19:14:39.124+0000] {dagbag.py:540} INFO - Filling up the DagBag from /opt/airflow/dags/isr_pipeline.py
[2026-04-06T19:14:39.225+0000] {processor.py:840} INFO - DAG(s) 'isr_pipeline' retrieved from /opt/airflow/dags/isr_pipeline.py
[2026-04-06T19:14:39.407+0000] {logging_mixin.py:188} INFO - [2026-04-06T19:14:39.406+0000] {dag.py:3096} INFO - Sync 1 DAGs
[2026-04-06T19:14:39.612+0000] {processor.py:183} INFO - Processing /opt/airflow/dags/isr_pipeline.py took 0.550 seconds
[2026-04-06T19:15:10.134+0000] {processor.py:161} INFO - Started process (PID=66599) to work on /opt/airflow/dags/isr_pipeline.py
[2026-04-06T19:15:10.142+0000] {processor.py:830} INFO - Processing file /opt/airflow/dags/isr_pipeline.py for tasks to queue
[2026-04-06T19:15:10.149+0000] {logging_mixin.py:188} INFO - [2026-04-06T19:15:10.147+0000] {dagbag.py:540} INFO - Filling up the DagBag from /opt/airflow/dags/isr_pipeline.py
[2026-04-06T19:15:10.240+0000] {processor.py:840} INFO - DAG(s) 'isr_pipeline' retrieved from /opt/airflow/dags/isr_pipeline.py
[2026-04-06T19:15:10.428+0000] {logging_mixin.py:188} INFO - [2026-04-06T19:15:10.427+0000] {dag.py:3096} INFO - Sync 1 DAGs
[2026-04-06T19:15:10.640+0000] {processor.py:183} INFO - Processing /opt/airflow/dags/isr_pipeline.py took 0.545 seconds
[2026-04-06T19:15:40.911+0000] {processor.py:161} INFO - Started process (PID=66604) to work on /opt/airflow/dags/isr_pipeline.py
[2026-04-06T19:15:40.919+0000] {processor.py:830} INFO - Processing file /opt/airflow/dags/isr_pipeline.py for tasks to queue
[2026-04-06T19:15:40.926+0000] {logging_mixin.py:188} INFO - [2026-04-06T19:15:40.924+0000] {dagbag.py:540} INFO - Filling up the DagBag from /opt/airflow/dags/isr_pipeline.py
[2026-04-06T19:15:41.024+0000] {processor.py:840} INFO - DAG(s) 'isr_pipeline' retrieved from /opt/airflow/dags/isr_pipeline.py
[2026-04-06T19:15:41.222+0000] {logging_mixin.py:188} INFO - [2026-04-06T19:15:41.221+0000] {dag.py:3096} INFO - Sync 1 DAGs
[2026-04-06T19:15:41.422+0000] {processor.py:183} INFO - Processing /opt/airflow/dags/isr_pipeline.py took 0.550 seconds
[2026-04-06T19:16:11.977+0000] {processor.py:161} INFO - Started process (PID=66609) to work on /opt/airflow/dags/isr_pipeline.py
[2026-04-06T19:16:11.985+0000] {processor.py:830} INFO - Processing file /opt/airflow/dags/isr_pipeline.py for tasks to queue
[2026-04-06T19:16:11.992+0000] {logging_mixin.py:188} INFO - [2026-04-06T19:16:11.990+0000] {dagbag.py:540} INFO - Filling up the DagBag from /opt/airflow/dags/isr_pipeline.py
[2026-04-06T19:16:12.089+0000] {processor.py:840} INFO - DAG(s) 'isr_pipeline' retrieved from /opt/airflow/dags/isr_pipeline.py
[2026-04-06T19:16:12.272+0000] {logging_mixin.py:188} INFO - [2026-04-06T19:16:12.271+0000] {dag.py:3096} INFO - Sync 1 DAGs
[2026-04-06T19:16:12.472+0000] {processor.py:183} INFO - Processing /opt/airflow/dags/isr_pipeline.py took 0.536 seconds
[2026-04-06T19:16:42.940+0000] {processor.py:161} INFO - Started process (PID=66614) to work on /opt/airflow/dags/isr_pipeline.py
[2026-04-06T19:16:42.948+0000] {processor.py:830} INFO - Processing file /opt/airflow/dags/isr_pipeline.py for tasks to queue
[2026-04-06T19:16:42.956+0000] {logging_mixin.py:188} INFO - [2026-04-06T19:16:42.954+0000] {dagbag.py:540} INFO - Filling up the DagBag from /opt/airflow/dags/isr_pipeline.py
[2026-04-06T19:16:43.061+0000] {processor.py:840} INFO - DAG(s) 'isr_pipeline' retrieved from /opt/airflow/dags/isr_pipeline.py
[2026-04-06T19:16:43.244+0000] {logging_mixin.py:188} INFO - [2026-04-06T19:16:43.243+0000] {dag.py:3096} INFO - Sync 1 DAGs
[2026-04-06T19:16:43.440+0000] {processor.py:183} INFO - Processing /opt/airflow/dags/isr_pipeline.py took 0.540 seconds
[2026-04-06T19:17:14.034+0000] {processor.py:161} INFO - Started process (PID=66619) to work on /opt/airflow/dags/isr_pipeline.py
[2026-04-06T19:17:14.041+0000] {processor.py:830} INFO - Processing file /opt/airflow/dags/isr_pipeline.py for tasks to queue
[2026-04-06T19:17:14.049+0000] {logging_mixin.py:188} INFO - [2026-04-06T19:17:14.047+0000] {dagbag.py:540} INFO - Filling up the DagBag from /opt/airflow/dags/isr_pipeline.py
[2026-04-06T19:17:14.158+0000] {processor.py:840} INFO - DAG(s) 'isr_pipeline' retrieved from /opt/airflow/dags/isr_pipeline.py
[2026-04-06T19:17:14.366+0000] {logging_mixin.py:188} INFO - [2026-04-06T19:17:14.365+0000] {dag.py:3096} INFO - Sync 1 DAGs
[2026-04-06T19:17:14.571+0000] {processor.py:183} INFO - Processing /opt/airflow/dags/isr_pipeline.py took 0.587 seconds
[2026-04-06T19:17:45.058+0000] {processor.py:161} INFO - Started process (PID=66624) to work on /opt/airflow/dags/isr_pipeline.py
[2026-04-06T19:17:45.066+0000] {processor.py:830} INFO - Processing file /opt/airflow/dags/isr_pipeline.py for tasks to queue
[2026-04-06T19:17:45.074+0000] {logging_mixin.py:188} INFO - [2026-04-06T19:17:45.072+0000] {dagbag.py:540} INFO - Filling up the DagBag from /opt/airflow/dags/isr_pipeline.py
[2026-04-06T19:17:45.167+0000] {processor.py:840} INFO - DAG(s) 'isr_pipeline' retrieved from /opt/airflow/dags/isr_pipeline.py
[2026-04-06T19:17:45.352+0000] {logging_mixin.py:188} INFO - [2026-04-06T19:17:45.351+0000] {dag.py:3096} INFO - Sync 1 DAGs
[2026-04-06T19:17:45.550+0000] {processor.py:183} INFO - Processing /opt/airflow/dags/isr_pipeline.py took 0.529 seconds
[2026-04-06T19:18:16.002+0000] {processor.py:161} INFO - Started process (PID=66629) to work on /opt/airflow/dags/isr_pipeline.py
[2026-04-06T19:18:16.009+0000] {processor.py:830} INFO - Processing file /opt/airflow/dags/isr_pipeline.py for tasks to queue
[2026-04-06T19:18:16.016+0000] {logging_mixin.py:188} INFO - [2026-04-06T19:18:16.014+0000] {dagbag.py:540} INFO - Filling up the DagBag from /opt/airflow/dags/isr_pipeline.py
[2026-04-06T19:18:16.109+0000] {processor.py:840} INFO - DAG(s) 'isr_pipeline' retrieved from /opt/airflow/dags/isr_pipeline.py
[2026-04-06T19:18:16.295+0000] {logging_mixin.py:188} INFO - [2026-04-06T19:18:16.294+0000] {dag.py:3096} INFO - Sync 1 DAGs
[2026-04-06T19:18:16.495+0000] {processor.py:183} INFO - Processing /opt/airflow/dags/isr_pipeline.py took 0.530 seconds
[2026-04-06T19:18:46.979+0000] {processor.py:161} INFO - Started process (PID=66634) to work on /opt/airflow/dags/isr_pipeline.py
[2026-04-06T19:18:46.987+0000] {processor.py:830} INFO - Processing file /opt/airflow/dags/isr_pipeline.py for tasks to queue
[2026-04-06T19:18:46.997+0000] {logging_mixin.py:188} INFO - [2026-04-06T19:18:46.994+0000] {dagbag.py:540} INFO - Filling up the DagBag from /opt/airflow/dags/isr_pipeline.py
[2026-04-06T19:18:47.102+0000] {processor.py:840} INFO - DAG(s) 'isr_pipeline' retrieved from /opt/airflow/dags/isr_pipeline.py
[2026-04-06T19:18:47.294+0000] {logging_mixin.py:188} INFO - [2026-04-06T19:18:47.293+0000] {dag.py:3096} INFO - Sync 1 DAGs
[2026-04-06T19:18:47.507+0000] {processor.py:183} INFO - Processing /opt/airflow/dags/isr_pipeline.py took 0.566 seconds
[2026-04-06T19:19:17.817+0000] {processor.py:161} INFO - Started process (PID=66639) to work on /opt/airflow/dags/isr_pipeline.py
[2026-04-06T19:19:17.831+0000] {processor.py:830} INFO - Processing file /opt/airflow/dags/isr_pipeline.py for tasks to queue
[2026-04-06T19:19:17.843+0000] {logging_mixin.py:188} INFO - [2026-04-06T19:19:17.840+0000] {dagbag.py:540} INFO - Filling up the DagBag from /opt/airflow/dags/isr_pipeline.py
[2026-04-06T19:19:17.945+0000] {processor.py:840} INFO - DAG(s) 'isr_pipeline' retrieved from /opt/airflow/dags/isr_pipeline.py
[2026-04-06T19:19:18.125+0000] {logging_mixin.py:188} INFO - [2026-04-06T19:19:18.124+0000] {dag.py:3096} INFO - Sync 1 DAGs
[2026-04-06T19:19:18.339+0000] {processor.py:183} INFO - Processing /opt/airflow/dags/isr_pipeline.py took 0.561 seconds
[2026-04-06T19:19:48.872+0000] {processor.py:161} INFO - Started process (PID=66644) to work on /opt/airflow/dags/isr_pipeline.py
[2026-04-06T19:19:48.881+0000] {processor.py:830} INFO - Processing file /opt/airflow/dags/isr_pipeline.py for tasks to queue
[2026-04-06T19:19:48.889+0000] {logging_mixin.py:188} INFO - [2026-04-06T19:19:48.887+0000] {dagbag.py:540} INFO - Filling up the DagBag from /opt/airflow/dags/isr_pipeline.py
[2026-04-06T19:19:48.986+0000] {processor.py:840} INFO - DAG(s) 'isr_pipeline' retrieved from /opt/airflow/dags/isr_pipeline.py
[2026-04-06T19:19:49.170+0000] {logging_mixin.py:188} INFO - [2026-04-06T19:19:49.169+0000] {dag.py:3096} INFO - Sync 1 DAGs
[2026-04-06T19:19:49.372+0000] {processor.py:183} INFO - Processing /opt/airflow/dags/isr_pipeline.py took 0.538 seconds
[2026-04-06T19:20:19.626+0000] {processor.py:161} INFO - Started process (PID=66649) to work on /opt/airflow/dags/isr_pipeline.py
[2026-04-06T19:20:19.635+0000] {processor.py:830} INFO - Processing file /opt/airflow/dags/isr_pipeline.py for tasks to queue
[2026-04-06T19:20:19.643+0000] {logging_mixin.py:188} INFO - [2026-04-06T19:20:19.640+0000] {dagbag.py:540} INFO - Filling up the DagBag from /opt/airflow/dags/isr_pipeline.py
[2026-04-06T19:20:19.739+0000] {processor.py:840} INFO - DAG(s) 'isr_pipeline' retrieved from /opt/airflow/dags/isr_pipeline.py
[2026-04-06T19:20:19.935+0000] {logging_mixin.py:188} INFO - [2026-04-06T19:20:19.934+0000] {dag.py:3096} INFO - Sync 1 DAGs
[2026-04-06T19:20:20.150+0000] {processor.py:183} INFO - Processing /opt/airflow/dags/isr_pipeline.py took 0.565 seconds
[2026-04-06T19:28:40.492+0000] {processor.py:161} INFO - Started process (PID=66654) to work on /opt/airflow/dags/isr_pipeline.py
[2026-04-06T19:28:40.724+0000] {processor.py:830} INFO - Processing file /opt/airflow/dags/isr_pipeline.py for tasks to queue
[2026-04-06T19:28:40.728+0000] {logging_mixin.py:188} INFO - [2026-04-06T19:28:40.728+0000] {dagbag.py:540} INFO - Filling up the DagBag from /opt/airflow/dags/isr_pipeline.py
[2026-04-06T19:28:40.757+0000] {processor.py:840} INFO - DAG(s) 'isr_pipeline' retrieved from /opt/airflow/dags/isr_pipeline.py
[2026-04-06T19:28:40.826+0000] {logging_mixin.py:188} INFO - [2026-04-06T19:28:40.826+0000] {dag.py:3096} INFO - Sync 1 DAGs
[2026-04-06T19:28:40.889+0000] {processor.py:183} INFO - Processing /opt/airflow/dags/isr_pipeline.py took 0.414 seconds
[2026-04-06T19:29:11.428+0000] {processor.py:161} INFO - Started process (PID=66659) to work on /opt/airflow/dags/isr_pipeline.py
[2026-04-06T19:29:11.435+0000] {processor.py:830} INFO - Processing file /opt/airflow/dags/isr_pipeline.py for tasks to queue
[2026-04-06T19:29:11.443+0000] {logging_mixin.py:188} INFO - [2026-04-06T19:29:11.441+0000] {dagbag.py:540} INFO - Filling up the DagBag from /opt/airflow/dags/isr_pipeline.py
[2026-04-06T19:29:11.535+0000] {processor.py:840} INFO - DAG(s) 'isr_pipeline' retrieved from /opt/airflow/dags/isr_pipeline.py
[2026-04-06T19:29:11.732+0000] {logging_mixin.py:188} INFO - [2026-04-06T19:29:11.731+0000] {dag.py:3096} INFO - Sync 1 DAGs
[2026-04-06T19:29:11.930+0000] {processor.py:183} INFO - Processing /opt/airflow/dags/isr_pipeline.py took 0.539 seconds
[2026-04-06T19:50:46.109+0000] {processor.py:161} INFO - Started process (PID=66665) to work on /opt/airflow/dags/isr_pipeline.py
[2026-04-06T19:50:46.112+0000] {processor.py:830} INFO - Processing file /opt/airflow/dags/isr_pipeline.py for tasks to queue
[2026-04-06T19:50:46.114+0000] {logging_mixin.py:188} INFO - [2026-04-06T19:50:46.114+0000] {dagbag.py:540} INFO - Filling up the DagBag from /opt/airflow/dags/isr_pipeline.py
[2026-04-06T19:50:46.145+0000] {processor.py:840} INFO - DAG(s) 'isr_pipeline' retrieved from /opt/airflow/dags/isr_pipeline.py
[2026-04-06T19:50:46.190+0000] {logging_mixin.py:188} INFO - [2026-04-06T19:50:46.190+0000] {dag.py:3096} INFO - Sync 1 DAGs
[2026-04-06T19:50:46.231+0000] {processor.py:183} INFO - Processing /opt/airflow/dags/isr_pipeline.py took 0.130 seconds
[2026-04-06T19:51:16.431+0000] {processor.py:161} INFO - Started process (PID=66670) to work on /opt/airflow/dags/isr_pipeline.py
[2026-04-06T19:51:16.437+0000] {processor.py:830} INFO - Processing file /opt/airflow/dags/isr_pipeline.py for tasks to queue
[2026-04-06T19:51:16.444+0000] {logging_mixin.py:188} INFO - [2026-04-06T19:51:16.442+0000] {dagbag.py:540} INFO - Filling up the DagBag from /opt/airflow/dags/isr_pipeline.py
[2026-04-06T19:51:16.555+0000] {processor.py:840} INFO - DAG(s) 'isr_pipeline' retrieved from /opt/airflow/dags/isr_pipeline.py
[2026-04-06T19:51:16.735+0000] {logging_mixin.py:188} INFO - [2026-04-06T19:51:16.734+0000] {dag.py:3096} INFO - Sync 1 DAGs
[2026-04-06T19:51:16.948+0000] {processor.py:183} INFO - Processing /opt/airflow/dags/isr_pipeline.py took 0.556 seconds
[2026-04-06T19:51:47.500+0000] {processor.py:161} INFO - Started process (PID=66675) to work on /opt/airflow/dags/isr_pipeline.py
[2026-04-06T19:51:47.507+0000] {processor.py:830} INFO - Processing file /opt/airflow/dags/isr_pipeline.py for tasks to queue
[2026-04-06T19:51:47.513+0000] {logging_mixin.py:188} INFO - [2026-04-06T19:51:47.511+0000] {dagbag.py:540} INFO - Filling up the DagBag from /opt/airflow/dags/isr_pipeline.py
[2026-04-06T19:51:47.605+0000] {processor.py:840} INFO - DAG(s) 'isr_pipeline' retrieved from /opt/airflow/dags/isr_pipeline.py
[2026-04-06T19:51:47.782+0000] {logging_mixin.py:188} INFO - [2026-04-06T19:51:47.781+0000] {dag.py:3096} INFO - Sync 1 DAGs
[2026-04-06T19:51:47.994+0000] {processor.py:183} INFO - Processing /opt/airflow/dags/isr_pipeline.py took 0.529 seconds
[2026-04-06T19:52:18.523+0000] {processor.py:161} INFO - Started process (PID=66680) to work on /opt/airflow/dags/isr_pipeline.py
[2026-04-06T19:52:18.530+0000] {processor.py:830} INFO - Processing file /opt/airflow/dags/isr_pipeline.py for tasks to queue
[2026-04-06T19:52:18.538+0000] {logging_mixin.py:188} INFO - [2026-04-06T19:52:18.536+0000] {dagbag.py:540} INFO - Filling up the DagBag from /opt/airflow/dags/isr_pipeline.py
[2026-04-06T19:52:18.642+0000] {processor.py:840} INFO - DAG(s) 'isr_pipeline' retrieved from /opt/airflow/dags/isr_pipeline.py
[2026-04-06T19:52:18.834+0000] {logging_mixin.py:188} INFO - [2026-04-06T19:52:18.833+0000] {dag.py:3096} INFO - Sync 1 DAGs
[2026-04-06T19:52:19.161+0000] {processor.py:183} INFO - Processing /opt/airflow/dags/isr_pipeline.py took 0.678 seconds
[2026-04-06T19:52:49.729+0000] {processor.py:161} INFO - Started process (PID=66685) to work on /opt/airflow/dags/isr_pipeline.py
[2026-04-06T19:52:49.736+0000] {processor.py:830} INFO - Processing file /opt/airflow/dags/isr_pipeline.py for tasks to queue
[2026-04-06T19:52:49.744+0000] {logging_mixin.py:188} INFO - [2026-04-06T19:52:49.742+0000] {dagbag.py:540} INFO - Filling up the DagBag from /opt/airflow/dags/isr_pipeline.py
[2026-04-06T19:52:49.835+0000] {processor.py:840} INFO - DAG(s) 'isr_pipeline' retrieved from /opt/airflow/dags/isr_pipeline.py
[2026-04-06T19:52:50.032+0000] {logging_mixin.py:188} INFO - [2026-04-06T19:52:50.031+0000] {dag.py:3096} INFO - Sync 1 DAGs
[2026-04-06T19:52:50.242+0000] {processor.py:183} INFO - Processing /opt/airflow/dags/isr_pipeline.py took 0.551 seconds
[2026-04-06T19:53:20.552+0000] {processor.py:161} INFO - Started process (PID=66690) to work on /opt/airflow/dags/isr_pipeline.py
[2026-04-06T19:53:20.562+0000] {processor.py:830} INFO - Processing file /opt/airflow/dags/isr_pipeline.py for tasks to queue
[2026-04-06T19:53:20.569+0000] {logging_mixin.py:188} INFO - [2026-04-06T19:53:20.568+0000] {dagbag.py:540} INFO - Filling up the DagBag from /opt/airflow/dags/isr_pipeline.py
[2026-04-06T19:53:20.662+0000] {processor.py:840} INFO - DAG(s) 'isr_pipeline' retrieved from /opt/airflow/dags/isr_pipeline.py
[2026-04-06T19:53:20.835+0000] {logging_mixin.py:188} INFO - [2026-04-06T19:53:20.834+0000] {dag.py:3096} INFO - Sync 1 DAGs
[2026-04-06T19:53:21.042+0000] {processor.py:183} INFO - Processing /opt/airflow/dags/isr_pipeline.py took 0.528 seconds
[2026-04-06T19:53:51.584+0000] {processor.py:161} INFO - Started process (PID=66695) to work on /opt/airflow/dags/isr_pipeline.py
[2026-04-06T19:53:51.591+0000] {processor.py:830} INFO - Processing file /opt/airflow/dags/isr_pipeline.py for tasks to queue
[2026-04-06T19:53:51.598+0000] {logging_mixin.py:188} INFO - [2026-04-06T19:53:51.596+0000] {dagbag.py:540} INFO - Filling up the DagBag from /opt/airflow/dags/isr_pipeline.py
[2026-04-06T19:53:51.694+0000] {processor.py:840} INFO - DAG(s) 'isr_pipeline' retrieved from /opt/airflow/dags/isr_pipeline.py
[2026-04-06T19:53:51.876+0000] {logging_mixin.py:188} INFO - [2026-04-06T19:53:51.874+0000] {dag.py:3096} INFO - Sync 1 DAGs
[2026-04-06T19:53:52.094+0000] {processor.py:183} INFO - Processing /opt/airflow/dags/isr_pipeline.py took 0.549 seconds
[2026-04-06T19:54:22.425+0000] {processor.py:161} INFO - Started process (PID=66700) to work on /opt/airflow/dags/isr_pipeline.py
[2026-04-06T19:54:22.432+0000] {processor.py:830} INFO - Processing file /opt/airflow/dags/isr_pipeline.py for tasks to queue
[2026-04-06T19:54:22.440+0000] {logging_mixin.py:188} INFO - [2026-04-06T19:54:22.438+0000] {dagbag.py:540} INFO - Filling up the DagBag from /opt/airflow/dags/isr_pipeline.py
[2026-04-06T19:54:22.536+0000] {processor.py:840} INFO - DAG(s) 'isr_pipeline' retrieved from /opt/airflow/dags/isr_pipeline.py
[2026-04-06T19:54:22.717+0000] {logging_mixin.py:188} INFO - [2026-04-06T19:54:22.716+0000] {dag.py:3096} INFO - Sync 1 DAGs
[2026-04-06T19:54:22.915+0000] {processor.py:183} INFO - Processing /opt/airflow/dags/isr_pipeline.py took 0.528 seconds
[2026-04-06T19:54:53.460+0000] {processor.py:161} INFO - Started process (PID=66705) to work on /opt/airflow/dags/isr_pipeline.py
[2026-04-06T19:54:53.469+0000] {processor.py:830} INFO - Processing file /opt/airflow/dags/isr_pipeline.py for tasks to queue
[2026-04-06T19:54:53.486+0000] {logging_mixin.py:188} INFO - [2026-04-06T19:54:53.481+0000] {dagbag.py:540} INFO - Filling up the DagBag from /opt/airflow/dags/isr_pipeline.py
[2026-04-06T19:54:53.581+0000] {processor.py:840} INFO - DAG(s) 'isr_pipeline' retrieved from /opt/airflow/dags/isr_pipeline.py
[2026-04-06T19:54:53.767+0000] {logging_mixin.py:188} INFO - [2026-04-06T19:54:53.766+0000] {dag.py:3096} INFO - Sync 1 DAGs
[2026-04-06T19:54:53.980+0000] {processor.py:183} INFO - Processing /opt/airflow/dags/isr_pipeline.py took 0.558 seconds
[2026-04-06T19:55:24.374+0000] {processor.py:161} INFO - Started process (PID=66710) to work on /opt/airflow/dags/isr_pipeline.py
[2026-04-06T19:55:24.381+0000] {processor.py:830} INFO - Processing file /opt/airflow/dags/isr_pipeline.py for tasks to queue
[2026-04-06T19:55:24.388+0000] {logging_mixin.py:188} INFO - [2026-04-06T19:55:24.386+0000] {dagbag.py:540} INFO - Filling up the DagBag from /opt/airflow/dags/isr_pipeline.py
[2026-04-06T19:55:24.482+0000] {processor.py:840} INFO - DAG(s) 'isr_pipeline' retrieved from /opt/airflow/dags/isr_pipeline.py
[2026-04-06T19:55:24.665+0000] {logging_mixin.py:188} INFO - [2026-04-06T19:55:24.664+0000] {dag.py:3096} INFO - Sync 1 DAGs
[2026-04-06T19:55:24.869+0000] {processor.py:183} INFO - Processing /opt/airflow/dags/isr_pipeline.py took 0.534 seconds
[2026-04-06T19:55:55.445+0000] {processor.py:161} INFO - Started process (PID=66715) to work on /opt/airflow/dags/isr_pipeline.py
[2026-04-06T19:55:55.455+0000] {processor.py:830} INFO - Processing file /opt/airflow/dags/isr_pipeline.py for tasks to queue
[2026-04-06T19:55:55.467+0000] {logging_mixin.py:188} INFO - [2026-04-06T19:55:55.465+0000] {dagbag.py:540} INFO - Filling up the DagBag from /opt/airflow/dags/isr_pipeline.py
[2026-04-06T19:55:55.602+0000] {processor.py:840} INFO - DAG(s) 'isr_pipeline' retrieved from /opt/airflow/dags/isr_pipeline.py
[2026-04-06T19:55:55.808+0000] {logging_mixin.py:188} INFO - [2026-04-06T19:55:55.807+0000] {dag.py:3096} INFO - Sync 1 DAGs
[2026-04-06T19:55:56.018+0000] {processor.py:183} INFO - Processing /opt/airflow/dags/isr_pipeline.py took 0.621 seconds
[2026-04-06T19:56:26.570+0000] {processor.py:161} INFO - Started process (PID=66720) to work on /opt/airflow/dags/isr_pipeline.py
[2026-04-06T19:56:26.577+0000] {processor.py:830} INFO - Processing file /opt/airflow/dags/isr_pipeline.py for tasks to queue
[2026-04-06T19:56:26.584+0000] {logging_mixin.py:188} INFO - [2026-04-06T19:56:26.582+0000] {dagbag.py:540} INFO - Filling up the DagBag from /opt/airflow/dags/isr_pipeline.py
[2026-04-06T19:56:26.679+0000] {processor.py:840} INFO - DAG(s) 'isr_pipeline' retrieved from /opt/airflow/dags/isr_pipeline.py
[2026-04-06T19:56:26.867+0000] {logging_mixin.py:188} INFO - [2026-04-06T19:56:26.866+0000] {dag.py:3096} INFO - Sync 1 DAGs
[2026-04-06T19:56:27.086+0000] {processor.py:183} INFO - Processing /opt/airflow/dags/isr_pipeline.py took 0.556 seconds
[2026-04-06T19:56:57.620+0000] {processor.py:161} INFO - Started process (PID=66725) to work on /opt/airflow/dags/isr_pipeline.py
[2026-04-06T19:56:57.628+0000] {processor.py:830} INFO - Processing file /opt/airflow/dags/isr_pipeline.py for tasks to queue
[2026-04-06T19:56:57.635+0000] {logging_mixin.py:188} INFO - [2026-04-06T19:56:57.634+0000] {dagbag.py:540} INFO - Filling up the DagBag from /opt/airflow/dags/isr_pipeline.py
[2026-04-06T19:56:57.743+0000] {processor.py:840} INFO - DAG(s) 'isr_pipeline' retrieved from /opt/airflow/dags/isr_pipeline.py
[2026-04-06T19:56:57.963+0000] {logging_mixin.py:188} INFO - [2026-04-06T19:56:57.961+0000] {dag.py:3096} INFO - Sync 1 DAGs
[2026-04-06T19:56:58.206+0000] {processor.py:183} INFO - Processing /opt/airflow/dags/isr_pipeline.py took 0.628 seconds
[2026-04-06T19:57:28.680+0000] {processor.py:161} INFO - Started process (PID=66730) to work on /opt/airflow/dags/isr_pipeline.py
[2026-04-06T19:57:28.687+0000] {processor.py:830} INFO - Processing file /opt/airflow/dags/isr_pipeline.py for tasks to queue
[2026-04-06T19:57:28.694+0000] {logging_mixin.py:188} INFO - [2026-04-06T19:57:28.692+0000] {dagbag.py:540} INFO - Filling up the DagBag from /opt/airflow/dags/isr_pipeline.py
[2026-04-06T19:57:28.787+0000] {processor.py:840} INFO - DAG(s) 'isr_pipeline' retrieved from /opt/airflow/dags/isr_pipeline.py
[2026-04-06T19:57:28.982+0000] {logging_mixin.py:188} INFO - [2026-04-06T19:57:28.981+0000] {dag.py:3096} INFO - Sync 1 DAGs
[2026-04-06T19:57:29.187+0000] {processor.py:183} INFO - Processing /opt/airflow/dags/isr_pipeline.py took 0.545 seconds
[2026-04-06T19:57:59.729+0000] {processor.py:161} INFO - Started process (PID=66735) to work on /opt/airflow/dags/isr_pipeline.py
[2026-04-06T19:57:59.736+0000] {processor.py:830} INFO - Processing file /opt/airflow/dags/isr_pipeline.py for tasks to queue
[2026-04-06T19:57:59.743+0000] {logging_mixin.py:188} INFO - [2026-04-06T19:57:59.741+0000] {dagbag.py:540} INFO - Filling up the DagBag from /opt/airflow/dags/isr_pipeline.py
[2026-04-06T19:57:59.842+0000] {processor.py:840} INFO - DAG(s) 'isr_pipeline' retrieved from /opt/airflow/dags/isr_pipeline.py
[2026-04-06T19:58:00.062+0000] {logging_mixin.py:188} INFO - [2026-04-06T19:58:00.060+0000] {dag.py:3096} INFO - Sync 1 DAGs
[2026-04-06T19:58:00.292+0000] {processor.py:183} INFO - Processing /opt/airflow/dags/isr_pipeline.py took 0.604 seconds
[2026-04-06T19:58:30.569+0000] {processor.py:161} INFO - Started process (PID=66740) to work on /opt/airflow/dags/isr_pipeline.py
[2026-04-06T19:58:30.577+0000] {processor.py:830} INFO - Processing file /opt/airflow/dags/isr_pipeline.py for tasks to queue
[2026-04-06T19:58:30.587+0000] {logging_mixin.py:188} INFO - [2026-04-06T19:58:30.585+0000] {dagbag.py:540} INFO - Filling up the DagBag from /opt/airflow/dags/isr_pipeline.py
[2026-04-06T19:58:30.682+0000] {processor.py:840} INFO - DAG(s) 'isr_pipeline' retrieved from /opt/airflow/dags/isr_pipeline.py
[2026-04-06T19:58:30.868+0000] {logging_mixin.py:188} INFO - [2026-04-06T19:58:30.867+0000] {dag.py:3096} INFO - Sync 1 DAGs
[2026-04-06T19:58:31.084+0000] {processor.py:183} INFO - Processing /opt/airflow/dags/isr_pipeline.py took 0.554 seconds
[2026-04-06T19:59:01.584+0000] {processor.py:161} INFO - Started process (PID=66745) to work on /opt/airflow/dags/isr_pipeline.py
[2026-04-06T19:59:01.591+0000] {processor.py:830} INFO - Processing file /opt/airflow/dags/isr_pipeline.py for tasks to queue
[2026-04-06T19:59:01.598+0000] {logging_mixin.py:188} INFO - [2026-04-06T19:59:01.596+0000] {dagbag.py:540} INFO - Filling up the DagBag from /opt/airflow/dags/isr_pipeline.py
[2026-04-06T19:59:01.689+0000] {processor.py:840} INFO - DAG(s) 'isr_pipeline' retrieved from /opt/airflow/dags/isr_pipeline.py
[2026-04-06T19:59:01.889+0000] {logging_mixin.py:188} INFO - [2026-04-06T19:59:01.888+0000] {dag.py:3096} INFO - Sync 1 DAGs
[2026-04-06T19:59:02.095+0000] {processor.py:183} INFO - Processing /opt/airflow/dags/isr_pipeline.py took 0.550 seconds
[2026-04-06T19:59:32.502+0000] {processor.py:161} INFO - Started process (PID=66750) to work on /opt/airflow/dags/isr_pipeline.py
[2026-04-06T19:59:32.514+0000] {processor.py:830} INFO - Processing file /opt/airflow/dags/isr_pipeline.py for tasks to queue
[2026-04-06T19:59:32.521+0000] {logging_mixin.py:188} INFO - [2026-04-06T19:59:32.519+0000] {dagbag.py:540} INFO - Filling up the DagBag from /opt/airflow/dags/isr_pipeline.py
[2026-04-06T19:59:32.616+0000] {processor.py:840} INFO - DAG(s) 'isr_pipeline' retrieved from /opt/airflow/dags/isr_pipeline.py
[2026-04-06T19:59:32.806+0000] {logging_mixin.py:188} INFO - [2026-04-06T19:59:32.805+0000] {dag.py:3096} INFO - Sync 1 DAGs
[2026-04-06T19:59:33.007+0000] {processor.py:183} INFO - Processing /opt/airflow/dags/isr_pipeline.py took 0.559 seconds
[2026-04-06T20:00:03.514+0000] {processor.py:161} INFO - Started process (PID=66755) to work on /opt/airflow/dags/isr_pipeline.py
[2026-04-06T20:00:03.521+0000] {processor.py:830} INFO - Processing file /opt/airflow/dags/isr_pipeline.py for tasks to queue
[2026-04-06T20:00:03.529+0000] {logging_mixin.py:188} INFO - [2026-04-06T20:00:03.526+0000] {dagbag.py:540} INFO - Filling up the DagBag from /opt/airflow/dags/isr_pipeline.py
[2026-04-06T20:00:03.627+0000] {processor.py:840} INFO - DAG(s) 'isr_pipeline' retrieved from /opt/airflow/dags/isr_pipeline.py
[2026-04-06T20:00:03.824+0000] {logging_mixin.py:188} INFO - [2026-04-06T20:00:03.823+0000] {dag.py:3096} INFO - Sync 1 DAGs
[2026-04-06T20:00:04.028+0000] {processor.py:183} INFO - Processing /opt/airflow/dags/isr_pipeline.py took 0.553 seconds
[2026-04-06T20:00:34.587+0000] {processor.py:161} INFO - Started process (PID=66760) to work on /opt/airflow/dags/isr_pipeline.py
[2026-04-06T20:00:34.594+0000] {processor.py:830} INFO - Processing file /opt/airflow/dags/isr_pipeline.py for tasks to queue
[2026-04-06T20:00:34.603+0000] {logging_mixin.py:188} INFO - [2026-04-06T20:00:34.600+0000] {dagbag.py:540} INFO - Filling up the DagBag from /opt/airflow/dags/isr_pipeline.py
[2026-04-06T20:00:34.723+0000] {processor.py:840} INFO - DAG(s) 'isr_pipeline' retrieved from /opt/airflow/dags/isr_pipeline.py
[2026-04-06T20:00:34.917+0000] {logging_mixin.py:188} INFO - [2026-04-06T20:00:34.916+0000] {dag.py:3096} INFO - Sync 1 DAGs
[2026-04-06T20:00:35.123+0000] {processor.py:183} INFO - Processing /opt/airflow/dags/isr_pipeline.py took 0.580 seconds
[2026-04-06T20:01:05.709+0000] {processor.py:161} INFO - Started process (PID=66765) to work on /opt/airflow/dags/isr_pipeline.py
[2026-04-06T20:01:05.717+0000] {processor.py:830} INFO - Processing file /opt/airflow/dags/isr_pipeline.py for tasks to queue
[2026-04-06T20:01:05.724+0000] {logging_mixin.py:188} INFO - [2026-04-06T20:01:05.722+0000] {dagbag.py:540} INFO - Filling up the DagBag from /opt/airflow/dags/isr_pipeline.py
[2026-04-06T20:01:05.821+0000] {processor.py:840} INFO - DAG(s) 'isr_pipeline' retrieved from /opt/airflow/dags/isr_pipeline.py
[2026-04-06T20:01:06.001+0000] {logging_mixin.py:188} INFO - [2026-04-06T20:01:06.000+0000] {dag.py:3096} INFO - Sync 1 DAGs
[2026-04-06T20:01:06.210+0000] {processor.py:183} INFO - Processing /opt/airflow/dags/isr_pipeline.py took 0.536 seconds
[2026-04-06T20:01:36.753+0000] {processor.py:161} INFO - Started process (PID=66770) to work on /opt/airflow/dags/isr_pipeline.py
[2026-04-06T20:01:36.762+0000] {processor.py:830} INFO - Processing file /opt/airflow/dags/isr_pipeline.py for tasks to queue
[2026-04-06T20:01:36.768+0000] {logging_mixin.py:188} INFO - [2026-04-06T20:01:36.766+0000] {dagbag.py:540} INFO - Filling up the DagBag from /opt/airflow/dags/isr_pipeline.py
[2026-04-06T20:01:36.861+0000] {processor.py:840} INFO - DAG(s) 'isr_pipeline' retrieved from /opt/airflow/dags/isr_pipeline.py
[2026-04-06T20:01:37.049+0000] {logging_mixin.py:188} INFO - [2026-04-06T20:01:37.048+0000] {dag.py:3096} INFO - Sync 1 DAGs
[2026-04-06T20:01:37.289+0000] {processor.py:183} INFO - Processing /opt/airflow/dags/isr_pipeline.py took 0.579 seconds
[2026-04-06T20:02:07.839+0000] {processor.py:161} INFO - Started process (PID=66775) to work on /opt/airflow/dags/isr_pipeline.py
[2026-04-06T20:02:07.846+0000] {processor.py:830} INFO - Processing file /opt/airflow/dags/isr_pipeline.py for tasks to queue
[2026-04-06T20:02:07.853+0000] {logging_mixin.py:188} INFO - [2026-04-06T20:02:07.851+0000] {dagbag.py:540} INFO - Filling up the DagBag from /opt/airflow/dags/isr_pipeline.py
[2026-04-06T20:02:07.945+0000] {processor.py:840} INFO - DAG(s) 'isr_pipeline' retrieved from /opt/airflow/dags/isr_pipeline.py
[2026-04-06T20:02:08.133+0000] {logging_mixin.py:188} INFO - [2026-04-06T20:02:08.132+0000] {dag.py:3096} INFO - Sync 1 DAGs
[2026-04-06T20:02:08.341+0000] {processor.py:183} INFO - Processing /opt/airflow/dags/isr_pipeline.py took 0.540 seconds
[2026-04-06T20:02:38.770+0000] {processor.py:161} INFO - Started process (PID=66780) to work on /opt/airflow/dags/isr_pipeline.py
[2026-04-06T20:02:38.777+0000] {processor.py:830} INFO - Processing file /opt/airflow/dags/isr_pipeline.py for tasks to queue
[2026-04-06T20:02:38.784+0000] {logging_mixin.py:188} INFO - [2026-04-06T20:02:38.782+0000] {dagbag.py:540} INFO - Filling up the DagBag from /opt/airflow/dags/isr_pipeline.py
[2026-04-06T20:02:38.876+0000] {processor.py:840} INFO - DAG(s) 'isr_pipeline' retrieved from /opt/airflow/dags/isr_pipeline.py
[2026-04-06T20:02:39.058+0000] {logging_mixin.py:188} INFO - [2026-04-06T20:02:39.056+0000] {dag.py:3096} INFO - Sync 1 DAGs
[2026-04-06T20:02:39.271+0000] {processor.py:183} INFO - Processing /opt/airflow/dags/isr_pipeline.py took 0.536 seconds
[2026-04-06T20:03:09.798+0000] {processor.py:161} INFO - Started process (PID=66785) to work on /opt/airflow/dags/isr_pipeline.py
[2026-04-06T20:03:09.805+0000] {processor.py:830} INFO - Processing file /opt/airflow/dags/isr_pipeline.py for tasks to queue
[2026-04-06T20:03:09.812+0000] {logging_mixin.py:188} INFO - [2026-04-06T20:03:09.810+0000] {dagbag.py:540} INFO - Filling up the DagBag from /opt/airflow/dags/isr_pipeline.py
[2026-04-06T20:03:09.902+0000] {processor.py:840} INFO - DAG(s) 'isr_pipeline' retrieved from /opt/airflow/dags/isr_pipeline.py
[2026-04-06T20:03:10.096+0000] {logging_mixin.py:188} INFO - [2026-04-06T20:03:10.095+0000] {dag.py:3096} INFO - Sync 1 DAGs
[2026-04-06T20:03:10.310+0000] {processor.py:183} INFO - Processing /opt/airflow/dags/isr_pipeline.py took 0.550 seconds
[2026-04-06T20:03:40.516+0000] {processor.py:161} INFO - Started process (PID=66790) to work on /opt/airflow/dags/isr_pipeline.py
[2026-04-06T20:03:40.523+0000] {processor.py:830} INFO - Processing file /opt/airflow/dags/isr_pipeline.py for tasks to queue
[2026-04-06T20:03:40.531+0000] {logging_mixin.py:188} INFO - [2026-04-06T20:03:40.529+0000] {dagbag.py:540} INFO - Filling up the DagBag from /opt/airflow/dags/isr_pipeline.py
[2026-04-06T20:03:40.627+0000] {processor.py:840} INFO - DAG(s) 'isr_pipeline' retrieved from /opt/airflow/dags/isr_pipeline.py
[2026-04-06T20:03:40.806+0000] {logging_mixin.py:188} INFO - [2026-04-06T20:03:40.805+0000] {dag.py:3096} INFO - Sync 1 DAGs
[2026-04-06T20:03:41.004+0000] {processor.py:183} INFO - Processing /opt/airflow/dags/isr_pipeline.py took 0.526 seconds
[2026-04-06T20:04:11.522+0000] {processor.py:161} INFO - Started process (PID=66795) to work on /opt/airflow/dags/isr_pipeline.py
[2026-04-06T20:04:11.529+0000] {processor.py:830} INFO - Processing file /opt/airflow/dags/isr_pipeline.py for tasks to queue
[2026-04-06T20:04:11.536+0000] {logging_mixin.py:188} INFO - [2026-04-06T20:04:11.534+0000] {dagbag.py:540} INFO - Filling up the DagBag from /opt/airflow/dags/isr_pipeline.py
[2026-04-06T20:04:11.631+0000] {processor.py:840} INFO - DAG(s) 'isr_pipeline' retrieved from /opt/airflow/dags/isr_pipeline.py
[2026-04-06T20:04:11.827+0000] {logging_mixin.py:188} INFO - [2026-04-06T20:04:11.826+0000] {dag.py:3096} INFO - Sync 1 DAGs
[2026-04-06T20:04:12.030+0000] {processor.py:183} INFO - Processing /opt/airflow/dags/isr_pipeline.py took 0.545 seconds
[2026-04-06T20:04:42.470+0000] {processor.py:161} INFO - Started process (PID=66800) to work on /opt/airflow/dags/isr_pipeline.py
[2026-04-06T20:04:42.477+0000] {processor.py:830} INFO - Processing file /opt/airflow/dags/isr_pipeline.py for tasks to queue
[2026-04-06T20:04:42.484+0000] {logging_mixin.py:188} INFO - [2026-04-06T20:04:42.483+0000] {dagbag.py:540} INFO - Filling up the DagBag from /opt/airflow/dags/isr_pipeline.py
[2026-04-06T20:04:42.581+0000] {processor.py:840} INFO - DAG(s) 'isr_pipeline' retrieved from /opt/airflow/dags/isr_pipeline.py
[2026-04-06T20:04:42.760+0000] {logging_mixin.py:188} INFO - [2026-04-06T20:04:42.759+0000] {dag.py:3096} INFO - Sync 1 DAGs
[2026-04-06T20:04:42.981+0000] {processor.py:183} INFO - Processing /opt/airflow/dags/isr_pipeline.py took 0.546 seconds
[2026-04-06T20:29:41.547+0000] {processor.py:161} INFO - Started process (PID=66805) to work on /opt/airflow/dags/isr_pipeline.py
[2026-04-06T20:29:41.549+0000] {processor.py:830} INFO - Processing file /opt/airflow/dags/isr_pipeline.py for tasks to queue
[2026-04-06T20:29:41.551+0000] {logging_mixin.py:188} INFO - [2026-04-06T20:29:41.550+0000] {dagbag.py:540} INFO - Filling up the DagBag from /opt/airflow/dags/isr_pipeline.py
[2026-04-06T20:29:41.580+0000] {processor.py:840} INFO - DAG(s) 'isr_pipeline' retrieved from /opt/airflow/dags/isr_pipeline.py
[2026-04-06T20:29:41.629+0000] {logging_mixin.py:188} INFO - [2026-04-06T20:29:41.629+0000] {dag.py:3096} INFO - Sync 1 DAGs
[2026-04-06T20:29:41.773+0000] {processor.py:183} INFO - Processing /opt/airflow/dags/isr_pipeline.py took 0.235 seconds
[2026-04-06T20:30:11.936+0000] {processor.py:161} INFO - Started process (PID=66810) to work on /opt/airflow/dags/isr_pipeline.py
[2026-04-06T20:30:11.942+0000] {processor.py:830} INFO - Processing file /opt/airflow/dags/isr_pipeline.py for tasks to queue
[2026-04-06T20:30:11.948+0000] {logging_mixin.py:188} INFO - [2026-04-06T20:30:11.947+0000] {dagbag.py:540} INFO - Filling up the DagBag from /opt/airflow/dags/isr_pipeline.py
[2026-04-06T20:30:12.038+0000] {processor.py:840} INFO - DAG(s) 'isr_pipeline' retrieved from /opt/airflow/dags/isr_pipeline.py
[2026-04-06T20:30:12.222+0000] {logging_mixin.py:188} INFO - [2026-04-06T20:30:12.221+0000] {dag.py:3096} INFO - Sync 1 DAGs
[2026-04-06T20:30:12.424+0000] {processor.py:183} INFO - Processing /opt/airflow/dags/isr_pipeline.py took 0.525 seconds
[2026-04-06T20:47:26.530+0000] {processor.py:161} INFO - Started process (PID=66816) to work on /opt/airflow/dags/isr_pipeline.py
[2026-04-06T20:47:26.532+0000] {processor.py:830} INFO - Processing file /opt/airflow/dags/isr_pipeline.py for tasks to queue
[2026-04-06T20:47:26.534+0000] {logging_mixin.py:188} INFO - [2026-04-06T20:47:26.533+0000] {dagbag.py:540} INFO - Filling up the DagBag from /opt/airflow/dags/isr_pipeline.py
[2026-04-06T20:47:26.555+0000] {processor.py:840} INFO - DAG(s) 'isr_pipeline' retrieved from /opt/airflow/dags/isr_pipeline.py
[2026-04-06T20:47:28.278+0000] {logging_mixin.py:188} INFO - [2026-04-06T20:47:28.278+0000] {dag.py:3096} INFO - Sync 1 DAGs
[2026-04-06T20:47:28.327+0000] {processor.py:183} INFO - Processing /opt/airflow/dags/isr_pipeline.py took 1.810 seconds
[2026-04-06T20:47:58.722+0000] {processor.py:161} INFO - Started process (PID=66821) to work on /opt/airflow/dags/isr_pipeline.py
[2026-04-06T20:47:58.729+0000] {processor.py:830} INFO - Processing file /opt/airflow/dags/isr_pipeline.py for tasks to queue
[2026-04-06T20:47:58.736+0000] {logging_mixin.py:188} INFO - [2026-04-06T20:47:58.734+0000] {dagbag.py:540} INFO - Filling up the DagBag from /opt/airflow/dags/isr_pipeline.py
[2026-04-06T20:47:58.828+0000] {processor.py:840} INFO - DAG(s) 'isr_pipeline' retrieved from /opt/airflow/dags/isr_pipeline.py
[2026-04-06T20:47:59.017+0000] {logging_mixin.py:188} INFO - [2026-04-06T20:47:59.016+0000] {dag.py:3096} INFO - Sync 1 DAGs
[2026-04-06T20:47:59.248+0000] {processor.py:183} INFO - Processing /opt/airflow/dags/isr_pipeline.py took 0.563 seconds
[2026-04-06T20:48:29.751+0000] {processor.py:161} INFO - Started process (PID=66826) to work on /opt/airflow/dags/isr_pipeline.py
[2026-04-06T20:48:29.758+0000] {processor.py:830} INFO - Processing file /opt/airflow/dags/isr_pipeline.py for tasks to queue
[2026-04-06T20:48:29.765+0000] {logging_mixin.py:188} INFO - [2026-04-06T20:48:29.763+0000] {dagbag.py:540} INFO - Filling up the DagBag from /opt/airflow/dags/isr_pipeline.py
[2026-04-06T20:48:29.857+0000] {processor.py:840} INFO - DAG(s) 'isr_pipeline' retrieved from /opt/airflow/dags/isr_pipeline.py
[2026-04-06T20:48:30.047+0000] {logging_mixin.py:188} INFO - [2026-04-06T20:48:30.045+0000] {dag.py:3096} INFO - Sync 1 DAGs
[2026-04-06T20:48:30.274+0000] {processor.py:183} INFO - Processing /opt/airflow/dags/isr_pipeline.py took 0.560 seconds
[2026-04-06T20:49:00.564+0000] {processor.py:161} INFO - Started process (PID=66831) to work on /opt/airflow/dags/isr_pipeline.py
[2026-04-06T20:49:00.571+0000] {processor.py:830} INFO - Processing file /opt/airflow/dags/isr_pipeline.py for tasks to queue
[2026-04-06T20:49:00.578+0000] {logging_mixin.py:188} INFO - [2026-04-06T20:49:00.576+0000] {dagbag.py:540} INFO - Filling up the DagBag from /opt/airflow/dags/isr_pipeline.py
[2026-04-06T20:49:00.673+0000] {processor.py:840} INFO - DAG(s) 'isr_pipeline' retrieved from /opt/airflow/dags/isr_pipeline.py
[2026-04-06T20:49:00.846+0000] {logging_mixin.py:188} INFO - [2026-04-06T20:49:00.845+0000] {dag.py:3096} INFO - Sync 1 DAGs
[2026-04-06T20:49:01.059+0000] {processor.py:183} INFO - Processing /opt/airflow/dags/isr_pipeline.py took 0.535 seconds
[2026-04-06T20:49:31.532+0000] {processor.py:161} INFO - Started process (PID=66836) to work on /opt/airflow/dags/isr_pipeline.py
[2026-04-06T20:49:31.540+0000] {processor.py:830} INFO - Processing file /opt/airflow/dags/isr_pipeline.py for tasks to queue
[2026-04-06T20:49:31.546+0000] {logging_mixin.py:188} INFO - [2026-04-06T20:49:31.544+0000] {dagbag.py:540} INFO - Filling up the DagBag from /opt/airflow/dags/isr_pipeline.py
[2026-04-06T20:49:31.646+0000] {processor.py:840} INFO - DAG(s) 'isr_pipeline' retrieved from /opt/airflow/dags/isr_pipeline.py
[2026-04-06T20:49:31.828+0000] {logging_mixin.py:188} INFO - [2026-04-06T20:49:31.827+0000] {dag.py:3096} INFO - Sync 1 DAGs
[2026-04-06T20:49:32.027+0000] {processor.py:183} INFO - Processing /opt/airflow/dags/isr_pipeline.py took 0.532 seconds
[2026-04-06T20:50:02.481+0000] {processor.py:161} INFO - Started process (PID=66841) to work on /opt/airflow/dags/isr_pipeline.py
[2026-04-06T20:50:02.489+0000] {processor.py:830} INFO - Processing file /opt/airflow/dags/isr_pipeline.py for tasks to queue
[2026-04-06T20:50:02.496+0000] {logging_mixin.py:188} INFO - [2026-04-06T20:50:02.494+0000] {dagbag.py:540} INFO - Filling up the DagBag from /opt/airflow/dags/isr_pipeline.py
[2026-04-06T20:50:02.587+0000] {processor.py:840} INFO - DAG(s) 'isr_pipeline' retrieved from /opt/airflow/dags/isr_pipeline.py
[2026-04-06T20:50:02.767+0000] {logging_mixin.py:188} INFO - [2026-04-06T20:50:02.766+0000] {dag.py:3096} INFO - Sync 1 DAGs
[2026-04-06T20:50:02.977+0000] {processor.py:183} INFO - Processing /opt/airflow/dags/isr_pipeline.py took 0.535 seconds
[2026-04-06T20:50:33.491+0000] {processor.py:161} INFO - Started process (PID=66846) to work on /opt/airflow/dags/isr_pipeline.py
[2026-04-06T20:50:33.498+0000] {processor.py:830} INFO - Processing file /opt/airflow/dags/isr_pipeline.py for tasks to queue
[2026-04-06T20:50:33.505+0000] {logging_mixin.py:188} INFO - [2026-04-06T20:50:33.503+0000] {dagbag.py:540} INFO - Filling up the DagBag from /opt/airflow/dags/isr_pipeline.py
[2026-04-06T20:50:33.595+0000] {processor.py:840} INFO - DAG(s) 'isr_pipeline' retrieved from /opt/airflow/dags/isr_pipeline.py
[2026-04-06T20:50:33.781+0000] {logging_mixin.py:188} INFO - [2026-04-06T20:50:33.780+0000] {dag.py:3096} INFO - Sync 1 DAGs
[2026-04-06T20:50:33.991+0000] {processor.py:183} INFO - Processing /opt/airflow/dags/isr_pipeline.py took 0.538 seconds
[2026-04-06T20:51:04.273+0000] {processor.py:161} INFO - Started process (PID=66851) to work on /opt/airflow/dags/isr_pipeline.py
[2026-04-06T20:51:04.280+0000] {processor.py:830} INFO - Processing file /opt/airflow/dags/isr_pipeline.py for tasks to queue
[2026-04-06T20:51:04.287+0000] {logging_mixin.py:188} INFO - [2026-04-06T20:51:04.285+0000] {dagbag.py:540} INFO - Filling up the DagBag from /opt/airflow/dags/isr_pipeline.py
[2026-04-06T20:51:04.380+0000] {processor.py:840} INFO - DAG(s) 'isr_pipeline' retrieved from /opt/airflow/dags/isr_pipeline.py
[2026-04-06T20:51:04.567+0000] {logging_mixin.py:188} INFO - [2026-04-06T20:51:04.565+0000] {dag.py:3096} INFO - Sync 1 DAGs
[2026-04-06T20:51:04.769+0000] {processor.py:183} INFO - Processing /opt/airflow/dags/isr_pipeline.py took 0.537 seconds
[2026-04-06T20:51:35.300+0000] {processor.py:161} INFO - Started process (PID=66856) to work on /opt/airflow/dags/isr_pipeline.py
[2026-04-06T20:51:35.307+0000] {processor.py:830} INFO - Processing file /opt/airflow/dags/isr_pipeline.py for tasks to queue
[2026-04-06T20:51:35.314+0000] {logging_mixin.py:188} INFO - [2026-04-06T20:51:35.312+0000] {dagbag.py:540} INFO - Filling up the DagBag from /opt/airflow/dags/isr_pipeline.py
[2026-04-06T20:51:35.406+0000] {processor.py:840} INFO - DAG(s) 'isr_pipeline' retrieved from /opt/airflow/dags/isr_pipeline.py
[2026-04-06T20:51:35.589+0000] {logging_mixin.py:188} INFO - [2026-04-06T20:51:35.588+0000] {dag.py:3096} INFO - Sync 1 DAGs
[2026-04-06T20:51:35.786+0000] {processor.py:183} INFO - Processing /opt/airflow/dags/isr_pipeline.py took 0.528 seconds
[2026-04-06T20:52:06.166+0000] {processor.py:161} INFO - Started process (PID=66861) to work on /opt/airflow/dags/isr_pipeline.py
[2026-04-06T20:52:06.175+0000] {processor.py:830} INFO - Processing file /opt/airflow/dags/isr_pipeline.py for tasks to queue
[2026-04-06T20:52:06.186+0000] {logging_mixin.py:188} INFO - [2026-04-06T20:52:06.183+0000] {dagbag.py:540} INFO - Filling up the DagBag from /opt/airflow/dags/isr_pipeline.py
[2026-04-06T20:52:06.284+0000] {processor.py:840} INFO - DAG(s) 'isr_pipeline' retrieved from /opt/airflow/dags/isr_pipeline.py
[2026-04-06T20:52:06.479+0000] {logging_mixin.py:188} INFO - [2026-04-06T20:52:06.478+0000] {dag.py:3096} INFO - Sync 1 DAGs
[2026-04-06T20:52:06.674+0000] {processor.py:183} INFO - Processing /opt/airflow/dags/isr_pipeline.py took 0.551 seconds
[2026-04-06T20:52:37.197+0000] {processor.py:161} INFO - Started process (PID=66866) to work on /opt/airflow/dags/isr_pipeline.py
[2026-04-06T20:52:37.209+0000] {processor.py:830} INFO - Processing file /opt/airflow/dags/isr_pipeline.py for tasks to queue
[2026-04-06T20:52:37.219+0000] {logging_mixin.py:188} INFO - [2026-04-06T20:52:37.217+0000] {dagbag.py:540} INFO - Filling up the DagBag from /opt/airflow/dags/isr_pipeline.py
[2026-04-06T20:52:37.332+0000] {processor.py:840} INFO - DAG(s) 'isr_pipeline' retrieved from /opt/airflow/dags/isr_pipeline.py
[2026-04-06T20:52:37.539+0000] {logging_mixin.py:188} INFO - [2026-04-06T20:52:37.538+0000] {dag.py:3096} INFO - Sync 1 DAGs
[2026-04-06T20:52:37.769+0000] {processor.py:183} INFO - Processing /opt/airflow/dags/isr_pipeline.py took 0.618 seconds
[2026-04-06T20:53:08.151+0000] {processor.py:161} INFO - Started process (PID=66871) to work on /opt/airflow/dags/isr_pipeline.py
[2026-04-06T20:53:08.158+0000] {processor.py:830} INFO - Processing file /opt/airflow/dags/isr_pipeline.py for tasks to queue
[2026-04-06T20:53:08.166+0000] {logging_mixin.py:188} INFO - [2026-04-06T20:53:08.164+0000] {dagbag.py:540} INFO - Filling up the DagBag from /opt/airflow/dags/isr_pipeline.py
[2026-04-06T20:53:08.256+0000] {processor.py:840} INFO - DAG(s) 'isr_pipeline' retrieved from /opt/airflow/dags/isr_pipeline.py
[2026-04-06T20:53:08.432+0000] {logging_mixin.py:188} INFO - [2026-04-06T20:53:08.431+0000] {dag.py:3096} INFO - Sync 1 DAGs
[2026-04-06T20:53:08.631+0000] {processor.py:183} INFO - Processing /opt/airflow/dags/isr_pipeline.py took 0.520 seconds
[2026-04-06T20:53:39.184+0000] {processor.py:161} INFO - Started process (PID=66876) to work on /opt/airflow/dags/isr_pipeline.py
[2026-04-06T20:53:39.192+0000] {processor.py:830} INFO - Processing file /opt/airflow/dags/isr_pipeline.py for tasks to queue
[2026-04-06T20:53:39.199+0000] {logging_mixin.py:188} INFO - [2026-04-06T20:53:39.197+0000] {dagbag.py:540} INFO - Filling up the DagBag from /opt/airflow/dags/isr_pipeline.py
[2026-04-06T20:53:39.293+0000] {processor.py:840} INFO - DAG(s) 'isr_pipeline' retrieved from /opt/airflow/dags/isr_pipeline.py
[2026-04-06T20:53:39.485+0000] {logging_mixin.py:188} INFO - [2026-04-06T20:53:39.484+0000] {dag.py:3096} INFO - Sync 1 DAGs
[2026-04-06T20:53:39.690+0000] {processor.py:183} INFO - Processing /opt/airflow/dags/isr_pipeline.py took 0.545 seconds
[2026-04-06T20:54:10.009+0000] {processor.py:161} INFO - Started process (PID=66881) to work on /opt/airflow/dags/isr_pipeline.py
[2026-04-06T20:54:10.016+0000] {processor.py:830} INFO - Processing file /opt/airflow/dags/isr_pipeline.py for tasks to queue
[2026-04-06T20:54:10.024+0000] {logging_mixin.py:188} INFO - [2026-04-06T20:54:10.022+0000] {dagbag.py:540} INFO - Filling up the DagBag from /opt/airflow/dags/isr_pipeline.py
[2026-04-06T20:54:10.115+0000] {processor.py:840} INFO - DAG(s) 'isr_pipeline' retrieved from /opt/airflow/dags/isr_pipeline.py
[2026-04-06T20:54:10.291+0000] {logging_mixin.py:188} INFO - [2026-04-06T20:54:10.290+0000] {dag.py:3096} INFO - Sync 1 DAGs
[2026-04-06T20:54:10.485+0000] {processor.py:183} INFO - Processing /opt/airflow/dags/isr_pipeline.py took 0.516 seconds
[2026-04-06T20:54:40.968+0000] {processor.py:161} INFO - Started process (PID=66886) to work on /opt/airflow/dags/isr_pipeline.py
[2026-04-06T20:54:40.975+0000] {processor.py:830} INFO - Processing file /opt/airflow/dags/isr_pipeline.py for tasks to queue
[2026-04-06T20:54:40.983+0000] {logging_mixin.py:188} INFO - [2026-04-06T20:54:40.981+0000] {dagbag.py:540} INFO - Filling up the DagBag from /opt/airflow/dags/isr_pipeline.py
[2026-04-06T20:54:41.086+0000] {processor.py:840} INFO - DAG(s) 'isr_pipeline' retrieved from /opt/airflow/dags/isr_pipeline.py
[2026-04-06T20:54:41.280+0000] {logging_mixin.py:188} INFO - [2026-04-06T20:54:41.279+0000] {dag.py:3096} INFO - Sync 1 DAGs
[2026-04-06T20:54:41.491+0000] {processor.py:183} INFO - Processing /opt/airflow/dags/isr_pipeline.py took 0.562 seconds
[2026-04-06T20:55:11.860+0000] {processor.py:161} INFO - Started process (PID=66891) to work on /opt/airflow/dags/isr_pipeline.py
[2026-04-06T20:55:11.867+0000] {processor.py:830} INFO - Processing file /opt/airflow/dags/isr_pipeline.py for tasks to queue
[2026-04-06T20:55:11.873+0000] {logging_mixin.py:188} INFO - [2026-04-06T20:55:11.872+0000] {dagbag.py:540} INFO - Filling up the DagBag from /opt/airflow/dags/isr_pipeline.py
[2026-04-06T20:55:11.966+0000] {processor.py:840} INFO - DAG(s) 'isr_pipeline' retrieved from /opt/airflow/dags/isr_pipeline.py
[2026-04-06T20:55:12.191+0000] {logging_mixin.py:188} INFO - [2026-04-06T20:55:12.190+0000] {dag.py:3096} INFO - Sync 1 DAGs
[2026-04-06T20:55:12.410+0000] {processor.py:183} INFO - Processing /opt/airflow/dags/isr_pipeline.py took 0.587 seconds
[2026-04-06T20:55:42.900+0000] {processor.py:161} INFO - Started process (PID=66896) to work on /opt/airflow/dags/isr_pipeline.py
[2026-04-06T20:55:42.908+0000] {processor.py:830} INFO - Processing file /opt/airflow/dags/isr_pipeline.py for tasks to queue
[2026-04-06T20:55:42.914+0000] {logging_mixin.py:188} INFO - [2026-04-06T20:55:42.913+0000] {dagbag.py:540} INFO - Filling up the DagBag from /opt/airflow/dags/isr_pipeline.py
[2026-04-06T20:55:43.010+0000] {processor.py:840} INFO - DAG(s) 'isr_pipeline' retrieved from /opt/airflow/dags/isr_pipeline.py
[2026-04-06T20:55:43.196+0000] {logging_mixin.py:188} INFO - [2026-04-06T20:55:43.195+0000] {dag.py:3096} INFO - Sync 1 DAGs
[2026-04-06T20:55:43.403+0000] {processor.py:183} INFO - Processing /opt/airflow/dags/isr_pipeline.py took 0.541 seconds
[2026-04-06T20:56:13.656+0000] {processor.py:161} INFO - Started process (PID=66901) to work on /opt/airflow/dags/isr_pipeline.py
[2026-04-06T20:56:13.665+0000] {processor.py:830} INFO - Processing file /opt/airflow/dags/isr_pipeline.py for tasks to queue
[2026-04-06T20:56:13.687+0000] {logging_mixin.py:188} INFO - [2026-04-06T20:56:13.681+0000] {dagbag.py:540} INFO - Filling up the DagBag from /opt/airflow/dags/isr_pipeline.py
[2026-04-06T20:56:13.784+0000] {processor.py:840} INFO - DAG(s) 'isr_pipeline' retrieved from /opt/airflow/dags/isr_pipeline.py
[2026-04-06T20:56:13.968+0000] {logging_mixin.py:188} INFO - [2026-04-06T20:56:13.967+0000] {dag.py:3096} INFO - Sync 1 DAGs
[2026-04-06T20:56:14.186+0000] {processor.py:183} INFO - Processing /opt/airflow/dags/isr_pipeline.py took 0.571 seconds
[2026-04-06T20:56:44.683+0000] {processor.py:161} INFO - Started process (PID=66906) to work on /opt/airflow/dags/isr_pipeline.py
[2026-04-06T20:56:44.690+0000] {processor.py:830} INFO - Processing file /opt/airflow/dags/isr_pipeline.py for tasks to queue
[2026-04-06T20:56:44.697+0000] {logging_mixin.py:188} INFO - [2026-04-06T20:56:44.695+0000] {dagbag.py:540} INFO - Filling up the DagBag from /opt/airflow/dags/isr_pipeline.py
[2026-04-06T20:56:44.786+0000] {processor.py:840} INFO - DAG(s) 'isr_pipeline' retrieved from /opt/airflow/dags/isr_pipeline.py
[2026-04-06T20:56:44.979+0000] {logging_mixin.py:188} INFO - [2026-04-06T20:56:44.978+0000] {dag.py:3096} INFO - Sync 1 DAGs
[2026-04-06T20:56:45.182+0000] {processor.py:183} INFO - Processing /opt/airflow/dags/isr_pipeline.py took 0.536 seconds
[2026-04-06T20:57:15.546+0000] {processor.py:161} INFO - Started process (PID=66911) to work on /opt/airflow/dags/isr_pipeline.py
[2026-04-06T20:57:15.553+0000] {processor.py:830} INFO - Processing file /opt/airflow/dags/isr_pipeline.py for tasks to queue
[2026-04-06T20:57:15.559+0000] {logging_mixin.py:188} INFO - [2026-04-06T20:57:15.558+0000] {dagbag.py:540} INFO - Filling up the DagBag from /opt/airflow/dags/isr_pipeline.py
[2026-04-06T20:57:15.649+0000] {processor.py:840} INFO - DAG(s) 'isr_pipeline' retrieved from /opt/airflow/dags/isr_pipeline.py
[2026-04-06T20:57:15.825+0000] {logging_mixin.py:188} INFO - [2026-04-06T20:57:15.824+0000] {dag.py:3096} INFO - Sync 1 DAGs
[2026-04-06T20:57:16.027+0000] {processor.py:183} INFO - Processing /opt/airflow/dags/isr_pipeline.py took 0.520 seconds
[2026-04-06T21:27:44.504+0000] {processor.py:161} INFO - Started process (PID=66917) to work on /opt/airflow/dags/isr_pipeline.py
[2026-04-06T21:27:44.508+0000] {processor.py:830} INFO - Processing file /opt/airflow/dags/isr_pipeline.py for tasks to queue
[2026-04-06T21:27:44.511+0000] {logging_mixin.py:188} INFO - [2026-04-06T21:27:44.510+0000] {dagbag.py:540} INFO - Filling up the DagBag from /opt/airflow/dags/isr_pipeline.py
[2026-04-06T21:27:44.543+0000] {processor.py:840} INFO - DAG(s) 'isr_pipeline' retrieved from /opt/airflow/dags/isr_pipeline.py
[2026-04-06T21:27:44.591+0000] {logging_mixin.py:188} INFO - [2026-04-06T21:27:44.591+0000] {dag.py:3096} INFO - Sync 1 DAGs
[2026-04-06T21:27:44.639+0000] {processor.py:183} INFO - Processing /opt/airflow/dags/isr_pipeline.py took 0.145 seconds
[2026-04-06T21:28:15.115+0000] {processor.py:161} INFO - Started process (PID=66922) to work on /opt/airflow/dags/isr_pipeline.py
[2026-04-06T21:28:15.121+0000] {processor.py:830} INFO - Processing file /opt/airflow/dags/isr_pipeline.py for tasks to queue
[2026-04-06T21:28:15.129+0000] {logging_mixin.py:188} INFO - [2026-04-06T21:28:15.126+0000] {dagbag.py:540} INFO - Filling up the DagBag from /opt/airflow/dags/isr_pipeline.py
[2026-04-06T21:28:15.239+0000] {processor.py:840} INFO - DAG(s) 'isr_pipeline' retrieved from /opt/airflow/dags/isr_pipeline.py
[2026-04-06T21:28:15.434+0000] {logging_mixin.py:188} INFO - [2026-04-06T21:28:15.433+0000] {dag.py:3096} INFO - Sync 1 DAGs
[2026-04-06T21:28:15.642+0000] {processor.py:183} INFO - Processing /opt/airflow/dags/isr_pipeline.py took 0.564 seconds
[2026-04-06T21:28:44.691+0000] {processor.py:161} INFO - Started process (PID=66930) to work on /opt/airflow/dags/isr_pipeline.py
[2026-04-06T21:28:44.698+0000] {processor.py:830} INFO - Processing file /opt/airflow/dags/isr_pipeline.py for tasks to queue
[2026-04-06T21:28:44.705+0000] {logging_mixin.py:188} INFO - [2026-04-06T21:28:44.703+0000] {dagbag.py:540} INFO - Filling up the DagBag from /opt/airflow/dags/isr_pipeline.py
[2026-04-06T21:28:44.796+0000] {processor.py:840} INFO - DAG(s) 'isr_pipeline' retrieved from /opt/airflow/dags/isr_pipeline.py
[2026-04-06T21:28:44.980+0000] {logging_mixin.py:188} INFO - [2026-04-06T21:28:44.979+0000] {dag.py:3096} INFO - Sync 1 DAGs
[2026-04-06T21:28:45.180+0000] {processor.py:183} INFO - Processing /opt/airflow/dags/isr_pipeline.py took 0.521 seconds
[2026-04-06T21:29:15.695+0000] {processor.py:161} INFO - Started process (PID=66935) to work on /opt/airflow/dags/isr_pipeline.py
[2026-04-06T21:29:15.702+0000] {processor.py:830} INFO - Processing file /opt/airflow/dags/isr_pipeline.py for tasks to queue
[2026-04-06T21:29:15.709+0000] {logging_mixin.py:188} INFO - [2026-04-06T21:29:15.707+0000] {dagbag.py:540} INFO - Filling up the DagBag from /opt/airflow/dags/isr_pipeline.py
[2026-04-06T21:29:15.800+0000] {processor.py:840} INFO - DAG(s) 'isr_pipeline' retrieved from /opt/airflow/dags/isr_pipeline.py
[2026-04-06T21:29:16.000+0000] {logging_mixin.py:188} INFO - [2026-04-06T21:29:15.999+0000] {dag.py:3096} INFO - Sync 1 DAGs
[2026-04-06T21:29:16.239+0000] {processor.py:183} INFO - Processing /opt/airflow/dags/isr_pipeline.py took 0.585 seconds
[2026-04-06T21:29:46.554+0000] {processor.py:161} INFO - Started process (PID=66940) to work on /opt/airflow/dags/isr_pipeline.py
[2026-04-06T21:29:46.562+0000] {processor.py:830} INFO - Processing file /opt/airflow/dags/isr_pipeline.py for tasks to queue
[2026-04-06T21:29:46.569+0000] {logging_mixin.py:188} INFO - [2026-04-06T21:29:46.567+0000] {dagbag.py:540} INFO - Filling up the DagBag from /opt/airflow/dags/isr_pipeline.py
[2026-04-06T21:29:46.666+0000] {processor.py:840} INFO - DAG(s) 'isr_pipeline' retrieved from /opt/airflow/dags/isr_pipeline.py
[2026-04-06T21:29:46.841+0000] {logging_mixin.py:188} INFO - [2026-04-06T21:29:46.840+0000] {dag.py:3096} INFO - Sync 1 DAGs
[2026-04-06T21:29:47.052+0000] {processor.py:183} INFO - Processing /opt/airflow/dags/isr_pipeline.py took 0.537 seconds
[2026-04-06T21:30:17.670+0000] {processor.py:161} INFO - Started process (PID=66945) to work on /opt/airflow/dags/isr_pipeline.py
[2026-04-06T21:30:17.677+0000] {processor.py:830} INFO - Processing file /opt/airflow/dags/isr_pipeline.py for tasks to queue
[2026-04-06T21:30:17.684+0000] {logging_mixin.py:188} INFO - [2026-04-06T21:30:17.682+0000] {dagbag.py:540} INFO - Filling up the DagBag from /opt/airflow/dags/isr_pipeline.py
[2026-04-06T21:30:17.776+0000] {processor.py:840} INFO - DAG(s) 'isr_pipeline' retrieved from /opt/airflow/dags/isr_pipeline.py
[2026-04-06T21:30:17.959+0000] {logging_mixin.py:188} INFO - [2026-04-06T21:30:17.958+0000] {dag.py:3096} INFO - Sync 1 DAGs
[2026-04-06T21:30:18.174+0000] {processor.py:183} INFO - Processing /opt/airflow/dags/isr_pipeline.py took 0.541 seconds
[2026-04-06T21:30:48.462+0000] {processor.py:161} INFO - Started process (PID=66950) to work on /opt/airflow/dags/isr_pipeline.py
[2026-04-06T21:30:48.474+0000] {processor.py:830} INFO - Processing file /opt/airflow/dags/isr_pipeline.py for tasks to queue
[2026-04-06T21:30:48.484+0000] {logging_mixin.py:188} INFO - [2026-04-06T21:30:48.482+0000] {dagbag.py:540} INFO - Filling up the DagBag from /opt/airflow/dags/isr_pipeline.py
[2026-04-06T21:30:48.577+0000] {processor.py:840} INFO - DAG(s) 'isr_pipeline' retrieved from /opt/airflow/dags/isr_pipeline.py
[2026-04-06T21:30:48.763+0000] {logging_mixin.py:188} INFO - [2026-04-06T21:30:48.762+0000] {dag.py:3096} INFO - Sync 1 DAGs
[2026-04-06T21:30:48.968+0000] {processor.py:183} INFO - Processing /opt/airflow/dags/isr_pipeline.py took 0.548 seconds
[2026-04-06T21:31:19.488+0000] {processor.py:161} INFO - Started process (PID=66955) to work on /opt/airflow/dags/isr_pipeline.py
[2026-04-06T21:31:19.495+0000] {processor.py:830} INFO - Processing file /opt/airflow/dags/isr_pipeline.py for tasks to queue
[2026-04-06T21:31:19.503+0000] {logging_mixin.py:188} INFO - [2026-04-06T21:31:19.501+0000] {dagbag.py:540} INFO - Filling up the DagBag from /opt/airflow/dags/isr_pipeline.py
[2026-04-06T21:31:19.593+0000] {processor.py:840} INFO - DAG(s) 'isr_pipeline' retrieved from /opt/airflow/dags/isr_pipeline.py
[2026-04-06T21:31:19.773+0000] {logging_mixin.py:188} INFO - [2026-04-06T21:31:19.772+0000] {dag.py:3096} INFO - Sync 1 DAGs
[2026-04-06T21:31:19.968+0000] {processor.py:183} INFO - Processing /opt/airflow/dags/isr_pipeline.py took 0.519 seconds
[2026-04-06T21:31:50.393+0000] {processor.py:161} INFO - Started process (PID=66960) to work on /opt/airflow/dags/isr_pipeline.py
[2026-04-06T21:31:50.399+0000] {processor.py:830} INFO - Processing file /opt/airflow/dags/isr_pipeline.py for tasks to queue
[2026-04-06T21:31:50.545+0000] {logging_mixin.py:188} INFO - [2026-04-06T21:31:50.410+0000] {dagbag.py:540} INFO - Filling up the DagBag from /opt/airflow/dags/isr_pipeline.py
[2026-04-06T21:31:50.690+0000] {processor.py:840} INFO - DAG(s) 'isr_pipeline' retrieved from /opt/airflow/dags/isr_pipeline.py
[2026-04-06T21:31:50.898+0000] {logging_mixin.py:188} INFO - [2026-04-06T21:31:50.897+0000] {dag.py:3096} INFO - Sync 1 DAGs
[2026-04-06T21:31:51.119+0000] {processor.py:183} INFO - Processing /opt/airflow/dags/isr_pipeline.py took 0.764 seconds
[2026-04-06T21:32:21.636+0000] {processor.py:161} INFO - Started process (PID=66965) to work on /opt/airflow/dags/isr_pipeline.py
[2026-04-06T21:32:21.644+0000] {processor.py:830} INFO - Processing file /opt/airflow/dags/isr_pipeline.py for tasks to queue
[2026-04-06T21:32:21.651+0000] {logging_mixin.py:188} INFO - [2026-04-06T21:32:21.649+0000] {dagbag.py:540} INFO - Filling up the DagBag from /opt/airflow/dags/isr_pipeline.py
[2026-04-06T21:32:21.742+0000] {processor.py:840} INFO - DAG(s) 'isr_pipeline' retrieved from /opt/airflow/dags/isr_pipeline.py
[2026-04-06T21:32:21.919+0000] {logging_mixin.py:188} INFO - [2026-04-06T21:32:21.918+0000] {dag.py:3096} INFO - Sync 1 DAGs
[2026-04-06T21:32:22.127+0000] {processor.py:183} INFO - Processing /opt/airflow/dags/isr_pipeline.py took 0.529 seconds
[2026-04-06T21:32:52.771+0000] {processor.py:161} INFO - Started process (PID=66970) to work on /opt/airflow/dags/isr_pipeline.py
[2026-04-06T21:32:52.778+0000] {processor.py:830} INFO - Processing file /opt/airflow/dags/isr_pipeline.py for tasks to queue
[2026-04-06T21:32:52.785+0000] {logging_mixin.py:188} INFO - [2026-04-06T21:32:52.783+0000] {dagbag.py:540} INFO - Filling up the DagBag from /opt/airflow/dags/isr_pipeline.py
[2026-04-06T21:32:52.879+0000] {processor.py:840} INFO - DAG(s) 'isr_pipeline' retrieved from /opt/airflow/dags/isr_pipeline.py
[2026-04-06T21:32:53.072+0000] {logging_mixin.py:188} INFO - [2026-04-06T21:32:53.071+0000] {dag.py:3096} INFO - Sync 1 DAGs
[2026-04-06T21:32:53.280+0000] {processor.py:183} INFO - Processing /opt/airflow/dags/isr_pipeline.py took 0.546 seconds
[2026-04-06T21:33:23.800+0000] {processor.py:161} INFO - Started process (PID=66975) to work on /opt/airflow/dags/isr_pipeline.py
[2026-04-06T21:33:23.811+0000] {processor.py:830} INFO - Processing file /opt/airflow/dags/isr_pipeline.py for tasks to queue
[2026-04-06T21:33:23.818+0000] {logging_mixin.py:188} INFO - [2026-04-06T21:33:23.816+0000] {dagbag.py:540} INFO - Filling up the DagBag from /opt/airflow/dags/isr_pipeline.py
[2026-04-06T21:33:23.909+0000] {processor.py:840} INFO - DAG(s) 'isr_pipeline' retrieved from /opt/airflow/dags/isr_pipeline.py
[2026-04-06T21:33:24.101+0000] {logging_mixin.py:188} INFO - [2026-04-06T21:33:24.100+0000] {dag.py:3096} INFO - Sync 1 DAGs
[2026-04-06T21:33:24.308+0000] {processor.py:183} INFO - Processing /opt/airflow/dags/isr_pipeline.py took 0.547 seconds
[2026-04-06T21:33:54.831+0000] {processor.py:161} INFO - Started process (PID=66980) to work on /opt/airflow/dags/isr_pipeline.py
[2026-04-06T21:33:54.838+0000] {processor.py:830} INFO - Processing file /opt/airflow/dags/isr_pipeline.py for tasks to queue
[2026-04-06T21:33:54.844+0000] {logging_mixin.py:188} INFO - [2026-04-06T21:33:54.843+0000] {dagbag.py:540} INFO - Filling up the DagBag from /opt/airflow/dags/isr_pipeline.py
[2026-04-06T21:33:54.933+0000] {processor.py:840} INFO - DAG(s) 'isr_pipeline' retrieved from /opt/airflow/dags/isr_pipeline.py
[2026-04-06T21:33:55.113+0000] {logging_mixin.py:188} INFO - [2026-04-06T21:33:55.112+0000] {dag.py:3096} INFO - Sync 1 DAGs
[2026-04-06T21:33:55.312+0000] {processor.py:183} INFO - Processing /opt/airflow/dags/isr_pipeline.py took 0.517 seconds
[2026-04-06T21:34:25.792+0000] {processor.py:161} INFO - Started process (PID=66985) to work on /opt/airflow/dags/isr_pipeline.py
[2026-04-06T21:34:25.799+0000] {processor.py:830} INFO - Processing file /opt/airflow/dags/isr_pipeline.py for tasks to queue
[2026-04-06T21:34:25.807+0000] {logging_mixin.py:188} INFO - [2026-04-06T21:34:25.805+0000] {dagbag.py:540} INFO - Filling up the DagBag from /opt/airflow/dags/isr_pipeline.py
[2026-04-06T21:34:25.896+0000] {processor.py:840} INFO - DAG(s) 'isr_pipeline' retrieved from /opt/airflow/dags/isr_pipeline.py
[2026-04-06T21:34:26.081+0000] {logging_mixin.py:188} INFO - [2026-04-06T21:34:26.080+0000] {dag.py:3096} INFO - Sync 1 DAGs
[2026-04-06T21:34:26.286+0000] {processor.py:183} INFO - Processing /opt/airflow/dags/isr_pipeline.py took 0.533 seconds
[2026-04-06T21:34:56.580+0000] {processor.py:161} INFO - Started process (PID=66990) to work on /opt/airflow/dags/isr_pipeline.py
[2026-04-06T21:34:56.587+0000] {processor.py:830} INFO - Processing file /opt/airflow/dags/isr_pipeline.py for tasks to queue
[2026-04-06T21:34:56.594+0000] {logging_mixin.py:188} INFO - [2026-04-06T21:34:56.592+0000] {dagbag.py:540} INFO - Filling up the DagBag from /opt/airflow/dags/isr_pipeline.py
[2026-04-06T21:34:56.689+0000] {processor.py:840} INFO - DAG(s) 'isr_pipeline' retrieved from /opt/airflow/dags/isr_pipeline.py
[2026-04-06T21:34:56.878+0000] {logging_mixin.py:188} INFO - [2026-04-06T21:34:56.876+0000] {dag.py:3096} INFO - Sync 1 DAGs
[2026-04-06T21:34:57.113+0000] {processor.py:183} INFO - Processing /opt/airflow/dags/isr_pipeline.py took 0.573 seconds
[2026-04-06T21:35:27.609+0000] {processor.py:161} INFO - Started process (PID=66995) to work on /opt/airflow/dags/isr_pipeline.py
[2026-04-06T21:35:27.624+0000] {processor.py:830} INFO - Processing file /opt/airflow/dags/isr_pipeline.py for tasks to queue
[2026-04-06T21:35:27.631+0000] {logging_mixin.py:188} INFO - [2026-04-06T21:35:27.629+0000] {dagbag.py:540} INFO - Filling up the DagBag from /opt/airflow/dags/isr_pipeline.py
[2026-04-06T21:35:27.720+0000] {processor.py:840} INFO - DAG(s) 'isr_pipeline' retrieved from /opt/airflow/dags/isr_pipeline.py
[2026-04-06T21:35:27.899+0000] {logging_mixin.py:188} INFO - [2026-04-06T21:35:27.897+0000] {dag.py:3096} INFO - Sync 1 DAGs
[2026-04-06T21:35:28.101+0000] {processor.py:183} INFO - Processing /opt/airflow/dags/isr_pipeline.py took 0.530 seconds
[2026-04-06T21:35:58.540+0000] {processor.py:161} INFO - Started process (PID=67000) to work on /opt/airflow/dags/isr_pipeline.py
[2026-04-06T21:35:58.549+0000] {processor.py:830} INFO - Processing file /opt/airflow/dags/isr_pipeline.py for tasks to queue
[2026-04-06T21:35:58.557+0000] {logging_mixin.py:188} INFO - [2026-04-06T21:35:58.555+0000] {dagbag.py:540} INFO - Filling up the DagBag from /opt/airflow/dags/isr_pipeline.py
[2026-04-06T21:35:58.646+0000] {processor.py:840} INFO - DAG(s) 'isr_pipeline' retrieved from /opt/airflow/dags/isr_pipeline.py
[2026-04-06T21:35:58.822+0000] {logging_mixin.py:188} INFO - [2026-04-06T21:35:58.821+0000] {dag.py:3096} INFO - Sync 1 DAGs
[2026-04-06T21:35:59.020+0000] {processor.py:183} INFO - Processing /opt/airflow/dags/isr_pipeline.py took 0.516 seconds
[2026-04-06T21:36:29.535+0000] {processor.py:161} INFO - Started process (PID=67005) to work on /opt/airflow/dags/isr_pipeline.py
[2026-04-06T21:36:29.542+0000] {processor.py:830} INFO - Processing file /opt/airflow/dags/isr_pipeline.py for tasks to queue
[2026-04-06T21:36:29.550+0000] {logging_mixin.py:188} INFO - [2026-04-06T21:36:29.548+0000] {dagbag.py:540} INFO - Filling up the DagBag from /opt/airflow/dags/isr_pipeline.py
[2026-04-06T21:36:29.646+0000] {processor.py:840} INFO - DAG(s) 'isr_pipeline' retrieved from /opt/airflow/dags/isr_pipeline.py
[2026-04-06T21:36:29.967+0000] {logging_mixin.py:188} INFO - [2026-04-06T21:36:29.966+0000] {dag.py:3096} INFO - Sync 1 DAGs
[2026-04-06T21:36:30.224+0000] {processor.py:183} INFO - Processing /opt/airflow/dags/isr_pipeline.py took 0.729 seconds
[2026-04-06T21:37:00.787+0000] {processor.py:161} INFO - Started process (PID=67010) to work on /opt/airflow/dags/isr_pipeline.py
[2026-04-06T21:37:00.794+0000] {processor.py:830} INFO - Processing file /opt/airflow/dags/isr_pipeline.py for tasks to queue
[2026-04-06T21:37:00.801+0000] {logging_mixin.py:188} INFO - [2026-04-06T21:37:00.799+0000] {dagbag.py:540} INFO - Filling up the DagBag from /opt/airflow/dags/isr_pipeline.py
[2026-04-06T21:37:00.891+0000] {processor.py:840} INFO - DAG(s) 'isr_pipeline' retrieved from /opt/airflow/dags/isr_pipeline.py
[2026-04-06T21:37:01.082+0000] {logging_mixin.py:188} INFO - [2026-04-06T21:37:01.081+0000] {dag.py:3096} INFO - Sync 1 DAGs
[2026-04-06T21:37:01.296+0000] {processor.py:183} INFO - Processing /opt/airflow/dags/isr_pipeline.py took 0.547 seconds
[2026-04-06T21:37:31.578+0000] {processor.py:161} INFO - Started process (PID=67015) to work on /opt/airflow/dags/isr_pipeline.py
[2026-04-06T21:37:31.586+0000] {processor.py:830} INFO - Processing file /opt/airflow/dags/isr_pipeline.py for tasks to queue
[2026-04-06T21:37:31.593+0000] {logging_mixin.py:188} INFO - [2026-04-06T21:37:31.591+0000] {dagbag.py:540} INFO - Filling up the DagBag from /opt/airflow/dags/isr_pipeline.py
[2026-04-06T21:37:31.686+0000] {processor.py:840} INFO - DAG(s) 'isr_pipeline' retrieved from /opt/airflow/dags/isr_pipeline.py
[2026-04-06T21:37:31.871+0000] {logging_mixin.py:188} INFO - [2026-04-06T21:37:31.870+0000] {dag.py:3096} INFO - Sync 1 DAGs
[2026-04-06T21:37:32.073+0000] {processor.py:183} INFO - Processing /opt/airflow/dags/isr_pipeline.py took 0.532 seconds
[2026-04-06T21:38:02.544+0000] {processor.py:161} INFO - Started process (PID=67020) to work on /opt/airflow/dags/isr_pipeline.py
[2026-04-06T21:38:02.551+0000] {processor.py:830} INFO - Processing file /opt/airflow/dags/isr_pipeline.py for tasks to queue
[2026-04-06T21:38:02.559+0000] {logging_mixin.py:188} INFO - [2026-04-06T21:38:02.557+0000] {dagbag.py:540} INFO - Filling up the DagBag from /opt/airflow/dags/isr_pipeline.py
[2026-04-06T21:38:02.650+0000] {processor.py:840} INFO - DAG(s) 'isr_pipeline' retrieved from /opt/airflow/dags/isr_pipeline.py
[2026-04-06T21:38:02.830+0000] {logging_mixin.py:188} INFO - [2026-04-06T21:38:02.829+0000] {dag.py:3096} INFO - Sync 1 DAGs
[2026-04-06T21:38:03.047+0000] {processor.py:183} INFO - Processing /opt/airflow/dags/isr_pipeline.py took 0.541 seconds
[2026-04-06T21:52:19.716+0000] {processor.py:161} INFO - Started process (PID=67027) to work on /opt/airflow/dags/isr_pipeline.py
[2026-04-06T21:52:19.717+0000] {processor.py:830} INFO - Processing file /opt/airflow/dags/isr_pipeline.py for tasks to queue
[2026-04-06T21:52:19.720+0000] {logging_mixin.py:188} INFO - [2026-04-06T21:52:19.719+0000] {dagbag.py:540} INFO - Filling up the DagBag from /opt/airflow/dags/isr_pipeline.py
[2026-04-06T21:52:19.749+0000] {processor.py:840} INFO - DAG(s) 'isr_pipeline' retrieved from /opt/airflow/dags/isr_pipeline.py
[2026-04-06T21:52:19.829+0000] {logging_mixin.py:188} INFO - [2026-04-06T21:52:19.828+0000] {dag.py:3096} INFO - Sync 1 DAGs
[2026-04-06T21:52:19.895+0000] {processor.py:183} INFO - Processing /opt/airflow/dags/isr_pipeline.py took 0.190 seconds
[2026-04-06T21:52:50.382+0000] {processor.py:161} INFO - Started process (PID=67032) to work on /opt/airflow/dags/isr_pipeline.py
[2026-04-06T21:52:50.384+0000] {processor.py:830} INFO - Processing file /opt/airflow/dags/isr_pipeline.py for tasks to queue
[2026-04-06T21:52:50.386+0000] {logging_mixin.py:188} INFO - [2026-04-06T21:52:50.385+0000] {dagbag.py:540} INFO - Filling up the DagBag from /opt/airflow/dags/isr_pipeline.py
[2026-04-06T21:52:50.415+0000] {processor.py:840} INFO - DAG(s) 'isr_pipeline' retrieved from /opt/airflow/dags/isr_pipeline.py
[2026-04-06T21:52:50.473+0000] {logging_mixin.py:188} INFO - [2026-04-06T21:52:50.473+0000] {dag.py:3096} INFO - Sync 1 DAGs
[2026-04-06T21:52:50.536+0000] {processor.py:183} INFO - Processing /opt/airflow/dags/isr_pipeline.py took 0.162 seconds
[2026-04-06T21:53:19.973+0000] {processor.py:161} INFO - Started process (PID=67040) to work on /opt/airflow/dags/isr_pipeline.py
[2026-04-06T21:53:19.976+0000] {processor.py:830} INFO - Processing file /opt/airflow/dags/isr_pipeline.py for tasks to queue
[2026-04-06T21:53:19.978+0000] {logging_mixin.py:188} INFO - [2026-04-06T21:53:19.977+0000] {dagbag.py:540} INFO - Filling up the DagBag from /opt/airflow/dags/isr_pipeline.py
[2026-04-06T21:53:19.999+0000] {processor.py:840} INFO - DAG(s) 'isr_pipeline' retrieved from /opt/airflow/dags/isr_pipeline.py
[2026-04-06T21:53:20.043+0000] {logging_mixin.py:188} INFO - [2026-04-06T21:53:20.043+0000] {dag.py:3096} INFO - Sync 1 DAGs
[2026-04-06T21:53:20.085+0000] {processor.py:183} INFO - Processing /opt/airflow/dags/isr_pipeline.py took 0.120 seconds
[2026-04-06T21:53:50.136+0000] {processor.py:161} INFO - Started process (PID=67045) to work on /opt/airflow/dags/isr_pipeline.py
[2026-04-06T21:53:50.138+0000] {processor.py:830} INFO - Processing file /opt/airflow/dags/isr_pipeline.py for tasks to queue
[2026-04-06T21:53:50.139+0000] {logging_mixin.py:188} INFO - [2026-04-06T21:53:50.139+0000] {dagbag.py:540} INFO - Filling up the DagBag from /opt/airflow/dags/isr_pipeline.py
[2026-04-06T21:53:50.158+0000] {processor.py:840} INFO - DAG(s) 'isr_pipeline' retrieved from /opt/airflow/dags/isr_pipeline.py
[2026-04-06T21:53:50.197+0000] {logging_mixin.py:188} INFO - [2026-04-06T21:53:50.197+0000] {dag.py:3096} INFO - Sync 1 DAGs
[2026-04-06T21:53:50.240+0000] {processor.py:183} INFO - Processing /opt/airflow/dags/isr_pipeline.py took 0.112 seconds
[2026-04-06T21:54:20.372+0000] {processor.py:161} INFO - Started process (PID=67050) to work on /opt/airflow/dags/isr_pipeline.py
[2026-04-06T21:54:20.374+0000] {processor.py:830} INFO - Processing file /opt/airflow/dags/isr_pipeline.py for tasks to queue
[2026-04-06T21:54:20.375+0000] {logging_mixin.py:188} INFO - [2026-04-06T21:54:20.374+0000] {dagbag.py:540} INFO - Filling up the DagBag from /opt/airflow/dags/isr_pipeline.py
[2026-04-06T21:54:20.396+0000] {processor.py:840} INFO - DAG(s) 'isr_pipeline' retrieved from /opt/airflow/dags/isr_pipeline.py
[2026-04-06T21:54:20.431+0000] {logging_mixin.py:188} INFO - [2026-04-06T21:54:20.431+0000] {dag.py:3096} INFO - Sync 1 DAGs
[2026-04-06T21:54:20.468+0000] {processor.py:183} INFO - Processing /opt/airflow/dags/isr_pipeline.py took 0.104 seconds
[2026-04-06T21:54:50.520+0000] {processor.py:161} INFO - Started process (PID=67055) to work on /opt/airflow/dags/isr_pipeline.py
[2026-04-06T21:54:50.521+0000] {processor.py:830} INFO - Processing file /opt/airflow/dags/isr_pipeline.py for tasks to queue
[2026-04-06T21:54:50.523+0000] {logging_mixin.py:188} INFO - [2026-04-06T21:54:50.523+0000] {dagbag.py:540} INFO - Filling up the DagBag from /opt/airflow/dags/isr_pipeline.py
[2026-04-06T21:54:50.541+0000] {processor.py:840} INFO - DAG(s) 'isr_pipeline' retrieved from /opt/airflow/dags/isr_pipeline.py
[2026-04-06T21:54:50.577+0000] {logging_mixin.py:188} INFO - [2026-04-06T21:54:50.577+0000] {dag.py:3096} INFO - Sync 1 DAGs
[2026-04-06T21:54:50.616+0000] {processor.py:183} INFO - Processing /opt/airflow/dags/isr_pipeline.py took 0.103 seconds
[2026-04-06T21:55:20.744+0000] {processor.py:161} INFO - Started process (PID=67060) to work on /opt/airflow/dags/isr_pipeline.py
[2026-04-06T21:55:20.746+0000] {processor.py:830} INFO - Processing file /opt/airflow/dags/isr_pipeline.py for tasks to queue
[2026-04-06T21:55:20.747+0000] {logging_mixin.py:188} INFO - [2026-04-06T21:55:20.747+0000] {dagbag.py:540} INFO - Filling up the DagBag from /opt/airflow/dags/isr_pipeline.py
[2026-04-06T21:55:20.767+0000] {processor.py:840} INFO - DAG(s) 'isr_pipeline' retrieved from /opt/airflow/dags/isr_pipeline.py
[2026-04-06T21:55:20.823+0000] {logging_mixin.py:188} INFO - [2026-04-06T21:55:20.822+0000] {dag.py:3096} INFO - Sync 1 DAGs
[2026-04-06T21:55:20.870+0000] {processor.py:183} INFO - Processing /opt/airflow/dags/isr_pipeline.py took 0.134 seconds
[2026-04-06T21:55:50.935+0000] {processor.py:161} INFO - Started process (PID=67065) to work on /opt/airflow/dags/isr_pipeline.py
[2026-04-06T21:55:50.937+0000] {processor.py:830} INFO - Processing file /opt/airflow/dags/isr_pipeline.py for tasks to queue
[2026-04-06T21:55:50.939+0000] {logging_mixin.py:188} INFO - [2026-04-06T21:55:50.938+0000] {dagbag.py:540} INFO - Filling up the DagBag from /opt/airflow/dags/isr_pipeline.py
[2026-04-06T21:55:50.959+0000] {processor.py:840} INFO - DAG(s) 'isr_pipeline' retrieved from /opt/airflow/dags/isr_pipeline.py
[2026-04-06T21:55:50.997+0000] {logging_mixin.py:188} INFO - [2026-04-06T21:55:50.997+0000] {dag.py:3096} INFO - Sync 1 DAGs
[2026-04-06T21:55:51.035+0000] {processor.py:183} INFO - Processing /opt/airflow/dags/isr_pipeline.py took 0.107 seconds
[2026-04-06T21:56:21.135+0000] {processor.py:161} INFO - Started process (PID=67070) to work on /opt/airflow/dags/isr_pipeline.py
[2026-04-06T21:56:21.137+0000] {processor.py:830} INFO - Processing file /opt/airflow/dags/isr_pipeline.py for tasks to queue
[2026-04-06T21:56:21.138+0000] {logging_mixin.py:188} INFO - [2026-04-06T21:56:21.138+0000] {dagbag.py:540} INFO - Filling up the DagBag from /opt/airflow/dags/isr_pipeline.py
[2026-04-06T21:56:21.157+0000] {processor.py:840} INFO - DAG(s) 'isr_pipeline' retrieved from /opt/airflow/dags/isr_pipeline.py
[2026-04-06T21:56:21.195+0000] {logging_mixin.py:188} INFO - [2026-04-06T21:56:21.194+0000] {dag.py:3096} INFO - Sync 1 DAGs
[2026-04-06T21:56:21.236+0000] {processor.py:183} INFO - Processing /opt/airflow/dags/isr_pipeline.py took 0.109 seconds
[2026-04-06T21:56:51.348+0000] {processor.py:161} INFO - Started process (PID=67075) to work on /opt/airflow/dags/isr_pipeline.py
[2026-04-06T21:56:51.349+0000] {processor.py:830} INFO - Processing file /opt/airflow/dags/isr_pipeline.py for tasks to queue
[2026-04-06T21:56:51.351+0000] {logging_mixin.py:188} INFO - [2026-04-06T21:56:51.350+0000] {dagbag.py:540} INFO - Filling up the DagBag from /opt/airflow/dags/isr_pipeline.py
[2026-04-06T21:56:51.369+0000] {processor.py:840} INFO - DAG(s) 'isr_pipeline' retrieved from /opt/airflow/dags/isr_pipeline.py
[2026-04-06T21:56:51.406+0000] {logging_mixin.py:188} INFO - [2026-04-06T21:56:51.406+0000] {dag.py:3096} INFO - Sync 1 DAGs
[2026-04-06T21:56:51.444+0000] {processor.py:183} INFO - Processing /opt/airflow/dags/isr_pipeline.py took 0.104 seconds
[2026-04-06T21:57:21.552+0000] {processor.py:161} INFO - Started process (PID=67080) to work on /opt/airflow/dags/isr_pipeline.py
[2026-04-06T21:57:21.554+0000] {processor.py:830} INFO - Processing file /opt/airflow/dags/isr_pipeline.py for tasks to queue
[2026-04-06T21:57:21.555+0000] {logging_mixin.py:188} INFO - [2026-04-06T21:57:21.555+0000] {dagbag.py:540} INFO - Filling up the DagBag from /opt/airflow/dags/isr_pipeline.py
[2026-04-06T21:57:21.574+0000] {processor.py:840} INFO - DAG(s) 'isr_pipeline' retrieved from /opt/airflow/dags/isr_pipeline.py
[2026-04-06T21:57:21.610+0000] {logging_mixin.py:188} INFO - [2026-04-06T21:57:21.610+0000] {dag.py:3096} INFO - Sync 1 DAGs
[2026-04-06T21:57:21.653+0000] {processor.py:183} INFO - Processing /opt/airflow/dags/isr_pipeline.py took 0.108 seconds
[2026-04-06T21:57:51.777+0000] {processor.py:161} INFO - Started process (PID=67085) to work on /opt/airflow/dags/isr_pipeline.py
[2026-04-06T21:57:51.778+0000] {processor.py:830} INFO - Processing file /opt/airflow/dags/isr_pipeline.py for tasks to queue
[2026-04-06T21:57:51.780+0000] {logging_mixin.py:188} INFO - [2026-04-06T21:57:51.780+0000] {dagbag.py:540} INFO - Filling up the DagBag from /opt/airflow/dags/isr_pipeline.py
[2026-04-06T21:57:51.802+0000] {processor.py:840} INFO - DAG(s) 'isr_pipeline' retrieved from /opt/airflow/dags/isr_pipeline.py
[2026-04-06T21:57:51.844+0000] {logging_mixin.py:188} INFO - [2026-04-06T21:57:51.844+0000] {dag.py:3096} INFO - Sync 1 DAGs
[2026-04-06T21:57:51.894+0000] {processor.py:183} INFO - Processing /opt/airflow/dags/isr_pipeline.py took 0.127 seconds
[2026-04-06T21:58:21.998+0000] {processor.py:161} INFO - Started process (PID=67090) to work on /opt/airflow/dags/isr_pipeline.py
[2026-04-06T21:58:22.000+0000] {processor.py:830} INFO - Processing file /opt/airflow/dags/isr_pipeline.py for tasks to queue
[2026-04-06T21:58:22.002+0000] {logging_mixin.py:188} INFO - [2026-04-06T21:58:22.001+0000] {dagbag.py:540} INFO - Filling up the DagBag from /opt/airflow/dags/isr_pipeline.py
[2026-04-06T21:58:22.020+0000] {processor.py:840} INFO - DAG(s) 'isr_pipeline' retrieved from /opt/airflow/dags/isr_pipeline.py
[2026-04-06T21:58:22.059+0000] {logging_mixin.py:188} INFO - [2026-04-06T21:58:22.058+0000] {dag.py:3096} INFO - Sync 1 DAGs
[2026-04-06T21:58:22.102+0000] {processor.py:183} INFO - Processing /opt/airflow/dags/isr_pipeline.py took 0.112 seconds
[2026-04-06T21:58:52.205+0000] {processor.py:161} INFO - Started process (PID=67095) to work on /opt/airflow/dags/isr_pipeline.py
[2026-04-06T21:58:52.207+0000] {processor.py:830} INFO - Processing file /opt/airflow/dags/isr_pipeline.py for tasks to queue
[2026-04-06T21:58:52.208+0000] {logging_mixin.py:188} INFO - [2026-04-06T21:58:52.208+0000] {dagbag.py:540} INFO - Filling up the DagBag from /opt/airflow/dags/isr_pipeline.py
[2026-04-06T21:58:52.227+0000] {processor.py:840} INFO - DAG(s) 'isr_pipeline' retrieved from /opt/airflow/dags/isr_pipeline.py
[2026-04-06T21:58:52.265+0000] {logging_mixin.py:188} INFO - [2026-04-06T21:58:52.264+0000] {dag.py:3096} INFO - Sync 1 DAGs
[2026-04-06T21:58:52.317+0000] {processor.py:183} INFO - Processing /opt/airflow/dags/isr_pipeline.py took 0.120 seconds
[2026-04-06T21:59:22.469+0000] {processor.py:161} INFO - Started process (PID=67100) to work on /opt/airflow/dags/isr_pipeline.py
[2026-04-06T21:59:22.471+0000] {processor.py:830} INFO - Processing file /opt/airflow/dags/isr_pipeline.py for tasks to queue
[2026-04-06T21:59:22.473+0000] {logging_mixin.py:188} INFO - [2026-04-06T21:59:22.472+0000] {dagbag.py:540} INFO - Filling up the DagBag from /opt/airflow/dags/isr_pipeline.py
[2026-04-06T21:59:22.491+0000] {processor.py:840} INFO - DAG(s) 'isr_pipeline' retrieved from /opt/airflow/dags/isr_pipeline.py
[2026-04-06T21:59:22.531+0000] {logging_mixin.py:188} INFO - [2026-04-06T21:59:22.531+0000] {dag.py:3096} INFO - Sync 1 DAGs
[2026-04-06T21:59:22.575+0000] {processor.py:183} INFO - Processing /opt/airflow/dags/isr_pipeline.py took 0.115 seconds
[2026-04-06T21:59:52.732+0000] {processor.py:161} INFO - Started process (PID=67105) to work on /opt/airflow/dags/isr_pipeline.py
[2026-04-06T21:59:52.734+0000] {processor.py:830} INFO - Processing file /opt/airflow/dags/isr_pipeline.py for tasks to queue
[2026-04-06T21:59:52.736+0000] {logging_mixin.py:188} INFO - [2026-04-06T21:59:52.736+0000] {dagbag.py:540} INFO - Filling up the DagBag from /opt/airflow/dags/isr_pipeline.py
[2026-04-06T21:59:52.755+0000] {processor.py:840} INFO - DAG(s) 'isr_pipeline' retrieved from /opt/airflow/dags/isr_pipeline.py
[2026-04-06T21:59:52.795+0000] {logging_mixin.py:188} INFO - [2026-04-06T21:59:52.795+0000] {dag.py:3096} INFO - Sync 1 DAGs
[2026-04-06T21:59:52.839+0000] {processor.py:183} INFO - Processing /opt/airflow/dags/isr_pipeline.py took 0.116 seconds
[2026-04-06T22:00:22.995+0000] {processor.py:161} INFO - Started process (PID=67110) to work on /opt/airflow/dags/isr_pipeline.py
[2026-04-06T22:00:22.997+0000] {processor.py:830} INFO - Processing file /opt/airflow/dags/isr_pipeline.py for tasks to queue
[2026-04-06T22:00:22.999+0000] {logging_mixin.py:188} INFO - [2026-04-06T22:00:22.998+0000] {dagbag.py:540} INFO - Filling up the DagBag from /opt/airflow/dags/isr_pipeline.py
[2026-04-06T22:00:23.020+0000] {processor.py:840} INFO - DAG(s) 'isr_pipeline' retrieved from /opt/airflow/dags/isr_pipeline.py
[2026-04-06T22:00:23.064+0000] {logging_mixin.py:188} INFO - [2026-04-06T22:00:23.064+0000] {dag.py:3096} INFO - Sync 1 DAGs
[2026-04-06T22:00:23.207+0000] {processor.py:183} INFO - Processing /opt/airflow/dags/isr_pipeline.py took 0.221 seconds
[2026-04-06T22:00:53.424+0000] {processor.py:161} INFO - Started process (PID=67115) to work on /opt/airflow/dags/isr_pipeline.py
[2026-04-06T22:00:53.426+0000] {processor.py:830} INFO - Processing file /opt/airflow/dags/isr_pipeline.py for tasks to queue
[2026-04-06T22:00:53.428+0000] {logging_mixin.py:188} INFO - [2026-04-06T22:00:53.428+0000] {dagbag.py:540} INFO - Filling up the DagBag from /opt/airflow/dags/isr_pipeline.py
[2026-04-06T22:00:53.447+0000] {processor.py:840} INFO - DAG(s) 'isr_pipeline' retrieved from /opt/airflow/dags/isr_pipeline.py
[2026-04-06T22:00:53.485+0000] {logging_mixin.py:188} INFO - [2026-04-06T22:00:53.485+0000] {dag.py:3096} INFO - Sync 1 DAGs
[2026-04-06T22:00:53.530+0000] {processor.py:183} INFO - Processing /opt/airflow/dags/isr_pipeline.py took 0.114 seconds
[2026-04-06T22:01:23.575+0000] {processor.py:161} INFO - Started process (PID=67120) to work on /opt/airflow/dags/isr_pipeline.py
[2026-04-06T22:01:23.576+0000] {processor.py:830} INFO - Processing file /opt/airflow/dags/isr_pipeline.py for tasks to queue
[2026-04-06T22:01:23.578+0000] {logging_mixin.py:188} INFO - [2026-04-06T22:01:23.577+0000] {dagbag.py:540} INFO - Filling up the DagBag from /opt/airflow/dags/isr_pipeline.py
[2026-04-06T22:01:23.596+0000] {processor.py:840} INFO - DAG(s) 'isr_pipeline' retrieved from /opt/airflow/dags/isr_pipeline.py
[2026-04-06T22:01:23.633+0000] {logging_mixin.py:188} INFO - [2026-04-06T22:01:23.633+0000] {dag.py:3096} INFO - Sync 1 DAGs
[2026-04-06T22:01:23.676+0000] {processor.py:183} INFO - Processing /opt/airflow/dags/isr_pipeline.py took 0.109 seconds
[2026-04-06T22:01:53.865+0000] {processor.py:161} INFO - Started process (PID=67125) to work on /opt/airflow/dags/isr_pipeline.py
[2026-04-06T22:01:53.868+0000] {processor.py:830} INFO - Processing file /opt/airflow/dags/isr_pipeline.py for tasks to queue
[2026-04-06T22:01:53.872+0000] {logging_mixin.py:188} INFO - [2026-04-06T22:01:53.871+0000] {dagbag.py:540} INFO - Filling up the DagBag from /opt/airflow/dags/isr_pipeline.py
[2026-04-06T22:01:53.900+0000] {processor.py:840} INFO - DAG(s) 'isr_pipeline' retrieved from /opt/airflow/dags/isr_pipeline.py
[2026-04-06T22:01:53.956+0000] {logging_mixin.py:188} INFO - [2026-04-06T22:01:53.955+0000] {dag.py:3096} INFO - Sync 1 DAGs
[2026-04-06T22:01:54.037+0000] {processor.py:183} INFO - Processing /opt/airflow/dags/isr_pipeline.py took 0.189 seconds
[2026-04-06T22:02:24.182+0000] {processor.py:161} INFO - Started process (PID=67130) to work on /opt/airflow/dags/isr_pipeline.py
[2026-04-06T22:02:24.184+0000] {processor.py:830} INFO - Processing file /opt/airflow/dags/isr_pipeline.py for tasks to queue
[2026-04-06T22:02:24.186+0000] {logging_mixin.py:188} INFO - [2026-04-06T22:02:24.185+0000] {dagbag.py:540} INFO - Filling up the DagBag from /opt/airflow/dags/isr_pipeline.py
[2026-04-06T22:02:24.206+0000] {processor.py:840} INFO - DAG(s) 'isr_pipeline' retrieved from /opt/airflow/dags/isr_pipeline.py
[2026-04-06T22:02:24.249+0000] {logging_mixin.py:188} INFO - [2026-04-06T22:02:24.249+0000] {dag.py:3096} INFO - Sync 1 DAGs
[2026-04-06T22:02:24.292+0000] {processor.py:183} INFO - Processing /opt/airflow/dags/isr_pipeline.py took 0.119 seconds
[2026-04-06T22:02:54.347+0000] {processor.py:161} INFO - Started process (PID=67135) to work on /opt/airflow/dags/isr_pipeline.py
[2026-04-06T22:02:54.349+0000] {processor.py:830} INFO - Processing file /opt/airflow/dags/isr_pipeline.py for tasks to queue
[2026-04-06T22:02:54.350+0000] {logging_mixin.py:188} INFO - [2026-04-06T22:02:54.350+0000] {dagbag.py:540} INFO - Filling up the DagBag from /opt/airflow/dags/isr_pipeline.py
[2026-04-06T22:02:54.375+0000] {processor.py:840} INFO - DAG(s) 'isr_pipeline' retrieved from /opt/airflow/dags/isr_pipeline.py
[2026-04-06T22:02:54.419+0000] {logging_mixin.py:188} INFO - [2026-04-06T22:02:54.419+0000] {dag.py:3096} INFO - Sync 1 DAGs
[2026-04-06T22:02:54.476+0000] {processor.py:183} INFO - Processing /opt/airflow/dags/isr_pipeline.py took 0.137 seconds
[2026-04-06T22:03:24.593+0000] {processor.py:161} INFO - Started process (PID=67140) to work on /opt/airflow/dags/isr_pipeline.py
[2026-04-06T22:03:24.595+0000] {processor.py:830} INFO - Processing file /opt/airflow/dags/isr_pipeline.py for tasks to queue
[2026-04-06T22:03:24.596+0000] {logging_mixin.py:188} INFO - [2026-04-06T22:03:24.596+0000] {dagbag.py:540} INFO - Filling up the DagBag from /opt/airflow/dags/isr_pipeline.py
[2026-04-06T22:03:24.617+0000] {processor.py:840} INFO - DAG(s) 'isr_pipeline' retrieved from /opt/airflow/dags/isr_pipeline.py
[2026-04-06T22:03:24.657+0000] {logging_mixin.py:188} INFO - [2026-04-06T22:03:24.657+0000] {dag.py:3096} INFO - Sync 1 DAGs
[2026-04-06T22:03:24.713+0000] {processor.py:183} INFO - Processing /opt/airflow/dags/isr_pipeline.py took 0.127 seconds
[2026-04-06T22:03:54.786+0000] {processor.py:161} INFO - Started process (PID=67145) to work on /opt/airflow/dags/isr_pipeline.py
[2026-04-06T22:03:54.788+0000] {processor.py:830} INFO - Processing file /opt/airflow/dags/isr_pipeline.py for tasks to queue
[2026-04-06T22:03:54.790+0000] {logging_mixin.py:188} INFO - [2026-04-06T22:03:54.789+0000] {dagbag.py:540} INFO - Filling up the DagBag from /opt/airflow/dags/isr_pipeline.py
[2026-04-06T22:03:54.813+0000] {processor.py:840} INFO - DAG(s) 'isr_pipeline' retrieved from /opt/airflow/dags/isr_pipeline.py
[2026-04-06T22:03:54.861+0000] {logging_mixin.py:188} INFO - [2026-04-06T22:03:54.861+0000] {dag.py:3096} INFO - Sync 1 DAGs
[2026-04-06T22:03:54.920+0000] {processor.py:183} INFO - Processing /opt/airflow/dags/isr_pipeline.py took 0.142 seconds
[2026-04-06T22:04:25.026+0000] {processor.py:161} INFO - Started process (PID=67150) to work on /opt/airflow/dags/isr_pipeline.py
[2026-04-06T22:04:25.028+0000] {processor.py:830} INFO - Processing file /opt/airflow/dags/isr_pipeline.py for tasks to queue
[2026-04-06T22:04:25.029+0000] {logging_mixin.py:188} INFO - [2026-04-06T22:04:25.029+0000] {dagbag.py:540} INFO - Filling up the DagBag from /opt/airflow/dags/isr_pipeline.py
[2026-04-06T22:04:25.056+0000] {processor.py:840} INFO - DAG(s) 'isr_pipeline' retrieved from /opt/airflow/dags/isr_pipeline.py
[2026-04-06T22:04:25.106+0000] {logging_mixin.py:188} INFO - [2026-04-06T22:04:25.106+0000] {dag.py:3096} INFO - Sync 1 DAGs
[2026-04-06T22:04:25.156+0000] {processor.py:183} INFO - Processing /opt/airflow/dags/isr_pipeline.py took 0.140 seconds
[2026-04-06T22:04:55.199+0000] {processor.py:161} INFO - Started process (PID=67155) to work on /opt/airflow/dags/isr_pipeline.py
[2026-04-06T22:04:55.201+0000] {processor.py:830} INFO - Processing file /opt/airflow/dags/isr_pipeline.py for tasks to queue
[2026-04-06T22:04:55.203+0000] {logging_mixin.py:188} INFO - [2026-04-06T22:04:55.202+0000] {dagbag.py:540} INFO - Filling up the DagBag from /opt/airflow/dags/isr_pipeline.py
[2026-04-06T22:04:55.223+0000] {processor.py:840} INFO - DAG(s) 'isr_pipeline' retrieved from /opt/airflow/dags/isr_pipeline.py
[2026-04-06T22:04:55.263+0000] {logging_mixin.py:188} INFO - [2026-04-06T22:04:55.263+0000] {dag.py:3096} INFO - Sync 1 DAGs
[2026-04-06T22:04:55.315+0000] {processor.py:183} INFO - Processing /opt/airflow/dags/isr_pipeline.py took 0.124 seconds
[2026-04-06T22:05:25.443+0000] {processor.py:161} INFO - Started process (PID=67160) to work on /opt/airflow/dags/isr_pipeline.py
[2026-04-06T22:05:25.444+0000] {processor.py:830} INFO - Processing file /opt/airflow/dags/isr_pipeline.py for tasks to queue
[2026-04-06T22:05:25.446+0000] {logging_mixin.py:188} INFO - [2026-04-06T22:05:25.445+0000] {dagbag.py:540} INFO - Filling up the DagBag from /opt/airflow/dags/isr_pipeline.py
[2026-04-06T22:05:25.464+0000] {processor.py:840} INFO - DAG(s) 'isr_pipeline' retrieved from /opt/airflow/dags/isr_pipeline.py
[2026-04-06T22:05:25.502+0000] {logging_mixin.py:188} INFO - [2026-04-06T22:05:25.501+0000] {dag.py:3096} INFO - Sync 1 DAGs
[2026-04-06T22:05:25.550+0000] {processor.py:183} INFO - Processing /opt/airflow/dags/isr_pipeline.py took 0.115 seconds
[2026-04-06T22:05:55.672+0000] {processor.py:161} INFO - Started process (PID=67165) to work on /opt/airflow/dags/isr_pipeline.py
[2026-04-06T22:05:55.674+0000] {processor.py:830} INFO - Processing file /opt/airflow/dags/isr_pipeline.py for tasks to queue
[2026-04-06T22:05:55.675+0000] {logging_mixin.py:188} INFO - [2026-04-06T22:05:55.675+0000] {dagbag.py:540} INFO - Filling up the DagBag from /opt/airflow/dags/isr_pipeline.py
[2026-04-06T22:05:55.695+0000] {processor.py:840} INFO - DAG(s) 'isr_pipeline' retrieved from /opt/airflow/dags/isr_pipeline.py
[2026-04-06T22:05:55.737+0000] {logging_mixin.py:188} INFO - [2026-04-06T22:05:55.736+0000] {dag.py:3096} INFO - Sync 1 DAGs
[2026-04-06T22:05:55.781+0000] {processor.py:183} INFO - Processing /opt/airflow/dags/isr_pipeline.py took 0.117 seconds
[2026-04-06T22:06:25.901+0000] {processor.py:161} INFO - Started process (PID=67170) to work on /opt/airflow/dags/isr_pipeline.py
[2026-04-06T22:06:25.903+0000] {processor.py:830} INFO - Processing file /opt/airflow/dags/isr_pipeline.py for tasks to queue
[2026-04-06T22:06:25.905+0000] {logging_mixin.py:188} INFO - [2026-04-06T22:06:25.904+0000] {dagbag.py:540} INFO - Filling up the DagBag from /opt/airflow/dags/isr_pipeline.py
[2026-04-06T22:06:25.927+0000] {processor.py:840} INFO - DAG(s) 'isr_pipeline' retrieved from /opt/airflow/dags/isr_pipeline.py
[2026-04-06T22:06:25.971+0000] {logging_mixin.py:188} INFO - [2026-04-06T22:06:25.971+0000] {dag.py:3096} INFO - Sync 1 DAGs
[2026-04-06T22:06:26.020+0000] {processor.py:183} INFO - Processing /opt/airflow/dags/isr_pipeline.py took 0.127 seconds
[2026-04-06T22:06:56.087+0000] {processor.py:161} INFO - Started process (PID=67175) to work on /opt/airflow/dags/isr_pipeline.py
[2026-04-06T22:06:56.089+0000] {processor.py:830} INFO - Processing file /opt/airflow/dags/isr_pipeline.py for tasks to queue
[2026-04-06T22:06:56.091+0000] {logging_mixin.py:188} INFO - [2026-04-06T22:06:56.090+0000] {dagbag.py:540} INFO - Filling up the DagBag from /opt/airflow/dags/isr_pipeline.py
[2026-04-06T22:06:56.111+0000] {processor.py:840} INFO - DAG(s) 'isr_pipeline' retrieved from /opt/airflow/dags/isr_pipeline.py
[2026-04-06T22:06:56.151+0000] {logging_mixin.py:188} INFO - [2026-04-06T22:06:56.150+0000] {dag.py:3096} INFO - Sync 1 DAGs
[2026-04-06T22:06:56.192+0000] {processor.py:183} INFO - Processing /opt/airflow/dags/isr_pipeline.py took 0.115 seconds
[2026-04-06T22:07:26.370+0000] {processor.py:161} INFO - Started process (PID=67180) to work on /opt/airflow/dags/isr_pipeline.py
[2026-04-06T22:07:26.372+0000] {processor.py:830} INFO - Processing file /opt/airflow/dags/isr_pipeline.py for tasks to queue
[2026-04-06T22:07:26.374+0000] {logging_mixin.py:188} INFO - [2026-04-06T22:07:26.373+0000] {dagbag.py:540} INFO - Filling up the DagBag from /opt/airflow/dags/isr_pipeline.py
[2026-04-06T22:07:26.392+0000] {processor.py:840} INFO - DAG(s) 'isr_pipeline' retrieved from /opt/airflow/dags/isr_pipeline.py
[2026-04-06T22:07:26.430+0000] {logging_mixin.py:188} INFO - [2026-04-06T22:07:26.430+0000] {dag.py:3096} INFO - Sync 1 DAGs
[2026-04-06T22:07:26.471+0000] {processor.py:183} INFO - Processing /opt/airflow/dags/isr_pipeline.py took 0.108 seconds
[2026-04-06T22:07:56.524+0000] {processor.py:161} INFO - Started process (PID=67185) to work on /opt/airflow/dags/isr_pipeline.py
[2026-04-06T22:07:56.526+0000] {processor.py:830} INFO - Processing file /opt/airflow/dags/isr_pipeline.py for tasks to queue
[2026-04-06T22:07:56.527+0000] {logging_mixin.py:188} INFO - [2026-04-06T22:07:56.527+0000] {dagbag.py:540} INFO - Filling up the DagBag from /opt/airflow/dags/isr_pipeline.py
[2026-04-06T22:07:56.544+0000] {processor.py:840} INFO - DAG(s) 'isr_pipeline' retrieved from /opt/airflow/dags/isr_pipeline.py
[2026-04-06T22:07:56.588+0000] {logging_mixin.py:188} INFO - [2026-04-06T22:07:56.588+0000] {dag.py:3096} INFO - Sync 1 DAGs
[2026-04-06T22:07:56.624+0000] {processor.py:183} INFO - Processing /opt/airflow/dags/isr_pipeline.py took 0.107 seconds
[2026-04-06T22:08:26.765+0000] {processor.py:161} INFO - Started process (PID=67190) to work on /opt/airflow/dags/isr_pipeline.py
[2026-04-06T22:08:26.767+0000] {processor.py:830} INFO - Processing file /opt/airflow/dags/isr_pipeline.py for tasks to queue
[2026-04-06T22:08:26.768+0000] {logging_mixin.py:188} INFO - [2026-04-06T22:08:26.768+0000] {dagbag.py:540} INFO - Filling up the DagBag from /opt/airflow/dags/isr_pipeline.py
[2026-04-06T22:08:26.790+0000] {processor.py:840} INFO - DAG(s) 'isr_pipeline' retrieved from /opt/airflow/dags/isr_pipeline.py
[2026-04-06T22:08:26.827+0000] {logging_mixin.py:188} INFO - [2026-04-06T22:08:26.826+0000] {dag.py:3096} INFO - Sync 1 DAGs
[2026-04-06T22:08:26.868+0000] {processor.py:183} INFO - Processing /opt/airflow/dags/isr_pipeline.py took 0.111 seconds
[2026-04-06T22:08:56.909+0000] {processor.py:161} INFO - Started process (PID=67195) to work on /opt/airflow/dags/isr_pipeline.py
[2026-04-06T22:08:56.911+0000] {processor.py:830} INFO - Processing file /opt/airflow/dags/isr_pipeline.py for tasks to queue
[2026-04-06T22:08:56.918+0000] {logging_mixin.py:188} INFO - [2026-04-06T22:08:56.917+0000] {dagbag.py:540} INFO - Filling up the DagBag from /opt/airflow/dags/isr_pipeline.py
[2026-04-06T22:08:56.937+0000] {processor.py:840} INFO - DAG(s) 'isr_pipeline' retrieved from /opt/airflow/dags/isr_pipeline.py
[2026-04-06T22:08:56.982+0000] {logging_mixin.py:188} INFO - [2026-04-06T22:08:56.982+0000] {dag.py:3096} INFO - Sync 1 DAGs
[2026-04-06T22:08:57.022+0000] {processor.py:183} INFO - Processing /opt/airflow/dags/isr_pipeline.py took 0.121 seconds
[2026-04-06T22:09:27.154+0000] {processor.py:161} INFO - Started process (PID=67200) to work on /opt/airflow/dags/isr_pipeline.py
[2026-04-06T22:09:27.155+0000] {processor.py:830} INFO - Processing file /opt/airflow/dags/isr_pipeline.py for tasks to queue
[2026-04-06T22:09:27.156+0000] {logging_mixin.py:188} INFO - [2026-04-06T22:09:27.156+0000] {dagbag.py:540} INFO - Filling up the DagBag from /opt/airflow/dags/isr_pipeline.py
[2026-04-06T22:09:27.176+0000] {processor.py:840} INFO - DAG(s) 'isr_pipeline' retrieved from /opt/airflow/dags/isr_pipeline.py
[2026-04-06T22:09:27.216+0000] {logging_mixin.py:188} INFO - [2026-04-06T22:09:27.215+0000] {dag.py:3096} INFO - Sync 1 DAGs
[2026-04-06T22:09:27.257+0000] {processor.py:183} INFO - Processing /opt/airflow/dags/isr_pipeline.py took 0.111 seconds
[2026-04-06T22:09:57.316+0000] {processor.py:161} INFO - Started process (PID=67205) to work on /opt/airflow/dags/isr_pipeline.py
[2026-04-06T22:09:57.317+0000] {processor.py:830} INFO - Processing file /opt/airflow/dags/isr_pipeline.py for tasks to queue
[2026-04-06T22:09:57.319+0000] {logging_mixin.py:188} INFO - [2026-04-06T22:09:57.319+0000] {dagbag.py:540} INFO - Filling up the DagBag from /opt/airflow/dags/isr_pipeline.py
[2026-04-06T22:09:57.341+0000] {processor.py:840} INFO - DAG(s) 'isr_pipeline' retrieved from /opt/airflow/dags/isr_pipeline.py
[2026-04-06T22:09:57.379+0000] {logging_mixin.py:188} INFO - [2026-04-06T22:09:57.378+0000] {dag.py:3096} INFO - Sync 1 DAGs
[2026-04-06T22:09:57.422+0000] {processor.py:183} INFO - Processing /opt/airflow/dags/isr_pipeline.py took 0.115 seconds
[2026-04-06T22:10:27.574+0000] {processor.py:161} INFO - Started process (PID=67210) to work on /opt/airflow/dags/isr_pipeline.py
[2026-04-06T22:10:27.575+0000] {processor.py:830} INFO - Processing file /opt/airflow/dags/isr_pipeline.py for tasks to queue
[2026-04-06T22:10:27.577+0000] {logging_mixin.py:188} INFO - [2026-04-06T22:10:27.576+0000] {dagbag.py:540} INFO - Filling up the DagBag from /opt/airflow/dags/isr_pipeline.py
[2026-04-06T22:10:27.594+0000] {processor.py:840} INFO - DAG(s) 'isr_pipeline' retrieved from /opt/airflow/dags/isr_pipeline.py
[2026-04-06T22:10:27.633+0000] {logging_mixin.py:188} INFO - [2026-04-06T22:10:27.632+0000] {dag.py:3096} INFO - Sync 1 DAGs
[2026-04-06T22:10:27.677+0000] {processor.py:183} INFO - Processing /opt/airflow/dags/isr_pipeline.py took 0.112 seconds
[2026-04-06T22:10:57.763+0000] {processor.py:161} INFO - Started process (PID=67215) to work on /opt/airflow/dags/isr_pipeline.py
[2026-04-06T22:10:57.764+0000] {processor.py:830} INFO - Processing file /opt/airflow/dags/isr_pipeline.py for tasks to queue
[2026-04-06T22:10:57.766+0000] {logging_mixin.py:188} INFO - [2026-04-06T22:10:57.765+0000] {dagbag.py:540} INFO - Filling up the DagBag from /opt/airflow/dags/isr_pipeline.py
[2026-04-06T22:10:57.786+0000] {processor.py:840} INFO - DAG(s) 'isr_pipeline' retrieved from /opt/airflow/dags/isr_pipeline.py
[2026-04-06T22:10:57.837+0000] {logging_mixin.py:188} INFO - [2026-04-06T22:10:57.837+0000] {dag.py:3096} INFO - Sync 1 DAGs
[2026-04-06T22:10:57.881+0000] {processor.py:183} INFO - Processing /opt/airflow/dags/isr_pipeline.py took 0.128 seconds
[2026-04-06T22:11:28.069+0000] {processor.py:161} INFO - Started process (PID=67220) to work on /opt/airflow/dags/isr_pipeline.py
[2026-04-06T22:11:28.071+0000] {processor.py:830} INFO - Processing file /opt/airflow/dags/isr_pipeline.py for tasks to queue
[2026-04-06T22:11:28.072+0000] {logging_mixin.py:188} INFO - [2026-04-06T22:11:28.072+0000] {dagbag.py:540} INFO - Filling up the DagBag from /opt/airflow/dags/isr_pipeline.py
[2026-04-06T22:11:28.090+0000] {processor.py:840} INFO - DAG(s) 'isr_pipeline' retrieved from /opt/airflow/dags/isr_pipeline.py
[2026-04-06T22:11:28.127+0000] {logging_mixin.py:188} INFO - [2026-04-06T22:11:28.127+0000] {dag.py:3096} INFO - Sync 1 DAGs
[2026-04-06T22:11:28.169+0000] {processor.py:183} INFO - Processing /opt/airflow/dags/isr_pipeline.py took 0.107 seconds
[2026-04-06T22:11:58.249+0000] {processor.py:161} INFO - Started process (PID=67225) to work on /opt/airflow/dags/isr_pipeline.py
[2026-04-06T22:11:58.251+0000] {processor.py:830} INFO - Processing file /opt/airflow/dags/isr_pipeline.py for tasks to queue
[2026-04-06T22:11:58.252+0000] {logging_mixin.py:188} INFO - [2026-04-06T22:11:58.252+0000] {dagbag.py:540} INFO - Filling up the DagBag from /opt/airflow/dags/isr_pipeline.py
[2026-04-06T22:11:58.271+0000] {processor.py:840} INFO - DAG(s) 'isr_pipeline' retrieved from /opt/airflow/dags/isr_pipeline.py
[2026-04-06T22:11:58.315+0000] {logging_mixin.py:188} INFO - [2026-04-06T22:11:58.314+0000] {dag.py:3096} INFO - Sync 1 DAGs
[2026-04-06T22:11:58.359+0000] {processor.py:183} INFO - Processing /opt/airflow/dags/isr_pipeline.py took 0.120 seconds
[2026-04-06T22:12:28.532+0000] {processor.py:161} INFO - Started process (PID=67230) to work on /opt/airflow/dags/isr_pipeline.py
[2026-04-06T22:12:28.533+0000] {processor.py:830} INFO - Processing file /opt/airflow/dags/isr_pipeline.py for tasks to queue
[2026-04-06T22:12:28.534+0000] {logging_mixin.py:188} INFO - [2026-04-06T22:12:28.534+0000] {dagbag.py:540} INFO - Filling up the DagBag from /opt/airflow/dags/isr_pipeline.py
[2026-04-06T22:12:28.552+0000] {processor.py:840} INFO - DAG(s) 'isr_pipeline' retrieved from /opt/airflow/dags/isr_pipeline.py
[2026-04-06T22:12:28.588+0000] {logging_mixin.py:188} INFO - [2026-04-06T22:12:28.587+0000] {dag.py:3096} INFO - Sync 1 DAGs
[2026-04-06T22:12:28.629+0000] {processor.py:183} INFO - Processing /opt/airflow/dags/isr_pipeline.py took 0.107 seconds
[2026-04-06T22:12:58.718+0000] {processor.py:161} INFO - Started process (PID=67235) to work on /opt/airflow/dags/isr_pipeline.py
[2026-04-06T22:12:58.720+0000] {processor.py:830} INFO - Processing file /opt/airflow/dags/isr_pipeline.py for tasks to queue
[2026-04-06T22:12:58.722+0000] {logging_mixin.py:188} INFO - [2026-04-06T22:12:58.722+0000] {dagbag.py:540} INFO - Filling up the DagBag from /opt/airflow/dags/isr_pipeline.py
[2026-04-06T22:12:58.743+0000] {processor.py:840} INFO - DAG(s) 'isr_pipeline' retrieved from /opt/airflow/dags/isr_pipeline.py
[2026-04-06T22:12:58.782+0000] {logging_mixin.py:188} INFO - [2026-04-06T22:12:58.781+0000] {dag.py:3096} INFO - Sync 1 DAGs
[2026-04-06T22:12:58.824+0000] {processor.py:183} INFO - Processing /opt/airflow/dags/isr_pipeline.py took 0.113 seconds
[2026-04-06T22:13:28.924+0000] {processor.py:161} INFO - Started process (PID=67240) to work on /opt/airflow/dags/isr_pipeline.py
[2026-04-06T22:13:28.925+0000] {processor.py:830} INFO - Processing file /opt/airflow/dags/isr_pipeline.py for tasks to queue
[2026-04-06T22:13:28.927+0000] {logging_mixin.py:188} INFO - [2026-04-06T22:13:28.926+0000] {dagbag.py:540} INFO - Filling up the DagBag from /opt/airflow/dags/isr_pipeline.py
[2026-04-06T22:13:28.947+0000] {processor.py:840} INFO - DAG(s) 'isr_pipeline' retrieved from /opt/airflow/dags/isr_pipeline.py
[2026-04-06T22:13:28.986+0000] {logging_mixin.py:188} INFO - [2026-04-06T22:13:28.986+0000] {dag.py:3096} INFO - Sync 1 DAGs
[2026-04-06T22:13:29.032+0000] {processor.py:183} INFO - Processing /opt/airflow/dags/isr_pipeline.py took 0.116 seconds
[2026-04-06T22:13:59.096+0000] {processor.py:161} INFO - Started process (PID=67245) to work on /opt/airflow/dags/isr_pipeline.py
[2026-04-06T22:13:59.097+0000] {processor.py:830} INFO - Processing file /opt/airflow/dags/isr_pipeline.py for tasks to queue
[2026-04-06T22:13:59.099+0000] {logging_mixin.py:188} INFO - [2026-04-06T22:13:59.098+0000] {dagbag.py:540} INFO - Filling up the DagBag from /opt/airflow/dags/isr_pipeline.py
[2026-04-06T22:13:59.117+0000] {processor.py:840} INFO - DAG(s) 'isr_pipeline' retrieved from /opt/airflow/dags/isr_pipeline.py
[2026-04-06T22:13:59.158+0000] {logging_mixin.py:188} INFO - [2026-04-06T22:13:59.158+0000] {dag.py:3096} INFO - Sync 1 DAGs
[2026-04-06T22:13:59.200+0000] {processor.py:183} INFO - Processing /opt/airflow/dags/isr_pipeline.py took 0.113 seconds
[2026-04-06T22:14:29.355+0000] {processor.py:161} INFO - Started process (PID=67250) to work on /opt/airflow/dags/isr_pipeline.py
[2026-04-06T22:14:29.357+0000] {processor.py:830} INFO - Processing file /opt/airflow/dags/isr_pipeline.py for tasks to queue
[2026-04-06T22:14:29.358+0000] {logging_mixin.py:188} INFO - [2026-04-06T22:14:29.358+0000] {dagbag.py:540} INFO - Filling up the DagBag from /opt/airflow/dags/isr_pipeline.py
[2026-04-06T22:14:29.377+0000] {processor.py:840} INFO - DAG(s) 'isr_pipeline' retrieved from /opt/airflow/dags/isr_pipeline.py
[2026-04-06T22:14:29.413+0000] {logging_mixin.py:188} INFO - [2026-04-06T22:14:29.412+0000] {dag.py:3096} INFO - Sync 1 DAGs
[2026-04-06T22:14:29.454+0000] {processor.py:183} INFO - Processing /opt/airflow/dags/isr_pipeline.py took 0.110 seconds
[2026-04-06T22:14:59.519+0000] {processor.py:161} INFO - Started process (PID=67255) to work on /opt/airflow/dags/isr_pipeline.py
[2026-04-06T22:14:59.520+0000] {processor.py:830} INFO - Processing file /opt/airflow/dags/isr_pipeline.py for tasks to queue
[2026-04-06T22:14:59.522+0000] {logging_mixin.py:188} INFO - [2026-04-06T22:14:59.521+0000] {dagbag.py:540} INFO - Filling up the DagBag from /opt/airflow/dags/isr_pipeline.py
[2026-04-06T22:14:59.540+0000] {processor.py:840} INFO - DAG(s) 'isr_pipeline' retrieved from /opt/airflow/dags/isr_pipeline.py
[2026-04-06T22:14:59.580+0000] {logging_mixin.py:188} INFO - [2026-04-06T22:14:59.580+0000] {dag.py:3096} INFO - Sync 1 DAGs
[2026-04-06T22:14:59.620+0000] {processor.py:183} INFO - Processing /opt/airflow/dags/isr_pipeline.py took 0.109 seconds
[2026-04-06T22:15:29.813+0000] {processor.py:161} INFO - Started process (PID=67260) to work on /opt/airflow/dags/isr_pipeline.py
[2026-04-06T22:15:29.814+0000] {processor.py:830} INFO - Processing file /opt/airflow/dags/isr_pipeline.py for tasks to queue
[2026-04-06T22:15:29.815+0000] {logging_mixin.py:188} INFO - [2026-04-06T22:15:29.815+0000] {dagbag.py:540} INFO - Filling up the DagBag from /opt/airflow/dags/isr_pipeline.py
[2026-04-06T22:15:29.834+0000] {processor.py:840} INFO - DAG(s) 'isr_pipeline' retrieved from /opt/airflow/dags/isr_pipeline.py
[2026-04-06T22:15:29.877+0000] {logging_mixin.py:188} INFO - [2026-04-06T22:15:29.877+0000] {dag.py:3096} INFO - Sync 1 DAGs
[2026-04-06T22:15:29.918+0000] {processor.py:183} INFO - Processing /opt/airflow/dags/isr_pipeline.py took 0.113 seconds
[2026-04-06T22:15:59.992+0000] {processor.py:161} INFO - Started process (PID=67265) to work on /opt/airflow/dags/isr_pipeline.py
[2026-04-06T22:15:59.994+0000] {processor.py:830} INFO - Processing file /opt/airflow/dags/isr_pipeline.py for tasks to queue
[2026-04-06T22:15:59.996+0000] {logging_mixin.py:188} INFO - [2026-04-06T22:15:59.995+0000] {dagbag.py:540} INFO - Filling up the DagBag from /opt/airflow/dags/isr_pipeline.py
[2026-04-06T22:16:00.015+0000] {processor.py:840} INFO - DAG(s) 'isr_pipeline' retrieved from /opt/airflow/dags/isr_pipeline.py
[2026-04-06T22:16:00.057+0000] {logging_mixin.py:188} INFO - [2026-04-06T22:16:00.057+0000] {dag.py:3096} INFO - Sync 1 DAGs
[2026-04-06T22:16:00.098+0000] {processor.py:183} INFO - Processing /opt/airflow/dags/isr_pipeline.py took 0.116 seconds
[2026-04-06T22:16:30.233+0000] {processor.py:161} INFO - Started process (PID=67270) to work on /opt/airflow/dags/isr_pipeline.py
[2026-04-06T22:16:30.234+0000] {processor.py:830} INFO - Processing file /opt/airflow/dags/isr_pipeline.py for tasks to queue
[2026-04-06T22:16:30.235+0000] {logging_mixin.py:188} INFO - [2026-04-06T22:16:30.235+0000] {dagbag.py:540} INFO - Filling up the DagBag from /opt/airflow/dags/isr_pipeline.py
[2026-04-06T22:16:30.254+0000] {processor.py:840} INFO - DAG(s) 'isr_pipeline' retrieved from /opt/airflow/dags/isr_pipeline.py
[2026-04-06T22:16:30.296+0000] {logging_mixin.py:188} INFO - [2026-04-06T22:16:30.295+0000] {dag.py:3096} INFO - Sync 1 DAGs
[2026-04-06T22:16:30.337+0000] {processor.py:183} INFO - Processing /opt/airflow/dags/isr_pipeline.py took 0.112 seconds
[2026-04-06T22:17:00.413+0000] {processor.py:161} INFO - Started process (PID=67275) to work on /opt/airflow/dags/isr_pipeline.py
[2026-04-06T22:17:00.415+0000] {processor.py:830} INFO - Processing file /opt/airflow/dags/isr_pipeline.py for tasks to queue
[2026-04-06T22:17:00.417+0000] {logging_mixin.py:188} INFO - [2026-04-06T22:17:00.416+0000] {dagbag.py:540} INFO - Filling up the DagBag from /opt/airflow/dags/isr_pipeline.py
[2026-04-06T22:17:00.439+0000] {processor.py:840} INFO - DAG(s) 'isr_pipeline' retrieved from /opt/airflow/dags/isr_pipeline.py
[2026-04-06T22:17:00.487+0000] {logging_mixin.py:188} INFO - [2026-04-06T22:17:00.486+0000] {dag.py:3096} INFO - Sync 1 DAGs
[2026-04-06T22:17:00.528+0000] {processor.py:183} INFO - Processing /opt/airflow/dags/isr_pipeline.py took 0.124 seconds
[2026-04-06T22:17:30.683+0000] {processor.py:161} INFO - Started process (PID=67280) to work on /opt/airflow/dags/isr_pipeline.py
[2026-04-06T22:17:30.684+0000] {processor.py:830} INFO - Processing file /opt/airflow/dags/isr_pipeline.py for tasks to queue
[2026-04-06T22:17:30.685+0000] {logging_mixin.py:188} INFO - [2026-04-06T22:17:30.685+0000] {dagbag.py:540} INFO - Filling up the DagBag from /opt/airflow/dags/isr_pipeline.py
[2026-04-06T22:17:30.705+0000] {processor.py:840} INFO - DAG(s) 'isr_pipeline' retrieved from /opt/airflow/dags/isr_pipeline.py
[2026-04-06T22:17:30.741+0000] {logging_mixin.py:188} INFO - [2026-04-06T22:17:30.741+0000] {dag.py:3096} INFO - Sync 1 DAGs
[2026-04-06T22:17:30.784+0000] {processor.py:183} INFO - Processing /opt/airflow/dags/isr_pipeline.py took 0.109 seconds
[2026-04-06T22:18:00.909+0000] {processor.py:161} INFO - Started process (PID=67285) to work on /opt/airflow/dags/isr_pipeline.py
[2026-04-06T22:18:00.910+0000] {processor.py:830} INFO - Processing file /opt/airflow/dags/isr_pipeline.py for tasks to queue
[2026-04-06T22:18:00.912+0000] {logging_mixin.py:188} INFO - [2026-04-06T22:18:00.911+0000] {dagbag.py:540} INFO - Filling up the DagBag from /opt/airflow/dags/isr_pipeline.py
[2026-04-06T22:18:00.931+0000] {processor.py:840} INFO - DAG(s) 'isr_pipeline' retrieved from /opt/airflow/dags/isr_pipeline.py
[2026-04-06T22:18:00.970+0000] {logging_mixin.py:188} INFO - [2026-04-06T22:18:00.970+0000] {dag.py:3096} INFO - Sync 1 DAGs
[2026-04-06T22:18:01.016+0000] {processor.py:183} INFO - Processing /opt/airflow/dags/isr_pipeline.py took 0.115 seconds
[2026-04-06T22:18:31.099+0000] {processor.py:161} INFO - Started process (PID=67290) to work on /opt/airflow/dags/isr_pipeline.py
[2026-04-06T22:18:31.101+0000] {processor.py:830} INFO - Processing file /opt/airflow/dags/isr_pipeline.py for tasks to queue
[2026-04-06T22:18:31.102+0000] {logging_mixin.py:188} INFO - [2026-04-06T22:18:31.102+0000] {dagbag.py:540} INFO - Filling up the DagBag from /opt/airflow/dags/isr_pipeline.py
[2026-04-06T22:18:31.126+0000] {processor.py:840} INFO - DAG(s) 'isr_pipeline' retrieved from /opt/airflow/dags/isr_pipeline.py
[2026-04-06T22:18:31.164+0000] {logging_mixin.py:188} INFO - [2026-04-06T22:18:31.164+0000] {dag.py:3096} INFO - Sync 1 DAGs
[2026-04-06T22:18:31.207+0000] {processor.py:183} INFO - Processing /opt/airflow/dags/isr_pipeline.py took 0.115 seconds
[2026-04-06T22:19:01.421+0000] {processor.py:161} INFO - Started process (PID=67295) to work on /opt/airflow/dags/isr_pipeline.py
[2026-04-06T22:19:01.422+0000] {processor.py:830} INFO - Processing file /opt/airflow/dags/isr_pipeline.py for tasks to queue
[2026-04-06T22:19:01.423+0000] {logging_mixin.py:188} INFO - [2026-04-06T22:19:01.423+0000] {dagbag.py:540} INFO - Filling up the DagBag from /opt/airflow/dags/isr_pipeline.py
[2026-04-06T22:19:01.443+0000] {processor.py:840} INFO - DAG(s) 'isr_pipeline' retrieved from /opt/airflow/dags/isr_pipeline.py
[2026-04-06T22:19:01.483+0000] {logging_mixin.py:188} INFO - [2026-04-06T22:19:01.483+0000] {dag.py:3096} INFO - Sync 1 DAGs
[2026-04-06T22:19:01.529+0000] {processor.py:183} INFO - Processing /opt/airflow/dags/isr_pipeline.py took 0.117 seconds
[2026-04-06T22:19:31.577+0000] {processor.py:161} INFO - Started process (PID=67300) to work on /opt/airflow/dags/isr_pipeline.py
[2026-04-06T22:19:31.578+0000] {processor.py:830} INFO - Processing file /opt/airflow/dags/isr_pipeline.py for tasks to queue
[2026-04-06T22:19:31.579+0000] {logging_mixin.py:188} INFO - [2026-04-06T22:19:31.579+0000] {dagbag.py:540} INFO - Filling up the DagBag from /opt/airflow/dags/isr_pipeline.py
[2026-04-06T22:19:31.597+0000] {processor.py:840} INFO - DAG(s) 'isr_pipeline' retrieved from /opt/airflow/dags/isr_pipeline.py
[2026-04-06T22:19:31.636+0000] {logging_mixin.py:188} INFO - [2026-04-06T22:19:31.636+0000] {dag.py:3096} INFO - Sync 1 DAGs
[2026-04-06T22:19:31.679+0000] {processor.py:183} INFO - Processing /opt/airflow/dags/isr_pipeline.py took 0.110 seconds
[2026-04-06T22:20:01.860+0000] {processor.py:161} INFO - Started process (PID=67305) to work on /opt/airflow/dags/isr_pipeline.py
[2026-04-06T22:20:01.861+0000] {processor.py:830} INFO - Processing file /opt/airflow/dags/isr_pipeline.py for tasks to queue
[2026-04-06T22:20:01.863+0000] {logging_mixin.py:188} INFO - [2026-04-06T22:20:01.862+0000] {dagbag.py:540} INFO - Filling up the DagBag from /opt/airflow/dags/isr_pipeline.py
[2026-04-06T22:20:01.883+0000] {processor.py:840} INFO - DAG(s) 'isr_pipeline' retrieved from /opt/airflow/dags/isr_pipeline.py
[2026-04-06T22:20:01.921+0000] {logging_mixin.py:188} INFO - [2026-04-06T22:20:01.921+0000] {dag.py:3096} INFO - Sync 1 DAGs
[2026-04-06T22:20:01.967+0000] {processor.py:183} INFO - Processing /opt/airflow/dags/isr_pipeline.py took 0.115 seconds
[2026-04-06T22:20:32.024+0000] {processor.py:161} INFO - Started process (PID=67310) to work on /opt/airflow/dags/isr_pipeline.py
[2026-04-06T22:20:32.028+0000] {processor.py:830} INFO - Processing file /opt/airflow/dags/isr_pipeline.py for tasks to queue
[2026-04-06T22:20:32.032+0000] {logging_mixin.py:188} INFO - [2026-04-06T22:20:32.031+0000] {dagbag.py:540} INFO - Filling up the DagBag from /opt/airflow/dags/isr_pipeline.py
[2026-04-06T22:20:32.064+0000] {processor.py:840} INFO - DAG(s) 'isr_pipeline' retrieved from /opt/airflow/dags/isr_pipeline.py
[2026-04-06T22:20:32.115+0000] {logging_mixin.py:188} INFO - [2026-04-06T22:20:32.114+0000] {dag.py:3096} INFO - Sync 1 DAGs
[2026-04-06T22:20:32.159+0000] {processor.py:183} INFO - Processing /opt/airflow/dags/isr_pipeline.py took 0.145 seconds
[2026-04-06T22:21:02.243+0000] {processor.py:161} INFO - Started process (PID=67315) to work on /opt/airflow/dags/isr_pipeline.py
[2026-04-06T22:21:02.244+0000] {processor.py:830} INFO - Processing file /opt/airflow/dags/isr_pipeline.py for tasks to queue
[2026-04-06T22:21:02.245+0000] {logging_mixin.py:188} INFO - [2026-04-06T22:21:02.245+0000] {dagbag.py:540} INFO - Filling up the DagBag from /opt/airflow/dags/isr_pipeline.py
[2026-04-06T22:21:02.265+0000] {processor.py:840} INFO - DAG(s) 'isr_pipeline' retrieved from /opt/airflow/dags/isr_pipeline.py
[2026-04-06T22:21:02.303+0000] {logging_mixin.py:188} INFO - [2026-04-06T22:21:02.302+0000] {dag.py:3096} INFO - Sync 1 DAGs
[2026-04-06T22:21:02.346+0000] {processor.py:183} INFO - Processing /opt/airflow/dags/isr_pipeline.py took 0.112 seconds
[2026-04-06T22:21:32.440+0000] {processor.py:161} INFO - Started process (PID=67320) to work on /opt/airflow/dags/isr_pipeline.py
[2026-04-06T22:21:32.441+0000] {processor.py:830} INFO - Processing file /opt/airflow/dags/isr_pipeline.py for tasks to queue
[2026-04-06T22:21:32.442+0000] {logging_mixin.py:188} INFO - [2026-04-06T22:21:32.442+0000] {dagbag.py:540} INFO - Filling up the DagBag from /opt/airflow/dags/isr_pipeline.py
[2026-04-06T22:21:32.469+0000] {processor.py:840} INFO - DAG(s) 'isr_pipeline' retrieved from /opt/airflow/dags/isr_pipeline.py
[2026-04-06T22:21:32.509+0000] {logging_mixin.py:188} INFO - [2026-04-06T22:21:32.508+0000] {dag.py:3096} INFO - Sync 1 DAGs
[2026-04-06T22:21:32.551+0000] {processor.py:183} INFO - Processing /opt/airflow/dags/isr_pipeline.py took 0.121 seconds
[2026-04-06T22:22:02.669+0000] {processor.py:161} INFO - Started process (PID=67325) to work on /opt/airflow/dags/isr_pipeline.py
[2026-04-06T22:22:02.671+0000] {processor.py:830} INFO - Processing file /opt/airflow/dags/isr_pipeline.py for tasks to queue
[2026-04-06T22:22:02.675+0000] {logging_mixin.py:188} INFO - [2026-04-06T22:22:02.674+0000] {dagbag.py:540} INFO - Filling up the DagBag from /opt/airflow/dags/isr_pipeline.py
[2026-04-06T22:22:02.694+0000] {processor.py:840} INFO - DAG(s) 'isr_pipeline' retrieved from /opt/airflow/dags/isr_pipeline.py
[2026-04-06T22:22:02.731+0000] {logging_mixin.py:188} INFO - [2026-04-06T22:22:02.731+0000] {dag.py:3096} INFO - Sync 1 DAGs
[2026-04-06T22:22:02.774+0000] {processor.py:183} INFO - Processing /opt/airflow/dags/isr_pipeline.py took 0.113 seconds
[2026-04-06T22:22:32.861+0000] {processor.py:161} INFO - Started process (PID=67330) to work on /opt/airflow/dags/isr_pipeline.py
[2026-04-06T22:22:32.862+0000] {processor.py:830} INFO - Processing file /opt/airflow/dags/isr_pipeline.py for tasks to queue
[2026-04-06T22:22:32.863+0000] {logging_mixin.py:188} INFO - [2026-04-06T22:22:32.863+0000] {dagbag.py:540} INFO - Filling up the DagBag from /opt/airflow/dags/isr_pipeline.py
[2026-04-06T22:22:32.886+0000] {processor.py:840} INFO - DAG(s) 'isr_pipeline' retrieved from /opt/airflow/dags/isr_pipeline.py
[2026-04-06T22:22:32.925+0000] {logging_mixin.py:188} INFO - [2026-04-06T22:22:32.925+0000] {dag.py:3096} INFO - Sync 1 DAGs
[2026-04-06T22:22:32.971+0000] {processor.py:183} INFO - Processing /opt/airflow/dags/isr_pipeline.py took 0.118 seconds
[2026-04-06T22:23:03.106+0000] {processor.py:161} INFO - Started process (PID=67335) to work on /opt/airflow/dags/isr_pipeline.py
[2026-04-06T22:23:03.108+0000] {processor.py:830} INFO - Processing file /opt/airflow/dags/isr_pipeline.py for tasks to queue
[2026-04-06T22:23:03.110+0000] {logging_mixin.py:188} INFO - [2026-04-06T22:23:03.109+0000] {dagbag.py:540} INFO - Filling up the DagBag from /opt/airflow/dags/isr_pipeline.py
[2026-04-06T22:23:03.130+0000] {processor.py:840} INFO - DAG(s) 'isr_pipeline' retrieved from /opt/airflow/dags/isr_pipeline.py
[2026-04-06T22:23:03.166+0000] {logging_mixin.py:188} INFO - [2026-04-06T22:23:03.166+0000] {dag.py:3096} INFO - Sync 1 DAGs
[2026-04-06T22:23:03.212+0000] {processor.py:183} INFO - Processing /opt/airflow/dags/isr_pipeline.py took 0.114 seconds
[2026-04-06T22:23:33.324+0000] {processor.py:161} INFO - Started process (PID=67340) to work on /opt/airflow/dags/isr_pipeline.py
[2026-04-06T22:23:33.326+0000] {processor.py:830} INFO - Processing file /opt/airflow/dags/isr_pipeline.py for tasks to queue
[2026-04-06T22:23:33.329+0000] {logging_mixin.py:188} INFO - [2026-04-06T22:23:33.328+0000] {dagbag.py:540} INFO - Filling up the DagBag from /opt/airflow/dags/isr_pipeline.py
[2026-04-06T22:23:33.351+0000] {processor.py:840} INFO - DAG(s) 'isr_pipeline' retrieved from /opt/airflow/dags/isr_pipeline.py
[2026-04-06T22:23:33.390+0000] {logging_mixin.py:188} INFO - [2026-04-06T22:23:33.390+0000] {dag.py:3096} INFO - Sync 1 DAGs
[2026-04-06T22:23:33.435+0000] {processor.py:183} INFO - Processing /opt/airflow/dags/isr_pipeline.py took 0.119 seconds
[2026-04-06T22:24:03.522+0000] {processor.py:161} INFO - Started process (PID=67345) to work on /opt/airflow/dags/isr_pipeline.py
[2026-04-06T22:24:03.523+0000] {processor.py:830} INFO - Processing file /opt/airflow/dags/isr_pipeline.py for tasks to queue
[2026-04-06T22:24:03.525+0000] {logging_mixin.py:188} INFO - [2026-04-06T22:24:03.524+0000] {dagbag.py:540} INFO - Filling up the DagBag from /opt/airflow/dags/isr_pipeline.py
[2026-04-06T22:24:03.544+0000] {processor.py:840} INFO - DAG(s) 'isr_pipeline' retrieved from /opt/airflow/dags/isr_pipeline.py
[2026-04-06T22:24:03.585+0000] {logging_mixin.py:188} INFO - [2026-04-06T22:24:03.585+0000] {dag.py:3096} INFO - Sync 1 DAGs
[2026-04-06T22:24:03.627+0000] {processor.py:183} INFO - Processing /opt/airflow/dags/isr_pipeline.py took 0.114 seconds
[2026-04-06T22:24:33.793+0000] {processor.py:161} INFO - Started process (PID=67350) to work on /opt/airflow/dags/isr_pipeline.py
[2026-04-06T22:24:33.794+0000] {processor.py:830} INFO - Processing file /opt/airflow/dags/isr_pipeline.py for tasks to queue
[2026-04-06T22:24:33.796+0000] {logging_mixin.py:188} INFO - [2026-04-06T22:24:33.796+0000] {dagbag.py:540} INFO - Filling up the DagBag from /opt/airflow/dags/isr_pipeline.py
[2026-04-06T22:24:33.817+0000] {processor.py:840} INFO - DAG(s) 'isr_pipeline' retrieved from /opt/airflow/dags/isr_pipeline.py
[2026-04-06T22:24:33.857+0000] {logging_mixin.py:188} INFO - [2026-04-06T22:24:33.857+0000] {dag.py:3096} INFO - Sync 1 DAGs
[2026-04-06T22:24:33.902+0000] {processor.py:183} INFO - Processing /opt/airflow/dags/isr_pipeline.py took 0.117 seconds
[2026-04-06T22:25:03.958+0000] {processor.py:161} INFO - Started process (PID=67355) to work on /opt/airflow/dags/isr_pipeline.py
[2026-04-06T22:25:03.960+0000] {processor.py:830} INFO - Processing file /opt/airflow/dags/isr_pipeline.py for tasks to queue
[2026-04-06T22:25:03.962+0000] {logging_mixin.py:188} INFO - [2026-04-06T22:25:03.961+0000] {dagbag.py:540} INFO - Filling up the DagBag from /opt/airflow/dags/isr_pipeline.py
[2026-04-06T22:25:03.981+0000] {processor.py:840} INFO - DAG(s) 'isr_pipeline' retrieved from /opt/airflow/dags/isr_pipeline.py
[2026-04-06T22:25:04.023+0000] {logging_mixin.py:188} INFO - [2026-04-06T22:25:04.023+0000] {dag.py:3096} INFO - Sync 1 DAGs
[2026-04-06T22:25:04.065+0000] {processor.py:183} INFO - Processing /opt/airflow/dags/isr_pipeline.py took 0.116 seconds
[2026-04-06T22:25:34.199+0000] {processor.py:161} INFO - Started process (PID=67360) to work on /opt/airflow/dags/isr_pipeline.py
[2026-04-06T22:25:34.201+0000] {processor.py:830} INFO - Processing file /opt/airflow/dags/isr_pipeline.py for tasks to queue
[2026-04-06T22:25:34.204+0000] {logging_mixin.py:188} INFO - [2026-04-06T22:25:34.203+0000] {dagbag.py:540} INFO - Filling up the DagBag from /opt/airflow/dags/isr_pipeline.py
[2026-04-06T22:25:34.232+0000] {processor.py:840} INFO - DAG(s) 'isr_pipeline' retrieved from /opt/airflow/dags/isr_pipeline.py
[2026-04-06T22:25:34.272+0000] {logging_mixin.py:188} INFO - [2026-04-06T22:25:34.272+0000] {dag.py:3096} INFO - Sync 1 DAGs
[2026-04-06T22:25:34.318+0000] {processor.py:183} INFO - Processing /opt/airflow/dags/isr_pipeline.py took 0.127 seconds
[2026-04-06T22:26:04.375+0000] {processor.py:161} INFO - Started process (PID=67365) to work on /opt/airflow/dags/isr_pipeline.py
[2026-04-06T22:26:04.377+0000] {processor.py:830} INFO - Processing file /opt/airflow/dags/isr_pipeline.py for tasks to queue
[2026-04-06T22:26:04.378+0000] {logging_mixin.py:188} INFO - [2026-04-06T22:26:04.378+0000] {dagbag.py:540} INFO - Filling up the DagBag from /opt/airflow/dags/isr_pipeline.py
[2026-04-06T22:26:04.398+0000] {processor.py:840} INFO - DAG(s) 'isr_pipeline' retrieved from /opt/airflow/dags/isr_pipeline.py
[2026-04-06T22:26:04.439+0000] {logging_mixin.py:188} INFO - [2026-04-06T22:26:04.438+0000] {dag.py:3096} INFO - Sync 1 DAGs
[2026-04-06T22:26:04.485+0000] {processor.py:183} INFO - Processing /opt/airflow/dags/isr_pipeline.py took 0.121 seconds
[2026-04-06T22:26:34.653+0000] {processor.py:161} INFO - Started process (PID=67370) to work on /opt/airflow/dags/isr_pipeline.py
[2026-04-06T22:26:34.654+0000] {processor.py:830} INFO - Processing file /opt/airflow/dags/isr_pipeline.py for tasks to queue
[2026-04-06T22:26:34.656+0000] {logging_mixin.py:188} INFO - [2026-04-06T22:26:34.655+0000] {dagbag.py:540} INFO - Filling up the DagBag from /opt/airflow/dags/isr_pipeline.py
[2026-04-06T22:26:34.675+0000] {processor.py:840} INFO - DAG(s) 'isr_pipeline' retrieved from /opt/airflow/dags/isr_pipeline.py
[2026-04-06T22:26:34.713+0000] {logging_mixin.py:188} INFO - [2026-04-06T22:26:34.712+0000] {dag.py:3096} INFO - Sync 1 DAGs
[2026-04-06T22:26:34.757+0000] {processor.py:183} INFO - Processing /opt/airflow/dags/isr_pipeline.py took 0.112 seconds
[2026-04-06T22:27:04.844+0000] {processor.py:161} INFO - Started process (PID=67375) to work on /opt/airflow/dags/isr_pipeline.py
[2026-04-06T22:27:04.845+0000] {processor.py:830} INFO - Processing file /opt/airflow/dags/isr_pipeline.py for tasks to queue
[2026-04-06T22:27:04.847+0000] {logging_mixin.py:188} INFO - [2026-04-06T22:27:04.846+0000] {dagbag.py:540} INFO - Filling up the DagBag from /opt/airflow/dags/isr_pipeline.py
[2026-04-06T22:27:04.868+0000] {processor.py:840} INFO - DAG(s) 'isr_pipeline' retrieved from /opt/airflow/dags/isr_pipeline.py
[2026-04-06T22:27:04.908+0000] {logging_mixin.py:188} INFO - [2026-04-06T22:27:04.908+0000] {dag.py:3096} INFO - Sync 1 DAGs
[2026-04-06T22:27:04.951+0000] {processor.py:183} INFO - Processing /opt/airflow/dags/isr_pipeline.py took 0.115 seconds
[2026-04-06T22:27:35.060+0000] {processor.py:161} INFO - Started process (PID=67380) to work on /opt/airflow/dags/isr_pipeline.py
[2026-04-06T22:27:35.062+0000] {processor.py:830} INFO - Processing file /opt/airflow/dags/isr_pipeline.py for tasks to queue
[2026-04-06T22:27:35.063+0000] {logging_mixin.py:188} INFO - [2026-04-06T22:27:35.063+0000] {dagbag.py:540} INFO - Filling up the DagBag from /opt/airflow/dags/isr_pipeline.py
[2026-04-06T22:27:35.088+0000] {processor.py:840} INFO - DAG(s) 'isr_pipeline' retrieved from /opt/airflow/dags/isr_pipeline.py
[2026-04-06T22:27:35.125+0000] {logging_mixin.py:188} INFO - [2026-04-06T22:27:35.124+0000] {dag.py:3096} INFO - Sync 1 DAGs
[2026-04-06T22:27:35.167+0000] {processor.py:183} INFO - Processing /opt/airflow/dags/isr_pipeline.py took 0.115 seconds
[2026-04-06T22:28:05.250+0000] {processor.py:161} INFO - Started process (PID=67385) to work on /opt/airflow/dags/isr_pipeline.py
[2026-04-06T22:28:05.251+0000] {processor.py:830} INFO - Processing file /opt/airflow/dags/isr_pipeline.py for tasks to queue
[2026-04-06T22:28:05.253+0000] {logging_mixin.py:188} INFO - [2026-04-06T22:28:05.252+0000] {dagbag.py:540} INFO - Filling up the DagBag from /opt/airflow/dags/isr_pipeline.py
[2026-04-06T22:28:05.272+0000] {processor.py:840} INFO - DAG(s) 'isr_pipeline' retrieved from /opt/airflow/dags/isr_pipeline.py
[2026-04-06T22:28:05.310+0000] {logging_mixin.py:188} INFO - [2026-04-06T22:28:05.310+0000] {dag.py:3096} INFO - Sync 1 DAGs
[2026-04-06T22:28:05.352+0000] {processor.py:183} INFO - Processing /opt/airflow/dags/isr_pipeline.py took 0.110 seconds
[2026-04-06T22:28:35.550+0000] {processor.py:161} INFO - Started process (PID=67390) to work on /opt/airflow/dags/isr_pipeline.py
[2026-04-06T22:28:35.551+0000] {processor.py:830} INFO - Processing file /opt/airflow/dags/isr_pipeline.py for tasks to queue
[2026-04-06T22:28:35.553+0000] {logging_mixin.py:188} INFO - [2026-04-06T22:28:35.552+0000] {dagbag.py:540} INFO - Filling up the DagBag from /opt/airflow/dags/isr_pipeline.py
[2026-04-06T22:28:35.578+0000] {processor.py:840} INFO - DAG(s) 'isr_pipeline' retrieved from /opt/airflow/dags/isr_pipeline.py
[2026-04-06T22:28:35.632+0000] {logging_mixin.py:188} INFO - [2026-04-06T22:28:35.632+0000] {dag.py:3096} INFO - Sync 1 DAGs
[2026-04-06T22:28:35.698+0000] {processor.py:183} INFO - Processing /opt/airflow/dags/isr_pipeline.py took 0.158 seconds
[2026-04-06T22:29:05.856+0000] {processor.py:161} INFO - Started process (PID=67395) to work on /opt/airflow/dags/isr_pipeline.py
[2026-04-06T22:29:05.858+0000] {processor.py:830} INFO - Processing file /opt/airflow/dags/isr_pipeline.py for tasks to queue
[2026-04-06T22:29:05.860+0000] {logging_mixin.py:188} INFO - [2026-04-06T22:29:05.859+0000] {dagbag.py:540} INFO - Filling up the DagBag from /opt/airflow/dags/isr_pipeline.py
[2026-04-06T22:29:05.880+0000] {processor.py:840} INFO - DAG(s) 'isr_pipeline' retrieved from /opt/airflow/dags/isr_pipeline.py
[2026-04-06T22:29:05.921+0000] {logging_mixin.py:188} INFO - [2026-04-06T22:29:05.920+0000] {dag.py:3096} INFO - Sync 1 DAGs
[2026-04-06T22:29:05.967+0000] {processor.py:183} INFO - Processing /opt/airflow/dags/isr_pipeline.py took 0.119 seconds
[2026-04-06T22:29:36.027+0000] {processor.py:161} INFO - Started process (PID=67400) to work on /opt/airflow/dags/isr_pipeline.py
[2026-04-06T22:29:36.029+0000] {processor.py:830} INFO - Processing file /opt/airflow/dags/isr_pipeline.py for tasks to queue
[2026-04-06T22:29:36.031+0000] {logging_mixin.py:188} INFO - [2026-04-06T22:29:36.030+0000] {dagbag.py:540} INFO - Filling up the DagBag from /opt/airflow/dags/isr_pipeline.py
[2026-04-06T22:29:36.052+0000] {processor.py:840} INFO - DAG(s) 'isr_pipeline' retrieved from /opt/airflow/dags/isr_pipeline.py
[2026-04-06T22:29:36.094+0000] {logging_mixin.py:188} INFO - [2026-04-06T22:29:36.094+0000] {dag.py:3096} INFO - Sync 1 DAGs
[2026-04-06T22:29:36.140+0000] {processor.py:183} INFO - Processing /opt/airflow/dags/isr_pipeline.py took 0.122 seconds
[2026-04-06T22:30:06.281+0000] {processor.py:161} INFO - Started process (PID=67405) to work on /opt/airflow/dags/isr_pipeline.py
[2026-04-06T22:30:06.282+0000] {processor.py:830} INFO - Processing file /opt/airflow/dags/isr_pipeline.py for tasks to queue
[2026-04-06T22:30:06.284+0000] {logging_mixin.py:188} INFO - [2026-04-06T22:30:06.284+0000] {dagbag.py:540} INFO - Filling up the DagBag from /opt/airflow/dags/isr_pipeline.py
[2026-04-06T22:30:06.306+0000] {processor.py:840} INFO - DAG(s) 'isr_pipeline' retrieved from /opt/airflow/dags/isr_pipeline.py
[2026-04-06T22:30:06.431+0000] {logging_mixin.py:188} INFO - [2026-04-06T22:30:06.431+0000] {dag.py:3096} INFO - Sync 1 DAGs
[2026-04-06T22:30:06.497+0000] {processor.py:183} INFO - Processing /opt/airflow/dags/isr_pipeline.py took 0.225 seconds
[2026-04-06T22:30:36.657+0000] {processor.py:161} INFO - Started process (PID=67410) to work on /opt/airflow/dags/isr_pipeline.py
[2026-04-06T22:30:36.659+0000] {processor.py:830} INFO - Processing file /opt/airflow/dags/isr_pipeline.py for tasks to queue
[2026-04-06T22:30:36.661+0000] {logging_mixin.py:188} INFO - [2026-04-06T22:30:36.660+0000] {dagbag.py:540} INFO - Filling up the DagBag from /opt/airflow/dags/isr_pipeline.py
[2026-04-06T22:30:36.681+0000] {processor.py:840} INFO - DAG(s) 'isr_pipeline' retrieved from /opt/airflow/dags/isr_pipeline.py
[2026-04-06T22:30:36.721+0000] {logging_mixin.py:188} INFO - [2026-04-06T22:30:36.721+0000] {dag.py:3096} INFO - Sync 1 DAGs
[2026-04-06T22:30:36.776+0000] {processor.py:183} INFO - Processing /opt/airflow/dags/isr_pipeline.py took 0.127 seconds
[2026-04-06T22:31:06.934+0000] {processor.py:161} INFO - Started process (PID=67415) to work on /opt/airflow/dags/isr_pipeline.py
[2026-04-06T22:31:06.937+0000] {processor.py:830} INFO - Processing file /opt/airflow/dags/isr_pipeline.py for tasks to queue
[2026-04-06T22:31:06.938+0000] {logging_mixin.py:188} INFO - [2026-04-06T22:31:06.938+0000] {dagbag.py:540} INFO - Filling up the DagBag from /opt/airflow/dags/isr_pipeline.py
[2026-04-06T22:31:06.958+0000] {processor.py:840} INFO - DAG(s) 'isr_pipeline' retrieved from /opt/airflow/dags/isr_pipeline.py
[2026-04-06T22:31:07.001+0000] {logging_mixin.py:188} INFO - [2026-04-06T22:31:07.001+0000] {dag.py:3096} INFO - Sync 1 DAGs
[2026-04-06T22:31:07.055+0000] {processor.py:183} INFO - Processing /opt/airflow/dags/isr_pipeline.py took 0.130 seconds
[2026-04-06T22:31:37.169+0000] {processor.py:161} INFO - Started process (PID=67420) to work on /opt/airflow/dags/isr_pipeline.py
[2026-04-06T22:31:37.171+0000] {processor.py:830} INFO - Processing file /opt/airflow/dags/isr_pipeline.py for tasks to queue
[2026-04-06T22:31:37.172+0000] {logging_mixin.py:188} INFO - [2026-04-06T22:31:37.172+0000] {dagbag.py:540} INFO - Filling up the DagBag from /opt/airflow/dags/isr_pipeline.py
[2026-04-06T22:31:37.191+0000] {processor.py:840} INFO - DAG(s) 'isr_pipeline' retrieved from /opt/airflow/dags/isr_pipeline.py
[2026-04-06T22:31:37.229+0000] {logging_mixin.py:188} INFO - [2026-04-06T22:31:37.229+0000] {dag.py:3096} INFO - Sync 1 DAGs
[2026-04-06T22:31:37.271+0000] {processor.py:183} INFO - Processing /opt/airflow/dags/isr_pipeline.py took 0.110 seconds
[2026-04-06T22:32:07.321+0000] {processor.py:161} INFO - Started process (PID=67425) to work on /opt/airflow/dags/isr_pipeline.py
[2026-04-06T22:32:07.323+0000] {processor.py:830} INFO - Processing file /opt/airflow/dags/isr_pipeline.py for tasks to queue
[2026-04-06T22:32:07.324+0000] {logging_mixin.py:188} INFO - [2026-04-06T22:32:07.324+0000] {dagbag.py:540} INFO - Filling up the DagBag from /opt/airflow/dags/isr_pipeline.py
[2026-04-06T22:32:07.343+0000] {processor.py:840} INFO - DAG(s) 'isr_pipeline' retrieved from /opt/airflow/dags/isr_pipeline.py
[2026-04-06T22:32:07.382+0000] {logging_mixin.py:188} INFO - [2026-04-06T22:32:07.382+0000] {dag.py:3096} INFO - Sync 1 DAGs
[2026-04-06T22:32:07.427+0000] {processor.py:183} INFO - Processing /opt/airflow/dags/isr_pipeline.py took 0.113 seconds
[2026-04-06T22:32:37.553+0000] {processor.py:161} INFO - Started process (PID=67430) to work on /opt/airflow/dags/isr_pipeline.py
[2026-04-06T22:32:37.554+0000] {processor.py:830} INFO - Processing file /opt/airflow/dags/isr_pipeline.py for tasks to queue
[2026-04-06T22:32:37.556+0000] {logging_mixin.py:188} INFO - [2026-04-06T22:32:37.556+0000] {dagbag.py:540} INFO - Filling up the DagBag from /opt/airflow/dags/isr_pipeline.py
[2026-04-06T22:32:37.575+0000] {processor.py:840} INFO - DAG(s) 'isr_pipeline' retrieved from /opt/airflow/dags/isr_pipeline.py
[2026-04-06T22:32:37.613+0000] {logging_mixin.py:188} INFO - [2026-04-06T22:32:37.613+0000] {dag.py:3096} INFO - Sync 1 DAGs
[2026-04-06T22:32:37.655+0000] {processor.py:183} INFO - Processing /opt/airflow/dags/isr_pipeline.py took 0.110 seconds
[2026-04-06T22:33:07.703+0000] {processor.py:161} INFO - Started process (PID=67435) to work on /opt/airflow/dags/isr_pipeline.py
[2026-04-06T22:33:07.704+0000] {processor.py:830} INFO - Processing file /opt/airflow/dags/isr_pipeline.py for tasks to queue
[2026-04-06T22:33:07.706+0000] {logging_mixin.py:188} INFO - [2026-04-06T22:33:07.705+0000] {dagbag.py:540} INFO - Filling up the DagBag from /opt/airflow/dags/isr_pipeline.py
[2026-04-06T22:33:07.725+0000] {processor.py:840} INFO - DAG(s) 'isr_pipeline' retrieved from /opt/airflow/dags/isr_pipeline.py
[2026-04-06T22:33:07.763+0000] {logging_mixin.py:188} INFO - [2026-04-06T22:33:07.763+0000] {dag.py:3096} INFO - Sync 1 DAGs
[2026-04-06T22:33:07.808+0000] {processor.py:183} INFO - Processing /opt/airflow/dags/isr_pipeline.py took 0.112 seconds
[2026-04-06T22:33:37.981+0000] {processor.py:161} INFO - Started process (PID=67440) to work on /opt/airflow/dags/isr_pipeline.py
[2026-04-06T22:33:37.982+0000] {processor.py:830} INFO - Processing file /opt/airflow/dags/isr_pipeline.py for tasks to queue
[2026-04-06T22:33:37.984+0000] {logging_mixin.py:188} INFO - [2026-04-06T22:33:37.983+0000] {dagbag.py:540} INFO - Filling up the DagBag from /opt/airflow/dags/isr_pipeline.py
[2026-04-06T22:33:38.003+0000] {processor.py:840} INFO - DAG(s) 'isr_pipeline' retrieved from /opt/airflow/dags/isr_pipeline.py
[2026-04-06T22:33:38.044+0000] {logging_mixin.py:188} INFO - [2026-04-06T22:33:38.043+0000] {dag.py:3096} INFO - Sync 1 DAGs
[2026-04-06T22:33:38.091+0000] {processor.py:183} INFO - Processing /opt/airflow/dags/isr_pipeline.py took 0.118 seconds
[2026-04-06T22:34:08.159+0000] {processor.py:161} INFO - Started process (PID=67445) to work on /opt/airflow/dags/isr_pipeline.py
[2026-04-06T22:34:08.161+0000] {processor.py:830} INFO - Processing file /opt/airflow/dags/isr_pipeline.py for tasks to queue
[2026-04-06T22:34:08.162+0000] {logging_mixin.py:188} INFO - [2026-04-06T22:34:08.162+0000] {dagbag.py:540} INFO - Filling up the DagBag from /opt/airflow/dags/isr_pipeline.py
[2026-04-06T22:34:08.181+0000] {processor.py:840} INFO - DAG(s) 'isr_pipeline' retrieved from /opt/airflow/dags/isr_pipeline.py
[2026-04-06T22:34:08.221+0000] {logging_mixin.py:188} INFO - [2026-04-06T22:34:08.221+0000] {dag.py:3096} INFO - Sync 1 DAGs
[2026-04-06T22:34:08.265+0000] {processor.py:183} INFO - Processing /opt/airflow/dags/isr_pipeline.py took 0.114 seconds
[2026-04-06T22:34:38.422+0000] {processor.py:161} INFO - Started process (PID=67450) to work on /opt/airflow/dags/isr_pipeline.py
[2026-04-06T22:34:38.424+0000] {processor.py:830} INFO - Processing file /opt/airflow/dags/isr_pipeline.py for tasks to queue
[2026-04-06T22:34:38.425+0000] {logging_mixin.py:188} INFO - [2026-04-06T22:34:38.425+0000] {dagbag.py:540} INFO - Filling up the DagBag from /opt/airflow/dags/isr_pipeline.py
[2026-04-06T22:34:38.444+0000] {processor.py:840} INFO - DAG(s) 'isr_pipeline' retrieved from /opt/airflow/dags/isr_pipeline.py
[2026-04-06T22:34:38.483+0000] {logging_mixin.py:188} INFO - [2026-04-06T22:34:38.483+0000] {dag.py:3096} INFO - Sync 1 DAGs
[2026-04-06T22:34:38.527+0000] {processor.py:183} INFO - Processing /opt/airflow/dags/isr_pipeline.py took 0.113 seconds
[2026-04-06T22:35:08.596+0000] {processor.py:161} INFO - Started process (PID=67455) to work on /opt/airflow/dags/isr_pipeline.py
[2026-04-06T22:35:08.597+0000] {processor.py:830} INFO - Processing file /opt/airflow/dags/isr_pipeline.py for tasks to queue
[2026-04-06T22:35:08.598+0000] {logging_mixin.py:188} INFO - [2026-04-06T22:35:08.598+0000] {dagbag.py:540} INFO - Filling up the DagBag from /opt/airflow/dags/isr_pipeline.py
[2026-04-06T22:35:08.618+0000] {processor.py:840} INFO - DAG(s) 'isr_pipeline' retrieved from /opt/airflow/dags/isr_pipeline.py
[2026-04-06T22:35:08.656+0000] {logging_mixin.py:188} INFO - [2026-04-06T22:35:08.656+0000] {dag.py:3096} INFO - Sync 1 DAGs
[2026-04-06T22:35:08.699+0000] {processor.py:183} INFO - Processing /opt/airflow/dags/isr_pipeline.py took 0.111 seconds
[2026-04-06T22:35:38.860+0000] {processor.py:161} INFO - Started process (PID=67460) to work on /opt/airflow/dags/isr_pipeline.py
[2026-04-06T22:35:38.862+0000] {processor.py:830} INFO - Processing file /opt/airflow/dags/isr_pipeline.py for tasks to queue
[2026-04-06T22:35:38.863+0000] {logging_mixin.py:188} INFO - [2026-04-06T22:35:38.863+0000] {dagbag.py:540} INFO - Filling up the DagBag from /opt/airflow/dags/isr_pipeline.py
[2026-04-06T22:35:38.883+0000] {processor.py:840} INFO - DAG(s) 'isr_pipeline' retrieved from /opt/airflow/dags/isr_pipeline.py
[2026-04-06T22:35:38.922+0000] {logging_mixin.py:188} INFO - [2026-04-06T22:35:38.922+0000] {dag.py:3096} INFO - Sync 1 DAGs
[2026-04-06T22:35:38.966+0000] {processor.py:183} INFO - Processing /opt/airflow/dags/isr_pipeline.py took 0.114 seconds
[2026-04-06T22:36:09.127+0000] {processor.py:161} INFO - Started process (PID=67465) to work on /opt/airflow/dags/isr_pipeline.py
[2026-04-06T22:36:09.128+0000] {processor.py:830} INFO - Processing file /opt/airflow/dags/isr_pipeline.py for tasks to queue
[2026-04-06T22:36:09.130+0000] {logging_mixin.py:188} INFO - [2026-04-06T22:36:09.129+0000] {dagbag.py:540} INFO - Filling up the DagBag from /opt/airflow/dags/isr_pipeline.py
[2026-04-06T22:36:09.148+0000] {processor.py:840} INFO - DAG(s) 'isr_pipeline' retrieved from /opt/airflow/dags/isr_pipeline.py
[2026-04-06T22:36:09.186+0000] {logging_mixin.py:188} INFO - [2026-04-06T22:36:09.186+0000] {dag.py:3096} INFO - Sync 1 DAGs
[2026-04-06T22:36:09.229+0000] {processor.py:183} INFO - Processing /opt/airflow/dags/isr_pipeline.py took 0.110 seconds
[2026-04-06T22:36:39.306+0000] {processor.py:161} INFO - Started process (PID=67470) to work on /opt/airflow/dags/isr_pipeline.py
[2026-04-06T22:36:39.307+0000] {processor.py:830} INFO - Processing file /opt/airflow/dags/isr_pipeline.py for tasks to queue
[2026-04-06T22:36:39.309+0000] {logging_mixin.py:188} INFO - [2026-04-06T22:36:39.308+0000] {dagbag.py:540} INFO - Filling up the DagBag from /opt/airflow/dags/isr_pipeline.py
[2026-04-06T22:36:39.328+0000] {processor.py:840} INFO - DAG(s) 'isr_pipeline' retrieved from /opt/airflow/dags/isr_pipeline.py
[2026-04-06T22:36:39.366+0000] {logging_mixin.py:188} INFO - [2026-04-06T22:36:39.366+0000] {dag.py:3096} INFO - Sync 1 DAGs
[2026-04-06T22:36:39.408+0000] {processor.py:183} INFO - Processing /opt/airflow/dags/isr_pipeline.py took 0.111 seconds
[2026-04-06T22:37:09.573+0000] {processor.py:161} INFO - Started process (PID=67475) to work on /opt/airflow/dags/isr_pipeline.py
[2026-04-06T22:37:09.575+0000] {processor.py:830} INFO - Processing file /opt/airflow/dags/isr_pipeline.py for tasks to queue
[2026-04-06T22:37:09.576+0000] {logging_mixin.py:188} INFO - [2026-04-06T22:37:09.576+0000] {dagbag.py:540} INFO - Filling up the DagBag from /opt/airflow/dags/isr_pipeline.py
[2026-04-06T22:37:09.594+0000] {processor.py:840} INFO - DAG(s) 'isr_pipeline' retrieved from /opt/airflow/dags/isr_pipeline.py
[2026-04-06T22:37:09.630+0000] {logging_mixin.py:188} INFO - [2026-04-06T22:37:09.630+0000] {dag.py:3096} INFO - Sync 1 DAGs
[2026-04-06T22:37:09.672+0000] {processor.py:183} INFO - Processing /opt/airflow/dags/isr_pipeline.py took 0.106 seconds
[2026-04-06T22:37:39.761+0000] {processor.py:161} INFO - Started process (PID=67480) to work on /opt/airflow/dags/isr_pipeline.py
[2026-04-06T22:37:39.762+0000] {processor.py:830} INFO - Processing file /opt/airflow/dags/isr_pipeline.py for tasks to queue
[2026-04-06T22:37:39.764+0000] {logging_mixin.py:188} INFO - [2026-04-06T22:37:39.763+0000] {dagbag.py:540} INFO - Filling up the DagBag from /opt/airflow/dags/isr_pipeline.py
[2026-04-06T22:37:39.784+0000] {processor.py:840} INFO - DAG(s) 'isr_pipeline' retrieved from /opt/airflow/dags/isr_pipeline.py
[2026-04-06T22:37:39.823+0000] {logging_mixin.py:188} INFO - [2026-04-06T22:37:39.822+0000] {dag.py:3096} INFO - Sync 1 DAGs
[2026-04-06T22:37:39.865+0000] {processor.py:183} INFO - Processing /opt/airflow/dags/isr_pipeline.py took 0.112 seconds
[2026-04-06T22:38:10.078+0000] {processor.py:161} INFO - Started process (PID=67485) to work on /opt/airflow/dags/isr_pipeline.py
[2026-04-06T22:38:10.079+0000] {processor.py:830} INFO - Processing file /opt/airflow/dags/isr_pipeline.py for tasks to queue
[2026-04-06T22:38:10.081+0000] {logging_mixin.py:188} INFO - [2026-04-06T22:38:10.080+0000] {dagbag.py:540} INFO - Filling up the DagBag from /opt/airflow/dags/isr_pipeline.py
[2026-04-06T22:38:10.099+0000] {processor.py:840} INFO - DAG(s) 'isr_pipeline' retrieved from /opt/airflow/dags/isr_pipeline.py
[2026-04-06T22:38:10.136+0000] {logging_mixin.py:188} INFO - [2026-04-06T22:38:10.136+0000] {dag.py:3096} INFO - Sync 1 DAGs
[2026-04-06T22:38:10.178+0000] {processor.py:183} INFO - Processing /opt/airflow/dags/isr_pipeline.py took 0.107 seconds
[2026-04-06T22:38:40.244+0000] {processor.py:161} INFO - Started process (PID=67490) to work on /opt/airflow/dags/isr_pipeline.py
[2026-04-06T22:38:40.246+0000] {processor.py:830} INFO - Processing file /opt/airflow/dags/isr_pipeline.py for tasks to queue
[2026-04-06T22:38:40.247+0000] {logging_mixin.py:188} INFO - [2026-04-06T22:38:40.247+0000] {dagbag.py:540} INFO - Filling up the DagBag from /opt/airflow/dags/isr_pipeline.py
[2026-04-06T22:38:40.266+0000] {processor.py:840} INFO - DAG(s) 'isr_pipeline' retrieved from /opt/airflow/dags/isr_pipeline.py
[2026-04-06T22:38:40.305+0000] {logging_mixin.py:188} INFO - [2026-04-06T22:38:40.305+0000] {dag.py:3096} INFO - Sync 1 DAGs
[2026-04-06T22:38:40.348+0000] {processor.py:183} INFO - Processing /opt/airflow/dags/isr_pipeline.py took 0.111 seconds
[2026-04-06T22:39:10.498+0000] {processor.py:161} INFO - Started process (PID=67495) to work on /opt/airflow/dags/isr_pipeline.py
[2026-04-06T22:39:10.499+0000] {processor.py:830} INFO - Processing file /opt/airflow/dags/isr_pipeline.py for tasks to queue
[2026-04-06T22:39:10.501+0000] {logging_mixin.py:188} INFO - [2026-04-06T22:39:10.500+0000] {dagbag.py:540} INFO - Filling up the DagBag from /opt/airflow/dags/isr_pipeline.py
[2026-04-06T22:39:10.519+0000] {processor.py:840} INFO - DAG(s) 'isr_pipeline' retrieved from /opt/airflow/dags/isr_pipeline.py
[2026-04-06T22:39:10.556+0000] {logging_mixin.py:188} INFO - [2026-04-06T22:39:10.555+0000] {dag.py:3096} INFO - Sync 1 DAGs
[2026-04-06T22:39:10.596+0000] {processor.py:183} INFO - Processing /opt/airflow/dags/isr_pipeline.py took 0.106 seconds
[2026-04-06T22:39:40.678+0000] {processor.py:161} INFO - Started process (PID=67500) to work on /opt/airflow/dags/isr_pipeline.py
[2026-04-06T22:39:40.680+0000] {processor.py:830} INFO - Processing file /opt/airflow/dags/isr_pipeline.py for tasks to queue
[2026-04-06T22:39:40.681+0000] {logging_mixin.py:188} INFO - [2026-04-06T22:39:40.681+0000] {dagbag.py:540} INFO - Filling up the DagBag from /opt/airflow/dags/isr_pipeline.py
[2026-04-06T22:39:40.699+0000] {processor.py:840} INFO - DAG(s) 'isr_pipeline' retrieved from /opt/airflow/dags/isr_pipeline.py
[2026-04-06T22:39:40.737+0000] {logging_mixin.py:188} INFO - [2026-04-06T22:39:40.737+0000] {dag.py:3096} INFO - Sync 1 DAGs
[2026-04-06T22:39:40.778+0000] {processor.py:183} INFO - Processing /opt/airflow/dags/isr_pipeline.py took 0.108 seconds
[2026-04-06T22:40:10.942+0000] {processor.py:161} INFO - Started process (PID=67505) to work on /opt/airflow/dags/isr_pipeline.py
[2026-04-06T22:40:10.943+0000] {processor.py:830} INFO - Processing file /opt/airflow/dags/isr_pipeline.py for tasks to queue
[2026-04-06T22:40:10.945+0000] {logging_mixin.py:188} INFO - [2026-04-06T22:40:10.945+0000] {dagbag.py:540} INFO - Filling up the DagBag from /opt/airflow/dags/isr_pipeline.py
[2026-04-06T22:40:10.964+0000] {processor.py:840} INFO - DAG(s) 'isr_pipeline' retrieved from /opt/airflow/dags/isr_pipeline.py
[2026-04-06T22:40:11.003+0000] {logging_mixin.py:188} INFO - [2026-04-06T22:40:11.002+0000] {dag.py:3096} INFO - Sync 1 DAGs
[2026-04-06T22:40:11.046+0000] {processor.py:183} INFO - Processing /opt/airflow/dags/isr_pipeline.py took 0.112 seconds
[2026-04-06T22:40:41.221+0000] {processor.py:161} INFO - Started process (PID=67510) to work on /opt/airflow/dags/isr_pipeline.py
[2026-04-06T22:40:41.222+0000] {processor.py:830} INFO - Processing file /opt/airflow/dags/isr_pipeline.py for tasks to queue
[2026-04-06T22:40:41.224+0000] {logging_mixin.py:188} INFO - [2026-04-06T22:40:41.223+0000] {dagbag.py:540} INFO - Filling up the DagBag from /opt/airflow/dags/isr_pipeline.py
[2026-04-06T22:40:41.242+0000] {processor.py:840} INFO - DAG(s) 'isr_pipeline' retrieved from /opt/airflow/dags/isr_pipeline.py
[2026-04-06T22:40:41.282+0000] {logging_mixin.py:188} INFO - [2026-04-06T22:40:41.282+0000] {dag.py:3096} INFO - Sync 1 DAGs
[2026-04-06T22:40:41.327+0000] {processor.py:183} INFO - Processing /opt/airflow/dags/isr_pipeline.py took 0.115 seconds
[2026-04-06T22:41:11.503+0000] {processor.py:161} INFO - Started process (PID=67515) to work on /opt/airflow/dags/isr_pipeline.py
[2026-04-06T22:41:11.504+0000] {processor.py:830} INFO - Processing file /opt/airflow/dags/isr_pipeline.py for tasks to queue
[2026-04-06T22:41:11.506+0000] {logging_mixin.py:188} INFO - [2026-04-06T22:41:11.506+0000] {dagbag.py:540} INFO - Filling up the DagBag from /opt/airflow/dags/isr_pipeline.py
[2026-04-06T22:41:11.524+0000] {processor.py:840} INFO - DAG(s) 'isr_pipeline' retrieved from /opt/airflow/dags/isr_pipeline.py
[2026-04-06T22:41:11.562+0000] {logging_mixin.py:188} INFO - [2026-04-06T22:41:11.561+0000] {dag.py:3096} INFO - Sync 1 DAGs
[2026-04-06T22:41:11.603+0000] {processor.py:183} INFO - Processing /opt/airflow/dags/isr_pipeline.py took 0.110 seconds
[2026-04-06T22:41:41.649+0000] {processor.py:161} INFO - Started process (PID=67520) to work on /opt/airflow/dags/isr_pipeline.py
[2026-04-06T22:41:41.650+0000] {processor.py:830} INFO - Processing file /opt/airflow/dags/isr_pipeline.py for tasks to queue
[2026-04-06T22:41:41.651+0000] {logging_mixin.py:188} INFO - [2026-04-06T22:41:41.651+0000] {dagbag.py:540} INFO - Filling up the DagBag from /opt/airflow/dags/isr_pipeline.py
[2026-04-06T22:41:41.669+0000] {processor.py:840} INFO - DAG(s) 'isr_pipeline' retrieved from /opt/airflow/dags/isr_pipeline.py
[2026-04-06T22:41:41.706+0000] {logging_mixin.py:188} INFO - [2026-04-06T22:41:41.706+0000] {dag.py:3096} INFO - Sync 1 DAGs
[2026-04-06T22:41:41.747+0000] {processor.py:183} INFO - Processing /opt/airflow/dags/isr_pipeline.py took 0.106 seconds
[2026-04-06T22:42:11.950+0000] {processor.py:161} INFO - Started process (PID=67525) to work on /opt/airflow/dags/isr_pipeline.py
[2026-04-06T22:42:11.951+0000] {processor.py:830} INFO - Processing file /opt/airflow/dags/isr_pipeline.py for tasks to queue
[2026-04-06T22:42:11.952+0000] {logging_mixin.py:188} INFO - [2026-04-06T22:42:11.952+0000] {dagbag.py:540} INFO - Filling up the DagBag from /opt/airflow/dags/isr_pipeline.py
[2026-04-06T22:42:11.972+0000] {processor.py:840} INFO - DAG(s) 'isr_pipeline' retrieved from /opt/airflow/dags/isr_pipeline.py
[2026-04-06T22:42:12.011+0000] {logging_mixin.py:188} INFO - [2026-04-06T22:42:12.010+0000] {dag.py:3096} INFO - Sync 1 DAGs
[2026-04-06T22:42:12.057+0000] {processor.py:183} INFO - Processing /opt/airflow/dags/isr_pipeline.py took 0.114 seconds
[2026-04-06T22:42:42.130+0000] {processor.py:161} INFO - Started process (PID=67530) to work on /opt/airflow/dags/isr_pipeline.py
[2026-04-06T22:42:42.134+0000] {processor.py:830} INFO - Processing file /opt/airflow/dags/isr_pipeline.py for tasks to queue
[2026-04-06T22:42:42.135+0000] {logging_mixin.py:188} INFO - [2026-04-06T22:42:42.135+0000] {dagbag.py:540} INFO - Filling up the DagBag from /opt/airflow/dags/isr_pipeline.py
[2026-04-06T22:42:42.154+0000] {processor.py:840} INFO - DAG(s) 'isr_pipeline' retrieved from /opt/airflow/dags/isr_pipeline.py
[2026-04-06T22:42:42.192+0000] {logging_mixin.py:188} INFO - [2026-04-06T22:42:42.192+0000] {dag.py:3096} INFO - Sync 1 DAGs
[2026-04-06T22:42:42.234+0000] {processor.py:183} INFO - Processing /opt/airflow/dags/isr_pipeline.py took 0.112 seconds
[2026-04-06T22:43:12.399+0000] {processor.py:161} INFO - Started process (PID=67535) to work on /opt/airflow/dags/isr_pipeline.py
[2026-04-06T22:43:12.401+0000] {processor.py:830} INFO - Processing file /opt/airflow/dags/isr_pipeline.py for tasks to queue
[2026-04-06T22:43:12.402+0000] {logging_mixin.py:188} INFO - [2026-04-06T22:43:12.402+0000] {dagbag.py:540} INFO - Filling up the DagBag from /opt/airflow/dags/isr_pipeline.py
[2026-04-06T22:43:12.422+0000] {processor.py:840} INFO - DAG(s) 'isr_pipeline' retrieved from /opt/airflow/dags/isr_pipeline.py
[2026-04-06T22:43:12.463+0000] {logging_mixin.py:188} INFO - [2026-04-06T22:43:12.462+0000] {dag.py:3096} INFO - Sync 1 DAGs
[2026-04-06T22:43:12.508+0000] {processor.py:183} INFO - Processing /opt/airflow/dags/isr_pipeline.py took 0.118 seconds
[2026-04-06T22:43:42.625+0000] {processor.py:161} INFO - Started process (PID=67540) to work on /opt/airflow/dags/isr_pipeline.py
[2026-04-06T22:43:42.627+0000] {processor.py:830} INFO - Processing file /opt/airflow/dags/isr_pipeline.py for tasks to queue
[2026-04-06T22:43:42.628+0000] {logging_mixin.py:188} INFO - [2026-04-06T22:43:42.628+0000] {dagbag.py:540} INFO - Filling up the DagBag from /opt/airflow/dags/isr_pipeline.py
[2026-04-06T22:43:42.649+0000] {processor.py:840} INFO - DAG(s) 'isr_pipeline' retrieved from /opt/airflow/dags/isr_pipeline.py
[2026-04-06T22:43:42.690+0000] {logging_mixin.py:188} INFO - [2026-04-06T22:43:42.690+0000] {dag.py:3096} INFO - Sync 1 DAGs
[2026-04-06T22:43:42.745+0000] {processor.py:183} INFO - Processing /opt/airflow/dags/isr_pipeline.py took 0.129 seconds
[2026-04-06T22:44:12.871+0000] {processor.py:161} INFO - Started process (PID=67545) to work on /opt/airflow/dags/isr_pipeline.py
[2026-04-06T22:44:12.875+0000] {processor.py:830} INFO - Processing file /opt/airflow/dags/isr_pipeline.py for tasks to queue
[2026-04-06T22:44:12.877+0000] {logging_mixin.py:188} INFO - [2026-04-06T22:44:12.876+0000] {dagbag.py:540} INFO - Filling up the DagBag from /opt/airflow/dags/isr_pipeline.py
[2026-04-06T22:44:12.899+0000] {processor.py:840} INFO - DAG(s) 'isr_pipeline' retrieved from /opt/airflow/dags/isr_pipeline.py
[2026-04-06T22:44:12.947+0000] {logging_mixin.py:188} INFO - [2026-04-06T22:44:12.946+0000] {dag.py:3096} INFO - Sync 1 DAGs
[2026-04-06T22:44:13.013+0000] {processor.py:183} INFO - Processing /opt/airflow/dags/isr_pipeline.py took 0.152 seconds
[2026-04-06T22:44:43.271+0000] {processor.py:161} INFO - Started process (PID=67550) to work on /opt/airflow/dags/isr_pipeline.py
[2026-04-06T22:44:43.273+0000] {processor.py:830} INFO - Processing file /opt/airflow/dags/isr_pipeline.py for tasks to queue
[2026-04-06T22:44:43.276+0000] {logging_mixin.py:188} INFO - [2026-04-06T22:44:43.275+0000] {dagbag.py:540} INFO - Filling up the DagBag from /opt/airflow/dags/isr_pipeline.py
[2026-04-06T22:44:43.304+0000] {processor.py:840} INFO - DAG(s) 'isr_pipeline' retrieved from /opt/airflow/dags/isr_pipeline.py
[2026-04-06T22:44:43.365+0000] {logging_mixin.py:188} INFO - [2026-04-06T22:44:43.365+0000] {dag.py:3096} INFO - Sync 1 DAGs
[2026-04-06T22:44:43.423+0000] {processor.py:183} INFO - Processing /opt/airflow/dags/isr_pipeline.py took 0.161 seconds
[2026-04-06T22:45:13.574+0000] {processor.py:161} INFO - Started process (PID=67555) to work on /opt/airflow/dags/isr_pipeline.py
[2026-04-06T22:45:13.576+0000] {processor.py:830} INFO - Processing file /opt/airflow/dags/isr_pipeline.py for tasks to queue
[2026-04-06T22:45:13.577+0000] {logging_mixin.py:188} INFO - [2026-04-06T22:45:13.577+0000] {dagbag.py:540} INFO - Filling up the DagBag from /opt/airflow/dags/isr_pipeline.py
[2026-04-06T22:45:13.597+0000] {processor.py:840} INFO - DAG(s) 'isr_pipeline' retrieved from /opt/airflow/dags/isr_pipeline.py
[2026-04-06T22:45:13.636+0000] {logging_mixin.py:188} INFO - [2026-04-06T22:45:13.636+0000] {dag.py:3096} INFO - Sync 1 DAGs
[2026-04-06T22:45:13.680+0000] {processor.py:183} INFO - Processing /opt/airflow/dags/isr_pipeline.py took 0.115 seconds
[2026-04-06T22:45:43.843+0000] {processor.py:161} INFO - Started process (PID=67560) to work on /opt/airflow/dags/isr_pipeline.py
[2026-04-06T22:45:43.846+0000] {processor.py:830} INFO - Processing file /opt/airflow/dags/isr_pipeline.py for tasks to queue
[2026-04-06T22:45:43.848+0000] {logging_mixin.py:188} INFO - [2026-04-06T22:45:43.847+0000] {dagbag.py:540} INFO - Filling up the DagBag from /opt/airflow/dags/isr_pipeline.py
[2026-04-06T22:45:43.868+0000] {processor.py:840} INFO - DAG(s) 'isr_pipeline' retrieved from /opt/airflow/dags/isr_pipeline.py
[2026-04-06T22:45:43.908+0000] {logging_mixin.py:188} INFO - [2026-04-06T22:45:43.908+0000] {dag.py:3096} INFO - Sync 1 DAGs
[2026-04-06T22:45:43.954+0000] {processor.py:183} INFO - Processing /opt/airflow/dags/isr_pipeline.py took 0.120 seconds
[2026-04-06T22:46:14.200+0000] {processor.py:161} INFO - Started process (PID=67565) to work on /opt/airflow/dags/isr_pipeline.py
[2026-04-06T22:46:14.203+0000] {processor.py:830} INFO - Processing file /opt/airflow/dags/isr_pipeline.py for tasks to queue
[2026-04-06T22:46:14.204+0000] {logging_mixin.py:188} INFO - [2026-04-06T22:46:14.204+0000] {dagbag.py:540} INFO - Filling up the DagBag from /opt/airflow/dags/isr_pipeline.py
[2026-04-06T22:46:14.224+0000] {processor.py:840} INFO - DAG(s) 'isr_pipeline' retrieved from /opt/airflow/dags/isr_pipeline.py
[2026-04-06T22:46:14.266+0000] {logging_mixin.py:188} INFO - [2026-04-06T22:46:14.266+0000] {dag.py:3096} INFO - Sync 1 DAGs
[2026-04-06T22:46:14.314+0000] {processor.py:183} INFO - Processing /opt/airflow/dags/isr_pipeline.py took 0.122 seconds
[2026-04-06T22:46:44.358+0000] {processor.py:161} INFO - Started process (PID=67570) to work on /opt/airflow/dags/isr_pipeline.py
[2026-04-06T22:46:44.360+0000] {processor.py:830} INFO - Processing file /opt/airflow/dags/isr_pipeline.py for tasks to queue
[2026-04-06T22:46:44.361+0000] {logging_mixin.py:188} INFO - [2026-04-06T22:46:44.361+0000] {dagbag.py:540} INFO - Filling up the DagBag from /opt/airflow/dags/isr_pipeline.py
[2026-04-06T22:46:44.380+0000] {processor.py:840} INFO - DAG(s) 'isr_pipeline' retrieved from /opt/airflow/dags/isr_pipeline.py
[2026-04-06T22:46:44.419+0000] {logging_mixin.py:188} INFO - [2026-04-06T22:46:44.419+0000] {dag.py:3096} INFO - Sync 1 DAGs
[2026-04-06T22:46:44.464+0000] {processor.py:183} INFO - Processing /opt/airflow/dags/isr_pipeline.py took 0.114 seconds
[2026-04-06T22:47:14.633+0000] {processor.py:161} INFO - Started process (PID=67575) to work on /opt/airflow/dags/isr_pipeline.py
[2026-04-06T22:47:14.634+0000] {processor.py:830} INFO - Processing file /opt/airflow/dags/isr_pipeline.py for tasks to queue
[2026-04-06T22:47:14.635+0000] {logging_mixin.py:188} INFO - [2026-04-06T22:47:14.635+0000] {dagbag.py:540} INFO - Filling up the DagBag from /opt/airflow/dags/isr_pipeline.py
[2026-04-06T22:47:14.654+0000] {processor.py:840} INFO - DAG(s) 'isr_pipeline' retrieved from /opt/airflow/dags/isr_pipeline.py
[2026-04-06T22:47:14.692+0000] {logging_mixin.py:188} INFO - [2026-04-06T22:47:14.692+0000] {dag.py:3096} INFO - Sync 1 DAGs
[2026-04-06T22:47:14.734+0000] {processor.py:183} INFO - Processing /opt/airflow/dags/isr_pipeline.py took 0.109 seconds
[2026-04-06T22:47:44.814+0000] {processor.py:161} INFO - Started process (PID=67580) to work on /opt/airflow/dags/isr_pipeline.py
[2026-04-06T22:47:44.815+0000] {processor.py:830} INFO - Processing file /opt/airflow/dags/isr_pipeline.py for tasks to queue
[2026-04-06T22:47:44.817+0000] {logging_mixin.py:188} INFO - [2026-04-06T22:47:44.816+0000] {dagbag.py:540} INFO - Filling up the DagBag from /opt/airflow/dags/isr_pipeline.py
[2026-04-06T22:47:44.836+0000] {processor.py:840} INFO - DAG(s) 'isr_pipeline' retrieved from /opt/airflow/dags/isr_pipeline.py
[2026-04-06T22:47:44.876+0000] {logging_mixin.py:188} INFO - [2026-04-06T22:47:44.876+0000] {dag.py:3096} INFO - Sync 1 DAGs
[2026-04-06T22:47:44.920+0000] {processor.py:183} INFO - Processing /opt/airflow/dags/isr_pipeline.py took 0.114 seconds
[2026-04-06T22:48:15.021+0000] {processor.py:161} INFO - Started process (PID=67585) to work on /opt/airflow/dags/isr_pipeline.py
[2026-04-06T22:48:15.022+0000] {processor.py:830} INFO - Processing file /opt/airflow/dags/isr_pipeline.py for tasks to queue
[2026-04-06T22:48:15.024+0000] {logging_mixin.py:188} INFO - [2026-04-06T22:48:15.023+0000] {dagbag.py:540} INFO - Filling up the DagBag from /opt/airflow/dags/isr_pipeline.py
[2026-04-06T22:48:15.043+0000] {processor.py:840} INFO - DAG(s) 'isr_pipeline' retrieved from /opt/airflow/dags/isr_pipeline.py
[2026-04-06T22:48:15.080+0000] {logging_mixin.py:188} INFO - [2026-04-06T22:48:15.080+0000] {dag.py:3096} INFO - Sync 1 DAGs
[2026-04-06T22:48:15.124+0000] {processor.py:183} INFO - Processing /opt/airflow/dags/isr_pipeline.py took 0.111 seconds
[2026-04-06T22:48:45.195+0000] {processor.py:161} INFO - Started process (PID=67590) to work on /opt/airflow/dags/isr_pipeline.py
[2026-04-06T22:48:45.197+0000] {processor.py:830} INFO - Processing file /opt/airflow/dags/isr_pipeline.py for tasks to queue
[2026-04-06T22:48:45.198+0000] {logging_mixin.py:188} INFO - [2026-04-06T22:48:45.198+0000] {dagbag.py:540} INFO - Filling up the DagBag from /opt/airflow/dags/isr_pipeline.py
[2026-04-06T22:48:45.217+0000] {processor.py:840} INFO - DAG(s) 'isr_pipeline' retrieved from /opt/airflow/dags/isr_pipeline.py
[2026-04-06T22:48:45.257+0000] {logging_mixin.py:188} INFO - [2026-04-06T22:48:45.257+0000] {dag.py:3096} INFO - Sync 1 DAGs
[2026-04-06T22:48:45.302+0000] {processor.py:183} INFO - Processing /opt/airflow/dags/isr_pipeline.py took 0.116 seconds
[2026-04-06T22:49:15.450+0000] {processor.py:161} INFO - Started process (PID=67595) to work on /opt/airflow/dags/isr_pipeline.py
[2026-04-06T22:49:15.452+0000] {processor.py:830} INFO - Processing file /opt/airflow/dags/isr_pipeline.py for tasks to queue
[2026-04-06T22:49:15.453+0000] {logging_mixin.py:188} INFO - [2026-04-06T22:49:15.453+0000] {dagbag.py:540} INFO - Filling up the DagBag from /opt/airflow/dags/isr_pipeline.py
[2026-04-06T22:49:15.472+0000] {processor.py:840} INFO - DAG(s) 'isr_pipeline' retrieved from /opt/airflow/dags/isr_pipeline.py
[2026-04-06T22:49:15.510+0000] {logging_mixin.py:188} INFO - [2026-04-06T22:49:15.510+0000] {dag.py:3096} INFO - Sync 1 DAGs
[2026-04-06T22:49:15.555+0000] {processor.py:183} INFO - Processing /opt/airflow/dags/isr_pipeline.py took 0.112 seconds
[2026-04-06T22:49:45.625+0000] {processor.py:161} INFO - Started process (PID=67600) to work on /opt/airflow/dags/isr_pipeline.py
[2026-04-06T22:49:45.626+0000] {processor.py:830} INFO - Processing file /opt/airflow/dags/isr_pipeline.py for tasks to queue
[2026-04-06T22:49:45.628+0000] {logging_mixin.py:188} INFO - [2026-04-06T22:49:45.627+0000] {dagbag.py:540} INFO - Filling up the DagBag from /opt/airflow/dags/isr_pipeline.py
[2026-04-06T22:49:45.646+0000] {processor.py:840} INFO - DAG(s) 'isr_pipeline' retrieved from /opt/airflow/dags/isr_pipeline.py
[2026-04-06T22:49:45.684+0000] {logging_mixin.py:188} INFO - [2026-04-06T22:49:45.684+0000] {dag.py:3096} INFO - Sync 1 DAGs
[2026-04-06T22:49:45.726+0000] {processor.py:183} INFO - Processing /opt/airflow/dags/isr_pipeline.py took 0.109 seconds
[2026-04-06T22:50:15.883+0000] {processor.py:161} INFO - Started process (PID=67605) to work on /opt/airflow/dags/isr_pipeline.py
[2026-04-06T22:50:15.884+0000] {processor.py:830} INFO - Processing file /opt/airflow/dags/isr_pipeline.py for tasks to queue
[2026-04-06T22:50:15.886+0000] {logging_mixin.py:188} INFO - [2026-04-06T22:50:15.885+0000] {dagbag.py:540} INFO - Filling up the DagBag from /opt/airflow/dags/isr_pipeline.py
[2026-04-06T22:50:15.905+0000] {processor.py:840} INFO - DAG(s) 'isr_pipeline' retrieved from /opt/airflow/dags/isr_pipeline.py
[2026-04-06T22:50:15.944+0000] {logging_mixin.py:188} INFO - [2026-04-06T22:50:15.943+0000] {dag.py:3096} INFO - Sync 1 DAGs
[2026-04-06T22:50:15.987+0000] {processor.py:183} INFO - Processing /opt/airflow/dags/isr_pipeline.py took 0.112 seconds
[2026-04-06T22:50:46.081+0000] {processor.py:161} INFO - Started process (PID=67610) to work on /opt/airflow/dags/isr_pipeline.py
[2026-04-06T22:50:46.083+0000] {processor.py:830} INFO - Processing file /opt/airflow/dags/isr_pipeline.py for tasks to queue
[2026-04-06T22:50:46.084+0000] {logging_mixin.py:188} INFO - [2026-04-06T22:50:46.084+0000] {dagbag.py:540} INFO - Filling up the DagBag from /opt/airflow/dags/isr_pipeline.py
[2026-04-06T22:50:46.103+0000] {processor.py:840} INFO - DAG(s) 'isr_pipeline' retrieved from /opt/airflow/dags/isr_pipeline.py
[2026-04-06T22:50:46.140+0000] {logging_mixin.py:188} INFO - [2026-04-06T22:50:46.140+0000] {dag.py:3096} INFO - Sync 1 DAGs
[2026-04-06T22:50:46.182+0000] {processor.py:183} INFO - Processing /opt/airflow/dags/isr_pipeline.py took 0.109 seconds
[2026-04-06T22:51:16.287+0000] {processor.py:161} INFO - Started process (PID=67615) to work on /opt/airflow/dags/isr_pipeline.py
[2026-04-06T22:51:16.289+0000] {processor.py:830} INFO - Processing file /opt/airflow/dags/isr_pipeline.py for tasks to queue
[2026-04-06T22:51:16.290+0000] {logging_mixin.py:188} INFO - [2026-04-06T22:51:16.290+0000] {dagbag.py:540} INFO - Filling up the DagBag from /opt/airflow/dags/isr_pipeline.py
[2026-04-06T22:51:16.309+0000] {processor.py:840} INFO - DAG(s) 'isr_pipeline' retrieved from /opt/airflow/dags/isr_pipeline.py
[2026-04-06T22:51:16.347+0000] {logging_mixin.py:188} INFO - [2026-04-06T22:51:16.347+0000] {dag.py:3096} INFO - Sync 1 DAGs
[2026-04-06T22:51:16.392+0000] {processor.py:183} INFO - Processing /opt/airflow/dags/isr_pipeline.py took 0.114 seconds
[2026-04-06T22:51:46.502+0000] {processor.py:161} INFO - Started process (PID=67620) to work on /opt/airflow/dags/isr_pipeline.py
[2026-04-06T22:51:46.503+0000] {processor.py:830} INFO - Processing file /opt/airflow/dags/isr_pipeline.py for tasks to queue
[2026-04-06T22:51:46.505+0000] {logging_mixin.py:188} INFO - [2026-04-06T22:51:46.505+0000] {dagbag.py:540} INFO - Filling up the DagBag from /opt/airflow/dags/isr_pipeline.py
[2026-04-06T22:51:46.524+0000] {processor.py:840} INFO - DAG(s) 'isr_pipeline' retrieved from /opt/airflow/dags/isr_pipeline.py
[2026-04-06T22:51:46.562+0000] {logging_mixin.py:188} INFO - [2026-04-06T22:51:46.562+0000] {dag.py:3096} INFO - Sync 1 DAGs
[2026-04-06T22:51:46.606+0000] {processor.py:183} INFO - Processing /opt/airflow/dags/isr_pipeline.py took 0.114 seconds
[2026-04-06T22:52:16.726+0000] {processor.py:161} INFO - Started process (PID=67625) to work on /opt/airflow/dags/isr_pipeline.py
[2026-04-06T22:52:16.727+0000] {processor.py:830} INFO - Processing file /opt/airflow/dags/isr_pipeline.py for tasks to queue
[2026-04-06T22:52:16.729+0000] {logging_mixin.py:188} INFO - [2026-04-06T22:52:16.728+0000] {dagbag.py:540} INFO - Filling up the DagBag from /opt/airflow/dags/isr_pipeline.py
[2026-04-06T22:52:16.747+0000] {processor.py:840} INFO - DAG(s) 'isr_pipeline' retrieved from /opt/airflow/dags/isr_pipeline.py
[2026-04-06T22:52:16.784+0000] {logging_mixin.py:188} INFO - [2026-04-06T22:52:16.784+0000] {dag.py:3096} INFO - Sync 1 DAGs
[2026-04-06T22:52:16.832+0000] {processor.py:183} INFO - Processing /opt/airflow/dags/isr_pipeline.py took 0.114 seconds
[2026-04-06T22:52:46.928+0000] {processor.py:161} INFO - Started process (PID=67630) to work on /opt/airflow/dags/isr_pipeline.py
[2026-04-06T22:52:46.929+0000] {processor.py:830} INFO - Processing file /opt/airflow/dags/isr_pipeline.py for tasks to queue
[2026-04-06T22:52:46.931+0000] {logging_mixin.py:188} INFO - [2026-04-06T22:52:46.931+0000] {dagbag.py:540} INFO - Filling up the DagBag from /opt/airflow/dags/isr_pipeline.py
[2026-04-06T22:52:46.950+0000] {processor.py:840} INFO - DAG(s) 'isr_pipeline' retrieved from /opt/airflow/dags/isr_pipeline.py
[2026-04-06T22:52:46.989+0000] {logging_mixin.py:188} INFO - [2026-04-06T22:52:46.989+0000] {dag.py:3096} INFO - Sync 1 DAGs
[2026-04-06T22:52:47.033+0000] {processor.py:183} INFO - Processing /opt/airflow/dags/isr_pipeline.py took 0.113 seconds
[2026-04-06T22:53:17.109+0000] {processor.py:161} INFO - Started process (PID=67635) to work on /opt/airflow/dags/isr_pipeline.py
[2026-04-06T22:53:17.110+0000] {processor.py:830} INFO - Processing file /opt/airflow/dags/isr_pipeline.py for tasks to queue
[2026-04-06T22:53:17.112+0000] {logging_mixin.py:188} INFO - [2026-04-06T22:53:17.111+0000] {dagbag.py:540} INFO - Filling up the DagBag from /opt/airflow/dags/isr_pipeline.py
[2026-04-06T22:53:17.131+0000] {processor.py:840} INFO - DAG(s) 'isr_pipeline' retrieved from /opt/airflow/dags/isr_pipeline.py
[2026-04-06T22:53:17.174+0000] {logging_mixin.py:188} INFO - [2026-04-06T22:53:17.174+0000] {dag.py:3096} INFO - Sync 1 DAGs
[2026-04-06T22:53:17.221+0000] {processor.py:183} INFO - Processing /opt/airflow/dags/isr_pipeline.py took 0.120 seconds
[2026-04-06T22:53:47.453+0000] {processor.py:161} INFO - Started process (PID=67640) to work on /opt/airflow/dags/isr_pipeline.py
[2026-04-06T22:53:47.454+0000] {processor.py:830} INFO - Processing file /opt/airflow/dags/isr_pipeline.py for tasks to queue
[2026-04-06T22:53:47.456+0000] {logging_mixin.py:188} INFO - [2026-04-06T22:53:47.456+0000] {dagbag.py:540} INFO - Filling up the DagBag from /opt/airflow/dags/isr_pipeline.py
[2026-04-06T22:53:47.475+0000] {processor.py:840} INFO - DAG(s) 'isr_pipeline' retrieved from /opt/airflow/dags/isr_pipeline.py
[2026-04-06T22:53:47.516+0000] {logging_mixin.py:188} INFO - [2026-04-06T22:53:47.516+0000] {dag.py:3096} INFO - Sync 1 DAGs
[2026-04-06T22:53:47.562+0000] {processor.py:183} INFO - Processing /opt/airflow/dags/isr_pipeline.py took 0.116 seconds
[2026-04-06T22:54:17.648+0000] {processor.py:161} INFO - Started process (PID=67645) to work on /opt/airflow/dags/isr_pipeline.py
[2026-04-06T22:54:17.654+0000] {processor.py:830} INFO - Processing file /opt/airflow/dags/isr_pipeline.py for tasks to queue
[2026-04-06T22:54:17.657+0000] {logging_mixin.py:188} INFO - [2026-04-06T22:54:17.656+0000] {dagbag.py:540} INFO - Filling up the DagBag from /opt/airflow/dags/isr_pipeline.py
[2026-04-06T22:54:17.692+0000] {processor.py:840} INFO - DAG(s) 'isr_pipeline' retrieved from /opt/airflow/dags/isr_pipeline.py
[2026-04-06T22:54:17.754+0000] {logging_mixin.py:188} INFO - [2026-04-06T22:54:17.753+0000] {dag.py:3096} INFO - Sync 1 DAGs
[2026-04-06T22:54:17.809+0000] {processor.py:183} INFO - Processing /opt/airflow/dags/isr_pipeline.py took 0.175 seconds
[2026-04-06T22:54:47.961+0000] {processor.py:161} INFO - Started process (PID=67650) to work on /opt/airflow/dags/isr_pipeline.py
[2026-04-06T22:54:47.963+0000] {processor.py:830} INFO - Processing file /opt/airflow/dags/isr_pipeline.py for tasks to queue
[2026-04-06T22:54:47.965+0000] {logging_mixin.py:188} INFO - [2026-04-06T22:54:47.965+0000] {dagbag.py:540} INFO - Filling up the DagBag from /opt/airflow/dags/isr_pipeline.py
[2026-04-06T22:54:47.992+0000] {processor.py:840} INFO - DAG(s) 'isr_pipeline' retrieved from /opt/airflow/dags/isr_pipeline.py
[2026-04-06T22:54:48.042+0000] {logging_mixin.py:188} INFO - [2026-04-06T22:54:48.041+0000] {dag.py:3096} INFO - Sync 1 DAGs
[2026-04-06T22:54:48.092+0000] {processor.py:183} INFO - Processing /opt/airflow/dags/isr_pipeline.py took 0.138 seconds
[2026-04-06T22:55:18.172+0000] {processor.py:161} INFO - Started process (PID=67655) to work on /opt/airflow/dags/isr_pipeline.py
[2026-04-06T22:55:18.174+0000] {processor.py:830} INFO - Processing file /opt/airflow/dags/isr_pipeline.py for tasks to queue
[2026-04-06T22:55:18.176+0000] {logging_mixin.py:188} INFO - [2026-04-06T22:55:18.175+0000] {dagbag.py:540} INFO - Filling up the DagBag from /opt/airflow/dags/isr_pipeline.py
[2026-04-06T22:55:18.196+0000] {processor.py:840} INFO - DAG(s) 'isr_pipeline' retrieved from /opt/airflow/dags/isr_pipeline.py
[2026-04-06T22:55:18.235+0000] {logging_mixin.py:188} INFO - [2026-04-06T22:55:18.234+0000] {dag.py:3096} INFO - Sync 1 DAGs
[2026-04-06T22:55:18.278+0000] {processor.py:183} INFO - Processing /opt/airflow/dags/isr_pipeline.py took 0.113 seconds
[2026-04-06T22:55:48.417+0000] {processor.py:161} INFO - Started process (PID=67660) to work on /opt/airflow/dags/isr_pipeline.py
[2026-04-06T22:55:48.419+0000] {processor.py:830} INFO - Processing file /opt/airflow/dags/isr_pipeline.py for tasks to queue
[2026-04-06T22:55:48.420+0000] {logging_mixin.py:188} INFO - [2026-04-06T22:55:48.420+0000] {dagbag.py:540} INFO - Filling up the DagBag from /opt/airflow/dags/isr_pipeline.py
[2026-04-06T22:55:48.444+0000] {processor.py:840} INFO - DAG(s) 'isr_pipeline' retrieved from /opt/airflow/dags/isr_pipeline.py
[2026-04-06T22:55:48.486+0000] {logging_mixin.py:188} INFO - [2026-04-06T22:55:48.486+0000] {dag.py:3096} INFO - Sync 1 DAGs
[2026-04-06T22:55:48.531+0000] {processor.py:183} INFO - Processing /opt/airflow/dags/isr_pipeline.py took 0.122 seconds
[2026-04-06T22:56:18.697+0000] {processor.py:161} INFO - Started process (PID=67665) to work on /opt/airflow/dags/isr_pipeline.py
[2026-04-06T22:56:18.698+0000] {processor.py:830} INFO - Processing file /opt/airflow/dags/isr_pipeline.py for tasks to queue
[2026-04-06T22:56:18.700+0000] {logging_mixin.py:188} INFO - [2026-04-06T22:56:18.700+0000] {dagbag.py:540} INFO - Filling up the DagBag from /opt/airflow/dags/isr_pipeline.py
[2026-04-06T22:56:18.718+0000] {processor.py:840} INFO - DAG(s) 'isr_pipeline' retrieved from /opt/airflow/dags/isr_pipeline.py
[2026-04-06T22:56:18.760+0000] {logging_mixin.py:188} INFO - [2026-04-06T22:56:18.760+0000] {dag.py:3096} INFO - Sync 1 DAGs
[2026-04-06T22:56:18.809+0000] {processor.py:183} INFO - Processing /opt/airflow/dags/isr_pipeline.py took 0.123 seconds
[2026-04-06T22:56:48.935+0000] {processor.py:161} INFO - Started process (PID=67670) to work on /opt/airflow/dags/isr_pipeline.py
[2026-04-06T22:56:48.937+0000] {processor.py:830} INFO - Processing file /opt/airflow/dags/isr_pipeline.py for tasks to queue
[2026-04-06T22:56:48.939+0000] {logging_mixin.py:188} INFO - [2026-04-06T22:56:48.938+0000] {dagbag.py:540} INFO - Filling up the DagBag from /opt/airflow/dags/isr_pipeline.py
[2026-04-06T22:56:48.961+0000] {processor.py:840} INFO - DAG(s) 'isr_pipeline' retrieved from /opt/airflow/dags/isr_pipeline.py
[2026-04-06T22:56:49.006+0000] {logging_mixin.py:188} INFO - [2026-04-06T22:56:49.005+0000] {dag.py:3096} INFO - Sync 1 DAGs
[2026-04-06T22:56:49.055+0000] {processor.py:183} INFO - Processing /opt/airflow/dags/isr_pipeline.py took 0.129 seconds
[2026-04-06T22:57:19.199+0000] {processor.py:161} INFO - Started process (PID=67675) to work on /opt/airflow/dags/isr_pipeline.py
[2026-04-06T22:57:19.200+0000] {processor.py:830} INFO - Processing file /opt/airflow/dags/isr_pipeline.py for tasks to queue
[2026-04-06T22:57:19.201+0000] {logging_mixin.py:188} INFO - [2026-04-06T22:57:19.201+0000] {dagbag.py:540} INFO - Filling up the DagBag from /opt/airflow/dags/isr_pipeline.py
[2026-04-06T22:57:19.220+0000] {processor.py:840} INFO - DAG(s) 'isr_pipeline' retrieved from /opt/airflow/dags/isr_pipeline.py
[2026-04-06T22:57:19.258+0000] {logging_mixin.py:188} INFO - [2026-04-06T22:57:19.257+0000] {dag.py:3096} INFO - Sync 1 DAGs
[2026-04-06T22:57:19.301+0000] {processor.py:183} INFO - Processing /opt/airflow/dags/isr_pipeline.py took 0.110 seconds
[2026-04-06T22:57:49.405+0000] {processor.py:161} INFO - Started process (PID=67680) to work on /opt/airflow/dags/isr_pipeline.py
[2026-04-06T22:57:49.407+0000] {processor.py:830} INFO - Processing file /opt/airflow/dags/isr_pipeline.py for tasks to queue
[2026-04-06T22:57:49.408+0000] {logging_mixin.py:188} INFO - [2026-04-06T22:57:49.408+0000] {dagbag.py:540} INFO - Filling up the DagBag from /opt/airflow/dags/isr_pipeline.py
[2026-04-06T22:57:49.428+0000] {processor.py:840} INFO - DAG(s) 'isr_pipeline' retrieved from /opt/airflow/dags/isr_pipeline.py
[2026-04-06T22:57:49.467+0000] {logging_mixin.py:188} INFO - [2026-04-06T22:57:49.467+0000] {dag.py:3096} INFO - Sync 1 DAGs
[2026-04-06T22:57:49.513+0000] {processor.py:183} INFO - Processing /opt/airflow/dags/isr_pipeline.py took 0.117 seconds
[2026-04-06T22:58:19.611+0000] {processor.py:161} INFO - Started process (PID=67685) to work on /opt/airflow/dags/isr_pipeline.py
[2026-04-06T22:58:19.612+0000] {processor.py:830} INFO - Processing file /opt/airflow/dags/isr_pipeline.py for tasks to queue
[2026-04-06T22:58:19.613+0000] {logging_mixin.py:188} INFO - [2026-04-06T22:58:19.613+0000] {dagbag.py:540} INFO - Filling up the DagBag from /opt/airflow/dags/isr_pipeline.py
[2026-04-06T22:58:19.631+0000] {processor.py:840} INFO - DAG(s) 'isr_pipeline' retrieved from /opt/airflow/dags/isr_pipeline.py
[2026-04-06T22:58:19.670+0000] {logging_mixin.py:188} INFO - [2026-04-06T22:58:19.669+0000] {dag.py:3096} INFO - Sync 1 DAGs
[2026-04-06T22:58:19.712+0000] {processor.py:183} INFO - Processing /opt/airflow/dags/isr_pipeline.py took 0.109 seconds
[2026-04-06T22:58:49.803+0000] {processor.py:161} INFO - Started process (PID=67690) to work on /opt/airflow/dags/isr_pipeline.py
[2026-04-06T22:58:49.804+0000] {processor.py:830} INFO - Processing file /opt/airflow/dags/isr_pipeline.py for tasks to queue
[2026-04-06T22:58:49.805+0000] {logging_mixin.py:188} INFO - [2026-04-06T22:58:49.805+0000] {dagbag.py:540} INFO - Filling up the DagBag from /opt/airflow/dags/isr_pipeline.py
[2026-04-06T22:58:49.825+0000] {processor.py:840} INFO - DAG(s) 'isr_pipeline' retrieved from /opt/airflow/dags/isr_pipeline.py
[2026-04-06T22:58:49.863+0000] {logging_mixin.py:188} INFO - [2026-04-06T22:58:49.863+0000] {dag.py:3096} INFO - Sync 1 DAGs
[2026-04-06T22:58:49.908+0000] {processor.py:183} INFO - Processing /opt/airflow/dags/isr_pipeline.py took 0.113 seconds
[2026-04-06T22:59:20.007+0000] {processor.py:161} INFO - Started process (PID=67695) to work on /opt/airflow/dags/isr_pipeline.py
[2026-04-06T22:59:20.009+0000] {processor.py:830} INFO - Processing file /opt/airflow/dags/isr_pipeline.py for tasks to queue
[2026-04-06T22:59:20.011+0000] {logging_mixin.py:188} INFO - [2026-04-06T22:59:20.010+0000] {dagbag.py:540} INFO - Filling up the DagBag from /opt/airflow/dags/isr_pipeline.py
[2026-04-06T22:59:20.032+0000] {processor.py:840} INFO - DAG(s) 'isr_pipeline' retrieved from /opt/airflow/dags/isr_pipeline.py
[2026-04-06T22:59:20.073+0000] {logging_mixin.py:188} INFO - [2026-04-06T22:59:20.072+0000] {dag.py:3096} INFO - Sync 1 DAGs
[2026-04-06T22:59:20.118+0000] {processor.py:183} INFO - Processing /opt/airflow/dags/isr_pipeline.py took 0.120 seconds
[2026-04-06T22:59:50.210+0000] {processor.py:161} INFO - Started process (PID=67700) to work on /opt/airflow/dags/isr_pipeline.py
[2026-04-06T22:59:50.212+0000] {processor.py:830} INFO - Processing file /opt/airflow/dags/isr_pipeline.py for tasks to queue
[2026-04-06T22:59:50.214+0000] {logging_mixin.py:188} INFO - [2026-04-06T22:59:50.213+0000] {dagbag.py:540} INFO - Filling up the DagBag from /opt/airflow/dags/isr_pipeline.py
[2026-04-06T22:59:50.234+0000] {processor.py:840} INFO - DAG(s) 'isr_pipeline' retrieved from /opt/airflow/dags/isr_pipeline.py
[2026-04-06T22:59:50.275+0000] {logging_mixin.py:188} INFO - [2026-04-06T22:59:50.274+0000] {dag.py:3096} INFO - Sync 1 DAGs
[2026-04-06T22:59:50.322+0000] {processor.py:183} INFO - Processing /opt/airflow/dags/isr_pipeline.py took 0.122 seconds
[2026-04-06T23:00:20.401+0000] {processor.py:161} INFO - Started process (PID=67705) to work on /opt/airflow/dags/isr_pipeline.py
[2026-04-06T23:00:20.403+0000] {processor.py:830} INFO - Processing file /opt/airflow/dags/isr_pipeline.py for tasks to queue
[2026-04-06T23:00:20.404+0000] {logging_mixin.py:188} INFO - [2026-04-06T23:00:20.404+0000] {dagbag.py:540} INFO - Filling up the DagBag from /opt/airflow/dags/isr_pipeline.py
[2026-04-06T23:00:20.422+0000] {processor.py:840} INFO - DAG(s) 'isr_pipeline' retrieved from /opt/airflow/dags/isr_pipeline.py
[2026-04-06T23:00:20.460+0000] {logging_mixin.py:188} INFO - [2026-04-06T23:00:20.460+0000] {dag.py:3096} INFO - Sync 1 DAGs
[2026-04-06T23:00:20.502+0000] {processor.py:183} INFO - Processing /opt/airflow/dags/isr_pipeline.py took 0.108 seconds
[2026-04-06T23:00:50.629+0000] {processor.py:161} INFO - Started process (PID=67710) to work on /opt/airflow/dags/isr_pipeline.py
[2026-04-06T23:00:50.631+0000] {processor.py:830} INFO - Processing file /opt/airflow/dags/isr_pipeline.py for tasks to queue
[2026-04-06T23:00:50.632+0000] {logging_mixin.py:188} INFO - [2026-04-06T23:00:50.632+0000] {dagbag.py:540} INFO - Filling up the DagBag from /opt/airflow/dags/isr_pipeline.py
[2026-04-06T23:00:50.651+0000] {processor.py:840} INFO - DAG(s) 'isr_pipeline' retrieved from /opt/airflow/dags/isr_pipeline.py
[2026-04-06T23:00:50.689+0000] {logging_mixin.py:188} INFO - [2026-04-06T23:00:50.689+0000] {dag.py:3096} INFO - Sync 1 DAGs
[2026-04-06T23:00:50.732+0000] {processor.py:183} INFO - Processing /opt/airflow/dags/isr_pipeline.py took 0.110 seconds
[2026-04-06T23:01:20.890+0000] {processor.py:161} INFO - Started process (PID=67715) to work on /opt/airflow/dags/isr_pipeline.py
[2026-04-06T23:01:20.892+0000] {processor.py:830} INFO - Processing file /opt/airflow/dags/isr_pipeline.py for tasks to queue
[2026-04-06T23:01:20.894+0000] {logging_mixin.py:188} INFO - [2026-04-06T23:01:20.893+0000] {dagbag.py:540} INFO - Filling up the DagBag from /opt/airflow/dags/isr_pipeline.py
[2026-04-06T23:01:20.918+0000] {processor.py:840} INFO - DAG(s) 'isr_pipeline' retrieved from /opt/airflow/dags/isr_pipeline.py
[2026-04-06T23:01:20.958+0000] {logging_mixin.py:188} INFO - [2026-04-06T23:01:20.958+0000] {dag.py:3096} INFO - Sync 1 DAGs
[2026-04-06T23:01:21.002+0000] {processor.py:183} INFO - Processing /opt/airflow/dags/isr_pipeline.py took 0.122 seconds
[2026-04-06T23:01:51.082+0000] {processor.py:161} INFO - Started process (PID=67720) to work on /opt/airflow/dags/isr_pipeline.py
[2026-04-06T23:01:51.083+0000] {processor.py:830} INFO - Processing file /opt/airflow/dags/isr_pipeline.py for tasks to queue
[2026-04-06T23:01:51.085+0000] {logging_mixin.py:188} INFO - [2026-04-06T23:01:51.084+0000] {dagbag.py:540} INFO - Filling up the DagBag from /opt/airflow/dags/isr_pipeline.py
[2026-04-06T23:01:51.104+0000] {processor.py:840} INFO - DAG(s) 'isr_pipeline' retrieved from /opt/airflow/dags/isr_pipeline.py
[2026-04-06T23:01:51.143+0000] {logging_mixin.py:188} INFO - [2026-04-06T23:01:51.143+0000] {dag.py:3096} INFO - Sync 1 DAGs
[2026-04-06T23:01:51.187+0000] {processor.py:183} INFO - Processing /opt/airflow/dags/isr_pipeline.py took 0.114 seconds
[2026-04-06T23:02:21.341+0000] {processor.py:161} INFO - Started process (PID=67725) to work on /opt/airflow/dags/isr_pipeline.py
[2026-04-06T23:02:21.343+0000] {processor.py:830} INFO - Processing file /opt/airflow/dags/isr_pipeline.py for tasks to queue
[2026-04-06T23:02:21.345+0000] {logging_mixin.py:188} INFO - [2026-04-06T23:02:21.344+0000] {dagbag.py:540} INFO - Filling up the DagBag from /opt/airflow/dags/isr_pipeline.py
[2026-04-06T23:02:21.366+0000] {processor.py:840} INFO - DAG(s) 'isr_pipeline' retrieved from /opt/airflow/dags/isr_pipeline.py
[2026-04-06T23:02:21.404+0000] {logging_mixin.py:188} INFO - [2026-04-06T23:02:21.403+0000] {dag.py:3096} INFO - Sync 1 DAGs
[2026-04-06T23:02:21.447+0000] {processor.py:183} INFO - Processing /opt/airflow/dags/isr_pipeline.py took 0.121 seconds
[2026-04-06T23:02:51.496+0000] {processor.py:161} INFO - Started process (PID=67730) to work on /opt/airflow/dags/isr_pipeline.py
[2026-04-06T23:02:51.498+0000] {processor.py:830} INFO - Processing file /opt/airflow/dags/isr_pipeline.py for tasks to queue
[2026-04-06T23:02:51.500+0000] {logging_mixin.py:188} INFO - [2026-04-06T23:02:51.499+0000] {dagbag.py:540} INFO - Filling up the DagBag from /opt/airflow/dags/isr_pipeline.py
[2026-04-06T23:02:51.519+0000] {processor.py:840} INFO - DAG(s) 'isr_pipeline' retrieved from /opt/airflow/dags/isr_pipeline.py
[2026-04-06T23:02:51.559+0000] {logging_mixin.py:188} INFO - [2026-04-06T23:02:51.558+0000] {dag.py:3096} INFO - Sync 1 DAGs
[2026-04-06T23:02:51.602+0000] {processor.py:183} INFO - Processing /opt/airflow/dags/isr_pipeline.py took 0.115 seconds
[2026-04-06T23:03:21.824+0000] {processor.py:161} INFO - Started process (PID=67735) to work on /opt/airflow/dags/isr_pipeline.py
[2026-04-06T23:03:21.825+0000] {processor.py:830} INFO - Processing file /opt/airflow/dags/isr_pipeline.py for tasks to queue
[2026-04-06T23:03:21.826+0000] {logging_mixin.py:188} INFO - [2026-04-06T23:03:21.826+0000] {dagbag.py:540} INFO - Filling up the DagBag from /opt/airflow/dags/isr_pipeline.py
[2026-04-06T23:03:21.845+0000] {processor.py:840} INFO - DAG(s) 'isr_pipeline' retrieved from /opt/airflow/dags/isr_pipeline.py
[2026-04-06T23:03:21.883+0000] {logging_mixin.py:188} INFO - [2026-04-06T23:03:21.883+0000] {dag.py:3096} INFO - Sync 1 DAGs
[2026-04-06T23:03:21.927+0000] {processor.py:183} INFO - Processing /opt/airflow/dags/isr_pipeline.py took 0.112 seconds
[2026-04-06T23:03:51.999+0000] {processor.py:161} INFO - Started process (PID=67740) to work on /opt/airflow/dags/isr_pipeline.py
[2026-04-06T23:03:52.001+0000] {processor.py:830} INFO - Processing file /opt/airflow/dags/isr_pipeline.py for tasks to queue
[2026-04-06T23:03:52.003+0000] {logging_mixin.py:188} INFO - [2026-04-06T23:03:52.002+0000] {dagbag.py:540} INFO - Filling up the DagBag from /opt/airflow/dags/isr_pipeline.py
[2026-04-06T23:03:52.026+0000] {processor.py:840} INFO - DAG(s) 'isr_pipeline' retrieved from /opt/airflow/dags/isr_pipeline.py
[2026-04-06T23:03:52.069+0000] {logging_mixin.py:188} INFO - [2026-04-06T23:03:52.069+0000] {dag.py:3096} INFO - Sync 1 DAGs
[2026-04-06T23:03:52.116+0000] {processor.py:183} INFO - Processing /opt/airflow/dags/isr_pipeline.py took 0.125 seconds
[2026-04-06T23:04:22.189+0000] {processor.py:161} INFO - Started process (PID=67745) to work on /opt/airflow/dags/isr_pipeline.py
[2026-04-06T23:04:22.190+0000] {processor.py:830} INFO - Processing file /opt/airflow/dags/isr_pipeline.py for tasks to queue
[2026-04-06T23:04:22.192+0000] {logging_mixin.py:188} INFO - [2026-04-06T23:04:22.191+0000] {dagbag.py:540} INFO - Filling up the DagBag from /opt/airflow/dags/isr_pipeline.py
[2026-04-06T23:04:22.210+0000] {processor.py:840} INFO - DAG(s) 'isr_pipeline' retrieved from /opt/airflow/dags/isr_pipeline.py
[2026-04-06T23:04:22.248+0000] {logging_mixin.py:188} INFO - [2026-04-06T23:04:22.248+0000] {dag.py:3096} INFO - Sync 1 DAGs
[2026-04-06T23:04:22.291+0000] {processor.py:183} INFO - Processing /opt/airflow/dags/isr_pipeline.py took 0.111 seconds
[2026-04-06T23:04:52.343+0000] {processor.py:161} INFO - Started process (PID=67750) to work on /opt/airflow/dags/isr_pipeline.py
[2026-04-06T23:04:52.345+0000] {processor.py:830} INFO - Processing file /opt/airflow/dags/isr_pipeline.py for tasks to queue
[2026-04-06T23:04:52.346+0000] {logging_mixin.py:188} INFO - [2026-04-06T23:04:52.346+0000] {dagbag.py:540} INFO - Filling up the DagBag from /opt/airflow/dags/isr_pipeline.py
[2026-04-06T23:04:52.365+0000] {processor.py:840} INFO - DAG(s) 'isr_pipeline' retrieved from /opt/airflow/dags/isr_pipeline.py
[2026-04-06T23:04:52.404+0000] {logging_mixin.py:188} INFO - [2026-04-06T23:04:52.404+0000] {dag.py:3096} INFO - Sync 1 DAGs
[2026-04-06T23:04:52.450+0000] {processor.py:183} INFO - Processing /opt/airflow/dags/isr_pipeline.py took 0.114 seconds
[2026-04-06T23:05:22.587+0000] {processor.py:161} INFO - Started process (PID=67755) to work on /opt/airflow/dags/isr_pipeline.py
[2026-04-06T23:05:22.588+0000] {processor.py:830} INFO - Processing file /opt/airflow/dags/isr_pipeline.py for tasks to queue
[2026-04-06T23:05:22.590+0000] {logging_mixin.py:188} INFO - [2026-04-06T23:05:22.590+0000] {dagbag.py:540} INFO - Filling up the DagBag from /opt/airflow/dags/isr_pipeline.py
[2026-04-06T23:05:22.608+0000] {processor.py:840} INFO - DAG(s) 'isr_pipeline' retrieved from /opt/airflow/dags/isr_pipeline.py
[2026-04-06T23:05:22.645+0000] {logging_mixin.py:188} INFO - [2026-04-06T23:05:22.645+0000] {dag.py:3096} INFO - Sync 1 DAGs
[2026-04-06T23:05:22.688+0000] {processor.py:183} INFO - Processing /opt/airflow/dags/isr_pipeline.py took 0.108 seconds
[2026-04-06T23:05:52.790+0000] {processor.py:161} INFO - Started process (PID=67760) to work on /opt/airflow/dags/isr_pipeline.py
[2026-04-06T23:05:52.792+0000] {processor.py:830} INFO - Processing file /opt/airflow/dags/isr_pipeline.py for tasks to queue
[2026-04-06T23:05:52.794+0000] {logging_mixin.py:188} INFO - [2026-04-06T23:05:52.793+0000] {dagbag.py:540} INFO - Filling up the DagBag from /opt/airflow/dags/isr_pipeline.py
[2026-04-06T23:05:52.813+0000] {processor.py:840} INFO - DAG(s) 'isr_pipeline' retrieved from /opt/airflow/dags/isr_pipeline.py
[2026-04-06T23:05:52.852+0000] {logging_mixin.py:188} INFO - [2026-04-06T23:05:52.852+0000] {dag.py:3096} INFO - Sync 1 DAGs
[2026-04-06T23:05:52.898+0000] {processor.py:183} INFO - Processing /opt/airflow/dags/isr_pipeline.py took 0.115 seconds
[2026-04-06T23:06:22.988+0000] {processor.py:161} INFO - Started process (PID=67765) to work on /opt/airflow/dags/isr_pipeline.py
[2026-04-06T23:06:22.989+0000] {processor.py:830} INFO - Processing file /opt/airflow/dags/isr_pipeline.py for tasks to queue
[2026-04-06T23:06:22.991+0000] {logging_mixin.py:188} INFO - [2026-04-06T23:06:22.990+0000] {dagbag.py:540} INFO - Filling up the DagBag from /opt/airflow/dags/isr_pipeline.py
[2026-04-06T23:06:23.010+0000] {processor.py:840} INFO - DAG(s) 'isr_pipeline' retrieved from /opt/airflow/dags/isr_pipeline.py
[2026-04-06T23:06:23.051+0000] {logging_mixin.py:188} INFO - [2026-04-06T23:06:23.050+0000] {dag.py:3096} INFO - Sync 1 DAGs
[2026-04-06T23:06:23.096+0000] {processor.py:183} INFO - Processing /opt/airflow/dags/isr_pipeline.py took 0.116 seconds
[2026-04-06T23:06:53.203+0000] {processor.py:161} INFO - Started process (PID=67770) to work on /opt/airflow/dags/isr_pipeline.py
[2026-04-06T23:06:53.204+0000] {processor.py:830} INFO - Processing file /opt/airflow/dags/isr_pipeline.py for tasks to queue
[2026-04-06T23:06:53.205+0000] {logging_mixin.py:188} INFO - [2026-04-06T23:06:53.205+0000] {dagbag.py:540} INFO - Filling up the DagBag from /opt/airflow/dags/isr_pipeline.py
[2026-04-06T23:06:53.226+0000] {processor.py:840} INFO - DAG(s) 'isr_pipeline' retrieved from /opt/airflow/dags/isr_pipeline.py
[2026-04-06T23:06:53.265+0000] {logging_mixin.py:188} INFO - [2026-04-06T23:06:53.265+0000] {dag.py:3096} INFO - Sync 1 DAGs
[2026-04-06T23:06:53.308+0000] {processor.py:183} INFO - Processing /opt/airflow/dags/isr_pipeline.py took 0.115 seconds
[2026-04-06T23:07:23.380+0000] {processor.py:161} INFO - Started process (PID=67775) to work on /opt/airflow/dags/isr_pipeline.py
[2026-04-06T23:07:23.381+0000] {processor.py:830} INFO - Processing file /opt/airflow/dags/isr_pipeline.py for tasks to queue
[2026-04-06T23:07:23.383+0000] {logging_mixin.py:188} INFO - [2026-04-06T23:07:23.382+0000] {dagbag.py:540} INFO - Filling up the DagBag from /opt/airflow/dags/isr_pipeline.py
[2026-04-06T23:07:23.403+0000] {processor.py:840} INFO - DAG(s) 'isr_pipeline' retrieved from /opt/airflow/dags/isr_pipeline.py
[2026-04-06T23:07:23.442+0000] {logging_mixin.py:188} INFO - [2026-04-06T23:07:23.442+0000] {dag.py:3096} INFO - Sync 1 DAGs
[2026-04-06T23:07:23.488+0000] {processor.py:183} INFO - Processing /opt/airflow/dags/isr_pipeline.py took 0.117 seconds
[2026-04-06T23:07:53.604+0000] {processor.py:161} INFO - Started process (PID=67780) to work on /opt/airflow/dags/isr_pipeline.py
[2026-04-06T23:07:53.605+0000] {processor.py:830} INFO - Processing file /opt/airflow/dags/isr_pipeline.py for tasks to queue
[2026-04-06T23:07:53.606+0000] {logging_mixin.py:188} INFO - [2026-04-06T23:07:53.606+0000] {dagbag.py:540} INFO - Filling up the DagBag from /opt/airflow/dags/isr_pipeline.py
[2026-04-06T23:07:53.625+0000] {processor.py:840} INFO - DAG(s) 'isr_pipeline' retrieved from /opt/airflow/dags/isr_pipeline.py
[2026-04-06T23:07:53.662+0000] {logging_mixin.py:188} INFO - [2026-04-06T23:07:53.662+0000] {dag.py:3096} INFO - Sync 1 DAGs
[2026-04-06T23:07:53.704+0000] {processor.py:183} INFO - Processing /opt/airflow/dags/isr_pipeline.py took 0.109 seconds
[2026-04-06T23:08:23.798+0000] {processor.py:161} INFO - Started process (PID=67785) to work on /opt/airflow/dags/isr_pipeline.py
[2026-04-06T23:08:23.800+0000] {processor.py:830} INFO - Processing file /opt/airflow/dags/isr_pipeline.py for tasks to queue
[2026-04-06T23:08:23.801+0000] {logging_mixin.py:188} INFO - [2026-04-06T23:08:23.801+0000] {dagbag.py:540} INFO - Filling up the DagBag from /opt/airflow/dags/isr_pipeline.py
[2026-04-06T23:08:23.823+0000] {processor.py:840} INFO - DAG(s) 'isr_pipeline' retrieved from /opt/airflow/dags/isr_pipeline.py
[2026-04-06T23:08:23.864+0000] {logging_mixin.py:188} INFO - [2026-04-06T23:08:23.864+0000] {dag.py:3096} INFO - Sync 1 DAGs
[2026-04-06T23:08:23.913+0000] {processor.py:183} INFO - Processing /opt/airflow/dags/isr_pipeline.py took 0.123 seconds
[2026-04-06T23:08:54.070+0000] {processor.py:161} INFO - Started process (PID=67790) to work on /opt/airflow/dags/isr_pipeline.py
[2026-04-06T23:08:54.072+0000] {processor.py:830} INFO - Processing file /opt/airflow/dags/isr_pipeline.py for tasks to queue
[2026-04-06T23:08:54.074+0000] {logging_mixin.py:188} INFO - [2026-04-06T23:08:54.073+0000] {dagbag.py:540} INFO - Filling up the DagBag from /opt/airflow/dags/isr_pipeline.py
[2026-04-06T23:08:54.093+0000] {processor.py:840} INFO - DAG(s) 'isr_pipeline' retrieved from /opt/airflow/dags/isr_pipeline.py
[2026-04-06T23:08:54.132+0000] {logging_mixin.py:188} INFO - [2026-04-06T23:08:54.132+0000] {dag.py:3096} INFO - Sync 1 DAGs
[2026-04-06T23:08:54.176+0000] {processor.py:183} INFO - Processing /opt/airflow/dags/isr_pipeline.py took 0.114 seconds
[2026-04-06T23:09:24.343+0000] {processor.py:161} INFO - Started process (PID=67795) to work on /opt/airflow/dags/isr_pipeline.py
[2026-04-06T23:09:24.345+0000] {processor.py:830} INFO - Processing file /opt/airflow/dags/isr_pipeline.py for tasks to queue
[2026-04-06T23:09:24.347+0000] {logging_mixin.py:188} INFO - [2026-04-06T23:09:24.346+0000] {dagbag.py:540} INFO - Filling up the DagBag from /opt/airflow/dags/isr_pipeline.py
[2026-04-06T23:09:24.366+0000] {processor.py:840} INFO - DAG(s) 'isr_pipeline' retrieved from /opt/airflow/dags/isr_pipeline.py
[2026-04-06T23:09:24.406+0000] {logging_mixin.py:188} INFO - [2026-04-06T23:09:24.406+0000] {dag.py:3096} INFO - Sync 1 DAGs
[2026-04-06T23:09:24.452+0000] {processor.py:183} INFO - Processing /opt/airflow/dags/isr_pipeline.py took 0.116 seconds
[2026-04-06T23:09:54.614+0000] {processor.py:161} INFO - Started process (PID=67800) to work on /opt/airflow/dags/isr_pipeline.py
[2026-04-06T23:09:54.617+0000] {processor.py:830} INFO - Processing file /opt/airflow/dags/isr_pipeline.py for tasks to queue
[2026-04-06T23:09:54.618+0000] {logging_mixin.py:188} INFO - [2026-04-06T23:09:54.618+0000] {dagbag.py:540} INFO - Filling up the DagBag from /opt/airflow/dags/isr_pipeline.py
[2026-04-06T23:09:54.637+0000] {processor.py:840} INFO - DAG(s) 'isr_pipeline' retrieved from /opt/airflow/dags/isr_pipeline.py
[2026-04-06T23:09:54.675+0000] {logging_mixin.py:188} INFO - [2026-04-06T23:09:54.675+0000] {dag.py:3096} INFO - Sync 1 DAGs
[2026-04-06T23:09:54.717+0000] {processor.py:183} INFO - Processing /opt/airflow/dags/isr_pipeline.py took 0.111 seconds
[2026-04-06T23:10:24.878+0000] {processor.py:161} INFO - Started process (PID=67805) to work on /opt/airflow/dags/isr_pipeline.py
[2026-04-06T23:10:24.880+0000] {processor.py:830} INFO - Processing file /opt/airflow/dags/isr_pipeline.py for tasks to queue
[2026-04-06T23:10:24.882+0000] {logging_mixin.py:188} INFO - [2026-04-06T23:10:24.881+0000] {dagbag.py:540} INFO - Filling up the DagBag from /opt/airflow/dags/isr_pipeline.py
[2026-04-06T23:10:24.901+0000] {processor.py:840} INFO - DAG(s) 'isr_pipeline' retrieved from /opt/airflow/dags/isr_pipeline.py
[2026-04-06T23:10:24.941+0000] {logging_mixin.py:188} INFO - [2026-04-06T23:10:24.941+0000] {dag.py:3096} INFO - Sync 1 DAGs
[2026-04-06T23:10:24.986+0000] {processor.py:183} INFO - Processing /opt/airflow/dags/isr_pipeline.py took 0.116 seconds
[2026-04-06T23:10:55.138+0000] {processor.py:161} INFO - Started process (PID=67810) to work on /opt/airflow/dags/isr_pipeline.py
[2026-04-06T23:10:55.140+0000] {processor.py:830} INFO - Processing file /opt/airflow/dags/isr_pipeline.py for tasks to queue
[2026-04-06T23:10:55.141+0000] {logging_mixin.py:188} INFO - [2026-04-06T23:10:55.141+0000] {dagbag.py:540} INFO - Filling up the DagBag from /opt/airflow/dags/isr_pipeline.py
[2026-04-06T23:10:55.161+0000] {processor.py:840} INFO - DAG(s) 'isr_pipeline' retrieved from /opt/airflow/dags/isr_pipeline.py
[2026-04-06T23:10:55.199+0000] {logging_mixin.py:188} INFO - [2026-04-06T23:10:55.199+0000] {dag.py:3096} INFO - Sync 1 DAGs
[2026-04-06T23:10:55.247+0000] {processor.py:183} INFO - Processing /opt/airflow/dags/isr_pipeline.py took 0.117 seconds
[2026-04-06T23:11:25.392+0000] {processor.py:161} INFO - Started process (PID=67815) to work on /opt/airflow/dags/isr_pipeline.py
[2026-04-06T23:11:25.393+0000] {processor.py:830} INFO - Processing file /opt/airflow/dags/isr_pipeline.py for tasks to queue
[2026-04-06T23:11:25.395+0000] {logging_mixin.py:188} INFO - [2026-04-06T23:11:25.394+0000] {dagbag.py:540} INFO - Filling up the DagBag from /opt/airflow/dags/isr_pipeline.py
[2026-04-06T23:11:25.414+0000] {processor.py:840} INFO - DAG(s) 'isr_pipeline' retrieved from /opt/airflow/dags/isr_pipeline.py
[2026-04-06T23:11:25.454+0000] {logging_mixin.py:188} INFO - [2026-04-06T23:11:25.453+0000] {dag.py:3096} INFO - Sync 1 DAGs
[2026-04-06T23:11:25.499+0000] {processor.py:183} INFO - Processing /opt/airflow/dags/isr_pipeline.py took 0.116 seconds
[2026-04-06T23:11:55.650+0000] {processor.py:161} INFO - Started process (PID=67820) to work on /opt/airflow/dags/isr_pipeline.py
[2026-04-06T23:11:55.652+0000] {processor.py:830} INFO - Processing file /opt/airflow/dags/isr_pipeline.py for tasks to queue
[2026-04-06T23:11:55.654+0000] {logging_mixin.py:188} INFO - [2026-04-06T23:11:55.653+0000] {dagbag.py:540} INFO - Filling up the DagBag from /opt/airflow/dags/isr_pipeline.py
[2026-04-06T23:11:55.672+0000] {processor.py:840} INFO - DAG(s) 'isr_pipeline' retrieved from /opt/airflow/dags/isr_pipeline.py
[2026-04-06T23:11:55.713+0000] {logging_mixin.py:188} INFO - [2026-04-06T23:11:55.712+0000] {dag.py:3096} INFO - Sync 1 DAGs
[2026-04-06T23:11:55.756+0000] {processor.py:183} INFO - Processing /opt/airflow/dags/isr_pipeline.py took 0.114 seconds
[2026-04-06T23:12:25.806+0000] {processor.py:161} INFO - Started process (PID=67825) to work on /opt/airflow/dags/isr_pipeline.py
[2026-04-06T23:12:25.808+0000] {processor.py:830} INFO - Processing file /opt/airflow/dags/isr_pipeline.py for tasks to queue
[2026-04-06T23:12:25.810+0000] {logging_mixin.py:188} INFO - [2026-04-06T23:12:25.809+0000] {dagbag.py:540} INFO - Filling up the DagBag from /opt/airflow/dags/isr_pipeline.py
[2026-04-06T23:12:25.830+0000] {processor.py:840} INFO - DAG(s) 'isr_pipeline' retrieved from /opt/airflow/dags/isr_pipeline.py
[2026-04-06T23:12:25.868+0000] {logging_mixin.py:188} INFO - [2026-04-06T23:12:25.868+0000] {dag.py:3096} INFO - Sync 1 DAGs
[2026-04-06T23:12:25.912+0000] {processor.py:183} INFO - Processing /opt/airflow/dags/isr_pipeline.py took 0.114 seconds
[2026-04-06T23:12:56.155+0000] {processor.py:161} INFO - Started process (PID=67830) to work on /opt/airflow/dags/isr_pipeline.py
[2026-04-06T23:12:56.156+0000] {processor.py:830} INFO - Processing file /opt/airflow/dags/isr_pipeline.py for tasks to queue
[2026-04-06T23:12:56.157+0000] {logging_mixin.py:188} INFO - [2026-04-06T23:12:56.157+0000] {dagbag.py:540} INFO - Filling up the DagBag from /opt/airflow/dags/isr_pipeline.py
[2026-04-06T23:12:56.176+0000] {processor.py:840} INFO - DAG(s) 'isr_pipeline' retrieved from /opt/airflow/dags/isr_pipeline.py
[2026-04-06T23:12:56.213+0000] {logging_mixin.py:188} INFO - [2026-04-06T23:12:56.212+0000] {dag.py:3096} INFO - Sync 1 DAGs
[2026-04-06T23:12:56.255+0000] {processor.py:183} INFO - Processing /opt/airflow/dags/isr_pipeline.py took 0.107 seconds
[2026-04-06T23:13:26.343+0000] {processor.py:161} INFO - Started process (PID=67835) to work on /opt/airflow/dags/isr_pipeline.py
[2026-04-06T23:13:26.345+0000] {processor.py:830} INFO - Processing file /opt/airflow/dags/isr_pipeline.py for tasks to queue
[2026-04-06T23:13:26.347+0000] {logging_mixin.py:188} INFO - [2026-04-06T23:13:26.346+0000] {dagbag.py:540} INFO - Filling up the DagBag from /opt/airflow/dags/isr_pipeline.py
[2026-04-06T23:13:26.365+0000] {processor.py:840} INFO - DAG(s) 'isr_pipeline' retrieved from /opt/airflow/dags/isr_pipeline.py
[2026-04-06T23:13:26.404+0000] {logging_mixin.py:188} INFO - [2026-04-06T23:13:26.403+0000] {dag.py:3096} INFO - Sync 1 DAGs
[2026-04-06T23:13:26.448+0000] {processor.py:183} INFO - Processing /opt/airflow/dags/isr_pipeline.py took 0.114 seconds
[2026-04-06T23:13:56.566+0000] {processor.py:161} INFO - Started process (PID=67840) to work on /opt/airflow/dags/isr_pipeline.py
[2026-04-06T23:13:56.568+0000] {processor.py:830} INFO - Processing file /opt/airflow/dags/isr_pipeline.py for tasks to queue
[2026-04-06T23:13:56.570+0000] {logging_mixin.py:188} INFO - [2026-04-06T23:13:56.569+0000] {dagbag.py:540} INFO - Filling up the DagBag from /opt/airflow/dags/isr_pipeline.py
[2026-04-06T23:13:56.589+0000] {processor.py:840} INFO - DAG(s) 'isr_pipeline' retrieved from /opt/airflow/dags/isr_pipeline.py
[2026-04-06T23:13:56.628+0000] {logging_mixin.py:188} INFO - [2026-04-06T23:13:56.627+0000] {dag.py:3096} INFO - Sync 1 DAGs
[2026-04-06T23:13:56.672+0000] {processor.py:183} INFO - Processing /opt/airflow/dags/isr_pipeline.py took 0.115 seconds
[2026-04-06T23:14:26.821+0000] {processor.py:161} INFO - Started process (PID=67845) to work on /opt/airflow/dags/isr_pipeline.py
[2026-04-06T23:14:26.822+0000] {processor.py:830} INFO - Processing file /opt/airflow/dags/isr_pipeline.py for tasks to queue
[2026-04-06T23:14:26.824+0000] {logging_mixin.py:188} INFO - [2026-04-06T23:14:26.824+0000] {dagbag.py:540} INFO - Filling up the DagBag from /opt/airflow/dags/isr_pipeline.py
[2026-04-06T23:14:26.845+0000] {processor.py:840} INFO - DAG(s) 'isr_pipeline' retrieved from /opt/airflow/dags/isr_pipeline.py
[2026-04-06T23:14:26.883+0000] {logging_mixin.py:188} INFO - [2026-04-06T23:14:26.883+0000] {dag.py:3096} INFO - Sync 1 DAGs
[2026-04-06T23:14:26.928+0000] {processor.py:183} INFO - Processing /opt/airflow/dags/isr_pipeline.py took 0.116 seconds
[2026-04-06T23:14:57.012+0000] {processor.py:161} INFO - Started process (PID=67850) to work on /opt/airflow/dags/isr_pipeline.py
[2026-04-06T23:14:57.043+0000] {processor.py:830} INFO - Processing file /opt/airflow/dags/isr_pipeline.py for tasks to queue
[2026-04-06T23:14:57.046+0000] {logging_mixin.py:188} INFO - [2026-04-06T23:14:57.045+0000] {dagbag.py:540} INFO - Filling up the DagBag from /opt/airflow/dags/isr_pipeline.py
[2026-04-06T23:14:57.075+0000] {processor.py:840} INFO - DAG(s) 'isr_pipeline' retrieved from /opt/airflow/dags/isr_pipeline.py
[2026-04-06T23:14:57.115+0000] {logging_mixin.py:188} INFO - [2026-04-06T23:14:57.115+0000] {dag.py:3096} INFO - Sync 1 DAGs
[2026-04-06T23:14:57.160+0000] {processor.py:183} INFO - Processing /opt/airflow/dags/isr_pipeline.py took 0.156 seconds
[2026-04-06T23:15:27.298+0000] {processor.py:161} INFO - Started process (PID=67855) to work on /opt/airflow/dags/isr_pipeline.py
[2026-04-06T23:15:27.300+0000] {processor.py:830} INFO - Processing file /opt/airflow/dags/isr_pipeline.py for tasks to queue
[2026-04-06T23:15:27.301+0000] {logging_mixin.py:188} INFO - [2026-04-06T23:15:27.301+0000] {dagbag.py:540} INFO - Filling up the DagBag from /opt/airflow/dags/isr_pipeline.py
[2026-04-06T23:15:27.328+0000] {processor.py:840} INFO - DAG(s) 'isr_pipeline' retrieved from /opt/airflow/dags/isr_pipeline.py
[2026-04-06T23:15:27.369+0000] {logging_mixin.py:188} INFO - [2026-04-06T23:15:27.369+0000] {dag.py:3096} INFO - Sync 1 DAGs
[2026-04-06T23:15:27.428+0000] {processor.py:183} INFO - Processing /opt/airflow/dags/isr_pipeline.py took 0.162 seconds
[2026-04-06T23:15:57.502+0000] {processor.py:161} INFO - Started process (PID=67860) to work on /opt/airflow/dags/isr_pipeline.py
[2026-04-06T23:15:57.503+0000] {processor.py:830} INFO - Processing file /opt/airflow/dags/isr_pipeline.py for tasks to queue
[2026-04-06T23:15:57.505+0000] {logging_mixin.py:188} INFO - [2026-04-06T23:15:57.504+0000] {dagbag.py:540} INFO - Filling up the DagBag from /opt/airflow/dags/isr_pipeline.py
[2026-04-06T23:15:57.524+0000] {processor.py:840} INFO - DAG(s) 'isr_pipeline' retrieved from /opt/airflow/dags/isr_pipeline.py
[2026-04-06T23:15:57.564+0000] {logging_mixin.py:188} INFO - [2026-04-06T23:15:57.563+0000] {dag.py:3096} INFO - Sync 1 DAGs
[2026-04-06T23:15:57.608+0000] {processor.py:183} INFO - Processing /opt/airflow/dags/isr_pipeline.py took 0.115 seconds
[2026-04-06T23:16:27.766+0000] {processor.py:161} INFO - Started process (PID=67865) to work on /opt/airflow/dags/isr_pipeline.py
[2026-04-06T23:16:27.767+0000] {processor.py:830} INFO - Processing file /opt/airflow/dags/isr_pipeline.py for tasks to queue
[2026-04-06T23:16:27.768+0000] {logging_mixin.py:188} INFO - [2026-04-06T23:16:27.768+0000] {dagbag.py:540} INFO - Filling up the DagBag from /opt/airflow/dags/isr_pipeline.py
[2026-04-06T23:16:27.789+0000] {processor.py:840} INFO - DAG(s) 'isr_pipeline' retrieved from /opt/airflow/dags/isr_pipeline.py
[2026-04-06T23:16:27.830+0000] {logging_mixin.py:188} INFO - [2026-04-06T23:16:27.829+0000] {dag.py:3096} INFO - Sync 1 DAGs
[2026-04-06T23:16:27.878+0000] {processor.py:183} INFO - Processing /opt/airflow/dags/isr_pipeline.py took 0.119 seconds
[2026-04-06T23:16:57.940+0000] {processor.py:161} INFO - Started process (PID=67870) to work on /opt/airflow/dags/isr_pipeline.py
[2026-04-06T23:16:57.942+0000] {processor.py:830} INFO - Processing file /opt/airflow/dags/isr_pipeline.py for tasks to queue
[2026-04-06T23:16:57.944+0000] {logging_mixin.py:188} INFO - [2026-04-06T23:16:57.943+0000] {dagbag.py:540} INFO - Filling up the DagBag from /opt/airflow/dags/isr_pipeline.py
[2026-04-06T23:16:57.965+0000] {processor.py:840} INFO - DAG(s) 'isr_pipeline' retrieved from /opt/airflow/dags/isr_pipeline.py
[2026-04-06T23:16:58.007+0000] {logging_mixin.py:188} INFO - [2026-04-06T23:16:58.006+0000] {dag.py:3096} INFO - Sync 1 DAGs
[2026-04-06T23:16:58.049+0000] {processor.py:183} INFO - Processing /opt/airflow/dags/isr_pipeline.py took 0.117 seconds
[2026-04-06T23:17:28.176+0000] {processor.py:161} INFO - Started process (PID=67875) to work on /opt/airflow/dags/isr_pipeline.py
[2026-04-06T23:17:28.177+0000] {processor.py:830} INFO - Processing file /opt/airflow/dags/isr_pipeline.py for tasks to queue
[2026-04-06T23:17:28.179+0000] {logging_mixin.py:188} INFO - [2026-04-06T23:17:28.179+0000] {dagbag.py:540} INFO - Filling up the DagBag from /opt/airflow/dags/isr_pipeline.py
[2026-04-06T23:17:28.198+0000] {processor.py:840} INFO - DAG(s) 'isr_pipeline' retrieved from /opt/airflow/dags/isr_pipeline.py
[2026-04-06T23:17:28.237+0000] {logging_mixin.py:188} INFO - [2026-04-06T23:17:28.236+0000] {dag.py:3096} INFO - Sync 1 DAGs
[2026-04-06T23:17:28.283+0000] {processor.py:183} INFO - Processing /opt/airflow/dags/isr_pipeline.py took 0.115 seconds
[2026-04-06T23:17:58.366+0000] {processor.py:161} INFO - Started process (PID=67880) to work on /opt/airflow/dags/isr_pipeline.py
[2026-04-06T23:17:58.367+0000] {processor.py:830} INFO - Processing file /opt/airflow/dags/isr_pipeline.py for tasks to queue
[2026-04-06T23:17:58.369+0000] {logging_mixin.py:188} INFO - [2026-04-06T23:17:58.369+0000] {dagbag.py:540} INFO - Filling up the DagBag from /opt/airflow/dags/isr_pipeline.py
[2026-04-06T23:17:58.388+0000] {processor.py:840} INFO - DAG(s) 'isr_pipeline' retrieved from /opt/airflow/dags/isr_pipeline.py
[2026-04-06T23:17:58.426+0000] {logging_mixin.py:188} INFO - [2026-04-06T23:17:58.426+0000] {dag.py:3096} INFO - Sync 1 DAGs
[2026-04-06T23:17:58.469+0000] {processor.py:183} INFO - Processing /opt/airflow/dags/isr_pipeline.py took 0.112 seconds
[2026-04-06T23:18:28.577+0000] {processor.py:161} INFO - Started process (PID=67885) to work on /opt/airflow/dags/isr_pipeline.py
[2026-04-06T23:18:28.578+0000] {processor.py:830} INFO - Processing file /opt/airflow/dags/isr_pipeline.py for tasks to queue
[2026-04-06T23:18:28.580+0000] {logging_mixin.py:188} INFO - [2026-04-06T23:18:28.579+0000] {dagbag.py:540} INFO - Filling up the DagBag from /opt/airflow/dags/isr_pipeline.py
[2026-04-06T23:18:28.600+0000] {processor.py:840} INFO - DAG(s) 'isr_pipeline' retrieved from /opt/airflow/dags/isr_pipeline.py
[2026-04-06T23:18:28.639+0000] {logging_mixin.py:188} INFO - [2026-04-06T23:18:28.639+0000] {dag.py:3096} INFO - Sync 1 DAGs
[2026-04-06T23:18:28.680+0000] {processor.py:183} INFO - Processing /opt/airflow/dags/isr_pipeline.py took 0.112 seconds
[2026-04-06T23:18:58.814+0000] {processor.py:161} INFO - Started process (PID=67890) to work on /opt/airflow/dags/isr_pipeline.py
[2026-04-06T23:18:58.816+0000] {processor.py:830} INFO - Processing file /opt/airflow/dags/isr_pipeline.py for tasks to queue
[2026-04-06T23:18:58.818+0000] {logging_mixin.py:188} INFO - [2026-04-06T23:18:58.817+0000] {dagbag.py:540} INFO - Filling up the DagBag from /opt/airflow/dags/isr_pipeline.py
[2026-04-06T23:18:58.838+0000] {processor.py:840} INFO - DAG(s) 'isr_pipeline' retrieved from /opt/airflow/dags/isr_pipeline.py
[2026-04-06T23:18:58.879+0000] {logging_mixin.py:188} INFO - [2026-04-06T23:18:58.878+0000] {dag.py:3096} INFO - Sync 1 DAGs
[2026-04-06T23:18:58.927+0000] {processor.py:183} INFO - Processing /opt/airflow/dags/isr_pipeline.py took 0.121 seconds
[2026-04-06T23:19:28.980+0000] {processor.py:161} INFO - Started process (PID=67895) to work on /opt/airflow/dags/isr_pipeline.py
[2026-04-06T23:19:28.981+0000] {processor.py:830} INFO - Processing file /opt/airflow/dags/isr_pipeline.py for tasks to queue
[2026-04-06T23:19:28.983+0000] {logging_mixin.py:188} INFO - [2026-04-06T23:19:28.982+0000] {dagbag.py:540} INFO - Filling up the DagBag from /opt/airflow/dags/isr_pipeline.py
[2026-04-06T23:19:29.004+0000] {processor.py:840} INFO - DAG(s) 'isr_pipeline' retrieved from /opt/airflow/dags/isr_pipeline.py
[2026-04-06T23:19:29.043+0000] {logging_mixin.py:188} INFO - [2026-04-06T23:19:29.043+0000] {dag.py:3096} INFO - Sync 1 DAGs
[2026-04-06T23:19:29.091+0000] {processor.py:183} INFO - Processing /opt/airflow/dags/isr_pipeline.py took 0.119 seconds
[2026-04-06T23:19:59.269+0000] {processor.py:161} INFO - Started process (PID=67900) to work on /opt/airflow/dags/isr_pipeline.py
[2026-04-06T23:19:59.270+0000] {processor.py:830} INFO - Processing file /opt/airflow/dags/isr_pipeline.py for tasks to queue
[2026-04-06T23:19:59.272+0000] {logging_mixin.py:188} INFO - [2026-04-06T23:19:59.271+0000] {dagbag.py:540} INFO - Filling up the DagBag from /opt/airflow/dags/isr_pipeline.py
[2026-04-06T23:19:59.291+0000] {processor.py:840} INFO - DAG(s) 'isr_pipeline' retrieved from /opt/airflow/dags/isr_pipeline.py
[2026-04-06T23:19:59.329+0000] {logging_mixin.py:188} INFO - [2026-04-06T23:19:59.329+0000] {dag.py:3096} INFO - Sync 1 DAGs
[2026-04-06T23:19:59.372+0000] {processor.py:183} INFO - Processing /opt/airflow/dags/isr_pipeline.py took 0.111 seconds
[2026-04-06T23:20:29.448+0000] {processor.py:161} INFO - Started process (PID=67905) to work on /opt/airflow/dags/isr_pipeline.py
[2026-04-06T23:20:29.449+0000] {processor.py:830} INFO - Processing file /opt/airflow/dags/isr_pipeline.py for tasks to queue
[2026-04-06T23:20:29.451+0000] {logging_mixin.py:188} INFO - [2026-04-06T23:20:29.450+0000] {dagbag.py:540} INFO - Filling up the DagBag from /opt/airflow/dags/isr_pipeline.py
[2026-04-06T23:20:29.471+0000] {processor.py:840} INFO - DAG(s) 'isr_pipeline' retrieved from /opt/airflow/dags/isr_pipeline.py
[2026-04-06T23:20:29.514+0000] {logging_mixin.py:188} INFO - [2026-04-06T23:20:29.513+0000] {dag.py:3096} INFO - Sync 1 DAGs
[2026-04-06T23:20:29.559+0000] {processor.py:183} INFO - Processing /opt/airflow/dags/isr_pipeline.py took 0.120 seconds
[2026-04-06T23:20:59.691+0000] {processor.py:161} INFO - Started process (PID=67910) to work on /opt/airflow/dags/isr_pipeline.py
[2026-04-06T23:20:59.692+0000] {processor.py:830} INFO - Processing file /opt/airflow/dags/isr_pipeline.py for tasks to queue
[2026-04-06T23:20:59.694+0000] {logging_mixin.py:188} INFO - [2026-04-06T23:20:59.693+0000] {dagbag.py:540} INFO - Filling up the DagBag from /opt/airflow/dags/isr_pipeline.py
[2026-04-06T23:20:59.712+0000] {processor.py:840} INFO - DAG(s) 'isr_pipeline' retrieved from /opt/airflow/dags/isr_pipeline.py
[2026-04-06T23:20:59.748+0000] {logging_mixin.py:188} INFO - [2026-04-06T23:20:59.748+0000] {dag.py:3096} INFO - Sync 1 DAGs
[2026-04-06T23:20:59.789+0000] {processor.py:183} INFO - Processing /opt/airflow/dags/isr_pipeline.py took 0.105 seconds
[2026-04-06T23:21:29.849+0000] {processor.py:161} INFO - Started process (PID=67915) to work on /opt/airflow/dags/isr_pipeline.py
[2026-04-06T23:21:29.851+0000] {processor.py:830} INFO - Processing file /opt/airflow/dags/isr_pipeline.py for tasks to queue
[2026-04-06T23:21:29.852+0000] {logging_mixin.py:188} INFO - [2026-04-06T23:21:29.852+0000] {dagbag.py:540} INFO - Filling up the DagBag from /opt/airflow/dags/isr_pipeline.py
[2026-04-06T23:21:29.872+0000] {processor.py:840} INFO - DAG(s) 'isr_pipeline' retrieved from /opt/airflow/dags/isr_pipeline.py
[2026-04-06T23:21:29.913+0000] {logging_mixin.py:188} INFO - [2026-04-06T23:21:29.913+0000] {dag.py:3096} INFO - Sync 1 DAGs
[2026-04-06T23:21:29.957+0000] {processor.py:183} INFO - Processing /opt/airflow/dags/isr_pipeline.py took 0.117 seconds
[2026-04-06T23:22:00.090+0000] {processor.py:161} INFO - Started process (PID=67920) to work on /opt/airflow/dags/isr_pipeline.py
[2026-04-06T23:22:00.093+0000] {processor.py:830} INFO - Processing file /opt/airflow/dags/isr_pipeline.py for tasks to queue
[2026-04-06T23:22:00.096+0000] {logging_mixin.py:188} INFO - [2026-04-06T23:22:00.095+0000] {dagbag.py:540} INFO - Filling up the DagBag from /opt/airflow/dags/isr_pipeline.py
[2026-04-06T23:22:00.119+0000] {processor.py:840} INFO - DAG(s) 'isr_pipeline' retrieved from /opt/airflow/dags/isr_pipeline.py
[2026-04-06T23:22:00.160+0000] {logging_mixin.py:188} INFO - [2026-04-06T23:22:00.159+0000] {dag.py:3096} INFO - Sync 1 DAGs
[2026-04-06T23:22:00.207+0000] {processor.py:183} INFO - Processing /opt/airflow/dags/isr_pipeline.py took 0.127 seconds
[2026-04-06T23:22:30.371+0000] {processor.py:161} INFO - Started process (PID=67925) to work on /opt/airflow/dags/isr_pipeline.py
[2026-04-06T23:22:30.373+0000] {processor.py:830} INFO - Processing file /opt/airflow/dags/isr_pipeline.py for tasks to queue
[2026-04-06T23:22:30.375+0000] {logging_mixin.py:188} INFO - [2026-04-06T23:22:30.374+0000] {dagbag.py:540} INFO - Filling up the DagBag from /opt/airflow/dags/isr_pipeline.py
[2026-04-06T23:22:30.395+0000] {processor.py:840} INFO - DAG(s) 'isr_pipeline' retrieved from /opt/airflow/dags/isr_pipeline.py
[2026-04-06T23:22:30.437+0000] {logging_mixin.py:188} INFO - [2026-04-06T23:22:30.436+0000] {dag.py:3096} INFO - Sync 1 DAGs
[2026-04-06T23:22:30.485+0000] {processor.py:183} INFO - Processing /opt/airflow/dags/isr_pipeline.py took 0.124 seconds
[2026-04-06T23:23:00.539+0000] {processor.py:161} INFO - Started process (PID=67930) to work on /opt/airflow/dags/isr_pipeline.py
[2026-04-06T23:23:00.541+0000] {processor.py:830} INFO - Processing file /opt/airflow/dags/isr_pipeline.py for tasks to queue
[2026-04-06T23:23:00.543+0000] {logging_mixin.py:188} INFO - [2026-04-06T23:23:00.543+0000] {dagbag.py:540} INFO - Filling up the DagBag from /opt/airflow/dags/isr_pipeline.py
[2026-04-06T23:23:00.563+0000] {processor.py:840} INFO - DAG(s) 'isr_pipeline' retrieved from /opt/airflow/dags/isr_pipeline.py
[2026-04-06T23:23:00.602+0000] {logging_mixin.py:188} INFO - [2026-04-06T23:23:00.602+0000] {dag.py:3096} INFO - Sync 1 DAGs
[2026-04-06T23:23:00.648+0000] {processor.py:183} INFO - Processing /opt/airflow/dags/isr_pipeline.py took 0.118 seconds
[2026-04-06T23:23:30.802+0000] {processor.py:161} INFO - Started process (PID=67935) to work on /opt/airflow/dags/isr_pipeline.py
[2026-04-06T23:23:30.803+0000] {processor.py:830} INFO - Processing file /opt/airflow/dags/isr_pipeline.py for tasks to queue
[2026-04-06T23:23:30.804+0000] {logging_mixin.py:188} INFO - [2026-04-06T23:23:30.804+0000] {dagbag.py:540} INFO - Filling up the DagBag from /opt/airflow/dags/isr_pipeline.py
[2026-04-06T23:23:30.823+0000] {processor.py:840} INFO - DAG(s) 'isr_pipeline' retrieved from /opt/airflow/dags/isr_pipeline.py
[2026-04-06T23:23:30.861+0000] {logging_mixin.py:188} INFO - [2026-04-06T23:23:30.861+0000] {dag.py:3096} INFO - Sync 1 DAGs
[2026-04-06T23:23:30.904+0000] {processor.py:183} INFO - Processing /opt/airflow/dags/isr_pipeline.py took 0.109 seconds
[2026-04-06T23:24:01.030+0000] {processor.py:161} INFO - Started process (PID=67940) to work on /opt/airflow/dags/isr_pipeline.py
[2026-04-06T23:24:01.032+0000] {processor.py:830} INFO - Processing file /opt/airflow/dags/isr_pipeline.py for tasks to queue
[2026-04-06T23:24:01.033+0000] {logging_mixin.py:188} INFO - [2026-04-06T23:24:01.033+0000] {dagbag.py:540} INFO - Filling up the DagBag from /opt/airflow/dags/isr_pipeline.py
[2026-04-06T23:24:01.059+0000] {processor.py:840} INFO - DAG(s) 'isr_pipeline' retrieved from /opt/airflow/dags/isr_pipeline.py
[2026-04-06T23:24:01.102+0000] {logging_mixin.py:188} INFO - [2026-04-06T23:24:01.102+0000] {dag.py:3096} INFO - Sync 1 DAGs
[2026-04-06T23:24:01.146+0000] {processor.py:183} INFO - Processing /opt/airflow/dags/isr_pipeline.py took 0.125 seconds
[2026-04-06T23:24:31.310+0000] {processor.py:161} INFO - Started process (PID=67945) to work on /opt/airflow/dags/isr_pipeline.py
[2026-04-06T23:24:31.312+0000] {processor.py:830} INFO - Processing file /opt/airflow/dags/isr_pipeline.py for tasks to queue
[2026-04-06T23:24:31.313+0000] {logging_mixin.py:188} INFO - [2026-04-06T23:24:31.313+0000] {dagbag.py:540} INFO - Filling up the DagBag from /opt/airflow/dags/isr_pipeline.py
[2026-04-06T23:24:31.332+0000] {processor.py:840} INFO - DAG(s) 'isr_pipeline' retrieved from /opt/airflow/dags/isr_pipeline.py
[2026-04-06T23:24:31.371+0000] {logging_mixin.py:188} INFO - [2026-04-06T23:24:31.371+0000] {dag.py:3096} INFO - Sync 1 DAGs
[2026-04-06T23:24:31.416+0000] {processor.py:183} INFO - Processing /opt/airflow/dags/isr_pipeline.py took 0.115 seconds
[2026-04-06T23:25:01.564+0000] {processor.py:161} INFO - Started process (PID=67950) to work on /opt/airflow/dags/isr_pipeline.py
[2026-04-06T23:25:01.566+0000] {processor.py:830} INFO - Processing file /opt/airflow/dags/isr_pipeline.py for tasks to queue
[2026-04-06T23:25:01.567+0000] {logging_mixin.py:188} INFO - [2026-04-06T23:25:01.567+0000] {dagbag.py:540} INFO - Filling up the DagBag from /opt/airflow/dags/isr_pipeline.py
[2026-04-06T23:25:01.588+0000] {processor.py:840} INFO - DAG(s) 'isr_pipeline' retrieved from /opt/airflow/dags/isr_pipeline.py
[2026-04-06T23:25:01.637+0000] {logging_mixin.py:188} INFO - [2026-04-06T23:25:01.636+0000] {dag.py:3096} INFO - Sync 1 DAGs
[2026-04-06T23:25:01.685+0000] {processor.py:183} INFO - Processing /opt/airflow/dags/isr_pipeline.py took 0.130 seconds
[2026-04-06T23:25:31.872+0000] {processor.py:161} INFO - Started process (PID=67955) to work on /opt/airflow/dags/isr_pipeline.py
[2026-04-06T23:25:31.874+0000] {processor.py:830} INFO - Processing file /opt/airflow/dags/isr_pipeline.py for tasks to queue
[2026-04-06T23:25:31.875+0000] {logging_mixin.py:188} INFO - [2026-04-06T23:25:31.875+0000] {dagbag.py:540} INFO - Filling up the DagBag from /opt/airflow/dags/isr_pipeline.py
[2026-04-06T23:25:31.896+0000] {processor.py:840} INFO - DAG(s) 'isr_pipeline' retrieved from /opt/airflow/dags/isr_pipeline.py
[2026-04-06T23:25:31.938+0000] {logging_mixin.py:188} INFO - [2026-04-06T23:25:31.937+0000] {dag.py:3096} INFO - Sync 1 DAGs
[2026-04-06T23:25:31.984+0000] {processor.py:183} INFO - Processing /opt/airflow/dags/isr_pipeline.py took 0.123 seconds
[2026-04-06T23:26:02.164+0000] {processor.py:161} INFO - Started process (PID=67960) to work on /opt/airflow/dags/isr_pipeline.py
[2026-04-06T23:26:02.166+0000] {processor.py:830} INFO - Processing file /opt/airflow/dags/isr_pipeline.py for tasks to queue
[2026-04-06T23:26:02.168+0000] {logging_mixin.py:188} INFO - [2026-04-06T23:26:02.168+0000] {dagbag.py:540} INFO - Filling up the DagBag from /opt/airflow/dags/isr_pipeline.py
[2026-04-06T23:26:02.188+0000] {processor.py:840} INFO - DAG(s) 'isr_pipeline' retrieved from /opt/airflow/dags/isr_pipeline.py
[2026-04-06T23:26:02.228+0000] {logging_mixin.py:188} INFO - [2026-04-06T23:26:02.227+0000] {dag.py:3096} INFO - Sync 1 DAGs
[2026-04-06T23:26:02.272+0000] {processor.py:183} INFO - Processing /opt/airflow/dags/isr_pipeline.py took 0.118 seconds
[2026-04-06T23:26:32.331+0000] {processor.py:161} INFO - Started process (PID=67965) to work on /opt/airflow/dags/isr_pipeline.py
[2026-04-06T23:26:32.332+0000] {processor.py:830} INFO - Processing file /opt/airflow/dags/isr_pipeline.py for tasks to queue
[2026-04-06T23:26:32.334+0000] {logging_mixin.py:188} INFO - [2026-04-06T23:26:32.333+0000] {dagbag.py:540} INFO - Filling up the DagBag from /opt/airflow/dags/isr_pipeline.py
[2026-04-06T23:26:32.353+0000] {processor.py:840} INFO - DAG(s) 'isr_pipeline' retrieved from /opt/airflow/dags/isr_pipeline.py
[2026-04-06T23:26:32.392+0000] {logging_mixin.py:188} INFO - [2026-04-06T23:26:32.391+0000] {dag.py:3096} INFO - Sync 1 DAGs
[2026-04-06T23:26:32.435+0000] {processor.py:183} INFO - Processing /opt/airflow/dags/isr_pipeline.py took 0.113 seconds
[2026-04-06T23:27:02.617+0000] {processor.py:161} INFO - Started process (PID=67970) to work on /opt/airflow/dags/isr_pipeline.py
[2026-04-06T23:27:02.618+0000] {processor.py:830} INFO - Processing file /opt/airflow/dags/isr_pipeline.py for tasks to queue
[2026-04-06T23:27:02.620+0000] {logging_mixin.py:188} INFO - [2026-04-06T23:27:02.620+0000] {dagbag.py:540} INFO - Filling up the DagBag from /opt/airflow/dags/isr_pipeline.py
[2026-04-06T23:27:02.638+0000] {processor.py:840} INFO - DAG(s) 'isr_pipeline' retrieved from /opt/airflow/dags/isr_pipeline.py
[2026-04-06T23:27:02.675+0000] {logging_mixin.py:188} INFO - [2026-04-06T23:27:02.675+0000] {dag.py:3096} INFO - Sync 1 DAGs
[2026-04-06T23:27:02.717+0000] {processor.py:183} INFO - Processing /opt/airflow/dags/isr_pipeline.py took 0.108 seconds
[2026-04-06T23:27:32.817+0000] {processor.py:161} INFO - Started process (PID=67975) to work on /opt/airflow/dags/isr_pipeline.py
[2026-04-06T23:27:32.818+0000] {processor.py:830} INFO - Processing file /opt/airflow/dags/isr_pipeline.py for tasks to queue
[2026-04-06T23:27:32.820+0000] {logging_mixin.py:188} INFO - [2026-04-06T23:27:32.820+0000] {dagbag.py:540} INFO - Filling up the DagBag from /opt/airflow/dags/isr_pipeline.py
[2026-04-06T23:27:32.840+0000] {processor.py:840} INFO - DAG(s) 'isr_pipeline' retrieved from /opt/airflow/dags/isr_pipeline.py
[2026-04-06T23:27:32.880+0000] {logging_mixin.py:188} INFO - [2026-04-06T23:27:32.880+0000] {dag.py:3096} INFO - Sync 1 DAGs
[2026-04-06T23:27:32.925+0000] {processor.py:183} INFO - Processing /opt/airflow/dags/isr_pipeline.py took 0.116 seconds
[2026-04-06T23:28:03.024+0000] {processor.py:161} INFO - Started process (PID=67980) to work on /opt/airflow/dags/isr_pipeline.py
[2026-04-06T23:28:03.025+0000] {processor.py:830} INFO - Processing file /opt/airflow/dags/isr_pipeline.py for tasks to queue
[2026-04-06T23:28:03.027+0000] {logging_mixin.py:188} INFO - [2026-04-06T23:28:03.027+0000] {dagbag.py:540} INFO - Filling up the DagBag from /opt/airflow/dags/isr_pipeline.py
[2026-04-06T23:28:03.048+0000] {processor.py:840} INFO - DAG(s) 'isr_pipeline' retrieved from /opt/airflow/dags/isr_pipeline.py
[2026-04-06T23:28:03.088+0000] {logging_mixin.py:188} INFO - [2026-04-06T23:28:03.088+0000] {dag.py:3096} INFO - Sync 1 DAGs
[2026-04-06T23:28:03.135+0000] {processor.py:183} INFO - Processing /opt/airflow/dags/isr_pipeline.py took 0.120 seconds
[2026-04-06T23:28:33.241+0000] {processor.py:161} INFO - Started process (PID=67985) to work on /opt/airflow/dags/isr_pipeline.py
[2026-04-06T23:28:33.243+0000] {processor.py:830} INFO - Processing file /opt/airflow/dags/isr_pipeline.py for tasks to queue
[2026-04-06T23:28:33.244+0000] {logging_mixin.py:188} INFO - [2026-04-06T23:28:33.244+0000] {dagbag.py:540} INFO - Filling up the DagBag from /opt/airflow/dags/isr_pipeline.py
[2026-04-06T23:28:33.263+0000] {processor.py:840} INFO - DAG(s) 'isr_pipeline' retrieved from /opt/airflow/dags/isr_pipeline.py
[2026-04-06T23:28:33.300+0000] {logging_mixin.py:188} INFO - [2026-04-06T23:28:33.299+0000] {dag.py:3096} INFO - Sync 1 DAGs
[2026-04-06T23:28:33.341+0000] {processor.py:183} INFO - Processing /opt/airflow/dags/isr_pipeline.py took 0.109 seconds
[2026-04-06T23:29:03.439+0000] {processor.py:161} INFO - Started process (PID=67990) to work on /opt/airflow/dags/isr_pipeline.py
[2026-04-06T23:29:03.441+0000] {processor.py:830} INFO - Processing file /opt/airflow/dags/isr_pipeline.py for tasks to queue
[2026-04-06T23:29:03.443+0000] {logging_mixin.py:188} INFO - [2026-04-06T23:29:03.442+0000] {dagbag.py:540} INFO - Filling up the DagBag from /opt/airflow/dags/isr_pipeline.py
[2026-04-06T23:29:03.464+0000] {processor.py:840} INFO - DAG(s) 'isr_pipeline' retrieved from /opt/airflow/dags/isr_pipeline.py
[2026-04-06T23:29:03.503+0000] {logging_mixin.py:188} INFO - [2026-04-06T23:29:03.503+0000] {dag.py:3096} INFO - Sync 1 DAGs
[2026-04-06T23:29:03.548+0000] {processor.py:183} INFO - Processing /opt/airflow/dags/isr_pipeline.py took 0.118 seconds
[2026-04-06T23:29:33.634+0000] {processor.py:161} INFO - Started process (PID=67995) to work on /opt/airflow/dags/isr_pipeline.py
[2026-04-06T23:29:33.635+0000] {processor.py:830} INFO - Processing file /opt/airflow/dags/isr_pipeline.py for tasks to queue
[2026-04-06T23:29:33.636+0000] {logging_mixin.py:188} INFO - [2026-04-06T23:29:33.636+0000] {dagbag.py:540} INFO - Filling up the DagBag from /opt/airflow/dags/isr_pipeline.py
[2026-04-06T23:29:33.655+0000] {processor.py:840} INFO - DAG(s) 'isr_pipeline' retrieved from /opt/airflow/dags/isr_pipeline.py
[2026-04-06T23:29:33.695+0000] {logging_mixin.py:188} INFO - [2026-04-06T23:29:33.694+0000] {dag.py:3096} INFO - Sync 1 DAGs
[2026-04-06T23:29:33.736+0000] {processor.py:183} INFO - Processing /opt/airflow/dags/isr_pipeline.py took 0.110 seconds
[2026-04-06T23:30:03.856+0000] {processor.py:161} INFO - Started process (PID=68000) to work on /opt/airflow/dags/isr_pipeline.py
[2026-04-06T23:30:03.858+0000] {processor.py:830} INFO - Processing file /opt/airflow/dags/isr_pipeline.py for tasks to queue
[2026-04-06T23:30:03.860+0000] {logging_mixin.py:188} INFO - [2026-04-06T23:30:03.859+0000] {dagbag.py:540} INFO - Filling up the DagBag from /opt/airflow/dags/isr_pipeline.py
[2026-04-06T23:30:03.881+0000] {processor.py:840} INFO - DAG(s) 'isr_pipeline' retrieved from /opt/airflow/dags/isr_pipeline.py
[2026-04-06T23:30:03.919+0000] {logging_mixin.py:188} INFO - [2026-04-06T23:30:03.919+0000] {dag.py:3096} INFO - Sync 1 DAGs
[2026-04-06T23:30:03.964+0000] {processor.py:183} INFO - Processing /opt/airflow/dags/isr_pipeline.py took 0.116 seconds
[2026-04-06T23:30:34.054+0000] {processor.py:161} INFO - Started process (PID=68005) to work on /opt/airflow/dags/isr_pipeline.py
[2026-04-06T23:30:34.056+0000] {processor.py:830} INFO - Processing file /opt/airflow/dags/isr_pipeline.py for tasks to queue
[2026-04-06T23:30:34.057+0000] {logging_mixin.py:188} INFO - [2026-04-06T23:30:34.057+0000] {dagbag.py:540} INFO - Filling up the DagBag from /opt/airflow/dags/isr_pipeline.py
[2026-04-06T23:30:34.077+0000] {processor.py:840} INFO - DAG(s) 'isr_pipeline' retrieved from /opt/airflow/dags/isr_pipeline.py
[2026-04-06T23:30:34.117+0000] {logging_mixin.py:188} INFO - [2026-04-06T23:30:34.117+0000] {dag.py:3096} INFO - Sync 1 DAGs
[2026-04-06T23:30:34.162+0000] {processor.py:183} INFO - Processing /opt/airflow/dags/isr_pipeline.py took 0.117 seconds
[2026-04-06T23:31:04.262+0000] {processor.py:161} INFO - Started process (PID=68010) to work on /opt/airflow/dags/isr_pipeline.py
[2026-04-06T23:31:04.264+0000] {processor.py:830} INFO - Processing file /opt/airflow/dags/isr_pipeline.py for tasks to queue
[2026-04-06T23:31:04.265+0000] {logging_mixin.py:188} INFO - [2026-04-06T23:31:04.265+0000] {dagbag.py:540} INFO - Filling up the DagBag from /opt/airflow/dags/isr_pipeline.py
[2026-04-06T23:31:04.285+0000] {processor.py:840} INFO - DAG(s) 'isr_pipeline' retrieved from /opt/airflow/dags/isr_pipeline.py
[2026-04-06T23:31:04.324+0000] {logging_mixin.py:188} INFO - [2026-04-06T23:31:04.323+0000] {dag.py:3096} INFO - Sync 1 DAGs
[2026-04-06T23:31:04.367+0000] {processor.py:183} INFO - Processing /opt/airflow/dags/isr_pipeline.py took 0.112 seconds
[2026-04-06T23:31:34.416+0000] {processor.py:161} INFO - Started process (PID=68015) to work on /opt/airflow/dags/isr_pipeline.py
[2026-04-06T23:31:34.417+0000] {processor.py:830} INFO - Processing file /opt/airflow/dags/isr_pipeline.py for tasks to queue
[2026-04-06T23:31:34.419+0000] {logging_mixin.py:188} INFO - [2026-04-06T23:31:34.418+0000] {dagbag.py:540} INFO - Filling up the DagBag from /opt/airflow/dags/isr_pipeline.py
[2026-04-06T23:31:34.438+0000] {processor.py:840} INFO - DAG(s) 'isr_pipeline' retrieved from /opt/airflow/dags/isr_pipeline.py
[2026-04-06T23:31:34.478+0000] {logging_mixin.py:188} INFO - [2026-04-06T23:31:34.478+0000] {dag.py:3096} INFO - Sync 1 DAGs
[2026-04-06T23:31:34.522+0000] {processor.py:183} INFO - Processing /opt/airflow/dags/isr_pipeline.py took 0.115 seconds
[2026-04-06T23:32:04.670+0000] {processor.py:161} INFO - Started process (PID=68020) to work on /opt/airflow/dags/isr_pipeline.py
[2026-04-06T23:32:04.671+0000] {processor.py:830} INFO - Processing file /opt/airflow/dags/isr_pipeline.py for tasks to queue
[2026-04-06T23:32:04.673+0000] {logging_mixin.py:188} INFO - [2026-04-06T23:32:04.672+0000] {dagbag.py:540} INFO - Filling up the DagBag from /opt/airflow/dags/isr_pipeline.py
[2026-04-06T23:32:04.692+0000] {processor.py:840} INFO - DAG(s) 'isr_pipeline' retrieved from /opt/airflow/dags/isr_pipeline.py
[2026-04-06T23:32:04.735+0000] {logging_mixin.py:188} INFO - [2026-04-06T23:32:04.734+0000] {dag.py:3096} INFO - Sync 1 DAGs
[2026-04-06T23:32:04.777+0000] {processor.py:183} INFO - Processing /opt/airflow/dags/isr_pipeline.py took 0.114 seconds
[2026-04-06T23:32:34.833+0000] {processor.py:161} INFO - Started process (PID=68025) to work on /opt/airflow/dags/isr_pipeline.py
[2026-04-06T23:32:34.834+0000] {processor.py:830} INFO - Processing file /opt/airflow/dags/isr_pipeline.py for tasks to queue
[2026-04-06T23:32:34.836+0000] {logging_mixin.py:188} INFO - [2026-04-06T23:32:34.835+0000] {dagbag.py:540} INFO - Filling up the DagBag from /opt/airflow/dags/isr_pipeline.py
[2026-04-06T23:32:34.856+0000] {processor.py:840} INFO - DAG(s) 'isr_pipeline' retrieved from /opt/airflow/dags/isr_pipeline.py
[2026-04-06T23:32:34.896+0000] {logging_mixin.py:188} INFO - [2026-04-06T23:32:34.896+0000] {dag.py:3096} INFO - Sync 1 DAGs
[2026-04-06T23:32:34.940+0000] {processor.py:183} INFO - Processing /opt/airflow/dags/isr_pipeline.py took 0.116 seconds
[2026-04-06T23:33:05.100+0000] {processor.py:161} INFO - Started process (PID=68030) to work on /opt/airflow/dags/isr_pipeline.py
[2026-04-06T23:33:05.101+0000] {processor.py:830} INFO - Processing file /opt/airflow/dags/isr_pipeline.py for tasks to queue
[2026-04-06T23:33:05.103+0000] {logging_mixin.py:188} INFO - [2026-04-06T23:33:05.102+0000] {dagbag.py:540} INFO - Filling up the DagBag from /opt/airflow/dags/isr_pipeline.py
[2026-04-06T23:33:05.123+0000] {processor.py:840} INFO - DAG(s) 'isr_pipeline' retrieved from /opt/airflow/dags/isr_pipeline.py
[2026-04-06T23:33:05.161+0000] {logging_mixin.py:188} INFO - [2026-04-06T23:33:05.161+0000] {dag.py:3096} INFO - Sync 1 DAGs
[2026-04-06T23:33:05.204+0000] {processor.py:183} INFO - Processing /opt/airflow/dags/isr_pipeline.py took 0.111 seconds
[2026-04-06T23:33:35.290+0000] {processor.py:161} INFO - Started process (PID=68035) to work on /opt/airflow/dags/isr_pipeline.py
[2026-04-06T23:33:35.291+0000] {processor.py:830} INFO - Processing file /opt/airflow/dags/isr_pipeline.py for tasks to queue
[2026-04-06T23:33:35.293+0000] {logging_mixin.py:188} INFO - [2026-04-06T23:33:35.292+0000] {dagbag.py:540} INFO - Filling up the DagBag from /opt/airflow/dags/isr_pipeline.py
[2026-04-06T23:33:35.313+0000] {processor.py:840} INFO - DAG(s) 'isr_pipeline' retrieved from /opt/airflow/dags/isr_pipeline.py
[2026-04-06T23:33:35.351+0000] {logging_mixin.py:188} INFO - [2026-04-06T23:33:35.351+0000] {dag.py:3096} INFO - Sync 1 DAGs
[2026-04-06T23:33:35.399+0000] {processor.py:183} INFO - Processing /opt/airflow/dags/isr_pipeline.py took 0.118 seconds
[2026-04-06T23:34:05.517+0000] {processor.py:161} INFO - Started process (PID=68040) to work on /opt/airflow/dags/isr_pipeline.py
[2026-04-06T23:34:05.518+0000] {processor.py:830} INFO - Processing file /opt/airflow/dags/isr_pipeline.py for tasks to queue
[2026-04-06T23:34:05.520+0000] {logging_mixin.py:188} INFO - [2026-04-06T23:34:05.519+0000] {dagbag.py:540} INFO - Filling up the DagBag from /opt/airflow/dags/isr_pipeline.py
[2026-04-06T23:34:05.540+0000] {processor.py:840} INFO - DAG(s) 'isr_pipeline' retrieved from /opt/airflow/dags/isr_pipeline.py
[2026-04-06T23:34:05.580+0000] {logging_mixin.py:188} INFO - [2026-04-06T23:34:05.580+0000] {dag.py:3096} INFO - Sync 1 DAGs
[2026-04-06T23:34:05.625+0000] {processor.py:183} INFO - Processing /opt/airflow/dags/isr_pipeline.py took 0.116 seconds
[2026-04-06T23:34:35.745+0000] {processor.py:161} INFO - Started process (PID=68045) to work on /opt/airflow/dags/isr_pipeline.py
[2026-04-06T23:34:35.746+0000] {processor.py:830} INFO - Processing file /opt/airflow/dags/isr_pipeline.py for tasks to queue
[2026-04-06T23:34:35.748+0000] {logging_mixin.py:188} INFO - [2026-04-06T23:34:35.747+0000] {dagbag.py:540} INFO - Filling up the DagBag from /opt/airflow/dags/isr_pipeline.py
[2026-04-06T23:34:35.766+0000] {processor.py:840} INFO - DAG(s) 'isr_pipeline' retrieved from /opt/airflow/dags/isr_pipeline.py
[2026-04-06T23:34:35.805+0000] {logging_mixin.py:188} INFO - [2026-04-06T23:34:35.804+0000] {dag.py:3096} INFO - Sync 1 DAGs
[2026-04-06T23:34:35.849+0000] {processor.py:183} INFO - Processing /opt/airflow/dags/isr_pipeline.py took 0.112 seconds
[2026-04-06T23:35:05.897+0000] {processor.py:161} INFO - Started process (PID=68050) to work on /opt/airflow/dags/isr_pipeline.py
[2026-04-06T23:35:05.898+0000] {processor.py:830} INFO - Processing file /opt/airflow/dags/isr_pipeline.py for tasks to queue
[2026-04-06T23:35:05.900+0000] {logging_mixin.py:188} INFO - [2026-04-06T23:35:05.899+0000] {dagbag.py:540} INFO - Filling up the DagBag from /opt/airflow/dags/isr_pipeline.py
[2026-04-06T23:35:05.919+0000] {processor.py:840} INFO - DAG(s) 'isr_pipeline' retrieved from /opt/airflow/dags/isr_pipeline.py
[2026-04-06T23:35:05.960+0000] {logging_mixin.py:188} INFO - [2026-04-06T23:35:05.959+0000] {dag.py:3096} INFO - Sync 1 DAGs
[2026-04-06T23:35:06.005+0000] {processor.py:183} INFO - Processing /opt/airflow/dags/isr_pipeline.py took 0.116 seconds
[2026-04-06T23:35:36.143+0000] {processor.py:161} INFO - Started process (PID=68055) to work on /opt/airflow/dags/isr_pipeline.py
[2026-04-06T23:35:36.144+0000] {processor.py:830} INFO - Processing file /opt/airflow/dags/isr_pipeline.py for tasks to queue
[2026-04-06T23:35:36.146+0000] {logging_mixin.py:188} INFO - [2026-04-06T23:35:36.145+0000] {dagbag.py:540} INFO - Filling up the DagBag from /opt/airflow/dags/isr_pipeline.py
[2026-04-06T23:35:36.165+0000] {processor.py:840} INFO - DAG(s) 'isr_pipeline' retrieved from /opt/airflow/dags/isr_pipeline.py
[2026-04-06T23:35:36.203+0000] {logging_mixin.py:188} INFO - [2026-04-06T23:35:36.203+0000] {dag.py:3096} INFO - Sync 1 DAGs
[2026-04-06T23:35:36.245+0000] {processor.py:183} INFO - Processing /opt/airflow/dags/isr_pipeline.py took 0.110 seconds
[2026-04-06T23:36:06.296+0000] {processor.py:161} INFO - Started process (PID=68060) to work on /opt/airflow/dags/isr_pipeline.py
[2026-04-06T23:36:06.297+0000] {processor.py:830} INFO - Processing file /opt/airflow/dags/isr_pipeline.py for tasks to queue
[2026-04-06T23:36:06.298+0000] {logging_mixin.py:188} INFO - [2026-04-06T23:36:06.298+0000] {dagbag.py:540} INFO - Filling up the DagBag from /opt/airflow/dags/isr_pipeline.py
[2026-04-06T23:36:06.317+0000] {processor.py:840} INFO - DAG(s) 'isr_pipeline' retrieved from /opt/airflow/dags/isr_pipeline.py
[2026-04-06T23:36:06.355+0000] {logging_mixin.py:188} INFO - [2026-04-06T23:36:06.355+0000] {dag.py:3096} INFO - Sync 1 DAGs
[2026-04-06T23:36:06.399+0000] {processor.py:183} INFO - Processing /opt/airflow/dags/isr_pipeline.py took 0.111 seconds
[2026-04-06T23:36:36.526+0000] {processor.py:161} INFO - Started process (PID=68065) to work on /opt/airflow/dags/isr_pipeline.py
[2026-04-06T23:36:36.528+0000] {processor.py:830} INFO - Processing file /opt/airflow/dags/isr_pipeline.py for tasks to queue
[2026-04-06T23:36:36.530+0000] {logging_mixin.py:188} INFO - [2026-04-06T23:36:36.529+0000] {dagbag.py:540} INFO - Filling up the DagBag from /opt/airflow/dags/isr_pipeline.py
[2026-04-06T23:36:36.549+0000] {processor.py:840} INFO - DAG(s) 'isr_pipeline' retrieved from /opt/airflow/dags/isr_pipeline.py
[2026-04-06T23:36:36.588+0000] {logging_mixin.py:188} INFO - [2026-04-06T23:36:36.588+0000] {dag.py:3096} INFO - Sync 1 DAGs
[2026-04-06T23:36:36.632+0000] {processor.py:183} INFO - Processing /opt/airflow/dags/isr_pipeline.py took 0.114 seconds
[2026-04-06T23:37:06.687+0000] {processor.py:161} INFO - Started process (PID=68070) to work on /opt/airflow/dags/isr_pipeline.py
[2026-04-06T23:37:06.688+0000] {processor.py:830} INFO - Processing file /opt/airflow/dags/isr_pipeline.py for tasks to queue
[2026-04-06T23:37:06.690+0000] {logging_mixin.py:188} INFO - [2026-04-06T23:37:06.689+0000] {dagbag.py:540} INFO - Filling up the DagBag from /opt/airflow/dags/isr_pipeline.py
[2026-04-06T23:37:06.708+0000] {processor.py:840} INFO - DAG(s) 'isr_pipeline' retrieved from /opt/airflow/dags/isr_pipeline.py
[2026-04-06T23:37:06.747+0000] {logging_mixin.py:188} INFO - [2026-04-06T23:37:06.746+0000] {dag.py:3096} INFO - Sync 1 DAGs
[2026-04-06T23:37:06.788+0000] {processor.py:183} INFO - Processing /opt/airflow/dags/isr_pipeline.py took 0.109 seconds
[2026-04-06T23:37:36.941+0000] {processor.py:161} INFO - Started process (PID=68075) to work on /opt/airflow/dags/isr_pipeline.py
[2026-04-06T23:37:36.942+0000] {processor.py:830} INFO - Processing file /opt/airflow/dags/isr_pipeline.py for tasks to queue
[2026-04-06T23:37:36.944+0000] {logging_mixin.py:188} INFO - [2026-04-06T23:37:36.943+0000] {dagbag.py:540} INFO - Filling up the DagBag from /opt/airflow/dags/isr_pipeline.py
[2026-04-06T23:37:36.963+0000] {processor.py:840} INFO - DAG(s) 'isr_pipeline' retrieved from /opt/airflow/dags/isr_pipeline.py
[2026-04-06T23:37:37.002+0000] {logging_mixin.py:188} INFO - [2026-04-06T23:37:37.002+0000] {dag.py:3096} INFO - Sync 1 DAGs
[2026-04-06T23:37:37.047+0000] {processor.py:183} INFO - Processing /opt/airflow/dags/isr_pipeline.py took 0.114 seconds
[2026-04-06T23:38:07.172+0000] {processor.py:161} INFO - Started process (PID=68080) to work on /opt/airflow/dags/isr_pipeline.py
[2026-04-06T23:38:07.173+0000] {processor.py:830} INFO - Processing file /opt/airflow/dags/isr_pipeline.py for tasks to queue
[2026-04-06T23:38:07.175+0000] {logging_mixin.py:188} INFO - [2026-04-06T23:38:07.174+0000] {dagbag.py:540} INFO - Filling up the DagBag from /opt/airflow/dags/isr_pipeline.py
[2026-04-06T23:38:07.194+0000] {processor.py:840} INFO - DAG(s) 'isr_pipeline' retrieved from /opt/airflow/dags/isr_pipeline.py
[2026-04-06T23:38:07.232+0000] {logging_mixin.py:188} INFO - [2026-04-06T23:38:07.232+0000] {dag.py:3096} INFO - Sync 1 DAGs
[2026-04-06T23:38:07.275+0000] {processor.py:183} INFO - Processing /opt/airflow/dags/isr_pipeline.py took 0.112 seconds
[2026-04-06T23:38:37.333+0000] {processor.py:161} INFO - Started process (PID=68085) to work on /opt/airflow/dags/isr_pipeline.py
[2026-04-06T23:38:37.334+0000] {processor.py:830} INFO - Processing file /opt/airflow/dags/isr_pipeline.py for tasks to queue
[2026-04-06T23:38:37.336+0000] {logging_mixin.py:188} INFO - [2026-04-06T23:38:37.335+0000] {dagbag.py:540} INFO - Filling up the DagBag from /opt/airflow/dags/isr_pipeline.py
[2026-04-06T23:38:37.354+0000] {processor.py:840} INFO - DAG(s) 'isr_pipeline' retrieved from /opt/airflow/dags/isr_pipeline.py
[2026-04-06T23:38:37.393+0000] {logging_mixin.py:188} INFO - [2026-04-06T23:38:37.393+0000] {dag.py:3096} INFO - Sync 1 DAGs
[2026-04-06T23:38:37.438+0000] {processor.py:183} INFO - Processing /opt/airflow/dags/isr_pipeline.py took 0.112 seconds
[2026-04-06T23:39:07.538+0000] {processor.py:161} INFO - Started process (PID=68090) to work on /opt/airflow/dags/isr_pipeline.py
[2026-04-06T23:39:07.539+0000] {processor.py:830} INFO - Processing file /opt/airflow/dags/isr_pipeline.py for tasks to queue
[2026-04-06T23:39:07.541+0000] {logging_mixin.py:188} INFO - [2026-04-06T23:39:07.541+0000] {dagbag.py:540} INFO - Filling up the DagBag from /opt/airflow/dags/isr_pipeline.py
[2026-04-06T23:39:07.560+0000] {processor.py:840} INFO - DAG(s) 'isr_pipeline' retrieved from /opt/airflow/dags/isr_pipeline.py
[2026-04-06T23:39:07.598+0000] {logging_mixin.py:188} INFO - [2026-04-06T23:39:07.597+0000] {dag.py:3096} INFO - Sync 1 DAGs
[2026-04-06T23:39:07.639+0000] {processor.py:183} INFO - Processing /opt/airflow/dags/isr_pipeline.py took 0.110 seconds
[2026-04-06T23:39:37.707+0000] {processor.py:161} INFO - Started process (PID=68095) to work on /opt/airflow/dags/isr_pipeline.py
[2026-04-06T23:39:37.708+0000] {processor.py:830} INFO - Processing file /opt/airflow/dags/isr_pipeline.py for tasks to queue
[2026-04-06T23:39:37.709+0000] {logging_mixin.py:188} INFO - [2026-04-06T23:39:37.709+0000] {dagbag.py:540} INFO - Filling up the DagBag from /opt/airflow/dags/isr_pipeline.py
[2026-04-06T23:39:37.728+0000] {processor.py:840} INFO - DAG(s) 'isr_pipeline' retrieved from /opt/airflow/dags/isr_pipeline.py
[2026-04-06T23:39:37.767+0000] {logging_mixin.py:188} INFO - [2026-04-06T23:39:37.767+0000] {dag.py:3096} INFO - Sync 1 DAGs
[2026-04-06T23:39:37.811+0000] {processor.py:183} INFO - Processing /opt/airflow/dags/isr_pipeline.py took 0.112 seconds
[2026-04-06T23:40:07.959+0000] {processor.py:161} INFO - Started process (PID=68100) to work on /opt/airflow/dags/isr_pipeline.py
[2026-04-06T23:40:07.961+0000] {processor.py:830} INFO - Processing file /opt/airflow/dags/isr_pipeline.py for tasks to queue
[2026-04-06T23:40:07.963+0000] {logging_mixin.py:188} INFO - [2026-04-06T23:40:07.962+0000] {dagbag.py:540} INFO - Filling up the DagBag from /opt/airflow/dags/isr_pipeline.py
[2026-04-06T23:40:07.982+0000] {processor.py:840} INFO - DAG(s) 'isr_pipeline' retrieved from /opt/airflow/dags/isr_pipeline.py
[2026-04-06T23:40:08.023+0000] {logging_mixin.py:188} INFO - [2026-04-06T23:40:08.023+0000] {dag.py:3096} INFO - Sync 1 DAGs
[2026-04-06T23:40:08.071+0000] {processor.py:183} INFO - Processing /opt/airflow/dags/isr_pipeline.py took 0.122 seconds
[2026-04-06T23:40:38.184+0000] {processor.py:161} INFO - Started process (PID=68105) to work on /opt/airflow/dags/isr_pipeline.py
[2026-04-06T23:40:38.186+0000] {processor.py:830} INFO - Processing file /opt/airflow/dags/isr_pipeline.py for tasks to queue
[2026-04-06T23:40:38.187+0000] {logging_mixin.py:188} INFO - [2026-04-06T23:40:38.187+0000] {dagbag.py:540} INFO - Filling up the DagBag from /opt/airflow/dags/isr_pipeline.py
[2026-04-06T23:40:38.211+0000] {processor.py:840} INFO - DAG(s) 'isr_pipeline' retrieved from /opt/airflow/dags/isr_pipeline.py
[2026-04-06T23:40:38.255+0000] {logging_mixin.py:188} INFO - [2026-04-06T23:40:38.255+0000] {dag.py:3096} INFO - Sync 1 DAGs
[2026-04-06T23:40:38.301+0000] {processor.py:183} INFO - Processing /opt/airflow/dags/isr_pipeline.py took 0.124 seconds
[2026-04-06T23:41:08.454+0000] {processor.py:161} INFO - Started process (PID=68110) to work on /opt/airflow/dags/isr_pipeline.py
[2026-04-06T23:41:08.456+0000] {processor.py:830} INFO - Processing file /opt/airflow/dags/isr_pipeline.py for tasks to queue
[2026-04-06T23:41:08.457+0000] {logging_mixin.py:188} INFO - [2026-04-06T23:41:08.457+0000] {dagbag.py:540} INFO - Filling up the DagBag from /opt/airflow/dags/isr_pipeline.py
[2026-04-06T23:41:08.476+0000] {processor.py:840} INFO - DAG(s) 'isr_pipeline' retrieved from /opt/airflow/dags/isr_pipeline.py
[2026-04-06T23:41:08.516+0000] {logging_mixin.py:188} INFO - [2026-04-06T23:41:08.515+0000] {dag.py:3096} INFO - Sync 1 DAGs
[2026-04-06T23:41:08.559+0000] {processor.py:183} INFO - Processing /opt/airflow/dags/isr_pipeline.py took 0.112 seconds
[2026-04-06T23:41:38.692+0000] {processor.py:161} INFO - Started process (PID=68115) to work on /opt/airflow/dags/isr_pipeline.py
[2026-04-06T23:41:38.693+0000] {processor.py:830} INFO - Processing file /opt/airflow/dags/isr_pipeline.py for tasks to queue
[2026-04-06T23:41:38.695+0000] {logging_mixin.py:188} INFO - [2026-04-06T23:41:38.694+0000] {dagbag.py:540} INFO - Filling up the DagBag from /opt/airflow/dags/isr_pipeline.py
[2026-04-06T23:41:38.713+0000] {processor.py:840} INFO - DAG(s) 'isr_pipeline' retrieved from /opt/airflow/dags/isr_pipeline.py
[2026-04-06T23:41:38.750+0000] {logging_mixin.py:188} INFO - [2026-04-06T23:41:38.750+0000] {dag.py:3096} INFO - Sync 1 DAGs
[2026-04-06T23:41:38.796+0000] {processor.py:183} INFO - Processing /opt/airflow/dags/isr_pipeline.py took 0.111 seconds
[2026-04-06T23:42:08.991+0000] {processor.py:161} INFO - Started process (PID=68120) to work on /opt/airflow/dags/isr_pipeline.py
[2026-04-06T23:42:08.993+0000] {processor.py:830} INFO - Processing file /opt/airflow/dags/isr_pipeline.py for tasks to queue
[2026-04-06T23:42:08.994+0000] {logging_mixin.py:188} INFO - [2026-04-06T23:42:08.994+0000] {dagbag.py:540} INFO - Filling up the DagBag from /opt/airflow/dags/isr_pipeline.py
[2026-04-06T23:42:09.013+0000] {processor.py:840} INFO - DAG(s) 'isr_pipeline' retrieved from /opt/airflow/dags/isr_pipeline.py
[2026-04-06T23:42:09.051+0000] {logging_mixin.py:188} INFO - [2026-04-06T23:42:09.051+0000] {dag.py:3096} INFO - Sync 1 DAGs
[2026-04-06T23:42:09.096+0000] {processor.py:183} INFO - Processing /opt/airflow/dags/isr_pipeline.py took 0.112 seconds
[2026-04-06T23:42:39.193+0000] {processor.py:161} INFO - Started process (PID=68125) to work on /opt/airflow/dags/isr_pipeline.py
[2026-04-06T23:42:39.194+0000] {processor.py:830} INFO - Processing file /opt/airflow/dags/isr_pipeline.py for tasks to queue
[2026-04-06T23:42:39.196+0000] {logging_mixin.py:188} INFO - [2026-04-06T23:42:39.196+0000] {dagbag.py:540} INFO - Filling up the DagBag from /opt/airflow/dags/isr_pipeline.py
[2026-04-06T23:42:39.216+0000] {processor.py:840} INFO - DAG(s) 'isr_pipeline' retrieved from /opt/airflow/dags/isr_pipeline.py
[2026-04-06T23:42:39.254+0000] {logging_mixin.py:188} INFO - [2026-04-06T23:42:39.254+0000] {dag.py:3096} INFO - Sync 1 DAGs
[2026-04-06T23:42:39.297+0000] {processor.py:183} INFO - Processing /opt/airflow/dags/isr_pipeline.py took 0.112 seconds
[2026-04-06T23:43:09.376+0000] {processor.py:161} INFO - Started process (PID=68130) to work on /opt/airflow/dags/isr_pipeline.py
[2026-04-06T23:43:09.378+0000] {processor.py:830} INFO - Processing file /opt/airflow/dags/isr_pipeline.py for tasks to queue
[2026-04-06T23:43:09.379+0000] {logging_mixin.py:188} INFO - [2026-04-06T23:43:09.378+0000] {dagbag.py:540} INFO - Filling up the DagBag from /opt/airflow/dags/isr_pipeline.py
[2026-04-06T23:43:09.398+0000] {processor.py:840} INFO - DAG(s) 'isr_pipeline' retrieved from /opt/airflow/dags/isr_pipeline.py
[2026-04-06T23:43:09.438+0000] {logging_mixin.py:188} INFO - [2026-04-06T23:43:09.438+0000] {dag.py:3096} INFO - Sync 1 DAGs
[2026-04-06T23:43:09.482+0000] {processor.py:183} INFO - Processing /opt/airflow/dags/isr_pipeline.py took 0.113 seconds
[2026-04-06T23:43:39.705+0000] {processor.py:161} INFO - Started process (PID=68135) to work on /opt/airflow/dags/isr_pipeline.py
[2026-04-06T23:43:39.708+0000] {processor.py:830} INFO - Processing file /opt/airflow/dags/isr_pipeline.py for tasks to queue
[2026-04-06T23:43:39.709+0000] {logging_mixin.py:188} INFO - [2026-04-06T23:43:39.709+0000] {dagbag.py:540} INFO - Filling up the DagBag from /opt/airflow/dags/isr_pipeline.py
[2026-04-06T23:43:39.727+0000] {processor.py:840} INFO - DAG(s) 'isr_pipeline' retrieved from /opt/airflow/dags/isr_pipeline.py
[2026-04-06T23:43:39.768+0000] {logging_mixin.py:188} INFO - [2026-04-06T23:43:39.768+0000] {dag.py:3096} INFO - Sync 1 DAGs
[2026-04-06T23:43:39.818+0000] {processor.py:183} INFO - Processing /opt/airflow/dags/isr_pipeline.py took 0.123 seconds
[2026-04-06T23:44:09.928+0000] {processor.py:161} INFO - Started process (PID=68140) to work on /opt/airflow/dags/isr_pipeline.py
[2026-04-06T23:44:09.929+0000] {processor.py:830} INFO - Processing file /opt/airflow/dags/isr_pipeline.py for tasks to queue
[2026-04-06T23:44:09.931+0000] {logging_mixin.py:188} INFO - [2026-04-06T23:44:09.930+0000] {dagbag.py:540} INFO - Filling up the DagBag from /opt/airflow/dags/isr_pipeline.py
[2026-04-06T23:44:09.952+0000] {processor.py:840} INFO - DAG(s) 'isr_pipeline' retrieved from /opt/airflow/dags/isr_pipeline.py
[2026-04-06T23:44:09.992+0000] {logging_mixin.py:188} INFO - [2026-04-06T23:44:09.992+0000] {dag.py:3096} INFO - Sync 1 DAGs
[2026-04-06T23:44:10.042+0000] {processor.py:183} INFO - Processing /opt/airflow/dags/isr_pipeline.py took 0.122 seconds
[2026-04-06T23:44:40.190+0000] {processor.py:161} INFO - Started process (PID=68145) to work on /opt/airflow/dags/isr_pipeline.py
[2026-04-06T23:44:40.191+0000] {processor.py:830} INFO - Processing file /opt/airflow/dags/isr_pipeline.py for tasks to queue
[2026-04-06T23:44:40.193+0000] {logging_mixin.py:188} INFO - [2026-04-06T23:44:40.192+0000] {dagbag.py:540} INFO - Filling up the DagBag from /opt/airflow/dags/isr_pipeline.py
[2026-04-06T23:44:40.216+0000] {processor.py:840} INFO - DAG(s) 'isr_pipeline' retrieved from /opt/airflow/dags/isr_pipeline.py
[2026-04-06T23:44:40.255+0000] {logging_mixin.py:188} INFO - [2026-04-06T23:44:40.255+0000] {dag.py:3096} INFO - Sync 1 DAGs
[2026-04-06T23:44:40.299+0000] {processor.py:183} INFO - Processing /opt/airflow/dags/isr_pipeline.py took 0.117 seconds
