[2026-04-05T00:00:07.591+0000] {processor.py:161} INFO - Started process (PID=56038) to work on /opt/airflow/dags/isr_pipeline.py
[2026-04-05T00:00:07.599+0000] {processor.py:830} INFO - Processing file /opt/airflow/dags/isr_pipeline.py for tasks to queue
[2026-04-05T00:00:07.607+0000] {logging_mixin.py:188} INFO - [2026-04-05T00:00:07.605+0000] {dagbag.py:540} INFO - Filling up the DagBag from /opt/airflow/dags/isr_pipeline.py
[2026-04-05T00:00:07.692+0000] {processor.py:840} INFO - DAG(s) 'isr_pipeline' retrieved from /opt/airflow/dags/isr_pipeline.py
[2026-04-05T00:00:07.877+0000] {logging_mixin.py:188} INFO - [2026-04-05T00:00:07.876+0000] {dag.py:3096} INFO - Sync 1 DAGs
[2026-04-05T00:00:08.088+0000] {processor.py:183} INFO - Processing /opt/airflow/dags/isr_pipeline.py took 0.535 seconds
[2026-04-05T00:00:38.596+0000] {processor.py:161} INFO - Started process (PID=56043) to work on /opt/airflow/dags/isr_pipeline.py
[2026-04-05T00:00:38.603+0000] {processor.py:830} INFO - Processing file /opt/airflow/dags/isr_pipeline.py for tasks to queue
[2026-04-05T00:00:38.611+0000] {logging_mixin.py:188} INFO - [2026-04-05T00:00:38.609+0000] {dagbag.py:540} INFO - Filling up the DagBag from /opt/airflow/dags/isr_pipeline.py
[2026-04-05T00:00:38.694+0000] {processor.py:840} INFO - DAG(s) 'isr_pipeline' retrieved from /opt/airflow/dags/isr_pipeline.py
[2026-04-05T00:00:38.884+0000] {logging_mixin.py:188} INFO - [2026-04-05T00:00:38.882+0000] {dag.py:3096} INFO - Sync 1 DAGs
[2026-04-05T00:00:39.112+0000] {processor.py:183} INFO - Processing /opt/airflow/dags/isr_pipeline.py took 0.557 seconds
[2026-04-05T00:01:09.715+0000] {processor.py:161} INFO - Started process (PID=56048) to work on /opt/airflow/dags/isr_pipeline.py
[2026-04-05T00:01:09.722+0000] {processor.py:830} INFO - Processing file /opt/airflow/dags/isr_pipeline.py for tasks to queue
[2026-04-05T00:01:09.729+0000] {logging_mixin.py:188} INFO - [2026-04-05T00:01:09.727+0000] {dagbag.py:540} INFO - Filling up the DagBag from /opt/airflow/dags/isr_pipeline.py
[2026-04-05T00:01:09.817+0000] {processor.py:840} INFO - DAG(s) 'isr_pipeline' retrieved from /opt/airflow/dags/isr_pipeline.py
[2026-04-05T00:01:10.004+0000] {logging_mixin.py:188} INFO - [2026-04-05T00:01:10.003+0000] {dag.py:3096} INFO - Sync 1 DAGs
[2026-04-05T00:01:10.215+0000] {processor.py:183} INFO - Processing /opt/airflow/dags/isr_pipeline.py took 0.535 seconds
[2026-04-05T00:01:40.714+0000] {processor.py:161} INFO - Started process (PID=56053) to work on /opt/airflow/dags/isr_pipeline.py
[2026-04-05T00:01:40.722+0000] {processor.py:830} INFO - Processing file /opt/airflow/dags/isr_pipeline.py for tasks to queue
[2026-04-05T00:01:40.729+0000] {logging_mixin.py:188} INFO - [2026-04-05T00:01:40.727+0000] {dagbag.py:540} INFO - Filling up the DagBag from /opt/airflow/dags/isr_pipeline.py
[2026-04-05T00:01:40.827+0000] {processor.py:840} INFO - DAG(s) 'isr_pipeline' retrieved from /opt/airflow/dags/isr_pipeline.py
[2026-04-05T00:01:41.011+0000] {logging_mixin.py:188} INFO - [2026-04-05T00:01:41.010+0000] {dag.py:3096} INFO - Sync 1 DAGs
[2026-04-05T00:01:41.208+0000] {processor.py:183} INFO - Processing /opt/airflow/dags/isr_pipeline.py took 0.532 seconds
[2026-04-05T00:02:11.649+0000] {processor.py:161} INFO - Started process (PID=56058) to work on /opt/airflow/dags/isr_pipeline.py
[2026-04-05T00:02:11.656+0000] {processor.py:830} INFO - Processing file /opt/airflow/dags/isr_pipeline.py for tasks to queue
[2026-04-05T00:02:11.663+0000] {logging_mixin.py:188} INFO - [2026-04-05T00:02:11.661+0000] {dagbag.py:540} INFO - Filling up the DagBag from /opt/airflow/dags/isr_pipeline.py
[2026-04-05T00:02:11.747+0000] {processor.py:840} INFO - DAG(s) 'isr_pipeline' retrieved from /opt/airflow/dags/isr_pipeline.py
[2026-04-05T00:02:12.069+0000] {logging_mixin.py:188} INFO - [2026-04-05T00:02:12.067+0000] {dag.py:3096} INFO - Sync 1 DAGs
[2026-04-05T00:02:12.303+0000] {processor.py:183} INFO - Processing /opt/airflow/dags/isr_pipeline.py took 0.692 seconds
[2026-04-05T00:02:42.832+0000] {processor.py:161} INFO - Started process (PID=56063) to work on /opt/airflow/dags/isr_pipeline.py
[2026-04-05T00:02:42.842+0000] {processor.py:830} INFO - Processing file /opt/airflow/dags/isr_pipeline.py for tasks to queue
[2026-04-05T00:02:42.850+0000] {logging_mixin.py:188} INFO - [2026-04-05T00:02:42.848+0000] {dagbag.py:540} INFO - Filling up the DagBag from /opt/airflow/dags/isr_pipeline.py
[2026-04-05T00:02:42.937+0000] {processor.py:840} INFO - DAG(s) 'isr_pipeline' retrieved from /opt/airflow/dags/isr_pipeline.py
[2026-04-05T00:02:43.117+0000] {logging_mixin.py:188} INFO - [2026-04-05T00:02:43.116+0000] {dag.py:3096} INFO - Sync 1 DAGs
[2026-04-05T00:02:43.422+0000] {processor.py:183} INFO - Processing /opt/airflow/dags/isr_pipeline.py took 0.630 seconds
[2026-04-05T00:03:13.941+0000] {processor.py:161} INFO - Started process (PID=56068) to work on /opt/airflow/dags/isr_pipeline.py
[2026-04-05T00:03:13.954+0000] {processor.py:830} INFO - Processing file /opt/airflow/dags/isr_pipeline.py for tasks to queue
[2026-04-05T00:03:13.961+0000] {logging_mixin.py:188} INFO - [2026-04-05T00:03:13.959+0000] {dagbag.py:540} INFO - Filling up the DagBag from /opt/airflow/dags/isr_pipeline.py
[2026-04-05T00:03:14.051+0000] {processor.py:840} INFO - DAG(s) 'isr_pipeline' retrieved from /opt/airflow/dags/isr_pipeline.py
[2026-04-05T00:03:14.240+0000] {logging_mixin.py:188} INFO - [2026-04-05T00:03:14.239+0000] {dag.py:3096} INFO - Sync 1 DAGs
[2026-04-05T00:03:14.452+0000] {processor.py:183} INFO - Processing /opt/airflow/dags/isr_pipeline.py took 0.550 seconds
[2026-04-05T00:03:44.887+0000] {processor.py:161} INFO - Started process (PID=56073) to work on /opt/airflow/dags/isr_pipeline.py
[2026-04-05T00:03:44.894+0000] {processor.py:830} INFO - Processing file /opt/airflow/dags/isr_pipeline.py for tasks to queue
[2026-04-05T00:03:44.901+0000] {logging_mixin.py:188} INFO - [2026-04-05T00:03:44.899+0000] {dagbag.py:540} INFO - Filling up the DagBag from /opt/airflow/dags/isr_pipeline.py
[2026-04-05T00:03:44.986+0000] {processor.py:840} INFO - DAG(s) 'isr_pipeline' retrieved from /opt/airflow/dags/isr_pipeline.py
[2026-04-05T00:03:45.163+0000] {logging_mixin.py:188} INFO - [2026-04-05T00:03:45.162+0000] {dag.py:3096} INFO - Sync 1 DAGs
[2026-04-05T00:03:45.364+0000] {processor.py:183} INFO - Processing /opt/airflow/dags/isr_pipeline.py took 0.517 seconds
[2026-04-05T00:34:09.825+0000] {processor.py:161} INFO - Started process (PID=56080) to work on /opt/airflow/dags/isr_pipeline.py
[2026-04-05T00:34:09.827+0000] {processor.py:830} INFO - Processing file /opt/airflow/dags/isr_pipeline.py for tasks to queue
[2026-04-05T00:34:09.829+0000] {logging_mixin.py:188} INFO - [2026-04-05T00:34:09.828+0000] {dagbag.py:540} INFO - Filling up the DagBag from /opt/airflow/dags/isr_pipeline.py
[2026-04-05T00:34:09.849+0000] {processor.py:840} INFO - DAG(s) 'isr_pipeline' retrieved from /opt/airflow/dags/isr_pipeline.py
[2026-04-05T00:34:09.888+0000] {logging_mixin.py:188} INFO - [2026-04-05T00:34:09.887+0000] {dag.py:3096} INFO - Sync 1 DAGs
[2026-04-05T00:34:09.946+0000] {processor.py:183} INFO - Processing /opt/airflow/dags/isr_pipeline.py took 0.129 seconds
[2026-04-05T00:34:40.105+0000] {processor.py:161} INFO - Started process (PID=56085) to work on /opt/airflow/dags/isr_pipeline.py
[2026-04-05T00:34:40.111+0000] {processor.py:830} INFO - Processing file /opt/airflow/dags/isr_pipeline.py for tasks to queue
[2026-04-05T00:34:40.118+0000] {logging_mixin.py:188} INFO - [2026-04-05T00:34:40.116+0000] {dagbag.py:540} INFO - Filling up the DagBag from /opt/airflow/dags/isr_pipeline.py
[2026-04-05T00:34:40.206+0000] {processor.py:840} INFO - DAG(s) 'isr_pipeline' retrieved from /opt/airflow/dags/isr_pipeline.py
[2026-04-05T00:34:40.388+0000] {logging_mixin.py:188} INFO - [2026-04-05T00:34:40.387+0000] {dag.py:3096} INFO - Sync 1 DAGs
[2026-04-05T00:34:40.621+0000] {processor.py:183} INFO - Processing /opt/airflow/dags/isr_pipeline.py took 0.552 seconds
[2026-04-05T00:35:11.277+0000] {processor.py:161} INFO - Started process (PID=56090) to work on /opt/airflow/dags/isr_pipeline.py
[2026-04-05T00:35:11.285+0000] {processor.py:830} INFO - Processing file /opt/airflow/dags/isr_pipeline.py for tasks to queue
[2026-04-05T00:35:11.295+0000] {logging_mixin.py:188} INFO - [2026-04-05T00:35:11.293+0000] {dagbag.py:540} INFO - Filling up the DagBag from /opt/airflow/dags/isr_pipeline.py
[2026-04-05T00:35:11.389+0000] {processor.py:840} INFO - DAG(s) 'isr_pipeline' retrieved from /opt/airflow/dags/isr_pipeline.py
[2026-04-05T00:35:11.571+0000] {logging_mixin.py:188} INFO - [2026-04-05T00:35:11.570+0000] {dag.py:3096} INFO - Sync 1 DAGs
[2026-04-05T00:35:11.782+0000] {processor.py:183} INFO - Processing /opt/airflow/dags/isr_pipeline.py took 0.545 seconds
[2026-04-05T00:35:42.319+0000] {processor.py:161} INFO - Started process (PID=56095) to work on /opt/airflow/dags/isr_pipeline.py
[2026-04-05T00:35:42.327+0000] {processor.py:830} INFO - Processing file /opt/airflow/dags/isr_pipeline.py for tasks to queue
[2026-04-05T00:35:42.334+0000] {logging_mixin.py:188} INFO - [2026-04-05T00:35:42.332+0000] {dagbag.py:540} INFO - Filling up the DagBag from /opt/airflow/dags/isr_pipeline.py
[2026-04-05T00:35:42.420+0000] {processor.py:840} INFO - DAG(s) 'isr_pipeline' retrieved from /opt/airflow/dags/isr_pipeline.py
[2026-04-05T00:35:42.598+0000] {logging_mixin.py:188} INFO - [2026-04-05T00:35:42.597+0000] {dag.py:3096} INFO - Sync 1 DAGs
[2026-04-05T00:35:42.816+0000] {processor.py:183} INFO - Processing /opt/airflow/dags/isr_pipeline.py took 0.536 seconds
[2026-04-05T00:36:13.421+0000] {processor.py:161} INFO - Started process (PID=56100) to work on /opt/airflow/dags/isr_pipeline.py
[2026-04-05T00:36:13.434+0000] {processor.py:830} INFO - Processing file /opt/airflow/dags/isr_pipeline.py for tasks to queue
[2026-04-05T00:36:13.462+0000] {logging_mixin.py:188} INFO - [2026-04-05T00:36:13.459+0000] {dagbag.py:540} INFO - Filling up the DagBag from /opt/airflow/dags/isr_pipeline.py
[2026-04-05T00:36:13.573+0000] {processor.py:840} INFO - DAG(s) 'isr_pipeline' retrieved from /opt/airflow/dags/isr_pipeline.py
[2026-04-05T00:36:13.774+0000] {logging_mixin.py:188} INFO - [2026-04-05T00:36:13.773+0000] {dag.py:3096} INFO - Sync 1 DAGs
[2026-04-05T00:36:13.984+0000] {processor.py:183} INFO - Processing /opt/airflow/dags/isr_pipeline.py took 0.610 seconds
[2026-04-05T00:36:44.626+0000] {processor.py:161} INFO - Started process (PID=56105) to work on /opt/airflow/dags/isr_pipeline.py
[2026-04-05T00:36:44.633+0000] {processor.py:830} INFO - Processing file /opt/airflow/dags/isr_pipeline.py for tasks to queue
[2026-04-05T00:36:44.641+0000] {logging_mixin.py:188} INFO - [2026-04-05T00:36:44.639+0000] {dagbag.py:540} INFO - Filling up the DagBag from /opt/airflow/dags/isr_pipeline.py
[2026-04-05T00:36:44.859+0000] {processor.py:840} INFO - DAG(s) 'isr_pipeline' retrieved from /opt/airflow/dags/isr_pipeline.py
[2026-04-05T00:36:45.095+0000] {logging_mixin.py:188} INFO - [2026-04-05T00:36:45.093+0000] {dag.py:3096} INFO - Sync 1 DAGs
[2026-04-05T00:36:45.375+0000] {processor.py:183} INFO - Processing /opt/airflow/dags/isr_pipeline.py took 0.788 seconds
[2026-04-05T00:37:16.016+0000] {processor.py:161} INFO - Started process (PID=56110) to work on /opt/airflow/dags/isr_pipeline.py
[2026-04-05T00:37:16.023+0000] {processor.py:830} INFO - Processing file /opt/airflow/dags/isr_pipeline.py for tasks to queue
[2026-04-05T00:37:16.030+0000] {logging_mixin.py:188} INFO - [2026-04-05T00:37:16.028+0000] {dagbag.py:540} INFO - Filling up the DagBag from /opt/airflow/dags/isr_pipeline.py
[2026-04-05T00:37:16.113+0000] {processor.py:840} INFO - DAG(s) 'isr_pipeline' retrieved from /opt/airflow/dags/isr_pipeline.py
[2026-04-05T00:37:16.385+0000] {logging_mixin.py:188} INFO - [2026-04-05T00:37:16.383+0000] {dag.py:3096} INFO - Sync 1 DAGs
[2026-04-05T00:37:16.641+0000] {processor.py:183} INFO - Processing /opt/airflow/dags/isr_pipeline.py took 0.670 seconds
[2026-04-05T00:37:47.183+0000] {processor.py:161} INFO - Started process (PID=56115) to work on /opt/airflow/dags/isr_pipeline.py
[2026-04-05T00:37:47.191+0000] {processor.py:830} INFO - Processing file /opt/airflow/dags/isr_pipeline.py for tasks to queue
[2026-04-05T00:37:47.201+0000] {logging_mixin.py:188} INFO - [2026-04-05T00:37:47.199+0000] {dagbag.py:540} INFO - Filling up the DagBag from /opt/airflow/dags/isr_pipeline.py
[2026-04-05T00:37:47.302+0000] {processor.py:840} INFO - DAG(s) 'isr_pipeline' retrieved from /opt/airflow/dags/isr_pipeline.py
[2026-04-05T00:37:47.493+0000] {logging_mixin.py:188} INFO - [2026-04-05T00:37:47.492+0000] {dag.py:3096} INFO - Sync 1 DAGs
[2026-04-05T00:37:47.709+0000] {processor.py:183} INFO - Processing /opt/airflow/dags/isr_pipeline.py took 0.563 seconds
[2026-04-05T00:38:17.986+0000] {processor.py:161} INFO - Started process (PID=56120) to work on /opt/airflow/dags/isr_pipeline.py
[2026-04-05T00:38:17.996+0000] {processor.py:830} INFO - Processing file /opt/airflow/dags/isr_pipeline.py for tasks to queue
[2026-04-05T00:38:18.003+0000] {logging_mixin.py:188} INFO - [2026-04-05T00:38:18.001+0000] {dagbag.py:540} INFO - Filling up the DagBag from /opt/airflow/dags/isr_pipeline.py
[2026-04-05T00:38:18.094+0000] {processor.py:840} INFO - DAG(s) 'isr_pipeline' retrieved from /opt/airflow/dags/isr_pipeline.py
[2026-04-05T00:38:18.270+0000] {logging_mixin.py:188} INFO - [2026-04-05T00:38:18.269+0000] {dag.py:3096} INFO - Sync 1 DAGs
[2026-04-05T00:38:18.490+0000] {processor.py:183} INFO - Processing /opt/airflow/dags/isr_pipeline.py took 0.542 seconds
[2026-04-05T00:38:49.128+0000] {processor.py:161} INFO - Started process (PID=56125) to work on /opt/airflow/dags/isr_pipeline.py
[2026-04-05T00:38:49.135+0000] {processor.py:830} INFO - Processing file /opt/airflow/dags/isr_pipeline.py for tasks to queue
[2026-04-05T00:38:49.142+0000] {logging_mixin.py:188} INFO - [2026-04-05T00:38:49.141+0000] {dagbag.py:540} INFO - Filling up the DagBag from /opt/airflow/dags/isr_pipeline.py
[2026-04-05T00:38:49.232+0000] {processor.py:840} INFO - DAG(s) 'isr_pipeline' retrieved from /opt/airflow/dags/isr_pipeline.py
[2026-04-05T00:38:49.437+0000] {logging_mixin.py:188} INFO - [2026-04-05T00:38:49.436+0000] {dag.py:3096} INFO - Sync 1 DAGs
[2026-04-05T00:38:49.652+0000] {processor.py:183} INFO - Processing /opt/airflow/dags/isr_pipeline.py took 0.561 seconds
[2026-04-05T00:39:20.117+0000] {processor.py:161} INFO - Started process (PID=56130) to work on /opt/airflow/dags/isr_pipeline.py
[2026-04-05T00:39:20.125+0000] {processor.py:830} INFO - Processing file /opt/airflow/dags/isr_pipeline.py for tasks to queue
[2026-04-05T00:39:20.132+0000] {logging_mixin.py:188} INFO - [2026-04-05T00:39:20.130+0000] {dagbag.py:540} INFO - Filling up the DagBag from /opt/airflow/dags/isr_pipeline.py
[2026-04-05T00:39:20.221+0000] {processor.py:840} INFO - DAG(s) 'isr_pipeline' retrieved from /opt/airflow/dags/isr_pipeline.py
[2026-04-05T00:39:20.401+0000] {logging_mixin.py:188} INFO - [2026-04-05T00:39:20.400+0000] {dag.py:3096} INFO - Sync 1 DAGs
[2026-04-05T00:39:20.615+0000] {processor.py:183} INFO - Processing /opt/airflow/dags/isr_pipeline.py took 0.553 seconds
[2026-04-05T00:39:51.158+0000] {processor.py:161} INFO - Started process (PID=56135) to work on /opt/airflow/dags/isr_pipeline.py
[2026-04-05T00:39:51.166+0000] {processor.py:830} INFO - Processing file /opt/airflow/dags/isr_pipeline.py for tasks to queue
[2026-04-05T00:39:51.174+0000] {logging_mixin.py:188} INFO - [2026-04-05T00:39:51.172+0000] {dagbag.py:540} INFO - Filling up the DagBag from /opt/airflow/dags/isr_pipeline.py
[2026-04-05T00:39:51.263+0000] {processor.py:840} INFO - DAG(s) 'isr_pipeline' retrieved from /opt/airflow/dags/isr_pipeline.py
[2026-04-05T00:39:51.460+0000] {logging_mixin.py:188} INFO - [2026-04-05T00:39:51.459+0000] {dag.py:3096} INFO - Sync 1 DAGs
[2026-04-05T00:39:51.833+0000] {processor.py:183} INFO - Processing /opt/airflow/dags/isr_pipeline.py took 0.714 seconds
[2026-04-05T00:40:22.402+0000] {processor.py:161} INFO - Started process (PID=56140) to work on /opt/airflow/dags/isr_pipeline.py
[2026-04-05T00:40:22.415+0000] {processor.py:830} INFO - Processing file /opt/airflow/dags/isr_pipeline.py for tasks to queue
[2026-04-05T00:40:22.425+0000] {logging_mixin.py:188} INFO - [2026-04-05T00:40:22.422+0000] {dagbag.py:540} INFO - Filling up the DagBag from /opt/airflow/dags/isr_pipeline.py
[2026-04-05T00:40:22.520+0000] {processor.py:840} INFO - DAG(s) 'isr_pipeline' retrieved from /opt/airflow/dags/isr_pipeline.py
[2026-04-05T00:40:22.716+0000] {logging_mixin.py:188} INFO - [2026-04-05T00:40:22.715+0000] {dag.py:3096} INFO - Sync 1 DAGs
[2026-04-05T00:40:22.931+0000] {processor.py:183} INFO - Processing /opt/airflow/dags/isr_pipeline.py took 0.573 seconds
[2026-04-05T00:40:53.760+0000] {processor.py:161} INFO - Started process (PID=56145) to work on /opt/airflow/dags/isr_pipeline.py
[2026-04-05T00:40:53.767+0000] {processor.py:830} INFO - Processing file /opt/airflow/dags/isr_pipeline.py for tasks to queue
[2026-04-05T00:40:53.774+0000] {logging_mixin.py:188} INFO - [2026-04-05T00:40:53.772+0000] {dagbag.py:540} INFO - Filling up the DagBag from /opt/airflow/dags/isr_pipeline.py
[2026-04-05T00:40:53.858+0000] {processor.py:840} INFO - DAG(s) 'isr_pipeline' retrieved from /opt/airflow/dags/isr_pipeline.py
[2026-04-05T00:40:54.031+0000] {logging_mixin.py:188} INFO - [2026-04-05T00:40:54.030+0000] {dag.py:3096} INFO - Sync 1 DAGs
[2026-04-05T00:40:54.231+0000] {processor.py:183} INFO - Processing /opt/airflow/dags/isr_pipeline.py took 0.505 seconds
[2026-04-05T00:41:24.743+0000] {processor.py:161} INFO - Started process (PID=56150) to work on /opt/airflow/dags/isr_pipeline.py
[2026-04-05T00:41:24.750+0000] {processor.py:830} INFO - Processing file /opt/airflow/dags/isr_pipeline.py for tasks to queue
[2026-04-05T00:41:24.757+0000] {logging_mixin.py:188} INFO - [2026-04-05T00:41:24.755+0000] {dagbag.py:540} INFO - Filling up the DagBag from /opt/airflow/dags/isr_pipeline.py
[2026-04-05T00:41:24.839+0000] {processor.py:840} INFO - DAG(s) 'isr_pipeline' retrieved from /opt/airflow/dags/isr_pipeline.py
[2026-04-05T00:41:25.040+0000] {logging_mixin.py:188} INFO - [2026-04-05T00:41:25.039+0000] {dag.py:3096} INFO - Sync 1 DAGs
[2026-04-05T00:41:25.280+0000] {processor.py:183} INFO - Processing /opt/airflow/dags/isr_pipeline.py took 0.575 seconds
[2026-04-05T00:41:55.661+0000] {processor.py:161} INFO - Started process (PID=56155) to work on /opt/airflow/dags/isr_pipeline.py
[2026-04-05T00:41:55.668+0000] {processor.py:830} INFO - Processing file /opt/airflow/dags/isr_pipeline.py for tasks to queue
[2026-04-05T00:41:55.676+0000] {logging_mixin.py:188} INFO - [2026-04-05T00:41:55.674+0000] {dagbag.py:540} INFO - Filling up the DagBag from /opt/airflow/dags/isr_pipeline.py
[2026-04-05T00:41:55.767+0000] {processor.py:840} INFO - DAG(s) 'isr_pipeline' retrieved from /opt/airflow/dags/isr_pipeline.py
[2026-04-05T00:41:55.951+0000] {logging_mixin.py:188} INFO - [2026-04-05T00:41:55.949+0000] {dag.py:3096} INFO - Sync 1 DAGs
[2026-04-05T00:41:56.150+0000] {processor.py:183} INFO - Processing /opt/airflow/dags/isr_pipeline.py took 0.528 seconds
[2026-04-05T00:42:26.663+0000] {processor.py:161} INFO - Started process (PID=56160) to work on /opt/airflow/dags/isr_pipeline.py
[2026-04-05T00:42:26.670+0000] {processor.py:830} INFO - Processing file /opt/airflow/dags/isr_pipeline.py for tasks to queue
[2026-04-05T00:42:26.677+0000] {logging_mixin.py:188} INFO - [2026-04-05T00:42:26.675+0000] {dagbag.py:540} INFO - Filling up the DagBag from /opt/airflow/dags/isr_pipeline.py
[2026-04-05T00:42:26.761+0000] {processor.py:840} INFO - DAG(s) 'isr_pipeline' retrieved from /opt/airflow/dags/isr_pipeline.py
[2026-04-05T00:42:26.948+0000] {logging_mixin.py:188} INFO - [2026-04-05T00:42:26.947+0000] {dag.py:3096} INFO - Sync 1 DAGs
[2026-04-05T00:42:27.148+0000] {processor.py:183} INFO - Processing /opt/airflow/dags/isr_pipeline.py took 0.523 seconds
[2026-04-05T00:42:57.743+0000] {processor.py:161} INFO - Started process (PID=56165) to work on /opt/airflow/dags/isr_pipeline.py
[2026-04-05T00:42:57.750+0000] {processor.py:830} INFO - Processing file /opt/airflow/dags/isr_pipeline.py for tasks to queue
[2026-04-05T00:42:57.757+0000] {logging_mixin.py:188} INFO - [2026-04-05T00:42:57.755+0000] {dagbag.py:540} INFO - Filling up the DagBag from /opt/airflow/dags/isr_pipeline.py
[2026-04-05T00:42:57.885+0000] {processor.py:840} INFO - DAG(s) 'isr_pipeline' retrieved from /opt/airflow/dags/isr_pipeline.py
[2026-04-05T00:42:58.078+0000] {logging_mixin.py:188} INFO - [2026-04-05T00:42:58.076+0000] {dag.py:3096} INFO - Sync 1 DAGs
[2026-04-05T00:42:58.288+0000] {processor.py:183} INFO - Processing /opt/airflow/dags/isr_pipeline.py took 0.615 seconds
[2026-04-05T00:43:28.907+0000] {processor.py:161} INFO - Started process (PID=56170) to work on /opt/airflow/dags/isr_pipeline.py
[2026-04-05T00:43:28.914+0000] {processor.py:830} INFO - Processing file /opt/airflow/dags/isr_pipeline.py for tasks to queue
[2026-04-05T00:43:28.921+0000] {logging_mixin.py:188} INFO - [2026-04-05T00:43:28.919+0000] {dagbag.py:540} INFO - Filling up the DagBag from /opt/airflow/dags/isr_pipeline.py
[2026-04-05T00:43:29.002+0000] {processor.py:840} INFO - DAG(s) 'isr_pipeline' retrieved from /opt/airflow/dags/isr_pipeline.py
[2026-04-05T00:43:29.178+0000] {logging_mixin.py:188} INFO - [2026-04-05T00:43:29.177+0000] {dag.py:3096} INFO - Sync 1 DAGs
[2026-04-05T00:43:29.392+0000] {processor.py:183} INFO - Processing /opt/airflow/dags/isr_pipeline.py took 0.522 seconds
[2026-04-05T00:43:59.637+0000] {processor.py:161} INFO - Started process (PID=56175) to work on /opt/airflow/dags/isr_pipeline.py
[2026-04-05T00:43:59.644+0000] {processor.py:830} INFO - Processing file /opt/airflow/dags/isr_pipeline.py for tasks to queue
[2026-04-05T00:43:59.652+0000] {logging_mixin.py:188} INFO - [2026-04-05T00:43:59.650+0000] {dagbag.py:540} INFO - Filling up the DagBag from /opt/airflow/dags/isr_pipeline.py
[2026-04-05T00:43:59.738+0000] {processor.py:840} INFO - DAG(s) 'isr_pipeline' retrieved from /opt/airflow/dags/isr_pipeline.py
[2026-04-05T00:43:59.915+0000] {logging_mixin.py:188} INFO - [2026-04-05T00:43:59.914+0000] {dag.py:3096} INFO - Sync 1 DAGs
[2026-04-05T00:44:00.117+0000] {processor.py:183} INFO - Processing /opt/airflow/dags/isr_pipeline.py took 0.517 seconds
[2026-04-05T00:44:30.522+0000] {processor.py:161} INFO - Started process (PID=56180) to work on /opt/airflow/dags/isr_pipeline.py
[2026-04-05T00:44:30.537+0000] {processor.py:830} INFO - Processing file /opt/airflow/dags/isr_pipeline.py for tasks to queue
[2026-04-05T00:44:30.549+0000] {logging_mixin.py:188} INFO - [2026-04-05T00:44:30.547+0000] {dagbag.py:540} INFO - Filling up the DagBag from /opt/airflow/dags/isr_pipeline.py
[2026-04-05T00:44:30.687+0000] {processor.py:840} INFO - DAG(s) 'isr_pipeline' retrieved from /opt/airflow/dags/isr_pipeline.py
[2026-04-05T00:44:30.924+0000] {logging_mixin.py:188} INFO - [2026-04-05T00:44:30.922+0000] {dag.py:3096} INFO - Sync 1 DAGs
[2026-04-05T00:44:31.116+0000] {processor.py:183} INFO - Processing /opt/airflow/dags/isr_pipeline.py took 0.649 seconds
[2026-04-05T00:45:01.732+0000] {processor.py:161} INFO - Started process (PID=56185) to work on /opt/airflow/dags/isr_pipeline.py
[2026-04-05T00:45:01.739+0000] {processor.py:830} INFO - Processing file /opt/airflow/dags/isr_pipeline.py for tasks to queue
[2026-04-05T00:45:01.746+0000] {logging_mixin.py:188} INFO - [2026-04-05T00:45:01.744+0000] {dagbag.py:540} INFO - Filling up the DagBag from /opt/airflow/dags/isr_pipeline.py
[2026-04-05T00:45:01.832+0000] {processor.py:840} INFO - DAG(s) 'isr_pipeline' retrieved from /opt/airflow/dags/isr_pipeline.py
[2026-04-05T00:45:02.006+0000] {logging_mixin.py:188} INFO - [2026-04-05T00:45:02.004+0000] {dag.py:3096} INFO - Sync 1 DAGs
[2026-04-05T00:45:02.281+0000] {processor.py:183} INFO - Processing /opt/airflow/dags/isr_pipeline.py took 0.588 seconds
[2026-04-05T00:45:32.771+0000] {processor.py:161} INFO - Started process (PID=56190) to work on /opt/airflow/dags/isr_pipeline.py
[2026-04-05T00:45:32.778+0000] {processor.py:830} INFO - Processing file /opt/airflow/dags/isr_pipeline.py for tasks to queue
[2026-04-05T00:45:32.785+0000] {logging_mixin.py:188} INFO - [2026-04-05T00:45:32.783+0000] {dagbag.py:540} INFO - Filling up the DagBag from /opt/airflow/dags/isr_pipeline.py
[2026-04-05T00:45:32.872+0000] {processor.py:840} INFO - DAG(s) 'isr_pipeline' retrieved from /opt/airflow/dags/isr_pipeline.py
[2026-04-05T00:45:33.054+0000] {logging_mixin.py:188} INFO - [2026-04-05T00:45:33.053+0000] {dag.py:3096} INFO - Sync 1 DAGs
[2026-04-05T00:45:33.263+0000] {processor.py:183} INFO - Processing /opt/airflow/dags/isr_pipeline.py took 0.529 seconds
[2026-04-05T00:46:03.819+0000] {processor.py:161} INFO - Started process (PID=56195) to work on /opt/airflow/dags/isr_pipeline.py
[2026-04-05T00:46:03.826+0000] {processor.py:830} INFO - Processing file /opt/airflow/dags/isr_pipeline.py for tasks to queue
[2026-04-05T00:46:03.833+0000] {logging_mixin.py:188} INFO - [2026-04-05T00:46:03.831+0000] {dagbag.py:540} INFO - Filling up the DagBag from /opt/airflow/dags/isr_pipeline.py
[2026-04-05T00:46:03.918+0000] {processor.py:840} INFO - DAG(s) 'isr_pipeline' retrieved from /opt/airflow/dags/isr_pipeline.py
[2026-04-05T00:46:04.088+0000] {logging_mixin.py:188} INFO - [2026-04-05T00:46:04.087+0000] {dag.py:3096} INFO - Sync 1 DAGs
[2026-04-05T00:46:04.294+0000] {processor.py:183} INFO - Processing /opt/airflow/dags/isr_pipeline.py took 0.510 seconds
[2026-04-05T00:46:34.779+0000] {processor.py:161} INFO - Started process (PID=56200) to work on /opt/airflow/dags/isr_pipeline.py
[2026-04-05T00:46:34.786+0000] {processor.py:830} INFO - Processing file /opt/airflow/dags/isr_pipeline.py for tasks to queue
[2026-04-05T00:46:34.793+0000] {logging_mixin.py:188} INFO - [2026-04-05T00:46:34.791+0000] {dagbag.py:540} INFO - Filling up the DagBag from /opt/airflow/dags/isr_pipeline.py
[2026-04-05T00:46:34.876+0000] {processor.py:840} INFO - DAG(s) 'isr_pipeline' retrieved from /opt/airflow/dags/isr_pipeline.py
[2026-04-05T00:46:35.057+0000] {logging_mixin.py:188} INFO - [2026-04-05T00:46:35.056+0000] {dag.py:3096} INFO - Sync 1 DAGs
[2026-04-05T00:46:35.274+0000] {processor.py:183} INFO - Processing /opt/airflow/dags/isr_pipeline.py took 0.532 seconds
[2026-04-05T00:47:05.573+0000] {processor.py:161} INFO - Started process (PID=56205) to work on /opt/airflow/dags/isr_pipeline.py
[2026-04-05T00:47:05.580+0000] {processor.py:830} INFO - Processing file /opt/airflow/dags/isr_pipeline.py for tasks to queue
[2026-04-05T00:47:05.588+0000] {logging_mixin.py:188} INFO - [2026-04-05T00:47:05.586+0000] {dagbag.py:540} INFO - Filling up the DagBag from /opt/airflow/dags/isr_pipeline.py
[2026-04-05T00:47:05.695+0000] {processor.py:840} INFO - DAG(s) 'isr_pipeline' retrieved from /opt/airflow/dags/isr_pipeline.py
[2026-04-05T00:47:05.893+0000] {logging_mixin.py:188} INFO - [2026-04-05T00:47:05.892+0000] {dag.py:3096} INFO - Sync 1 DAGs
[2026-04-05T00:47:06.087+0000] {processor.py:183} INFO - Processing /opt/airflow/dags/isr_pipeline.py took 0.559 seconds
[2026-04-05T00:47:36.646+0000] {processor.py:161} INFO - Started process (PID=56210) to work on /opt/airflow/dags/isr_pipeline.py
[2026-04-05T00:47:36.656+0000] {processor.py:830} INFO - Processing file /opt/airflow/dags/isr_pipeline.py for tasks to queue
[2026-04-05T00:47:36.666+0000] {logging_mixin.py:188} INFO - [2026-04-05T00:47:36.664+0000] {dagbag.py:540} INFO - Filling up the DagBag from /opt/airflow/dags/isr_pipeline.py
[2026-04-05T00:47:36.843+0000] {processor.py:840} INFO - DAG(s) 'isr_pipeline' retrieved from /opt/airflow/dags/isr_pipeline.py
[2026-04-05T00:47:37.062+0000] {logging_mixin.py:188} INFO - [2026-04-05T00:47:37.061+0000] {dag.py:3096} INFO - Sync 1 DAGs
[2026-04-05T00:47:37.299+0000] {processor.py:183} INFO - Processing /opt/airflow/dags/isr_pipeline.py took 0.697 seconds
[2026-04-05T00:48:07.579+0000] {processor.py:161} INFO - Started process (PID=56215) to work on /opt/airflow/dags/isr_pipeline.py
[2026-04-05T00:48:07.586+0000] {processor.py:830} INFO - Processing file /opt/airflow/dags/isr_pipeline.py for tasks to queue
[2026-04-05T00:48:07.594+0000] {logging_mixin.py:188} INFO - [2026-04-05T00:48:07.592+0000] {dagbag.py:540} INFO - Filling up the DagBag from /opt/airflow/dags/isr_pipeline.py
[2026-04-05T00:48:07.676+0000] {processor.py:840} INFO - DAG(s) 'isr_pipeline' retrieved from /opt/airflow/dags/isr_pipeline.py
[2026-04-05T00:48:07.861+0000] {logging_mixin.py:188} INFO - [2026-04-05T00:48:07.860+0000] {dag.py:3096} INFO - Sync 1 DAGs
[2026-04-05T00:48:08.067+0000] {processor.py:183} INFO - Processing /opt/airflow/dags/isr_pipeline.py took 0.530 seconds
[2026-04-05T00:48:38.590+0000] {processor.py:161} INFO - Started process (PID=56220) to work on /opt/airflow/dags/isr_pipeline.py
[2026-04-05T00:48:38.598+0000] {processor.py:830} INFO - Processing file /opt/airflow/dags/isr_pipeline.py for tasks to queue
[2026-04-05T00:48:38.605+0000] {logging_mixin.py:188} INFO - [2026-04-05T00:48:38.603+0000] {dagbag.py:540} INFO - Filling up the DagBag from /opt/airflow/dags/isr_pipeline.py
[2026-04-05T00:48:38.691+0000] {processor.py:840} INFO - DAG(s) 'isr_pipeline' retrieved from /opt/airflow/dags/isr_pipeline.py
[2026-04-05T00:48:38.868+0000] {logging_mixin.py:188} INFO - [2026-04-05T00:48:38.867+0000] {dag.py:3096} INFO - Sync 1 DAGs
[2026-04-05T00:48:39.064+0000] {processor.py:183} INFO - Processing /opt/airflow/dags/isr_pipeline.py took 0.511 seconds
[2026-04-05T00:49:09.481+0000] {processor.py:161} INFO - Started process (PID=56225) to work on /opt/airflow/dags/isr_pipeline.py
[2026-04-05T00:49:09.488+0000] {processor.py:830} INFO - Processing file /opt/airflow/dags/isr_pipeline.py for tasks to queue
[2026-04-05T00:49:09.495+0000] {logging_mixin.py:188} INFO - [2026-04-05T00:49:09.493+0000] {dagbag.py:540} INFO - Filling up the DagBag from /opt/airflow/dags/isr_pipeline.py
[2026-04-05T00:49:09.590+0000] {processor.py:840} INFO - DAG(s) 'isr_pipeline' retrieved from /opt/airflow/dags/isr_pipeline.py
[2026-04-05T00:49:09.782+0000] {logging_mixin.py:188} INFO - [2026-04-05T00:49:09.781+0000] {dag.py:3096} INFO - Sync 1 DAGs
[2026-04-05T00:49:09.994+0000] {processor.py:183} INFO - Processing /opt/airflow/dags/isr_pipeline.py took 0.555 seconds
[2026-04-05T00:49:40.708+0000] {processor.py:161} INFO - Started process (PID=56230) to work on /opt/airflow/dags/isr_pipeline.py
[2026-04-05T00:49:40.717+0000] {processor.py:830} INFO - Processing file /opt/airflow/dags/isr_pipeline.py for tasks to queue
[2026-04-05T00:49:40.724+0000] {logging_mixin.py:188} INFO - [2026-04-05T00:49:40.723+0000] {dagbag.py:540} INFO - Filling up the DagBag from /opt/airflow/dags/isr_pipeline.py
[2026-04-05T00:49:40.810+0000] {processor.py:840} INFO - DAG(s) 'isr_pipeline' retrieved from /opt/airflow/dags/isr_pipeline.py
[2026-04-05T00:49:40.990+0000] {logging_mixin.py:188} INFO - [2026-04-05T00:49:40.988+0000] {dag.py:3096} INFO - Sync 1 DAGs
[2026-04-05T00:49:41.196+0000] {processor.py:183} INFO - Processing /opt/airflow/dags/isr_pipeline.py took 0.527 seconds
[2026-04-05T00:50:11.721+0000] {processor.py:161} INFO - Started process (PID=56235) to work on /opt/airflow/dags/isr_pipeline.py
[2026-04-05T00:50:11.729+0000] {processor.py:830} INFO - Processing file /opt/airflow/dags/isr_pipeline.py for tasks to queue
[2026-04-05T00:50:11.736+0000] {logging_mixin.py:188} INFO - [2026-04-05T00:50:11.734+0000] {dagbag.py:540} INFO - Filling up the DagBag from /opt/airflow/dags/isr_pipeline.py
[2026-04-05T00:50:11.822+0000] {processor.py:840} INFO - DAG(s) 'isr_pipeline' retrieved from /opt/airflow/dags/isr_pipeline.py
[2026-04-05T00:50:11.997+0000] {logging_mixin.py:188} INFO - [2026-04-05T00:50:11.996+0000] {dag.py:3096} INFO - Sync 1 DAGs
[2026-04-05T00:50:12.198+0000] {processor.py:183} INFO - Processing /opt/airflow/dags/isr_pipeline.py took 0.516 seconds
[2026-04-05T00:50:42.746+0000] {processor.py:161} INFO - Started process (PID=56240) to work on /opt/airflow/dags/isr_pipeline.py
[2026-04-05T00:50:42.753+0000] {processor.py:830} INFO - Processing file /opt/airflow/dags/isr_pipeline.py for tasks to queue
[2026-04-05T00:50:42.760+0000] {logging_mixin.py:188} INFO - [2026-04-05T00:50:42.758+0000] {dagbag.py:540} INFO - Filling up the DagBag from /opt/airflow/dags/isr_pipeline.py
[2026-04-05T00:50:42.854+0000] {processor.py:840} INFO - DAG(s) 'isr_pipeline' retrieved from /opt/airflow/dags/isr_pipeline.py
[2026-04-05T00:50:43.027+0000] {logging_mixin.py:188} INFO - [2026-04-05T00:50:43.026+0000] {dag.py:3096} INFO - Sync 1 DAGs
[2026-04-05T00:50:43.225+0000] {processor.py:183} INFO - Processing /opt/airflow/dags/isr_pipeline.py took 0.513 seconds
[2026-04-05T00:51:13.820+0000] {processor.py:161} INFO - Started process (PID=56245) to work on /opt/airflow/dags/isr_pipeline.py
[2026-04-05T00:51:13.828+0000] {processor.py:830} INFO - Processing file /opt/airflow/dags/isr_pipeline.py for tasks to queue
[2026-04-05T00:51:13.838+0000] {logging_mixin.py:188} INFO - [2026-04-05T00:51:13.835+0000] {dagbag.py:540} INFO - Filling up the DagBag from /opt/airflow/dags/isr_pipeline.py
[2026-04-05T00:51:13.939+0000] {processor.py:840} INFO - DAG(s) 'isr_pipeline' retrieved from /opt/airflow/dags/isr_pipeline.py
[2026-04-05T00:51:14.171+0000] {logging_mixin.py:188} INFO - [2026-04-05T00:51:14.170+0000] {dag.py:3096} INFO - Sync 1 DAGs
[2026-04-05T00:51:14.442+0000] {processor.py:183} INFO - Processing /opt/airflow/dags/isr_pipeline.py took 0.721 seconds
[2026-04-05T01:21:25.015+0000] {processor.py:161} INFO - Started process (PID=56251) to work on /opt/airflow/dags/isr_pipeline.py
[2026-04-05T01:21:25.017+0000] {processor.py:830} INFO - Processing file /opt/airflow/dags/isr_pipeline.py for tasks to queue
[2026-04-05T01:21:25.020+0000] {logging_mixin.py:188} INFO - [2026-04-05T01:21:25.020+0000] {dagbag.py:540} INFO - Filling up the DagBag from /opt/airflow/dags/isr_pipeline.py
[2026-04-05T01:21:25.060+0000] {processor.py:840} INFO - DAG(s) 'isr_pipeline' retrieved from /opt/airflow/dags/isr_pipeline.py
[2026-04-05T01:21:25.102+0000] {logging_mixin.py:188} INFO - [2026-04-05T01:21:25.102+0000] {dag.py:3096} INFO - Sync 1 DAGs
[2026-04-05T01:21:25.144+0000] {processor.py:183} INFO - Processing /opt/airflow/dags/isr_pipeline.py took 0.142 seconds
[2026-04-05T01:21:55.535+0000] {processor.py:161} INFO - Started process (PID=56256) to work on /opt/airflow/dags/isr_pipeline.py
[2026-04-05T01:21:55.544+0000] {processor.py:830} INFO - Processing file /opt/airflow/dags/isr_pipeline.py for tasks to queue
[2026-04-05T01:21:55.569+0000] {logging_mixin.py:188} INFO - [2026-04-05T01:21:55.555+0000] {dagbag.py:540} INFO - Filling up the DagBag from /opt/airflow/dags/isr_pipeline.py
[2026-04-05T01:21:55.654+0000] {processor.py:840} INFO - DAG(s) 'isr_pipeline' retrieved from /opt/airflow/dags/isr_pipeline.py
[2026-04-05T01:21:55.838+0000] {logging_mixin.py:188} INFO - [2026-04-05T01:21:55.837+0000] {dag.py:3096} INFO - Sync 1 DAGs
[2026-04-05T01:21:56.049+0000] {processor.py:183} INFO - Processing /opt/airflow/dags/isr_pipeline.py took 0.554 seconds
[2026-04-05T01:22:26.706+0000] {processor.py:161} INFO - Started process (PID=56261) to work on /opt/airflow/dags/isr_pipeline.py
[2026-04-05T01:22:26.713+0000] {processor.py:830} INFO - Processing file /opt/airflow/dags/isr_pipeline.py for tasks to queue
[2026-04-05T01:22:26.721+0000] {logging_mixin.py:188} INFO - [2026-04-05T01:22:26.719+0000] {dagbag.py:540} INFO - Filling up the DagBag from /opt/airflow/dags/isr_pipeline.py
[2026-04-05T01:22:26.814+0000] {processor.py:840} INFO - DAG(s) 'isr_pipeline' retrieved from /opt/airflow/dags/isr_pipeline.py
[2026-04-05T01:22:27.004+0000] {logging_mixin.py:188} INFO - [2026-04-05T01:22:27.002+0000] {dag.py:3096} INFO - Sync 1 DAGs
[2026-04-05T01:22:27.214+0000] {processor.py:183} INFO - Processing /opt/airflow/dags/isr_pipeline.py took 0.549 seconds
[2026-04-05T01:22:57.559+0000] {processor.py:161} INFO - Started process (PID=56266) to work on /opt/airflow/dags/isr_pipeline.py
[2026-04-05T01:22:57.566+0000] {processor.py:830} INFO - Processing file /opt/airflow/dags/isr_pipeline.py for tasks to queue
[2026-04-05T01:22:57.574+0000] {logging_mixin.py:188} INFO - [2026-04-05T01:22:57.572+0000] {dagbag.py:540} INFO - Filling up the DagBag from /opt/airflow/dags/isr_pipeline.py
[2026-04-05T01:22:57.659+0000] {processor.py:840} INFO - DAG(s) 'isr_pipeline' retrieved from /opt/airflow/dags/isr_pipeline.py
[2026-04-05T01:22:57.831+0000] {logging_mixin.py:188} INFO - [2026-04-05T01:22:57.830+0000] {dag.py:3096} INFO - Sync 1 DAGs
[2026-04-05T01:22:58.027+0000] {processor.py:183} INFO - Processing /opt/airflow/dags/isr_pipeline.py took 0.507 seconds
[2026-04-05T01:23:28.327+0000] {processor.py:161} INFO - Started process (PID=56271) to work on /opt/airflow/dags/isr_pipeline.py
[2026-04-05T01:23:28.335+0000] {processor.py:830} INFO - Processing file /opt/airflow/dags/isr_pipeline.py for tasks to queue
[2026-04-05T01:23:28.342+0000] {logging_mixin.py:188} INFO - [2026-04-05T01:23:28.339+0000] {dagbag.py:540} INFO - Filling up the DagBag from /opt/airflow/dags/isr_pipeline.py
[2026-04-05T01:23:28.429+0000] {processor.py:840} INFO - DAG(s) 'isr_pipeline' retrieved from /opt/airflow/dags/isr_pipeline.py
[2026-04-05T01:23:28.608+0000] {logging_mixin.py:188} INFO - [2026-04-05T01:23:28.607+0000] {dag.py:3096} INFO - Sync 1 DAGs
[2026-04-05T01:23:28.807+0000] {processor.py:183} INFO - Processing /opt/airflow/dags/isr_pipeline.py took 0.519 seconds
[2026-04-05T01:23:59.038+0000] {processor.py:161} INFO - Started process (PID=56276) to work on /opt/airflow/dags/isr_pipeline.py
[2026-04-05T01:23:59.045+0000] {processor.py:830} INFO - Processing file /opt/airflow/dags/isr_pipeline.py for tasks to queue
[2026-04-05T01:23:59.052+0000] {logging_mixin.py:188} INFO - [2026-04-05T01:23:59.050+0000] {dagbag.py:540} INFO - Filling up the DagBag from /opt/airflow/dags/isr_pipeline.py
[2026-04-05T01:23:59.147+0000] {processor.py:840} INFO - DAG(s) 'isr_pipeline' retrieved from /opt/airflow/dags/isr_pipeline.py
[2026-04-05T01:23:59.340+0000] {logging_mixin.py:188} INFO - [2026-04-05T01:23:59.339+0000] {dag.py:3096} INFO - Sync 1 DAGs
[2026-04-05T01:23:59.545+0000] {processor.py:183} INFO - Processing /opt/airflow/dags/isr_pipeline.py took 0.552 seconds
[2026-04-05T01:24:29.874+0000] {processor.py:161} INFO - Started process (PID=56281) to work on /opt/airflow/dags/isr_pipeline.py
[2026-04-05T01:24:29.882+0000] {processor.py:830} INFO - Processing file /opt/airflow/dags/isr_pipeline.py for tasks to queue
[2026-04-05T01:24:29.890+0000] {logging_mixin.py:188} INFO - [2026-04-05T01:24:29.888+0000] {dagbag.py:540} INFO - Filling up the DagBag from /opt/airflow/dags/isr_pipeline.py
[2026-04-05T01:24:29.987+0000] {processor.py:840} INFO - DAG(s) 'isr_pipeline' retrieved from /opt/airflow/dags/isr_pipeline.py
[2026-04-05T01:24:30.185+0000] {logging_mixin.py:188} INFO - [2026-04-05T01:24:30.183+0000] {dag.py:3096} INFO - Sync 1 DAGs
[2026-04-05T01:24:30.544+0000] {processor.py:183} INFO - Processing /opt/airflow/dags/isr_pipeline.py took 0.711 seconds
[2026-04-05T01:25:01.049+0000] {processor.py:161} INFO - Started process (PID=56286) to work on /opt/airflow/dags/isr_pipeline.py
[2026-04-05T01:25:01.056+0000] {processor.py:830} INFO - Processing file /opt/airflow/dags/isr_pipeline.py for tasks to queue
[2026-04-05T01:25:01.063+0000] {logging_mixin.py:188} INFO - [2026-04-05T01:25:01.062+0000] {dagbag.py:540} INFO - Filling up the DagBag from /opt/airflow/dags/isr_pipeline.py
[2026-04-05T01:25:01.161+0000] {processor.py:840} INFO - DAG(s) 'isr_pipeline' retrieved from /opt/airflow/dags/isr_pipeline.py
[2026-04-05T01:25:01.346+0000] {logging_mixin.py:188} INFO - [2026-04-05T01:25:01.345+0000] {dag.py:3096} INFO - Sync 1 DAGs
[2026-04-05T01:25:01.557+0000] {processor.py:183} INFO - Processing /opt/airflow/dags/isr_pipeline.py took 0.546 seconds
[2026-04-05T01:25:31.754+0000] {processor.py:161} INFO - Started process (PID=56291) to work on /opt/airflow/dags/isr_pipeline.py
[2026-04-05T01:25:31.761+0000] {processor.py:830} INFO - Processing file /opt/airflow/dags/isr_pipeline.py for tasks to queue
[2026-04-05T01:25:31.768+0000] {logging_mixin.py:188} INFO - [2026-04-05T01:25:31.766+0000] {dagbag.py:540} INFO - Filling up the DagBag from /opt/airflow/dags/isr_pipeline.py
[2026-04-05T01:25:31.852+0000] {processor.py:840} INFO - DAG(s) 'isr_pipeline' retrieved from /opt/airflow/dags/isr_pipeline.py
[2026-04-05T01:25:32.544+0000] {logging_mixin.py:188} INFO - [2026-04-05T01:25:32.543+0000] {dag.py:3096} INFO - Sync 1 DAGs
[2026-04-05T01:25:32.745+0000] {processor.py:183} INFO - Processing /opt/airflow/dags/isr_pipeline.py took 1.029 seconds
[2026-04-05T01:26:03.265+0000] {processor.py:161} INFO - Started process (PID=56296) to work on /opt/airflow/dags/isr_pipeline.py
[2026-04-05T01:26:03.272+0000] {processor.py:830} INFO - Processing file /opt/airflow/dags/isr_pipeline.py for tasks to queue
[2026-04-05T01:26:03.279+0000] {logging_mixin.py:188} INFO - [2026-04-05T01:26:03.277+0000] {dagbag.py:540} INFO - Filling up the DagBag from /opt/airflow/dags/isr_pipeline.py
[2026-04-05T01:26:03.368+0000] {processor.py:840} INFO - DAG(s) 'isr_pipeline' retrieved from /opt/airflow/dags/isr_pipeline.py
[2026-04-05T01:26:03.544+0000] {logging_mixin.py:188} INFO - [2026-04-05T01:26:03.543+0000] {dag.py:3096} INFO - Sync 1 DAGs
[2026-04-05T01:26:03.751+0000] {processor.py:183} INFO - Processing /opt/airflow/dags/isr_pipeline.py took 0.522 seconds
[2026-04-05T01:26:34.346+0000] {processor.py:161} INFO - Started process (PID=56301) to work on /opt/airflow/dags/isr_pipeline.py
[2026-04-05T01:26:34.354+0000] {processor.py:830} INFO - Processing file /opt/airflow/dags/isr_pipeline.py for tasks to queue
[2026-04-05T01:26:34.361+0000] {logging_mixin.py:188} INFO - [2026-04-05T01:26:34.359+0000] {dagbag.py:540} INFO - Filling up the DagBag from /opt/airflow/dags/isr_pipeline.py
[2026-04-05T01:26:34.449+0000] {processor.py:840} INFO - DAG(s) 'isr_pipeline' retrieved from /opt/airflow/dags/isr_pipeline.py
[2026-04-05T01:26:34.634+0000] {logging_mixin.py:188} INFO - [2026-04-05T01:26:34.633+0000] {dag.py:3096} INFO - Sync 1 DAGs
[2026-04-05T01:26:34.845+0000] {processor.py:183} INFO - Processing /opt/airflow/dags/isr_pipeline.py took 0.537 seconds
[2026-04-05T01:27:05.145+0000] {processor.py:161} INFO - Started process (PID=56306) to work on /opt/airflow/dags/isr_pipeline.py
[2026-04-05T01:27:05.152+0000] {processor.py:830} INFO - Processing file /opt/airflow/dags/isr_pipeline.py for tasks to queue
[2026-04-05T01:27:05.160+0000] {logging_mixin.py:188} INFO - [2026-04-05T01:27:05.158+0000] {dagbag.py:540} INFO - Filling up the DagBag from /opt/airflow/dags/isr_pipeline.py
[2026-04-05T01:27:05.258+0000] {processor.py:840} INFO - DAG(s) 'isr_pipeline' retrieved from /opt/airflow/dags/isr_pipeline.py
[2026-04-05T01:27:05.440+0000] {logging_mixin.py:188} INFO - [2026-04-05T01:27:05.439+0000] {dag.py:3096} INFO - Sync 1 DAGs
[2026-04-05T01:27:05.645+0000] {processor.py:183} INFO - Processing /opt/airflow/dags/isr_pipeline.py took 0.539 seconds
[2026-04-05T01:27:36.183+0000] {processor.py:161} INFO - Started process (PID=56311) to work on /opt/airflow/dags/isr_pipeline.py
[2026-04-05T01:27:36.189+0000] {processor.py:830} INFO - Processing file /opt/airflow/dags/isr_pipeline.py for tasks to queue
[2026-04-05T01:27:36.197+0000] {logging_mixin.py:188} INFO - [2026-04-05T01:27:36.195+0000] {dagbag.py:540} INFO - Filling up the DagBag from /opt/airflow/dags/isr_pipeline.py
[2026-04-05T01:27:36.283+0000] {processor.py:840} INFO - DAG(s) 'isr_pipeline' retrieved from /opt/airflow/dags/isr_pipeline.py
[2026-04-05T01:27:36.482+0000] {logging_mixin.py:188} INFO - [2026-04-05T01:27:36.481+0000] {dag.py:3096} INFO - Sync 1 DAGs
[2026-04-05T01:27:36.696+0000] {processor.py:183} INFO - Processing /opt/airflow/dags/isr_pipeline.py took 0.551 seconds
[2026-04-05T01:28:07.127+0000] {processor.py:161} INFO - Started process (PID=56316) to work on /opt/airflow/dags/isr_pipeline.py
[2026-04-05T01:28:07.134+0000] {processor.py:830} INFO - Processing file /opt/airflow/dags/isr_pipeline.py for tasks to queue
[2026-04-05T01:28:07.141+0000] {logging_mixin.py:188} INFO - [2026-04-05T01:28:07.139+0000] {dagbag.py:540} INFO - Filling up the DagBag from /opt/airflow/dags/isr_pipeline.py
[2026-04-05T01:28:07.226+0000] {processor.py:840} INFO - DAG(s) 'isr_pipeline' retrieved from /opt/airflow/dags/isr_pipeline.py
[2026-04-05T01:28:07.403+0000] {logging_mixin.py:188} INFO - [2026-04-05T01:28:07.401+0000] {dag.py:3096} INFO - Sync 1 DAGs
[2026-04-05T01:28:07.610+0000] {processor.py:183} INFO - Processing /opt/airflow/dags/isr_pipeline.py took 0.521 seconds
[2026-04-05T01:28:38.133+0000] {processor.py:161} INFO - Started process (PID=56321) to work on /opt/airflow/dags/isr_pipeline.py
[2026-04-05T01:28:38.140+0000] {processor.py:830} INFO - Processing file /opt/airflow/dags/isr_pipeline.py for tasks to queue
[2026-04-05T01:28:38.147+0000] {logging_mixin.py:188} INFO - [2026-04-05T01:28:38.145+0000] {dagbag.py:540} INFO - Filling up the DagBag from /opt/airflow/dags/isr_pipeline.py
[2026-04-05T01:28:38.232+0000] {processor.py:840} INFO - DAG(s) 'isr_pipeline' retrieved from /opt/airflow/dags/isr_pipeline.py
[2026-04-05T01:28:38.420+0000] {logging_mixin.py:188} INFO - [2026-04-05T01:28:38.419+0000] {dag.py:3096} INFO - Sync 1 DAGs
[2026-04-05T01:28:38.635+0000] {processor.py:183} INFO - Processing /opt/airflow/dags/isr_pipeline.py took 0.547 seconds
[2026-04-05T01:29:09.213+0000] {processor.py:161} INFO - Started process (PID=56326) to work on /opt/airflow/dags/isr_pipeline.py
[2026-04-05T01:29:09.220+0000] {processor.py:830} INFO - Processing file /opt/airflow/dags/isr_pipeline.py for tasks to queue
[2026-04-05T01:29:09.227+0000] {logging_mixin.py:188} INFO - [2026-04-05T01:29:09.225+0000] {dagbag.py:540} INFO - Filling up the DagBag from /opt/airflow/dags/isr_pipeline.py
[2026-04-05T01:29:09.312+0000] {processor.py:840} INFO - DAG(s) 'isr_pipeline' retrieved from /opt/airflow/dags/isr_pipeline.py
[2026-04-05T01:29:09.491+0000] {logging_mixin.py:188} INFO - [2026-04-05T01:29:09.490+0000] {dag.py:3096} INFO - Sync 1 DAGs
[2026-04-05T01:29:09.696+0000] {processor.py:183} INFO - Processing /opt/airflow/dags/isr_pipeline.py took 0.518 seconds
[2026-04-05T01:29:40.263+0000] {processor.py:161} INFO - Started process (PID=56331) to work on /opt/airflow/dags/isr_pipeline.py
[2026-04-05T01:29:40.271+0000] {processor.py:830} INFO - Processing file /opt/airflow/dags/isr_pipeline.py for tasks to queue
[2026-04-05T01:29:40.279+0000] {logging_mixin.py:188} INFO - [2026-04-05T01:29:40.277+0000] {dagbag.py:540} INFO - Filling up the DagBag from /opt/airflow/dags/isr_pipeline.py
[2026-04-05T01:29:40.376+0000] {processor.py:840} INFO - DAG(s) 'isr_pipeline' retrieved from /opt/airflow/dags/isr_pipeline.py
[2026-04-05T01:29:40.584+0000] {logging_mixin.py:188} INFO - [2026-04-05T01:29:40.583+0000] {dag.py:3096} INFO - Sync 1 DAGs
[2026-04-05T01:29:40.798+0000] {processor.py:183} INFO - Processing /opt/airflow/dags/isr_pipeline.py took 0.581 seconds
[2026-04-05T01:30:11.107+0000] {processor.py:161} INFO - Started process (PID=56336) to work on /opt/airflow/dags/isr_pipeline.py
[2026-04-05T01:30:11.115+0000] {processor.py:830} INFO - Processing file /opt/airflow/dags/isr_pipeline.py for tasks to queue
[2026-04-05T01:30:11.124+0000] {logging_mixin.py:188} INFO - [2026-04-05T01:30:11.121+0000] {dagbag.py:540} INFO - Filling up the DagBag from /opt/airflow/dags/isr_pipeline.py
[2026-04-05T01:30:11.222+0000] {processor.py:840} INFO - DAG(s) 'isr_pipeline' retrieved from /opt/airflow/dags/isr_pipeline.py
[2026-04-05T01:30:11.431+0000] {logging_mixin.py:188} INFO - [2026-04-05T01:30:11.429+0000] {dag.py:3096} INFO - Sync 1 DAGs
[2026-04-05T01:30:11.634+0000] {processor.py:183} INFO - Processing /opt/airflow/dags/isr_pipeline.py took 0.578 seconds
[2026-04-05T01:30:42.316+0000] {processor.py:161} INFO - Started process (PID=56341) to work on /opt/airflow/dags/isr_pipeline.py
[2026-04-05T01:30:42.330+0000] {processor.py:830} INFO - Processing file /opt/airflow/dags/isr_pipeline.py for tasks to queue
[2026-04-05T01:30:42.339+0000] {logging_mixin.py:188} INFO - [2026-04-05T01:30:42.336+0000] {dagbag.py:540} INFO - Filling up the DagBag from /opt/airflow/dags/isr_pipeline.py
[2026-04-05T01:30:42.448+0000] {processor.py:840} INFO - DAG(s) 'isr_pipeline' retrieved from /opt/airflow/dags/isr_pipeline.py
[2026-04-05T01:30:42.680+0000] {logging_mixin.py:188} INFO - [2026-04-05T01:30:42.679+0000] {dag.py:3096} INFO - Sync 1 DAGs
[2026-04-05T01:30:42.912+0000] {processor.py:183} INFO - Processing /opt/airflow/dags/isr_pipeline.py took 0.726 seconds
[2026-04-05T01:31:13.288+0000] {processor.py:161} INFO - Started process (PID=56346) to work on /opt/airflow/dags/isr_pipeline.py
[2026-04-05T01:31:13.297+0000] {processor.py:830} INFO - Processing file /opt/airflow/dags/isr_pipeline.py for tasks to queue
[2026-04-05T01:31:13.319+0000] {logging_mixin.py:188} INFO - [2026-04-05T01:31:13.316+0000] {dagbag.py:540} INFO - Filling up the DagBag from /opt/airflow/dags/isr_pipeline.py
[2026-04-05T01:31:13.423+0000] {processor.py:840} INFO - DAG(s) 'isr_pipeline' retrieved from /opt/airflow/dags/isr_pipeline.py
[2026-04-05T01:31:13.599+0000] {logging_mixin.py:188} INFO - [2026-04-05T01:31:13.598+0000] {dag.py:3096} INFO - Sync 1 DAGs
[2026-04-05T01:31:13.919+0000] {processor.py:183} INFO - Processing /opt/airflow/dags/isr_pipeline.py took 0.669 seconds
[2026-04-05T01:31:44.585+0000] {processor.py:161} INFO - Started process (PID=56351) to work on /opt/airflow/dags/isr_pipeline.py
[2026-04-05T01:31:44.592+0000] {processor.py:830} INFO - Processing file /opt/airflow/dags/isr_pipeline.py for tasks to queue
[2026-04-05T01:31:44.599+0000] {logging_mixin.py:188} INFO - [2026-04-05T01:31:44.597+0000] {dagbag.py:540} INFO - Filling up the DagBag from /opt/airflow/dags/isr_pipeline.py
[2026-04-05T01:31:44.681+0000] {processor.py:840} INFO - DAG(s) 'isr_pipeline' retrieved from /opt/airflow/dags/isr_pipeline.py
[2026-04-05T01:31:44.876+0000] {logging_mixin.py:188} INFO - [2026-04-05T01:31:44.874+0000] {dag.py:3096} INFO - Sync 1 DAGs
[2026-04-05T01:31:45.075+0000] {processor.py:183} INFO - Processing /opt/airflow/dags/isr_pipeline.py took 0.528 seconds
[2026-04-05T01:32:15.284+0000] {processor.py:161} INFO - Started process (PID=56356) to work on /opt/airflow/dags/isr_pipeline.py
[2026-04-05T01:32:15.291+0000] {processor.py:830} INFO - Processing file /opt/airflow/dags/isr_pipeline.py for tasks to queue
[2026-04-05T01:32:15.299+0000] {logging_mixin.py:188} INFO - [2026-04-05T01:32:15.297+0000] {dagbag.py:540} INFO - Filling up the DagBag from /opt/airflow/dags/isr_pipeline.py
[2026-04-05T01:32:15.389+0000] {processor.py:840} INFO - DAG(s) 'isr_pipeline' retrieved from /opt/airflow/dags/isr_pipeline.py
[2026-04-05T01:32:15.569+0000] {logging_mixin.py:188} INFO - [2026-04-05T01:32:15.568+0000] {dag.py:3096} INFO - Sync 1 DAGs
[2026-04-05T01:32:15.769+0000] {processor.py:183} INFO - Processing /opt/airflow/dags/isr_pipeline.py took 0.524 seconds
[2026-04-05T01:32:46.175+0000] {processor.py:161} INFO - Started process (PID=56361) to work on /opt/airflow/dags/isr_pipeline.py
[2026-04-05T01:32:46.181+0000] {processor.py:830} INFO - Processing file /opt/airflow/dags/isr_pipeline.py for tasks to queue
[2026-04-05T01:32:46.189+0000] {logging_mixin.py:188} INFO - [2026-04-05T01:32:46.187+0000] {dagbag.py:540} INFO - Filling up the DagBag from /opt/airflow/dags/isr_pipeline.py
[2026-04-05T01:32:46.294+0000] {processor.py:840} INFO - DAG(s) 'isr_pipeline' retrieved from /opt/airflow/dags/isr_pipeline.py
[2026-04-05T01:32:46.481+0000] {logging_mixin.py:188} INFO - [2026-04-05T01:32:46.480+0000] {dag.py:3096} INFO - Sync 1 DAGs
[2026-04-05T01:32:46.687+0000] {processor.py:183} INFO - Processing /opt/airflow/dags/isr_pipeline.py took 0.551 seconds
[2026-04-05T01:33:17.308+0000] {processor.py:161} INFO - Started process (PID=56366) to work on /opt/airflow/dags/isr_pipeline.py
[2026-04-05T01:33:17.315+0000] {processor.py:830} INFO - Processing file /opt/airflow/dags/isr_pipeline.py for tasks to queue
[2026-04-05T01:33:17.330+0000] {logging_mixin.py:188} INFO - [2026-04-05T01:33:17.325+0000] {dagbag.py:540} INFO - Filling up the DagBag from /opt/airflow/dags/isr_pipeline.py
[2026-04-05T01:33:17.417+0000] {processor.py:840} INFO - DAG(s) 'isr_pipeline' retrieved from /opt/airflow/dags/isr_pipeline.py
[2026-04-05T01:33:17.598+0000] {logging_mixin.py:188} INFO - [2026-04-05T01:33:17.597+0000] {dag.py:3096} INFO - Sync 1 DAGs
[2026-04-05T01:33:17.808+0000] {processor.py:183} INFO - Processing /opt/airflow/dags/isr_pipeline.py took 0.539 seconds
[2026-04-05T01:33:48.108+0000] {processor.py:161} INFO - Started process (PID=56371) to work on /opt/airflow/dags/isr_pipeline.py
[2026-04-05T01:33:48.116+0000] {processor.py:830} INFO - Processing file /opt/airflow/dags/isr_pipeline.py for tasks to queue
[2026-04-05T01:33:48.124+0000] {logging_mixin.py:188} INFO - [2026-04-05T01:33:48.122+0000] {dagbag.py:540} INFO - Filling up the DagBag from /opt/airflow/dags/isr_pipeline.py
[2026-04-05T01:33:48.303+0000] {processor.py:840} INFO - DAG(s) 'isr_pipeline' retrieved from /opt/airflow/dags/isr_pipeline.py
[2026-04-05T01:33:48.579+0000] {logging_mixin.py:188} INFO - [2026-04-05T01:33:48.578+0000] {dag.py:3096} INFO - Sync 1 DAGs
[2026-04-05T01:33:48.793+0000] {processor.py:183} INFO - Processing /opt/airflow/dags/isr_pipeline.py took 0.723 seconds
[2026-04-05T01:34:19.299+0000] {processor.py:161} INFO - Started process (PID=56376) to work on /opt/airflow/dags/isr_pipeline.py
[2026-04-05T01:34:19.307+0000] {processor.py:830} INFO - Processing file /opt/airflow/dags/isr_pipeline.py for tasks to queue
[2026-04-05T01:34:19.314+0000] {logging_mixin.py:188} INFO - [2026-04-05T01:34:19.312+0000] {dagbag.py:540} INFO - Filling up the DagBag from /opt/airflow/dags/isr_pipeline.py
[2026-04-05T01:34:19.406+0000] {processor.py:840} INFO - DAG(s) 'isr_pipeline' retrieved from /opt/airflow/dags/isr_pipeline.py
[2026-04-05T01:34:19.596+0000] {logging_mixin.py:188} INFO - [2026-04-05T01:34:19.595+0000] {dag.py:3096} INFO - Sync 1 DAGs
[2026-04-05T01:34:19.945+0000] {processor.py:183} INFO - Processing /opt/airflow/dags/isr_pipeline.py took 0.684 seconds
[2026-04-05T01:34:50.218+0000] {processor.py:161} INFO - Started process (PID=56381) to work on /opt/airflow/dags/isr_pipeline.py
[2026-04-05T01:34:50.226+0000] {processor.py:830} INFO - Processing file /opt/airflow/dags/isr_pipeline.py for tasks to queue
[2026-04-05T01:34:50.233+0000] {logging_mixin.py:188} INFO - [2026-04-05T01:34:50.231+0000] {dagbag.py:540} INFO - Filling up the DagBag from /opt/airflow/dags/isr_pipeline.py
[2026-04-05T01:34:50.330+0000] {processor.py:840} INFO - DAG(s) 'isr_pipeline' retrieved from /opt/airflow/dags/isr_pipeline.py
[2026-04-05T01:34:50.532+0000] {logging_mixin.py:188} INFO - [2026-04-05T01:34:50.531+0000] {dag.py:3096} INFO - Sync 1 DAGs
[2026-04-05T01:34:50.764+0000] {processor.py:183} INFO - Processing /opt/airflow/dags/isr_pipeline.py took 0.586 seconds
[2026-04-05T01:50:28.499+0000] {processor.py:161} INFO - Started process (PID=56395) to work on /opt/airflow/dags/isr_pipeline.py
[2026-04-05T01:50:28.501+0000] {processor.py:830} INFO - Processing file /opt/airflow/dags/isr_pipeline.py for tasks to queue
[2026-04-05T01:50:28.502+0000] {logging_mixin.py:188} INFO - [2026-04-05T01:50:28.502+0000] {dagbag.py:540} INFO - Filling up the DagBag from /opt/airflow/dags/isr_pipeline.py
[2026-04-05T01:50:28.520+0000] {processor.py:840} INFO - DAG(s) 'isr_pipeline' retrieved from /opt/airflow/dags/isr_pipeline.py
[2026-04-05T01:50:28.560+0000] {logging_mixin.py:188} INFO - [2026-04-05T01:50:28.560+0000] {dag.py:3096} INFO - Sync 1 DAGs
[2026-04-05T01:50:28.611+0000] {processor.py:183} INFO - Processing /opt/airflow/dags/isr_pipeline.py took 0.119 seconds
[2026-04-05T01:50:58.977+0000] {processor.py:161} INFO - Started process (PID=56400) to work on /opt/airflow/dags/isr_pipeline.py
[2026-04-05T01:50:58.983+0000] {processor.py:830} INFO - Processing file /opt/airflow/dags/isr_pipeline.py for tasks to queue
[2026-04-05T01:50:58.990+0000] {logging_mixin.py:188} INFO - [2026-04-05T01:50:58.988+0000] {dagbag.py:540} INFO - Filling up the DagBag from /opt/airflow/dags/isr_pipeline.py
[2026-04-05T01:50:59.076+0000] {processor.py:840} INFO - DAG(s) 'isr_pipeline' retrieved from /opt/airflow/dags/isr_pipeline.py
[2026-04-05T01:50:59.257+0000] {logging_mixin.py:188} INFO - [2026-04-05T01:50:59.256+0000] {dag.py:3096} INFO - Sync 1 DAGs
[2026-04-05T01:50:59.454+0000] {processor.py:183} INFO - Processing /opt/airflow/dags/isr_pipeline.py took 0.514 seconds
[2026-04-05T01:51:29.983+0000] {processor.py:161} INFO - Started process (PID=56405) to work on /opt/airflow/dags/isr_pipeline.py
[2026-04-05T01:51:29.993+0000] {processor.py:830} INFO - Processing file /opt/airflow/dags/isr_pipeline.py for tasks to queue
[2026-04-05T01:51:29.999+0000] {logging_mixin.py:188} INFO - [2026-04-05T01:51:29.997+0000] {dagbag.py:540} INFO - Filling up the DagBag from /opt/airflow/dags/isr_pipeline.py
[2026-04-05T01:51:30.091+0000] {processor.py:840} INFO - DAG(s) 'isr_pipeline' retrieved from /opt/airflow/dags/isr_pipeline.py
[2026-04-05T01:51:30.283+0000] {logging_mixin.py:188} INFO - [2026-04-05T01:51:30.282+0000] {dag.py:3096} INFO - Sync 1 DAGs
[2026-04-05T01:51:30.488+0000] {processor.py:183} INFO - Processing /opt/airflow/dags/isr_pipeline.py took 0.546 seconds
[2026-04-05T01:52:00.837+0000] {processor.py:161} INFO - Started process (PID=56410) to work on /opt/airflow/dags/isr_pipeline.py
[2026-04-05T01:52:00.844+0000] {processor.py:830} INFO - Processing file /opt/airflow/dags/isr_pipeline.py for tasks to queue
[2026-04-05T01:52:00.852+0000] {logging_mixin.py:188} INFO - [2026-04-05T01:52:00.850+0000] {dagbag.py:540} INFO - Filling up the DagBag from /opt/airflow/dags/isr_pipeline.py
[2026-04-05T01:52:00.934+0000] {processor.py:840} INFO - DAG(s) 'isr_pipeline' retrieved from /opt/airflow/dags/isr_pipeline.py
[2026-04-05T01:52:01.110+0000] {logging_mixin.py:188} INFO - [2026-04-05T01:52:01.109+0000] {dag.py:3096} INFO - Sync 1 DAGs
[2026-04-05T01:52:01.311+0000] {processor.py:183} INFO - Processing /opt/airflow/dags/isr_pipeline.py took 0.511 seconds
[2026-04-05T01:52:31.897+0000] {processor.py:161} INFO - Started process (PID=56415) to work on /opt/airflow/dags/isr_pipeline.py
[2026-04-05T01:52:31.904+0000] {processor.py:830} INFO - Processing file /opt/airflow/dags/isr_pipeline.py for tasks to queue
[2026-04-05T01:52:31.911+0000] {logging_mixin.py:188} INFO - [2026-04-05T01:52:31.909+0000] {dagbag.py:540} INFO - Filling up the DagBag from /opt/airflow/dags/isr_pipeline.py
[2026-04-05T01:52:31.997+0000] {processor.py:840} INFO - DAG(s) 'isr_pipeline' retrieved from /opt/airflow/dags/isr_pipeline.py
[2026-04-05T01:52:32.175+0000] {logging_mixin.py:188} INFO - [2026-04-05T01:52:32.174+0000] {dag.py:3096} INFO - Sync 1 DAGs
[2026-04-05T01:52:32.369+0000] {processor.py:183} INFO - Processing /opt/airflow/dags/isr_pipeline.py took 0.510 seconds
[2026-04-05T01:53:02.862+0000] {processor.py:161} INFO - Started process (PID=56420) to work on /opt/airflow/dags/isr_pipeline.py
[2026-04-05T01:53:02.869+0000] {processor.py:830} INFO - Processing file /opt/airflow/dags/isr_pipeline.py for tasks to queue
[2026-04-05T01:53:02.876+0000] {logging_mixin.py:188} INFO - [2026-04-05T01:53:02.874+0000] {dagbag.py:540} INFO - Filling up the DagBag from /opt/airflow/dags/isr_pipeline.py
[2026-04-05T01:53:02.964+0000] {processor.py:840} INFO - DAG(s) 'isr_pipeline' retrieved from /opt/airflow/dags/isr_pipeline.py
[2026-04-05T01:53:03.142+0000] {logging_mixin.py:188} INFO - [2026-04-05T01:53:03.141+0000] {dag.py:3096} INFO - Sync 1 DAGs
[2026-04-05T01:53:03.336+0000] {processor.py:183} INFO - Processing /opt/airflow/dags/isr_pipeline.py took 0.512 seconds
[2026-04-05T01:53:33.843+0000] {processor.py:161} INFO - Started process (PID=56425) to work on /opt/airflow/dags/isr_pipeline.py
[2026-04-05T01:53:33.851+0000] {processor.py:830} INFO - Processing file /opt/airflow/dags/isr_pipeline.py for tasks to queue
[2026-04-05T01:53:33.858+0000] {logging_mixin.py:188} INFO - [2026-04-05T01:53:33.856+0000] {dagbag.py:540} INFO - Filling up the DagBag from /opt/airflow/dags/isr_pipeline.py
[2026-04-05T01:53:33.942+0000] {processor.py:840} INFO - DAG(s) 'isr_pipeline' retrieved from /opt/airflow/dags/isr_pipeline.py
[2026-04-05T01:53:34.120+0000] {logging_mixin.py:188} INFO - [2026-04-05T01:53:34.119+0000] {dag.py:3096} INFO - Sync 1 DAGs
[2026-04-05T01:53:34.328+0000] {processor.py:183} INFO - Processing /opt/airflow/dags/isr_pipeline.py took 0.522 seconds
[2026-04-05T01:54:04.761+0000] {processor.py:161} INFO - Started process (PID=56430) to work on /opt/airflow/dags/isr_pipeline.py
[2026-04-05T01:54:04.768+0000] {processor.py:830} INFO - Processing file /opt/airflow/dags/isr_pipeline.py for tasks to queue
[2026-04-05T01:54:04.779+0000] {logging_mixin.py:188} INFO - [2026-04-05T01:54:04.777+0000] {dagbag.py:540} INFO - Filling up the DagBag from /opt/airflow/dags/isr_pipeline.py
[2026-04-05T01:54:04.862+0000] {processor.py:840} INFO - DAG(s) 'isr_pipeline' retrieved from /opt/airflow/dags/isr_pipeline.py
[2026-04-05T01:54:05.035+0000] {logging_mixin.py:188} INFO - [2026-04-05T01:54:05.034+0000] {dag.py:3096} INFO - Sync 1 DAGs
[2026-04-05T01:54:05.229+0000] {processor.py:183} INFO - Processing /opt/airflow/dags/isr_pipeline.py took 0.505 seconds
[2026-04-05T01:54:35.727+0000] {processor.py:161} INFO - Started process (PID=56435) to work on /opt/airflow/dags/isr_pipeline.py
[2026-04-05T01:54:35.735+0000] {processor.py:830} INFO - Processing file /opt/airflow/dags/isr_pipeline.py for tasks to queue
[2026-04-05T01:54:35.742+0000] {logging_mixin.py:188} INFO - [2026-04-05T01:54:35.740+0000] {dagbag.py:540} INFO - Filling up the DagBag from /opt/airflow/dags/isr_pipeline.py
[2026-04-05T01:54:35.828+0000] {processor.py:840} INFO - DAG(s) 'isr_pipeline' retrieved from /opt/airflow/dags/isr_pipeline.py
[2026-04-05T01:54:36.004+0000] {logging_mixin.py:188} INFO - [2026-04-05T01:54:36.003+0000] {dag.py:3096} INFO - Sync 1 DAGs
[2026-04-05T01:54:36.204+0000] {processor.py:183} INFO - Processing /opt/airflow/dags/isr_pipeline.py took 0.514 seconds
[2026-04-05T01:55:06.711+0000] {processor.py:161} INFO - Started process (PID=56440) to work on /opt/airflow/dags/isr_pipeline.py
[2026-04-05T01:55:06.723+0000] {processor.py:830} INFO - Processing file /opt/airflow/dags/isr_pipeline.py for tasks to queue
[2026-04-05T01:55:06.742+0000] {logging_mixin.py:188} INFO - [2026-04-05T01:55:06.735+0000] {dagbag.py:540} INFO - Filling up the DagBag from /opt/airflow/dags/isr_pipeline.py
[2026-04-05T01:55:06.869+0000] {processor.py:840} INFO - DAG(s) 'isr_pipeline' retrieved from /opt/airflow/dags/isr_pipeline.py
[2026-04-05T01:55:07.079+0000] {logging_mixin.py:188} INFO - [2026-04-05T01:55:07.078+0000] {dag.py:3096} INFO - Sync 1 DAGs
[2026-04-05T01:55:07.271+0000] {processor.py:183} INFO - Processing /opt/airflow/dags/isr_pipeline.py took 0.612 seconds
[2026-04-05T01:55:38.004+0000] {processor.py:161} INFO - Started process (PID=56445) to work on /opt/airflow/dags/isr_pipeline.py
[2026-04-05T01:55:38.011+0000] {processor.py:830} INFO - Processing file /opt/airflow/dags/isr_pipeline.py for tasks to queue
[2026-04-05T01:55:38.018+0000] {logging_mixin.py:188} INFO - [2026-04-05T01:55:38.016+0000] {dagbag.py:540} INFO - Filling up the DagBag from /opt/airflow/dags/isr_pipeline.py
[2026-04-05T01:55:38.105+0000] {processor.py:840} INFO - DAG(s) 'isr_pipeline' retrieved from /opt/airflow/dags/isr_pipeline.py
[2026-04-05T01:55:38.278+0000] {logging_mixin.py:188} INFO - [2026-04-05T01:55:38.277+0000] {dag.py:3096} INFO - Sync 1 DAGs
[2026-04-05T01:55:38.492+0000] {processor.py:183} INFO - Processing /opt/airflow/dags/isr_pipeline.py took 0.529 seconds
[2026-04-05T01:56:09.147+0000] {processor.py:161} INFO - Started process (PID=56450) to work on /opt/airflow/dags/isr_pipeline.py
[2026-04-05T01:56:09.155+0000] {processor.py:830} INFO - Processing file /opt/airflow/dags/isr_pipeline.py for tasks to queue
[2026-04-05T01:56:09.164+0000] {logging_mixin.py:188} INFO - [2026-04-05T01:56:09.161+0000] {dagbag.py:540} INFO - Filling up the DagBag from /opt/airflow/dags/isr_pipeline.py
[2026-04-05T01:56:09.266+0000] {processor.py:840} INFO - DAG(s) 'isr_pipeline' retrieved from /opt/airflow/dags/isr_pipeline.py
[2026-04-05T01:56:09.471+0000] {logging_mixin.py:188} INFO - [2026-04-05T01:56:09.470+0000] {dag.py:3096} INFO - Sync 1 DAGs
[2026-04-05T01:56:09.695+0000] {processor.py:183} INFO - Processing /opt/airflow/dags/isr_pipeline.py took 0.594 seconds
[2026-04-05T01:56:40.304+0000] {processor.py:161} INFO - Started process (PID=56455) to work on /opt/airflow/dags/isr_pipeline.py
[2026-04-05T01:56:40.311+0000] {processor.py:830} INFO - Processing file /opt/airflow/dags/isr_pipeline.py for tasks to queue
[2026-04-05T01:56:40.322+0000] {logging_mixin.py:188} INFO - [2026-04-05T01:56:40.320+0000] {dagbag.py:540} INFO - Filling up the DagBag from /opt/airflow/dags/isr_pipeline.py
[2026-04-05T01:56:40.408+0000] {processor.py:840} INFO - DAG(s) 'isr_pipeline' retrieved from /opt/airflow/dags/isr_pipeline.py
[2026-04-05T01:56:40.826+0000] {logging_mixin.py:188} INFO - [2026-04-05T01:56:40.825+0000] {dag.py:3096} INFO - Sync 1 DAGs
[2026-04-05T01:56:41.099+0000] {processor.py:183} INFO - Processing /opt/airflow/dags/isr_pipeline.py took 0.833 seconds
[2026-04-05T01:57:11.747+0000] {processor.py:161} INFO - Started process (PID=56460) to work on /opt/airflow/dags/isr_pipeline.py
[2026-04-05T01:57:11.755+0000] {processor.py:830} INFO - Processing file /opt/airflow/dags/isr_pipeline.py for tasks to queue
[2026-04-05T01:57:11.762+0000] {logging_mixin.py:188} INFO - [2026-04-05T01:57:11.760+0000] {dagbag.py:540} INFO - Filling up the DagBag from /opt/airflow/dags/isr_pipeline.py
[2026-04-05T01:57:11.889+0000] {processor.py:840} INFO - DAG(s) 'isr_pipeline' retrieved from /opt/airflow/dags/isr_pipeline.py
[2026-04-05T01:57:12.190+0000] {logging_mixin.py:188} INFO - [2026-04-05T01:57:12.189+0000] {dag.py:3096} INFO - Sync 1 DAGs
[2026-04-05T01:57:12.431+0000] {processor.py:183} INFO - Processing /opt/airflow/dags/isr_pipeline.py took 0.720 seconds
[2026-04-05T01:57:43.753+0000] {processor.py:161} INFO - Started process (PID=56465) to work on /opt/airflow/dags/isr_pipeline.py
[2026-04-05T01:57:43.763+0000] {processor.py:830} INFO - Processing file /opt/airflow/dags/isr_pipeline.py for tasks to queue
[2026-04-05T01:57:43.771+0000] {logging_mixin.py:188} INFO - [2026-04-05T01:57:43.769+0000] {dagbag.py:540} INFO - Filling up the DagBag from /opt/airflow/dags/isr_pipeline.py
[2026-04-05T01:57:43.892+0000] {processor.py:840} INFO - DAG(s) 'isr_pipeline' retrieved from /opt/airflow/dags/isr_pipeline.py
[2026-04-05T01:57:44.085+0000] {logging_mixin.py:188} INFO - [2026-04-05T01:57:44.084+0000] {dag.py:3096} INFO - Sync 1 DAGs
[2026-04-05T01:57:44.290+0000] {processor.py:183} INFO - Processing /opt/airflow/dags/isr_pipeline.py took 0.583 seconds
[2026-04-05T01:58:14.930+0000] {processor.py:161} INFO - Started process (PID=56470) to work on /opt/airflow/dags/isr_pipeline.py
[2026-04-05T01:58:14.938+0000] {processor.py:830} INFO - Processing file /opt/airflow/dags/isr_pipeline.py for tasks to queue
[2026-04-05T01:58:14.945+0000] {logging_mixin.py:188} INFO - [2026-04-05T01:58:14.943+0000] {dagbag.py:540} INFO - Filling up the DagBag from /opt/airflow/dags/isr_pipeline.py
[2026-04-05T01:58:15.040+0000] {processor.py:840} INFO - DAG(s) 'isr_pipeline' retrieved from /opt/airflow/dags/isr_pipeline.py
[2026-04-05T01:58:15.341+0000] {logging_mixin.py:188} INFO - [2026-04-05T01:58:15.339+0000] {dag.py:3096} INFO - Sync 1 DAGs
[2026-04-05T01:58:15.592+0000] {processor.py:183} INFO - Processing /opt/airflow/dags/isr_pipeline.py took 0.698 seconds
[2026-04-05T01:58:46.139+0000] {processor.py:161} INFO - Started process (PID=56475) to work on /opt/airflow/dags/isr_pipeline.py
[2026-04-05T01:58:46.147+0000] {processor.py:830} INFO - Processing file /opt/airflow/dags/isr_pipeline.py for tasks to queue
[2026-04-05T01:58:46.154+0000] {logging_mixin.py:188} INFO - [2026-04-05T01:58:46.152+0000] {dagbag.py:540} INFO - Filling up the DagBag from /opt/airflow/dags/isr_pipeline.py
[2026-04-05T01:58:46.238+0000] {processor.py:840} INFO - DAG(s) 'isr_pipeline' retrieved from /opt/airflow/dags/isr_pipeline.py
[2026-04-05T01:58:46.420+0000] {logging_mixin.py:188} INFO - [2026-04-05T01:58:46.419+0000] {dag.py:3096} INFO - Sync 1 DAGs
[2026-04-05T01:58:46.806+0000] {processor.py:183} INFO - Processing /opt/airflow/dags/isr_pipeline.py took 0.703 seconds
[2026-04-05T01:59:17.422+0000] {processor.py:161} INFO - Started process (PID=56480) to work on /opt/airflow/dags/isr_pipeline.py
[2026-04-05T01:59:17.429+0000] {processor.py:830} INFO - Processing file /opt/airflow/dags/isr_pipeline.py for tasks to queue
[2026-04-05T01:59:17.437+0000] {logging_mixin.py:188} INFO - [2026-04-05T01:59:17.435+0000] {dagbag.py:540} INFO - Filling up the DagBag from /opt/airflow/dags/isr_pipeline.py
[2026-04-05T01:59:17.530+0000] {processor.py:840} INFO - DAG(s) 'isr_pipeline' retrieved from /opt/airflow/dags/isr_pipeline.py
[2026-04-05T01:59:17.711+0000] {logging_mixin.py:188} INFO - [2026-04-05T01:59:17.710+0000] {dag.py:3096} INFO - Sync 1 DAGs
[2026-04-05T01:59:18.011+0000] {processor.py:183} INFO - Processing /opt/airflow/dags/isr_pipeline.py took 0.627 seconds
[2026-04-05T01:59:48.273+0000] {processor.py:161} INFO - Started process (PID=56485) to work on /opt/airflow/dags/isr_pipeline.py
[2026-04-05T01:59:48.279+0000] {processor.py:830} INFO - Processing file /opt/airflow/dags/isr_pipeline.py for tasks to queue
[2026-04-05T01:59:48.286+0000] {logging_mixin.py:188} INFO - [2026-04-05T01:59:48.284+0000] {dagbag.py:540} INFO - Filling up the DagBag from /opt/airflow/dags/isr_pipeline.py
[2026-04-05T01:59:48.400+0000] {processor.py:840} INFO - DAG(s) 'isr_pipeline' retrieved from /opt/airflow/dags/isr_pipeline.py
[2026-04-05T01:59:48.586+0000] {logging_mixin.py:188} INFO - [2026-04-05T01:59:48.585+0000] {dag.py:3096} INFO - Sync 1 DAGs
[2026-04-05T01:59:48.806+0000] {processor.py:183} INFO - Processing /opt/airflow/dags/isr_pipeline.py took 0.571 seconds
[2026-04-05T02:00:19.410+0000] {processor.py:161} INFO - Started process (PID=56490) to work on /opt/airflow/dags/isr_pipeline.py
[2026-04-05T02:00:19.417+0000] {processor.py:830} INFO - Processing file /opt/airflow/dags/isr_pipeline.py for tasks to queue
[2026-04-05T02:00:19.425+0000] {logging_mixin.py:188} INFO - [2026-04-05T02:00:19.423+0000] {dagbag.py:540} INFO - Filling up the DagBag from /opt/airflow/dags/isr_pipeline.py
[2026-04-05T02:00:19.521+0000] {processor.py:840} INFO - DAG(s) 'isr_pipeline' retrieved from /opt/airflow/dags/isr_pipeline.py
[2026-04-05T02:00:19.703+0000] {logging_mixin.py:188} INFO - [2026-04-05T02:00:19.702+0000] {dag.py:3096} INFO - Sync 1 DAGs
[2026-04-05T02:00:19.898+0000] {processor.py:183} INFO - Processing /opt/airflow/dags/isr_pipeline.py took 0.525 seconds
[2026-04-05T02:00:50.353+0000] {processor.py:161} INFO - Started process (PID=56495) to work on /opt/airflow/dags/isr_pipeline.py
[2026-04-05T02:00:50.361+0000] {processor.py:830} INFO - Processing file /opt/airflow/dags/isr_pipeline.py for tasks to queue
[2026-04-05T02:00:50.367+0000] {logging_mixin.py:188} INFO - [2026-04-05T02:00:50.365+0000] {dagbag.py:540} INFO - Filling up the DagBag from /opt/airflow/dags/isr_pipeline.py
[2026-04-05T02:00:50.450+0000] {processor.py:840} INFO - DAG(s) 'isr_pipeline' retrieved from /opt/airflow/dags/isr_pipeline.py
[2026-04-05T02:00:50.628+0000] {logging_mixin.py:188} INFO - [2026-04-05T02:00:50.627+0000] {dag.py:3096} INFO - Sync 1 DAGs
[2026-04-05T02:00:50.826+0000] {processor.py:183} INFO - Processing /opt/airflow/dags/isr_pipeline.py took 0.506 seconds
[2026-04-05T02:01:21.375+0000] {processor.py:161} INFO - Started process (PID=56500) to work on /opt/airflow/dags/isr_pipeline.py
[2026-04-05T02:01:21.382+0000] {processor.py:830} INFO - Processing file /opt/airflow/dags/isr_pipeline.py for tasks to queue
[2026-04-05T02:01:21.390+0000] {logging_mixin.py:188} INFO - [2026-04-05T02:01:21.388+0000] {dagbag.py:540} INFO - Filling up the DagBag from /opt/airflow/dags/isr_pipeline.py
[2026-04-05T02:01:21.477+0000] {processor.py:840} INFO - DAG(s) 'isr_pipeline' retrieved from /opt/airflow/dags/isr_pipeline.py
[2026-04-05T02:01:21.660+0000] {logging_mixin.py:188} INFO - [2026-04-05T02:01:21.658+0000] {dag.py:3096} INFO - Sync 1 DAGs
[2026-04-05T02:01:21.862+0000] {processor.py:183} INFO - Processing /opt/airflow/dags/isr_pipeline.py took 0.530 seconds
[2026-04-05T02:01:52.143+0000] {processor.py:161} INFO - Started process (PID=56505) to work on /opt/airflow/dags/isr_pipeline.py
[2026-04-05T02:01:52.150+0000] {processor.py:830} INFO - Processing file /opt/airflow/dags/isr_pipeline.py for tasks to queue
[2026-04-05T02:01:52.157+0000] {logging_mixin.py:188} INFO - [2026-04-05T02:01:52.155+0000] {dagbag.py:540} INFO - Filling up the DagBag from /opt/airflow/dags/isr_pipeline.py
[2026-04-05T02:01:52.239+0000] {processor.py:840} INFO - DAG(s) 'isr_pipeline' retrieved from /opt/airflow/dags/isr_pipeline.py
[2026-04-05T02:01:52.415+0000] {logging_mixin.py:188} INFO - [2026-04-05T02:01:52.414+0000] {dag.py:3096} INFO - Sync 1 DAGs
[2026-04-05T02:01:52.620+0000] {processor.py:183} INFO - Processing /opt/airflow/dags/isr_pipeline.py took 0.515 seconds
[2026-04-05T02:02:23.176+0000] {processor.py:161} INFO - Started process (PID=56510) to work on /opt/airflow/dags/isr_pipeline.py
[2026-04-05T02:02:23.183+0000] {processor.py:830} INFO - Processing file /opt/airflow/dags/isr_pipeline.py for tasks to queue
[2026-04-05T02:02:23.191+0000] {logging_mixin.py:188} INFO - [2026-04-05T02:02:23.189+0000] {dagbag.py:540} INFO - Filling up the DagBag from /opt/airflow/dags/isr_pipeline.py
[2026-04-05T02:02:23.276+0000] {processor.py:840} INFO - DAG(s) 'isr_pipeline' retrieved from /opt/airflow/dags/isr_pipeline.py
[2026-04-05T02:02:23.456+0000] {logging_mixin.py:188} INFO - [2026-04-05T02:02:23.455+0000] {dag.py:3096} INFO - Sync 1 DAGs
[2026-04-05T02:02:23.680+0000] {processor.py:183} INFO - Processing /opt/airflow/dags/isr_pipeline.py took 0.541 seconds
[2026-04-05T02:02:54.159+0000] {processor.py:161} INFO - Started process (PID=56515) to work on /opt/airflow/dags/isr_pipeline.py
[2026-04-05T02:02:54.166+0000] {processor.py:830} INFO - Processing file /opt/airflow/dags/isr_pipeline.py for tasks to queue
[2026-04-05T02:02:54.174+0000] {logging_mixin.py:188} INFO - [2026-04-05T02:02:54.172+0000] {dagbag.py:540} INFO - Filling up the DagBag from /opt/airflow/dags/isr_pipeline.py
[2026-04-05T02:02:54.264+0000] {processor.py:840} INFO - DAG(s) 'isr_pipeline' retrieved from /opt/airflow/dags/isr_pipeline.py
[2026-04-05T02:02:54.446+0000] {logging_mixin.py:188} INFO - [2026-04-05T02:02:54.445+0000] {dag.py:3096} INFO - Sync 1 DAGs
[2026-04-05T02:02:54.664+0000] {processor.py:183} INFO - Processing /opt/airflow/dags/isr_pipeline.py took 0.542 seconds
[2026-04-05T02:03:25.199+0000] {processor.py:161} INFO - Started process (PID=56520) to work on /opt/airflow/dags/isr_pipeline.py
[2026-04-05T02:03:25.206+0000] {processor.py:830} INFO - Processing file /opt/airflow/dags/isr_pipeline.py for tasks to queue
[2026-04-05T02:03:25.213+0000] {logging_mixin.py:188} INFO - [2026-04-05T02:03:25.211+0000] {dagbag.py:540} INFO - Filling up the DagBag from /opt/airflow/dags/isr_pipeline.py
[2026-04-05T02:03:25.305+0000] {processor.py:840} INFO - DAG(s) 'isr_pipeline' retrieved from /opt/airflow/dags/isr_pipeline.py
[2026-04-05T02:03:25.486+0000] {logging_mixin.py:188} INFO - [2026-04-05T02:03:25.485+0000] {dag.py:3096} INFO - Sync 1 DAGs
[2026-04-05T02:03:25.702+0000] {processor.py:183} INFO - Processing /opt/airflow/dags/isr_pipeline.py took 0.540 seconds
[2026-04-05T02:03:56.110+0000] {processor.py:161} INFO - Started process (PID=56525) to work on /opt/airflow/dags/isr_pipeline.py
[2026-04-05T02:03:56.117+0000] {processor.py:830} INFO - Processing file /opt/airflow/dags/isr_pipeline.py for tasks to queue
[2026-04-05T02:03:56.124+0000] {logging_mixin.py:188} INFO - [2026-04-05T02:03:56.123+0000] {dagbag.py:540} INFO - Filling up the DagBag from /opt/airflow/dags/isr_pipeline.py
[2026-04-05T02:03:56.210+0000] {processor.py:840} INFO - DAG(s) 'isr_pipeline' retrieved from /opt/airflow/dags/isr_pipeline.py
[2026-04-05T02:03:56.380+0000] {logging_mixin.py:188} INFO - [2026-04-05T02:03:56.379+0000] {dag.py:3096} INFO - Sync 1 DAGs
[2026-04-05T02:03:56.587+0000] {processor.py:183} INFO - Processing /opt/airflow/dags/isr_pipeline.py took 0.518 seconds
[2026-04-05T02:04:27.049+0000] {processor.py:161} INFO - Started process (PID=56530) to work on /opt/airflow/dags/isr_pipeline.py
[2026-04-05T02:04:27.056+0000] {processor.py:830} INFO - Processing file /opt/airflow/dags/isr_pipeline.py for tasks to queue
[2026-04-05T02:04:27.062+0000] {logging_mixin.py:188} INFO - [2026-04-05T02:04:27.061+0000] {dagbag.py:540} INFO - Filling up the DagBag from /opt/airflow/dags/isr_pipeline.py
[2026-04-05T02:04:27.146+0000] {processor.py:840} INFO - DAG(s) 'isr_pipeline' retrieved from /opt/airflow/dags/isr_pipeline.py
[2026-04-05T02:04:27.338+0000] {logging_mixin.py:188} INFO - [2026-04-05T02:04:27.336+0000] {dag.py:3096} INFO - Sync 1 DAGs
[2026-04-05T02:04:27.530+0000] {processor.py:183} INFO - Processing /opt/airflow/dags/isr_pipeline.py took 0.541 seconds
[2026-04-05T02:04:58.176+0000] {processor.py:161} INFO - Started process (PID=56535) to work on /opt/airflow/dags/isr_pipeline.py
[2026-04-05T02:04:58.183+0000] {processor.py:830} INFO - Processing file /opt/airflow/dags/isr_pipeline.py for tasks to queue
[2026-04-05T02:04:58.191+0000] {logging_mixin.py:188} INFO - [2026-04-05T02:04:58.189+0000] {dagbag.py:540} INFO - Filling up the DagBag from /opt/airflow/dags/isr_pipeline.py
[2026-04-05T02:04:58.289+0000] {processor.py:840} INFO - DAG(s) 'isr_pipeline' retrieved from /opt/airflow/dags/isr_pipeline.py
[2026-04-05T02:04:58.501+0000] {logging_mixin.py:188} INFO - [2026-04-05T02:04:58.499+0000] {dag.py:3096} INFO - Sync 1 DAGs
[2026-04-05T02:04:58.722+0000] {processor.py:183} INFO - Processing /opt/airflow/dags/isr_pipeline.py took 0.587 seconds
[2026-04-05T02:05:29.697+0000] {processor.py:161} INFO - Started process (PID=56541) to work on /opt/airflow/dags/isr_pipeline.py
[2026-04-05T02:05:29.699+0000] {processor.py:830} INFO - Processing file /opt/airflow/dags/isr_pipeline.py for tasks to queue
[2026-04-05T02:05:29.700+0000] {logging_mixin.py:188} INFO - [2026-04-05T02:05:29.700+0000] {dagbag.py:540} INFO - Filling up the DagBag from /opt/airflow/dags/isr_pipeline.py
[2026-04-05T02:05:29.716+0000] {processor.py:840} INFO - DAG(s) 'isr_pipeline' retrieved from /opt/airflow/dags/isr_pipeline.py
[2026-04-05T02:05:29.752+0000] {logging_mixin.py:188} INFO - [2026-04-05T02:05:29.752+0000] {dag.py:3096} INFO - Sync 1 DAGs
[2026-04-05T02:05:29.790+0000] {processor.py:183} INFO - Processing /opt/airflow/dags/isr_pipeline.py took 0.100 seconds
[2026-04-05T02:06:00.336+0000] {processor.py:161} INFO - Started process (PID=56546) to work on /opt/airflow/dags/isr_pipeline.py
[2026-04-05T02:06:00.343+0000] {processor.py:830} INFO - Processing file /opt/airflow/dags/isr_pipeline.py for tasks to queue
[2026-04-05T02:06:00.351+0000] {logging_mixin.py:188} INFO - [2026-04-05T02:06:00.349+0000] {dagbag.py:540} INFO - Filling up the DagBag from /opt/airflow/dags/isr_pipeline.py
[2026-04-05T02:06:00.437+0000] {processor.py:840} INFO - DAG(s) 'isr_pipeline' retrieved from /opt/airflow/dags/isr_pipeline.py
[2026-04-05T02:06:00.613+0000] {logging_mixin.py:188} INFO - [2026-04-05T02:06:00.612+0000] {dag.py:3096} INFO - Sync 1 DAGs
[2026-04-05T02:06:00.820+0000] {processor.py:183} INFO - Processing /opt/airflow/dags/isr_pipeline.py took 0.524 seconds
[2026-04-05T02:34:59.387+0000] {processor.py:161} INFO - Started process (PID=56552) to work on /opt/airflow/dags/isr_pipeline.py
[2026-04-05T02:34:59.389+0000] {processor.py:830} INFO - Processing file /opt/airflow/dags/isr_pipeline.py for tasks to queue
[2026-04-05T02:34:59.392+0000] {logging_mixin.py:188} INFO - [2026-04-05T02:34:59.391+0000] {dagbag.py:540} INFO - Filling up the DagBag from /opt/airflow/dags/isr_pipeline.py
[2026-04-05T02:34:59.421+0000] {processor.py:840} INFO - DAG(s) 'isr_pipeline' retrieved from /opt/airflow/dags/isr_pipeline.py
[2026-04-05T02:34:59.465+0000] {logging_mixin.py:188} INFO - [2026-04-05T02:34:59.464+0000] {dag.py:3096} INFO - Sync 1 DAGs
[2026-04-05T02:34:59.517+0000] {processor.py:183} INFO - Processing /opt/airflow/dags/isr_pipeline.py took 0.140 seconds
[2026-04-05T02:35:29.967+0000] {processor.py:161} INFO - Started process (PID=56558) to work on /opt/airflow/dags/isr_pipeline.py
[2026-04-05T02:35:29.975+0000] {processor.py:830} INFO - Processing file /opt/airflow/dags/isr_pipeline.py for tasks to queue
[2026-04-05T02:35:29.983+0000] {logging_mixin.py:188} INFO - [2026-04-05T02:35:29.981+0000] {dagbag.py:540} INFO - Filling up the DagBag from /opt/airflow/dags/isr_pipeline.py
[2026-04-05T02:35:30.091+0000] {processor.py:840} INFO - DAG(s) 'isr_pipeline' retrieved from /opt/airflow/dags/isr_pipeline.py
[2026-04-05T02:35:30.319+0000] {logging_mixin.py:188} INFO - [2026-04-05T02:35:30.318+0000] {dag.py:3096} INFO - Sync 1 DAGs
[2026-04-05T02:35:30.543+0000] {processor.py:183} INFO - Processing /opt/airflow/dags/isr_pipeline.py took 0.625 seconds
[2026-04-05T02:36:01.148+0000] {processor.py:161} INFO - Started process (PID=56563) to work on /opt/airflow/dags/isr_pipeline.py
[2026-04-05T02:36:01.156+0000] {processor.py:830} INFO - Processing file /opt/airflow/dags/isr_pipeline.py for tasks to queue
[2026-04-05T02:36:01.163+0000] {logging_mixin.py:188} INFO - [2026-04-05T02:36:01.161+0000] {dagbag.py:540} INFO - Filling up the DagBag from /opt/airflow/dags/isr_pipeline.py
[2026-04-05T02:36:01.388+0000] {processor.py:840} INFO - DAG(s) 'isr_pipeline' retrieved from /opt/airflow/dags/isr_pipeline.py
[2026-04-05T02:36:01.605+0000] {logging_mixin.py:188} INFO - [2026-04-05T02:36:01.604+0000] {dag.py:3096} INFO - Sync 1 DAGs
[2026-04-05T02:36:01.861+0000] {processor.py:183} INFO - Processing /opt/airflow/dags/isr_pipeline.py took 0.751 seconds
[2026-04-05T02:36:32.393+0000] {processor.py:161} INFO - Started process (PID=56568) to work on /opt/airflow/dags/isr_pipeline.py
[2026-04-05T02:36:32.401+0000] {processor.py:830} INFO - Processing file /opt/airflow/dags/isr_pipeline.py for tasks to queue
[2026-04-05T02:36:32.408+0000] {logging_mixin.py:188} INFO - [2026-04-05T02:36:32.406+0000] {dagbag.py:540} INFO - Filling up the DagBag from /opt/airflow/dags/isr_pipeline.py
[2026-04-05T02:36:32.494+0000] {processor.py:840} INFO - DAG(s) 'isr_pipeline' retrieved from /opt/airflow/dags/isr_pipeline.py
[2026-04-05T02:36:32.669+0000] {logging_mixin.py:188} INFO - [2026-04-05T02:36:32.668+0000] {dag.py:3096} INFO - Sync 1 DAGs
[2026-04-05T02:36:33.056+0000] {processor.py:183} INFO - Processing /opt/airflow/dags/isr_pipeline.py took 0.702 seconds
[2026-04-05T02:37:03.715+0000] {processor.py:161} INFO - Started process (PID=56573) to work on /opt/airflow/dags/isr_pipeline.py
[2026-04-05T02:37:03.722+0000] {processor.py:830} INFO - Processing file /opt/airflow/dags/isr_pipeline.py for tasks to queue
[2026-04-05T02:37:03.729+0000] {logging_mixin.py:188} INFO - [2026-04-05T02:37:03.727+0000] {dagbag.py:540} INFO - Filling up the DagBag from /opt/airflow/dags/isr_pipeline.py
[2026-04-05T02:37:03.816+0000] {processor.py:840} INFO - DAG(s) 'isr_pipeline' retrieved from /opt/airflow/dags/isr_pipeline.py
[2026-04-05T02:37:04.004+0000] {logging_mixin.py:188} INFO - [2026-04-05T02:37:04.003+0000] {dag.py:3096} INFO - Sync 1 DAGs
[2026-04-05T02:37:04.307+0000] {processor.py:183} INFO - Processing /opt/airflow/dags/isr_pipeline.py took 0.629 seconds
[2026-04-05T02:37:34.583+0000] {processor.py:161} INFO - Started process (PID=56578) to work on /opt/airflow/dags/isr_pipeline.py
[2026-04-05T02:37:34.590+0000] {processor.py:830} INFO - Processing file /opt/airflow/dags/isr_pipeline.py for tasks to queue
[2026-04-05T02:37:34.597+0000] {logging_mixin.py:188} INFO - [2026-04-05T02:37:34.595+0000] {dagbag.py:540} INFO - Filling up the DagBag from /opt/airflow/dags/isr_pipeline.py
[2026-04-05T02:37:34.683+0000] {processor.py:840} INFO - DAG(s) 'isr_pipeline' retrieved from /opt/airflow/dags/isr_pipeline.py
[2026-04-05T02:37:34.866+0000] {logging_mixin.py:188} INFO - [2026-04-05T02:37:34.865+0000] {dag.py:3096} INFO - Sync 1 DAGs
[2026-04-05T02:37:35.081+0000] {processor.py:183} INFO - Processing /opt/airflow/dags/isr_pipeline.py took 0.536 seconds
[2026-04-05T02:38:05.304+0000] {processor.py:161} INFO - Started process (PID=56583) to work on /opt/airflow/dags/isr_pipeline.py
[2026-04-05T02:38:05.312+0000] {processor.py:830} INFO - Processing file /opt/airflow/dags/isr_pipeline.py for tasks to queue
[2026-04-05T02:38:05.320+0000] {logging_mixin.py:188} INFO - [2026-04-05T02:38:05.318+0000] {dagbag.py:540} INFO - Filling up the DagBag from /opt/airflow/dags/isr_pipeline.py
[2026-04-05T02:38:05.407+0000] {processor.py:840} INFO - DAG(s) 'isr_pipeline' retrieved from /opt/airflow/dags/isr_pipeline.py
[2026-04-05T02:38:05.591+0000] {logging_mixin.py:188} INFO - [2026-04-05T02:38:05.590+0000] {dag.py:3096} INFO - Sync 1 DAGs
[2026-04-05T02:38:05.791+0000] {processor.py:183} INFO - Processing /opt/airflow/dags/isr_pipeline.py took 0.529 seconds
[2026-04-05T02:38:36.157+0000] {processor.py:161} INFO - Started process (PID=56588) to work on /opt/airflow/dags/isr_pipeline.py
[2026-04-05T02:38:36.164+0000] {processor.py:830} INFO - Processing file /opt/airflow/dags/isr_pipeline.py for tasks to queue
[2026-04-05T02:38:36.172+0000] {logging_mixin.py:188} INFO - [2026-04-05T02:38:36.170+0000] {dagbag.py:540} INFO - Filling up the DagBag from /opt/airflow/dags/isr_pipeline.py
[2026-04-05T02:38:36.258+0000] {processor.py:840} INFO - DAG(s) 'isr_pipeline' retrieved from /opt/airflow/dags/isr_pipeline.py
[2026-04-05T02:38:36.436+0000] {logging_mixin.py:188} INFO - [2026-04-05T02:38:36.435+0000] {dag.py:3096} INFO - Sync 1 DAGs
[2026-04-05T02:38:36.652+0000] {processor.py:183} INFO - Processing /opt/airflow/dags/isr_pipeline.py took 0.531 seconds
[2026-04-05T02:39:07.237+0000] {processor.py:161} INFO - Started process (PID=56593) to work on /opt/airflow/dags/isr_pipeline.py
[2026-04-05T02:39:07.244+0000] {processor.py:830} INFO - Processing file /opt/airflow/dags/isr_pipeline.py for tasks to queue
[2026-04-05T02:39:07.251+0000] {logging_mixin.py:188} INFO - [2026-04-05T02:39:07.249+0000] {dagbag.py:540} INFO - Filling up the DagBag from /opt/airflow/dags/isr_pipeline.py
[2026-04-05T02:39:07.339+0000] {processor.py:840} INFO - DAG(s) 'isr_pipeline' retrieved from /opt/airflow/dags/isr_pipeline.py
[2026-04-05T02:39:07.523+0000] {logging_mixin.py:188} INFO - [2026-04-05T02:39:07.522+0000] {dag.py:3096} INFO - Sync 1 DAGs
[2026-04-05T02:39:07.728+0000] {processor.py:183} INFO - Processing /opt/airflow/dags/isr_pipeline.py took 0.538 seconds
[2026-04-05T02:39:38.179+0000] {processor.py:161} INFO - Started process (PID=56598) to work on /opt/airflow/dags/isr_pipeline.py
[2026-04-05T02:39:38.187+0000] {processor.py:830} INFO - Processing file /opt/airflow/dags/isr_pipeline.py for tasks to queue
[2026-04-05T02:39:38.194+0000] {logging_mixin.py:188} INFO - [2026-04-05T02:39:38.192+0000] {dagbag.py:540} INFO - Filling up the DagBag from /opt/airflow/dags/isr_pipeline.py
[2026-04-05T02:39:38.387+0000] {processor.py:840} INFO - DAG(s) 'isr_pipeline' retrieved from /opt/airflow/dags/isr_pipeline.py
[2026-04-05T02:39:38.612+0000] {logging_mixin.py:188} INFO - [2026-04-05T02:39:38.610+0000] {dag.py:3096} INFO - Sync 1 DAGs
[2026-04-05T02:39:38.834+0000] {processor.py:183} INFO - Processing /opt/airflow/dags/isr_pipeline.py took 0.691 seconds
[2026-04-05T02:40:09.543+0000] {processor.py:161} INFO - Started process (PID=56603) to work on /opt/airflow/dags/isr_pipeline.py
[2026-04-05T02:40:09.549+0000] {processor.py:830} INFO - Processing file /opt/airflow/dags/isr_pipeline.py for tasks to queue
[2026-04-05T02:40:09.556+0000] {logging_mixin.py:188} INFO - [2026-04-05T02:40:09.554+0000] {dagbag.py:540} INFO - Filling up the DagBag from /opt/airflow/dags/isr_pipeline.py
[2026-04-05T02:40:09.641+0000] {processor.py:840} INFO - DAG(s) 'isr_pipeline' retrieved from /opt/airflow/dags/isr_pipeline.py
[2026-04-05T02:40:09.816+0000] {logging_mixin.py:188} INFO - [2026-04-05T02:40:09.815+0000] {dag.py:3096} INFO - Sync 1 DAGs
[2026-04-05T02:40:10.230+0000] {processor.py:183} INFO - Processing /opt/airflow/dags/isr_pipeline.py took 0.734 seconds
[2026-04-05T02:40:40.792+0000] {processor.py:161} INFO - Started process (PID=56608) to work on /opt/airflow/dags/isr_pipeline.py
[2026-04-05T02:40:40.800+0000] {processor.py:830} INFO - Processing file /opt/airflow/dags/isr_pipeline.py for tasks to queue
[2026-04-05T02:40:40.806+0000] {logging_mixin.py:188} INFO - [2026-04-05T02:40:40.805+0000] {dagbag.py:540} INFO - Filling up the DagBag from /opt/airflow/dags/isr_pipeline.py
[2026-04-05T02:40:40.899+0000] {processor.py:840} INFO - DAG(s) 'isr_pipeline' retrieved from /opt/airflow/dags/isr_pipeline.py
[2026-04-05T02:40:41.087+0000] {logging_mixin.py:188} INFO - [2026-04-05T02:40:41.085+0000] {dag.py:3096} INFO - Sync 1 DAGs
[2026-04-05T02:40:41.289+0000] {processor.py:183} INFO - Processing /opt/airflow/dags/isr_pipeline.py took 0.535 seconds
[2026-04-05T02:41:11.879+0000] {processor.py:161} INFO - Started process (PID=56613) to work on /opt/airflow/dags/isr_pipeline.py
[2026-04-05T02:41:11.887+0000] {processor.py:830} INFO - Processing file /opt/airflow/dags/isr_pipeline.py for tasks to queue
[2026-04-05T02:41:11.895+0000] {logging_mixin.py:188} INFO - [2026-04-05T02:41:11.893+0000] {dagbag.py:540} INFO - Filling up the DagBag from /opt/airflow/dags/isr_pipeline.py
[2026-04-05T02:41:11.987+0000] {processor.py:840} INFO - DAG(s) 'isr_pipeline' retrieved from /opt/airflow/dags/isr_pipeline.py
[2026-04-05T02:41:12.175+0000] {logging_mixin.py:188} INFO - [2026-04-05T02:41:12.173+0000] {dag.py:3096} INFO - Sync 1 DAGs
[2026-04-05T02:41:12.379+0000] {processor.py:183} INFO - Processing /opt/airflow/dags/isr_pipeline.py took 0.539 seconds
[2026-04-05T02:41:42.707+0000] {processor.py:161} INFO - Started process (PID=56618) to work on /opt/airflow/dags/isr_pipeline.py
[2026-04-05T02:41:42.715+0000] {processor.py:830} INFO - Processing file /opt/airflow/dags/isr_pipeline.py for tasks to queue
[2026-04-05T02:41:42.721+0000] {logging_mixin.py:188} INFO - [2026-04-05T02:41:42.719+0000] {dagbag.py:540} INFO - Filling up the DagBag from /opt/airflow/dags/isr_pipeline.py
[2026-04-05T02:41:42.806+0000] {processor.py:840} INFO - DAG(s) 'isr_pipeline' retrieved from /opt/airflow/dags/isr_pipeline.py
[2026-04-05T02:41:42.998+0000] {logging_mixin.py:188} INFO - [2026-04-05T02:41:42.997+0000] {dag.py:3096} INFO - Sync 1 DAGs
[2026-04-05T02:41:43.208+0000] {processor.py:183} INFO - Processing /opt/airflow/dags/isr_pipeline.py took 0.540 seconds
[2026-04-05T02:42:13.723+0000] {processor.py:161} INFO - Started process (PID=56623) to work on /opt/airflow/dags/isr_pipeline.py
[2026-04-05T02:42:13.730+0000] {processor.py:830} INFO - Processing file /opt/airflow/dags/isr_pipeline.py for tasks to queue
[2026-04-05T02:42:13.737+0000] {logging_mixin.py:188} INFO - [2026-04-05T02:42:13.735+0000] {dagbag.py:540} INFO - Filling up the DagBag from /opt/airflow/dags/isr_pipeline.py
[2026-04-05T02:42:13.822+0000] {processor.py:840} INFO - DAG(s) 'isr_pipeline' retrieved from /opt/airflow/dags/isr_pipeline.py
[2026-04-05T02:42:14.008+0000] {logging_mixin.py:188} INFO - [2026-04-05T02:42:14.007+0000] {dag.py:3096} INFO - Sync 1 DAGs
[2026-04-05T02:42:14.217+0000] {processor.py:183} INFO - Processing /opt/airflow/dags/isr_pipeline.py took 0.531 seconds
[2026-04-05T02:42:44.740+0000] {processor.py:161} INFO - Started process (PID=56628) to work on /opt/airflow/dags/isr_pipeline.py
[2026-04-05T02:42:44.747+0000] {processor.py:830} INFO - Processing file /opt/airflow/dags/isr_pipeline.py for tasks to queue
[2026-04-05T02:42:44.755+0000] {logging_mixin.py:188} INFO - [2026-04-05T02:42:44.753+0000] {dagbag.py:540} INFO - Filling up the DagBag from /opt/airflow/dags/isr_pipeline.py
[2026-04-05T02:42:44.844+0000] {processor.py:840} INFO - DAG(s) 'isr_pipeline' retrieved from /opt/airflow/dags/isr_pipeline.py
[2026-04-05T02:42:45.023+0000] {logging_mixin.py:188} INFO - [2026-04-05T02:42:45.022+0000] {dag.py:3096} INFO - Sync 1 DAGs
[2026-04-05T02:42:45.235+0000] {processor.py:183} INFO - Processing /opt/airflow/dags/isr_pipeline.py took 0.530 seconds
[2026-04-05T02:43:15.864+0000] {processor.py:161} INFO - Started process (PID=56633) to work on /opt/airflow/dags/isr_pipeline.py
[2026-04-05T02:43:15.873+0000] {processor.py:830} INFO - Processing file /opt/airflow/dags/isr_pipeline.py for tasks to queue
[2026-04-05T02:43:15.881+0000] {logging_mixin.py:188} INFO - [2026-04-05T02:43:15.879+0000] {dagbag.py:540} INFO - Filling up the DagBag from /opt/airflow/dags/isr_pipeline.py
[2026-04-05T02:43:15.970+0000] {processor.py:840} INFO - DAG(s) 'isr_pipeline' retrieved from /opt/airflow/dags/isr_pipeline.py
[2026-04-05T02:43:16.152+0000] {logging_mixin.py:188} INFO - [2026-04-05T02:43:16.151+0000] {dag.py:3096} INFO - Sync 1 DAGs
[2026-04-05T02:43:16.352+0000] {processor.py:183} INFO - Processing /opt/airflow/dags/isr_pipeline.py took 0.533 seconds
[2026-04-05T02:43:46.582+0000] {processor.py:161} INFO - Started process (PID=56638) to work on /opt/airflow/dags/isr_pipeline.py
[2026-04-05T02:43:46.589+0000] {processor.py:830} INFO - Processing file /opt/airflow/dags/isr_pipeline.py for tasks to queue
[2026-04-05T02:43:46.596+0000] {logging_mixin.py:188} INFO - [2026-04-05T02:43:46.594+0000] {dagbag.py:540} INFO - Filling up the DagBag from /opt/airflow/dags/isr_pipeline.py
[2026-04-05T02:43:46.692+0000] {processor.py:840} INFO - DAG(s) 'isr_pipeline' retrieved from /opt/airflow/dags/isr_pipeline.py
[2026-04-05T02:43:46.999+0000] {logging_mixin.py:188} INFO - [2026-04-05T02:43:46.998+0000] {dag.py:3096} INFO - Sync 1 DAGs
[2026-04-05T02:43:47.263+0000] {processor.py:183} INFO - Processing /opt/airflow/dags/isr_pipeline.py took 0.718 seconds
[2026-04-05T02:44:18.064+0000] {processor.py:161} INFO - Started process (PID=56643) to work on /opt/airflow/dags/isr_pipeline.py
[2026-04-05T02:44:18.071+0000] {processor.py:830} INFO - Processing file /opt/airflow/dags/isr_pipeline.py for tasks to queue
[2026-04-05T02:44:18.078+0000] {logging_mixin.py:188} INFO - [2026-04-05T02:44:18.076+0000] {dagbag.py:540} INFO - Filling up the DagBag from /opt/airflow/dags/isr_pipeline.py
[2026-04-05T02:44:18.166+0000] {processor.py:840} INFO - DAG(s) 'isr_pipeline' retrieved from /opt/airflow/dags/isr_pipeline.py
[2026-04-05T02:44:18.344+0000] {logging_mixin.py:188} INFO - [2026-04-05T02:44:18.343+0000] {dag.py:3096} INFO - Sync 1 DAGs
[2026-04-05T02:44:18.661+0000] {processor.py:183} INFO - Processing /opt/airflow/dags/isr_pipeline.py took 0.633 seconds
[2026-04-05T02:44:49.285+0000] {processor.py:161} INFO - Started process (PID=56648) to work on /opt/airflow/dags/isr_pipeline.py
[2026-04-05T02:44:49.292+0000] {processor.py:830} INFO - Processing file /opt/airflow/dags/isr_pipeline.py for tasks to queue
[2026-04-05T02:44:49.299+0000] {logging_mixin.py:188} INFO - [2026-04-05T02:44:49.298+0000] {dagbag.py:540} INFO - Filling up the DagBag from /opt/airflow/dags/isr_pipeline.py
[2026-04-05T02:44:49.385+0000] {processor.py:840} INFO - DAG(s) 'isr_pipeline' retrieved from /opt/airflow/dags/isr_pipeline.py
[2026-04-05T02:44:49.560+0000] {logging_mixin.py:188} INFO - [2026-04-05T02:44:49.559+0000] {dag.py:3096} INFO - Sync 1 DAGs
[2026-04-05T02:44:49.766+0000] {processor.py:183} INFO - Processing /opt/airflow/dags/isr_pipeline.py took 0.518 seconds
[2026-04-05T02:45:20.387+0000] {processor.py:161} INFO - Started process (PID=56653) to work on /opt/airflow/dags/isr_pipeline.py
[2026-04-05T02:45:20.395+0000] {processor.py:830} INFO - Processing file /opt/airflow/dags/isr_pipeline.py for tasks to queue
[2026-04-05T02:45:20.402+0000] {logging_mixin.py:188} INFO - [2026-04-05T02:45:20.400+0000] {dagbag.py:540} INFO - Filling up the DagBag from /opt/airflow/dags/isr_pipeline.py
[2026-04-05T02:45:20.494+0000] {processor.py:840} INFO - DAG(s) 'isr_pipeline' retrieved from /opt/airflow/dags/isr_pipeline.py
[2026-04-05T02:45:20.689+0000] {logging_mixin.py:188} INFO - [2026-04-05T02:45:20.688+0000] {dag.py:3096} INFO - Sync 1 DAGs
[2026-04-05T02:45:20.903+0000] {processor.py:183} INFO - Processing /opt/airflow/dags/isr_pipeline.py took 0.555 seconds
[2026-04-05T02:45:51.323+0000] {processor.py:161} INFO - Started process (PID=56658) to work on /opt/airflow/dags/isr_pipeline.py
[2026-04-05T02:45:51.332+0000] {processor.py:830} INFO - Processing file /opt/airflow/dags/isr_pipeline.py for tasks to queue
[2026-04-05T02:45:51.341+0000] {logging_mixin.py:188} INFO - [2026-04-05T02:45:51.339+0000] {dagbag.py:540} INFO - Filling up the DagBag from /opt/airflow/dags/isr_pipeline.py
[2026-04-05T02:45:51.431+0000] {processor.py:840} INFO - DAG(s) 'isr_pipeline' retrieved from /opt/airflow/dags/isr_pipeline.py
[2026-04-05T02:45:51.611+0000] {logging_mixin.py:188} INFO - [2026-04-05T02:45:51.610+0000] {dag.py:3096} INFO - Sync 1 DAGs
[2026-04-05T02:45:51.817+0000] {processor.py:183} INFO - Processing /opt/airflow/dags/isr_pipeline.py took 0.530 seconds
[2026-04-05T02:46:22.338+0000] {processor.py:161} INFO - Started process (PID=56663) to work on /opt/airflow/dags/isr_pipeline.py
[2026-04-05T02:46:22.346+0000] {processor.py:830} INFO - Processing file /opt/airflow/dags/isr_pipeline.py for tasks to queue
[2026-04-05T02:46:22.353+0000] {logging_mixin.py:188} INFO - [2026-04-05T02:46:22.351+0000] {dagbag.py:540} INFO - Filling up the DagBag from /opt/airflow/dags/isr_pipeline.py
[2026-04-05T02:46:22.442+0000] {processor.py:840} INFO - DAG(s) 'isr_pipeline' retrieved from /opt/airflow/dags/isr_pipeline.py
[2026-04-05T02:46:22.624+0000] {logging_mixin.py:188} INFO - [2026-04-05T02:46:22.623+0000] {dag.py:3096} INFO - Sync 1 DAGs
[2026-04-05T02:46:22.825+0000] {processor.py:183} INFO - Processing /opt/airflow/dags/isr_pipeline.py took 0.526 seconds
[2026-04-05T02:46:53.266+0000] {processor.py:161} INFO - Started process (PID=56668) to work on /opt/airflow/dags/isr_pipeline.py
[2026-04-05T02:46:53.275+0000] {processor.py:830} INFO - Processing file /opt/airflow/dags/isr_pipeline.py for tasks to queue
[2026-04-05T02:46:53.283+0000] {logging_mixin.py:188} INFO - [2026-04-05T02:46:53.281+0000] {dagbag.py:540} INFO - Filling up the DagBag from /opt/airflow/dags/isr_pipeline.py
[2026-04-05T02:46:53.426+0000] {processor.py:840} INFO - DAG(s) 'isr_pipeline' retrieved from /opt/airflow/dags/isr_pipeline.py
[2026-04-05T02:46:53.609+0000] {logging_mixin.py:188} INFO - [2026-04-05T02:46:53.608+0000] {dag.py:3096} INFO - Sync 1 DAGs
[2026-04-05T02:46:53.814+0000] {processor.py:183} INFO - Processing /opt/airflow/dags/isr_pipeline.py took 0.593 seconds
[2026-04-05T02:47:24.333+0000] {processor.py:161} INFO - Started process (PID=56673) to work on /opt/airflow/dags/isr_pipeline.py
[2026-04-05T02:47:24.477+0000] {processor.py:830} INFO - Processing file /opt/airflow/dags/isr_pipeline.py for tasks to queue
[2026-04-05T02:47:24.485+0000] {logging_mixin.py:188} INFO - [2026-04-05T02:47:24.482+0000] {dagbag.py:540} INFO - Filling up the DagBag from /opt/airflow/dags/isr_pipeline.py
[2026-04-05T02:47:24.594+0000] {processor.py:840} INFO - DAG(s) 'isr_pipeline' retrieved from /opt/airflow/dags/isr_pipeline.py
[2026-04-05T02:47:24.818+0000] {logging_mixin.py:188} INFO - [2026-04-05T02:47:24.817+0000] {dag.py:3096} INFO - Sync 1 DAGs
[2026-04-05T02:47:25.029+0000] {processor.py:183} INFO - Processing /opt/airflow/dags/isr_pipeline.py took 0.735 seconds
[2026-04-05T02:47:55.623+0000] {processor.py:161} INFO - Started process (PID=56678) to work on /opt/airflow/dags/isr_pipeline.py
[2026-04-05T02:47:55.630+0000] {processor.py:830} INFO - Processing file /opt/airflow/dags/isr_pipeline.py for tasks to queue
[2026-04-05T02:47:55.637+0000] {logging_mixin.py:188} INFO - [2026-04-05T02:47:55.635+0000] {dagbag.py:540} INFO - Filling up the DagBag from /opt/airflow/dags/isr_pipeline.py
[2026-04-05T02:47:55.722+0000] {processor.py:840} INFO - DAG(s) 'isr_pipeline' retrieved from /opt/airflow/dags/isr_pipeline.py
[2026-04-05T02:47:56.082+0000] {logging_mixin.py:188} INFO - [2026-04-05T02:47:56.081+0000] {dag.py:3096} INFO - Sync 1 DAGs
[2026-04-05T02:47:56.330+0000] {processor.py:183} INFO - Processing /opt/airflow/dags/isr_pipeline.py took 0.746 seconds
[2026-04-05T02:48:26.872+0000] {processor.py:161} INFO - Started process (PID=56683) to work on /opt/airflow/dags/isr_pipeline.py
[2026-04-05T02:48:26.881+0000] {processor.py:830} INFO - Processing file /opt/airflow/dags/isr_pipeline.py for tasks to queue
[2026-04-05T02:48:26.888+0000] {logging_mixin.py:188} INFO - [2026-04-05T02:48:26.886+0000] {dagbag.py:540} INFO - Filling up the DagBag from /opt/airflow/dags/isr_pipeline.py
[2026-04-05T02:48:26.979+0000] {processor.py:840} INFO - DAG(s) 'isr_pipeline' retrieved from /opt/airflow/dags/isr_pipeline.py
[2026-04-05T02:48:27.168+0000] {logging_mixin.py:188} INFO - [2026-04-05T02:48:27.167+0000] {dag.py:3096} INFO - Sync 1 DAGs
[2026-04-05T02:48:27.539+0000] {processor.py:183} INFO - Processing /opt/airflow/dags/isr_pipeline.py took 0.706 seconds
[2026-04-05T02:48:57.958+0000] {processor.py:161} INFO - Started process (PID=56688) to work on /opt/airflow/dags/isr_pipeline.py
[2026-04-05T02:48:57.969+0000] {processor.py:830} INFO - Processing file /opt/airflow/dags/isr_pipeline.py for tasks to queue
[2026-04-05T02:48:57.976+0000] {logging_mixin.py:188} INFO - [2026-04-05T02:48:57.974+0000] {dagbag.py:540} INFO - Filling up the DagBag from /opt/airflow/dags/isr_pipeline.py
[2026-04-05T02:48:58.066+0000] {processor.py:840} INFO - DAG(s) 'isr_pipeline' retrieved from /opt/airflow/dags/isr_pipeline.py
[2026-04-05T02:48:58.243+0000] {logging_mixin.py:188} INFO - [2026-04-05T02:48:58.241+0000] {dag.py:3096} INFO - Sync 1 DAGs
[2026-04-05T02:48:58.458+0000] {processor.py:183} INFO - Processing /opt/airflow/dags/isr_pipeline.py took 0.546 seconds
[2026-04-05T02:49:28.971+0000] {processor.py:161} INFO - Started process (PID=56693) to work on /opt/airflow/dags/isr_pipeline.py
[2026-04-05T02:49:28.981+0000] {processor.py:830} INFO - Processing file /opt/airflow/dags/isr_pipeline.py for tasks to queue
[2026-04-05T02:49:28.989+0000] {logging_mixin.py:188} INFO - [2026-04-05T02:49:28.986+0000] {dagbag.py:540} INFO - Filling up the DagBag from /opt/airflow/dags/isr_pipeline.py
[2026-04-05T02:49:29.081+0000] {processor.py:840} INFO - DAG(s) 'isr_pipeline' retrieved from /opt/airflow/dags/isr_pipeline.py
[2026-04-05T02:49:29.265+0000] {logging_mixin.py:188} INFO - [2026-04-05T02:49:29.264+0000] {dag.py:3096} INFO - Sync 1 DAGs
[2026-04-05T02:49:29.476+0000] {processor.py:183} INFO - Processing /opt/airflow/dags/isr_pipeline.py took 0.547 seconds
[2026-04-05T03:01:01.021+0000] {processor.py:161} INFO - Started process (PID=56700) to work on /opt/airflow/dags/isr_pipeline.py
[2026-04-05T03:01:01.022+0000] {processor.py:830} INFO - Processing file /opt/airflow/dags/isr_pipeline.py for tasks to queue
[2026-04-05T03:01:01.024+0000] {logging_mixin.py:188} INFO - [2026-04-05T03:01:01.024+0000] {dagbag.py:540} INFO - Filling up the DagBag from /opt/airflow/dags/isr_pipeline.py
[2026-04-05T03:01:01.048+0000] {processor.py:840} INFO - DAG(s) 'isr_pipeline' retrieved from /opt/airflow/dags/isr_pipeline.py
[2026-04-05T03:01:01.093+0000] {logging_mixin.py:188} INFO - [2026-04-05T03:01:01.092+0000] {dag.py:3096} INFO - Sync 1 DAGs
[2026-04-05T03:01:01.214+0000] {processor.py:183} INFO - Processing /opt/airflow/dags/isr_pipeline.py took 0.203 seconds
[2026-04-05T03:01:31.536+0000] {processor.py:161} INFO - Started process (PID=56705) to work on /opt/airflow/dags/isr_pipeline.py
[2026-04-05T03:01:31.541+0000] {processor.py:830} INFO - Processing file /opt/airflow/dags/isr_pipeline.py for tasks to queue
[2026-04-05T03:01:31.548+0000] {logging_mixin.py:188} INFO - [2026-04-05T03:01:31.546+0000] {dagbag.py:540} INFO - Filling up the DagBag from /opt/airflow/dags/isr_pipeline.py
[2026-04-05T03:01:31.634+0000] {processor.py:840} INFO - DAG(s) 'isr_pipeline' retrieved from /opt/airflow/dags/isr_pipeline.py
[2026-04-05T03:01:31.813+0000] {logging_mixin.py:188} INFO - [2026-04-05T03:01:31.812+0000] {dag.py:3096} INFO - Sync 1 DAGs
[2026-04-05T03:01:32.023+0000] {processor.py:183} INFO - Processing /opt/airflow/dags/isr_pipeline.py took 0.526 seconds
[2026-04-05T03:04:21.066+0000] {processor.py:161} INFO - Started process (PID=56710) to work on /opt/airflow/dags/isr_pipeline.py
[2026-04-05T03:04:21.069+0000] {processor.py:830} INFO - Processing file /opt/airflow/dags/isr_pipeline.py for tasks to queue
[2026-04-05T03:04:21.072+0000] {logging_mixin.py:188} INFO - [2026-04-05T03:04:21.071+0000] {dagbag.py:540} INFO - Filling up the DagBag from /opt/airflow/dags/isr_pipeline.py
[2026-04-05T03:04:21.096+0000] {processor.py:840} INFO - DAG(s) 'isr_pipeline' retrieved from /opt/airflow/dags/isr_pipeline.py
[2026-04-05T03:04:21.142+0000] {logging_mixin.py:188} INFO - [2026-04-05T03:04:21.142+0000] {dag.py:3096} INFO - Sync 1 DAGs
[2026-04-05T03:04:21.313+0000] {processor.py:183} INFO - Processing /opt/airflow/dags/isr_pipeline.py took 0.266 seconds
[2026-04-05T03:04:51.844+0000] {processor.py:161} INFO - Started process (PID=56715) to work on /opt/airflow/dags/isr_pipeline.py
[2026-04-05T03:04:51.854+0000] {processor.py:830} INFO - Processing file /opt/airflow/dags/isr_pipeline.py for tasks to queue
[2026-04-05T03:04:51.861+0000] {logging_mixin.py:188} INFO - [2026-04-05T03:04:51.859+0000] {dagbag.py:540} INFO - Filling up the DagBag from /opt/airflow/dags/isr_pipeline.py
[2026-04-05T03:04:51.947+0000] {processor.py:840} INFO - DAG(s) 'isr_pipeline' retrieved from /opt/airflow/dags/isr_pipeline.py
[2026-04-05T03:04:52.126+0000] {logging_mixin.py:188} INFO - [2026-04-05T03:04:52.124+0000] {dag.py:3096} INFO - Sync 1 DAGs
[2026-04-05T03:04:52.331+0000] {processor.py:183} INFO - Processing /opt/airflow/dags/isr_pipeline.py took 0.528 seconds
[2026-04-05T03:22:26.107+0000] {processor.py:161} INFO - Started process (PID=56720) to work on /opt/airflow/dags/isr_pipeline.py
[2026-04-05T03:22:26.110+0000] {processor.py:830} INFO - Processing file /opt/airflow/dags/isr_pipeline.py for tasks to queue
[2026-04-05T03:22:26.114+0000] {logging_mixin.py:188} INFO - [2026-04-05T03:22:26.113+0000] {dagbag.py:540} INFO - Filling up the DagBag from /opt/airflow/dags/isr_pipeline.py
[2026-04-05T03:22:26.143+0000] {processor.py:840} INFO - DAG(s) 'isr_pipeline' retrieved from /opt/airflow/dags/isr_pipeline.py
[2026-04-05T03:22:26.185+0000] {logging_mixin.py:188} INFO - [2026-04-05T03:22:26.185+0000] {dag.py:3096} INFO - Sync 1 DAGs
[2026-04-05T03:22:26.328+0000] {processor.py:183} INFO - Processing /opt/airflow/dags/isr_pipeline.py took 0.233 seconds
[2026-04-05T03:22:56.577+0000] {processor.py:161} INFO - Started process (PID=56725) to work on /opt/airflow/dags/isr_pipeline.py
[2026-04-05T03:22:56.584+0000] {processor.py:830} INFO - Processing file /opt/airflow/dags/isr_pipeline.py for tasks to queue
[2026-04-05T03:22:56.591+0000] {logging_mixin.py:188} INFO - [2026-04-05T03:22:56.589+0000] {dagbag.py:540} INFO - Filling up the DagBag from /opt/airflow/dags/isr_pipeline.py
[2026-04-05T03:22:56.677+0000] {processor.py:840} INFO - DAG(s) 'isr_pipeline' retrieved from /opt/airflow/dags/isr_pipeline.py
[2026-04-05T03:22:56.864+0000] {logging_mixin.py:188} INFO - [2026-04-05T03:22:56.863+0000] {dag.py:3096} INFO - Sync 1 DAGs
[2026-04-05T03:22:57.065+0000] {processor.py:183} INFO - Processing /opt/airflow/dags/isr_pipeline.py took 0.524 seconds
[2026-04-05T03:23:27.682+0000] {processor.py:161} INFO - Started process (PID=56730) to work on /opt/airflow/dags/isr_pipeline.py
[2026-04-05T03:23:27.690+0000] {processor.py:830} INFO - Processing file /opt/airflow/dags/isr_pipeline.py for tasks to queue
[2026-04-05T03:23:27.698+0000] {logging_mixin.py:188} INFO - [2026-04-05T03:23:27.696+0000] {dagbag.py:540} INFO - Filling up the DagBag from /opt/airflow/dags/isr_pipeline.py
[2026-04-05T03:23:27.791+0000] {processor.py:840} INFO - DAG(s) 'isr_pipeline' retrieved from /opt/airflow/dags/isr_pipeline.py
[2026-04-05T03:23:27.979+0000] {logging_mixin.py:188} INFO - [2026-04-05T03:23:27.978+0000] {dag.py:3096} INFO - Sync 1 DAGs
[2026-04-05T03:23:28.183+0000] {processor.py:183} INFO - Processing /opt/airflow/dags/isr_pipeline.py took 0.541 seconds
[2026-04-05T03:23:58.541+0000] {processor.py:161} INFO - Started process (PID=56735) to work on /opt/airflow/dags/isr_pipeline.py
[2026-04-05T03:23:58.548+0000] {processor.py:830} INFO - Processing file /opt/airflow/dags/isr_pipeline.py for tasks to queue
[2026-04-05T03:23:58.555+0000] {logging_mixin.py:188} INFO - [2026-04-05T03:23:58.553+0000] {dagbag.py:540} INFO - Filling up the DagBag from /opt/airflow/dags/isr_pipeline.py
[2026-04-05T03:23:58.656+0000] {processor.py:840} INFO - DAG(s) 'isr_pipeline' retrieved from /opt/airflow/dags/isr_pipeline.py
[2026-04-05T03:23:58.840+0000] {logging_mixin.py:188} INFO - [2026-04-05T03:23:58.839+0000] {dag.py:3096} INFO - Sync 1 DAGs
[2026-04-05T03:23:59.047+0000] {processor.py:183} INFO - Processing /opt/airflow/dags/isr_pipeline.py took 0.545 seconds
[2026-04-05T03:24:29.649+0000] {processor.py:161} INFO - Started process (PID=56740) to work on /opt/airflow/dags/isr_pipeline.py
[2026-04-05T03:24:29.656+0000] {processor.py:830} INFO - Processing file /opt/airflow/dags/isr_pipeline.py for tasks to queue
[2026-04-05T03:24:29.667+0000] {logging_mixin.py:188} INFO - [2026-04-05T03:24:29.664+0000] {dagbag.py:540} INFO - Filling up the DagBag from /opt/airflow/dags/isr_pipeline.py
[2026-04-05T03:24:29.753+0000] {processor.py:840} INFO - DAG(s) 'isr_pipeline' retrieved from /opt/airflow/dags/isr_pipeline.py
[2026-04-05T03:24:29.933+0000] {logging_mixin.py:188} INFO - [2026-04-05T03:24:29.932+0000] {dag.py:3096} INFO - Sync 1 DAGs
[2026-04-05T03:24:30.150+0000] {processor.py:183} INFO - Processing /opt/airflow/dags/isr_pipeline.py took 0.539 seconds
[2026-04-05T03:25:00.596+0000] {processor.py:161} INFO - Started process (PID=56745) to work on /opt/airflow/dags/isr_pipeline.py
[2026-04-05T03:25:00.603+0000] {processor.py:830} INFO - Processing file /opt/airflow/dags/isr_pipeline.py for tasks to queue
[2026-04-05T03:25:00.610+0000] {logging_mixin.py:188} INFO - [2026-04-05T03:25:00.608+0000] {dagbag.py:540} INFO - Filling up the DagBag from /opt/airflow/dags/isr_pipeline.py
[2026-04-05T03:25:00.756+0000] {processor.py:840} INFO - DAG(s) 'isr_pipeline' retrieved from /opt/airflow/dags/isr_pipeline.py
[2026-04-05T03:25:00.980+0000] {logging_mixin.py:188} INFO - [2026-04-05T03:25:00.979+0000] {dag.py:3096} INFO - Sync 1 DAGs
[2026-04-05T03:25:01.228+0000] {processor.py:183} INFO - Processing /opt/airflow/dags/isr_pipeline.py took 0.670 seconds
[2026-04-05T03:25:31.862+0000] {processor.py:161} INFO - Started process (PID=56750) to work on /opt/airflow/dags/isr_pipeline.py
[2026-04-05T03:25:31.869+0000] {processor.py:830} INFO - Processing file /opt/airflow/dags/isr_pipeline.py for tasks to queue
[2026-04-05T03:25:31.878+0000] {logging_mixin.py:188} INFO - [2026-04-05T03:25:31.876+0000] {dagbag.py:540} INFO - Filling up the DagBag from /opt/airflow/dags/isr_pipeline.py
[2026-04-05T03:25:31.964+0000] {processor.py:840} INFO - DAG(s) 'isr_pipeline' retrieved from /opt/airflow/dags/isr_pipeline.py
[2026-04-05T03:25:32.137+0000] {logging_mixin.py:188} INFO - [2026-04-05T03:25:32.135+0000] {dag.py:3096} INFO - Sync 1 DAGs
[2026-04-05T03:25:32.472+0000] {processor.py:183} INFO - Processing /opt/airflow/dags/isr_pipeline.py took 0.647 seconds
[2026-04-05T03:26:03.079+0000] {processor.py:161} INFO - Started process (PID=56755) to work on /opt/airflow/dags/isr_pipeline.py
[2026-04-05T03:26:03.086+0000] {processor.py:830} INFO - Processing file /opt/airflow/dags/isr_pipeline.py for tasks to queue
[2026-04-05T03:26:03.093+0000] {logging_mixin.py:188} INFO - [2026-04-05T03:26:03.091+0000] {dagbag.py:540} INFO - Filling up the DagBag from /opt/airflow/dags/isr_pipeline.py
[2026-04-05T03:26:03.183+0000] {processor.py:840} INFO - DAG(s) 'isr_pipeline' retrieved from /opt/airflow/dags/isr_pipeline.py
[2026-04-05T03:26:03.369+0000] {logging_mixin.py:188} INFO - [2026-04-05T03:26:03.367+0000] {dag.py:3096} INFO - Sync 1 DAGs
[2026-04-05T03:26:03.566+0000] {processor.py:183} INFO - Processing /opt/airflow/dags/isr_pipeline.py took 0.525 seconds
[2026-04-05T03:26:34.116+0000] {processor.py:161} INFO - Started process (PID=56760) to work on /opt/airflow/dags/isr_pipeline.py
[2026-04-05T03:26:34.124+0000] {processor.py:830} INFO - Processing file /opt/airflow/dags/isr_pipeline.py for tasks to queue
[2026-04-05T03:26:34.133+0000] {logging_mixin.py:188} INFO - [2026-04-05T03:26:34.131+0000] {dagbag.py:540} INFO - Filling up the DagBag from /opt/airflow/dags/isr_pipeline.py
[2026-04-05T03:26:34.218+0000] {processor.py:840} INFO - DAG(s) 'isr_pipeline' retrieved from /opt/airflow/dags/isr_pipeline.py
[2026-04-05T03:26:34.405+0000] {logging_mixin.py:188} INFO - [2026-04-05T03:26:34.404+0000] {dag.py:3096} INFO - Sync 1 DAGs
[2026-04-05T03:26:34.614+0000] {processor.py:183} INFO - Processing /opt/airflow/dags/isr_pipeline.py took 0.537 seconds
[2026-04-05T03:27:05.135+0000] {processor.py:161} INFO - Started process (PID=56765) to work on /opt/airflow/dags/isr_pipeline.py
[2026-04-05T03:27:05.142+0000] {processor.py:830} INFO - Processing file /opt/airflow/dags/isr_pipeline.py for tasks to queue
[2026-04-05T03:27:05.153+0000] {logging_mixin.py:188} INFO - [2026-04-05T03:27:05.151+0000] {dagbag.py:540} INFO - Filling up the DagBag from /opt/airflow/dags/isr_pipeline.py
[2026-04-05T03:27:05.243+0000] {processor.py:840} INFO - DAG(s) 'isr_pipeline' retrieved from /opt/airflow/dags/isr_pipeline.py
[2026-04-05T03:27:05.437+0000] {logging_mixin.py:188} INFO - [2026-04-05T03:27:05.436+0000] {dag.py:3096} INFO - Sync 1 DAGs
[2026-04-05T03:27:05.642+0000] {processor.py:183} INFO - Processing /opt/airflow/dags/isr_pipeline.py took 0.545 seconds
[2026-04-05T03:27:36.106+0000] {processor.py:161} INFO - Started process (PID=56770) to work on /opt/airflow/dags/isr_pipeline.py
[2026-04-05T03:27:36.113+0000] {processor.py:830} INFO - Processing file /opt/airflow/dags/isr_pipeline.py for tasks to queue
[2026-04-05T03:27:36.121+0000] {logging_mixin.py:188} INFO - [2026-04-05T03:27:36.119+0000] {dagbag.py:540} INFO - Filling up the DagBag from /opt/airflow/dags/isr_pipeline.py
[2026-04-05T03:27:36.209+0000] {processor.py:840} INFO - DAG(s) 'isr_pipeline' retrieved from /opt/airflow/dags/isr_pipeline.py
[2026-04-05T03:27:36.395+0000] {logging_mixin.py:188} INFO - [2026-04-05T03:27:36.394+0000] {dag.py:3096} INFO - Sync 1 DAGs
[2026-04-05T03:27:36.614+0000] {processor.py:183} INFO - Processing /opt/airflow/dags/isr_pipeline.py took 0.545 seconds
[2026-04-05T03:28:07.160+0000] {processor.py:161} INFO - Started process (PID=56775) to work on /opt/airflow/dags/isr_pipeline.py
[2026-04-05T03:28:07.167+0000] {processor.py:830} INFO - Processing file /opt/airflow/dags/isr_pipeline.py for tasks to queue
[2026-04-05T03:28:07.175+0000] {logging_mixin.py:188} INFO - [2026-04-05T03:28:07.173+0000] {dagbag.py:540} INFO - Filling up the DagBag from /opt/airflow/dags/isr_pipeline.py
[2026-04-05T03:28:07.263+0000] {processor.py:840} INFO - DAG(s) 'isr_pipeline' retrieved from /opt/airflow/dags/isr_pipeline.py
[2026-04-05T03:28:07.445+0000] {logging_mixin.py:188} INFO - [2026-04-05T03:28:07.444+0000] {dag.py:3096} INFO - Sync 1 DAGs
[2026-04-05T03:28:07.657+0000] {processor.py:183} INFO - Processing /opt/airflow/dags/isr_pipeline.py took 0.533 seconds
[2026-04-05T03:28:38.288+0000] {processor.py:161} INFO - Started process (PID=56780) to work on /opt/airflow/dags/isr_pipeline.py
[2026-04-05T03:28:38.295+0000] {processor.py:830} INFO - Processing file /opt/airflow/dags/isr_pipeline.py for tasks to queue
[2026-04-05T03:28:38.302+0000] {logging_mixin.py:188} INFO - [2026-04-05T03:28:38.300+0000] {dagbag.py:540} INFO - Filling up the DagBag from /opt/airflow/dags/isr_pipeline.py
[2026-04-05T03:28:38.391+0000] {processor.py:840} INFO - DAG(s) 'isr_pipeline' retrieved from /opt/airflow/dags/isr_pipeline.py
[2026-04-05T03:28:38.574+0000] {logging_mixin.py:188} INFO - [2026-04-05T03:28:38.573+0000] {dag.py:3096} INFO - Sync 1 DAGs
[2026-04-05T03:28:38.783+0000] {processor.py:183} INFO - Processing /opt/airflow/dags/isr_pipeline.py took 0.535 seconds
[2026-04-05T03:29:09.090+0000] {processor.py:161} INFO - Started process (PID=56785) to work on /opt/airflow/dags/isr_pipeline.py
[2026-04-05T03:29:09.098+0000] {processor.py:830} INFO - Processing file /opt/airflow/dags/isr_pipeline.py for tasks to queue
[2026-04-05T03:29:09.105+0000] {logging_mixin.py:188} INFO - [2026-04-05T03:29:09.103+0000] {dagbag.py:540} INFO - Filling up the DagBag from /opt/airflow/dags/isr_pipeline.py
[2026-04-05T03:29:09.192+0000] {processor.py:840} INFO - DAG(s) 'isr_pipeline' retrieved from /opt/airflow/dags/isr_pipeline.py
[2026-04-05T03:29:09.392+0000] {logging_mixin.py:188} INFO - [2026-04-05T03:29:09.391+0000] {dag.py:3096} INFO - Sync 1 DAGs
[2026-04-05T03:29:09.606+0000] {processor.py:183} INFO - Processing /opt/airflow/dags/isr_pipeline.py took 0.554 seconds
[2026-04-05T03:29:40.116+0000] {processor.py:161} INFO - Started process (PID=56790) to work on /opt/airflow/dags/isr_pipeline.py
[2026-04-05T03:29:40.124+0000] {processor.py:830} INFO - Processing file /opt/airflow/dags/isr_pipeline.py for tasks to queue
[2026-04-05T03:29:40.134+0000] {logging_mixin.py:188} INFO - [2026-04-05T03:29:40.131+0000] {dagbag.py:540} INFO - Filling up the DagBag from /opt/airflow/dags/isr_pipeline.py
[2026-04-05T03:29:40.228+0000] {processor.py:840} INFO - DAG(s) 'isr_pipeline' retrieved from /opt/airflow/dags/isr_pipeline.py
[2026-04-05T03:29:40.417+0000] {logging_mixin.py:188} INFO - [2026-04-05T03:29:40.416+0000] {dag.py:3096} INFO - Sync 1 DAGs
[2026-04-05T03:29:40.624+0000] {processor.py:183} INFO - Processing /opt/airflow/dags/isr_pipeline.py took 0.545 seconds
[2026-04-05T03:30:11.066+0000] {processor.py:161} INFO - Started process (PID=56795) to work on /opt/airflow/dags/isr_pipeline.py
[2026-04-05T03:30:11.073+0000] {processor.py:830} INFO - Processing file /opt/airflow/dags/isr_pipeline.py for tasks to queue
[2026-04-05T03:30:11.081+0000] {logging_mixin.py:188} INFO - [2026-04-05T03:30:11.078+0000] {dagbag.py:540} INFO - Filling up the DagBag from /opt/airflow/dags/isr_pipeline.py
[2026-04-05T03:30:11.168+0000] {processor.py:840} INFO - DAG(s) 'isr_pipeline' retrieved from /opt/airflow/dags/isr_pipeline.py
[2026-04-05T03:30:11.351+0000] {logging_mixin.py:188} INFO - [2026-04-05T03:30:11.350+0000] {dag.py:3096} INFO - Sync 1 DAGs
[2026-04-05T03:30:11.554+0000] {processor.py:183} INFO - Processing /opt/airflow/dags/isr_pipeline.py took 0.522 seconds
[2026-04-05T03:30:42.072+0000] {processor.py:161} INFO - Started process (PID=56800) to work on /opt/airflow/dags/isr_pipeline.py
[2026-04-05T03:30:42.079+0000] {processor.py:830} INFO - Processing file /opt/airflow/dags/isr_pipeline.py for tasks to queue
[2026-04-05T03:30:42.086+0000] {logging_mixin.py:188} INFO - [2026-04-05T03:30:42.084+0000] {dagbag.py:540} INFO - Filling up the DagBag from /opt/airflow/dags/isr_pipeline.py
[2026-04-05T03:30:42.173+0000] {processor.py:840} INFO - DAG(s) 'isr_pipeline' retrieved from /opt/airflow/dags/isr_pipeline.py
[2026-04-05T03:30:42.380+0000] {logging_mixin.py:188} INFO - [2026-04-05T03:30:42.379+0000] {dag.py:3096} INFO - Sync 1 DAGs
[2026-04-05T03:30:42.628+0000] {processor.py:183} INFO - Processing /opt/airflow/dags/isr_pipeline.py took 0.605 seconds
[2026-04-05T03:31:13.068+0000] {processor.py:161} INFO - Started process (PID=56805) to work on /opt/airflow/dags/isr_pipeline.py
[2026-04-05T03:31:13.078+0000] {processor.py:830} INFO - Processing file /opt/airflow/dags/isr_pipeline.py for tasks to queue
[2026-04-05T03:31:13.086+0000] {logging_mixin.py:188} INFO - [2026-04-05T03:31:13.084+0000] {dagbag.py:540} INFO - Filling up the DagBag from /opt/airflow/dags/isr_pipeline.py
[2026-04-05T03:31:13.205+0000] {processor.py:840} INFO - DAG(s) 'isr_pipeline' retrieved from /opt/airflow/dags/isr_pipeline.py
[2026-04-05T03:31:13.391+0000] {logging_mixin.py:188} INFO - [2026-04-05T03:31:13.390+0000] {dag.py:3096} INFO - Sync 1 DAGs
[2026-04-05T03:31:13.624+0000] {processor.py:183} INFO - Processing /opt/airflow/dags/isr_pipeline.py took 0.601 seconds
[2026-04-05T03:31:44.273+0000] {processor.py:161} INFO - Started process (PID=56810) to work on /opt/airflow/dags/isr_pipeline.py
[2026-04-05T03:31:44.280+0000] {processor.py:830} INFO - Processing file /opt/airflow/dags/isr_pipeline.py for tasks to queue
[2026-04-05T03:31:44.287+0000] {logging_mixin.py:188} INFO - [2026-04-05T03:31:44.285+0000] {dagbag.py:540} INFO - Filling up the DagBag from /opt/airflow/dags/isr_pipeline.py
[2026-04-05T03:31:44.374+0000] {processor.py:840} INFO - DAG(s) 'isr_pipeline' retrieved from /opt/airflow/dags/isr_pipeline.py
[2026-04-05T03:31:44.559+0000] {logging_mixin.py:188} INFO - [2026-04-05T03:31:44.558+0000] {dag.py:3096} INFO - Sync 1 DAGs
[2026-04-05T03:31:44.764+0000] {processor.py:183} INFO - Processing /opt/airflow/dags/isr_pipeline.py took 0.529 seconds
[2026-04-05T03:32:15.480+0000] {processor.py:161} INFO - Started process (PID=56815) to work on /opt/airflow/dags/isr_pipeline.py
[2026-04-05T03:32:15.489+0000] {processor.py:830} INFO - Processing file /opt/airflow/dags/isr_pipeline.py for tasks to queue
[2026-04-05T03:32:15.500+0000] {logging_mixin.py:188} INFO - [2026-04-05T03:32:15.497+0000] {dagbag.py:540} INFO - Filling up the DagBag from /opt/airflow/dags/isr_pipeline.py
[2026-04-05T03:32:15.594+0000] {processor.py:840} INFO - DAG(s) 'isr_pipeline' retrieved from /opt/airflow/dags/isr_pipeline.py
[2026-04-05T03:32:15.903+0000] {logging_mixin.py:188} INFO - [2026-04-05T03:32:15.900+0000] {dag.py:3096} INFO - Sync 1 DAGs
[2026-04-05T03:32:16.132+0000] {processor.py:183} INFO - Processing /opt/airflow/dags/isr_pipeline.py took 0.692 seconds
[2026-04-05T03:32:46.841+0000] {processor.py:161} INFO - Started process (PID=56820) to work on /opt/airflow/dags/isr_pipeline.py
[2026-04-05T03:32:46.848+0000] {processor.py:830} INFO - Processing file /opt/airflow/dags/isr_pipeline.py for tasks to queue
[2026-04-05T03:32:46.855+0000] {logging_mixin.py:188} INFO - [2026-04-05T03:32:46.853+0000] {dagbag.py:540} INFO - Filling up the DagBag from /opt/airflow/dags/isr_pipeline.py
[2026-04-05T03:32:46.942+0000] {processor.py:840} INFO - DAG(s) 'isr_pipeline' retrieved from /opt/airflow/dags/isr_pipeline.py
[2026-04-05T03:32:47.122+0000] {logging_mixin.py:188} INFO - [2026-04-05T03:32:47.121+0000] {dag.py:3096} INFO - Sync 1 DAGs
[2026-04-05T03:32:47.364+0000] {processor.py:183} INFO - Processing /opt/airflow/dags/isr_pipeline.py took 0.562 seconds
[2026-04-05T03:33:17.670+0000] {processor.py:161} INFO - Started process (PID=56825) to work on /opt/airflow/dags/isr_pipeline.py
[2026-04-05T03:33:17.677+0000] {processor.py:830} INFO - Processing file /opt/airflow/dags/isr_pipeline.py for tasks to queue
[2026-04-05T03:33:17.684+0000] {logging_mixin.py:188} INFO - [2026-04-05T03:33:17.682+0000] {dagbag.py:540} INFO - Filling up the DagBag from /opt/airflow/dags/isr_pipeline.py
[2026-04-05T03:33:17.769+0000] {processor.py:840} INFO - DAG(s) 'isr_pipeline' retrieved from /opt/airflow/dags/isr_pipeline.py
[2026-04-05T03:33:17.948+0000] {logging_mixin.py:188} INFO - [2026-04-05T03:33:17.947+0000] {dag.py:3096} INFO - Sync 1 DAGs
[2026-04-05T03:33:18.149+0000] {processor.py:183} INFO - Processing /opt/airflow/dags/isr_pipeline.py took 0.519 seconds
[2026-04-05T03:33:48.452+0000] {processor.py:161} INFO - Started process (PID=56830) to work on /opt/airflow/dags/isr_pipeline.py
[2026-04-05T03:33:48.459+0000] {processor.py:830} INFO - Processing file /opt/airflow/dags/isr_pipeline.py for tasks to queue
[2026-04-05T03:33:48.467+0000] {logging_mixin.py:188} INFO - [2026-04-05T03:33:48.465+0000] {dagbag.py:540} INFO - Filling up the DagBag from /opt/airflow/dags/isr_pipeline.py
[2026-04-05T03:33:48.551+0000] {processor.py:840} INFO - DAG(s) 'isr_pipeline' retrieved from /opt/airflow/dags/isr_pipeline.py
[2026-04-05T03:33:48.725+0000] {logging_mixin.py:188} INFO - [2026-04-05T03:33:48.724+0000] {dag.py:3096} INFO - Sync 1 DAGs
[2026-04-05T03:33:48.925+0000] {processor.py:183} INFO - Processing /opt/airflow/dags/isr_pipeline.py took 0.511 seconds
[2026-04-05T03:34:19.523+0000] {processor.py:161} INFO - Started process (PID=56835) to work on /opt/airflow/dags/isr_pipeline.py
[2026-04-05T03:34:19.530+0000] {processor.py:830} INFO - Processing file /opt/airflow/dags/isr_pipeline.py for tasks to queue
[2026-04-05T03:34:19.539+0000] {logging_mixin.py:188} INFO - [2026-04-05T03:34:19.536+0000] {dagbag.py:540} INFO - Filling up the DagBag from /opt/airflow/dags/isr_pipeline.py
[2026-04-05T03:34:19.628+0000] {processor.py:840} INFO - DAG(s) 'isr_pipeline' retrieved from /opt/airflow/dags/isr_pipeline.py
[2026-04-05T03:34:19.816+0000] {logging_mixin.py:188} INFO - [2026-04-05T03:34:19.815+0000] {dag.py:3096} INFO - Sync 1 DAGs
[2026-04-05T03:34:20.023+0000] {processor.py:183} INFO - Processing /opt/airflow/dags/isr_pipeline.py took 0.544 seconds
[2026-04-05T03:34:50.516+0000] {processor.py:161} INFO - Started process (PID=56840) to work on /opt/airflow/dags/isr_pipeline.py
[2026-04-05T03:34:50.523+0000] {processor.py:830} INFO - Processing file /opt/airflow/dags/isr_pipeline.py for tasks to queue
[2026-04-05T03:34:50.532+0000] {logging_mixin.py:188} INFO - [2026-04-05T03:34:50.529+0000] {dagbag.py:540} INFO - Filling up the DagBag from /opt/airflow/dags/isr_pipeline.py
[2026-04-05T03:34:50.630+0000] {processor.py:840} INFO - DAG(s) 'isr_pipeline' retrieved from /opt/airflow/dags/isr_pipeline.py
[2026-04-05T03:34:50.814+0000] {logging_mixin.py:188} INFO - [2026-04-05T03:34:50.813+0000] {dag.py:3096} INFO - Sync 1 DAGs
[2026-04-05T03:34:51.009+0000] {processor.py:183} INFO - Processing /opt/airflow/dags/isr_pipeline.py took 0.535 seconds
[2026-04-05T03:35:21.668+0000] {processor.py:161} INFO - Started process (PID=56845) to work on /opt/airflow/dags/isr_pipeline.py
[2026-04-05T03:35:21.790+0000] {processor.py:830} INFO - Processing file /opt/airflow/dags/isr_pipeline.py for tasks to queue
[2026-04-05T03:35:21.799+0000] {logging_mixin.py:188} INFO - [2026-04-05T03:35:21.797+0000] {dagbag.py:540} INFO - Filling up the DagBag from /opt/airflow/dags/isr_pipeline.py
[2026-04-05T03:35:21.931+0000] {processor.py:840} INFO - DAG(s) 'isr_pipeline' retrieved from /opt/airflow/dags/isr_pipeline.py
[2026-04-05T03:35:22.141+0000] {logging_mixin.py:188} INFO - [2026-04-05T03:35:22.140+0000] {dag.py:3096} INFO - Sync 1 DAGs
[2026-04-05T03:35:22.355+0000] {processor.py:183} INFO - Processing /opt/airflow/dags/isr_pipeline.py took 0.727 seconds
[2026-04-05T03:35:53.066+0000] {processor.py:161} INFO - Started process (PID=56850) to work on /opt/airflow/dags/isr_pipeline.py
[2026-04-05T03:35:53.073+0000] {processor.py:830} INFO - Processing file /opt/airflow/dags/isr_pipeline.py for tasks to queue
[2026-04-05T03:35:53.080+0000] {logging_mixin.py:188} INFO - [2026-04-05T03:35:53.078+0000] {dagbag.py:540} INFO - Filling up the DagBag from /opt/airflow/dags/isr_pipeline.py
[2026-04-05T03:35:53.165+0000] {processor.py:840} INFO - DAG(s) 'isr_pipeline' retrieved from /opt/airflow/dags/isr_pipeline.py
[2026-04-05T03:35:53.361+0000] {logging_mixin.py:188} INFO - [2026-04-05T03:35:53.360+0000] {dag.py:3096} INFO - Sync 1 DAGs
[2026-04-05T03:35:53.613+0000] {processor.py:183} INFO - Processing /opt/airflow/dags/isr_pipeline.py took 0.558 seconds
[2026-04-05T03:36:24.185+0000] {processor.py:161} INFO - Started process (PID=56855) to work on /opt/airflow/dags/isr_pipeline.py
[2026-04-05T03:36:24.195+0000] {processor.py:830} INFO - Processing file /opt/airflow/dags/isr_pipeline.py for tasks to queue
[2026-04-05T03:36:24.203+0000] {logging_mixin.py:188} INFO - [2026-04-05T03:36:24.200+0000] {dagbag.py:540} INFO - Filling up the DagBag from /opt/airflow/dags/isr_pipeline.py
[2026-04-05T03:36:24.301+0000] {processor.py:840} INFO - DAG(s) 'isr_pipeline' retrieved from /opt/airflow/dags/isr_pipeline.py
[2026-04-05T03:36:24.537+0000] {logging_mixin.py:188} INFO - [2026-04-05T03:36:24.536+0000] {dag.py:3096} INFO - Sync 1 DAGs
[2026-04-05T03:36:24.755+0000] {processor.py:183} INFO - Processing /opt/airflow/dags/isr_pipeline.py took 0.620 seconds
[2026-04-05T04:06:45.526+0000] {processor.py:161} INFO - Started process (PID=56861) to work on /opt/airflow/dags/isr_pipeline.py
[2026-04-05T04:06:45.530+0000] {processor.py:830} INFO - Processing file /opt/airflow/dags/isr_pipeline.py for tasks to queue
[2026-04-05T04:06:45.538+0000] {logging_mixin.py:188} INFO - [2026-04-05T04:06:45.537+0000] {dagbag.py:540} INFO - Filling up the DagBag from /opt/airflow/dags/isr_pipeline.py
[2026-04-05T04:06:45.585+0000] {processor.py:840} INFO - DAG(s) 'isr_pipeline' retrieved from /opt/airflow/dags/isr_pipeline.py
[2026-04-05T04:06:45.624+0000] {logging_mixin.py:188} INFO - [2026-04-05T04:06:45.624+0000] {dag.py:3096} INFO - Sync 1 DAGs
[2026-04-05T04:06:45.670+0000] {processor.py:183} INFO - Processing /opt/airflow/dags/isr_pipeline.py took 0.157 seconds
[2026-04-05T04:07:15.971+0000] {processor.py:161} INFO - Started process (PID=56866) to work on /opt/airflow/dags/isr_pipeline.py
[2026-04-05T04:07:15.977+0000] {processor.py:830} INFO - Processing file /opt/airflow/dags/isr_pipeline.py for tasks to queue
[2026-04-05T04:07:15.984+0000] {logging_mixin.py:188} INFO - [2026-04-05T04:07:15.982+0000] {dagbag.py:540} INFO - Filling up the DagBag from /opt/airflow/dags/isr_pipeline.py
[2026-04-05T04:07:16.081+0000] {processor.py:840} INFO - DAG(s) 'isr_pipeline' retrieved from /opt/airflow/dags/isr_pipeline.py
[2026-04-05T04:07:16.278+0000] {logging_mixin.py:188} INFO - [2026-04-05T04:07:16.277+0000] {dag.py:3096} INFO - Sync 1 DAGs
[2026-04-05T04:07:16.524+0000] {processor.py:183} INFO - Processing /opt/airflow/dags/isr_pipeline.py took 0.587 seconds
[2026-04-05T04:07:42.968+0000] {processor.py:161} INFO - Started process (PID=56874) to work on /opt/airflow/dags/isr_pipeline.py
[2026-04-05T04:07:42.975+0000] {processor.py:830} INFO - Processing file /opt/airflow/dags/isr_pipeline.py for tasks to queue
[2026-04-05T04:07:42.981+0000] {logging_mixin.py:188} INFO - [2026-04-05T04:07:42.979+0000] {dagbag.py:540} INFO - Filling up the DagBag from /opt/airflow/dags/isr_pipeline.py
[2026-04-05T04:07:43.074+0000] {processor.py:840} INFO - DAG(s) 'isr_pipeline' retrieved from /opt/airflow/dags/isr_pipeline.py
[2026-04-05T04:07:43.252+0000] {logging_mixin.py:188} INFO - [2026-04-05T04:07:43.251+0000] {dag.py:3096} INFO - Sync 1 DAGs
[2026-04-05T04:07:43.453+0000] {processor.py:183} INFO - Processing /opt/airflow/dags/isr_pipeline.py took 0.518 seconds
[2026-04-05T04:08:14.020+0000] {processor.py:161} INFO - Started process (PID=56879) to work on /opt/airflow/dags/isr_pipeline.py
[2026-04-05T04:08:14.028+0000] {processor.py:830} INFO - Processing file /opt/airflow/dags/isr_pipeline.py for tasks to queue
[2026-04-05T04:08:14.035+0000] {logging_mixin.py:188} INFO - [2026-04-05T04:08:14.033+0000] {dagbag.py:540} INFO - Filling up the DagBag from /opt/airflow/dags/isr_pipeline.py
[2026-04-05T04:08:14.122+0000] {processor.py:840} INFO - DAG(s) 'isr_pipeline' retrieved from /opt/airflow/dags/isr_pipeline.py
[2026-04-05T04:08:14.304+0000] {logging_mixin.py:188} INFO - [2026-04-05T04:08:14.303+0000] {dag.py:3096} INFO - Sync 1 DAGs
[2026-04-05T04:08:14.506+0000] {processor.py:183} INFO - Processing /opt/airflow/dags/isr_pipeline.py took 0.524 seconds
[2026-04-05T04:08:44.842+0000] {processor.py:161} INFO - Started process (PID=56884) to work on /opt/airflow/dags/isr_pipeline.py
[2026-04-05T04:08:44.849+0000] {processor.py:830} INFO - Processing file /opt/airflow/dags/isr_pipeline.py for tasks to queue
[2026-04-05T04:08:44.857+0000] {logging_mixin.py:188} INFO - [2026-04-05T04:08:44.855+0000] {dagbag.py:540} INFO - Filling up the DagBag from /opt/airflow/dags/isr_pipeline.py
[2026-04-05T04:08:44.973+0000] {processor.py:840} INFO - DAG(s) 'isr_pipeline' retrieved from /opt/airflow/dags/isr_pipeline.py
[2026-04-05T04:08:45.179+0000] {logging_mixin.py:188} INFO - [2026-04-05T04:08:45.178+0000] {dag.py:3096} INFO - Sync 1 DAGs
[2026-04-05T04:08:45.941+0000] {processor.py:183} INFO - Processing /opt/airflow/dags/isr_pipeline.py took 1.144 seconds
[2026-04-05T04:09:16.494+0000] {processor.py:161} INFO - Started process (PID=56889) to work on /opt/airflow/dags/isr_pipeline.py
[2026-04-05T04:09:16.502+0000] {processor.py:830} INFO - Processing file /opt/airflow/dags/isr_pipeline.py for tasks to queue
[2026-04-05T04:09:16.509+0000] {logging_mixin.py:188} INFO - [2026-04-05T04:09:16.507+0000] {dagbag.py:540} INFO - Filling up the DagBag from /opt/airflow/dags/isr_pipeline.py
[2026-04-05T04:09:16.594+0000] {processor.py:840} INFO - DAG(s) 'isr_pipeline' retrieved from /opt/airflow/dags/isr_pipeline.py
[2026-04-05T04:09:16.889+0000] {logging_mixin.py:188} INFO - [2026-04-05T04:09:16.888+0000] {dag.py:3096} INFO - Sync 1 DAGs
[2026-04-05T04:09:17.119+0000] {processor.py:183} INFO - Processing /opt/airflow/dags/isr_pipeline.py took 0.660 seconds
[2026-04-05T04:09:47.641+0000] {processor.py:161} INFO - Started process (PID=56894) to work on /opt/airflow/dags/isr_pipeline.py
[2026-04-05T04:09:47.648+0000] {processor.py:830} INFO - Processing file /opt/airflow/dags/isr_pipeline.py for tasks to queue
[2026-04-05T04:09:47.655+0000] {logging_mixin.py:188} INFO - [2026-04-05T04:09:47.653+0000] {dagbag.py:540} INFO - Filling up the DagBag from /opt/airflow/dags/isr_pipeline.py
[2026-04-05T04:09:47.746+0000] {processor.py:840} INFO - DAG(s) 'isr_pipeline' retrieved from /opt/airflow/dags/isr_pipeline.py
[2026-04-05T04:09:48.032+0000] {logging_mixin.py:188} INFO - [2026-04-05T04:09:48.031+0000] {dag.py:3096} INFO - Sync 1 DAGs
[2026-04-05T04:09:48.288+0000] {processor.py:183} INFO - Processing /opt/airflow/dags/isr_pipeline.py took 0.688 seconds
[2026-04-05T04:10:18.491+0000] {processor.py:161} INFO - Started process (PID=56899) to work on /opt/airflow/dags/isr_pipeline.py
[2026-04-05T04:10:18.499+0000] {processor.py:830} INFO - Processing file /opt/airflow/dags/isr_pipeline.py for tasks to queue
[2026-04-05T04:10:18.507+0000] {logging_mixin.py:188} INFO - [2026-04-05T04:10:18.505+0000] {dagbag.py:540} INFO - Filling up the DagBag from /opt/airflow/dags/isr_pipeline.py
[2026-04-05T04:10:18.597+0000] {processor.py:840} INFO - DAG(s) 'isr_pipeline' retrieved from /opt/airflow/dags/isr_pipeline.py
[2026-04-05T04:10:18.781+0000] {logging_mixin.py:188} INFO - [2026-04-05T04:10:18.780+0000] {dag.py:3096} INFO - Sync 1 DAGs
[2026-04-05T04:10:18.977+0000] {processor.py:183} INFO - Processing /opt/airflow/dags/isr_pipeline.py took 0.525 seconds
[2026-04-05T04:10:49.230+0000] {processor.py:161} INFO - Started process (PID=56904) to work on /opt/airflow/dags/isr_pipeline.py
[2026-04-05T04:10:49.238+0000] {processor.py:830} INFO - Processing file /opt/airflow/dags/isr_pipeline.py for tasks to queue
[2026-04-05T04:10:49.247+0000] {logging_mixin.py:188} INFO - [2026-04-05T04:10:49.245+0000] {dagbag.py:540} INFO - Filling up the DagBag from /opt/airflow/dags/isr_pipeline.py
[2026-04-05T04:10:49.337+0000] {processor.py:840} INFO - DAG(s) 'isr_pipeline' retrieved from /opt/airflow/dags/isr_pipeline.py
[2026-04-05T04:10:49.517+0000] {logging_mixin.py:188} INFO - [2026-04-05T04:10:49.516+0000] {dag.py:3096} INFO - Sync 1 DAGs
[2026-04-05T04:10:49.737+0000] {processor.py:183} INFO - Processing /opt/airflow/dags/isr_pipeline.py took 0.545 seconds
[2026-04-05T04:11:19.934+0000] {processor.py:161} INFO - Started process (PID=56909) to work on /opt/airflow/dags/isr_pipeline.py
[2026-04-05T04:11:19.942+0000] {processor.py:830} INFO - Processing file /opt/airflow/dags/isr_pipeline.py for tasks to queue
[2026-04-05T04:11:19.949+0000] {logging_mixin.py:188} INFO - [2026-04-05T04:11:19.947+0000] {dagbag.py:540} INFO - Filling up the DagBag from /opt/airflow/dags/isr_pipeline.py
[2026-04-05T04:11:20.037+0000] {processor.py:840} INFO - DAG(s) 'isr_pipeline' retrieved from /opt/airflow/dags/isr_pipeline.py
[2026-04-05T04:11:20.219+0000] {logging_mixin.py:188} INFO - [2026-04-05T04:11:20.218+0000] {dag.py:3096} INFO - Sync 1 DAGs
[2026-04-05T04:11:20.959+0000] {processor.py:183} INFO - Processing /opt/airflow/dags/isr_pipeline.py took 1.069 seconds
[2026-04-05T04:11:51.330+0000] {processor.py:161} INFO - Started process (PID=56914) to work on /opt/airflow/dags/isr_pipeline.py
[2026-04-05T04:11:51.338+0000] {processor.py:830} INFO - Processing file /opt/airflow/dags/isr_pipeline.py for tasks to queue
[2026-04-05T04:11:51.346+0000] {logging_mixin.py:188} INFO - [2026-04-05T04:11:51.344+0000] {dagbag.py:540} INFO - Filling up the DagBag from /opt/airflow/dags/isr_pipeline.py
[2026-04-05T04:11:51.434+0000] {processor.py:840} INFO - DAG(s) 'isr_pipeline' retrieved from /opt/airflow/dags/isr_pipeline.py
[2026-04-05T04:11:51.608+0000] {logging_mixin.py:188} INFO - [2026-04-05T04:11:51.607+0000] {dag.py:3096} INFO - Sync 1 DAGs
[2026-04-05T04:11:51.812+0000] {processor.py:183} INFO - Processing /opt/airflow/dags/isr_pipeline.py took 0.521 seconds
[2026-04-05T04:12:22.082+0000] {processor.py:161} INFO - Started process (PID=56919) to work on /opt/airflow/dags/isr_pipeline.py
[2026-04-05T04:12:22.090+0000] {processor.py:830} INFO - Processing file /opt/airflow/dags/isr_pipeline.py for tasks to queue
[2026-04-05T04:12:22.098+0000] {logging_mixin.py:188} INFO - [2026-04-05T04:12:22.096+0000] {dagbag.py:540} INFO - Filling up the DagBag from /opt/airflow/dags/isr_pipeline.py
[2026-04-05T04:12:22.194+0000] {processor.py:840} INFO - DAG(s) 'isr_pipeline' retrieved from /opt/airflow/dags/isr_pipeline.py
[2026-04-05T04:12:22.395+0000] {logging_mixin.py:188} INFO - [2026-04-05T04:12:22.394+0000] {dag.py:3096} INFO - Sync 1 DAGs
[2026-04-05T04:12:22.606+0000] {processor.py:183} INFO - Processing /opt/airflow/dags/isr_pipeline.py took 0.562 seconds
[2026-04-05T04:12:52.808+0000] {processor.py:161} INFO - Started process (PID=56924) to work on /opt/airflow/dags/isr_pipeline.py
[2026-04-05T04:12:52.815+0000] {processor.py:830} INFO - Processing file /opt/airflow/dags/isr_pipeline.py for tasks to queue
[2026-04-05T04:12:52.823+0000] {logging_mixin.py:188} INFO - [2026-04-05T04:12:52.821+0000] {dagbag.py:540} INFO - Filling up the DagBag from /opt/airflow/dags/isr_pipeline.py
[2026-04-05T04:12:52.910+0000] {processor.py:840} INFO - DAG(s) 'isr_pipeline' retrieved from /opt/airflow/dags/isr_pipeline.py
[2026-04-05T04:12:53.088+0000] {logging_mixin.py:188} INFO - [2026-04-05T04:12:53.087+0000] {dag.py:3096} INFO - Sync 1 DAGs
[2026-04-05T04:12:53.476+0000] {processor.py:183} INFO - Processing /opt/airflow/dags/isr_pipeline.py took 0.705 seconds
[2026-04-05T04:13:24.087+0000] {processor.py:161} INFO - Started process (PID=56929) to work on /opt/airflow/dags/isr_pipeline.py
[2026-04-05T04:13:24.095+0000] {processor.py:830} INFO - Processing file /opt/airflow/dags/isr_pipeline.py for tasks to queue
[2026-04-05T04:13:24.103+0000] {logging_mixin.py:188} INFO - [2026-04-05T04:13:24.101+0000] {dagbag.py:540} INFO - Filling up the DagBag from /opt/airflow/dags/isr_pipeline.py
[2026-04-05T04:13:24.293+0000] {processor.py:840} INFO - DAG(s) 'isr_pipeline' retrieved from /opt/airflow/dags/isr_pipeline.py
[2026-04-05T04:13:24.518+0000] {logging_mixin.py:188} INFO - [2026-04-05T04:13:24.517+0000] {dag.py:3096} INFO - Sync 1 DAGs
[2026-04-05T04:13:25.301+0000] {processor.py:183} INFO - Processing /opt/airflow/dags/isr_pipeline.py took 1.252 seconds
[2026-04-05T04:13:55.704+0000] {processor.py:161} INFO - Started process (PID=56934) to work on /opt/airflow/dags/isr_pipeline.py
[2026-04-05T04:13:55.712+0000] {processor.py:830} INFO - Processing file /opt/airflow/dags/isr_pipeline.py for tasks to queue
[2026-04-05T04:13:55.721+0000] {logging_mixin.py:188} INFO - [2026-04-05T04:13:55.719+0000] {dagbag.py:540} INFO - Filling up the DagBag from /opt/airflow/dags/isr_pipeline.py
[2026-04-05T04:13:55.821+0000] {processor.py:840} INFO - DAG(s) 'isr_pipeline' retrieved from /opt/airflow/dags/isr_pipeline.py
[2026-04-05T04:13:56.036+0000] {logging_mixin.py:188} INFO - [2026-04-05T04:13:56.035+0000] {dag.py:3096} INFO - Sync 1 DAGs
[2026-04-05T04:13:56.763+0000] {processor.py:183} INFO - Processing /opt/airflow/dags/isr_pipeline.py took 1.107 seconds
[2026-04-05T04:14:27.413+0000] {processor.py:161} INFO - Started process (PID=56939) to work on /opt/airflow/dags/isr_pipeline.py
[2026-04-05T04:14:27.421+0000] {processor.py:830} INFO - Processing file /opt/airflow/dags/isr_pipeline.py for tasks to queue
[2026-04-05T04:14:27.428+0000] {logging_mixin.py:188} INFO - [2026-04-05T04:14:27.426+0000] {dagbag.py:540} INFO - Filling up the DagBag from /opt/airflow/dags/isr_pipeline.py
[2026-04-05T04:14:27.532+0000] {processor.py:840} INFO - DAG(s) 'isr_pipeline' retrieved from /opt/airflow/dags/isr_pipeline.py
[2026-04-05T04:14:27.765+0000] {logging_mixin.py:188} INFO - [2026-04-05T04:14:27.764+0000] {dag.py:3096} INFO - Sync 1 DAGs
[2026-04-05T04:14:27.978+0000] {processor.py:183} INFO - Processing /opt/airflow/dags/isr_pipeline.py took 0.612 seconds
[2026-04-05T04:14:58.678+0000] {processor.py:161} INFO - Started process (PID=56944) to work on /opt/airflow/dags/isr_pipeline.py
[2026-04-05T04:14:58.684+0000] {processor.py:830} INFO - Processing file /opt/airflow/dags/isr_pipeline.py for tasks to queue
[2026-04-05T04:14:58.692+0000] {logging_mixin.py:188} INFO - [2026-04-05T04:14:58.690+0000] {dagbag.py:540} INFO - Filling up the DagBag from /opt/airflow/dags/isr_pipeline.py
[2026-04-05T04:14:58.785+0000] {processor.py:840} INFO - DAG(s) 'isr_pipeline' retrieved from /opt/airflow/dags/isr_pipeline.py
[2026-04-05T04:14:58.957+0000] {logging_mixin.py:188} INFO - [2026-04-05T04:14:58.956+0000] {dag.py:3096} INFO - Sync 1 DAGs
[2026-04-05T04:14:59.287+0000] {processor.py:183} INFO - Processing /opt/airflow/dags/isr_pipeline.py took 0.647 seconds
[2026-04-05T04:15:29.827+0000] {processor.py:161} INFO - Started process (PID=56949) to work on /opt/airflow/dags/isr_pipeline.py
[2026-04-05T04:15:29.835+0000] {processor.py:830} INFO - Processing file /opt/airflow/dags/isr_pipeline.py for tasks to queue
[2026-04-05T04:15:29.843+0000] {logging_mixin.py:188} INFO - [2026-04-05T04:15:29.841+0000] {dagbag.py:540} INFO - Filling up the DagBag from /opt/airflow/dags/isr_pipeline.py
[2026-04-05T04:15:29.928+0000] {processor.py:840} INFO - DAG(s) 'isr_pipeline' retrieved from /opt/airflow/dags/isr_pipeline.py
[2026-04-05T04:15:30.107+0000] {logging_mixin.py:188} INFO - [2026-04-05T04:15:30.106+0000] {dag.py:3096} INFO - Sync 1 DAGs
[2026-04-05T04:15:30.320+0000] {processor.py:183} INFO - Processing /opt/airflow/dags/isr_pipeline.py took 0.531 seconds
[2026-04-05T04:16:00.906+0000] {processor.py:161} INFO - Started process (PID=56954) to work on /opt/airflow/dags/isr_pipeline.py
[2026-04-05T04:16:00.919+0000] {processor.py:830} INFO - Processing file /opt/airflow/dags/isr_pipeline.py for tasks to queue
[2026-04-05T04:16:00.940+0000] {logging_mixin.py:188} INFO - [2026-04-05T04:16:00.937+0000] {dagbag.py:540} INFO - Filling up the DagBag from /opt/airflow/dags/isr_pipeline.py
[2026-04-05T04:16:01.052+0000] {processor.py:840} INFO - DAG(s) 'isr_pipeline' retrieved from /opt/airflow/dags/isr_pipeline.py
[2026-04-05T04:16:01.254+0000] {logging_mixin.py:188} INFO - [2026-04-05T04:16:01.253+0000] {dag.py:3096} INFO - Sync 1 DAGs
[2026-04-05T04:16:02.013+0000] {processor.py:183} INFO - Processing /opt/airflow/dags/isr_pipeline.py took 1.147 seconds
[2026-04-05T04:16:32.445+0000] {processor.py:161} INFO - Started process (PID=56959) to work on /opt/airflow/dags/isr_pipeline.py
[2026-04-05T04:16:32.452+0000] {processor.py:830} INFO - Processing file /opt/airflow/dags/isr_pipeline.py for tasks to queue
[2026-04-05T04:16:32.459+0000] {logging_mixin.py:188} INFO - [2026-04-05T04:16:32.457+0000] {dagbag.py:540} INFO - Filling up the DagBag from /opt/airflow/dags/isr_pipeline.py
[2026-04-05T04:16:32.549+0000] {processor.py:840} INFO - DAG(s) 'isr_pipeline' retrieved from /opt/airflow/dags/isr_pipeline.py
[2026-04-05T04:16:33.316+0000] {logging_mixin.py:188} INFO - [2026-04-05T04:16:33.315+0000] {dag.py:3096} INFO - Sync 1 DAGs
[2026-04-05T04:16:33.511+0000] {processor.py:183} INFO - Processing /opt/airflow/dags/isr_pipeline.py took 1.105 seconds
[2026-04-05T04:17:04.313+0000] {processor.py:161} INFO - Started process (PID=56964) to work on /opt/airflow/dags/isr_pipeline.py
[2026-04-05T04:17:04.329+0000] {processor.py:830} INFO - Processing file /opt/airflow/dags/isr_pipeline.py for tasks to queue
[2026-04-05T04:17:04.351+0000] {logging_mixin.py:188} INFO - [2026-04-05T04:17:04.346+0000] {dagbag.py:540} INFO - Filling up the DagBag from /opt/airflow/dags/isr_pipeline.py
[2026-04-05T04:17:04.456+0000] {processor.py:840} INFO - DAG(s) 'isr_pipeline' retrieved from /opt/airflow/dags/isr_pipeline.py
[2026-04-05T04:17:04.653+0000] {logging_mixin.py:188} INFO - [2026-04-05T04:17:04.652+0000] {dag.py:3096} INFO - Sync 1 DAGs
[2026-04-05T04:17:04.853+0000] {processor.py:183} INFO - Processing /opt/airflow/dags/isr_pipeline.py took 0.576 seconds
[2026-04-05T04:17:35.481+0000] {processor.py:161} INFO - Started process (PID=56969) to work on /opt/airflow/dags/isr_pipeline.py
[2026-04-05T04:17:35.488+0000] {processor.py:830} INFO - Processing file /opt/airflow/dags/isr_pipeline.py for tasks to queue
[2026-04-05T04:17:35.495+0000] {logging_mixin.py:188} INFO - [2026-04-05T04:17:35.494+0000] {dagbag.py:540} INFO - Filling up the DagBag from /opt/airflow/dags/isr_pipeline.py
[2026-04-05T04:17:35.582+0000] {processor.py:840} INFO - DAG(s) 'isr_pipeline' retrieved from /opt/airflow/dags/isr_pipeline.py
[2026-04-05T04:17:35.757+0000] {logging_mixin.py:188} INFO - [2026-04-05T04:17:35.756+0000] {dag.py:3096} INFO - Sync 1 DAGs
[2026-04-05T04:17:35.955+0000] {processor.py:183} INFO - Processing /opt/airflow/dags/isr_pipeline.py took 0.513 seconds
[2026-04-05T04:18:06.532+0000] {processor.py:161} INFO - Started process (PID=56974) to work on /opt/airflow/dags/isr_pipeline.py
[2026-04-05T04:18:06.539+0000] {processor.py:830} INFO - Processing file /opt/airflow/dags/isr_pipeline.py for tasks to queue
[2026-04-05T04:18:06.546+0000] {logging_mixin.py:188} INFO - [2026-04-05T04:18:06.544+0000] {dagbag.py:540} INFO - Filling up the DagBag from /opt/airflow/dags/isr_pipeline.py
[2026-04-05T04:18:06.634+0000] {processor.py:840} INFO - DAG(s) 'isr_pipeline' retrieved from /opt/airflow/dags/isr_pipeline.py
[2026-04-05T04:18:06.817+0000] {logging_mixin.py:188} INFO - [2026-04-05T04:18:06.816+0000] {dag.py:3096} INFO - Sync 1 DAGs
[2026-04-05T04:18:07.015+0000] {processor.py:183} INFO - Processing /opt/airflow/dags/isr_pipeline.py took 0.522 seconds
[2026-04-05T04:18:37.497+0000] {processor.py:161} INFO - Started process (PID=56979) to work on /opt/airflow/dags/isr_pipeline.py
[2026-04-05T04:18:37.505+0000] {processor.py:830} INFO - Processing file /opt/airflow/dags/isr_pipeline.py for tasks to queue
[2026-04-05T04:18:37.514+0000] {logging_mixin.py:188} INFO - [2026-04-05T04:18:37.510+0000] {dagbag.py:540} INFO - Filling up the DagBag from /opt/airflow/dags/isr_pipeline.py
[2026-04-05T04:18:37.614+0000] {processor.py:840} INFO - DAG(s) 'isr_pipeline' retrieved from /opt/airflow/dags/isr_pipeline.py
[2026-04-05T04:18:37.809+0000] {logging_mixin.py:188} INFO - [2026-04-05T04:18:37.808+0000] {dag.py:3096} INFO - Sync 1 DAGs
[2026-04-05T04:18:38.015+0000] {processor.py:183} INFO - Processing /opt/airflow/dags/isr_pipeline.py took 0.554 seconds
[2026-04-05T04:19:08.718+0000] {processor.py:161} INFO - Started process (PID=56984) to work on /opt/airflow/dags/isr_pipeline.py
[2026-04-05T04:19:08.726+0000] {processor.py:830} INFO - Processing file /opt/airflow/dags/isr_pipeline.py for tasks to queue
[2026-04-05T04:19:08.733+0000] {logging_mixin.py:188} INFO - [2026-04-05T04:19:08.731+0000] {dagbag.py:540} INFO - Filling up the DagBag from /opt/airflow/dags/isr_pipeline.py
[2026-04-05T04:19:08.823+0000] {processor.py:840} INFO - DAG(s) 'isr_pipeline' retrieved from /opt/airflow/dags/isr_pipeline.py
[2026-04-05T04:19:08.995+0000] {logging_mixin.py:188} INFO - [2026-04-05T04:19:08.994+0000] {dag.py:3096} INFO - Sync 1 DAGs
[2026-04-05T04:19:09.194+0000] {processor.py:183} INFO - Processing /opt/airflow/dags/isr_pipeline.py took 0.513 seconds
[2026-04-05T04:19:39.426+0000] {processor.py:161} INFO - Started process (PID=56989) to work on /opt/airflow/dags/isr_pipeline.py
[2026-04-05T04:19:39.435+0000] {processor.py:830} INFO - Processing file /opt/airflow/dags/isr_pipeline.py for tasks to queue
[2026-04-05T04:19:39.443+0000] {logging_mixin.py:188} INFO - [2026-04-05T04:19:39.441+0000] {dagbag.py:540} INFO - Filling up the DagBag from /opt/airflow/dags/isr_pipeline.py
[2026-04-05T04:19:39.545+0000] {processor.py:840} INFO - DAG(s) 'isr_pipeline' retrieved from /opt/airflow/dags/isr_pipeline.py
[2026-04-05T04:19:39.740+0000] {logging_mixin.py:188} INFO - [2026-04-05T04:19:39.739+0000] {dag.py:3096} INFO - Sync 1 DAGs
[2026-04-05T04:19:39.949+0000] {processor.py:183} INFO - Processing /opt/airflow/dags/isr_pipeline.py took 0.572 seconds
[2026-04-05T04:20:10.521+0000] {processor.py:161} INFO - Started process (PID=56994) to work on /opt/airflow/dags/isr_pipeline.py
[2026-04-05T04:20:10.529+0000] {processor.py:830} INFO - Processing file /opt/airflow/dags/isr_pipeline.py for tasks to queue
[2026-04-05T04:20:10.537+0000] {logging_mixin.py:188} INFO - [2026-04-05T04:20:10.535+0000] {dagbag.py:540} INFO - Filling up the DagBag from /opt/airflow/dags/isr_pipeline.py
[2026-04-05T04:20:10.635+0000] {processor.py:840} INFO - DAG(s) 'isr_pipeline' retrieved from /opt/airflow/dags/isr_pipeline.py
[2026-04-05T04:20:10.823+0000] {logging_mixin.py:188} INFO - [2026-04-05T04:20:10.821+0000] {dag.py:3096} INFO - Sync 1 DAGs
[2026-04-05T04:20:11.030+0000] {processor.py:183} INFO - Processing /opt/airflow/dags/isr_pipeline.py took 0.547 seconds
[2026-04-05T04:20:41.364+0000] {processor.py:161} INFO - Started process (PID=56999) to work on /opt/airflow/dags/isr_pipeline.py
[2026-04-05T04:20:41.354+0000] {processor.py:830} INFO - Processing file /opt/airflow/dags/isr_pipeline.py for tasks to queue
[2026-04-05T04:20:41.365+0000] {logging_mixin.py:188} INFO - [2026-04-05T04:20:41.363+0000] {dagbag.py:540} INFO - Filling up the DagBag from /opt/airflow/dags/isr_pipeline.py
[2026-04-05T04:20:41.453+0000] {processor.py:840} INFO - DAG(s) 'isr_pipeline' retrieved from /opt/airflow/dags/isr_pipeline.py
[2026-04-05T04:20:41.626+0000] {logging_mixin.py:188} INFO - [2026-04-05T04:20:41.625+0000] {dag.py:3096} INFO - Sync 1 DAGs
[2026-04-05T04:20:41.828+0000] {processor.py:183} INFO - Processing /opt/airflow/dags/isr_pipeline.py took 0.528 seconds
[2026-04-05T04:21:12.030+0000] {processor.py:161} INFO - Started process (PID=57004) to work on /opt/airflow/dags/isr_pipeline.py
[2026-04-05T04:21:12.037+0000] {processor.py:830} INFO - Processing file /opt/airflow/dags/isr_pipeline.py for tasks to queue
[2026-04-05T04:21:12.045+0000] {logging_mixin.py:188} INFO - [2026-04-05T04:21:12.043+0000] {dagbag.py:540} INFO - Filling up the DagBag from /opt/airflow/dags/isr_pipeline.py
[2026-04-05T04:21:12.138+0000] {processor.py:840} INFO - DAG(s) 'isr_pipeline' retrieved from /opt/airflow/dags/isr_pipeline.py
[2026-04-05T04:21:12.344+0000] {logging_mixin.py:188} INFO - [2026-04-05T04:21:12.342+0000] {dag.py:3096} INFO - Sync 1 DAGs
[2026-04-05T04:21:12.551+0000] {processor.py:183} INFO - Processing /opt/airflow/dags/isr_pipeline.py took 0.559 seconds
[2026-04-05T04:21:42.784+0000] {processor.py:161} INFO - Started process (PID=57009) to work on /opt/airflow/dags/isr_pipeline.py
[2026-04-05T04:21:42.793+0000] {processor.py:830} INFO - Processing file /opt/airflow/dags/isr_pipeline.py for tasks to queue
[2026-04-05T04:21:42.805+0000] {logging_mixin.py:188} INFO - [2026-04-05T04:21:42.802+0000] {dagbag.py:540} INFO - Filling up the DagBag from /opt/airflow/dags/isr_pipeline.py
[2026-04-05T04:21:42.894+0000] {processor.py:840} INFO - DAG(s) 'isr_pipeline' retrieved from /opt/airflow/dags/isr_pipeline.py
[2026-04-05T04:21:43.100+0000] {logging_mixin.py:188} INFO - [2026-04-05T04:21:43.099+0000] {dag.py:3096} INFO - Sync 1 DAGs
[2026-04-05T04:21:43.324+0000] {processor.py:183} INFO - Processing /opt/airflow/dags/isr_pipeline.py took 0.589 seconds
[2026-04-05T04:51:51.901+0000] {processor.py:161} INFO - Started process (PID=57014) to work on /opt/airflow/dags/isr_pipeline.py
[2026-04-05T04:51:51.903+0000] {processor.py:830} INFO - Processing file /opt/airflow/dags/isr_pipeline.py for tasks to queue
[2026-04-05T04:51:51.906+0000] {logging_mixin.py:188} INFO - [2026-04-05T04:51:51.905+0000] {dagbag.py:540} INFO - Filling up the DagBag from /opt/airflow/dags/isr_pipeline.py
[2026-04-05T04:51:51.936+0000] {processor.py:840} INFO - DAG(s) 'isr_pipeline' retrieved from /opt/airflow/dags/isr_pipeline.py
[2026-04-05T04:51:51.983+0000] {logging_mixin.py:188} INFO - [2026-04-05T04:51:51.983+0000] {dag.py:3096} INFO - Sync 1 DAGs
[2026-04-05T04:51:52.134+0000] {processor.py:183} INFO - Processing /opt/airflow/dags/isr_pipeline.py took 0.248 seconds
[2026-04-05T04:52:22.637+0000] {processor.py:161} INFO - Started process (PID=57019) to work on /opt/airflow/dags/isr_pipeline.py
[2026-04-05T04:52:22.645+0000] {processor.py:830} INFO - Processing file /opt/airflow/dags/isr_pipeline.py for tasks to queue
[2026-04-05T04:52:22.653+0000] {logging_mixin.py:188} INFO - [2026-04-05T04:52:22.651+0000] {dagbag.py:540} INFO - Filling up the DagBag from /opt/airflow/dags/isr_pipeline.py
[2026-04-05T04:52:22.741+0000] {processor.py:840} INFO - DAG(s) 'isr_pipeline' retrieved from /opt/airflow/dags/isr_pipeline.py
[2026-04-05T04:52:22.919+0000] {logging_mixin.py:188} INFO - [2026-04-05T04:52:22.918+0000] {dag.py:3096} INFO - Sync 1 DAGs
[2026-04-05T04:52:23.125+0000] {processor.py:183} INFO - Processing /opt/airflow/dags/isr_pipeline.py took 0.526 seconds
[2026-04-05T04:52:53.705+0000] {processor.py:161} INFO - Started process (PID=57024) to work on /opt/airflow/dags/isr_pipeline.py
[2026-04-05T04:52:53.716+0000] {processor.py:830} INFO - Processing file /opt/airflow/dags/isr_pipeline.py for tasks to queue
[2026-04-05T04:52:53.723+0000] {logging_mixin.py:188} INFO - [2026-04-05T04:52:53.720+0000] {dagbag.py:540} INFO - Filling up the DagBag from /opt/airflow/dags/isr_pipeline.py
[2026-04-05T04:52:53.812+0000] {processor.py:840} INFO - DAG(s) 'isr_pipeline' retrieved from /opt/airflow/dags/isr_pipeline.py
[2026-04-05T04:52:53.991+0000] {logging_mixin.py:188} INFO - [2026-04-05T04:52:53.990+0000] {dag.py:3096} INFO - Sync 1 DAGs
[2026-04-05T04:52:54.202+0000] {processor.py:183} INFO - Processing /opt/airflow/dags/isr_pipeline.py took 0.532 seconds
[2026-04-05T04:53:24.847+0000] {processor.py:161} INFO - Started process (PID=57029) to work on /opt/airflow/dags/isr_pipeline.py
[2026-04-05T04:53:24.855+0000] {processor.py:830} INFO - Processing file /opt/airflow/dags/isr_pipeline.py for tasks to queue
[2026-04-05T04:53:24.863+0000] {logging_mixin.py:188} INFO - [2026-04-05T04:53:24.861+0000] {dagbag.py:540} INFO - Filling up the DagBag from /opt/airflow/dags/isr_pipeline.py
[2026-04-05T04:53:24.967+0000] {processor.py:840} INFO - DAG(s) 'isr_pipeline' retrieved from /opt/airflow/dags/isr_pipeline.py
[2026-04-05T04:53:25.178+0000] {logging_mixin.py:188} INFO - [2026-04-05T04:53:25.177+0000] {dag.py:3096} INFO - Sync 1 DAGs
[2026-04-05T04:53:25.406+0000] {processor.py:183} INFO - Processing /opt/airflow/dags/isr_pipeline.py took 0.608 seconds
[2026-04-05T04:53:55.584+0000] {processor.py:161} INFO - Started process (PID=57034) to work on /opt/airflow/dags/isr_pipeline.py
[2026-04-05T04:53:55.592+0000] {processor.py:830} INFO - Processing file /opt/airflow/dags/isr_pipeline.py for tasks to queue
[2026-04-05T04:53:55.599+0000] {logging_mixin.py:188} INFO - [2026-04-05T04:53:55.597+0000] {dagbag.py:540} INFO - Filling up the DagBag from /opt/airflow/dags/isr_pipeline.py
[2026-04-05T04:53:55.686+0000] {processor.py:840} INFO - DAG(s) 'isr_pipeline' retrieved from /opt/airflow/dags/isr_pipeline.py
[2026-04-05T04:53:55.864+0000] {logging_mixin.py:188} INFO - [2026-04-05T04:53:55.862+0000] {dag.py:3096} INFO - Sync 1 DAGs
[2026-04-05T04:53:56.060+0000] {processor.py:183} INFO - Processing /opt/airflow/dags/isr_pipeline.py took 0.514 seconds
[2026-04-05T04:54:26.442+0000] {processor.py:161} INFO - Started process (PID=57039) to work on /opt/airflow/dags/isr_pipeline.py
[2026-04-05T04:54:26.451+0000] {processor.py:830} INFO - Processing file /opt/airflow/dags/isr_pipeline.py for tasks to queue
[2026-04-05T04:54:26.458+0000] {logging_mixin.py:188} INFO - [2026-04-05T04:54:26.456+0000] {dagbag.py:540} INFO - Filling up the DagBag from /opt/airflow/dags/isr_pipeline.py
[2026-04-05T04:54:26.545+0000] {processor.py:840} INFO - DAG(s) 'isr_pipeline' retrieved from /opt/airflow/dags/isr_pipeline.py
[2026-04-05T04:54:26.720+0000] {logging_mixin.py:188} INFO - [2026-04-05T04:54:26.719+0000] {dag.py:3096} INFO - Sync 1 DAGs
[2026-04-05T04:54:26.916+0000] {processor.py:183} INFO - Processing /opt/airflow/dags/isr_pipeline.py took 0.511 seconds
[2026-04-05T04:54:57.165+0000] {processor.py:161} INFO - Started process (PID=57044) to work on /opt/airflow/dags/isr_pipeline.py
[2026-04-05T04:54:57.172+0000] {processor.py:830} INFO - Processing file /opt/airflow/dags/isr_pipeline.py for tasks to queue
[2026-04-05T04:54:57.179+0000] {logging_mixin.py:188} INFO - [2026-04-05T04:54:57.177+0000] {dagbag.py:540} INFO - Filling up the DagBag from /opt/airflow/dags/isr_pipeline.py
[2026-04-05T04:54:57.285+0000] {processor.py:840} INFO - DAG(s) 'isr_pipeline' retrieved from /opt/airflow/dags/isr_pipeline.py
[2026-04-05T04:54:57.478+0000] {logging_mixin.py:188} INFO - [2026-04-05T04:54:57.477+0000] {dag.py:3096} INFO - Sync 1 DAGs
[2026-04-05T04:54:57.696+0000] {processor.py:183} INFO - Processing /opt/airflow/dags/isr_pipeline.py took 0.570 seconds
[2026-04-05T04:55:27.906+0000] {processor.py:161} INFO - Started process (PID=57049) to work on /opt/airflow/dags/isr_pipeline.py
[2026-04-05T04:55:27.913+0000] {processor.py:830} INFO - Processing file /opt/airflow/dags/isr_pipeline.py for tasks to queue
[2026-04-05T04:55:27.923+0000] {logging_mixin.py:188} INFO - [2026-04-05T04:55:27.921+0000] {dagbag.py:540} INFO - Filling up the DagBag from /opt/airflow/dags/isr_pipeline.py
[2026-04-05T04:55:28.010+0000] {processor.py:840} INFO - DAG(s) 'isr_pipeline' retrieved from /opt/airflow/dags/isr_pipeline.py
[2026-04-05T04:55:28.189+0000] {logging_mixin.py:188} INFO - [2026-04-05T04:55:28.188+0000] {dag.py:3096} INFO - Sync 1 DAGs
[2026-04-05T04:55:28.396+0000] {processor.py:183} INFO - Processing /opt/airflow/dags/isr_pipeline.py took 0.528 seconds
[2026-04-05T04:55:58.910+0000] {processor.py:161} INFO - Started process (PID=57054) to work on /opt/airflow/dags/isr_pipeline.py
[2026-04-05T04:55:58.918+0000] {processor.py:830} INFO - Processing file /opt/airflow/dags/isr_pipeline.py for tasks to queue
[2026-04-05T04:55:58.925+0000] {logging_mixin.py:188} INFO - [2026-04-05T04:55:58.923+0000] {dagbag.py:540} INFO - Filling up the DagBag from /opt/airflow/dags/isr_pipeline.py
[2026-04-05T04:55:59.049+0000] {processor.py:840} INFO - DAG(s) 'isr_pipeline' retrieved from /opt/airflow/dags/isr_pipeline.py
[2026-04-05T04:55:59.246+0000] {logging_mixin.py:188} INFO - [2026-04-05T04:55:59.245+0000] {dag.py:3096} INFO - Sync 1 DAGs
[2026-04-05T04:55:59.484+0000] {processor.py:183} INFO - Processing /opt/airflow/dags/isr_pipeline.py took 0.624 seconds
[2026-04-05T04:56:29.943+0000] {processor.py:161} INFO - Started process (PID=57059) to work on /opt/airflow/dags/isr_pipeline.py
[2026-04-05T04:56:29.950+0000] {processor.py:830} INFO - Processing file /opt/airflow/dags/isr_pipeline.py for tasks to queue
[2026-04-05T04:56:29.957+0000] {logging_mixin.py:188} INFO - [2026-04-05T04:56:29.956+0000] {dagbag.py:540} INFO - Filling up the DagBag from /opt/airflow/dags/isr_pipeline.py
[2026-04-05T04:56:30.045+0000] {processor.py:840} INFO - DAG(s) 'isr_pipeline' retrieved from /opt/airflow/dags/isr_pipeline.py
[2026-04-05T04:56:30.329+0000] {logging_mixin.py:188} INFO - [2026-04-05T04:56:30.328+0000] {dag.py:3096} INFO - Sync 1 DAGs
[2026-04-05T04:56:30.602+0000] {processor.py:183} INFO - Processing /opt/airflow/dags/isr_pipeline.py took 0.697 seconds
[2026-04-05T04:57:01.316+0000] {processor.py:161} INFO - Started process (PID=57064) to work on /opt/airflow/dags/isr_pipeline.py
[2026-04-05T04:57:01.324+0000] {processor.py:830} INFO - Processing file /opt/airflow/dags/isr_pipeline.py for tasks to queue
[2026-04-05T04:57:01.331+0000] {logging_mixin.py:188} INFO - [2026-04-05T04:57:01.329+0000] {dagbag.py:540} INFO - Filling up the DagBag from /opt/airflow/dags/isr_pipeline.py
[2026-04-05T04:57:01.434+0000] {processor.py:840} INFO - DAG(s) 'isr_pipeline' retrieved from /opt/airflow/dags/isr_pipeline.py
[2026-04-05T04:57:01.631+0000] {logging_mixin.py:188} INFO - [2026-04-05T04:57:01.629+0000] {dag.py:3096} INFO - Sync 1 DAGs
[2026-04-05T04:57:01.911+0000] {processor.py:183} INFO - Processing /opt/airflow/dags/isr_pipeline.py took 0.637 seconds
[2026-04-05T04:57:32.958+0000] {processor.py:161} INFO - Started process (PID=57069) to work on /opt/airflow/dags/isr_pipeline.py
[2026-04-05T04:57:32.965+0000] {processor.py:830} INFO - Processing file /opt/airflow/dags/isr_pipeline.py for tasks to queue
[2026-04-05T04:57:32.971+0000] {logging_mixin.py:188} INFO - [2026-04-05T04:57:32.969+0000] {dagbag.py:540} INFO - Filling up the DagBag from /opt/airflow/dags/isr_pipeline.py
[2026-04-05T04:57:33.062+0000] {processor.py:840} INFO - DAG(s) 'isr_pipeline' retrieved from /opt/airflow/dags/isr_pipeline.py
[2026-04-05T04:57:33.347+0000] {logging_mixin.py:188} INFO - [2026-04-05T04:57:33.346+0000] {dag.py:3096} INFO - Sync 1 DAGs
[2026-04-05T04:57:33.623+0000] {processor.py:183} INFO - Processing /opt/airflow/dags/isr_pipeline.py took 0.700 seconds
[2026-04-05T04:58:04.211+0000] {processor.py:161} INFO - Started process (PID=57074) to work on /opt/airflow/dags/isr_pipeline.py
[2026-04-05T04:58:04.218+0000] {processor.py:830} INFO - Processing file /opt/airflow/dags/isr_pipeline.py for tasks to queue
[2026-04-05T04:58:04.228+0000] {logging_mixin.py:188} INFO - [2026-04-05T04:58:04.226+0000] {dagbag.py:540} INFO - Filling up the DagBag from /opt/airflow/dags/isr_pipeline.py
[2026-04-05T04:58:04.317+0000] {processor.py:840} INFO - DAG(s) 'isr_pipeline' retrieved from /opt/airflow/dags/isr_pipeline.py
[2026-04-05T04:58:04.507+0000] {logging_mixin.py:188} INFO - [2026-04-05T04:58:04.506+0000] {dag.py:3096} INFO - Sync 1 DAGs
[2026-04-05T04:58:04.719+0000] {processor.py:183} INFO - Processing /opt/airflow/dags/isr_pipeline.py took 0.548 seconds
[2026-04-05T04:58:35.198+0000] {processor.py:161} INFO - Started process (PID=57079) to work on /opt/airflow/dags/isr_pipeline.py
[2026-04-05T04:58:35.205+0000] {processor.py:830} INFO - Processing file /opt/airflow/dags/isr_pipeline.py for tasks to queue
[2026-04-05T04:58:35.213+0000] {logging_mixin.py:188} INFO - [2026-04-05T04:58:35.211+0000] {dagbag.py:540} INFO - Filling up the DagBag from /opt/airflow/dags/isr_pipeline.py
[2026-04-05T04:58:35.309+0000] {processor.py:840} INFO - DAG(s) 'isr_pipeline' retrieved from /opt/airflow/dags/isr_pipeline.py
[2026-04-05T04:58:35.499+0000] {logging_mixin.py:188} INFO - [2026-04-05T04:58:35.497+0000] {dag.py:3096} INFO - Sync 1 DAGs
[2026-04-05T04:58:35.718+0000] {processor.py:183} INFO - Processing /opt/airflow/dags/isr_pipeline.py took 0.559 seconds
[2026-04-05T04:59:06.135+0000] {processor.py:161} INFO - Started process (PID=57084) to work on /opt/airflow/dags/isr_pipeline.py
[2026-04-05T04:59:06.143+0000] {processor.py:830} INFO - Processing file /opt/airflow/dags/isr_pipeline.py for tasks to queue
[2026-04-05T04:59:06.150+0000] {logging_mixin.py:188} INFO - [2026-04-05T04:59:06.148+0000] {dagbag.py:540} INFO - Filling up the DagBag from /opt/airflow/dags/isr_pipeline.py
[2026-04-05T04:59:06.240+0000] {processor.py:840} INFO - DAG(s) 'isr_pipeline' retrieved from /opt/airflow/dags/isr_pipeline.py
[2026-04-05T04:59:06.440+0000] {logging_mixin.py:188} INFO - [2026-04-05T04:59:06.438+0000] {dag.py:3096} INFO - Sync 1 DAGs
[2026-04-05T04:59:06.650+0000] {processor.py:183} INFO - Processing /opt/airflow/dags/isr_pipeline.py took 0.558 seconds
[2026-04-05T04:59:37.210+0000] {processor.py:161} INFO - Started process (PID=57089) to work on /opt/airflow/dags/isr_pipeline.py
[2026-04-05T04:59:37.223+0000] {processor.py:830} INFO - Processing file /opt/airflow/dags/isr_pipeline.py for tasks to queue
[2026-04-05T04:59:37.232+0000] {logging_mixin.py:188} INFO - [2026-04-05T04:59:37.229+0000] {dagbag.py:540} INFO - Filling up the DagBag from /opt/airflow/dags/isr_pipeline.py
[2026-04-05T04:59:37.333+0000] {processor.py:840} INFO - DAG(s) 'isr_pipeline' retrieved from /opt/airflow/dags/isr_pipeline.py
[2026-04-05T04:59:37.535+0000] {logging_mixin.py:188} INFO - [2026-04-05T04:59:37.534+0000] {dag.py:3096} INFO - Sync 1 DAGs
[2026-04-05T04:59:37.753+0000] {processor.py:183} INFO - Processing /opt/airflow/dags/isr_pipeline.py took 0.595 seconds
[2026-04-05T05:00:08.051+0000] {processor.py:161} INFO - Started process (PID=57094) to work on /opt/airflow/dags/isr_pipeline.py
[2026-04-05T05:00:08.059+0000] {processor.py:830} INFO - Processing file /opt/airflow/dags/isr_pipeline.py for tasks to queue
[2026-04-05T05:00:08.066+0000] {logging_mixin.py:188} INFO - [2026-04-05T05:00:08.064+0000] {dagbag.py:540} INFO - Filling up the DagBag from /opt/airflow/dags/isr_pipeline.py
[2026-04-05T05:00:08.151+0000] {processor.py:840} INFO - DAG(s) 'isr_pipeline' retrieved from /opt/airflow/dags/isr_pipeline.py
[2026-04-05T05:00:08.461+0000] {logging_mixin.py:188} INFO - [2026-04-05T05:00:08.460+0000] {dag.py:3096} INFO - Sync 1 DAGs
[2026-04-05T05:00:08.709+0000] {processor.py:183} INFO - Processing /opt/airflow/dags/isr_pipeline.py took 0.702 seconds
[2026-04-05T05:00:39.224+0000] {processor.py:161} INFO - Started process (PID=57099) to work on /opt/airflow/dags/isr_pipeline.py
[2026-04-05T05:00:39.232+0000] {processor.py:830} INFO - Processing file /opt/airflow/dags/isr_pipeline.py for tasks to queue
[2026-04-05T05:00:39.240+0000] {logging_mixin.py:188} INFO - [2026-04-05T05:00:39.238+0000] {dagbag.py:540} INFO - Filling up the DagBag from /opt/airflow/dags/isr_pipeline.py
[2026-04-05T05:00:39.364+0000] {processor.py:840} INFO - DAG(s) 'isr_pipeline' retrieved from /opt/airflow/dags/isr_pipeline.py
[2026-04-05T05:00:39.572+0000] {logging_mixin.py:188} INFO - [2026-04-05T05:00:39.571+0000] {dag.py:3096} INFO - Sync 1 DAGs
[2026-04-05T05:00:39.784+0000] {processor.py:183} INFO - Processing /opt/airflow/dags/isr_pipeline.py took 0.599 seconds
[2026-04-05T05:01:10.073+0000] {processor.py:161} INFO - Started process (PID=57104) to work on /opt/airflow/dags/isr_pipeline.py
[2026-04-05T05:01:10.080+0000] {processor.py:830} INFO - Processing file /opt/airflow/dags/isr_pipeline.py for tasks to queue
[2026-04-05T05:01:10.087+0000] {logging_mixin.py:188} INFO - [2026-04-05T05:01:10.085+0000] {dagbag.py:540} INFO - Filling up the DagBag from /opt/airflow/dags/isr_pipeline.py
[2026-04-05T05:01:10.172+0000] {processor.py:840} INFO - DAG(s) 'isr_pipeline' retrieved from /opt/airflow/dags/isr_pipeline.py
[2026-04-05T05:01:10.354+0000] {logging_mixin.py:188} INFO - [2026-04-05T05:01:10.353+0000] {dag.py:3096} INFO - Sync 1 DAGs
[2026-04-05T05:01:10.564+0000] {processor.py:183} INFO - Processing /opt/airflow/dags/isr_pipeline.py took 0.530 seconds
[2026-04-05T05:01:40.791+0000] {processor.py:161} INFO - Started process (PID=57109) to work on /opt/airflow/dags/isr_pipeline.py
[2026-04-05T05:01:40.799+0000] {processor.py:830} INFO - Processing file /opt/airflow/dags/isr_pipeline.py for tasks to queue
[2026-04-05T05:01:40.807+0000] {logging_mixin.py:188} INFO - [2026-04-05T05:01:40.805+0000] {dagbag.py:540} INFO - Filling up the DagBag from /opt/airflow/dags/isr_pipeline.py
[2026-04-05T05:01:40.893+0000] {processor.py:840} INFO - DAG(s) 'isr_pipeline' retrieved from /opt/airflow/dags/isr_pipeline.py
[2026-04-05T05:01:41.084+0000] {logging_mixin.py:188} INFO - [2026-04-05T05:01:41.083+0000] {dag.py:3096} INFO - Sync 1 DAGs
[2026-04-05T05:01:41.295+0000] {processor.py:183} INFO - Processing /opt/airflow/dags/isr_pipeline.py took 0.542 seconds
[2026-04-05T05:02:11.631+0000] {processor.py:161} INFO - Started process (PID=57114) to work on /opt/airflow/dags/isr_pipeline.py
[2026-04-05T05:02:11.639+0000] {processor.py:830} INFO - Processing file /opt/airflow/dags/isr_pipeline.py for tasks to queue
[2026-04-05T05:02:11.646+0000] {logging_mixin.py:188} INFO - [2026-04-05T05:02:11.644+0000] {dagbag.py:540} INFO - Filling up the DagBag from /opt/airflow/dags/isr_pipeline.py
[2026-04-05T05:02:11.768+0000] {processor.py:840} INFO - DAG(s) 'isr_pipeline' retrieved from /opt/airflow/dags/isr_pipeline.py
[2026-04-05T05:02:11.958+0000] {logging_mixin.py:188} INFO - [2026-04-05T05:02:11.957+0000] {dag.py:3096} INFO - Sync 1 DAGs
[2026-04-05T05:02:12.163+0000] {processor.py:183} INFO - Processing /opt/airflow/dags/isr_pipeline.py took 0.580 seconds
[2026-04-05T05:02:42.862+0000] {processor.py:161} INFO - Started process (PID=57119) to work on /opt/airflow/dags/isr_pipeline.py
[2026-04-05T05:02:42.870+0000] {processor.py:830} INFO - Processing file /opt/airflow/dags/isr_pipeline.py for tasks to queue
[2026-04-05T05:02:42.880+0000] {logging_mixin.py:188} INFO - [2026-04-05T05:02:42.877+0000] {dagbag.py:540} INFO - Filling up the DagBag from /opt/airflow/dags/isr_pipeline.py
[2026-04-05T05:02:42.983+0000] {processor.py:840} INFO - DAG(s) 'isr_pipeline' retrieved from /opt/airflow/dags/isr_pipeline.py
[2026-04-05T05:02:43.195+0000] {logging_mixin.py:188} INFO - [2026-04-05T05:02:43.193+0000] {dag.py:3096} INFO - Sync 1 DAGs
[2026-04-05T05:02:43.448+0000] {processor.py:183} INFO - Processing /opt/airflow/dags/isr_pipeline.py took 0.633 seconds
[2026-04-05T05:03:13.685+0000] {processor.py:161} INFO - Started process (PID=57124) to work on /opt/airflow/dags/isr_pipeline.py
[2026-04-05T05:03:13.693+0000] {processor.py:830} INFO - Processing file /opt/airflow/dags/isr_pipeline.py for tasks to queue
[2026-04-05T05:03:13.699+0000] {logging_mixin.py:188} INFO - [2026-04-05T05:03:13.698+0000] {dagbag.py:540} INFO - Filling up the DagBag from /opt/airflow/dags/isr_pipeline.py
[2026-04-05T05:03:13.791+0000] {processor.py:840} INFO - DAG(s) 'isr_pipeline' retrieved from /opt/airflow/dags/isr_pipeline.py
[2026-04-05T05:03:13.968+0000] {logging_mixin.py:188} INFO - [2026-04-05T05:03:13.967+0000] {dag.py:3096} INFO - Sync 1 DAGs
[2026-04-05T05:03:14.179+0000] {processor.py:183} INFO - Processing /opt/airflow/dags/isr_pipeline.py took 0.532 seconds
[2026-04-05T05:03:44.797+0000] {processor.py:161} INFO - Started process (PID=57129) to work on /opt/airflow/dags/isr_pipeline.py
[2026-04-05T05:03:44.806+0000] {processor.py:830} INFO - Processing file /opt/airflow/dags/isr_pipeline.py for tasks to queue
[2026-04-05T05:03:44.813+0000] {logging_mixin.py:188} INFO - [2026-04-05T05:03:44.811+0000] {dagbag.py:540} INFO - Filling up the DagBag from /opt/airflow/dags/isr_pipeline.py
[2026-04-05T05:03:44.901+0000] {processor.py:840} INFO - DAG(s) 'isr_pipeline' retrieved from /opt/airflow/dags/isr_pipeline.py
[2026-04-05T05:03:45.086+0000] {logging_mixin.py:188} INFO - [2026-04-05T05:03:45.085+0000] {dag.py:3096} INFO - Sync 1 DAGs
[2026-04-05T05:03:45.312+0000] {processor.py:183} INFO - Processing /opt/airflow/dags/isr_pipeline.py took 0.556 seconds
[2026-04-05T05:04:15.839+0000] {processor.py:161} INFO - Started process (PID=57134) to work on /opt/airflow/dags/isr_pipeline.py
[2026-04-05T05:04:15.847+0000] {processor.py:830} INFO - Processing file /opt/airflow/dags/isr_pipeline.py for tasks to queue
[2026-04-05T05:04:15.857+0000] {logging_mixin.py:188} INFO - [2026-04-05T05:04:15.855+0000] {dagbag.py:540} INFO - Filling up the DagBag from /opt/airflow/dags/isr_pipeline.py
[2026-04-05T05:04:15.962+0000] {processor.py:840} INFO - DAG(s) 'isr_pipeline' retrieved from /opt/airflow/dags/isr_pipeline.py
[2026-04-05T05:04:16.148+0000] {logging_mixin.py:188} INFO - [2026-04-05T05:04:16.147+0000] {dag.py:3096} INFO - Sync 1 DAGs
[2026-04-05T05:04:16.358+0000] {processor.py:183} INFO - Processing /opt/airflow/dags/isr_pipeline.py took 0.570 seconds
[2026-04-05T05:34:21.195+0000] {processor.py:161} INFO - Started process (PID=57140) to work on /opt/airflow/dags/isr_pipeline.py
[2026-04-05T05:34:21.196+0000] {processor.py:830} INFO - Processing file /opt/airflow/dags/isr_pipeline.py for tasks to queue
[2026-04-05T05:34:21.199+0000] {logging_mixin.py:188} INFO - [2026-04-05T05:34:21.198+0000] {dagbag.py:540} INFO - Filling up the DagBag from /opt/airflow/dags/isr_pipeline.py
[2026-04-05T05:34:21.225+0000] {processor.py:840} INFO - DAG(s) 'isr_pipeline' retrieved from /opt/airflow/dags/isr_pipeline.py
[2026-04-05T05:34:21.266+0000] {logging_mixin.py:188} INFO - [2026-04-05T05:34:21.265+0000] {dag.py:3096} INFO - Sync 1 DAGs
[2026-04-05T05:34:21.309+0000] {processor.py:183} INFO - Processing /opt/airflow/dags/isr_pipeline.py took 0.128 seconds
[2026-04-05T05:34:51.745+0000] {processor.py:161} INFO - Started process (PID=57145) to work on /opt/airflow/dags/isr_pipeline.py
[2026-04-05T05:34:51.752+0000] {processor.py:830} INFO - Processing file /opt/airflow/dags/isr_pipeline.py for tasks to queue
[2026-04-05T05:34:51.761+0000] {logging_mixin.py:188} INFO - [2026-04-05T05:34:51.759+0000] {dagbag.py:540} INFO - Filling up the DagBag from /opt/airflow/dags/isr_pipeline.py
[2026-04-05T05:34:51.874+0000] {processor.py:840} INFO - DAG(s) 'isr_pipeline' retrieved from /opt/airflow/dags/isr_pipeline.py
[2026-04-05T05:34:52.076+0000] {logging_mixin.py:188} INFO - [2026-04-05T05:34:52.075+0000] {dag.py:3096} INFO - Sync 1 DAGs
[2026-04-05T05:34:52.315+0000] {processor.py:183} INFO - Processing /opt/airflow/dags/isr_pipeline.py took 0.624 seconds
[2026-04-05T05:35:22.882+0000] {processor.py:161} INFO - Started process (PID=57150) to work on /opt/airflow/dags/isr_pipeline.py
[2026-04-05T05:35:22.890+0000] {processor.py:830} INFO - Processing file /opt/airflow/dags/isr_pipeline.py for tasks to queue
[2026-04-05T05:35:22.897+0000] {logging_mixin.py:188} INFO - [2026-04-05T05:35:22.895+0000] {dagbag.py:540} INFO - Filling up the DagBag from /opt/airflow/dags/isr_pipeline.py
[2026-04-05T05:35:22.989+0000] {processor.py:840} INFO - DAG(s) 'isr_pipeline' retrieved from /opt/airflow/dags/isr_pipeline.py
[2026-04-05T05:35:23.176+0000] {logging_mixin.py:188} INFO - [2026-04-05T05:35:23.175+0000] {dag.py:3096} INFO - Sync 1 DAGs
[2026-04-05T05:35:23.390+0000] {processor.py:183} INFO - Processing /opt/airflow/dags/isr_pipeline.py took 0.546 seconds
[2026-04-05T05:35:53.922+0000] {processor.py:161} INFO - Started process (PID=57155) to work on /opt/airflow/dags/isr_pipeline.py
[2026-04-05T05:35:53.930+0000] {processor.py:830} INFO - Processing file /opt/airflow/dags/isr_pipeline.py for tasks to queue
[2026-04-05T05:35:53.937+0000] {logging_mixin.py:188} INFO - [2026-04-05T05:35:53.935+0000] {dagbag.py:540} INFO - Filling up the DagBag from /opt/airflow/dags/isr_pipeline.py
[2026-04-05T05:35:54.045+0000] {processor.py:840} INFO - DAG(s) 'isr_pipeline' retrieved from /opt/airflow/dags/isr_pipeline.py
[2026-04-05T05:35:54.233+0000] {logging_mixin.py:188} INFO - [2026-04-05T05:35:54.232+0000] {dag.py:3096} INFO - Sync 1 DAGs
[2026-04-05T05:35:54.452+0000] {processor.py:183} INFO - Processing /opt/airflow/dags/isr_pipeline.py took 0.569 seconds
[2026-04-05T05:36:25.045+0000] {processor.py:161} INFO - Started process (PID=57160) to work on /opt/airflow/dags/isr_pipeline.py
[2026-04-05T05:36:25.054+0000] {processor.py:830} INFO - Processing file /opt/airflow/dags/isr_pipeline.py for tasks to queue
[2026-04-05T05:36:25.062+0000] {logging_mixin.py:188} INFO - [2026-04-05T05:36:25.060+0000] {dagbag.py:540} INFO - Filling up the DagBag from /opt/airflow/dags/isr_pipeline.py
[2026-04-05T05:36:25.158+0000] {processor.py:840} INFO - DAG(s) 'isr_pipeline' retrieved from /opt/airflow/dags/isr_pipeline.py
[2026-04-05T05:36:25.348+0000] {logging_mixin.py:188} INFO - [2026-04-05T05:36:25.347+0000] {dag.py:3096} INFO - Sync 1 DAGs
[2026-04-05T05:36:25.547+0000] {processor.py:183} INFO - Processing /opt/airflow/dags/isr_pipeline.py took 0.539 seconds
[2026-04-05T05:36:56.149+0000] {processor.py:161} INFO - Started process (PID=57165) to work on /opt/airflow/dags/isr_pipeline.py
[2026-04-05T05:36:56.157+0000] {processor.py:830} INFO - Processing file /opt/airflow/dags/isr_pipeline.py for tasks to queue
[2026-04-05T05:36:56.165+0000] {logging_mixin.py:188} INFO - [2026-04-05T05:36:56.163+0000] {dagbag.py:540} INFO - Filling up the DagBag from /opt/airflow/dags/isr_pipeline.py
[2026-04-05T05:36:56.255+0000] {processor.py:840} INFO - DAG(s) 'isr_pipeline' retrieved from /opt/airflow/dags/isr_pipeline.py
[2026-04-05T05:36:56.448+0000] {logging_mixin.py:188} INFO - [2026-04-05T05:36:56.447+0000] {dag.py:3096} INFO - Sync 1 DAGs
[2026-04-05T05:36:56.656+0000] {processor.py:183} INFO - Processing /opt/airflow/dags/isr_pipeline.py took 0.546 seconds
[2026-04-05T05:37:27.065+0000] {processor.py:161} INFO - Started process (PID=57170) to work on /opt/airflow/dags/isr_pipeline.py
[2026-04-05T05:37:27.077+0000] {processor.py:830} INFO - Processing file /opt/airflow/dags/isr_pipeline.py for tasks to queue
[2026-04-05T05:37:27.086+0000] {logging_mixin.py:188} INFO - [2026-04-05T05:37:27.084+0000] {dagbag.py:540} INFO - Filling up the DagBag from /opt/airflow/dags/isr_pipeline.py
[2026-04-05T05:37:27.187+0000] {processor.py:840} INFO - DAG(s) 'isr_pipeline' retrieved from /opt/airflow/dags/isr_pipeline.py
[2026-04-05T05:37:27.373+0000] {logging_mixin.py:188} INFO - [2026-04-05T05:37:27.372+0000] {dag.py:3096} INFO - Sync 1 DAGs
[2026-04-05T05:37:27.577+0000] {processor.py:183} INFO - Processing /opt/airflow/dags/isr_pipeline.py took 0.566 seconds
[2026-04-05T05:37:58.100+0000] {processor.py:161} INFO - Started process (PID=57175) to work on /opt/airflow/dags/isr_pipeline.py
[2026-04-05T05:37:58.108+0000] {processor.py:830} INFO - Processing file /opt/airflow/dags/isr_pipeline.py for tasks to queue
[2026-04-05T05:37:58.117+0000] {logging_mixin.py:188} INFO - [2026-04-05T05:37:58.114+0000] {dagbag.py:540} INFO - Filling up the DagBag from /opt/airflow/dags/isr_pipeline.py
[2026-04-05T05:37:58.219+0000] {processor.py:840} INFO - DAG(s) 'isr_pipeline' retrieved from /opt/airflow/dags/isr_pipeline.py
[2026-04-05T05:37:58.408+0000] {logging_mixin.py:188} INFO - [2026-04-05T05:37:58.407+0000] {dag.py:3096} INFO - Sync 1 DAGs
[2026-04-05T05:37:58.697+0000] {processor.py:183} INFO - Processing /opt/airflow/dags/isr_pipeline.py took 0.656 seconds
[2026-04-05T05:38:29.029+0000] {processor.py:161} INFO - Started process (PID=57180) to work on /opt/airflow/dags/isr_pipeline.py
[2026-04-05T05:38:29.037+0000] {processor.py:830} INFO - Processing file /opt/airflow/dags/isr_pipeline.py for tasks to queue
[2026-04-05T05:38:29.044+0000] {logging_mixin.py:188} INFO - [2026-04-05T05:38:29.042+0000] {dagbag.py:540} INFO - Filling up the DagBag from /opt/airflow/dags/isr_pipeline.py
[2026-04-05T05:38:29.135+0000] {processor.py:840} INFO - DAG(s) 'isr_pipeline' retrieved from /opt/airflow/dags/isr_pipeline.py
[2026-04-05T05:38:29.322+0000] {logging_mixin.py:188} INFO - [2026-04-05T05:38:29.321+0000] {dag.py:3096} INFO - Sync 1 DAGs
[2026-04-05T05:38:29.527+0000] {processor.py:183} INFO - Processing /opt/airflow/dags/isr_pipeline.py took 0.538 seconds
[2026-04-05T05:39:00.099+0000] {processor.py:161} INFO - Started process (PID=57185) to work on /opt/airflow/dags/isr_pipeline.py
[2026-04-05T05:39:00.108+0000] {processor.py:830} INFO - Processing file /opt/airflow/dags/isr_pipeline.py for tasks to queue
[2026-04-05T05:39:00.116+0000] {logging_mixin.py:188} INFO - [2026-04-05T05:39:00.114+0000] {dagbag.py:540} INFO - Filling up the DagBag from /opt/airflow/dags/isr_pipeline.py
[2026-04-05T05:39:00.226+0000] {processor.py:840} INFO - DAG(s) 'isr_pipeline' retrieved from /opt/airflow/dags/isr_pipeline.py
[2026-04-05T05:39:00.426+0000] {logging_mixin.py:188} INFO - [2026-04-05T05:39:00.425+0000] {dag.py:3096} INFO - Sync 1 DAGs
[2026-04-05T05:39:00.645+0000] {processor.py:183} INFO - Processing /opt/airflow/dags/isr_pipeline.py took 0.587 seconds
[2026-04-05T05:39:31.010+0000] {processor.py:161} INFO - Started process (PID=57190) to work on /opt/airflow/dags/isr_pipeline.py
[2026-04-05T05:39:31.020+0000] {processor.py:830} INFO - Processing file /opt/airflow/dags/isr_pipeline.py for tasks to queue
[2026-04-05T05:39:31.028+0000] {logging_mixin.py:188} INFO - [2026-04-05T05:39:31.026+0000] {dagbag.py:540} INFO - Filling up the DagBag from /opt/airflow/dags/isr_pipeline.py
[2026-04-05T05:39:31.135+0000] {processor.py:840} INFO - DAG(s) 'isr_pipeline' retrieved from /opt/airflow/dags/isr_pipeline.py
[2026-04-05T05:39:31.350+0000] {logging_mixin.py:188} INFO - [2026-04-05T05:39:31.348+0000] {dag.py:3096} INFO - Sync 1 DAGs
[2026-04-05T05:39:31.563+0000] {processor.py:183} INFO - Processing /opt/airflow/dags/isr_pipeline.py took 0.593 seconds
[2026-04-05T05:40:01.899+0000] {processor.py:161} INFO - Started process (PID=57195) to work on /opt/airflow/dags/isr_pipeline.py
[2026-04-05T05:40:01.907+0000] {processor.py:830} INFO - Processing file /opt/airflow/dags/isr_pipeline.py for tasks to queue
[2026-04-05T05:40:01.917+0000] {logging_mixin.py:188} INFO - [2026-04-05T05:40:01.912+0000] {dagbag.py:540} INFO - Filling up the DagBag from /opt/airflow/dags/isr_pipeline.py
[2026-04-05T05:40:02.012+0000] {processor.py:840} INFO - DAG(s) 'isr_pipeline' retrieved from /opt/airflow/dags/isr_pipeline.py
[2026-04-05T05:40:02.192+0000] {logging_mixin.py:188} INFO - [2026-04-05T05:40:02.191+0000] {dag.py:3096} INFO - Sync 1 DAGs
[2026-04-05T05:40:02.393+0000] {processor.py:183} INFO - Processing /opt/airflow/dags/isr_pipeline.py took 0.532 seconds
[2026-04-05T05:40:32.600+0000] {processor.py:161} INFO - Started process (PID=57200) to work on /opt/airflow/dags/isr_pipeline.py
[2026-04-05T05:40:32.608+0000] {processor.py:830} INFO - Processing file /opt/airflow/dags/isr_pipeline.py for tasks to queue
[2026-04-05T05:40:32.615+0000] {logging_mixin.py:188} INFO - [2026-04-05T05:40:32.613+0000] {dagbag.py:540} INFO - Filling up the DagBag from /opt/airflow/dags/isr_pipeline.py
[2026-04-05T05:40:32.706+0000] {processor.py:840} INFO - DAG(s) 'isr_pipeline' retrieved from /opt/airflow/dags/isr_pipeline.py
[2026-04-05T05:40:32.900+0000] {logging_mixin.py:188} INFO - [2026-04-05T05:40:32.898+0000] {dag.py:3096} INFO - Sync 1 DAGs
[2026-04-05T05:40:33.107+0000] {processor.py:183} INFO - Processing /opt/airflow/dags/isr_pipeline.py took 0.546 seconds
[2026-04-05T05:41:03.219+0000] {processor.py:161} INFO - Started process (PID=57205) to work on /opt/airflow/dags/isr_pipeline.py
[2026-04-05T05:41:03.222+0000] {processor.py:830} INFO - Processing file /opt/airflow/dags/isr_pipeline.py for tasks to queue
[2026-04-05T05:41:03.223+0000] {logging_mixin.py:188} INFO - [2026-04-05T05:41:03.223+0000] {dagbag.py:540} INFO - Filling up the DagBag from /opt/airflow/dags/isr_pipeline.py
[2026-04-05T05:41:03.249+0000] {processor.py:840} INFO - DAG(s) 'isr_pipeline' retrieved from /opt/airflow/dags/isr_pipeline.py
[2026-04-05T05:41:03.298+0000] {logging_mixin.py:188} INFO - [2026-04-05T05:41:03.298+0000] {dag.py:3096} INFO - Sync 1 DAGs
[2026-04-05T05:41:03.362+0000] {processor.py:183} INFO - Processing /opt/airflow/dags/isr_pipeline.py took 0.153 seconds
[2026-04-05T05:41:33.499+0000] {processor.py:161} INFO - Started process (PID=57210) to work on /opt/airflow/dags/isr_pipeline.py
[2026-04-05T05:41:33.502+0000] {processor.py:830} INFO - Processing file /opt/airflow/dags/isr_pipeline.py for tasks to queue
[2026-04-05T05:41:33.505+0000] {logging_mixin.py:188} INFO - [2026-04-05T05:41:33.504+0000] {dagbag.py:540} INFO - Filling up the DagBag from /opt/airflow/dags/isr_pipeline.py
[2026-04-05T05:41:33.530+0000] {processor.py:840} INFO - DAG(s) 'isr_pipeline' retrieved from /opt/airflow/dags/isr_pipeline.py
[2026-04-05T05:41:33.600+0000] {logging_mixin.py:188} INFO - [2026-04-05T05:41:33.600+0000] {dag.py:3096} INFO - Sync 1 DAGs
[2026-04-05T05:41:33.668+0000] {processor.py:183} INFO - Processing /opt/airflow/dags/isr_pipeline.py took 0.178 seconds
[2026-04-05T05:42:03.881+0000] {processor.py:161} INFO - Started process (PID=57215) to work on /opt/airflow/dags/isr_pipeline.py
[2026-04-05T05:42:03.883+0000] {processor.py:830} INFO - Processing file /opt/airflow/dags/isr_pipeline.py for tasks to queue
[2026-04-05T05:42:03.885+0000] {logging_mixin.py:188} INFO - [2026-04-05T05:42:03.885+0000] {dagbag.py:540} INFO - Filling up the DagBag from /opt/airflow/dags/isr_pipeline.py
[2026-04-05T05:42:03.903+0000] {processor.py:840} INFO - DAG(s) 'isr_pipeline' retrieved from /opt/airflow/dags/isr_pipeline.py
[2026-04-05T05:42:03.940+0000] {logging_mixin.py:188} INFO - [2026-04-05T05:42:03.940+0000] {dag.py:3096} INFO - Sync 1 DAGs
[2026-04-05T05:42:03.984+0000] {processor.py:183} INFO - Processing /opt/airflow/dags/isr_pipeline.py took 0.111 seconds
[2026-04-05T05:42:34.105+0000] {processor.py:161} INFO - Started process (PID=57220) to work on /opt/airflow/dags/isr_pipeline.py
[2026-04-05T05:42:34.108+0000] {processor.py:830} INFO - Processing file /opt/airflow/dags/isr_pipeline.py for tasks to queue
[2026-04-05T05:42:34.109+0000] {logging_mixin.py:188} INFO - [2026-04-05T05:42:34.109+0000] {dagbag.py:540} INFO - Filling up the DagBag from /opt/airflow/dags/isr_pipeline.py
[2026-04-05T05:42:34.128+0000] {processor.py:840} INFO - DAG(s) 'isr_pipeline' retrieved from /opt/airflow/dags/isr_pipeline.py
[2026-04-05T05:42:34.172+0000] {logging_mixin.py:188} INFO - [2026-04-05T05:42:34.171+0000] {dag.py:3096} INFO - Sync 1 DAGs
[2026-04-05T05:42:34.221+0000] {processor.py:183} INFO - Processing /opt/airflow/dags/isr_pipeline.py took 0.124 seconds
[2026-04-05T05:43:04.340+0000] {processor.py:161} INFO - Started process (PID=57225) to work on /opt/airflow/dags/isr_pipeline.py
[2026-04-05T05:43:04.342+0000] {processor.py:830} INFO - Processing file /opt/airflow/dags/isr_pipeline.py for tasks to queue
[2026-04-05T05:43:04.344+0000] {logging_mixin.py:188} INFO - [2026-04-05T05:43:04.344+0000] {dagbag.py:540} INFO - Filling up the DagBag from /opt/airflow/dags/isr_pipeline.py
[2026-04-05T05:43:04.361+0000] {processor.py:840} INFO - DAG(s) 'isr_pipeline' retrieved from /opt/airflow/dags/isr_pipeline.py
[2026-04-05T05:43:04.404+0000] {logging_mixin.py:188} INFO - [2026-04-05T05:43:04.404+0000] {dag.py:3096} INFO - Sync 1 DAGs
[2026-04-05T05:43:04.448+0000] {processor.py:183} INFO - Processing /opt/airflow/dags/isr_pipeline.py took 0.115 seconds
[2026-04-05T05:43:34.556+0000] {processor.py:161} INFO - Started process (PID=57230) to work on /opt/airflow/dags/isr_pipeline.py
[2026-04-05T05:43:34.558+0000] {processor.py:830} INFO - Processing file /opt/airflow/dags/isr_pipeline.py for tasks to queue
[2026-04-05T05:43:34.560+0000] {logging_mixin.py:188} INFO - [2026-04-05T05:43:34.559+0000] {dagbag.py:540} INFO - Filling up the DagBag from /opt/airflow/dags/isr_pipeline.py
[2026-04-05T05:43:34.582+0000] {processor.py:840} INFO - DAG(s) 'isr_pipeline' retrieved from /opt/airflow/dags/isr_pipeline.py
[2026-04-05T05:43:34.671+0000] {logging_mixin.py:188} INFO - [2026-04-05T05:43:34.670+0000] {dag.py:3096} INFO - Sync 1 DAGs
[2026-04-05T05:43:34.718+0000] {processor.py:183} INFO - Processing /opt/airflow/dags/isr_pipeline.py took 0.170 seconds
[2026-04-05T05:44:04.802+0000] {processor.py:161} INFO - Started process (PID=57235) to work on /opt/airflow/dags/isr_pipeline.py
[2026-04-05T05:44:04.804+0000] {processor.py:830} INFO - Processing file /opt/airflow/dags/isr_pipeline.py for tasks to queue
[2026-04-05T05:44:04.807+0000] {logging_mixin.py:188} INFO - [2026-04-05T05:44:04.806+0000] {dagbag.py:540} INFO - Filling up the DagBag from /opt/airflow/dags/isr_pipeline.py
[2026-04-05T05:44:04.825+0000] {processor.py:840} INFO - DAG(s) 'isr_pipeline' retrieved from /opt/airflow/dags/isr_pipeline.py
[2026-04-05T05:44:04.867+0000] {logging_mixin.py:188} INFO - [2026-04-05T05:44:04.867+0000] {dag.py:3096} INFO - Sync 1 DAGs
[2026-04-05T05:44:04.911+0000] {processor.py:183} INFO - Processing /opt/airflow/dags/isr_pipeline.py took 0.118 seconds
[2026-04-05T05:44:35.020+0000] {processor.py:161} INFO - Started process (PID=57240) to work on /opt/airflow/dags/isr_pipeline.py
[2026-04-05T05:44:35.022+0000] {processor.py:830} INFO - Processing file /opt/airflow/dags/isr_pipeline.py for tasks to queue
[2026-04-05T05:44:35.023+0000] {logging_mixin.py:188} INFO - [2026-04-05T05:44:35.023+0000] {dagbag.py:540} INFO - Filling up the DagBag from /opt/airflow/dags/isr_pipeline.py
[2026-04-05T05:44:35.042+0000] {processor.py:840} INFO - DAG(s) 'isr_pipeline' retrieved from /opt/airflow/dags/isr_pipeline.py
[2026-04-05T05:44:35.082+0000] {logging_mixin.py:188} INFO - [2026-04-05T05:44:35.082+0000] {dag.py:3096} INFO - Sync 1 DAGs
[2026-04-05T05:44:35.125+0000] {processor.py:183} INFO - Processing /opt/airflow/dags/isr_pipeline.py took 0.116 seconds
[2026-04-05T05:45:05.321+0000] {processor.py:161} INFO - Started process (PID=57245) to work on /opt/airflow/dags/isr_pipeline.py
[2026-04-05T05:45:05.329+0000] {processor.py:830} INFO - Processing file /opt/airflow/dags/isr_pipeline.py for tasks to queue
[2026-04-05T05:45:05.332+0000] {logging_mixin.py:188} INFO - [2026-04-05T05:45:05.331+0000] {dagbag.py:540} INFO - Filling up the DagBag from /opt/airflow/dags/isr_pipeline.py
[2026-04-05T05:45:05.366+0000] {processor.py:840} INFO - DAG(s) 'isr_pipeline' retrieved from /opt/airflow/dags/isr_pipeline.py
[2026-04-05T05:45:05.422+0000] {logging_mixin.py:188} INFO - [2026-04-05T05:45:05.421+0000] {dag.py:3096} INFO - Sync 1 DAGs
[2026-04-05T05:45:05.474+0000] {processor.py:183} INFO - Processing /opt/airflow/dags/isr_pipeline.py took 0.178 seconds
[2026-04-05T05:45:35.669+0000] {processor.py:161} INFO - Started process (PID=57250) to work on /opt/airflow/dags/isr_pipeline.py
[2026-04-05T05:45:35.671+0000] {processor.py:830} INFO - Processing file /opt/airflow/dags/isr_pipeline.py for tasks to queue
[2026-04-05T05:45:35.673+0000] {logging_mixin.py:188} INFO - [2026-04-05T05:45:35.672+0000] {dagbag.py:540} INFO - Filling up the DagBag from /opt/airflow/dags/isr_pipeline.py
[2026-04-05T05:45:35.699+0000] {processor.py:840} INFO - DAG(s) 'isr_pipeline' retrieved from /opt/airflow/dags/isr_pipeline.py
[2026-04-05T05:45:35.742+0000] {logging_mixin.py:188} INFO - [2026-04-05T05:45:35.741+0000] {dag.py:3096} INFO - Sync 1 DAGs
[2026-04-05T05:45:35.795+0000] {processor.py:183} INFO - Processing /opt/airflow/dags/isr_pipeline.py took 0.139 seconds
[2026-04-05T05:46:05.872+0000] {processor.py:161} INFO - Started process (PID=57255) to work on /opt/airflow/dags/isr_pipeline.py
[2026-04-05T05:46:05.874+0000] {processor.py:830} INFO - Processing file /opt/airflow/dags/isr_pipeline.py for tasks to queue
[2026-04-05T05:46:05.875+0000] {logging_mixin.py:188} INFO - [2026-04-05T05:46:05.875+0000] {dagbag.py:540} INFO - Filling up the DagBag from /opt/airflow/dags/isr_pipeline.py
[2026-04-05T05:46:05.896+0000] {processor.py:840} INFO - DAG(s) 'isr_pipeline' retrieved from /opt/airflow/dags/isr_pipeline.py
[2026-04-05T05:46:05.934+0000] {logging_mixin.py:188} INFO - [2026-04-05T05:46:05.933+0000] {dag.py:3096} INFO - Sync 1 DAGs
[2026-04-05T05:46:05.998+0000] {processor.py:183} INFO - Processing /opt/airflow/dags/isr_pipeline.py took 0.136 seconds
[2026-04-05T05:46:36.133+0000] {processor.py:161} INFO - Started process (PID=57260) to work on /opt/airflow/dags/isr_pipeline.py
[2026-04-05T05:46:36.136+0000] {processor.py:830} INFO - Processing file /opt/airflow/dags/isr_pipeline.py for tasks to queue
[2026-04-05T05:46:36.138+0000] {logging_mixin.py:188} INFO - [2026-04-05T05:46:36.137+0000] {dagbag.py:540} INFO - Filling up the DagBag from /opt/airflow/dags/isr_pipeline.py
[2026-04-05T05:46:36.159+0000] {processor.py:840} INFO - DAG(s) 'isr_pipeline' retrieved from /opt/airflow/dags/isr_pipeline.py
[2026-04-05T05:46:36.203+0000] {logging_mixin.py:188} INFO - [2026-04-05T05:46:36.203+0000] {dag.py:3096} INFO - Sync 1 DAGs
[2026-04-05T05:46:36.256+0000] {processor.py:183} INFO - Processing /opt/airflow/dags/isr_pipeline.py took 0.132 seconds
[2026-04-05T05:47:06.355+0000] {processor.py:161} INFO - Started process (PID=57265) to work on /opt/airflow/dags/isr_pipeline.py
[2026-04-05T05:47:06.357+0000] {processor.py:830} INFO - Processing file /opt/airflow/dags/isr_pipeline.py for tasks to queue
[2026-04-05T05:47:06.358+0000] {logging_mixin.py:188} INFO - [2026-04-05T05:47:06.358+0000] {dagbag.py:540} INFO - Filling up the DagBag from /opt/airflow/dags/isr_pipeline.py
[2026-04-05T05:47:06.379+0000] {processor.py:840} INFO - DAG(s) 'isr_pipeline' retrieved from /opt/airflow/dags/isr_pipeline.py
[2026-04-05T05:47:06.418+0000] {logging_mixin.py:188} INFO - [2026-04-05T05:47:06.418+0000] {dag.py:3096} INFO - Sync 1 DAGs
[2026-04-05T05:47:06.458+0000] {processor.py:183} INFO - Processing /opt/airflow/dags/isr_pipeline.py took 0.112 seconds
[2026-04-05T05:47:36.506+0000] {processor.py:161} INFO - Started process (PID=57270) to work on /opt/airflow/dags/isr_pipeline.py
[2026-04-05T05:47:36.508+0000] {processor.py:830} INFO - Processing file /opt/airflow/dags/isr_pipeline.py for tasks to queue
[2026-04-05T05:47:36.510+0000] {logging_mixin.py:188} INFO - [2026-04-05T05:47:36.509+0000] {dagbag.py:540} INFO - Filling up the DagBag from /opt/airflow/dags/isr_pipeline.py
[2026-04-05T05:47:36.532+0000] {processor.py:840} INFO - DAG(s) 'isr_pipeline' retrieved from /opt/airflow/dags/isr_pipeline.py
[2026-04-05T05:47:36.571+0000] {logging_mixin.py:188} INFO - [2026-04-05T05:47:36.570+0000] {dag.py:3096} INFO - Sync 1 DAGs
[2026-04-05T05:47:36.614+0000] {processor.py:183} INFO - Processing /opt/airflow/dags/isr_pipeline.py took 0.115 seconds
[2026-04-05T05:48:06.912+0000] {processor.py:161} INFO - Started process (PID=57275) to work on /opt/airflow/dags/isr_pipeline.py
[2026-04-05T05:48:06.914+0000] {processor.py:830} INFO - Processing file /opt/airflow/dags/isr_pipeline.py for tasks to queue
[2026-04-05T05:48:06.916+0000] {logging_mixin.py:188} INFO - [2026-04-05T05:48:06.915+0000] {dagbag.py:540} INFO - Filling up the DagBag from /opt/airflow/dags/isr_pipeline.py
[2026-04-05T05:48:06.934+0000] {processor.py:840} INFO - DAG(s) 'isr_pipeline' retrieved from /opt/airflow/dags/isr_pipeline.py
[2026-04-05T05:48:06.971+0000] {logging_mixin.py:188} INFO - [2026-04-05T05:48:06.971+0000] {dag.py:3096} INFO - Sync 1 DAGs
[2026-04-05T05:48:07.015+0000] {processor.py:183} INFO - Processing /opt/airflow/dags/isr_pipeline.py took 0.111 seconds
[2026-04-05T05:48:37.213+0000] {processor.py:161} INFO - Started process (PID=57280) to work on /opt/airflow/dags/isr_pipeline.py
[2026-04-05T05:48:37.216+0000] {processor.py:830} INFO - Processing file /opt/airflow/dags/isr_pipeline.py for tasks to queue
[2026-04-05T05:48:37.218+0000] {logging_mixin.py:188} INFO - [2026-04-05T05:48:37.217+0000] {dagbag.py:540} INFO - Filling up the DagBag from /opt/airflow/dags/isr_pipeline.py
[2026-04-05T05:48:37.236+0000] {processor.py:840} INFO - DAG(s) 'isr_pipeline' retrieved from /opt/airflow/dags/isr_pipeline.py
[2026-04-05T05:48:37.275+0000] {logging_mixin.py:188} INFO - [2026-04-05T05:48:37.274+0000] {dag.py:3096} INFO - Sync 1 DAGs
[2026-04-05T05:48:37.319+0000] {processor.py:183} INFO - Processing /opt/airflow/dags/isr_pipeline.py took 0.120 seconds
[2026-04-05T05:49:07.398+0000] {processor.py:161} INFO - Started process (PID=57285) to work on /opt/airflow/dags/isr_pipeline.py
[2026-04-05T05:49:07.399+0000] {processor.py:830} INFO - Processing file /opt/airflow/dags/isr_pipeline.py for tasks to queue
[2026-04-05T05:49:07.401+0000] {logging_mixin.py:188} INFO - [2026-04-05T05:49:07.400+0000] {dagbag.py:540} INFO - Filling up the DagBag from /opt/airflow/dags/isr_pipeline.py
[2026-04-05T05:49:07.419+0000] {processor.py:840} INFO - DAG(s) 'isr_pipeline' retrieved from /opt/airflow/dags/isr_pipeline.py
[2026-04-05T05:49:07.457+0000] {logging_mixin.py:188} INFO - [2026-04-05T05:49:07.456+0000] {dag.py:3096} INFO - Sync 1 DAGs
[2026-04-05T05:49:07.498+0000] {processor.py:183} INFO - Processing /opt/airflow/dags/isr_pipeline.py took 0.108 seconds
[2026-04-05T05:49:37.648+0000] {processor.py:161} INFO - Started process (PID=57290) to work on /opt/airflow/dags/isr_pipeline.py
[2026-04-05T05:49:37.649+0000] {processor.py:830} INFO - Processing file /opt/airflow/dags/isr_pipeline.py for tasks to queue
[2026-04-05T05:49:37.651+0000] {logging_mixin.py:188} INFO - [2026-04-05T05:49:37.651+0000] {dagbag.py:540} INFO - Filling up the DagBag from /opt/airflow/dags/isr_pipeline.py
[2026-04-05T05:49:37.670+0000] {processor.py:840} INFO - DAG(s) 'isr_pipeline' retrieved from /opt/airflow/dags/isr_pipeline.py
[2026-04-05T05:49:37.709+0000] {logging_mixin.py:188} INFO - [2026-04-05T05:49:37.708+0000] {dag.py:3096} INFO - Sync 1 DAGs
[2026-04-05T05:49:37.756+0000] {processor.py:183} INFO - Processing /opt/airflow/dags/isr_pipeline.py took 0.116 seconds
[2026-04-05T05:50:07.952+0000] {processor.py:161} INFO - Started process (PID=57295) to work on /opt/airflow/dags/isr_pipeline.py
[2026-04-05T05:50:07.954+0000] {processor.py:830} INFO - Processing file /opt/airflow/dags/isr_pipeline.py for tasks to queue
[2026-04-05T05:50:07.956+0000] {logging_mixin.py:188} INFO - [2026-04-05T05:50:07.956+0000] {dagbag.py:540} INFO - Filling up the DagBag from /opt/airflow/dags/isr_pipeline.py
[2026-04-05T05:50:07.979+0000] {processor.py:840} INFO - DAG(s) 'isr_pipeline' retrieved from /opt/airflow/dags/isr_pipeline.py
[2026-04-05T05:50:08.019+0000] {logging_mixin.py:188} INFO - [2026-04-05T05:50:08.018+0000] {dag.py:3096} INFO - Sync 1 DAGs
[2026-04-05T05:50:08.060+0000] {processor.py:183} INFO - Processing /opt/airflow/dags/isr_pipeline.py took 0.119 seconds
[2026-04-05T05:50:38.152+0000] {processor.py:161} INFO - Started process (PID=57300) to work on /opt/airflow/dags/isr_pipeline.py
[2026-04-05T05:50:38.154+0000] {processor.py:830} INFO - Processing file /opt/airflow/dags/isr_pipeline.py for tasks to queue
[2026-04-05T05:50:38.156+0000] {logging_mixin.py:188} INFO - [2026-04-05T05:50:38.155+0000] {dagbag.py:540} INFO - Filling up the DagBag from /opt/airflow/dags/isr_pipeline.py
[2026-04-05T05:50:38.179+0000] {processor.py:840} INFO - DAG(s) 'isr_pipeline' retrieved from /opt/airflow/dags/isr_pipeline.py
[2026-04-05T05:50:38.223+0000] {logging_mixin.py:188} INFO - [2026-04-05T05:50:38.222+0000] {dag.py:3096} INFO - Sync 1 DAGs
[2026-04-05T05:50:38.266+0000] {processor.py:183} INFO - Processing /opt/airflow/dags/isr_pipeline.py took 0.124 seconds
[2026-04-05T05:51:08.456+0000] {processor.py:161} INFO - Started process (PID=57305) to work on /opt/airflow/dags/isr_pipeline.py
[2026-04-05T05:51:08.458+0000] {processor.py:830} INFO - Processing file /opt/airflow/dags/isr_pipeline.py for tasks to queue
[2026-04-05T05:51:08.460+0000] {logging_mixin.py:188} INFO - [2026-04-05T05:51:08.459+0000] {dagbag.py:540} INFO - Filling up the DagBag from /opt/airflow/dags/isr_pipeline.py
[2026-04-05T05:51:08.477+0000] {processor.py:840} INFO - DAG(s) 'isr_pipeline' retrieved from /opt/airflow/dags/isr_pipeline.py
[2026-04-05T05:51:08.513+0000] {logging_mixin.py:188} INFO - [2026-04-05T05:51:08.513+0000] {dag.py:3096} INFO - Sync 1 DAGs
[2026-04-05T05:51:08.555+0000] {processor.py:183} INFO - Processing /opt/airflow/dags/isr_pipeline.py took 0.106 seconds
[2026-04-05T05:51:38.633+0000] {processor.py:161} INFO - Started process (PID=57310) to work on /opt/airflow/dags/isr_pipeline.py
[2026-04-05T05:51:38.634+0000] {processor.py:830} INFO - Processing file /opt/airflow/dags/isr_pipeline.py for tasks to queue
[2026-04-05T05:51:38.636+0000] {logging_mixin.py:188} INFO - [2026-04-05T05:51:38.635+0000] {dagbag.py:540} INFO - Filling up the DagBag from /opt/airflow/dags/isr_pipeline.py
[2026-04-05T05:51:38.654+0000] {processor.py:840} INFO - DAG(s) 'isr_pipeline' retrieved from /opt/airflow/dags/isr_pipeline.py
[2026-04-05T05:51:38.692+0000] {logging_mixin.py:188} INFO - [2026-04-05T05:51:38.692+0000] {dag.py:3096} INFO - Sync 1 DAGs
[2026-04-05T05:51:38.736+0000] {processor.py:183} INFO - Processing /opt/airflow/dags/isr_pipeline.py took 0.112 seconds
[2026-04-05T05:52:08.893+0000] {processor.py:161} INFO - Started process (PID=57315) to work on /opt/airflow/dags/isr_pipeline.py
[2026-04-05T05:52:08.895+0000] {processor.py:830} INFO - Processing file /opt/airflow/dags/isr_pipeline.py for tasks to queue
[2026-04-05T05:52:08.896+0000] {logging_mixin.py:188} INFO - [2026-04-05T05:52:08.896+0000] {dagbag.py:540} INFO - Filling up the DagBag from /opt/airflow/dags/isr_pipeline.py
[2026-04-05T05:52:08.915+0000] {processor.py:840} INFO - DAG(s) 'isr_pipeline' retrieved from /opt/airflow/dags/isr_pipeline.py
[2026-04-05T05:52:08.953+0000] {logging_mixin.py:188} INFO - [2026-04-05T05:52:08.953+0000] {dag.py:3096} INFO - Sync 1 DAGs
[2026-04-05T05:52:08.997+0000] {processor.py:183} INFO - Processing /opt/airflow/dags/isr_pipeline.py took 0.113 seconds
[2026-04-05T05:52:39.195+0000] {processor.py:161} INFO - Started process (PID=57320) to work on /opt/airflow/dags/isr_pipeline.py
[2026-04-05T05:52:39.197+0000] {processor.py:830} INFO - Processing file /opt/airflow/dags/isr_pipeline.py for tasks to queue
[2026-04-05T05:52:39.198+0000] {logging_mixin.py:188} INFO - [2026-04-05T05:52:39.198+0000] {dagbag.py:540} INFO - Filling up the DagBag from /opt/airflow/dags/isr_pipeline.py
[2026-04-05T05:52:39.217+0000] {processor.py:840} INFO - DAG(s) 'isr_pipeline' retrieved from /opt/airflow/dags/isr_pipeline.py
[2026-04-05T05:52:39.254+0000] {logging_mixin.py:188} INFO - [2026-04-05T05:52:39.254+0000] {dag.py:3096} INFO - Sync 1 DAGs
[2026-04-05T05:52:39.298+0000] {processor.py:183} INFO - Processing /opt/airflow/dags/isr_pipeline.py took 0.112 seconds
[2026-04-05T05:53:09.406+0000] {processor.py:161} INFO - Started process (PID=57325) to work on /opt/airflow/dags/isr_pipeline.py
[2026-04-05T05:53:09.407+0000] {processor.py:830} INFO - Processing file /opt/airflow/dags/isr_pipeline.py for tasks to queue
[2026-04-05T05:53:09.409+0000] {logging_mixin.py:188} INFO - [2026-04-05T05:53:09.408+0000] {dagbag.py:540} INFO - Filling up the DagBag from /opt/airflow/dags/isr_pipeline.py
[2026-04-05T05:53:09.427+0000] {processor.py:840} INFO - DAG(s) 'isr_pipeline' retrieved from /opt/airflow/dags/isr_pipeline.py
[2026-04-05T05:53:09.463+0000] {logging_mixin.py:188} INFO - [2026-04-05T05:53:09.463+0000] {dag.py:3096} INFO - Sync 1 DAGs
[2026-04-05T05:53:09.504+0000] {processor.py:183} INFO - Processing /opt/airflow/dags/isr_pipeline.py took 0.106 seconds
[2026-04-05T05:53:39.591+0000] {processor.py:161} INFO - Started process (PID=57330) to work on /opt/airflow/dags/isr_pipeline.py
[2026-04-05T05:53:39.594+0000] {processor.py:830} INFO - Processing file /opt/airflow/dags/isr_pipeline.py for tasks to queue
[2026-04-05T05:53:39.595+0000] {logging_mixin.py:188} INFO - [2026-04-05T05:53:39.595+0000] {dagbag.py:540} INFO - Filling up the DagBag from /opt/airflow/dags/isr_pipeline.py
[2026-04-05T05:53:39.614+0000] {processor.py:840} INFO - DAG(s) 'isr_pipeline' retrieved from /opt/airflow/dags/isr_pipeline.py
[2026-04-05T05:53:39.652+0000] {logging_mixin.py:188} INFO - [2026-04-05T05:53:39.652+0000] {dag.py:3096} INFO - Sync 1 DAGs
[2026-04-05T05:53:39.695+0000] {processor.py:183} INFO - Processing /opt/airflow/dags/isr_pipeline.py took 0.113 seconds
[2026-04-05T05:54:09.851+0000] {processor.py:161} INFO - Started process (PID=57335) to work on /opt/airflow/dags/isr_pipeline.py
[2026-04-05T05:54:09.853+0000] {processor.py:830} INFO - Processing file /opt/airflow/dags/isr_pipeline.py for tasks to queue
[2026-04-05T05:54:09.854+0000] {logging_mixin.py:188} INFO - [2026-04-05T05:54:09.854+0000] {dagbag.py:540} INFO - Filling up the DagBag from /opt/airflow/dags/isr_pipeline.py
[2026-04-05T05:54:09.873+0000] {processor.py:840} INFO - DAG(s) 'isr_pipeline' retrieved from /opt/airflow/dags/isr_pipeline.py
[2026-04-05T05:54:09.909+0000] {logging_mixin.py:188} INFO - [2026-04-05T05:54:09.909+0000] {dag.py:3096} INFO - Sync 1 DAGs
[2026-04-05T05:54:09.951+0000] {processor.py:183} INFO - Processing /opt/airflow/dags/isr_pipeline.py took 0.110 seconds
[2026-04-05T05:54:40.141+0000] {processor.py:161} INFO - Started process (PID=57340) to work on /opt/airflow/dags/isr_pipeline.py
[2026-04-05T05:54:40.143+0000] {processor.py:830} INFO - Processing file /opt/airflow/dags/isr_pipeline.py for tasks to queue
[2026-04-05T05:54:40.145+0000] {logging_mixin.py:188} INFO - [2026-04-05T05:54:40.144+0000] {dagbag.py:540} INFO - Filling up the DagBag from /opt/airflow/dags/isr_pipeline.py
[2026-04-05T05:54:40.164+0000] {processor.py:840} INFO - DAG(s) 'isr_pipeline' retrieved from /opt/airflow/dags/isr_pipeline.py
[2026-04-05T05:54:40.205+0000] {logging_mixin.py:188} INFO - [2026-04-05T05:54:40.205+0000] {dag.py:3096} INFO - Sync 1 DAGs
[2026-04-05T05:54:40.244+0000] {processor.py:183} INFO - Processing /opt/airflow/dags/isr_pipeline.py took 0.111 seconds
[2026-04-05T05:55:10.315+0000] {processor.py:161} INFO - Started process (PID=57345) to work on /opt/airflow/dags/isr_pipeline.py
[2026-04-05T05:55:10.317+0000] {processor.py:830} INFO - Processing file /opt/airflow/dags/isr_pipeline.py for tasks to queue
[2026-04-05T05:55:10.319+0000] {logging_mixin.py:188} INFO - [2026-04-05T05:55:10.318+0000] {dagbag.py:540} INFO - Filling up the DagBag from /opt/airflow/dags/isr_pipeline.py
[2026-04-05T05:55:10.337+0000] {processor.py:840} INFO - DAG(s) 'isr_pipeline' retrieved from /opt/airflow/dags/isr_pipeline.py
[2026-04-05T05:55:10.374+0000] {logging_mixin.py:188} INFO - [2026-04-05T05:55:10.373+0000] {dag.py:3096} INFO - Sync 1 DAGs
[2026-04-05T05:55:10.419+0000] {processor.py:183} INFO - Processing /opt/airflow/dags/isr_pipeline.py took 0.114 seconds
[2026-04-05T05:55:40.515+0000] {processor.py:161} INFO - Started process (PID=57350) to work on /opt/airflow/dags/isr_pipeline.py
[2026-04-05T05:55:40.517+0000] {processor.py:830} INFO - Processing file /opt/airflow/dags/isr_pipeline.py for tasks to queue
[2026-04-05T05:55:40.518+0000] {logging_mixin.py:188} INFO - [2026-04-05T05:55:40.518+0000] {dagbag.py:540} INFO - Filling up the DagBag from /opt/airflow/dags/isr_pipeline.py
[2026-04-05T05:55:40.536+0000] {processor.py:840} INFO - DAG(s) 'isr_pipeline' retrieved from /opt/airflow/dags/isr_pipeline.py
[2026-04-05T05:55:40.573+0000] {logging_mixin.py:188} INFO - [2026-04-05T05:55:40.572+0000] {dag.py:3096} INFO - Sync 1 DAGs
[2026-04-05T05:55:40.615+0000] {processor.py:183} INFO - Processing /opt/airflow/dags/isr_pipeline.py took 0.108 seconds
[2026-04-05T05:56:10.806+0000] {processor.py:161} INFO - Started process (PID=57355) to work on /opt/airflow/dags/isr_pipeline.py
[2026-04-05T05:56:10.809+0000] {processor.py:830} INFO - Processing file /opt/airflow/dags/isr_pipeline.py for tasks to queue
[2026-04-05T05:56:10.811+0000] {logging_mixin.py:188} INFO - [2026-04-05T05:56:10.811+0000] {dagbag.py:540} INFO - Filling up the DagBag from /opt/airflow/dags/isr_pipeline.py
[2026-04-05T05:56:10.830+0000] {processor.py:840} INFO - DAG(s) 'isr_pipeline' retrieved from /opt/airflow/dags/isr_pipeline.py
[2026-04-05T05:56:10.871+0000] {logging_mixin.py:188} INFO - [2026-04-05T05:56:10.871+0000] {dag.py:3096} INFO - Sync 1 DAGs
[2026-04-05T05:56:10.916+0000] {processor.py:183} INFO - Processing /opt/airflow/dags/isr_pipeline.py took 0.120 seconds
[2026-04-05T05:56:41.081+0000] {processor.py:161} INFO - Started process (PID=57360) to work on /opt/airflow/dags/isr_pipeline.py
[2026-04-05T05:56:41.083+0000] {processor.py:830} INFO - Processing file /opt/airflow/dags/isr_pipeline.py for tasks to queue
[2026-04-05T05:56:41.084+0000] {logging_mixin.py:188} INFO - [2026-04-05T05:56:41.084+0000] {dagbag.py:540} INFO - Filling up the DagBag from /opt/airflow/dags/isr_pipeline.py
[2026-04-05T05:56:41.107+0000] {processor.py:840} INFO - DAG(s) 'isr_pipeline' retrieved from /opt/airflow/dags/isr_pipeline.py
[2026-04-05T05:56:41.148+0000] {logging_mixin.py:188} INFO - [2026-04-05T05:56:41.147+0000] {dag.py:3096} INFO - Sync 1 DAGs
[2026-04-05T05:56:41.197+0000] {processor.py:183} INFO - Processing /opt/airflow/dags/isr_pipeline.py took 0.125 seconds
[2026-04-05T05:57:11.447+0000] {processor.py:161} INFO - Started process (PID=57365) to work on /opt/airflow/dags/isr_pipeline.py
[2026-04-05T05:57:11.448+0000] {processor.py:830} INFO - Processing file /opt/airflow/dags/isr_pipeline.py for tasks to queue
[2026-04-05T05:57:11.450+0000] {logging_mixin.py:188} INFO - [2026-04-05T05:57:11.450+0000] {dagbag.py:540} INFO - Filling up the DagBag from /opt/airflow/dags/isr_pipeline.py
[2026-04-05T05:57:11.471+0000] {processor.py:840} INFO - DAG(s) 'isr_pipeline' retrieved from /opt/airflow/dags/isr_pipeline.py
[2026-04-05T05:57:11.514+0000] {logging_mixin.py:188} INFO - [2026-04-05T05:57:11.513+0000] {dag.py:3096} INFO - Sync 1 DAGs
[2026-04-05T05:57:11.565+0000] {processor.py:183} INFO - Processing /opt/airflow/dags/isr_pipeline.py took 0.126 seconds
[2026-04-05T05:57:41.635+0000] {processor.py:161} INFO - Started process (PID=57370) to work on /opt/airflow/dags/isr_pipeline.py
[2026-04-05T05:57:41.638+0000] {processor.py:830} INFO - Processing file /opt/airflow/dags/isr_pipeline.py for tasks to queue
[2026-04-05T05:57:41.640+0000] {logging_mixin.py:188} INFO - [2026-04-05T05:57:41.639+0000] {dagbag.py:540} INFO - Filling up the DagBag from /opt/airflow/dags/isr_pipeline.py
[2026-04-05T05:57:41.668+0000] {processor.py:840} INFO - DAG(s) 'isr_pipeline' retrieved from /opt/airflow/dags/isr_pipeline.py
[2026-04-05T05:57:41.718+0000] {logging_mixin.py:188} INFO - [2026-04-05T05:57:41.717+0000] {dag.py:3096} INFO - Sync 1 DAGs
[2026-04-05T05:57:41.767+0000] {processor.py:183} INFO - Processing /opt/airflow/dags/isr_pipeline.py took 0.140 seconds
[2026-04-05T05:58:11.937+0000] {processor.py:161} INFO - Started process (PID=57375) to work on /opt/airflow/dags/isr_pipeline.py
[2026-04-05T05:58:11.939+0000] {processor.py:830} INFO - Processing file /opt/airflow/dags/isr_pipeline.py for tasks to queue
[2026-04-05T05:58:11.941+0000] {logging_mixin.py:188} INFO - [2026-04-05T05:58:11.940+0000] {dagbag.py:540} INFO - Filling up the DagBag from /opt/airflow/dags/isr_pipeline.py
[2026-04-05T05:58:11.965+0000] {processor.py:840} INFO - DAG(s) 'isr_pipeline' retrieved from /opt/airflow/dags/isr_pipeline.py
[2026-04-05T05:58:12.007+0000] {logging_mixin.py:188} INFO - [2026-04-05T05:58:12.007+0000] {dag.py:3096} INFO - Sync 1 DAGs
[2026-04-05T05:58:12.060+0000] {processor.py:183} INFO - Processing /opt/airflow/dags/isr_pipeline.py took 0.132 seconds
[2026-04-05T05:58:42.212+0000] {processor.py:161} INFO - Started process (PID=57380) to work on /opt/airflow/dags/isr_pipeline.py
[2026-04-05T05:58:42.214+0000] {processor.py:830} INFO - Processing file /opt/airflow/dags/isr_pipeline.py for tasks to queue
[2026-04-05T05:58:42.217+0000] {logging_mixin.py:188} INFO - [2026-04-05T05:58:42.216+0000] {dagbag.py:540} INFO - Filling up the DagBag from /opt/airflow/dags/isr_pipeline.py
[2026-04-05T05:58:42.237+0000] {processor.py:840} INFO - DAG(s) 'isr_pipeline' retrieved from /opt/airflow/dags/isr_pipeline.py
[2026-04-05T05:58:42.278+0000] {logging_mixin.py:188} INFO - [2026-04-05T05:58:42.277+0000] {dag.py:3096} INFO - Sync 1 DAGs
[2026-04-05T05:58:42.323+0000] {processor.py:183} INFO - Processing /opt/airflow/dags/isr_pipeline.py took 0.121 seconds
[2026-04-05T05:59:12.463+0000] {processor.py:161} INFO - Started process (PID=57385) to work on /opt/airflow/dags/isr_pipeline.py
[2026-04-05T05:59:12.465+0000] {processor.py:830} INFO - Processing file /opt/airflow/dags/isr_pipeline.py for tasks to queue
[2026-04-05T05:59:12.466+0000] {logging_mixin.py:188} INFO - [2026-04-05T05:59:12.466+0000] {dagbag.py:540} INFO - Filling up the DagBag from /opt/airflow/dags/isr_pipeline.py
[2026-04-05T05:59:12.484+0000] {processor.py:840} INFO - DAG(s) 'isr_pipeline' retrieved from /opt/airflow/dags/isr_pipeline.py
[2026-04-05T05:59:12.520+0000] {logging_mixin.py:188} INFO - [2026-04-05T05:59:12.520+0000] {dag.py:3096} INFO - Sync 1 DAGs
[2026-04-05T05:59:12.559+0000] {processor.py:183} INFO - Processing /opt/airflow/dags/isr_pipeline.py took 0.104 seconds
[2026-04-05T05:59:42.708+0000] {processor.py:161} INFO - Started process (PID=57390) to work on /opt/airflow/dags/isr_pipeline.py
[2026-04-05T05:59:42.711+0000] {processor.py:830} INFO - Processing file /opt/airflow/dags/isr_pipeline.py for tasks to queue
[2026-04-05T05:59:42.713+0000] {logging_mixin.py:188} INFO - [2026-04-05T05:59:42.713+0000] {dagbag.py:540} INFO - Filling up the DagBag from /opt/airflow/dags/isr_pipeline.py
[2026-04-05T05:59:42.735+0000] {processor.py:840} INFO - DAG(s) 'isr_pipeline' retrieved from /opt/airflow/dags/isr_pipeline.py
[2026-04-05T05:59:42.780+0000] {logging_mixin.py:188} INFO - [2026-04-05T05:59:42.780+0000] {dag.py:3096} INFO - Sync 1 DAGs
[2026-04-05T05:59:42.840+0000] {processor.py:183} INFO - Processing /opt/airflow/dags/isr_pipeline.py took 0.141 seconds
[2026-04-05T06:00:13.274+0000] {processor.py:161} INFO - Started process (PID=57395) to work on /opt/airflow/dags/isr_pipeline.py
[2026-04-05T06:00:13.276+0000] {processor.py:830} INFO - Processing file /opt/airflow/dags/isr_pipeline.py for tasks to queue
[2026-04-05T06:00:13.280+0000] {logging_mixin.py:188} INFO - [2026-04-05T06:00:13.279+0000] {dagbag.py:540} INFO - Filling up the DagBag from /opt/airflow/dags/isr_pipeline.py
[2026-04-05T06:00:13.304+0000] {processor.py:840} INFO - DAG(s) 'isr_pipeline' retrieved from /opt/airflow/dags/isr_pipeline.py
[2026-04-05T06:00:13.347+0000] {logging_mixin.py:188} INFO - [2026-04-05T06:00:13.347+0000] {dag.py:3096} INFO - Sync 1 DAGs
[2026-04-05T06:00:13.402+0000] {processor.py:183} INFO - Processing /opt/airflow/dags/isr_pipeline.py took 0.138 seconds
[2026-04-05T06:00:43.557+0000] {processor.py:161} INFO - Started process (PID=57400) to work on /opt/airflow/dags/isr_pipeline.py
[2026-04-05T06:00:43.559+0000] {processor.py:830} INFO - Processing file /opt/airflow/dags/isr_pipeline.py for tasks to queue
[2026-04-05T06:00:43.560+0000] {logging_mixin.py:188} INFO - [2026-04-05T06:00:43.560+0000] {dagbag.py:540} INFO - Filling up the DagBag from /opt/airflow/dags/isr_pipeline.py
[2026-04-05T06:00:43.579+0000] {processor.py:840} INFO - DAG(s) 'isr_pipeline' retrieved from /opt/airflow/dags/isr_pipeline.py
[2026-04-05T06:00:43.617+0000] {logging_mixin.py:188} INFO - [2026-04-05T06:00:43.617+0000] {dag.py:3096} INFO - Sync 1 DAGs
[2026-04-05T06:00:43.664+0000] {processor.py:183} INFO - Processing /opt/airflow/dags/isr_pipeline.py took 0.115 seconds
[2026-04-05T06:01:13.726+0000] {processor.py:161} INFO - Started process (PID=57405) to work on /opt/airflow/dags/isr_pipeline.py
[2026-04-05T06:01:13.728+0000] {processor.py:830} INFO - Processing file /opt/airflow/dags/isr_pipeline.py for tasks to queue
[2026-04-05T06:01:13.730+0000] {logging_mixin.py:188} INFO - [2026-04-05T06:01:13.729+0000] {dagbag.py:540} INFO - Filling up the DagBag from /opt/airflow/dags/isr_pipeline.py
[2026-04-05T06:01:13.747+0000] {processor.py:840} INFO - DAG(s) 'isr_pipeline' retrieved from /opt/airflow/dags/isr_pipeline.py
[2026-04-05T06:01:13.788+0000] {logging_mixin.py:188} INFO - [2026-04-05T06:01:13.787+0000] {dag.py:3096} INFO - Sync 1 DAGs
[2026-04-05T06:01:13.833+0000] {processor.py:183} INFO - Processing /opt/airflow/dags/isr_pipeline.py took 0.116 seconds
[2026-04-05T06:01:43.881+0000] {processor.py:161} INFO - Started process (PID=57410) to work on /opt/airflow/dags/isr_pipeline.py
[2026-04-05T06:01:43.883+0000] {processor.py:830} INFO - Processing file /opt/airflow/dags/isr_pipeline.py for tasks to queue
[2026-04-05T06:01:43.884+0000] {logging_mixin.py:188} INFO - [2026-04-05T06:01:43.884+0000] {dagbag.py:540} INFO - Filling up the DagBag from /opt/airflow/dags/isr_pipeline.py
[2026-04-05T06:01:43.903+0000] {processor.py:840} INFO - DAG(s) 'isr_pipeline' retrieved from /opt/airflow/dags/isr_pipeline.py
[2026-04-05T06:01:43.941+0000] {logging_mixin.py:188} INFO - [2026-04-05T06:01:43.941+0000] {dag.py:3096} INFO - Sync 1 DAGs
[2026-04-05T06:01:44.065+0000] {processor.py:183} INFO - Processing /opt/airflow/dags/isr_pipeline.py took 0.192 seconds
[2026-04-05T06:02:14.219+0000] {processor.py:161} INFO - Started process (PID=57415) to work on /opt/airflow/dags/isr_pipeline.py
[2026-04-05T06:02:14.220+0000] {processor.py:830} INFO - Processing file /opt/airflow/dags/isr_pipeline.py for tasks to queue
[2026-04-05T06:02:14.222+0000] {logging_mixin.py:188} INFO - [2026-04-05T06:02:14.222+0000] {dagbag.py:540} INFO - Filling up the DagBag from /opt/airflow/dags/isr_pipeline.py
[2026-04-05T06:02:14.240+0000] {processor.py:840} INFO - DAG(s) 'isr_pipeline' retrieved from /opt/airflow/dags/isr_pipeline.py
[2026-04-05T06:02:14.276+0000] {logging_mixin.py:188} INFO - [2026-04-05T06:02:14.276+0000] {dag.py:3096} INFO - Sync 1 DAGs
[2026-04-05T06:02:14.318+0000] {processor.py:183} INFO - Processing /opt/airflow/dags/isr_pipeline.py took 0.107 seconds
[2026-04-05T06:02:44.451+0000] {processor.py:161} INFO - Started process (PID=57420) to work on /opt/airflow/dags/isr_pipeline.py
[2026-04-05T06:02:44.452+0000] {processor.py:830} INFO - Processing file /opt/airflow/dags/isr_pipeline.py for tasks to queue
[2026-04-05T06:02:44.454+0000] {logging_mixin.py:188} INFO - [2026-04-05T06:02:44.453+0000] {dagbag.py:540} INFO - Filling up the DagBag from /opt/airflow/dags/isr_pipeline.py
[2026-04-05T06:02:44.472+0000] {processor.py:840} INFO - DAG(s) 'isr_pipeline' retrieved from /opt/airflow/dags/isr_pipeline.py
[2026-04-05T06:02:44.508+0000] {logging_mixin.py:188} INFO - [2026-04-05T06:02:44.508+0000] {dag.py:3096} INFO - Sync 1 DAGs
[2026-04-05T06:02:44.551+0000] {processor.py:183} INFO - Processing /opt/airflow/dags/isr_pipeline.py took 0.107 seconds
[2026-04-05T06:03:14.778+0000] {processor.py:161} INFO - Started process (PID=57425) to work on /opt/airflow/dags/isr_pipeline.py
[2026-04-05T06:03:14.779+0000] {processor.py:830} INFO - Processing file /opt/airflow/dags/isr_pipeline.py for tasks to queue
[2026-04-05T06:03:14.781+0000] {logging_mixin.py:188} INFO - [2026-04-05T06:03:14.781+0000] {dagbag.py:540} INFO - Filling up the DagBag from /opt/airflow/dags/isr_pipeline.py
[2026-04-05T06:03:14.800+0000] {processor.py:840} INFO - DAG(s) 'isr_pipeline' retrieved from /opt/airflow/dags/isr_pipeline.py
[2026-04-05T06:03:14.838+0000] {logging_mixin.py:188} INFO - [2026-04-05T06:03:14.837+0000] {dag.py:3096} INFO - Sync 1 DAGs
[2026-04-05T06:03:14.917+0000] {processor.py:183} INFO - Processing /opt/airflow/dags/isr_pipeline.py took 0.153 seconds
[2026-04-05T06:03:44.982+0000] {processor.py:161} INFO - Started process (PID=57430) to work on /opt/airflow/dags/isr_pipeline.py
[2026-04-05T06:03:44.983+0000] {processor.py:830} INFO - Processing file /opt/airflow/dags/isr_pipeline.py for tasks to queue
[2026-04-05T06:03:44.985+0000] {logging_mixin.py:188} INFO - [2026-04-05T06:03:44.985+0000] {dagbag.py:540} INFO - Filling up the DagBag from /opt/airflow/dags/isr_pipeline.py
[2026-04-05T06:03:45.003+0000] {processor.py:840} INFO - DAG(s) 'isr_pipeline' retrieved from /opt/airflow/dags/isr_pipeline.py
[2026-04-05T06:03:45.042+0000] {logging_mixin.py:188} INFO - [2026-04-05T06:03:45.042+0000] {dag.py:3096} INFO - Sync 1 DAGs
[2026-04-05T06:03:45.087+0000] {processor.py:183} INFO - Processing /opt/airflow/dags/isr_pipeline.py took 0.113 seconds
[2026-04-05T06:04:15.331+0000] {processor.py:161} INFO - Started process (PID=57435) to work on /opt/airflow/dags/isr_pipeline.py
[2026-04-05T06:04:15.332+0000] {processor.py:830} INFO - Processing file /opt/airflow/dags/isr_pipeline.py for tasks to queue
[2026-04-05T06:04:15.334+0000] {logging_mixin.py:188} INFO - [2026-04-05T06:04:15.333+0000] {dagbag.py:540} INFO - Filling up the DagBag from /opt/airflow/dags/isr_pipeline.py
[2026-04-05T06:04:15.351+0000] {processor.py:840} INFO - DAG(s) 'isr_pipeline' retrieved from /opt/airflow/dags/isr_pipeline.py
[2026-04-05T06:04:15.388+0000] {logging_mixin.py:188} INFO - [2026-04-05T06:04:15.387+0000] {dag.py:3096} INFO - Sync 1 DAGs
[2026-04-05T06:04:15.429+0000] {processor.py:183} INFO - Processing /opt/airflow/dags/isr_pipeline.py took 0.106 seconds
[2026-04-05T06:04:45.518+0000] {processor.py:161} INFO - Started process (PID=57440) to work on /opt/airflow/dags/isr_pipeline.py
[2026-04-05T06:04:45.519+0000] {processor.py:830} INFO - Processing file /opt/airflow/dags/isr_pipeline.py for tasks to queue
[2026-04-05T06:04:45.521+0000] {logging_mixin.py:188} INFO - [2026-04-05T06:04:45.520+0000] {dagbag.py:540} INFO - Filling up the DagBag from /opt/airflow/dags/isr_pipeline.py
[2026-04-05T06:04:45.538+0000] {processor.py:840} INFO - DAG(s) 'isr_pipeline' retrieved from /opt/airflow/dags/isr_pipeline.py
[2026-04-05T06:04:45.575+0000] {logging_mixin.py:188} INFO - [2026-04-05T06:04:45.574+0000] {dag.py:3096} INFO - Sync 1 DAGs
[2026-04-05T06:04:45.618+0000] {processor.py:183} INFO - Processing /opt/airflow/dags/isr_pipeline.py took 0.108 seconds
[2026-04-05T06:05:15.770+0000] {processor.py:161} INFO - Started process (PID=57445) to work on /opt/airflow/dags/isr_pipeline.py
[2026-04-05T06:05:15.772+0000] {processor.py:830} INFO - Processing file /opt/airflow/dags/isr_pipeline.py for tasks to queue
[2026-04-05T06:05:15.773+0000] {logging_mixin.py:188} INFO - [2026-04-05T06:05:15.773+0000] {dagbag.py:540} INFO - Filling up the DagBag from /opt/airflow/dags/isr_pipeline.py
[2026-04-05T06:05:15.792+0000] {processor.py:840} INFO - DAG(s) 'isr_pipeline' retrieved from /opt/airflow/dags/isr_pipeline.py
[2026-04-05T06:05:15.832+0000] {logging_mixin.py:188} INFO - [2026-04-05T06:05:15.831+0000] {dag.py:3096} INFO - Sync 1 DAGs
[2026-04-05T06:05:15.874+0000] {processor.py:183} INFO - Processing /opt/airflow/dags/isr_pipeline.py took 0.112 seconds
[2026-04-05T06:05:46.011+0000] {processor.py:161} INFO - Started process (PID=57450) to work on /opt/airflow/dags/isr_pipeline.py
[2026-04-05T06:05:46.013+0000] {processor.py:830} INFO - Processing file /opt/airflow/dags/isr_pipeline.py for tasks to queue
[2026-04-05T06:05:46.014+0000] {logging_mixin.py:188} INFO - [2026-04-05T06:05:46.014+0000] {dagbag.py:540} INFO - Filling up the DagBag from /opt/airflow/dags/isr_pipeline.py
[2026-04-05T06:05:46.032+0000] {processor.py:840} INFO - DAG(s) 'isr_pipeline' retrieved from /opt/airflow/dags/isr_pipeline.py
[2026-04-05T06:05:46.069+0000] {logging_mixin.py:188} INFO - [2026-04-05T06:05:46.069+0000] {dag.py:3096} INFO - Sync 1 DAGs
[2026-04-05T06:05:46.112+0000] {processor.py:183} INFO - Processing /opt/airflow/dags/isr_pipeline.py took 0.109 seconds
[2026-04-05T06:06:16.323+0000] {processor.py:161} INFO - Started process (PID=57455) to work on /opt/airflow/dags/isr_pipeline.py
[2026-04-05T06:06:16.325+0000] {processor.py:830} INFO - Processing file /opt/airflow/dags/isr_pipeline.py for tasks to queue
[2026-04-05T06:06:16.326+0000] {logging_mixin.py:188} INFO - [2026-04-05T06:06:16.326+0000] {dagbag.py:540} INFO - Filling up the DagBag from /opt/airflow/dags/isr_pipeline.py
[2026-04-05T06:06:16.345+0000] {processor.py:840} INFO - DAG(s) 'isr_pipeline' retrieved from /opt/airflow/dags/isr_pipeline.py
[2026-04-05T06:06:16.382+0000] {logging_mixin.py:188} INFO - [2026-04-05T06:06:16.382+0000] {dag.py:3096} INFO - Sync 1 DAGs
[2026-04-05T06:06:16.424+0000] {processor.py:183} INFO - Processing /opt/airflow/dags/isr_pipeline.py took 0.109 seconds
[2026-04-05T06:06:46.502+0000] {processor.py:161} INFO - Started process (PID=57460) to work on /opt/airflow/dags/isr_pipeline.py
[2026-04-05T06:06:46.504+0000] {processor.py:830} INFO - Processing file /opt/airflow/dags/isr_pipeline.py for tasks to queue
[2026-04-05T06:06:46.506+0000] {logging_mixin.py:188} INFO - [2026-04-05T06:06:46.506+0000] {dagbag.py:540} INFO - Filling up the DagBag from /opt/airflow/dags/isr_pipeline.py
[2026-04-05T06:06:46.526+0000] {processor.py:840} INFO - DAG(s) 'isr_pipeline' retrieved from /opt/airflow/dags/isr_pipeline.py
[2026-04-05T06:06:46.564+0000] {logging_mixin.py:188} INFO - [2026-04-05T06:06:46.564+0000] {dag.py:3096} INFO - Sync 1 DAGs
[2026-04-05T06:06:46.609+0000] {processor.py:183} INFO - Processing /opt/airflow/dags/isr_pipeline.py took 0.115 seconds
[2026-04-05T06:07:16.820+0000] {processor.py:161} INFO - Started process (PID=57465) to work on /opt/airflow/dags/isr_pipeline.py
[2026-04-05T06:07:16.822+0000] {processor.py:830} INFO - Processing file /opt/airflow/dags/isr_pipeline.py for tasks to queue
[2026-04-05T06:07:16.823+0000] {logging_mixin.py:188} INFO - [2026-04-05T06:07:16.823+0000] {dagbag.py:540} INFO - Filling up the DagBag from /opt/airflow/dags/isr_pipeline.py
[2026-04-05T06:07:16.842+0000] {processor.py:840} INFO - DAG(s) 'isr_pipeline' retrieved from /opt/airflow/dags/isr_pipeline.py
[2026-04-05T06:07:16.882+0000] {logging_mixin.py:188} INFO - [2026-04-05T06:07:16.881+0000] {dag.py:3096} INFO - Sync 1 DAGs
[2026-04-05T06:07:16.956+0000] {processor.py:183} INFO - Processing /opt/airflow/dags/isr_pipeline.py took 0.145 seconds
[2026-04-05T06:07:47.021+0000] {processor.py:161} INFO - Started process (PID=57470) to work on /opt/airflow/dags/isr_pipeline.py
[2026-04-05T06:07:47.022+0000] {processor.py:830} INFO - Processing file /opt/airflow/dags/isr_pipeline.py for tasks to queue
[2026-04-05T06:07:47.024+0000] {logging_mixin.py:188} INFO - [2026-04-05T06:07:47.023+0000] {dagbag.py:540} INFO - Filling up the DagBag from /opt/airflow/dags/isr_pipeline.py
[2026-04-05T06:07:47.042+0000] {processor.py:840} INFO - DAG(s) 'isr_pipeline' retrieved from /opt/airflow/dags/isr_pipeline.py
[2026-04-05T06:07:47.080+0000] {logging_mixin.py:188} INFO - [2026-04-05T06:07:47.079+0000] {dag.py:3096} INFO - Sync 1 DAGs
[2026-04-05T06:07:47.122+0000] {processor.py:183} INFO - Processing /opt/airflow/dags/isr_pipeline.py took 0.109 seconds
[2026-04-05T06:08:17.184+0000] {processor.py:161} INFO - Started process (PID=57475) to work on /opt/airflow/dags/isr_pipeline.py
[2026-04-05T06:08:17.186+0000] {processor.py:830} INFO - Processing file /opt/airflow/dags/isr_pipeline.py for tasks to queue
[2026-04-05T06:08:17.187+0000] {logging_mixin.py:188} INFO - [2026-04-05T06:08:17.187+0000] {dagbag.py:540} INFO - Filling up the DagBag from /opt/airflow/dags/isr_pipeline.py
[2026-04-05T06:08:17.205+0000] {processor.py:840} INFO - DAG(s) 'isr_pipeline' retrieved from /opt/airflow/dags/isr_pipeline.py
[2026-04-05T06:08:17.241+0000] {logging_mixin.py:188} INFO - [2026-04-05T06:08:17.241+0000] {dag.py:3096} INFO - Sync 1 DAGs
[2026-04-05T06:08:17.283+0000] {processor.py:183} INFO - Processing /opt/airflow/dags/isr_pipeline.py took 0.109 seconds
[2026-04-05T06:08:47.483+0000] {processor.py:161} INFO - Started process (PID=57480) to work on /opt/airflow/dags/isr_pipeline.py
[2026-04-05T06:08:47.484+0000] {processor.py:830} INFO - Processing file /opt/airflow/dags/isr_pipeline.py for tasks to queue
[2026-04-05T06:08:47.486+0000] {logging_mixin.py:188} INFO - [2026-04-05T06:08:47.485+0000] {dagbag.py:540} INFO - Filling up the DagBag from /opt/airflow/dags/isr_pipeline.py
[2026-04-05T06:08:47.503+0000] {processor.py:840} INFO - DAG(s) 'isr_pipeline' retrieved from /opt/airflow/dags/isr_pipeline.py
[2026-04-05T06:08:47.540+0000] {logging_mixin.py:188} INFO - [2026-04-05T06:08:47.540+0000] {dag.py:3096} INFO - Sync 1 DAGs
[2026-04-05T06:08:47.583+0000] {processor.py:183} INFO - Processing /opt/airflow/dags/isr_pipeline.py took 0.109 seconds
[2026-04-05T06:09:17.631+0000] {processor.py:161} INFO - Started process (PID=57485) to work on /opt/airflow/dags/isr_pipeline.py
[2026-04-05T06:09:17.633+0000] {processor.py:830} INFO - Processing file /opt/airflow/dags/isr_pipeline.py for tasks to queue
[2026-04-05T06:09:17.634+0000] {logging_mixin.py:188} INFO - [2026-04-05T06:09:17.634+0000] {dagbag.py:540} INFO - Filling up the DagBag from /opt/airflow/dags/isr_pipeline.py
[2026-04-05T06:09:17.652+0000] {processor.py:840} INFO - DAG(s) 'isr_pipeline' retrieved from /opt/airflow/dags/isr_pipeline.py
[2026-04-05T06:09:17.690+0000] {logging_mixin.py:188} INFO - [2026-04-05T06:09:17.689+0000] {dag.py:3096} INFO - Sync 1 DAGs
[2026-04-05T06:09:17.734+0000] {processor.py:183} INFO - Processing /opt/airflow/dags/isr_pipeline.py took 0.111 seconds
[2026-04-05T06:09:47.863+0000] {processor.py:161} INFO - Started process (PID=57490) to work on /opt/airflow/dags/isr_pipeline.py
[2026-04-05T06:09:47.865+0000] {processor.py:830} INFO - Processing file /opt/airflow/dags/isr_pipeline.py for tasks to queue
[2026-04-05T06:09:47.867+0000] {logging_mixin.py:188} INFO - [2026-04-05T06:09:47.866+0000] {dagbag.py:540} INFO - Filling up the DagBag from /opt/airflow/dags/isr_pipeline.py
[2026-04-05T06:09:47.886+0000] {processor.py:840} INFO - DAG(s) 'isr_pipeline' retrieved from /opt/airflow/dags/isr_pipeline.py
[2026-04-05T06:09:47.924+0000] {logging_mixin.py:188} INFO - [2026-04-05T06:09:47.924+0000] {dag.py:3096} INFO - Sync 1 DAGs
[2026-04-05T06:09:47.968+0000] {processor.py:183} INFO - Processing /opt/airflow/dags/isr_pipeline.py took 0.114 seconds
[2026-04-05T06:10:18.154+0000] {processor.py:161} INFO - Started process (PID=57495) to work on /opt/airflow/dags/isr_pipeline.py
[2026-04-05T06:10:18.156+0000] {processor.py:830} INFO - Processing file /opt/airflow/dags/isr_pipeline.py for tasks to queue
[2026-04-05T06:10:18.158+0000] {logging_mixin.py:188} INFO - [2026-04-05T06:10:18.157+0000] {dagbag.py:540} INFO - Filling up the DagBag from /opt/airflow/dags/isr_pipeline.py
[2026-04-05T06:10:18.175+0000] {processor.py:840} INFO - DAG(s) 'isr_pipeline' retrieved from /opt/airflow/dags/isr_pipeline.py
[2026-04-05T06:10:18.211+0000] {logging_mixin.py:188} INFO - [2026-04-05T06:10:18.211+0000] {dag.py:3096} INFO - Sync 1 DAGs
[2026-04-05T06:10:18.252+0000] {processor.py:183} INFO - Processing /opt/airflow/dags/isr_pipeline.py took 0.107 seconds
[2026-04-05T06:10:48.377+0000] {processor.py:161} INFO - Started process (PID=57500) to work on /opt/airflow/dags/isr_pipeline.py
[2026-04-05T06:10:48.379+0000] {processor.py:830} INFO - Processing file /opt/airflow/dags/isr_pipeline.py for tasks to queue
[2026-04-05T06:10:48.381+0000] {logging_mixin.py:188} INFO - [2026-04-05T06:10:48.380+0000] {dagbag.py:540} INFO - Filling up the DagBag from /opt/airflow/dags/isr_pipeline.py
[2026-04-05T06:10:48.401+0000] {processor.py:840} INFO - DAG(s) 'isr_pipeline' retrieved from /opt/airflow/dags/isr_pipeline.py
[2026-04-05T06:10:48.441+0000] {logging_mixin.py:188} INFO - [2026-04-05T06:10:48.441+0000] {dag.py:3096} INFO - Sync 1 DAGs
[2026-04-05T06:10:48.488+0000] {processor.py:183} INFO - Processing /opt/airflow/dags/isr_pipeline.py took 0.121 seconds
[2026-04-05T06:11:18.554+0000] {processor.py:161} INFO - Started process (PID=57505) to work on /opt/airflow/dags/isr_pipeline.py
[2026-04-05T06:11:18.556+0000] {processor.py:830} INFO - Processing file /opt/airflow/dags/isr_pipeline.py for tasks to queue
[2026-04-05T06:11:18.557+0000] {logging_mixin.py:188} INFO - [2026-04-05T06:11:18.557+0000] {dagbag.py:540} INFO - Filling up the DagBag from /opt/airflow/dags/isr_pipeline.py
[2026-04-05T06:11:18.575+0000] {processor.py:840} INFO - DAG(s) 'isr_pipeline' retrieved from /opt/airflow/dags/isr_pipeline.py
[2026-04-05T06:11:18.614+0000] {logging_mixin.py:188} INFO - [2026-04-05T06:11:18.614+0000] {dag.py:3096} INFO - Sync 1 DAGs
[2026-04-05T06:11:18.657+0000] {processor.py:183} INFO - Processing /opt/airflow/dags/isr_pipeline.py took 0.111 seconds
[2026-04-05T06:11:48.746+0000] {processor.py:161} INFO - Started process (PID=57510) to work on /opt/airflow/dags/isr_pipeline.py
[2026-04-05T06:11:48.748+0000] {processor.py:830} INFO - Processing file /opt/airflow/dags/isr_pipeline.py for tasks to queue
[2026-04-05T06:11:48.750+0000] {logging_mixin.py:188} INFO - [2026-04-05T06:11:48.749+0000] {dagbag.py:540} INFO - Filling up the DagBag from /opt/airflow/dags/isr_pipeline.py
[2026-04-05T06:11:48.768+0000] {processor.py:840} INFO - DAG(s) 'isr_pipeline' retrieved from /opt/airflow/dags/isr_pipeline.py
[2026-04-05T06:11:48.806+0000] {logging_mixin.py:188} INFO - [2026-04-05T06:11:48.806+0000] {dag.py:3096} INFO - Sync 1 DAGs
[2026-04-05T06:11:48.849+0000] {processor.py:183} INFO - Processing /opt/airflow/dags/isr_pipeline.py took 0.110 seconds
[2026-04-05T06:12:18.963+0000] {processor.py:161} INFO - Started process (PID=57515) to work on /opt/airflow/dags/isr_pipeline.py
[2026-04-05T06:12:18.965+0000] {processor.py:830} INFO - Processing file /opt/airflow/dags/isr_pipeline.py for tasks to queue
[2026-04-05T06:12:18.967+0000] {logging_mixin.py:188} INFO - [2026-04-05T06:12:18.966+0000] {dagbag.py:540} INFO - Filling up the DagBag from /opt/airflow/dags/isr_pipeline.py
[2026-04-05T06:12:18.985+0000] {processor.py:840} INFO - DAG(s) 'isr_pipeline' retrieved from /opt/airflow/dags/isr_pipeline.py
[2026-04-05T06:12:19.023+0000] {logging_mixin.py:188} INFO - [2026-04-05T06:12:19.023+0000] {dag.py:3096} INFO - Sync 1 DAGs
[2026-04-05T06:12:19.064+0000] {processor.py:183} INFO - Processing /opt/airflow/dags/isr_pipeline.py took 0.109 seconds
[2026-04-05T06:12:49.182+0000] {processor.py:161} INFO - Started process (PID=57520) to work on /opt/airflow/dags/isr_pipeline.py
[2026-04-05T06:12:49.184+0000] {processor.py:830} INFO - Processing file /opt/airflow/dags/isr_pipeline.py for tasks to queue
[2026-04-05T06:12:49.186+0000] {logging_mixin.py:188} INFO - [2026-04-05T06:12:49.185+0000] {dagbag.py:540} INFO - Filling up the DagBag from /opt/airflow/dags/isr_pipeline.py
[2026-04-05T06:12:49.204+0000] {processor.py:840} INFO - DAG(s) 'isr_pipeline' retrieved from /opt/airflow/dags/isr_pipeline.py
[2026-04-05T06:12:49.241+0000] {logging_mixin.py:188} INFO - [2026-04-05T06:12:49.241+0000] {dag.py:3096} INFO - Sync 1 DAGs
[2026-04-05T06:12:49.282+0000] {processor.py:183} INFO - Processing /opt/airflow/dags/isr_pipeline.py took 0.109 seconds
[2026-04-05T06:13:19.438+0000] {processor.py:161} INFO - Started process (PID=57525) to work on /opt/airflow/dags/isr_pipeline.py
[2026-04-05T06:13:19.440+0000] {processor.py:830} INFO - Processing file /opt/airflow/dags/isr_pipeline.py for tasks to queue
[2026-04-05T06:13:19.442+0000] {logging_mixin.py:188} INFO - [2026-04-05T06:13:19.441+0000] {dagbag.py:540} INFO - Filling up the DagBag from /opt/airflow/dags/isr_pipeline.py
[2026-04-05T06:13:19.459+0000] {processor.py:840} INFO - DAG(s) 'isr_pipeline' retrieved from /opt/airflow/dags/isr_pipeline.py
[2026-04-05T06:13:19.496+0000] {logging_mixin.py:188} INFO - [2026-04-05T06:13:19.496+0000] {dag.py:3096} INFO - Sync 1 DAGs
[2026-04-05T06:13:19.539+0000] {processor.py:183} INFO - Processing /opt/airflow/dags/isr_pipeline.py took 0.109 seconds
[2026-04-05T06:13:49.606+0000] {processor.py:161} INFO - Started process (PID=57530) to work on /opt/airflow/dags/isr_pipeline.py
[2026-04-05T06:13:49.608+0000] {processor.py:830} INFO - Processing file /opt/airflow/dags/isr_pipeline.py for tasks to queue
[2026-04-05T06:13:49.610+0000] {logging_mixin.py:188} INFO - [2026-04-05T06:13:49.609+0000] {dagbag.py:540} INFO - Filling up the DagBag from /opt/airflow/dags/isr_pipeline.py
[2026-04-05T06:13:49.629+0000] {processor.py:840} INFO - DAG(s) 'isr_pipeline' retrieved from /opt/airflow/dags/isr_pipeline.py
[2026-04-05T06:13:49.666+0000] {logging_mixin.py:188} INFO - [2026-04-05T06:13:49.666+0000] {dag.py:3096} INFO - Sync 1 DAGs
[2026-04-05T06:13:49.710+0000] {processor.py:183} INFO - Processing /opt/airflow/dags/isr_pipeline.py took 0.113 seconds
[2026-04-05T06:14:19.883+0000] {processor.py:161} INFO - Started process (PID=57535) to work on /opt/airflow/dags/isr_pipeline.py
[2026-04-05T06:14:19.885+0000] {processor.py:830} INFO - Processing file /opt/airflow/dags/isr_pipeline.py for tasks to queue
[2026-04-05T06:14:19.886+0000] {logging_mixin.py:188} INFO - [2026-04-05T06:14:19.886+0000] {dagbag.py:540} INFO - Filling up the DagBag from /opt/airflow/dags/isr_pipeline.py
[2026-04-05T06:14:19.906+0000] {processor.py:840} INFO - DAG(s) 'isr_pipeline' retrieved from /opt/airflow/dags/isr_pipeline.py
[2026-04-05T06:14:19.943+0000] {logging_mixin.py:188} INFO - [2026-04-05T06:14:19.943+0000] {dag.py:3096} INFO - Sync 1 DAGs
[2026-04-05T06:14:19.988+0000] {processor.py:183} INFO - Processing /opt/airflow/dags/isr_pipeline.py took 0.114 seconds
[2026-04-05T06:14:50.207+0000] {processor.py:161} INFO - Started process (PID=57540) to work on /opt/airflow/dags/isr_pipeline.py
[2026-04-05T06:14:50.209+0000] {processor.py:830} INFO - Processing file /opt/airflow/dags/isr_pipeline.py for tasks to queue
[2026-04-05T06:14:50.211+0000] {logging_mixin.py:188} INFO - [2026-04-05T06:14:50.210+0000] {dagbag.py:540} INFO - Filling up the DagBag from /opt/airflow/dags/isr_pipeline.py
[2026-04-05T06:14:50.229+0000] {processor.py:840} INFO - DAG(s) 'isr_pipeline' retrieved from /opt/airflow/dags/isr_pipeline.py
[2026-04-05T06:14:50.265+0000] {logging_mixin.py:188} INFO - [2026-04-05T06:14:50.265+0000] {dag.py:3096} INFO - Sync 1 DAGs
[2026-04-05T06:14:50.306+0000] {processor.py:183} INFO - Processing /opt/airflow/dags/isr_pipeline.py took 0.112 seconds
[2026-04-05T06:15:20.415+0000] {processor.py:161} INFO - Started process (PID=57545) to work on /opt/airflow/dags/isr_pipeline.py
[2026-04-05T06:15:20.417+0000] {processor.py:830} INFO - Processing file /opt/airflow/dags/isr_pipeline.py for tasks to queue
[2026-04-05T06:15:20.418+0000] {logging_mixin.py:188} INFO - [2026-04-05T06:15:20.418+0000] {dagbag.py:540} INFO - Filling up the DagBag from /opt/airflow/dags/isr_pipeline.py
[2026-04-05T06:15:20.436+0000] {processor.py:840} INFO - DAG(s) 'isr_pipeline' retrieved from /opt/airflow/dags/isr_pipeline.py
[2026-04-05T06:15:20.472+0000] {logging_mixin.py:188} INFO - [2026-04-05T06:15:20.472+0000] {dag.py:3096} INFO - Sync 1 DAGs
[2026-04-05T06:15:20.513+0000] {processor.py:183} INFO - Processing /opt/airflow/dags/isr_pipeline.py took 0.106 seconds
[2026-04-05T06:15:50.658+0000] {processor.py:161} INFO - Started process (PID=57550) to work on /opt/airflow/dags/isr_pipeline.py
[2026-04-05T06:15:50.660+0000] {processor.py:830} INFO - Processing file /opt/airflow/dags/isr_pipeline.py for tasks to queue
[2026-04-05T06:15:50.661+0000] {logging_mixin.py:188} INFO - [2026-04-05T06:15:50.661+0000] {dagbag.py:540} INFO - Filling up the DagBag from /opt/airflow/dags/isr_pipeline.py
[2026-04-05T06:15:50.679+0000] {processor.py:840} INFO - DAG(s) 'isr_pipeline' retrieved from /opt/airflow/dags/isr_pipeline.py
[2026-04-05T06:15:50.717+0000] {logging_mixin.py:188} INFO - [2026-04-05T06:15:50.717+0000] {dag.py:3096} INFO - Sync 1 DAGs
[2026-04-05T06:15:50.759+0000] {processor.py:183} INFO - Processing /opt/airflow/dags/isr_pipeline.py took 0.111 seconds
[2026-04-05T06:16:21.034+0000] {processor.py:161} INFO - Started process (PID=57555) to work on /opt/airflow/dags/isr_pipeline.py
[2026-04-05T06:16:21.037+0000] {processor.py:830} INFO - Processing file /opt/airflow/dags/isr_pipeline.py for tasks to queue
[2026-04-05T06:16:21.041+0000] {logging_mixin.py:188} INFO - [2026-04-05T06:16:21.040+0000] {dagbag.py:540} INFO - Filling up the DagBag from /opt/airflow/dags/isr_pipeline.py
[2026-04-05T06:16:21.063+0000] {processor.py:840} INFO - DAG(s) 'isr_pipeline' retrieved from /opt/airflow/dags/isr_pipeline.py
[2026-04-05T06:16:21.189+0000] {logging_mixin.py:188} INFO - [2026-04-05T06:16:21.188+0000] {dag.py:3096} INFO - Sync 1 DAGs
[2026-04-05T06:16:21.270+0000] {processor.py:183} INFO - Processing /opt/airflow/dags/isr_pipeline.py took 0.263 seconds
[2026-04-05T06:16:51.493+0000] {processor.py:161} INFO - Started process (PID=57560) to work on /opt/airflow/dags/isr_pipeline.py
[2026-04-05T06:16:51.495+0000] {processor.py:830} INFO - Processing file /opt/airflow/dags/isr_pipeline.py for tasks to queue
[2026-04-05T06:16:51.497+0000] {logging_mixin.py:188} INFO - [2026-04-05T06:16:51.497+0000] {dagbag.py:540} INFO - Filling up the DagBag from /opt/airflow/dags/isr_pipeline.py
[2026-04-05T06:16:51.516+0000] {processor.py:840} INFO - DAG(s) 'isr_pipeline' retrieved from /opt/airflow/dags/isr_pipeline.py
[2026-04-05T06:16:51.555+0000] {logging_mixin.py:188} INFO - [2026-04-05T06:16:51.555+0000] {dag.py:3096} INFO - Sync 1 DAGs
[2026-04-05T06:16:51.604+0000] {processor.py:183} INFO - Processing /opt/airflow/dags/isr_pipeline.py took 0.119 seconds
[2026-04-05T06:17:21.795+0000] {processor.py:161} INFO - Started process (PID=57565) to work on /opt/airflow/dags/isr_pipeline.py
[2026-04-05T06:17:21.803+0000] {processor.py:830} INFO - Processing file /opt/airflow/dags/isr_pipeline.py for tasks to queue
[2026-04-05T06:17:21.822+0000] {logging_mixin.py:188} INFO - [2026-04-05T06:17:21.821+0000] {dagbag.py:540} INFO - Filling up the DagBag from /opt/airflow/dags/isr_pipeline.py
[2026-04-05T06:17:21.865+0000] {processor.py:840} INFO - DAG(s) 'isr_pipeline' retrieved from /opt/airflow/dags/isr_pipeline.py
[2026-04-05T06:17:21.931+0000] {logging_mixin.py:188} INFO - [2026-04-05T06:17:21.931+0000] {dag.py:3096} INFO - Sync 1 DAGs
[2026-04-05T06:17:21.992+0000] {processor.py:183} INFO - Processing /opt/airflow/dags/isr_pipeline.py took 0.206 seconds
[2026-04-05T06:17:52.183+0000] {processor.py:161} INFO - Started process (PID=57570) to work on /opt/airflow/dags/isr_pipeline.py
[2026-04-05T06:17:52.185+0000] {processor.py:830} INFO - Processing file /opt/airflow/dags/isr_pipeline.py for tasks to queue
[2026-04-05T06:17:52.186+0000] {logging_mixin.py:188} INFO - [2026-04-05T06:17:52.186+0000] {dagbag.py:540} INFO - Filling up the DagBag from /opt/airflow/dags/isr_pipeline.py
[2026-04-05T06:17:52.206+0000] {processor.py:840} INFO - DAG(s) 'isr_pipeline' retrieved from /opt/airflow/dags/isr_pipeline.py
[2026-04-05T06:17:52.245+0000] {logging_mixin.py:188} INFO - [2026-04-05T06:17:52.245+0000] {dag.py:3096} INFO - Sync 1 DAGs
[2026-04-05T06:17:52.290+0000] {processor.py:183} INFO - Processing /opt/airflow/dags/isr_pipeline.py took 0.116 seconds
[2026-04-05T06:18:22.362+0000] {processor.py:161} INFO - Started process (PID=57575) to work on /opt/airflow/dags/isr_pipeline.py
[2026-04-05T06:18:22.364+0000] {processor.py:830} INFO - Processing file /opt/airflow/dags/isr_pipeline.py for tasks to queue
[2026-04-05T06:18:22.365+0000] {logging_mixin.py:188} INFO - [2026-04-05T06:18:22.365+0000] {dagbag.py:540} INFO - Filling up the DagBag from /opt/airflow/dags/isr_pipeline.py
[2026-04-05T06:18:22.383+0000] {processor.py:840} INFO - DAG(s) 'isr_pipeline' retrieved from /opt/airflow/dags/isr_pipeline.py
[2026-04-05T06:18:22.421+0000] {logging_mixin.py:188} INFO - [2026-04-05T06:18:22.420+0000] {dag.py:3096} INFO - Sync 1 DAGs
[2026-04-05T06:18:22.465+0000] {processor.py:183} INFO - Processing /opt/airflow/dags/isr_pipeline.py took 0.110 seconds
[2026-04-05T06:18:52.733+0000] {processor.py:161} INFO - Started process (PID=57580) to work on /opt/airflow/dags/isr_pipeline.py
[2026-04-05T06:18:52.736+0000] {processor.py:830} INFO - Processing file /opt/airflow/dags/isr_pipeline.py for tasks to queue
[2026-04-05T06:18:52.739+0000] {logging_mixin.py:188} INFO - [2026-04-05T06:18:52.738+0000] {dagbag.py:540} INFO - Filling up the DagBag from /opt/airflow/dags/isr_pipeline.py
[2026-04-05T06:18:52.770+0000] {processor.py:840} INFO - DAG(s) 'isr_pipeline' retrieved from /opt/airflow/dags/isr_pipeline.py
[2026-04-05T06:18:52.811+0000] {logging_mixin.py:188} INFO - [2026-04-05T06:18:52.811+0000] {dag.py:3096} INFO - Sync 1 DAGs
[2026-04-05T06:18:52.856+0000] {processor.py:183} INFO - Processing /opt/airflow/dags/isr_pipeline.py took 0.196 seconds
[2026-04-05T06:19:23.078+0000] {processor.py:161} INFO - Started process (PID=57585) to work on /opt/airflow/dags/isr_pipeline.py
[2026-04-05T06:19:23.080+0000] {processor.py:830} INFO - Processing file /opt/airflow/dags/isr_pipeline.py for tasks to queue
[2026-04-05T06:19:23.082+0000] {logging_mixin.py:188} INFO - [2026-04-05T06:19:23.082+0000] {dagbag.py:540} INFO - Filling up the DagBag from /opt/airflow/dags/isr_pipeline.py
[2026-04-05T06:19:23.101+0000] {processor.py:840} INFO - DAG(s) 'isr_pipeline' retrieved from /opt/airflow/dags/isr_pipeline.py
[2026-04-05T06:19:23.139+0000] {logging_mixin.py:188} INFO - [2026-04-05T06:19:23.138+0000] {dag.py:3096} INFO - Sync 1 DAGs
[2026-04-05T06:19:23.185+0000] {processor.py:183} INFO - Processing /opt/airflow/dags/isr_pipeline.py took 0.116 seconds
[2026-04-05T06:19:53.268+0000] {processor.py:161} INFO - Started process (PID=57590) to work on /opt/airflow/dags/isr_pipeline.py
[2026-04-05T06:19:53.269+0000] {processor.py:830} INFO - Processing file /opt/airflow/dags/isr_pipeline.py for tasks to queue
[2026-04-05T06:19:53.271+0000] {logging_mixin.py:188} INFO - [2026-04-05T06:19:53.271+0000] {dagbag.py:540} INFO - Filling up the DagBag from /opt/airflow/dags/isr_pipeline.py
[2026-04-05T06:19:53.289+0000] {processor.py:840} INFO - DAG(s) 'isr_pipeline' retrieved from /opt/airflow/dags/isr_pipeline.py
[2026-04-05T06:19:53.329+0000] {logging_mixin.py:188} INFO - [2026-04-05T06:19:53.328+0000] {dag.py:3096} INFO - Sync 1 DAGs
[2026-04-05T06:19:53.372+0000] {processor.py:183} INFO - Processing /opt/airflow/dags/isr_pipeline.py took 0.114 seconds
[2026-04-05T06:20:23.527+0000] {processor.py:161} INFO - Started process (PID=57595) to work on /opt/airflow/dags/isr_pipeline.py
[2026-04-05T06:20:23.529+0000] {processor.py:830} INFO - Processing file /opt/airflow/dags/isr_pipeline.py for tasks to queue
[2026-04-05T06:20:23.530+0000] {logging_mixin.py:188} INFO - [2026-04-05T06:20:23.530+0000] {dagbag.py:540} INFO - Filling up the DagBag from /opt/airflow/dags/isr_pipeline.py
[2026-04-05T06:20:23.549+0000] {processor.py:840} INFO - DAG(s) 'isr_pipeline' retrieved from /opt/airflow/dags/isr_pipeline.py
[2026-04-05T06:20:23.586+0000] {logging_mixin.py:188} INFO - [2026-04-05T06:20:23.586+0000] {dag.py:3096} INFO - Sync 1 DAGs
[2026-04-05T06:20:23.631+0000] {processor.py:183} INFO - Processing /opt/airflow/dags/isr_pipeline.py took 0.111 seconds
[2026-04-05T06:20:53.684+0000] {processor.py:161} INFO - Started process (PID=57600) to work on /opt/airflow/dags/isr_pipeline.py
[2026-04-05T06:20:53.685+0000] {processor.py:830} INFO - Processing file /opt/airflow/dags/isr_pipeline.py for tasks to queue
[2026-04-05T06:20:53.687+0000] {logging_mixin.py:188} INFO - [2026-04-05T06:20:53.686+0000] {dagbag.py:540} INFO - Filling up the DagBag from /opt/airflow/dags/isr_pipeline.py
[2026-04-05T06:20:53.705+0000] {processor.py:840} INFO - DAG(s) 'isr_pipeline' retrieved from /opt/airflow/dags/isr_pipeline.py
[2026-04-05T06:20:53.743+0000] {logging_mixin.py:188} INFO - [2026-04-05T06:20:53.742+0000] {dag.py:3096} INFO - Sync 1 DAGs
[2026-04-05T06:20:53.791+0000] {processor.py:183} INFO - Processing /opt/airflow/dags/isr_pipeline.py took 0.116 seconds
[2026-04-05T06:21:23.994+0000] {processor.py:161} INFO - Started process (PID=57605) to work on /opt/airflow/dags/isr_pipeline.py
[2026-04-05T06:21:23.996+0000] {processor.py:830} INFO - Processing file /opt/airflow/dags/isr_pipeline.py for tasks to queue
[2026-04-05T06:21:23.997+0000] {logging_mixin.py:188} INFO - [2026-04-05T06:21:23.997+0000] {dagbag.py:540} INFO - Filling up the DagBag from /opt/airflow/dags/isr_pipeline.py
[2026-04-05T06:21:24.015+0000] {processor.py:840} INFO - DAG(s) 'isr_pipeline' retrieved from /opt/airflow/dags/isr_pipeline.py
[2026-04-05T06:21:24.052+0000] {logging_mixin.py:188} INFO - [2026-04-05T06:21:24.052+0000] {dag.py:3096} INFO - Sync 1 DAGs
[2026-04-05T06:21:24.096+0000] {processor.py:183} INFO - Processing /opt/airflow/dags/isr_pipeline.py took 0.110 seconds
[2026-04-05T06:21:54.219+0000] {processor.py:161} INFO - Started process (PID=57610) to work on /opt/airflow/dags/isr_pipeline.py
[2026-04-05T06:21:54.220+0000] {processor.py:830} INFO - Processing file /opt/airflow/dags/isr_pipeline.py for tasks to queue
[2026-04-05T06:21:54.222+0000] {logging_mixin.py:188} INFO - [2026-04-05T06:21:54.222+0000] {dagbag.py:540} INFO - Filling up the DagBag from /opt/airflow/dags/isr_pipeline.py
[2026-04-05T06:21:54.241+0000] {processor.py:840} INFO - DAG(s) 'isr_pipeline' retrieved from /opt/airflow/dags/isr_pipeline.py
[2026-04-05T06:21:54.280+0000] {logging_mixin.py:188} INFO - [2026-04-05T06:21:54.279+0000] {dag.py:3096} INFO - Sync 1 DAGs
[2026-04-05T06:21:54.322+0000] {processor.py:183} INFO - Processing /opt/airflow/dags/isr_pipeline.py took 0.112 seconds
[2026-04-05T06:22:24.466+0000] {processor.py:161} INFO - Started process (PID=57615) to work on /opt/airflow/dags/isr_pipeline.py
[2026-04-05T06:22:24.468+0000] {processor.py:830} INFO - Processing file /opt/airflow/dags/isr_pipeline.py for tasks to queue
[2026-04-05T06:22:24.469+0000] {logging_mixin.py:188} INFO - [2026-04-05T06:22:24.469+0000] {dagbag.py:540} INFO - Filling up the DagBag from /opt/airflow/dags/isr_pipeline.py
[2026-04-05T06:22:24.487+0000] {processor.py:840} INFO - DAG(s) 'isr_pipeline' retrieved from /opt/airflow/dags/isr_pipeline.py
[2026-04-05T06:22:24.528+0000] {logging_mixin.py:188} INFO - [2026-04-05T06:22:24.527+0000] {dag.py:3096} INFO - Sync 1 DAGs
[2026-04-05T06:22:24.574+0000] {processor.py:183} INFO - Processing /opt/airflow/dags/isr_pipeline.py took 0.115 seconds
[2026-04-05T06:22:54.726+0000] {processor.py:161} INFO - Started process (PID=57620) to work on /opt/airflow/dags/isr_pipeline.py
[2026-04-05T06:22:54.728+0000] {processor.py:830} INFO - Processing file /opt/airflow/dags/isr_pipeline.py for tasks to queue
[2026-04-05T06:22:54.730+0000] {logging_mixin.py:188} INFO - [2026-04-05T06:22:54.729+0000] {dagbag.py:540} INFO - Filling up the DagBag from /opt/airflow/dags/isr_pipeline.py
[2026-04-05T06:22:54.749+0000] {processor.py:840} INFO - DAG(s) 'isr_pipeline' retrieved from /opt/airflow/dags/isr_pipeline.py
[2026-04-05T06:22:54.788+0000] {logging_mixin.py:188} INFO - [2026-04-05T06:22:54.788+0000] {dag.py:3096} INFO - Sync 1 DAGs
[2026-04-05T06:22:54.832+0000] {processor.py:183} INFO - Processing /opt/airflow/dags/isr_pipeline.py took 0.114 seconds
[2026-04-05T06:23:24.955+0000] {processor.py:161} INFO - Started process (PID=57625) to work on /opt/airflow/dags/isr_pipeline.py
[2026-04-05T06:23:24.957+0000] {processor.py:830} INFO - Processing file /opt/airflow/dags/isr_pipeline.py for tasks to queue
[2026-04-05T06:23:24.959+0000] {logging_mixin.py:188} INFO - [2026-04-05T06:23:24.959+0000] {dagbag.py:540} INFO - Filling up the DagBag from /opt/airflow/dags/isr_pipeline.py
[2026-04-05T06:23:24.980+0000] {processor.py:840} INFO - DAG(s) 'isr_pipeline' retrieved from /opt/airflow/dags/isr_pipeline.py
[2026-04-05T06:23:25.022+0000] {logging_mixin.py:188} INFO - [2026-04-05T06:23:25.022+0000] {dag.py:3096} INFO - Sync 1 DAGs
[2026-04-05T06:23:25.070+0000] {processor.py:183} INFO - Processing /opt/airflow/dags/isr_pipeline.py took 0.124 seconds
[2026-04-05T06:23:55.272+0000] {processor.py:161} INFO - Started process (PID=57630) to work on /opt/airflow/dags/isr_pipeline.py
[2026-04-05T06:23:55.274+0000] {processor.py:830} INFO - Processing file /opt/airflow/dags/isr_pipeline.py for tasks to queue
[2026-04-05T06:23:55.276+0000] {logging_mixin.py:188} INFO - [2026-04-05T06:23:55.275+0000] {dagbag.py:540} INFO - Filling up the DagBag from /opt/airflow/dags/isr_pipeline.py
[2026-04-05T06:23:55.293+0000] {processor.py:840} INFO - DAG(s) 'isr_pipeline' retrieved from /opt/airflow/dags/isr_pipeline.py
[2026-04-05T06:23:55.330+0000] {logging_mixin.py:188} INFO - [2026-04-05T06:23:55.330+0000] {dag.py:3096} INFO - Sync 1 DAGs
[2026-04-05T06:23:55.371+0000] {processor.py:183} INFO - Processing /opt/airflow/dags/isr_pipeline.py took 0.107 seconds
[2026-04-05T06:24:25.429+0000] {processor.py:161} INFO - Started process (PID=57635) to work on /opt/airflow/dags/isr_pipeline.py
[2026-04-05T06:24:25.432+0000] {processor.py:830} INFO - Processing file /opt/airflow/dags/isr_pipeline.py for tasks to queue
[2026-04-05T06:24:25.433+0000] {logging_mixin.py:188} INFO - [2026-04-05T06:24:25.433+0000] {dagbag.py:540} INFO - Filling up the DagBag from /opt/airflow/dags/isr_pipeline.py
[2026-04-05T06:24:25.452+0000] {processor.py:840} INFO - DAG(s) 'isr_pipeline' retrieved from /opt/airflow/dags/isr_pipeline.py
[2026-04-05T06:24:25.491+0000] {logging_mixin.py:188} INFO - [2026-04-05T06:24:25.491+0000] {dag.py:3096} INFO - Sync 1 DAGs
[2026-04-05T06:24:25.537+0000] {processor.py:183} INFO - Processing /opt/airflow/dags/isr_pipeline.py took 0.116 seconds
[2026-04-05T06:24:55.653+0000] {processor.py:161} INFO - Started process (PID=57640) to work on /opt/airflow/dags/isr_pipeline.py
[2026-04-05T06:24:55.655+0000] {processor.py:830} INFO - Processing file /opt/airflow/dags/isr_pipeline.py for tasks to queue
[2026-04-05T06:24:55.656+0000] {logging_mixin.py:188} INFO - [2026-04-05T06:24:55.656+0000] {dagbag.py:540} INFO - Filling up the DagBag from /opt/airflow/dags/isr_pipeline.py
[2026-04-05T06:24:55.675+0000] {processor.py:840} INFO - DAG(s) 'isr_pipeline' retrieved from /opt/airflow/dags/isr_pipeline.py
[2026-04-05T06:24:55.711+0000] {logging_mixin.py:188} INFO - [2026-04-05T06:24:55.711+0000] {dag.py:3096} INFO - Sync 1 DAGs
[2026-04-05T06:24:55.755+0000] {processor.py:183} INFO - Processing /opt/airflow/dags/isr_pipeline.py took 0.112 seconds
[2026-04-05T06:25:25.879+0000] {processor.py:161} INFO - Started process (PID=57645) to work on /opt/airflow/dags/isr_pipeline.py
[2026-04-05T06:25:25.881+0000] {processor.py:830} INFO - Processing file /opt/airflow/dags/isr_pipeline.py for tasks to queue
[2026-04-05T06:25:25.882+0000] {logging_mixin.py:188} INFO - [2026-04-05T06:25:25.882+0000] {dagbag.py:540} INFO - Filling up the DagBag from /opt/airflow/dags/isr_pipeline.py
[2026-04-05T06:25:25.900+0000] {processor.py:840} INFO - DAG(s) 'isr_pipeline' retrieved from /opt/airflow/dags/isr_pipeline.py
[2026-04-05T06:25:25.938+0000] {logging_mixin.py:188} INFO - [2026-04-05T06:25:25.938+0000] {dag.py:3096} INFO - Sync 1 DAGs
[2026-04-05T06:25:25.979+0000] {processor.py:183} INFO - Processing /opt/airflow/dags/isr_pipeline.py took 0.108 seconds
[2026-04-05T06:25:56.245+0000] {processor.py:161} INFO - Started process (PID=57650) to work on /opt/airflow/dags/isr_pipeline.py
[2026-04-05T06:25:56.247+0000] {processor.py:830} INFO - Processing file /opt/airflow/dags/isr_pipeline.py for tasks to queue
[2026-04-05T06:25:56.249+0000] {logging_mixin.py:188} INFO - [2026-04-05T06:25:56.248+0000] {dagbag.py:540} INFO - Filling up the DagBag from /opt/airflow/dags/isr_pipeline.py
[2026-04-05T06:25:56.267+0000] {processor.py:840} INFO - DAG(s) 'isr_pipeline' retrieved from /opt/airflow/dags/isr_pipeline.py
[2026-04-05T06:25:56.303+0000] {logging_mixin.py:188} INFO - [2026-04-05T06:25:56.303+0000] {dag.py:3096} INFO - Sync 1 DAGs
[2026-04-05T06:25:56.347+0000] {processor.py:183} INFO - Processing /opt/airflow/dags/isr_pipeline.py took 0.111 seconds
[2026-04-05T06:26:26.422+0000] {processor.py:161} INFO - Started process (PID=57655) to work on /opt/airflow/dags/isr_pipeline.py
[2026-04-05T06:26:26.423+0000] {processor.py:830} INFO - Processing file /opt/airflow/dags/isr_pipeline.py for tasks to queue
[2026-04-05T06:26:26.425+0000] {logging_mixin.py:188} INFO - [2026-04-05T06:26:26.424+0000] {dagbag.py:540} INFO - Filling up the DagBag from /opt/airflow/dags/isr_pipeline.py
[2026-04-05T06:26:26.444+0000] {processor.py:840} INFO - DAG(s) 'isr_pipeline' retrieved from /opt/airflow/dags/isr_pipeline.py
[2026-04-05T06:26:26.488+0000] {logging_mixin.py:188} INFO - [2026-04-05T06:26:26.487+0000] {dag.py:3096} INFO - Sync 1 DAGs
[2026-04-05T06:26:26.529+0000] {processor.py:183} INFO - Processing /opt/airflow/dags/isr_pipeline.py took 0.116 seconds
[2026-04-05T06:26:56.693+0000] {processor.py:161} INFO - Started process (PID=57660) to work on /opt/airflow/dags/isr_pipeline.py
[2026-04-05T06:26:56.696+0000] {processor.py:830} INFO - Processing file /opt/airflow/dags/isr_pipeline.py for tasks to queue
[2026-04-05T06:26:56.697+0000] {logging_mixin.py:188} INFO - [2026-04-05T06:26:56.697+0000] {dagbag.py:540} INFO - Filling up the DagBag from /opt/airflow/dags/isr_pipeline.py
[2026-04-05T06:26:56.720+0000] {processor.py:840} INFO - DAG(s) 'isr_pipeline' retrieved from /opt/airflow/dags/isr_pipeline.py
[2026-04-05T06:26:56.766+0000] {logging_mixin.py:188} INFO - [2026-04-05T06:26:56.766+0000] {dag.py:3096} INFO - Sync 1 DAGs
[2026-04-05T06:26:56.809+0000] {processor.py:183} INFO - Processing /opt/airflow/dags/isr_pipeline.py took 0.126 seconds
[2026-04-05T06:27:26.864+0000] {processor.py:161} INFO - Started process (PID=57665) to work on /opt/airflow/dags/isr_pipeline.py
[2026-04-05T06:27:26.866+0000] {processor.py:830} INFO - Processing file /opt/airflow/dags/isr_pipeline.py for tasks to queue
[2026-04-05T06:27:26.867+0000] {logging_mixin.py:188} INFO - [2026-04-05T06:27:26.867+0000] {dagbag.py:540} INFO - Filling up the DagBag from /opt/airflow/dags/isr_pipeline.py
[2026-04-05T06:27:26.886+0000] {processor.py:840} INFO - DAG(s) 'isr_pipeline' retrieved from /opt/airflow/dags/isr_pipeline.py
[2026-04-05T06:27:26.924+0000] {logging_mixin.py:188} INFO - [2026-04-05T06:27:26.924+0000] {dag.py:3096} INFO - Sync 1 DAGs
[2026-04-05T06:27:26.967+0000] {processor.py:183} INFO - Processing /opt/airflow/dags/isr_pipeline.py took 0.112 seconds
[2026-04-05T06:27:57.184+0000] {processor.py:161} INFO - Started process (PID=57670) to work on /opt/airflow/dags/isr_pipeline.py
[2026-04-05T06:27:57.186+0000] {processor.py:830} INFO - Processing file /opt/airflow/dags/isr_pipeline.py for tasks to queue
[2026-04-05T06:27:57.187+0000] {logging_mixin.py:188} INFO - [2026-04-05T06:27:57.187+0000] {dagbag.py:540} INFO - Filling up the DagBag from /opt/airflow/dags/isr_pipeline.py
[2026-04-05T06:27:57.205+0000] {processor.py:840} INFO - DAG(s) 'isr_pipeline' retrieved from /opt/airflow/dags/isr_pipeline.py
[2026-04-05T06:27:57.242+0000] {logging_mixin.py:188} INFO - [2026-04-05T06:27:57.241+0000] {dag.py:3096} INFO - Sync 1 DAGs
[2026-04-05T06:27:57.286+0000] {processor.py:183} INFO - Processing /opt/airflow/dags/isr_pipeline.py took 0.110 seconds
[2026-04-05T06:28:27.425+0000] {processor.py:161} INFO - Started process (PID=57675) to work on /opt/airflow/dags/isr_pipeline.py
[2026-04-05T06:28:27.426+0000] {processor.py:830} INFO - Processing file /opt/airflow/dags/isr_pipeline.py for tasks to queue
[2026-04-05T06:28:27.428+0000] {logging_mixin.py:188} INFO - [2026-04-05T06:28:27.427+0000] {dagbag.py:540} INFO - Filling up the DagBag from /opt/airflow/dags/isr_pipeline.py
[2026-04-05T06:28:27.446+0000] {processor.py:840} INFO - DAG(s) 'isr_pipeline' retrieved from /opt/airflow/dags/isr_pipeline.py
[2026-04-05T06:28:27.481+0000] {logging_mixin.py:188} INFO - [2026-04-05T06:28:27.481+0000] {dag.py:3096} INFO - Sync 1 DAGs
[2026-04-05T06:28:27.522+0000] {processor.py:183} INFO - Processing /opt/airflow/dags/isr_pipeline.py took 0.106 seconds
[2026-04-05T06:28:57.599+0000] {processor.py:161} INFO - Started process (PID=57680) to work on /opt/airflow/dags/isr_pipeline.py
[2026-04-05T06:28:57.601+0000] {processor.py:830} INFO - Processing file /opt/airflow/dags/isr_pipeline.py for tasks to queue
[2026-04-05T06:28:57.603+0000] {logging_mixin.py:188} INFO - [2026-04-05T06:28:57.602+0000] {dagbag.py:540} INFO - Filling up the DagBag from /opt/airflow/dags/isr_pipeline.py
[2026-04-05T06:28:57.621+0000] {processor.py:840} INFO - DAG(s) 'isr_pipeline' retrieved from /opt/airflow/dags/isr_pipeline.py
[2026-04-05T06:28:57.658+0000] {logging_mixin.py:188} INFO - [2026-04-05T06:28:57.658+0000] {dag.py:3096} INFO - Sync 1 DAGs
[2026-04-05T06:28:57.701+0000] {processor.py:183} INFO - Processing /opt/airflow/dags/isr_pipeline.py took 0.110 seconds
[2026-04-05T06:29:27.917+0000] {processor.py:161} INFO - Started process (PID=57685) to work on /opt/airflow/dags/isr_pipeline.py
[2026-04-05T06:29:27.919+0000] {processor.py:830} INFO - Processing file /opt/airflow/dags/isr_pipeline.py for tasks to queue
[2026-04-05T06:29:27.922+0000] {logging_mixin.py:188} INFO - [2026-04-05T06:29:27.921+0000] {dagbag.py:540} INFO - Filling up the DagBag from /opt/airflow/dags/isr_pipeline.py
[2026-04-05T06:29:27.947+0000] {processor.py:840} INFO - DAG(s) 'isr_pipeline' retrieved from /opt/airflow/dags/isr_pipeline.py
[2026-04-05T06:29:27.998+0000] {logging_mixin.py:188} INFO - [2026-04-05T06:29:27.998+0000] {dag.py:3096} INFO - Sync 1 DAGs
[2026-04-05T06:29:28.058+0000] {processor.py:183} INFO - Processing /opt/airflow/dags/isr_pipeline.py took 0.152 seconds
[2026-04-05T06:29:58.169+0000] {processor.py:161} INFO - Started process (PID=57690) to work on /opt/airflow/dags/isr_pipeline.py
[2026-04-05T06:29:58.172+0000] {processor.py:830} INFO - Processing file /opt/airflow/dags/isr_pipeline.py for tasks to queue
[2026-04-05T06:29:58.174+0000] {logging_mixin.py:188} INFO - [2026-04-05T06:29:58.173+0000] {dagbag.py:540} INFO - Filling up the DagBag from /opt/airflow/dags/isr_pipeline.py
[2026-04-05T06:29:58.199+0000] {processor.py:840} INFO - DAG(s) 'isr_pipeline' retrieved from /opt/airflow/dags/isr_pipeline.py
[2026-04-05T06:29:58.252+0000] {logging_mixin.py:188} INFO - [2026-04-05T06:29:58.252+0000] {dag.py:3096} INFO - Sync 1 DAGs
[2026-04-05T06:29:58.311+0000] {processor.py:183} INFO - Processing /opt/airflow/dags/isr_pipeline.py took 0.153 seconds
[2026-04-05T06:30:28.477+0000] {processor.py:161} INFO - Started process (PID=57695) to work on /opt/airflow/dags/isr_pipeline.py
[2026-04-05T06:30:28.479+0000] {processor.py:830} INFO - Processing file /opt/airflow/dags/isr_pipeline.py for tasks to queue
[2026-04-05T06:30:28.481+0000] {logging_mixin.py:188} INFO - [2026-04-05T06:30:28.481+0000] {dagbag.py:540} INFO - Filling up the DagBag from /opt/airflow/dags/isr_pipeline.py
[2026-04-05T06:30:28.507+0000] {processor.py:840} INFO - DAG(s) 'isr_pipeline' retrieved from /opt/airflow/dags/isr_pipeline.py
[2026-04-05T06:30:28.558+0000] {logging_mixin.py:188} INFO - [2026-04-05T06:30:28.558+0000] {dag.py:3096} INFO - Sync 1 DAGs
[2026-04-05T06:30:28.623+0000] {processor.py:183} INFO - Processing /opt/airflow/dags/isr_pipeline.py took 0.156 seconds
[2026-04-05T06:30:58.822+0000] {processor.py:161} INFO - Started process (PID=57700) to work on /opt/airflow/dags/isr_pipeline.py
[2026-04-05T06:30:58.824+0000] {processor.py:830} INFO - Processing file /opt/airflow/dags/isr_pipeline.py for tasks to queue
[2026-04-05T06:30:58.826+0000] {logging_mixin.py:188} INFO - [2026-04-05T06:30:58.826+0000] {dagbag.py:540} INFO - Filling up the DagBag from /opt/airflow/dags/isr_pipeline.py
[2026-04-05T06:30:58.850+0000] {processor.py:840} INFO - DAG(s) 'isr_pipeline' retrieved from /opt/airflow/dags/isr_pipeline.py
[2026-04-05T06:30:58.902+0000] {logging_mixin.py:188} INFO - [2026-04-05T06:30:58.902+0000] {dag.py:3096} INFO - Sync 1 DAGs
[2026-04-05T06:30:58.961+0000] {processor.py:183} INFO - Processing /opt/airflow/dags/isr_pipeline.py took 0.150 seconds
[2026-04-05T06:31:29.053+0000] {processor.py:161} INFO - Started process (PID=57705) to work on /opt/airflow/dags/isr_pipeline.py
[2026-04-05T06:31:29.055+0000] {processor.py:830} INFO - Processing file /opt/airflow/dags/isr_pipeline.py for tasks to queue
[2026-04-05T06:31:29.057+0000] {logging_mixin.py:188} INFO - [2026-04-05T06:31:29.056+0000] {dagbag.py:540} INFO - Filling up the DagBag from /opt/airflow/dags/isr_pipeline.py
[2026-04-05T06:31:29.082+0000] {processor.py:840} INFO - DAG(s) 'isr_pipeline' retrieved from /opt/airflow/dags/isr_pipeline.py
[2026-04-05T06:31:29.134+0000] {logging_mixin.py:188} INFO - [2026-04-05T06:31:29.134+0000] {dag.py:3096} INFO - Sync 1 DAGs
[2026-04-05T06:31:29.192+0000] {processor.py:183} INFO - Processing /opt/airflow/dags/isr_pipeline.py took 0.150 seconds
[2026-04-05T06:31:59.307+0000] {processor.py:161} INFO - Started process (PID=57710) to work on /opt/airflow/dags/isr_pipeline.py
[2026-04-05T06:31:59.310+0000] {processor.py:830} INFO - Processing file /opt/airflow/dags/isr_pipeline.py for tasks to queue
[2026-04-05T06:31:59.312+0000] {logging_mixin.py:188} INFO - [2026-04-05T06:31:59.312+0000] {dagbag.py:540} INFO - Filling up the DagBag from /opt/airflow/dags/isr_pipeline.py
[2026-04-05T06:31:59.339+0000] {processor.py:840} INFO - DAG(s) 'isr_pipeline' retrieved from /opt/airflow/dags/isr_pipeline.py
[2026-04-05T06:31:59.392+0000] {logging_mixin.py:188} INFO - [2026-04-05T06:31:59.391+0000] {dag.py:3096} INFO - Sync 1 DAGs
[2026-04-05T06:31:59.452+0000] {processor.py:183} INFO - Processing /opt/airflow/dags/isr_pipeline.py took 0.156 seconds
[2026-04-05T07:59:12.692+0000] {processor.py:161} INFO - Started process (PID=57720) to work on /opt/airflow/dags/isr_pipeline.py
[2026-04-05T07:59:12.694+0000] {processor.py:830} INFO - Processing file /opt/airflow/dags/isr_pipeline.py for tasks to queue
[2026-04-05T07:59:12.697+0000] {logging_mixin.py:188} INFO - [2026-04-05T07:59:12.696+0000] {dagbag.py:540} INFO - Filling up the DagBag from /opt/airflow/dags/isr_pipeline.py
[2026-04-05T07:59:12.733+0000] {processor.py:840} INFO - DAG(s) 'isr_pipeline' retrieved from /opt/airflow/dags/isr_pipeline.py
[2026-04-05T07:59:12.790+0000] {logging_mixin.py:188} INFO - [2026-04-05T07:59:12.790+0000] {dag.py:3096} INFO - Sync 1 DAGs
[2026-04-05T07:59:13.376+0000] {processor.py:183} INFO - Processing /opt/airflow/dags/isr_pipeline.py took 0.699 seconds
[2026-04-05T07:59:44.251+0000] {processor.py:161} INFO - Started process (PID=57725) to work on /opt/airflow/dags/isr_pipeline.py
[2026-04-05T07:59:44.259+0000] {processor.py:830} INFO - Processing file /opt/airflow/dags/isr_pipeline.py for tasks to queue
[2026-04-05T07:59:44.266+0000] {logging_mixin.py:188} INFO - [2026-04-05T07:59:44.264+0000] {dagbag.py:540} INFO - Filling up the DagBag from /opt/airflow/dags/isr_pipeline.py
[2026-04-05T07:59:44.351+0000] {processor.py:840} INFO - DAG(s) 'isr_pipeline' retrieved from /opt/airflow/dags/isr_pipeline.py
[2026-04-05T07:59:45.093+0000] {logging_mixin.py:188} INFO - [2026-04-05T07:59:45.092+0000] {dag.py:3096} INFO - Sync 1 DAGs
[2026-04-05T07:59:45.278+0000] {processor.py:183} INFO - Processing /opt/airflow/dags/isr_pipeline.py took 1.066 seconds
[2026-04-05T08:00:51.179+0000] {processor.py:161} INFO - Started process (PID=57730) to work on /opt/airflow/dags/isr_pipeline.py
[2026-04-05T08:00:51.182+0000] {processor.py:830} INFO - Processing file /opt/airflow/dags/isr_pipeline.py for tasks to queue
[2026-04-05T08:00:51.184+0000] {logging_mixin.py:188} INFO - [2026-04-05T08:00:51.184+0000] {dagbag.py:540} INFO - Filling up the DagBag from /opt/airflow/dags/isr_pipeline.py
[2026-04-05T08:00:51.204+0000] {processor.py:840} INFO - DAG(s) 'isr_pipeline' retrieved from /opt/airflow/dags/isr_pipeline.py
[2026-04-05T08:00:51.392+0000] {logging_mixin.py:188} INFO - [2026-04-05T08:00:51.392+0000] {dag.py:3096} INFO - Sync 1 DAGs
[2026-04-05T08:00:51.309+0000] {processor.py:183} INFO - Processing /opt/airflow/dags/isr_pipeline.py took 0.351 seconds
[2026-04-05T08:01:21.951+0000] {processor.py:161} INFO - Started process (PID=57735) to work on /opt/airflow/dags/isr_pipeline.py
[2026-04-05T08:01:21.957+0000] {processor.py:830} INFO - Processing file /opt/airflow/dags/isr_pipeline.py for tasks to queue
[2026-04-05T08:01:21.964+0000] {logging_mixin.py:188} INFO - [2026-04-05T08:01:21.962+0000] {dagbag.py:540} INFO - Filling up the DagBag from /opt/airflow/dags/isr_pipeline.py
[2026-04-05T08:01:22.049+0000] {processor.py:840} INFO - DAG(s) 'isr_pipeline' retrieved from /opt/airflow/dags/isr_pipeline.py
[2026-04-05T08:01:22.219+0000] {logging_mixin.py:188} INFO - [2026-04-05T08:01:22.218+0000] {dag.py:3096} INFO - Sync 1 DAGs
[2026-04-05T08:01:22.433+0000] {processor.py:183} INFO - Processing /opt/airflow/dags/isr_pipeline.py took 0.519 seconds
[2026-04-05T08:19:14.957+0000] {processor.py:161} INFO - Started process (PID=57741) to work on /opt/airflow/dags/isr_pipeline.py
[2026-04-05T08:19:14.958+0000] {processor.py:830} INFO - Processing file /opt/airflow/dags/isr_pipeline.py for tasks to queue
[2026-04-05T08:19:14.961+0000] {logging_mixin.py:188} INFO - [2026-04-05T08:19:14.960+0000] {dagbag.py:540} INFO - Filling up the DagBag from /opt/airflow/dags/isr_pipeline.py
[2026-04-05T08:19:15.000+0000] {processor.py:840} INFO - DAG(s) 'isr_pipeline' retrieved from /opt/airflow/dags/isr_pipeline.py
[2026-04-05T08:19:15.050+0000] {logging_mixin.py:188} INFO - [2026-04-05T08:19:15.049+0000] {dag.py:3096} INFO - Sync 1 DAGs
[2026-04-05T08:19:15.269+0000] {processor.py:183} INFO - Processing /opt/airflow/dags/isr_pipeline.py took 0.322 seconds
[2026-04-05T08:19:45.488+0000] {processor.py:161} INFO - Started process (PID=57746) to work on /opt/airflow/dags/isr_pipeline.py
[2026-04-05T08:19:45.495+0000] {processor.py:830} INFO - Processing file /opt/airflow/dags/isr_pipeline.py for tasks to queue
[2026-04-05T08:19:45.504+0000] {logging_mixin.py:188} INFO - [2026-04-05T08:19:45.502+0000] {dagbag.py:540} INFO - Filling up the DagBag from /opt/airflow/dags/isr_pipeline.py
[2026-04-05T08:19:45.592+0000] {processor.py:840} INFO - DAG(s) 'isr_pipeline' retrieved from /opt/airflow/dags/isr_pipeline.py
[2026-04-05T08:19:45.784+0000] {logging_mixin.py:188} INFO - [2026-04-05T08:19:45.783+0000] {dag.py:3096} INFO - Sync 1 DAGs
[2026-04-05T08:19:46.016+0000] {processor.py:183} INFO - Processing /opt/airflow/dags/isr_pipeline.py took 0.565 seconds
[2026-04-05T08:32:58.809+0000] {processor.py:161} INFO - Started process (PID=57753) to work on /opt/airflow/dags/isr_pipeline.py
[2026-04-05T08:32:58.811+0000] {processor.py:830} INFO - Processing file /opt/airflow/dags/isr_pipeline.py for tasks to queue
[2026-04-05T08:32:58.812+0000] {logging_mixin.py:188} INFO - [2026-04-05T08:32:58.812+0000] {dagbag.py:540} INFO - Filling up the DagBag from /opt/airflow/dags/isr_pipeline.py
[2026-04-05T08:32:58.831+0000] {processor.py:840} INFO - DAG(s) 'isr_pipeline' retrieved from /opt/airflow/dags/isr_pipeline.py
[2026-04-05T08:32:58.884+0000] {logging_mixin.py:188} INFO - [2026-04-05T08:32:58.884+0000] {dag.py:3096} INFO - Sync 1 DAGs
[2026-04-05T08:32:59.042+0000] {processor.py:183} INFO - Processing /opt/airflow/dags/isr_pipeline.py took 0.247 seconds
[2026-04-05T08:33:29.433+0000] {processor.py:161} INFO - Started process (PID=57758) to work on /opt/airflow/dags/isr_pipeline.py
[2026-04-05T08:33:29.441+0000] {processor.py:830} INFO - Processing file /opt/airflow/dags/isr_pipeline.py for tasks to queue
[2026-04-05T08:33:29.447+0000] {logging_mixin.py:188} INFO - [2026-04-05T08:33:29.445+0000] {dagbag.py:540} INFO - Filling up the DagBag from /opt/airflow/dags/isr_pipeline.py
[2026-04-05T08:33:29.540+0000] {processor.py:840} INFO - DAG(s) 'isr_pipeline' retrieved from /opt/airflow/dags/isr_pipeline.py
[2026-04-05T08:33:29.835+0000] {logging_mixin.py:188} INFO - [2026-04-05T08:33:29.834+0000] {dag.py:3096} INFO - Sync 1 DAGs
[2026-04-05T08:33:30.120+0000] {processor.py:183} INFO - Processing /opt/airflow/dags/isr_pipeline.py took 0.725 seconds
[2026-04-05T08:34:00.469+0000] {processor.py:161} INFO - Started process (PID=57763) to work on /opt/airflow/dags/isr_pipeline.py
[2026-04-05T08:34:00.476+0000] {processor.py:830} INFO - Processing file /opt/airflow/dags/isr_pipeline.py for tasks to queue
[2026-04-05T08:34:00.484+0000] {logging_mixin.py:188} INFO - [2026-04-05T08:34:00.482+0000] {dagbag.py:540} INFO - Filling up the DagBag from /opt/airflow/dags/isr_pipeline.py
[2026-04-05T08:34:00.574+0000] {processor.py:840} INFO - DAG(s) 'isr_pipeline' retrieved from /opt/airflow/dags/isr_pipeline.py
[2026-04-05T08:34:00.754+0000] {logging_mixin.py:188} INFO - [2026-04-05T08:34:00.753+0000] {dag.py:3096} INFO - Sync 1 DAGs
[2026-04-05T08:34:00.962+0000] {processor.py:183} INFO - Processing /opt/airflow/dags/isr_pipeline.py took 0.531 seconds
[2026-04-05T08:34:31.449+0000] {processor.py:161} INFO - Started process (PID=57768) to work on /opt/airflow/dags/isr_pipeline.py
[2026-04-05T08:34:31.457+0000] {processor.py:830} INFO - Processing file /opt/airflow/dags/isr_pipeline.py for tasks to queue
[2026-04-05T08:34:31.464+0000] {logging_mixin.py:188} INFO - [2026-04-05T08:34:31.463+0000] {dagbag.py:540} INFO - Filling up the DagBag from /opt/airflow/dags/isr_pipeline.py
[2026-04-05T08:34:31.556+0000] {processor.py:840} INFO - DAG(s) 'isr_pipeline' retrieved from /opt/airflow/dags/isr_pipeline.py
[2026-04-05T08:34:31.738+0000] {logging_mixin.py:188} INFO - [2026-04-05T08:34:31.737+0000] {dag.py:3096} INFO - Sync 1 DAGs
[2026-04-05T08:34:31.938+0000] {processor.py:183} INFO - Processing /opt/airflow/dags/isr_pipeline.py took 0.526 seconds
[2026-04-05T08:35:02.339+0000] {processor.py:161} INFO - Started process (PID=57773) to work on /opt/airflow/dags/isr_pipeline.py
[2026-04-05T08:35:02.347+0000] {processor.py:830} INFO - Processing file /opt/airflow/dags/isr_pipeline.py for tasks to queue
[2026-04-05T08:35:02.355+0000] {logging_mixin.py:188} INFO - [2026-04-05T08:35:02.353+0000] {dagbag.py:540} INFO - Filling up the DagBag from /opt/airflow/dags/isr_pipeline.py
[2026-04-05T08:35:02.444+0000] {processor.py:840} INFO - DAG(s) 'isr_pipeline' retrieved from /opt/airflow/dags/isr_pipeline.py
[2026-04-05T08:35:02.626+0000] {logging_mixin.py:188} INFO - [2026-04-05T08:35:02.625+0000] {dag.py:3096} INFO - Sync 1 DAGs
[2026-04-05T08:35:02.855+0000] {processor.py:183} INFO - Processing /opt/airflow/dags/isr_pipeline.py took 0.553 seconds
[2026-04-05T08:35:33.342+0000] {processor.py:161} INFO - Started process (PID=57778) to work on /opt/airflow/dags/isr_pipeline.py
[2026-04-05T08:35:33.351+0000] {processor.py:830} INFO - Processing file /opt/airflow/dags/isr_pipeline.py for tasks to queue
[2026-04-05T08:35:33.359+0000] {logging_mixin.py:188} INFO - [2026-04-05T08:35:33.357+0000] {dagbag.py:540} INFO - Filling up the DagBag from /opt/airflow/dags/isr_pipeline.py
[2026-04-05T08:35:33.455+0000] {processor.py:840} INFO - DAG(s) 'isr_pipeline' retrieved from /opt/airflow/dags/isr_pipeline.py
[2026-04-05T08:35:33.641+0000] {logging_mixin.py:188} INFO - [2026-04-05T08:35:33.640+0000] {dag.py:3096} INFO - Sync 1 DAGs
[2026-04-05T08:35:33.845+0000] {processor.py:183} INFO - Processing /opt/airflow/dags/isr_pipeline.py took 0.542 seconds
[2026-04-05T08:36:04.236+0000] {processor.py:161} INFO - Started process (PID=57783) to work on /opt/airflow/dags/isr_pipeline.py
[2026-04-05T08:36:04.244+0000] {processor.py:830} INFO - Processing file /opt/airflow/dags/isr_pipeline.py for tasks to queue
[2026-04-05T08:36:04.251+0000] {logging_mixin.py:188} INFO - [2026-04-05T08:36:04.249+0000] {dagbag.py:540} INFO - Filling up the DagBag from /opt/airflow/dags/isr_pipeline.py
[2026-04-05T08:36:04.338+0000] {processor.py:840} INFO - DAG(s) 'isr_pipeline' retrieved from /opt/airflow/dags/isr_pipeline.py
[2026-04-05T08:36:04.512+0000] {logging_mixin.py:188} INFO - [2026-04-05T08:36:04.511+0000] {dag.py:3096} INFO - Sync 1 DAGs
[2026-04-05T08:36:04.716+0000] {processor.py:183} INFO - Processing /opt/airflow/dags/isr_pipeline.py took 0.516 seconds
[2026-04-05T08:36:35.195+0000] {processor.py:161} INFO - Started process (PID=57788) to work on /opt/airflow/dags/isr_pipeline.py
[2026-04-05T08:36:35.203+0000] {processor.py:830} INFO - Processing file /opt/airflow/dags/isr_pipeline.py for tasks to queue
[2026-04-05T08:36:35.209+0000] {logging_mixin.py:188} INFO - [2026-04-05T08:36:35.207+0000] {dagbag.py:540} INFO - Filling up the DagBag from /opt/airflow/dags/isr_pipeline.py
[2026-04-05T08:36:35.316+0000] {processor.py:840} INFO - DAG(s) 'isr_pipeline' retrieved from /opt/airflow/dags/isr_pipeline.py
[2026-04-05T08:36:35.499+0000] {logging_mixin.py:188} INFO - [2026-04-05T08:36:35.498+0000] {dag.py:3096} INFO - Sync 1 DAGs
[2026-04-05T08:36:35.707+0000] {processor.py:183} INFO - Processing /opt/airflow/dags/isr_pipeline.py took 0.550 seconds
[2026-04-05T08:37:05.969+0000] {processor.py:161} INFO - Started process (PID=57793) to work on /opt/airflow/dags/isr_pipeline.py
[2026-04-05T08:37:05.976+0000] {processor.py:830} INFO - Processing file /opt/airflow/dags/isr_pipeline.py for tasks to queue
[2026-04-05T08:37:05.983+0000] {logging_mixin.py:188} INFO - [2026-04-05T08:37:05.981+0000] {dagbag.py:540} INFO - Filling up the DagBag from /opt/airflow/dags/isr_pipeline.py
[2026-04-05T08:37:06.068+0000] {processor.py:840} INFO - DAG(s) 'isr_pipeline' retrieved from /opt/airflow/dags/isr_pipeline.py
[2026-04-05T08:37:06.245+0000] {logging_mixin.py:188} INFO - [2026-04-05T08:37:06.244+0000] {dag.py:3096} INFO - Sync 1 DAGs
[2026-04-05T08:37:06.463+0000] {processor.py:183} INFO - Processing /opt/airflow/dags/isr_pipeline.py took 0.532 seconds
[2026-04-05T08:37:36.944+0000] {processor.py:161} INFO - Started process (PID=57798) to work on /opt/airflow/dags/isr_pipeline.py
[2026-04-05T08:37:36.951+0000] {processor.py:830} INFO - Processing file /opt/airflow/dags/isr_pipeline.py for tasks to queue
[2026-04-05T08:37:36.958+0000] {logging_mixin.py:188} INFO - [2026-04-05T08:37:36.956+0000] {dagbag.py:540} INFO - Filling up the DagBag from /opt/airflow/dags/isr_pipeline.py
[2026-04-05T08:37:37.048+0000] {processor.py:840} INFO - DAG(s) 'isr_pipeline' retrieved from /opt/airflow/dags/isr_pipeline.py
[2026-04-05T08:37:37.230+0000] {logging_mixin.py:188} INFO - [2026-04-05T08:37:37.229+0000] {dag.py:3096} INFO - Sync 1 DAGs
[2026-04-05T08:37:37.430+0000] {processor.py:183} INFO - Processing /opt/airflow/dags/isr_pipeline.py took 0.523 seconds
[2026-04-05T08:38:07.998+0000] {processor.py:161} INFO - Started process (PID=57803) to work on /opt/airflow/dags/isr_pipeline.py
[2026-04-05T08:38:08.004+0000] {processor.py:830} INFO - Processing file /opt/airflow/dags/isr_pipeline.py for tasks to queue
[2026-04-05T08:38:08.011+0000] {logging_mixin.py:188} INFO - [2026-04-05T08:38:08.010+0000] {dagbag.py:540} INFO - Filling up the DagBag from /opt/airflow/dags/isr_pipeline.py
[2026-04-05T08:38:08.098+0000] {processor.py:840} INFO - DAG(s) 'isr_pipeline' retrieved from /opt/airflow/dags/isr_pipeline.py
[2026-04-05T08:38:08.269+0000] {logging_mixin.py:188} INFO - [2026-04-05T08:38:08.268+0000] {dag.py:3096} INFO - Sync 1 DAGs
[2026-04-05T08:38:08.478+0000] {processor.py:183} INFO - Processing /opt/airflow/dags/isr_pipeline.py took 0.536 seconds
[2026-04-05T08:38:38.964+0000] {processor.py:161} INFO - Started process (PID=57808) to work on /opt/airflow/dags/isr_pipeline.py
[2026-04-05T08:38:38.972+0000] {processor.py:830} INFO - Processing file /opt/airflow/dags/isr_pipeline.py for tasks to queue
[2026-04-05T08:38:38.979+0000] {logging_mixin.py:188} INFO - [2026-04-05T08:38:38.977+0000] {dagbag.py:540} INFO - Filling up the DagBag from /opt/airflow/dags/isr_pipeline.py
[2026-04-05T08:38:39.067+0000] {processor.py:840} INFO - DAG(s) 'isr_pipeline' retrieved from /opt/airflow/dags/isr_pipeline.py
[2026-04-05T08:38:39.246+0000] {logging_mixin.py:188} INFO - [2026-04-05T08:38:39.245+0000] {dag.py:3096} INFO - Sync 1 DAGs
[2026-04-05T08:38:39.464+0000] {processor.py:183} INFO - Processing /opt/airflow/dags/isr_pipeline.py took 0.539 seconds
[2026-04-05T08:39:09.769+0000] {processor.py:161} INFO - Started process (PID=57813) to work on /opt/airflow/dags/isr_pipeline.py
[2026-04-05T08:39:09.776+0000] {processor.py:830} INFO - Processing file /opt/airflow/dags/isr_pipeline.py for tasks to queue
[2026-04-05T08:39:09.783+0000] {logging_mixin.py:188} INFO - [2026-04-05T08:39:09.781+0000] {dagbag.py:540} INFO - Filling up the DagBag from /opt/airflow/dags/isr_pipeline.py
[2026-04-05T08:39:09.873+0000] {processor.py:840} INFO - DAG(s) 'isr_pipeline' retrieved from /opt/airflow/dags/isr_pipeline.py
[2026-04-05T08:39:10.045+0000] {logging_mixin.py:188} INFO - [2026-04-05T08:39:10.044+0000] {dag.py:3096} INFO - Sync 1 DAGs
[2026-04-05T08:39:10.247+0000] {processor.py:183} INFO - Processing /opt/airflow/dags/isr_pipeline.py took 0.517 seconds
[2026-04-05T08:39:40.771+0000] {processor.py:161} INFO - Started process (PID=57818) to work on /opt/airflow/dags/isr_pipeline.py
[2026-04-05T08:39:40.778+0000] {processor.py:830} INFO - Processing file /opt/airflow/dags/isr_pipeline.py for tasks to queue
[2026-04-05T08:39:40.785+0000] {logging_mixin.py:188} INFO - [2026-04-05T08:39:40.783+0000] {dagbag.py:540} INFO - Filling up the DagBag from /opt/airflow/dags/isr_pipeline.py
[2026-04-05T08:39:40.873+0000] {processor.py:840} INFO - DAG(s) 'isr_pipeline' retrieved from /opt/airflow/dags/isr_pipeline.py
[2026-04-05T08:39:41.054+0000] {logging_mixin.py:188} INFO - [2026-04-05T08:39:41.053+0000] {dag.py:3096} INFO - Sync 1 DAGs
[2026-04-05T08:39:41.254+0000] {processor.py:183} INFO - Processing /opt/airflow/dags/isr_pipeline.py took 0.520 seconds
[2026-04-05T08:40:11.649+0000] {processor.py:161} INFO - Started process (PID=57823) to work on /opt/airflow/dags/isr_pipeline.py
[2026-04-05T08:40:11.657+0000] {processor.py:830} INFO - Processing file /opt/airflow/dags/isr_pipeline.py for tasks to queue
[2026-04-05T08:40:11.672+0000] {logging_mixin.py:188} INFO - [2026-04-05T08:40:11.669+0000] {dagbag.py:540} INFO - Filling up the DagBag from /opt/airflow/dags/isr_pipeline.py
[2026-04-05T08:40:11.761+0000] {processor.py:840} INFO - DAG(s) 'isr_pipeline' retrieved from /opt/airflow/dags/isr_pipeline.py
[2026-04-05T08:40:11.942+0000] {logging_mixin.py:188} INFO - [2026-04-05T08:40:11.941+0000] {dag.py:3096} INFO - Sync 1 DAGs
[2026-04-05T08:40:12.148+0000] {processor.py:183} INFO - Processing /opt/airflow/dags/isr_pipeline.py took 0.535 seconds
[2026-04-05T08:40:42.647+0000] {processor.py:161} INFO - Started process (PID=57828) to work on /opt/airflow/dags/isr_pipeline.py
[2026-04-05T08:40:42.654+0000] {processor.py:830} INFO - Processing file /opt/airflow/dags/isr_pipeline.py for tasks to queue
[2026-04-05T08:40:42.662+0000] {logging_mixin.py:188} INFO - [2026-04-05T08:40:42.660+0000] {dagbag.py:540} INFO - Filling up the DagBag from /opt/airflow/dags/isr_pipeline.py
[2026-04-05T08:40:42.767+0000] {processor.py:840} INFO - DAG(s) 'isr_pipeline' retrieved from /opt/airflow/dags/isr_pipeline.py
[2026-04-05T08:40:42.947+0000] {logging_mixin.py:188} INFO - [2026-04-05T08:40:42.946+0000] {dag.py:3096} INFO - Sync 1 DAGs
[2026-04-05T08:40:43.146+0000] {processor.py:183} INFO - Processing /opt/airflow/dags/isr_pipeline.py took 0.536 seconds
[2026-04-05T08:41:13.369+0000] {processor.py:161} INFO - Started process (PID=57833) to work on /opt/airflow/dags/isr_pipeline.py
[2026-04-05T08:41:13.377+0000] {processor.py:830} INFO - Processing file /opt/airflow/dags/isr_pipeline.py for tasks to queue
[2026-04-05T08:41:13.384+0000] {logging_mixin.py:188} INFO - [2026-04-05T08:41:13.383+0000] {dagbag.py:540} INFO - Filling up the DagBag from /opt/airflow/dags/isr_pipeline.py
[2026-04-05T08:41:13.473+0000] {processor.py:840} INFO - DAG(s) 'isr_pipeline' retrieved from /opt/airflow/dags/isr_pipeline.py
[2026-04-05T08:41:13.655+0000] {logging_mixin.py:188} INFO - [2026-04-05T08:41:13.654+0000] {dag.py:3096} INFO - Sync 1 DAGs
[2026-04-05T08:41:13.866+0000] {processor.py:183} INFO - Processing /opt/airflow/dags/isr_pipeline.py took 0.534 seconds
[2026-04-05T08:41:44.325+0000] {processor.py:161} INFO - Started process (PID=57838) to work on /opt/airflow/dags/isr_pipeline.py
[2026-04-05T08:41:44.337+0000] {processor.py:830} INFO - Processing file /opt/airflow/dags/isr_pipeline.py for tasks to queue
[2026-04-05T08:41:44.348+0000] {logging_mixin.py:188} INFO - [2026-04-05T08:41:44.345+0000] {dagbag.py:540} INFO - Filling up the DagBag from /opt/airflow/dags/isr_pipeline.py
[2026-04-05T08:41:44.437+0000] {processor.py:840} INFO - DAG(s) 'isr_pipeline' retrieved from /opt/airflow/dags/isr_pipeline.py
[2026-04-05T08:41:44.622+0000] {logging_mixin.py:188} INFO - [2026-04-05T08:41:44.621+0000] {dag.py:3096} INFO - Sync 1 DAGs
[2026-04-05T08:41:44.839+0000] {processor.py:183} INFO - Processing /opt/airflow/dags/isr_pipeline.py took 0.554 seconds
[2026-04-05T08:42:15.472+0000] {processor.py:161} INFO - Started process (PID=57843) to work on /opt/airflow/dags/isr_pipeline.py
[2026-04-05T08:42:15.479+0000] {processor.py:830} INFO - Processing file /opt/airflow/dags/isr_pipeline.py for tasks to queue
[2026-04-05T08:42:15.485+0000] {logging_mixin.py:188} INFO - [2026-04-05T08:42:15.484+0000] {dagbag.py:540} INFO - Filling up the DagBag from /opt/airflow/dags/isr_pipeline.py
[2026-04-05T08:42:15.579+0000] {processor.py:840} INFO - DAG(s) 'isr_pipeline' retrieved from /opt/airflow/dags/isr_pipeline.py
[2026-04-05T08:42:15.757+0000] {logging_mixin.py:188} INFO - [2026-04-05T08:42:15.756+0000] {dag.py:3096} INFO - Sync 1 DAGs
[2026-04-05T08:42:15.976+0000] {processor.py:183} INFO - Processing /opt/airflow/dags/isr_pipeline.py took 0.540 seconds
[2026-04-05T08:42:46.465+0000] {processor.py:161} INFO - Started process (PID=57848) to work on /opt/airflow/dags/isr_pipeline.py
[2026-04-05T08:42:46.473+0000] {processor.py:830} INFO - Processing file /opt/airflow/dags/isr_pipeline.py for tasks to queue
[2026-04-05T08:42:46.481+0000] {logging_mixin.py:188} INFO - [2026-04-05T08:42:46.479+0000] {dagbag.py:540} INFO - Filling up the DagBag from /opt/airflow/dags/isr_pipeline.py
[2026-04-05T08:42:46.569+0000] {processor.py:840} INFO - DAG(s) 'isr_pipeline' retrieved from /opt/airflow/dags/isr_pipeline.py
[2026-04-05T08:42:46.750+0000] {logging_mixin.py:188} INFO - [2026-04-05T08:42:46.749+0000] {dag.py:3096} INFO - Sync 1 DAGs
[2026-04-05T08:42:46.952+0000] {processor.py:183} INFO - Processing /opt/airflow/dags/isr_pipeline.py took 0.525 seconds
[2026-04-05T08:43:17.284+0000] {processor.py:161} INFO - Started process (PID=57853) to work on /opt/airflow/dags/isr_pipeline.py
[2026-04-05T08:43:17.293+0000] {processor.py:830} INFO - Processing file /opt/airflow/dags/isr_pipeline.py for tasks to queue
[2026-04-05T08:43:17.302+0000] {logging_mixin.py:188} INFO - [2026-04-05T08:43:17.301+0000] {dagbag.py:540} INFO - Filling up the DagBag from /opt/airflow/dags/isr_pipeline.py
[2026-04-05T08:43:17.389+0000] {processor.py:840} INFO - DAG(s) 'isr_pipeline' retrieved from /opt/airflow/dags/isr_pipeline.py
[2026-04-05T08:43:17.566+0000] {logging_mixin.py:188} INFO - [2026-04-05T08:43:17.565+0000] {dag.py:3096} INFO - Sync 1 DAGs
[2026-04-05T08:43:17.769+0000] {processor.py:183} INFO - Processing /opt/airflow/dags/isr_pipeline.py took 0.522 seconds
[2026-04-05T08:43:48.268+0000] {processor.py:161} INFO - Started process (PID=57858) to work on /opt/airflow/dags/isr_pipeline.py
[2026-04-05T08:43:48.276+0000] {processor.py:830} INFO - Processing file /opt/airflow/dags/isr_pipeline.py for tasks to queue
[2026-04-05T08:43:48.284+0000] {logging_mixin.py:188} INFO - [2026-04-05T08:43:48.282+0000] {dagbag.py:540} INFO - Filling up the DagBag from /opt/airflow/dags/isr_pipeline.py
[2026-04-05T08:43:48.375+0000] {processor.py:840} INFO - DAG(s) 'isr_pipeline' retrieved from /opt/airflow/dags/isr_pipeline.py
[2026-04-05T08:43:48.563+0000] {logging_mixin.py:188} INFO - [2026-04-05T08:43:48.562+0000] {dag.py:3096} INFO - Sync 1 DAGs
[2026-04-05T08:43:48.781+0000] {processor.py:183} INFO - Processing /opt/airflow/dags/isr_pipeline.py took 0.551 seconds
[2026-04-05T08:44:19.125+0000] {processor.py:161} INFO - Started process (PID=57863) to work on /opt/airflow/dags/isr_pipeline.py
[2026-04-05T08:44:19.132+0000] {processor.py:830} INFO - Processing file /opt/airflow/dags/isr_pipeline.py for tasks to queue
[2026-04-05T08:44:19.139+0000] {logging_mixin.py:188} INFO - [2026-04-05T08:44:19.138+0000] {dagbag.py:540} INFO - Filling up the DagBag from /opt/airflow/dags/isr_pipeline.py
[2026-04-05T08:44:19.224+0000] {processor.py:840} INFO - DAG(s) 'isr_pipeline' retrieved from /opt/airflow/dags/isr_pipeline.py
[2026-04-05T08:44:19.399+0000] {logging_mixin.py:188} INFO - [2026-04-05T08:44:19.398+0000] {dag.py:3096} INFO - Sync 1 DAGs
[2026-04-05T08:44:19.609+0000] {processor.py:183} INFO - Processing /opt/airflow/dags/isr_pipeline.py took 0.523 seconds
[2026-04-05T08:44:50.123+0000] {processor.py:161} INFO - Started process (PID=57868) to work on /opt/airflow/dags/isr_pipeline.py
[2026-04-05T08:44:50.130+0000] {processor.py:830} INFO - Processing file /opt/airflow/dags/isr_pipeline.py for tasks to queue
[2026-04-05T08:44:50.137+0000] {logging_mixin.py:188} INFO - [2026-04-05T08:44:50.135+0000] {dagbag.py:540} INFO - Filling up the DagBag from /opt/airflow/dags/isr_pipeline.py
[2026-04-05T08:44:50.228+0000] {processor.py:840} INFO - DAG(s) 'isr_pipeline' retrieved from /opt/airflow/dags/isr_pipeline.py
[2026-04-05T08:44:50.411+0000] {logging_mixin.py:188} INFO - [2026-04-05T08:44:50.410+0000] {dag.py:3096} INFO - Sync 1 DAGs
[2026-04-05T08:44:50.618+0000] {processor.py:183} INFO - Processing /opt/airflow/dags/isr_pipeline.py took 0.532 seconds
[2026-04-05T08:45:20.911+0000] {processor.py:161} INFO - Started process (PID=57873) to work on /opt/airflow/dags/isr_pipeline.py
[2026-04-05T08:45:20.919+0000] {processor.py:830} INFO - Processing file /opt/airflow/dags/isr_pipeline.py for tasks to queue
[2026-04-05T08:45:20.927+0000] {logging_mixin.py:188} INFO - [2026-04-05T08:45:20.925+0000] {dagbag.py:540} INFO - Filling up the DagBag from /opt/airflow/dags/isr_pipeline.py
[2026-04-05T08:45:21.014+0000] {processor.py:840} INFO - DAG(s) 'isr_pipeline' retrieved from /opt/airflow/dags/isr_pipeline.py
[2026-04-05T08:45:21.193+0000] {logging_mixin.py:188} INFO - [2026-04-05T08:45:21.192+0000] {dag.py:3096} INFO - Sync 1 DAGs
[2026-04-05T08:45:21.425+0000] {processor.py:183} INFO - Processing /opt/airflow/dags/isr_pipeline.py took 0.552 seconds
[2026-04-05T08:45:51.924+0000] {processor.py:161} INFO - Started process (PID=57878) to work on /opt/airflow/dags/isr_pipeline.py
[2026-04-05T08:45:51.931+0000] {processor.py:830} INFO - Processing file /opt/airflow/dags/isr_pipeline.py for tasks to queue
[2026-04-05T08:45:51.938+0000] {logging_mixin.py:188} INFO - [2026-04-05T08:45:51.936+0000] {dagbag.py:540} INFO - Filling up the DagBag from /opt/airflow/dags/isr_pipeline.py
[2026-04-05T08:45:52.027+0000] {processor.py:840} INFO - DAG(s) 'isr_pipeline' retrieved from /opt/airflow/dags/isr_pipeline.py
[2026-04-05T08:45:52.216+0000] {logging_mixin.py:188} INFO - [2026-04-05T08:45:52.215+0000] {dag.py:3096} INFO - Sync 1 DAGs
[2026-04-05T08:45:52.425+0000] {processor.py:183} INFO - Processing /opt/airflow/dags/isr_pipeline.py took 0.539 seconds
[2026-04-05T08:46:22.785+0000] {processor.py:161} INFO - Started process (PID=57883) to work on /opt/airflow/dags/isr_pipeline.py
[2026-04-05T08:46:22.792+0000] {processor.py:830} INFO - Processing file /opt/airflow/dags/isr_pipeline.py for tasks to queue
[2026-04-05T08:46:22.799+0000] {logging_mixin.py:188} INFO - [2026-04-05T08:46:22.797+0000] {dagbag.py:540} INFO - Filling up the DagBag from /opt/airflow/dags/isr_pipeline.py
[2026-04-05T08:46:22.888+0000] {processor.py:840} INFO - DAG(s) 'isr_pipeline' retrieved from /opt/airflow/dags/isr_pipeline.py
[2026-04-05T08:46:23.064+0000] {logging_mixin.py:188} INFO - [2026-04-05T08:46:23.062+0000] {dag.py:3096} INFO - Sync 1 DAGs
[2026-04-05T08:46:23.267+0000] {processor.py:183} INFO - Processing /opt/airflow/dags/isr_pipeline.py took 0.520 seconds
[2026-04-05T08:46:53.788+0000] {processor.py:161} INFO - Started process (PID=57888) to work on /opt/airflow/dags/isr_pipeline.py
[2026-04-05T08:46:53.796+0000] {processor.py:830} INFO - Processing file /opt/airflow/dags/isr_pipeline.py for tasks to queue
[2026-04-05T08:46:53.804+0000] {logging_mixin.py:188} INFO - [2026-04-05T08:46:53.802+0000] {dagbag.py:540} INFO - Filling up the DagBag from /opt/airflow/dags/isr_pipeline.py
[2026-04-05T08:46:53.893+0000] {processor.py:840} INFO - DAG(s) 'isr_pipeline' retrieved from /opt/airflow/dags/isr_pipeline.py
[2026-04-05T08:46:54.076+0000] {logging_mixin.py:188} INFO - [2026-04-05T08:46:54.075+0000] {dag.py:3096} INFO - Sync 1 DAGs
[2026-04-05T08:46:54.277+0000] {processor.py:183} INFO - Processing /opt/airflow/dags/isr_pipeline.py took 0.527 seconds
[2026-04-05T08:47:24.574+0000] {processor.py:161} INFO - Started process (PID=57893) to work on /opt/airflow/dags/isr_pipeline.py
[2026-04-05T08:47:24.583+0000] {processor.py:830} INFO - Processing file /opt/airflow/dags/isr_pipeline.py for tasks to queue
[2026-04-05T08:47:24.591+0000] {logging_mixin.py:188} INFO - [2026-04-05T08:47:24.588+0000] {dagbag.py:540} INFO - Filling up the DagBag from /opt/airflow/dags/isr_pipeline.py
[2026-04-05T08:47:24.701+0000] {processor.py:840} INFO - DAG(s) 'isr_pipeline' retrieved from /opt/airflow/dags/isr_pipeline.py
[2026-04-05T08:47:24.895+0000] {logging_mixin.py:188} INFO - [2026-04-05T08:47:24.894+0000] {dag.py:3096} INFO - Sync 1 DAGs
[2026-04-05T08:47:25.093+0000] {processor.py:183} INFO - Processing /opt/airflow/dags/isr_pipeline.py took 0.568 seconds
[2026-04-05T08:47:55.548+0000] {processor.py:161} INFO - Started process (PID=57898) to work on /opt/airflow/dags/isr_pipeline.py
[2026-04-05T08:47:55.556+0000] {processor.py:830} INFO - Processing file /opt/airflow/dags/isr_pipeline.py for tasks to queue
[2026-04-05T08:47:55.563+0000] {logging_mixin.py:188} INFO - [2026-04-05T08:47:55.561+0000] {dagbag.py:540} INFO - Filling up the DagBag from /opt/airflow/dags/isr_pipeline.py
[2026-04-05T08:47:55.652+0000] {processor.py:840} INFO - DAG(s) 'isr_pipeline' retrieved from /opt/airflow/dags/isr_pipeline.py
[2026-04-05T08:47:55.833+0000] {logging_mixin.py:188} INFO - [2026-04-05T08:47:55.832+0000] {dag.py:3096} INFO - Sync 1 DAGs
[2026-04-05T08:47:56.041+0000] {processor.py:183} INFO - Processing /opt/airflow/dags/isr_pipeline.py took 0.531 seconds
[2026-04-05T08:48:26.515+0000] {processor.py:161} INFO - Started process (PID=57903) to work on /opt/airflow/dags/isr_pipeline.py
[2026-04-05T08:48:26.522+0000] {processor.py:830} INFO - Processing file /opt/airflow/dags/isr_pipeline.py for tasks to queue
[2026-04-05T08:48:26.528+0000] {logging_mixin.py:188} INFO - [2026-04-05T08:48:26.527+0000] {dagbag.py:540} INFO - Filling up the DagBag from /opt/airflow/dags/isr_pipeline.py
[2026-04-05T08:48:26.617+0000] {processor.py:840} INFO - DAG(s) 'isr_pipeline' retrieved from /opt/airflow/dags/isr_pipeline.py
[2026-04-05T08:48:26.796+0000] {logging_mixin.py:188} INFO - [2026-04-05T08:48:26.795+0000] {dag.py:3096} INFO - Sync 1 DAGs
[2026-04-05T08:48:26.993+0000] {processor.py:183} INFO - Processing /opt/airflow/dags/isr_pipeline.py took 0.516 seconds
[2026-04-05T08:48:57.657+0000] {processor.py:161} INFO - Started process (PID=57908) to work on /opt/airflow/dags/isr_pipeline.py
[2026-04-05T08:48:57.664+0000] {processor.py:830} INFO - Processing file /opt/airflow/dags/isr_pipeline.py for tasks to queue
[2026-04-05T08:48:57.673+0000] {logging_mixin.py:188} INFO - [2026-04-05T08:48:57.671+0000] {dagbag.py:540} INFO - Filling up the DagBag from /opt/airflow/dags/isr_pipeline.py
[2026-04-05T08:48:57.772+0000] {processor.py:840} INFO - DAG(s) 'isr_pipeline' retrieved from /opt/airflow/dags/isr_pipeline.py
[2026-04-05T08:48:57.968+0000] {logging_mixin.py:188} INFO - [2026-04-05T08:48:57.967+0000] {dag.py:3096} INFO - Sync 1 DAGs
[2026-04-05T08:48:58.334+0000] {processor.py:183} INFO - Processing /opt/airflow/dags/isr_pipeline.py took 0.742 seconds
[2026-04-05T08:49:28.876+0000] {processor.py:161} INFO - Started process (PID=57913) to work on /opt/airflow/dags/isr_pipeline.py
[2026-04-05T08:49:28.883+0000] {processor.py:830} INFO - Processing file /opt/airflow/dags/isr_pipeline.py for tasks to queue
[2026-04-05T08:49:28.890+0000] {logging_mixin.py:188} INFO - [2026-04-05T08:49:28.888+0000] {dagbag.py:540} INFO - Filling up the DagBag from /opt/airflow/dags/isr_pipeline.py
[2026-04-05T08:49:28.975+0000] {processor.py:840} INFO - DAG(s) 'isr_pipeline' retrieved from /opt/airflow/dags/isr_pipeline.py
[2026-04-05T08:49:29.293+0000] {logging_mixin.py:188} INFO - [2026-04-05T08:49:29.292+0000] {dag.py:3096} INFO - Sync 1 DAGs
[2026-04-05T08:49:29.539+0000] {processor.py:183} INFO - Processing /opt/airflow/dags/isr_pipeline.py took 0.701 seconds
[2026-04-05T08:50:00.105+0000] {processor.py:161} INFO - Started process (PID=57918) to work on /opt/airflow/dags/isr_pipeline.py
[2026-04-05T08:50:00.114+0000] {processor.py:830} INFO - Processing file /opt/airflow/dags/isr_pipeline.py for tasks to queue
[2026-04-05T08:50:00.123+0000] {logging_mixin.py:188} INFO - [2026-04-05T08:50:00.120+0000] {dagbag.py:540} INFO - Filling up the DagBag from /opt/airflow/dags/isr_pipeline.py
[2026-04-05T08:50:00.230+0000] {processor.py:840} INFO - DAG(s) 'isr_pipeline' retrieved from /opt/airflow/dags/isr_pipeline.py
[2026-04-05T08:50:00.451+0000] {logging_mixin.py:188} INFO - [2026-04-05T08:50:00.450+0000] {dag.py:3096} INFO - Sync 1 DAGs
[2026-04-05T08:50:00.689+0000] {processor.py:183} INFO - Processing /opt/airflow/dags/isr_pipeline.py took 0.694 seconds
[2026-04-05T08:50:30.960+0000] {processor.py:161} INFO - Started process (PID=57923) to work on /opt/airflow/dags/isr_pipeline.py
[2026-04-05T08:50:30.967+0000] {processor.py:830} INFO - Processing file /opt/airflow/dags/isr_pipeline.py for tasks to queue
[2026-04-05T08:50:30.975+0000] {logging_mixin.py:188} INFO - [2026-04-05T08:50:30.972+0000] {dagbag.py:540} INFO - Filling up the DagBag from /opt/airflow/dags/isr_pipeline.py
[2026-04-05T08:50:31.063+0000] {processor.py:840} INFO - DAG(s) 'isr_pipeline' retrieved from /opt/airflow/dags/isr_pipeline.py
[2026-04-05T08:50:31.247+0000] {logging_mixin.py:188} INFO - [2026-04-05T08:50:31.246+0000] {dag.py:3096} INFO - Sync 1 DAGs
[2026-04-05T08:50:31.575+0000] {processor.py:183} INFO - Processing /opt/airflow/dags/isr_pipeline.py took 0.654 seconds
[2026-04-05T08:51:01.921+0000] {processor.py:161} INFO - Started process (PID=57928) to work on /opt/airflow/dags/isr_pipeline.py
[2026-04-05T08:51:01.924+0000] {processor.py:830} INFO - Processing file /opt/airflow/dags/isr_pipeline.py for tasks to queue
[2026-04-05T08:51:01.927+0000] {logging_mixin.py:188} INFO - [2026-04-05T08:51:01.926+0000] {dagbag.py:540} INFO - Filling up the DagBag from /opt/airflow/dags/isr_pipeline.py
[2026-04-05T08:51:01.955+0000] {processor.py:840} INFO - DAG(s) 'isr_pipeline' retrieved from /opt/airflow/dags/isr_pipeline.py
[2026-04-05T08:51:02.003+0000] {logging_mixin.py:188} INFO - [2026-04-05T08:51:02.002+0000] {dag.py:3096} INFO - Sync 1 DAGs
[2026-04-05T08:51:02.064+0000] {processor.py:183} INFO - Processing /opt/airflow/dags/isr_pipeline.py took 0.154 seconds
[2026-04-05T08:51:32.184+0000] {processor.py:161} INFO - Started process (PID=57933) to work on /opt/airflow/dags/isr_pipeline.py
[2026-04-05T08:51:32.186+0000] {processor.py:830} INFO - Processing file /opt/airflow/dags/isr_pipeline.py for tasks to queue
[2026-04-05T08:51:32.188+0000] {logging_mixin.py:188} INFO - [2026-04-05T08:51:32.187+0000] {dagbag.py:540} INFO - Filling up the DagBag from /opt/airflow/dags/isr_pipeline.py
[2026-04-05T08:51:32.206+0000] {processor.py:840} INFO - DAG(s) 'isr_pipeline' retrieved from /opt/airflow/dags/isr_pipeline.py
[2026-04-05T08:51:32.243+0000] {logging_mixin.py:188} INFO - [2026-04-05T08:51:32.242+0000] {dag.py:3096} INFO - Sync 1 DAGs
[2026-04-05T08:51:32.284+0000] {processor.py:183} INFO - Processing /opt/airflow/dags/isr_pipeline.py took 0.108 seconds
[2026-04-05T08:52:02.448+0000] {processor.py:161} INFO - Started process (PID=57938) to work on /opt/airflow/dags/isr_pipeline.py
[2026-04-05T08:52:02.449+0000] {processor.py:830} INFO - Processing file /opt/airflow/dags/isr_pipeline.py for tasks to queue
[2026-04-05T08:52:02.451+0000] {logging_mixin.py:188} INFO - [2026-04-05T08:52:02.450+0000] {dagbag.py:540} INFO - Filling up the DagBag from /opt/airflow/dags/isr_pipeline.py
[2026-04-05T08:52:02.470+0000] {processor.py:840} INFO - DAG(s) 'isr_pipeline' retrieved from /opt/airflow/dags/isr_pipeline.py
[2026-04-05T08:52:02.507+0000] {logging_mixin.py:188} INFO - [2026-04-05T08:52:02.507+0000] {dag.py:3096} INFO - Sync 1 DAGs
[2026-04-05T08:52:02.552+0000] {processor.py:183} INFO - Processing /opt/airflow/dags/isr_pipeline.py took 0.111 seconds
[2026-04-05T08:52:32.593+0000] {processor.py:161} INFO - Started process (PID=57943) to work on /opt/airflow/dags/isr_pipeline.py
[2026-04-05T08:52:32.595+0000] {processor.py:830} INFO - Processing file /opt/airflow/dags/isr_pipeline.py for tasks to queue
[2026-04-05T08:52:32.596+0000] {logging_mixin.py:188} INFO - [2026-04-05T08:52:32.596+0000] {dagbag.py:540} INFO - Filling up the DagBag from /opt/airflow/dags/isr_pipeline.py
[2026-04-05T08:52:32.615+0000] {processor.py:840} INFO - DAG(s) 'isr_pipeline' retrieved from /opt/airflow/dags/isr_pipeline.py
[2026-04-05T08:52:32.652+0000] {logging_mixin.py:188} INFO - [2026-04-05T08:52:32.652+0000] {dag.py:3096} INFO - Sync 1 DAGs
[2026-04-05T08:52:32.693+0000] {processor.py:183} INFO - Processing /opt/airflow/dags/isr_pipeline.py took 0.108 seconds
[2026-04-05T08:53:02.885+0000] {processor.py:161} INFO - Started process (PID=57948) to work on /opt/airflow/dags/isr_pipeline.py
[2026-04-05T08:53:02.887+0000] {processor.py:830} INFO - Processing file /opt/airflow/dags/isr_pipeline.py for tasks to queue
[2026-04-05T08:53:02.888+0000] {logging_mixin.py:188} INFO - [2026-04-05T08:53:02.888+0000] {dagbag.py:540} INFO - Filling up the DagBag from /opt/airflow/dags/isr_pipeline.py
[2026-04-05T08:53:02.906+0000] {processor.py:840} INFO - DAG(s) 'isr_pipeline' retrieved from /opt/airflow/dags/isr_pipeline.py
[2026-04-05T08:53:02.943+0000] {logging_mixin.py:188} INFO - [2026-04-05T08:53:02.942+0000] {dag.py:3096} INFO - Sync 1 DAGs
[2026-04-05T08:53:02.983+0000] {processor.py:183} INFO - Processing /opt/airflow/dags/isr_pipeline.py took 0.107 seconds
[2026-04-05T08:53:33.033+0000] {processor.py:161} INFO - Started process (PID=57953) to work on /opt/airflow/dags/isr_pipeline.py
[2026-04-05T08:53:33.034+0000] {processor.py:830} INFO - Processing file /opt/airflow/dags/isr_pipeline.py for tasks to queue
[2026-04-05T08:53:33.036+0000] {logging_mixin.py:188} INFO - [2026-04-05T08:53:33.035+0000] {dagbag.py:540} INFO - Filling up the DagBag from /opt/airflow/dags/isr_pipeline.py
[2026-04-05T08:53:33.054+0000] {processor.py:840} INFO - DAG(s) 'isr_pipeline' retrieved from /opt/airflow/dags/isr_pipeline.py
[2026-04-05T08:53:33.091+0000] {logging_mixin.py:188} INFO - [2026-04-05T08:53:33.091+0000] {dag.py:3096} INFO - Sync 1 DAGs
[2026-04-05T08:53:33.134+0000] {processor.py:183} INFO - Processing /opt/airflow/dags/isr_pipeline.py took 0.110 seconds
[2026-04-05T08:54:03.324+0000] {processor.py:161} INFO - Started process (PID=57958) to work on /opt/airflow/dags/isr_pipeline.py
[2026-04-05T08:54:03.325+0000] {processor.py:830} INFO - Processing file /opt/airflow/dags/isr_pipeline.py for tasks to queue
[2026-04-05T08:54:03.327+0000] {logging_mixin.py:188} INFO - [2026-04-05T08:54:03.326+0000] {dagbag.py:540} INFO - Filling up the DagBag from /opt/airflow/dags/isr_pipeline.py
[2026-04-05T08:54:03.344+0000] {processor.py:840} INFO - DAG(s) 'isr_pipeline' retrieved from /opt/airflow/dags/isr_pipeline.py
[2026-04-05T08:54:03.381+0000] {logging_mixin.py:188} INFO - [2026-04-05T08:54:03.380+0000] {dag.py:3096} INFO - Sync 1 DAGs
[2026-04-05T08:54:03.423+0000] {processor.py:183} INFO - Processing /opt/airflow/dags/isr_pipeline.py took 0.106 seconds
[2026-04-05T08:54:33.496+0000] {processor.py:161} INFO - Started process (PID=57963) to work on /opt/airflow/dags/isr_pipeline.py
[2026-04-05T08:54:33.498+0000] {processor.py:830} INFO - Processing file /opt/airflow/dags/isr_pipeline.py for tasks to queue
[2026-04-05T08:54:33.500+0000] {logging_mixin.py:188} INFO - [2026-04-05T08:54:33.499+0000] {dagbag.py:540} INFO - Filling up the DagBag from /opt/airflow/dags/isr_pipeline.py
[2026-04-05T08:54:33.519+0000] {processor.py:840} INFO - DAG(s) 'isr_pipeline' retrieved from /opt/airflow/dags/isr_pipeline.py
[2026-04-05T08:54:33.557+0000] {logging_mixin.py:188} INFO - [2026-04-05T08:54:33.557+0000] {dag.py:3096} INFO - Sync 1 DAGs
[2026-04-05T08:54:33.600+0000] {processor.py:183} INFO - Processing /opt/airflow/dags/isr_pipeline.py took 0.112 seconds
[2026-04-05T08:55:03.708+0000] {processor.py:161} INFO - Started process (PID=57968) to work on /opt/airflow/dags/isr_pipeline.py
[2026-04-05T08:55:03.710+0000] {processor.py:830} INFO - Processing file /opt/airflow/dags/isr_pipeline.py for tasks to queue
[2026-04-05T08:55:03.711+0000] {logging_mixin.py:188} INFO - [2026-04-05T08:55:03.711+0000] {dagbag.py:540} INFO - Filling up the DagBag from /opt/airflow/dags/isr_pipeline.py
[2026-04-05T08:55:03.729+0000] {processor.py:840} INFO - DAG(s) 'isr_pipeline' retrieved from /opt/airflow/dags/isr_pipeline.py
[2026-04-05T08:55:03.767+0000] {logging_mixin.py:188} INFO - [2026-04-05T08:55:03.766+0000] {dag.py:3096} INFO - Sync 1 DAGs
[2026-04-05T08:55:03.808+0000] {processor.py:183} INFO - Processing /opt/airflow/dags/isr_pipeline.py took 0.109 seconds
[2026-04-05T08:55:33.950+0000] {processor.py:161} INFO - Started process (PID=57973) to work on /opt/airflow/dags/isr_pipeline.py
[2026-04-05T08:55:33.952+0000] {processor.py:830} INFO - Processing file /opt/airflow/dags/isr_pipeline.py for tasks to queue
[2026-04-05T08:55:33.954+0000] {logging_mixin.py:188} INFO - [2026-04-05T08:55:33.953+0000] {dagbag.py:540} INFO - Filling up the DagBag from /opt/airflow/dags/isr_pipeline.py
[2026-04-05T08:55:33.972+0000] {processor.py:840} INFO - DAG(s) 'isr_pipeline' retrieved from /opt/airflow/dags/isr_pipeline.py
[2026-04-05T08:55:34.008+0000] {logging_mixin.py:188} INFO - [2026-04-05T08:55:34.008+0000] {dag.py:3096} INFO - Sync 1 DAGs
[2026-04-05T08:55:34.049+0000] {processor.py:183} INFO - Processing /opt/airflow/dags/isr_pipeline.py took 0.109 seconds
[2026-04-05T08:56:04.099+0000] {processor.py:161} INFO - Started process (PID=57978) to work on /opt/airflow/dags/isr_pipeline.py
[2026-04-05T08:56:04.100+0000] {processor.py:830} INFO - Processing file /opt/airflow/dags/isr_pipeline.py for tasks to queue
[2026-04-05T08:56:04.102+0000] {logging_mixin.py:188} INFO - [2026-04-05T08:56:04.101+0000] {dagbag.py:540} INFO - Filling up the DagBag from /opt/airflow/dags/isr_pipeline.py
[2026-04-05T08:56:04.120+0000] {processor.py:840} INFO - DAG(s) 'isr_pipeline' retrieved from /opt/airflow/dags/isr_pipeline.py
[2026-04-05T08:56:04.156+0000] {logging_mixin.py:188} INFO - [2026-04-05T08:56:04.156+0000] {dag.py:3096} INFO - Sync 1 DAGs
[2026-04-05T08:56:04.197+0000] {processor.py:183} INFO - Processing /opt/airflow/dags/isr_pipeline.py took 0.108 seconds
[2026-04-05T08:56:34.403+0000] {processor.py:161} INFO - Started process (PID=57983) to work on /opt/airflow/dags/isr_pipeline.py
[2026-04-05T08:56:34.405+0000] {processor.py:830} INFO - Processing file /opt/airflow/dags/isr_pipeline.py for tasks to queue
[2026-04-05T08:56:34.406+0000] {logging_mixin.py:188} INFO - [2026-04-05T08:56:34.406+0000] {dagbag.py:540} INFO - Filling up the DagBag from /opt/airflow/dags/isr_pipeline.py
[2026-04-05T08:56:34.424+0000] {processor.py:840} INFO - DAG(s) 'isr_pipeline' retrieved from /opt/airflow/dags/isr_pipeline.py
[2026-04-05T08:56:34.460+0000] {logging_mixin.py:188} INFO - [2026-04-05T08:56:34.460+0000] {dag.py:3096} INFO - Sync 1 DAGs
[2026-04-05T08:56:34.502+0000] {processor.py:183} INFO - Processing /opt/airflow/dags/isr_pipeline.py took 0.108 seconds
[2026-04-05T08:57:04.572+0000] {processor.py:161} INFO - Started process (PID=57988) to work on /opt/airflow/dags/isr_pipeline.py
[2026-04-05T08:57:04.574+0000] {processor.py:830} INFO - Processing file /opt/airflow/dags/isr_pipeline.py for tasks to queue
[2026-04-05T08:57:04.576+0000] {logging_mixin.py:188} INFO - [2026-04-05T08:57:04.576+0000] {dagbag.py:540} INFO - Filling up the DagBag from /opt/airflow/dags/isr_pipeline.py
[2026-04-05T08:57:04.594+0000] {processor.py:840} INFO - DAG(s) 'isr_pipeline' retrieved from /opt/airflow/dags/isr_pipeline.py
[2026-04-05T08:57:04.632+0000] {logging_mixin.py:188} INFO - [2026-04-05T08:57:04.632+0000] {dag.py:3096} INFO - Sync 1 DAGs
[2026-04-05T08:57:04.677+0000] {processor.py:183} INFO - Processing /opt/airflow/dags/isr_pipeline.py took 0.114 seconds
[2026-04-05T08:57:34.838+0000] {processor.py:161} INFO - Started process (PID=57993) to work on /opt/airflow/dags/isr_pipeline.py
[2026-04-05T08:57:34.840+0000] {processor.py:830} INFO - Processing file /opt/airflow/dags/isr_pipeline.py for tasks to queue
[2026-04-05T08:57:34.842+0000] {logging_mixin.py:188} INFO - [2026-04-05T08:57:34.841+0000] {dagbag.py:540} INFO - Filling up the DagBag from /opt/airflow/dags/isr_pipeline.py
[2026-04-05T08:57:34.867+0000] {processor.py:840} INFO - DAG(s) 'isr_pipeline' retrieved from /opt/airflow/dags/isr_pipeline.py
[2026-04-05T08:57:34.906+0000] {logging_mixin.py:188} INFO - [2026-04-05T08:57:34.905+0000] {dag.py:3096} INFO - Sync 1 DAGs
[2026-04-05T08:57:34.960+0000] {processor.py:183} INFO - Processing /opt/airflow/dags/isr_pipeline.py took 0.131 seconds
[2026-04-05T08:58:05.024+0000] {processor.py:161} INFO - Started process (PID=57998) to work on /opt/airflow/dags/isr_pipeline.py
[2026-04-05T08:58:05.026+0000] {processor.py:830} INFO - Processing file /opt/airflow/dags/isr_pipeline.py for tasks to queue
[2026-04-05T08:58:05.028+0000] {logging_mixin.py:188} INFO - [2026-04-05T08:58:05.028+0000] {dagbag.py:540} INFO - Filling up the DagBag from /opt/airflow/dags/isr_pipeline.py
[2026-04-05T08:58:05.047+0000] {processor.py:840} INFO - DAG(s) 'isr_pipeline' retrieved from /opt/airflow/dags/isr_pipeline.py
[2026-04-05T08:58:05.086+0000] {logging_mixin.py:188} INFO - [2026-04-05T08:58:05.086+0000] {dag.py:3096} INFO - Sync 1 DAGs
[2026-04-05T08:58:05.137+0000] {processor.py:183} INFO - Processing /opt/airflow/dags/isr_pipeline.py took 0.120 seconds
[2026-04-05T08:58:35.325+0000] {processor.py:161} INFO - Started process (PID=58003) to work on /opt/airflow/dags/isr_pipeline.py
[2026-04-05T08:58:35.327+0000] {processor.py:830} INFO - Processing file /opt/airflow/dags/isr_pipeline.py for tasks to queue
[2026-04-05T08:58:35.328+0000] {logging_mixin.py:188} INFO - [2026-04-05T08:58:35.328+0000] {dagbag.py:540} INFO - Filling up the DagBag from /opt/airflow/dags/isr_pipeline.py
[2026-04-05T08:58:35.346+0000] {processor.py:840} INFO - DAG(s) 'isr_pipeline' retrieved from /opt/airflow/dags/isr_pipeline.py
[2026-04-05T08:58:35.386+0000] {logging_mixin.py:188} INFO - [2026-04-05T08:58:35.385+0000] {dag.py:3096} INFO - Sync 1 DAGs
[2026-04-05T08:58:35.429+0000] {processor.py:183} INFO - Processing /opt/airflow/dags/isr_pipeline.py took 0.113 seconds
[2026-04-05T08:59:05.575+0000] {processor.py:161} INFO - Started process (PID=58008) to work on /opt/airflow/dags/isr_pipeline.py
[2026-04-05T08:59:05.576+0000] {processor.py:830} INFO - Processing file /opt/airflow/dags/isr_pipeline.py for tasks to queue
[2026-04-05T08:59:05.578+0000] {logging_mixin.py:188} INFO - [2026-04-05T08:59:05.577+0000] {dagbag.py:540} INFO - Filling up the DagBag from /opt/airflow/dags/isr_pipeline.py
[2026-04-05T08:59:05.598+0000] {processor.py:840} INFO - DAG(s) 'isr_pipeline' retrieved from /opt/airflow/dags/isr_pipeline.py
[2026-04-05T08:59:05.648+0000] {logging_mixin.py:188} INFO - [2026-04-05T08:59:05.647+0000] {dag.py:3096} INFO - Sync 1 DAGs
[2026-04-05T08:59:05.703+0000] {processor.py:183} INFO - Processing /opt/airflow/dags/isr_pipeline.py took 0.138 seconds
[2026-04-05T08:59:35.760+0000] {processor.py:161} INFO - Started process (PID=58013) to work on /opt/airflow/dags/isr_pipeline.py
[2026-04-05T08:59:35.762+0000] {processor.py:830} INFO - Processing file /opt/airflow/dags/isr_pipeline.py for tasks to queue
[2026-04-05T08:59:35.763+0000] {logging_mixin.py:188} INFO - [2026-04-05T08:59:35.763+0000] {dagbag.py:540} INFO - Filling up the DagBag from /opt/airflow/dags/isr_pipeline.py
[2026-04-05T08:59:35.785+0000] {processor.py:840} INFO - DAG(s) 'isr_pipeline' retrieved from /opt/airflow/dags/isr_pipeline.py
[2026-04-05T08:59:35.822+0000] {logging_mixin.py:188} INFO - [2026-04-05T08:59:35.821+0000] {dag.py:3096} INFO - Sync 1 DAGs
[2026-04-05T08:59:35.865+0000] {processor.py:183} INFO - Processing /opt/airflow/dags/isr_pipeline.py took 0.114 seconds
[2026-04-05T09:00:06.039+0000] {processor.py:161} INFO - Started process (PID=58018) to work on /opt/airflow/dags/isr_pipeline.py
[2026-04-05T09:00:06.041+0000] {processor.py:830} INFO - Processing file /opt/airflow/dags/isr_pipeline.py for tasks to queue
[2026-04-05T09:00:06.042+0000] {logging_mixin.py:188} INFO - [2026-04-05T09:00:06.042+0000] {dagbag.py:540} INFO - Filling up the DagBag from /opt/airflow/dags/isr_pipeline.py
[2026-04-05T09:00:06.060+0000] {processor.py:840} INFO - DAG(s) 'isr_pipeline' retrieved from /opt/airflow/dags/isr_pipeline.py
[2026-04-05T09:00:06.105+0000] {logging_mixin.py:188} INFO - [2026-04-05T09:00:06.105+0000] {dag.py:3096} INFO - Sync 1 DAGs
[2026-04-05T09:00:06.146+0000] {processor.py:183} INFO - Processing /opt/airflow/dags/isr_pipeline.py took 0.114 seconds
[2026-04-05T09:00:36.196+0000] {processor.py:161} INFO - Started process (PID=58023) to work on /opt/airflow/dags/isr_pipeline.py
[2026-04-05T09:00:36.198+0000] {processor.py:830} INFO - Processing file /opt/airflow/dags/isr_pipeline.py for tasks to queue
[2026-04-05T09:00:36.199+0000] {logging_mixin.py:188} INFO - [2026-04-05T09:00:36.199+0000] {dagbag.py:540} INFO - Filling up the DagBag from /opt/airflow/dags/isr_pipeline.py
[2026-04-05T09:00:36.217+0000] {processor.py:840} INFO - DAG(s) 'isr_pipeline' retrieved from /opt/airflow/dags/isr_pipeline.py
[2026-04-05T09:00:36.259+0000] {logging_mixin.py:188} INFO - [2026-04-05T09:00:36.259+0000] {dag.py:3096} INFO - Sync 1 DAGs
[2026-04-05T09:00:36.304+0000] {processor.py:183} INFO - Processing /opt/airflow/dags/isr_pipeline.py took 0.116 seconds
[2026-04-05T09:01:06.451+0000] {processor.py:161} INFO - Started process (PID=58028) to work on /opt/airflow/dags/isr_pipeline.py
[2026-04-05T09:01:06.453+0000] {processor.py:830} INFO - Processing file /opt/airflow/dags/isr_pipeline.py for tasks to queue
[2026-04-05T09:01:06.454+0000] {logging_mixin.py:188} INFO - [2026-04-05T09:01:06.454+0000] {dagbag.py:540} INFO - Filling up the DagBag from /opt/airflow/dags/isr_pipeline.py
[2026-04-05T09:01:06.472+0000] {processor.py:840} INFO - DAG(s) 'isr_pipeline' retrieved from /opt/airflow/dags/isr_pipeline.py
[2026-04-05T09:01:06.511+0000] {logging_mixin.py:188} INFO - [2026-04-05T09:01:06.511+0000] {dag.py:3096} INFO - Sync 1 DAGs
[2026-04-05T09:01:06.553+0000] {processor.py:183} INFO - Processing /opt/airflow/dags/isr_pipeline.py took 0.109 seconds
[2026-04-05T09:01:36.613+0000] {processor.py:161} INFO - Started process (PID=58033) to work on /opt/airflow/dags/isr_pipeline.py
[2026-04-05T09:01:36.615+0000] {processor.py:830} INFO - Processing file /opt/airflow/dags/isr_pipeline.py for tasks to queue
[2026-04-05T09:01:36.617+0000] {logging_mixin.py:188} INFO - [2026-04-05T09:01:36.616+0000] {dagbag.py:540} INFO - Filling up the DagBag from /opt/airflow/dags/isr_pipeline.py
[2026-04-05T09:01:36.635+0000] {processor.py:840} INFO - DAG(s) 'isr_pipeline' retrieved from /opt/airflow/dags/isr_pipeline.py
[2026-04-05T09:01:36.674+0000] {logging_mixin.py:188} INFO - [2026-04-05T09:01:36.673+0000] {dag.py:3096} INFO - Sync 1 DAGs
[2026-04-05T09:01:36.723+0000] {processor.py:183} INFO - Processing /opt/airflow/dags/isr_pipeline.py took 0.119 seconds
[2026-04-05T09:02:06.899+0000] {processor.py:161} INFO - Started process (PID=58038) to work on /opt/airflow/dags/isr_pipeline.py
[2026-04-05T09:02:06.900+0000] {processor.py:830} INFO - Processing file /opt/airflow/dags/isr_pipeline.py for tasks to queue
[2026-04-05T09:02:06.902+0000] {logging_mixin.py:188} INFO - [2026-04-05T09:02:06.902+0000] {dagbag.py:540} INFO - Filling up the DagBag from /opt/airflow/dags/isr_pipeline.py
[2026-04-05T09:02:06.923+0000] {processor.py:840} INFO - DAG(s) 'isr_pipeline' retrieved from /opt/airflow/dags/isr_pipeline.py
[2026-04-05T09:02:06.961+0000] {logging_mixin.py:188} INFO - [2026-04-05T09:02:06.961+0000] {dag.py:3096} INFO - Sync 1 DAGs
[2026-04-05T09:02:07.004+0000] {processor.py:183} INFO - Processing /opt/airflow/dags/isr_pipeline.py took 0.113 seconds
[2026-04-05T09:02:37.066+0000] {processor.py:161} INFO - Started process (PID=58043) to work on /opt/airflow/dags/isr_pipeline.py
[2026-04-05T09:02:37.068+0000] {processor.py:830} INFO - Processing file /opt/airflow/dags/isr_pipeline.py for tasks to queue
[2026-04-05T09:02:37.069+0000] {logging_mixin.py:188} INFO - [2026-04-05T09:02:37.069+0000] {dagbag.py:540} INFO - Filling up the DagBag from /opt/airflow/dags/isr_pipeline.py
[2026-04-05T09:02:37.087+0000] {processor.py:840} INFO - DAG(s) 'isr_pipeline' retrieved from /opt/airflow/dags/isr_pipeline.py
[2026-04-05T09:02:37.128+0000] {logging_mixin.py:188} INFO - [2026-04-05T09:02:37.127+0000] {dag.py:3096} INFO - Sync 1 DAGs
[2026-04-05T09:02:37.170+0000] {processor.py:183} INFO - Processing /opt/airflow/dags/isr_pipeline.py took 0.112 seconds
[2026-04-05T09:03:07.282+0000] {processor.py:161} INFO - Started process (PID=58048) to work on /opt/airflow/dags/isr_pipeline.py
[2026-04-05T09:03:07.284+0000] {processor.py:830} INFO - Processing file /opt/airflow/dags/isr_pipeline.py for tasks to queue
[2026-04-05T09:03:07.286+0000] {logging_mixin.py:188} INFO - [2026-04-05T09:03:07.285+0000] {dagbag.py:540} INFO - Filling up the DagBag from /opt/airflow/dags/isr_pipeline.py
[2026-04-05T09:03:07.309+0000] {processor.py:840} INFO - DAG(s) 'isr_pipeline' retrieved from /opt/airflow/dags/isr_pipeline.py
[2026-04-05T09:03:07.361+0000] {logging_mixin.py:188} INFO - [2026-04-05T09:03:07.361+0000] {dag.py:3096} INFO - Sync 1 DAGs
[2026-04-05T09:03:07.407+0000] {processor.py:183} INFO - Processing /opt/airflow/dags/isr_pipeline.py took 0.135 seconds
[2026-04-05T09:03:37.508+0000] {processor.py:161} INFO - Started process (PID=58053) to work on /opt/airflow/dags/isr_pipeline.py
[2026-04-05T09:03:37.510+0000] {processor.py:830} INFO - Processing file /opt/airflow/dags/isr_pipeline.py for tasks to queue
[2026-04-05T09:03:37.511+0000] {logging_mixin.py:188} INFO - [2026-04-05T09:03:37.511+0000] {dagbag.py:540} INFO - Filling up the DagBag from /opt/airflow/dags/isr_pipeline.py
[2026-04-05T09:03:37.530+0000] {processor.py:840} INFO - DAG(s) 'isr_pipeline' retrieved from /opt/airflow/dags/isr_pipeline.py
[2026-04-05T09:03:37.567+0000] {logging_mixin.py:188} INFO - [2026-04-05T09:03:37.567+0000] {dag.py:3096} INFO - Sync 1 DAGs
[2026-04-05T09:03:37.609+0000] {processor.py:183} INFO - Processing /opt/airflow/dags/isr_pipeline.py took 0.109 seconds
[2026-04-05T09:04:07.766+0000] {processor.py:161} INFO - Started process (PID=58058) to work on /opt/airflow/dags/isr_pipeline.py
[2026-04-05T09:04:07.768+0000] {processor.py:830} INFO - Processing file /opt/airflow/dags/isr_pipeline.py for tasks to queue
[2026-04-05T09:04:07.769+0000] {logging_mixin.py:188} INFO - [2026-04-05T09:04:07.769+0000] {dagbag.py:540} INFO - Filling up the DagBag from /opt/airflow/dags/isr_pipeline.py
[2026-04-05T09:04:07.787+0000] {processor.py:840} INFO - DAG(s) 'isr_pipeline' retrieved from /opt/airflow/dags/isr_pipeline.py
[2026-04-05T09:04:07.823+0000] {logging_mixin.py:188} INFO - [2026-04-05T09:04:07.823+0000] {dag.py:3096} INFO - Sync 1 DAGs
[2026-04-05T09:04:07.864+0000] {processor.py:183} INFO - Processing /opt/airflow/dags/isr_pipeline.py took 0.106 seconds
[2026-04-05T09:04:37.932+0000] {processor.py:161} INFO - Started process (PID=58063) to work on /opt/airflow/dags/isr_pipeline.py
[2026-04-05T09:04:37.934+0000] {processor.py:830} INFO - Processing file /opt/airflow/dags/isr_pipeline.py for tasks to queue
[2026-04-05T09:04:37.935+0000] {logging_mixin.py:188} INFO - [2026-04-05T09:04:37.935+0000] {dagbag.py:540} INFO - Filling up the DagBag from /opt/airflow/dags/isr_pipeline.py
[2026-04-05T09:04:37.956+0000] {processor.py:840} INFO - DAG(s) 'isr_pipeline' retrieved from /opt/airflow/dags/isr_pipeline.py
[2026-04-05T09:04:37.993+0000] {logging_mixin.py:188} INFO - [2026-04-05T09:04:37.992+0000] {dag.py:3096} INFO - Sync 1 DAGs
[2026-04-05T09:04:38.035+0000] {processor.py:183} INFO - Processing /opt/airflow/dags/isr_pipeline.py took 0.111 seconds
[2026-04-05T09:05:08.186+0000] {processor.py:161} INFO - Started process (PID=58068) to work on /opt/airflow/dags/isr_pipeline.py
[2026-04-05T09:05:08.188+0000] {processor.py:830} INFO - Processing file /opt/airflow/dags/isr_pipeline.py for tasks to queue
[2026-04-05T09:05:08.189+0000] {logging_mixin.py:188} INFO - [2026-04-05T09:05:08.189+0000] {dagbag.py:540} INFO - Filling up the DagBag from /opt/airflow/dags/isr_pipeline.py
[2026-04-05T09:05:08.207+0000] {processor.py:840} INFO - DAG(s) 'isr_pipeline' retrieved from /opt/airflow/dags/isr_pipeline.py
[2026-04-05T09:05:08.243+0000] {logging_mixin.py:188} INFO - [2026-04-05T09:05:08.242+0000] {dag.py:3096} INFO - Sync 1 DAGs
[2026-04-05T09:05:08.284+0000] {processor.py:183} INFO - Processing /opt/airflow/dags/isr_pipeline.py took 0.105 seconds
[2026-04-05T09:05:38.355+0000] {processor.py:161} INFO - Started process (PID=58073) to work on /opt/airflow/dags/isr_pipeline.py
[2026-04-05T09:05:38.356+0000] {processor.py:830} INFO - Processing file /opt/airflow/dags/isr_pipeline.py for tasks to queue
[2026-04-05T09:05:38.358+0000] {logging_mixin.py:188} INFO - [2026-04-05T09:05:38.357+0000] {dagbag.py:540} INFO - Filling up the DagBag from /opt/airflow/dags/isr_pipeline.py
[2026-04-05T09:05:38.378+0000] {processor.py:840} INFO - DAG(s) 'isr_pipeline' retrieved from /opt/airflow/dags/isr_pipeline.py
[2026-04-05T09:05:38.416+0000] {logging_mixin.py:188} INFO - [2026-04-05T09:05:38.415+0000] {dag.py:3096} INFO - Sync 1 DAGs
[2026-04-05T09:05:38.458+0000] {processor.py:183} INFO - Processing /opt/airflow/dags/isr_pipeline.py took 0.113 seconds
[2026-04-05T09:06:08.712+0000] {processor.py:161} INFO - Started process (PID=58078) to work on /opt/airflow/dags/isr_pipeline.py
[2026-04-05T09:06:08.713+0000] {processor.py:830} INFO - Processing file /opt/airflow/dags/isr_pipeline.py for tasks to queue
[2026-04-05T09:06:08.715+0000] {logging_mixin.py:188} INFO - [2026-04-05T09:06:08.714+0000] {dagbag.py:540} INFO - Filling up the DagBag from /opt/airflow/dags/isr_pipeline.py
[2026-04-05T09:06:08.732+0000] {processor.py:840} INFO - DAG(s) 'isr_pipeline' retrieved from /opt/airflow/dags/isr_pipeline.py
[2026-04-05T09:06:08.768+0000] {logging_mixin.py:188} INFO - [2026-04-05T09:06:08.768+0000] {dag.py:3096} INFO - Sync 1 DAGs
[2026-04-05T09:06:08.811+0000] {processor.py:183} INFO - Processing /opt/airflow/dags/isr_pipeline.py took 0.107 seconds
[2026-04-05T09:06:38.879+0000] {processor.py:161} INFO - Started process (PID=58083) to work on /opt/airflow/dags/isr_pipeline.py
[2026-04-05T09:06:38.881+0000] {processor.py:830} INFO - Processing file /opt/airflow/dags/isr_pipeline.py for tasks to queue
[2026-04-05T09:06:38.882+0000] {logging_mixin.py:188} INFO - [2026-04-05T09:06:38.882+0000] {dagbag.py:540} INFO - Filling up the DagBag from /opt/airflow/dags/isr_pipeline.py
[2026-04-05T09:06:38.900+0000] {processor.py:840} INFO - DAG(s) 'isr_pipeline' retrieved from /opt/airflow/dags/isr_pipeline.py
[2026-04-05T09:06:38.937+0000] {logging_mixin.py:188} INFO - [2026-04-05T09:06:38.937+0000] {dag.py:3096} INFO - Sync 1 DAGs
[2026-04-05T09:06:38.978+0000] {processor.py:183} INFO - Processing /opt/airflow/dags/isr_pipeline.py took 0.107 seconds
[2026-04-05T09:07:09.086+0000] {processor.py:161} INFO - Started process (PID=58088) to work on /opt/airflow/dags/isr_pipeline.py
[2026-04-05T09:07:09.088+0000] {processor.py:830} INFO - Processing file /opt/airflow/dags/isr_pipeline.py for tasks to queue
[2026-04-05T09:07:09.089+0000] {logging_mixin.py:188} INFO - [2026-04-05T09:07:09.089+0000] {dagbag.py:540} INFO - Filling up the DagBag from /opt/airflow/dags/isr_pipeline.py
[2026-04-05T09:07:09.107+0000] {processor.py:840} INFO - DAG(s) 'isr_pipeline' retrieved from /opt/airflow/dags/isr_pipeline.py
[2026-04-05T09:07:09.144+0000] {logging_mixin.py:188} INFO - [2026-04-05T09:07:09.144+0000] {dag.py:3096} INFO - Sync 1 DAGs
[2026-04-05T09:07:09.186+0000] {processor.py:183} INFO - Processing /opt/airflow/dags/isr_pipeline.py took 0.108 seconds
[2026-04-05T09:07:39.305+0000] {processor.py:161} INFO - Started process (PID=58093) to work on /opt/airflow/dags/isr_pipeline.py
[2026-04-05T09:07:39.306+0000] {processor.py:830} INFO - Processing file /opt/airflow/dags/isr_pipeline.py for tasks to queue
[2026-04-05T09:07:39.307+0000] {logging_mixin.py:188} INFO - [2026-04-05T09:07:39.307+0000] {dagbag.py:540} INFO - Filling up the DagBag from /opt/airflow/dags/isr_pipeline.py
[2026-04-05T09:07:39.325+0000] {processor.py:840} INFO - DAG(s) 'isr_pipeline' retrieved from /opt/airflow/dags/isr_pipeline.py
[2026-04-05T09:07:39.360+0000] {logging_mixin.py:188} INFO - [2026-04-05T09:07:39.360+0000] {dag.py:3096} INFO - Sync 1 DAGs
[2026-04-05T09:07:39.401+0000] {processor.py:183} INFO - Processing /opt/airflow/dags/isr_pipeline.py took 0.104 seconds
[2026-04-05T09:08:09.501+0000] {processor.py:161} INFO - Started process (PID=58098) to work on /opt/airflow/dags/isr_pipeline.py
[2026-04-05T09:08:09.503+0000] {processor.py:830} INFO - Processing file /opt/airflow/dags/isr_pipeline.py for tasks to queue
[2026-04-05T09:08:09.504+0000] {logging_mixin.py:188} INFO - [2026-04-05T09:08:09.504+0000] {dagbag.py:540} INFO - Filling up the DagBag from /opt/airflow/dags/isr_pipeline.py
[2026-04-05T09:08:09.522+0000] {processor.py:840} INFO - DAG(s) 'isr_pipeline' retrieved from /opt/airflow/dags/isr_pipeline.py
[2026-04-05T09:08:09.561+0000] {logging_mixin.py:188} INFO - [2026-04-05T09:08:09.560+0000] {dag.py:3096} INFO - Sync 1 DAGs
[2026-04-05T09:08:09.603+0000] {processor.py:183} INFO - Processing /opt/airflow/dags/isr_pipeline.py took 0.110 seconds
[2026-04-05T09:08:39.781+0000] {processor.py:161} INFO - Started process (PID=58103) to work on /opt/airflow/dags/isr_pipeline.py
[2026-04-05T09:08:39.782+0000] {processor.py:830} INFO - Processing file /opt/airflow/dags/isr_pipeline.py for tasks to queue
[2026-04-05T09:08:39.783+0000] {logging_mixin.py:188} INFO - [2026-04-05T09:08:39.783+0000] {dagbag.py:540} INFO - Filling up the DagBag from /opt/airflow/dags/isr_pipeline.py
[2026-04-05T09:08:39.801+0000] {processor.py:840} INFO - DAG(s) 'isr_pipeline' retrieved from /opt/airflow/dags/isr_pipeline.py
[2026-04-05T09:08:39.837+0000] {logging_mixin.py:188} INFO - [2026-04-05T09:08:39.837+0000] {dag.py:3096} INFO - Sync 1 DAGs
[2026-04-05T09:08:39.878+0000] {processor.py:183} INFO - Processing /opt/airflow/dags/isr_pipeline.py took 0.105 seconds
[2026-04-05T09:09:09.955+0000] {processor.py:161} INFO - Started process (PID=58108) to work on /opt/airflow/dags/isr_pipeline.py
[2026-04-05T09:09:09.956+0000] {processor.py:830} INFO - Processing file /opt/airflow/dags/isr_pipeline.py for tasks to queue
[2026-04-05T09:09:09.958+0000] {logging_mixin.py:188} INFO - [2026-04-05T09:09:09.957+0000] {dagbag.py:540} INFO - Filling up the DagBag from /opt/airflow/dags/isr_pipeline.py
[2026-04-05T09:09:09.975+0000] {processor.py:840} INFO - DAG(s) 'isr_pipeline' retrieved from /opt/airflow/dags/isr_pipeline.py
[2026-04-05T09:09:10.012+0000] {logging_mixin.py:188} INFO - [2026-04-05T09:09:10.012+0000] {dag.py:3096} INFO - Sync 1 DAGs
[2026-04-05T09:09:10.053+0000] {processor.py:183} INFO - Processing /opt/airflow/dags/isr_pipeline.py took 0.106 seconds
[2026-04-05T09:09:40.226+0000] {processor.py:161} INFO - Started process (PID=58113) to work on /opt/airflow/dags/isr_pipeline.py
[2026-04-05T09:09:40.227+0000] {processor.py:830} INFO - Processing file /opt/airflow/dags/isr_pipeline.py for tasks to queue
[2026-04-05T09:09:40.229+0000] {logging_mixin.py:188} INFO - [2026-04-05T09:09:40.229+0000] {dagbag.py:540} INFO - Filling up the DagBag from /opt/airflow/dags/isr_pipeline.py
[2026-04-05T09:09:40.246+0000] {processor.py:840} INFO - DAG(s) 'isr_pipeline' retrieved from /opt/airflow/dags/isr_pipeline.py
[2026-04-05T09:09:40.286+0000] {logging_mixin.py:188} INFO - [2026-04-05T09:09:40.286+0000] {dag.py:3096} INFO - Sync 1 DAGs
[2026-04-05T09:09:40.328+0000] {processor.py:183} INFO - Processing /opt/airflow/dags/isr_pipeline.py took 0.110 seconds
[2026-04-05T09:10:10.408+0000] {processor.py:161} INFO - Started process (PID=58118) to work on /opt/airflow/dags/isr_pipeline.py
[2026-04-05T09:10:10.409+0000] {processor.py:830} INFO - Processing file /opt/airflow/dags/isr_pipeline.py for tasks to queue
[2026-04-05T09:10:10.411+0000] {logging_mixin.py:188} INFO - [2026-04-05T09:10:10.410+0000] {dagbag.py:540} INFO - Filling up the DagBag from /opt/airflow/dags/isr_pipeline.py
[2026-04-05T09:10:10.428+0000] {processor.py:840} INFO - DAG(s) 'isr_pipeline' retrieved from /opt/airflow/dags/isr_pipeline.py
[2026-04-05T09:10:10.465+0000] {logging_mixin.py:188} INFO - [2026-04-05T09:10:10.465+0000] {dag.py:3096} INFO - Sync 1 DAGs
[2026-04-05T09:10:10.508+0000] {processor.py:183} INFO - Processing /opt/airflow/dags/isr_pipeline.py took 0.108 seconds
[2026-04-05T09:10:40.662+0000] {processor.py:161} INFO - Started process (PID=58123) to work on /opt/airflow/dags/isr_pipeline.py
[2026-04-05T09:10:40.663+0000] {processor.py:830} INFO - Processing file /opt/airflow/dags/isr_pipeline.py for tasks to queue
[2026-04-05T09:10:40.665+0000] {logging_mixin.py:188} INFO - [2026-04-05T09:10:40.664+0000] {dagbag.py:540} INFO - Filling up the DagBag from /opt/airflow/dags/isr_pipeline.py
[2026-04-05T09:10:40.682+0000] {processor.py:840} INFO - DAG(s) 'isr_pipeline' retrieved from /opt/airflow/dags/isr_pipeline.py
[2026-04-05T09:10:40.719+0000] {logging_mixin.py:188} INFO - [2026-04-05T09:10:40.719+0000] {dag.py:3096} INFO - Sync 1 DAGs
[2026-04-05T09:10:40.761+0000] {processor.py:183} INFO - Processing /opt/airflow/dags/isr_pipeline.py took 0.107 seconds
[2026-04-05T09:11:10.848+0000] {processor.py:161} INFO - Started process (PID=58128) to work on /opt/airflow/dags/isr_pipeline.py
[2026-04-05T09:11:10.850+0000] {processor.py:830} INFO - Processing file /opt/airflow/dags/isr_pipeline.py for tasks to queue
[2026-04-05T09:11:10.851+0000] {logging_mixin.py:188} INFO - [2026-04-05T09:11:10.851+0000] {dagbag.py:540} INFO - Filling up the DagBag from /opt/airflow/dags/isr_pipeline.py
[2026-04-05T09:11:10.872+0000] {processor.py:840} INFO - DAG(s) 'isr_pipeline' retrieved from /opt/airflow/dags/isr_pipeline.py
[2026-04-05T09:11:10.911+0000] {logging_mixin.py:188} INFO - [2026-04-05T09:11:10.911+0000] {dag.py:3096} INFO - Sync 1 DAGs
[2026-04-05T09:11:10.952+0000] {processor.py:183} INFO - Processing /opt/airflow/dags/isr_pipeline.py took 0.112 seconds
[2026-04-05T09:11:41.169+0000] {processor.py:161} INFO - Started process (PID=58133) to work on /opt/airflow/dags/isr_pipeline.py
[2026-04-05T09:11:41.170+0000] {processor.py:830} INFO - Processing file /opt/airflow/dags/isr_pipeline.py for tasks to queue
[2026-04-05T09:11:41.172+0000] {logging_mixin.py:188} INFO - [2026-04-05T09:11:41.171+0000] {dagbag.py:540} INFO - Filling up the DagBag from /opt/airflow/dags/isr_pipeline.py
[2026-04-05T09:11:41.189+0000] {processor.py:840} INFO - DAG(s) 'isr_pipeline' retrieved from /opt/airflow/dags/isr_pipeline.py
[2026-04-05T09:11:41.227+0000] {logging_mixin.py:188} INFO - [2026-04-05T09:11:41.227+0000] {dag.py:3096} INFO - Sync 1 DAGs
[2026-04-05T09:11:41.271+0000] {processor.py:183} INFO - Processing /opt/airflow/dags/isr_pipeline.py took 0.112 seconds
[2026-04-05T09:12:11.396+0000] {processor.py:161} INFO - Started process (PID=58138) to work on /opt/airflow/dags/isr_pipeline.py
[2026-04-05T09:12:11.397+0000] {processor.py:830} INFO - Processing file /opt/airflow/dags/isr_pipeline.py for tasks to queue
[2026-04-05T09:12:11.399+0000] {logging_mixin.py:188} INFO - [2026-04-05T09:12:11.398+0000] {dagbag.py:540} INFO - Filling up the DagBag from /opt/airflow/dags/isr_pipeline.py
[2026-04-05T09:12:11.420+0000] {processor.py:840} INFO - DAG(s) 'isr_pipeline' retrieved from /opt/airflow/dags/isr_pipeline.py
[2026-04-05T09:12:11.458+0000] {logging_mixin.py:188} INFO - [2026-04-05T09:12:11.458+0000] {dag.py:3096} INFO - Sync 1 DAGs
[2026-04-05T09:12:11.501+0000] {processor.py:183} INFO - Processing /opt/airflow/dags/isr_pipeline.py took 0.113 seconds
[2026-04-05T09:12:41.693+0000] {processor.py:161} INFO - Started process (PID=58143) to work on /opt/airflow/dags/isr_pipeline.py
[2026-04-05T09:12:41.694+0000] {processor.py:830} INFO - Processing file /opt/airflow/dags/isr_pipeline.py for tasks to queue
[2026-04-05T09:12:41.696+0000] {logging_mixin.py:188} INFO - [2026-04-05T09:12:41.696+0000] {dagbag.py:540} INFO - Filling up the DagBag from /opt/airflow/dags/isr_pipeline.py
[2026-04-05T09:12:41.719+0000] {processor.py:840} INFO - DAG(s) 'isr_pipeline' retrieved from /opt/airflow/dags/isr_pipeline.py
[2026-04-05T09:12:41.756+0000] {logging_mixin.py:188} INFO - [2026-04-05T09:12:41.756+0000] {dag.py:3096} INFO - Sync 1 DAGs
[2026-04-05T09:12:41.801+0000] {processor.py:183} INFO - Processing /opt/airflow/dags/isr_pipeline.py took 0.116 seconds
[2026-04-05T09:13:11.988+0000] {processor.py:161} INFO - Started process (PID=58148) to work on /opt/airflow/dags/isr_pipeline.py
[2026-04-05T09:13:11.990+0000] {processor.py:830} INFO - Processing file /opt/airflow/dags/isr_pipeline.py for tasks to queue
[2026-04-05T09:13:11.991+0000] {logging_mixin.py:188} INFO - [2026-04-05T09:13:11.991+0000] {dagbag.py:540} INFO - Filling up the DagBag from /opt/airflow/dags/isr_pipeline.py
[2026-04-05T09:13:12.013+0000] {processor.py:840} INFO - DAG(s) 'isr_pipeline' retrieved from /opt/airflow/dags/isr_pipeline.py
[2026-04-05T09:13:12.052+0000] {logging_mixin.py:188} INFO - [2026-04-05T09:13:12.052+0000] {dag.py:3096} INFO - Sync 1 DAGs
[2026-04-05T09:13:12.100+0000] {processor.py:183} INFO - Processing /opt/airflow/dags/isr_pipeline.py took 0.120 seconds
[2026-04-05T09:13:42.242+0000] {processor.py:161} INFO - Started process (PID=58153) to work on /opt/airflow/dags/isr_pipeline.py
[2026-04-05T09:13:42.243+0000] {processor.py:830} INFO - Processing file /opt/airflow/dags/isr_pipeline.py for tasks to queue
[2026-04-05T09:13:42.246+0000] {logging_mixin.py:188} INFO - [2026-04-05T09:13:42.245+0000] {dagbag.py:540} INFO - Filling up the DagBag from /opt/airflow/dags/isr_pipeline.py
[2026-04-05T09:13:42.266+0000] {processor.py:840} INFO - DAG(s) 'isr_pipeline' retrieved from /opt/airflow/dags/isr_pipeline.py
[2026-04-05T09:13:42.311+0000] {logging_mixin.py:188} INFO - [2026-04-05T09:13:42.311+0000] {dag.py:3096} INFO - Sync 1 DAGs
[2026-04-05T09:13:42.357+0000] {processor.py:183} INFO - Processing /opt/airflow/dags/isr_pipeline.py took 0.123 seconds
[2026-04-05T09:14:12.489+0000] {processor.py:161} INFO - Started process (PID=58158) to work on /opt/airflow/dags/isr_pipeline.py
[2026-04-05T09:14:12.491+0000] {processor.py:830} INFO - Processing file /opt/airflow/dags/isr_pipeline.py for tasks to queue
[2026-04-05T09:14:12.492+0000] {logging_mixin.py:188} INFO - [2026-04-05T09:14:12.492+0000] {dagbag.py:540} INFO - Filling up the DagBag from /opt/airflow/dags/isr_pipeline.py
[2026-04-05T09:14:12.514+0000] {processor.py:840} INFO - DAG(s) 'isr_pipeline' retrieved from /opt/airflow/dags/isr_pipeline.py
[2026-04-05T09:14:12.553+0000] {logging_mixin.py:188} INFO - [2026-04-05T09:14:12.553+0000] {dag.py:3096} INFO - Sync 1 DAGs
[2026-04-05T09:14:12.598+0000] {processor.py:183} INFO - Processing /opt/airflow/dags/isr_pipeline.py took 0.118 seconds
[2026-04-05T09:14:42.846+0000] {processor.py:161} INFO - Started process (PID=58163) to work on /opt/airflow/dags/isr_pipeline.py
[2026-04-05T09:14:42.847+0000] {processor.py:830} INFO - Processing file /opt/airflow/dags/isr_pipeline.py for tasks to queue
[2026-04-05T09:14:42.849+0000] {logging_mixin.py:188} INFO - [2026-04-05T09:14:42.848+0000] {dagbag.py:540} INFO - Filling up the DagBag from /opt/airflow/dags/isr_pipeline.py
[2026-04-05T09:14:42.870+0000] {processor.py:840} INFO - DAG(s) 'isr_pipeline' retrieved from /opt/airflow/dags/isr_pipeline.py
[2026-04-05T09:14:42.908+0000] {logging_mixin.py:188} INFO - [2026-04-05T09:14:42.907+0000] {dag.py:3096} INFO - Sync 1 DAGs
[2026-04-05T09:14:42.951+0000] {processor.py:183} INFO - Processing /opt/airflow/dags/isr_pipeline.py took 0.113 seconds
[2026-04-05T09:15:13.012+0000] {processor.py:161} INFO - Started process (PID=58168) to work on /opt/airflow/dags/isr_pipeline.py
[2026-04-05T09:15:13.015+0000] {processor.py:830} INFO - Processing file /opt/airflow/dags/isr_pipeline.py for tasks to queue
[2026-04-05T09:15:13.016+0000] {logging_mixin.py:188} INFO - [2026-04-05T09:15:13.016+0000] {dagbag.py:540} INFO - Filling up the DagBag from /opt/airflow/dags/isr_pipeline.py
[2026-04-05T09:15:13.034+0000] {processor.py:840} INFO - DAG(s) 'isr_pipeline' retrieved from /opt/airflow/dags/isr_pipeline.py
[2026-04-05T09:15:13.077+0000] {logging_mixin.py:188} INFO - [2026-04-05T09:15:13.077+0000] {dag.py:3096} INFO - Sync 1 DAGs
[2026-04-05T09:15:13.124+0000] {processor.py:183} INFO - Processing /opt/airflow/dags/isr_pipeline.py took 0.123 seconds
[2026-04-05T09:15:43.192+0000] {processor.py:161} INFO - Started process (PID=58173) to work on /opt/airflow/dags/isr_pipeline.py
[2026-04-05T09:15:43.193+0000] {processor.py:830} INFO - Processing file /opt/airflow/dags/isr_pipeline.py for tasks to queue
[2026-04-05T09:15:43.194+0000] {logging_mixin.py:188} INFO - [2026-04-05T09:15:43.194+0000] {dagbag.py:540} INFO - Filling up the DagBag from /opt/airflow/dags/isr_pipeline.py
[2026-04-05T09:15:43.212+0000] {processor.py:840} INFO - DAG(s) 'isr_pipeline' retrieved from /opt/airflow/dags/isr_pipeline.py
[2026-04-05T09:15:43.249+0000] {logging_mixin.py:188} INFO - [2026-04-05T09:15:43.249+0000] {dag.py:3096} INFO - Sync 1 DAGs
[2026-04-05T09:15:43.290+0000] {processor.py:183} INFO - Processing /opt/airflow/dags/isr_pipeline.py took 0.107 seconds
[2026-04-05T09:45:51.279+0000] {processor.py:161} INFO - Started process (PID=58178) to work on /opt/airflow/dags/isr_pipeline.py
[2026-04-05T09:45:51.282+0000] {processor.py:830} INFO - Processing file /opt/airflow/dags/isr_pipeline.py for tasks to queue
[2026-04-05T09:45:51.286+0000] {logging_mixin.py:188} INFO - [2026-04-05T09:45:51.285+0000] {dagbag.py:540} INFO - Filling up the DagBag from /opt/airflow/dags/isr_pipeline.py
[2026-04-05T09:45:51.317+0000] {processor.py:840} INFO - DAG(s) 'isr_pipeline' retrieved from /opt/airflow/dags/isr_pipeline.py
[2026-04-05T09:45:51.394+0000] {logging_mixin.py:188} INFO - [2026-04-05T09:45:51.394+0000] {dag.py:3096} INFO - Sync 1 DAGs
[2026-04-05T09:45:51.450+0000] {processor.py:183} INFO - Processing /opt/airflow/dags/isr_pipeline.py took 0.184 seconds
[2026-04-05T09:46:21.761+0000] {processor.py:161} INFO - Started process (PID=58183) to work on /opt/airflow/dags/isr_pipeline.py
[2026-04-05T09:46:21.768+0000] {processor.py:830} INFO - Processing file /opt/airflow/dags/isr_pipeline.py for tasks to queue
[2026-04-05T09:46:21.775+0000] {logging_mixin.py:188} INFO - [2026-04-05T09:46:21.773+0000] {dagbag.py:540} INFO - Filling up the DagBag from /opt/airflow/dags/isr_pipeline.py
[2026-04-05T09:46:21.867+0000] {processor.py:840} INFO - DAG(s) 'isr_pipeline' retrieved from /opt/airflow/dags/isr_pipeline.py
[2026-04-05T09:46:22.055+0000] {logging_mixin.py:188} INFO - [2026-04-05T09:46:22.054+0000] {dag.py:3096} INFO - Sync 1 DAGs
[2026-04-05T09:46:22.273+0000] {processor.py:183} INFO - Processing /opt/airflow/dags/isr_pipeline.py took 0.551 seconds
[2026-04-05T09:46:52.830+0000] {processor.py:161} INFO - Started process (PID=58188) to work on /opt/airflow/dags/isr_pipeline.py
[2026-04-05T09:46:52.837+0000] {processor.py:830} INFO - Processing file /opt/airflow/dags/isr_pipeline.py for tasks to queue
[2026-04-05T09:46:52.844+0000] {logging_mixin.py:188} INFO - [2026-04-05T09:46:52.842+0000] {dagbag.py:540} INFO - Filling up the DagBag from /opt/airflow/dags/isr_pipeline.py
[2026-04-05T09:46:52.953+0000] {processor.py:840} INFO - DAG(s) 'isr_pipeline' retrieved from /opt/airflow/dags/isr_pipeline.py
[2026-04-05T09:46:53.147+0000] {logging_mixin.py:188} INFO - [2026-04-05T09:46:53.146+0000] {dag.py:3096} INFO - Sync 1 DAGs
[2026-04-05T09:46:53.374+0000] {processor.py:183} INFO - Processing /opt/airflow/dags/isr_pipeline.py took 0.583 seconds
[2026-04-05T09:47:23.948+0000] {processor.py:161} INFO - Started process (PID=58193) to work on /opt/airflow/dags/isr_pipeline.py
[2026-04-05T09:47:23.958+0000] {processor.py:830} INFO - Processing file /opt/airflow/dags/isr_pipeline.py for tasks to queue
[2026-04-05T09:47:23.976+0000] {logging_mixin.py:188} INFO - [2026-04-05T09:47:23.971+0000] {dagbag.py:540} INFO - Filling up the DagBag from /opt/airflow/dags/isr_pipeline.py
[2026-04-05T09:47:24.065+0000] {processor.py:840} INFO - DAG(s) 'isr_pipeline' retrieved from /opt/airflow/dags/isr_pipeline.py
[2026-04-05T09:47:24.249+0000] {logging_mixin.py:188} INFO - [2026-04-05T09:47:24.248+0000] {dag.py:3096} INFO - Sync 1 DAGs
[2026-04-05T09:47:24.471+0000] {processor.py:183} INFO - Processing /opt/airflow/dags/isr_pipeline.py took 0.562 seconds
[2026-04-05T09:47:54.754+0000] {processor.py:161} INFO - Started process (PID=58198) to work on /opt/airflow/dags/isr_pipeline.py
[2026-04-05T09:47:54.761+0000] {processor.py:830} INFO - Processing file /opt/airflow/dags/isr_pipeline.py for tasks to queue
[2026-04-05T09:47:54.769+0000] {logging_mixin.py:188} INFO - [2026-04-05T09:47:54.767+0000] {dagbag.py:540} INFO - Filling up the DagBag from /opt/airflow/dags/isr_pipeline.py
[2026-04-05T09:47:54.858+0000] {processor.py:840} INFO - DAG(s) 'isr_pipeline' retrieved from /opt/airflow/dags/isr_pipeline.py
[2026-04-05T09:47:55.042+0000] {logging_mixin.py:188} INFO - [2026-04-05T09:47:55.041+0000] {dag.py:3096} INFO - Sync 1 DAGs
[2026-04-05T09:47:55.273+0000] {processor.py:183} INFO - Processing /opt/airflow/dags/isr_pipeline.py took 0.560 seconds
[2026-04-05T09:48:25.783+0000] {processor.py:161} INFO - Started process (PID=58203) to work on /opt/airflow/dags/isr_pipeline.py
[2026-04-05T09:48:25.789+0000] {processor.py:830} INFO - Processing file /opt/airflow/dags/isr_pipeline.py for tasks to queue
[2026-04-05T09:48:25.796+0000] {logging_mixin.py:188} INFO - [2026-04-05T09:48:25.794+0000] {dagbag.py:540} INFO - Filling up the DagBag from /opt/airflow/dags/isr_pipeline.py
[2026-04-05T09:48:25.886+0000] {processor.py:840} INFO - DAG(s) 'isr_pipeline' retrieved from /opt/airflow/dags/isr_pipeline.py
[2026-04-05T09:48:26.068+0000] {logging_mixin.py:188} INFO - [2026-04-05T09:48:26.066+0000] {dag.py:3096} INFO - Sync 1 DAGs
[2026-04-05T09:48:26.306+0000] {processor.py:183} INFO - Processing /opt/airflow/dags/isr_pipeline.py took 0.562 seconds
[2026-04-05T09:48:56.587+0000] {processor.py:161} INFO - Started process (PID=58208) to work on /opt/airflow/dags/isr_pipeline.py
[2026-04-05T09:48:56.594+0000] {processor.py:830} INFO - Processing file /opt/airflow/dags/isr_pipeline.py for tasks to queue
[2026-04-05T09:48:56.601+0000] {logging_mixin.py:188} INFO - [2026-04-05T09:48:56.600+0000] {dagbag.py:540} INFO - Filling up the DagBag from /opt/airflow/dags/isr_pipeline.py
[2026-04-05T09:48:56.689+0000] {processor.py:840} INFO - DAG(s) 'isr_pipeline' retrieved from /opt/airflow/dags/isr_pipeline.py
[2026-04-05T09:48:56.864+0000] {logging_mixin.py:188} INFO - [2026-04-05T09:48:56.863+0000] {dag.py:3096} INFO - Sync 1 DAGs
[2026-04-05T09:48:57.076+0000] {processor.py:183} INFO - Processing /opt/airflow/dags/isr_pipeline.py took 0.527 seconds
[2026-04-05T09:49:27.624+0000] {processor.py:161} INFO - Started process (PID=58213) to work on /opt/airflow/dags/isr_pipeline.py
[2026-04-05T09:49:27.634+0000] {processor.py:830} INFO - Processing file /opt/airflow/dags/isr_pipeline.py for tasks to queue
[2026-04-05T09:49:27.645+0000] {logging_mixin.py:188} INFO - [2026-04-05T09:49:27.641+0000] {dagbag.py:540} INFO - Filling up the DagBag from /opt/airflow/dags/isr_pipeline.py
[2026-04-05T09:49:27.745+0000] {processor.py:840} INFO - DAG(s) 'isr_pipeline' retrieved from /opt/airflow/dags/isr_pipeline.py
[2026-04-05T09:49:27.926+0000] {logging_mixin.py:188} INFO - [2026-04-05T09:49:27.925+0000] {dag.py:3096} INFO - Sync 1 DAGs
[2026-04-05T09:49:28.130+0000] {processor.py:183} INFO - Processing /opt/airflow/dags/isr_pipeline.py took 0.546 seconds
[2026-04-05T09:49:58.527+0000] {processor.py:161} INFO - Started process (PID=58218) to work on /opt/airflow/dags/isr_pipeline.py
[2026-04-05T09:49:58.535+0000] {processor.py:830} INFO - Processing file /opt/airflow/dags/isr_pipeline.py for tasks to queue
[2026-04-05T09:49:58.541+0000] {logging_mixin.py:188} INFO - [2026-04-05T09:49:58.539+0000] {dagbag.py:540} INFO - Filling up the DagBag from /opt/airflow/dags/isr_pipeline.py
[2026-04-05T09:49:58.628+0000] {processor.py:840} INFO - DAG(s) 'isr_pipeline' retrieved from /opt/airflow/dags/isr_pipeline.py
[2026-04-05T09:49:58.803+0000] {logging_mixin.py:188} INFO - [2026-04-05T09:49:58.802+0000] {dag.py:3096} INFO - Sync 1 DAGs
[2026-04-05T09:49:59.013+0000] {processor.py:183} INFO - Processing /opt/airflow/dags/isr_pipeline.py took 0.522 seconds
[2026-04-05T09:50:29.492+0000] {processor.py:161} INFO - Started process (PID=58223) to work on /opt/airflow/dags/isr_pipeline.py
[2026-04-05T09:50:29.499+0000] {processor.py:830} INFO - Processing file /opt/airflow/dags/isr_pipeline.py for tasks to queue
[2026-04-05T09:50:29.507+0000] {logging_mixin.py:188} INFO - [2026-04-05T09:50:29.505+0000] {dagbag.py:540} INFO - Filling up the DagBag from /opt/airflow/dags/isr_pipeline.py
[2026-04-05T09:50:29.593+0000] {processor.py:840} INFO - DAG(s) 'isr_pipeline' retrieved from /opt/airflow/dags/isr_pipeline.py
[2026-04-05T09:50:29.774+0000] {logging_mixin.py:188} INFO - [2026-04-05T09:50:29.773+0000] {dag.py:3096} INFO - Sync 1 DAGs
[2026-04-05T09:50:29.980+0000] {processor.py:183} INFO - Processing /opt/airflow/dags/isr_pipeline.py took 0.526 seconds
[2026-04-05T09:51:00.473+0000] {processor.py:161} INFO - Started process (PID=58228) to work on /opt/airflow/dags/isr_pipeline.py
[2026-04-05T09:51:00.481+0000] {processor.py:830} INFO - Processing file /opt/airflow/dags/isr_pipeline.py for tasks to queue
[2026-04-05T09:51:00.488+0000] {logging_mixin.py:188} INFO - [2026-04-05T09:51:00.486+0000] {dagbag.py:540} INFO - Filling up the DagBag from /opt/airflow/dags/isr_pipeline.py
[2026-04-05T09:51:00.575+0000] {processor.py:840} INFO - DAG(s) 'isr_pipeline' retrieved from /opt/airflow/dags/isr_pipeline.py
[2026-04-05T09:51:00.749+0000] {logging_mixin.py:188} INFO - [2026-04-05T09:51:00.748+0000] {dag.py:3096} INFO - Sync 1 DAGs
[2026-04-05T09:51:00.957+0000] {processor.py:183} INFO - Processing /opt/airflow/dags/isr_pipeline.py took 0.519 seconds
[2026-04-05T09:51:31.461+0000] {processor.py:161} INFO - Started process (PID=58233) to work on /opt/airflow/dags/isr_pipeline.py
[2026-04-05T09:51:31.475+0000] {processor.py:830} INFO - Processing file /opt/airflow/dags/isr_pipeline.py for tasks to queue
[2026-04-05T09:51:31.482+0000] {logging_mixin.py:188} INFO - [2026-04-05T09:51:31.480+0000] {dagbag.py:540} INFO - Filling up the DagBag from /opt/airflow/dags/isr_pipeline.py
[2026-04-05T09:51:31.580+0000] {processor.py:840} INFO - DAG(s) 'isr_pipeline' retrieved from /opt/airflow/dags/isr_pipeline.py
[2026-04-05T09:51:31.768+0000] {logging_mixin.py:188} INFO - [2026-04-05T09:51:31.767+0000] {dag.py:3096} INFO - Sync 1 DAGs
[2026-04-05T09:51:31.989+0000] {processor.py:183} INFO - Processing /opt/airflow/dags/isr_pipeline.py took 0.570 seconds
[2026-04-05T09:52:02.190+0000] {processor.py:161} INFO - Started process (PID=58238) to work on /opt/airflow/dags/isr_pipeline.py
[2026-04-05T09:52:02.197+0000] {processor.py:830} INFO - Processing file /opt/airflow/dags/isr_pipeline.py for tasks to queue
[2026-04-05T09:52:02.203+0000] {logging_mixin.py:188} INFO - [2026-04-05T09:52:02.201+0000] {dagbag.py:540} INFO - Filling up the DagBag from /opt/airflow/dags/isr_pipeline.py
[2026-04-05T09:52:02.304+0000] {processor.py:840} INFO - DAG(s) 'isr_pipeline' retrieved from /opt/airflow/dags/isr_pipeline.py
[2026-04-05T09:52:02.493+0000] {logging_mixin.py:188} INFO - [2026-04-05T09:52:02.492+0000] {dag.py:3096} INFO - Sync 1 DAGs
[2026-04-05T09:52:02.701+0000] {processor.py:183} INFO - Processing /opt/airflow/dags/isr_pipeline.py took 0.551 seconds
[2026-04-05T09:52:33.194+0000] {processor.py:161} INFO - Started process (PID=58243) to work on /opt/airflow/dags/isr_pipeline.py
[2026-04-05T09:52:33.201+0000] {processor.py:830} INFO - Processing file /opt/airflow/dags/isr_pipeline.py for tasks to queue
[2026-04-05T09:52:33.209+0000] {logging_mixin.py:188} INFO - [2026-04-05T09:52:33.207+0000] {dagbag.py:540} INFO - Filling up the DagBag from /opt/airflow/dags/isr_pipeline.py
[2026-04-05T09:52:33.297+0000] {processor.py:840} INFO - DAG(s) 'isr_pipeline' retrieved from /opt/airflow/dags/isr_pipeline.py
[2026-04-05T09:52:33.481+0000] {logging_mixin.py:188} INFO - [2026-04-05T09:52:33.480+0000] {dag.py:3096} INFO - Sync 1 DAGs
[2026-04-05T09:52:33.687+0000] {processor.py:183} INFO - Processing /opt/airflow/dags/isr_pipeline.py took 0.530 seconds
[2026-04-05T09:53:04.160+0000] {processor.py:161} INFO - Started process (PID=58248) to work on /opt/airflow/dags/isr_pipeline.py
[2026-04-05T09:53:04.167+0000] {processor.py:830} INFO - Processing file /opt/airflow/dags/isr_pipeline.py for tasks to queue
[2026-04-05T09:53:04.174+0000] {logging_mixin.py:188} INFO - [2026-04-05T09:53:04.172+0000] {dagbag.py:540} INFO - Filling up the DagBag from /opt/airflow/dags/isr_pipeline.py
[2026-04-05T09:53:04.273+0000] {processor.py:840} INFO - DAG(s) 'isr_pipeline' retrieved from /opt/airflow/dags/isr_pipeline.py
[2026-04-05T09:53:04.480+0000] {logging_mixin.py:188} INFO - [2026-04-05T09:53:04.478+0000] {dag.py:3096} INFO - Sync 1 DAGs
[2026-04-05T09:53:04.708+0000] {processor.py:183} INFO - Processing /opt/airflow/dags/isr_pipeline.py took 0.584 seconds
[2026-04-05T09:53:35.237+0000] {processor.py:161} INFO - Started process (PID=58253) to work on /opt/airflow/dags/isr_pipeline.py
[2026-04-05T09:53:35.247+0000] {processor.py:830} INFO - Processing file /opt/airflow/dags/isr_pipeline.py for tasks to queue
[2026-04-05T09:53:35.254+0000] {logging_mixin.py:188} INFO - [2026-04-05T09:53:35.252+0000] {dagbag.py:540} INFO - Filling up the DagBag from /opt/airflow/dags/isr_pipeline.py
[2026-04-05T09:53:35.341+0000] {processor.py:840} INFO - DAG(s) 'isr_pipeline' retrieved from /opt/airflow/dags/isr_pipeline.py
[2026-04-05T09:53:35.525+0000] {logging_mixin.py:188} INFO - [2026-04-05T09:53:35.524+0000] {dag.py:3096} INFO - Sync 1 DAGs
[2026-04-05T09:53:35.736+0000] {processor.py:183} INFO - Processing /opt/airflow/dags/isr_pipeline.py took 0.537 seconds
[2026-04-05T09:54:06.241+0000] {processor.py:161} INFO - Started process (PID=58258) to work on /opt/airflow/dags/isr_pipeline.py
[2026-04-05T09:54:06.247+0000] {processor.py:830} INFO - Processing file /opt/airflow/dags/isr_pipeline.py for tasks to queue
[2026-04-05T09:54:06.255+0000] {logging_mixin.py:188} INFO - [2026-04-05T09:54:06.253+0000] {dagbag.py:540} INFO - Filling up the DagBag from /opt/airflow/dags/isr_pipeline.py
[2026-04-05T09:54:06.344+0000] {processor.py:840} INFO - DAG(s) 'isr_pipeline' retrieved from /opt/airflow/dags/isr_pipeline.py
[2026-04-05T09:54:06.527+0000] {logging_mixin.py:188} INFO - [2026-04-05T09:54:06.526+0000] {dag.py:3096} INFO - Sync 1 DAGs
[2026-04-05T09:54:06.727+0000] {processor.py:183} INFO - Processing /opt/airflow/dags/isr_pipeline.py took 0.524 seconds
[2026-04-05T09:54:37.211+0000] {processor.py:161} INFO - Started process (PID=58263) to work on /opt/airflow/dags/isr_pipeline.py
[2026-04-05T09:54:37.218+0000] {processor.py:830} INFO - Processing file /opt/airflow/dags/isr_pipeline.py for tasks to queue
[2026-04-05T09:54:37.226+0000] {logging_mixin.py:188} INFO - [2026-04-05T09:54:37.224+0000] {dagbag.py:540} INFO - Filling up the DagBag from /opt/airflow/dags/isr_pipeline.py
[2026-04-05T09:54:37.314+0000] {processor.py:840} INFO - DAG(s) 'isr_pipeline' retrieved from /opt/airflow/dags/isr_pipeline.py
[2026-04-05T09:54:37.500+0000] {logging_mixin.py:188} INFO - [2026-04-05T09:54:37.499+0000] {dag.py:3096} INFO - Sync 1 DAGs
[2026-04-05T09:54:37.701+0000] {processor.py:183} INFO - Processing /opt/airflow/dags/isr_pipeline.py took 0.535 seconds
[2026-04-05T09:55:07.953+0000] {processor.py:161} INFO - Started process (PID=58268) to work on /opt/airflow/dags/isr_pipeline.py
[2026-04-05T09:55:07.960+0000] {processor.py:830} INFO - Processing file /opt/airflow/dags/isr_pipeline.py for tasks to queue
[2026-04-05T09:55:07.968+0000] {logging_mixin.py:188} INFO - [2026-04-05T09:55:07.966+0000] {dagbag.py:540} INFO - Filling up the DagBag from /opt/airflow/dags/isr_pipeline.py
[2026-04-05T09:55:08.063+0000] {processor.py:840} INFO - DAG(s) 'isr_pipeline' retrieved from /opt/airflow/dags/isr_pipeline.py
[2026-04-05T09:55:08.259+0000] {logging_mixin.py:188} INFO - [2026-04-05T09:55:08.258+0000] {dag.py:3096} INFO - Sync 1 DAGs
[2026-04-05T09:55:08.468+0000] {processor.py:183} INFO - Processing /opt/airflow/dags/isr_pipeline.py took 0.557 seconds
[2026-04-05T09:55:38.944+0000] {processor.py:161} INFO - Started process (PID=58273) to work on /opt/airflow/dags/isr_pipeline.py
[2026-04-05T09:55:38.951+0000] {processor.py:830} INFO - Processing file /opt/airflow/dags/isr_pipeline.py for tasks to queue
[2026-04-05T09:55:38.958+0000] {logging_mixin.py:188} INFO - [2026-04-05T09:55:38.956+0000] {dagbag.py:540} INFO - Filling up the DagBag from /opt/airflow/dags/isr_pipeline.py
[2026-04-05T09:55:39.046+0000] {processor.py:840} INFO - DAG(s) 'isr_pipeline' retrieved from /opt/airflow/dags/isr_pipeline.py
[2026-04-05T09:55:39.226+0000] {logging_mixin.py:188} INFO - [2026-04-05T09:55:39.225+0000] {dag.py:3096} INFO - Sync 1 DAGs
[2026-04-05T09:55:39.435+0000] {processor.py:183} INFO - Processing /opt/airflow/dags/isr_pipeline.py took 0.529 seconds
[2026-04-05T09:56:09.955+0000] {processor.py:161} INFO - Started process (PID=58278) to work on /opt/airflow/dags/isr_pipeline.py
[2026-04-05T09:56:09.964+0000] {processor.py:830} INFO - Processing file /opt/airflow/dags/isr_pipeline.py for tasks to queue
[2026-04-05T09:56:09.971+0000] {logging_mixin.py:188} INFO - [2026-04-05T09:56:09.969+0000] {dagbag.py:540} INFO - Filling up the DagBag from /opt/airflow/dags/isr_pipeline.py
[2026-04-05T09:56:10.057+0000] {processor.py:840} INFO - DAG(s) 'isr_pipeline' retrieved from /opt/airflow/dags/isr_pipeline.py
[2026-04-05T09:56:10.233+0000] {logging_mixin.py:188} INFO - [2026-04-05T09:56:10.231+0000] {dag.py:3096} INFO - Sync 1 DAGs
[2026-04-05T09:56:10.440+0000] {processor.py:183} INFO - Processing /opt/airflow/dags/isr_pipeline.py took 0.522 seconds
[2026-04-05T09:56:40.975+0000] {processor.py:161} INFO - Started process (PID=58283) to work on /opt/airflow/dags/isr_pipeline.py
[2026-04-05T09:56:40.983+0000] {processor.py:830} INFO - Processing file /opt/airflow/dags/isr_pipeline.py for tasks to queue
[2026-04-05T09:56:40.991+0000] {logging_mixin.py:188} INFO - [2026-04-05T09:56:40.989+0000] {dagbag.py:540} INFO - Filling up the DagBag from /opt/airflow/dags/isr_pipeline.py
[2026-04-05T09:56:41.087+0000] {processor.py:840} INFO - DAG(s) 'isr_pipeline' retrieved from /opt/airflow/dags/isr_pipeline.py
[2026-04-05T09:56:41.267+0000] {logging_mixin.py:188} INFO - [2026-04-05T09:56:41.265+0000] {dag.py:3096} INFO - Sync 1 DAGs
[2026-04-05T09:56:41.470+0000] {processor.py:183} INFO - Processing /opt/airflow/dags/isr_pipeline.py took 0.533 seconds
[2026-04-05T09:57:12.051+0000] {processor.py:161} INFO - Started process (PID=58288) to work on /opt/airflow/dags/isr_pipeline.py
[2026-04-05T09:57:12.058+0000] {processor.py:830} INFO - Processing file /opt/airflow/dags/isr_pipeline.py for tasks to queue
[2026-04-05T09:57:12.065+0000] {logging_mixin.py:188} INFO - [2026-04-05T09:57:12.063+0000] {dagbag.py:540} INFO - Filling up the DagBag from /opt/airflow/dags/isr_pipeline.py
[2026-04-05T09:57:12.152+0000] {processor.py:840} INFO - DAG(s) 'isr_pipeline' retrieved from /opt/airflow/dags/isr_pipeline.py
[2026-04-05T09:57:12.337+0000] {logging_mixin.py:188} INFO - [2026-04-05T09:57:12.336+0000] {dag.py:3096} INFO - Sync 1 DAGs
[2026-04-05T09:57:12.570+0000] {processor.py:183} INFO - Processing /opt/airflow/dags/isr_pipeline.py took 0.558 seconds
[2026-04-05T09:57:42.982+0000] {processor.py:161} INFO - Started process (PID=58293) to work on /opt/airflow/dags/isr_pipeline.py
[2026-04-05T09:57:42.989+0000] {processor.py:830} INFO - Processing file /opt/airflow/dags/isr_pipeline.py for tasks to queue
[2026-04-05T09:57:42.996+0000] {logging_mixin.py:188} INFO - [2026-04-05T09:57:42.994+0000] {dagbag.py:540} INFO - Filling up the DagBag from /opt/airflow/dags/isr_pipeline.py
[2026-04-05T09:57:43.082+0000] {processor.py:840} INFO - DAG(s) 'isr_pipeline' retrieved from /opt/airflow/dags/isr_pipeline.py
[2026-04-05T09:57:43.255+0000] {logging_mixin.py:188} INFO - [2026-04-05T09:57:43.254+0000] {dag.py:3096} INFO - Sync 1 DAGs
[2026-04-05T09:57:43.458+0000] {processor.py:183} INFO - Processing /opt/airflow/dags/isr_pipeline.py took 0.512 seconds
[2026-04-05T09:58:13.949+0000] {processor.py:161} INFO - Started process (PID=58298) to work on /opt/airflow/dags/isr_pipeline.py
[2026-04-05T09:58:13.958+0000] {processor.py:830} INFO - Processing file /opt/airflow/dags/isr_pipeline.py for tasks to queue
[2026-04-05T09:58:13.965+0000] {logging_mixin.py:188} INFO - [2026-04-05T09:58:13.963+0000] {dagbag.py:540} INFO - Filling up the DagBag from /opt/airflow/dags/isr_pipeline.py
[2026-04-05T09:58:14.053+0000] {processor.py:840} INFO - DAG(s) 'isr_pipeline' retrieved from /opt/airflow/dags/isr_pipeline.py
[2026-04-05T09:58:14.233+0000] {logging_mixin.py:188} INFO - [2026-04-05T09:58:14.232+0000] {dag.py:3096} INFO - Sync 1 DAGs
[2026-04-05T09:58:14.440+0000] {processor.py:183} INFO - Processing /opt/airflow/dags/isr_pipeline.py took 0.531 seconds
[2026-04-05T09:58:44.815+0000] {processor.py:161} INFO - Started process (PID=58303) to work on /opt/airflow/dags/isr_pipeline.py
[2026-04-05T09:58:44.825+0000] {processor.py:830} INFO - Processing file /opt/airflow/dags/isr_pipeline.py for tasks to queue
[2026-04-05T09:58:44.839+0000] {logging_mixin.py:188} INFO - [2026-04-05T09:58:44.837+0000] {dagbag.py:540} INFO - Filling up the DagBag from /opt/airflow/dags/isr_pipeline.py
[2026-04-05T09:58:44.925+0000] {processor.py:840} INFO - DAG(s) 'isr_pipeline' retrieved from /opt/airflow/dags/isr_pipeline.py
[2026-04-05T09:58:45.101+0000] {logging_mixin.py:188} INFO - [2026-04-05T09:58:45.099+0000] {dag.py:3096} INFO - Sync 1 DAGs
[2026-04-05T09:58:45.323+0000] {processor.py:183} INFO - Processing /opt/airflow/dags/isr_pipeline.py took 0.549 seconds
[2026-04-05T09:59:15.855+0000] {processor.py:161} INFO - Started process (PID=58308) to work on /opt/airflow/dags/isr_pipeline.py
[2026-04-05T09:59:15.862+0000] {processor.py:830} INFO - Processing file /opt/airflow/dags/isr_pipeline.py for tasks to queue
[2026-04-05T09:59:15.869+0000] {logging_mixin.py:188} INFO - [2026-04-05T09:59:15.867+0000] {dagbag.py:540} INFO - Filling up the DagBag from /opt/airflow/dags/isr_pipeline.py
[2026-04-05T09:59:15.961+0000] {processor.py:840} INFO - DAG(s) 'isr_pipeline' retrieved from /opt/airflow/dags/isr_pipeline.py
[2026-04-05T09:59:16.148+0000] {logging_mixin.py:188} INFO - [2026-04-05T09:59:16.147+0000] {dag.py:3096} INFO - Sync 1 DAGs
[2026-04-05T09:59:16.358+0000] {processor.py:183} INFO - Processing /opt/airflow/dags/isr_pipeline.py took 0.541 seconds
[2026-04-05T10:18:28.968+0000] {processor.py:161} INFO - Started process (PID=58313) to work on /opt/airflow/dags/isr_pipeline.py
[2026-04-05T10:18:28.969+0000] {processor.py:830} INFO - Processing file /opt/airflow/dags/isr_pipeline.py for tasks to queue
[2026-04-05T10:18:28.971+0000] {logging_mixin.py:188} INFO - [2026-04-05T10:18:28.971+0000] {dagbag.py:540} INFO - Filling up the DagBag from /opt/airflow/dags/isr_pipeline.py
[2026-04-05T10:18:29.007+0000] {processor.py:840} INFO - DAG(s) 'isr_pipeline' retrieved from /opt/airflow/dags/isr_pipeline.py
[2026-04-05T10:18:29.073+0000] {logging_mixin.py:188} INFO - [2026-04-05T10:18:29.073+0000] {dag.py:3096} INFO - Sync 1 DAGs
[2026-04-05T10:18:29.205+0000] {processor.py:183} INFO - Processing /opt/airflow/dags/isr_pipeline.py took 0.249 seconds
[2026-04-05T10:18:59.633+0000] {processor.py:161} INFO - Started process (PID=58318) to work on /opt/airflow/dags/isr_pipeline.py
[2026-04-05T10:18:59.640+0000] {processor.py:830} INFO - Processing file /opt/airflow/dags/isr_pipeline.py for tasks to queue
[2026-04-05T10:18:59.647+0000] {logging_mixin.py:188} INFO - [2026-04-05T10:18:59.645+0000] {dagbag.py:540} INFO - Filling up the DagBag from /opt/airflow/dags/isr_pipeline.py
[2026-04-05T10:18:59.736+0000] {processor.py:840} INFO - DAG(s) 'isr_pipeline' retrieved from /opt/airflow/dags/isr_pipeline.py
[2026-04-05T10:18:59.913+0000] {logging_mixin.py:188} INFO - [2026-04-05T10:18:59.912+0000] {dag.py:3096} INFO - Sync 1 DAGs
[2026-04-05T10:19:00.131+0000] {processor.py:183} INFO - Processing /opt/airflow/dags/isr_pipeline.py took 0.536 seconds
[2026-04-05T10:35:02.998+0000] {processor.py:161} INFO - Started process (PID=58323) to work on /opt/airflow/dags/isr_pipeline.py
[2026-04-05T10:35:03.001+0000] {processor.py:830} INFO - Processing file /opt/airflow/dags/isr_pipeline.py for tasks to queue
[2026-04-05T10:35:03.003+0000] {logging_mixin.py:188} INFO - [2026-04-05T10:35:03.002+0000] {dagbag.py:540} INFO - Filling up the DagBag from /opt/airflow/dags/isr_pipeline.py
[2026-04-05T10:35:03.033+0000] {processor.py:840} INFO - DAG(s) 'isr_pipeline' retrieved from /opt/airflow/dags/isr_pipeline.py
[2026-04-05T10:35:03.085+0000] {logging_mixin.py:188} INFO - [2026-04-05T10:35:03.085+0000] {dag.py:3096} INFO - Sync 1 DAGs
[2026-04-05T10:35:03.221+0000] {processor.py:183} INFO - Processing /opt/airflow/dags/isr_pipeline.py took 0.234 seconds
[2026-04-05T10:35:33.414+0000] {processor.py:161} INFO - Started process (PID=58328) to work on /opt/airflow/dags/isr_pipeline.py
[2026-04-05T10:35:33.419+0000] {processor.py:830} INFO - Processing file /opt/airflow/dags/isr_pipeline.py for tasks to queue
[2026-04-05T10:35:33.429+0000] {logging_mixin.py:188} INFO - [2026-04-05T10:35:33.427+0000] {dagbag.py:540} INFO - Filling up the DagBag from /opt/airflow/dags/isr_pipeline.py
[2026-04-05T10:35:33.518+0000] {processor.py:840} INFO - DAG(s) 'isr_pipeline' retrieved from /opt/airflow/dags/isr_pipeline.py
[2026-04-05T10:35:33.687+0000] {logging_mixin.py:188} INFO - [2026-04-05T10:35:33.686+0000] {dag.py:3096} INFO - Sync 1 DAGs
[2026-04-05T10:35:33.886+0000] {processor.py:183} INFO - Processing /opt/airflow/dags/isr_pipeline.py took 0.509 seconds
[2026-04-05T10:53:43.889+0000] {processor.py:161} INFO - Started process (PID=58335) to work on /opt/airflow/dags/isr_pipeline.py
[2026-04-05T10:53:43.891+0000] {processor.py:830} INFO - Processing file /opt/airflow/dags/isr_pipeline.py for tasks to queue
[2026-04-05T10:53:43.894+0000] {logging_mixin.py:188} INFO - [2026-04-05T10:53:43.893+0000] {dagbag.py:540} INFO - Filling up the DagBag from /opt/airflow/dags/isr_pipeline.py
[2026-04-05T10:53:43.917+0000] {processor.py:840} INFO - DAG(s) 'isr_pipeline' retrieved from /opt/airflow/dags/isr_pipeline.py
[2026-04-05T10:53:43.975+0000] {logging_mixin.py:188} INFO - [2026-04-05T10:53:43.975+0000] {dag.py:3096} INFO - Sync 1 DAGs
[2026-04-05T10:53:44.127+0000] {processor.py:183} INFO - Processing /opt/airflow/dags/isr_pipeline.py took 0.254 seconds
[2026-04-05T10:54:14.417+0000] {processor.py:161} INFO - Started process (PID=58340) to work on /opt/airflow/dags/isr_pipeline.py
[2026-04-05T10:54:14.423+0000] {processor.py:830} INFO - Processing file /opt/airflow/dags/isr_pipeline.py for tasks to queue
[2026-04-05T10:54:14.430+0000] {logging_mixin.py:188} INFO - [2026-04-05T10:54:14.428+0000] {dagbag.py:540} INFO - Filling up the DagBag from /opt/airflow/dags/isr_pipeline.py
[2026-04-05T10:54:14.528+0000] {processor.py:840} INFO - DAG(s) 'isr_pipeline' retrieved from /opt/airflow/dags/isr_pipeline.py
[2026-04-05T10:54:14.707+0000] {logging_mixin.py:188} INFO - [2026-04-05T10:54:14.706+0000] {dag.py:3096} INFO - Sync 1 DAGs
[2026-04-05T10:54:14.940+0000] {processor.py:183} INFO - Processing /opt/airflow/dags/isr_pipeline.py took 0.560 seconds
[2026-04-05T10:54:45.437+0000] {processor.py:161} INFO - Started process (PID=58345) to work on /opt/airflow/dags/isr_pipeline.py
[2026-04-05T10:54:45.447+0000] {processor.py:830} INFO - Processing file /opt/airflow/dags/isr_pipeline.py for tasks to queue
[2026-04-05T10:54:45.460+0000] {logging_mixin.py:188} INFO - [2026-04-05T10:54:45.458+0000] {dagbag.py:540} INFO - Filling up the DagBag from /opt/airflow/dags/isr_pipeline.py
[2026-04-05T10:54:45.560+0000] {processor.py:840} INFO - DAG(s) 'isr_pipeline' retrieved from /opt/airflow/dags/isr_pipeline.py
[2026-04-05T10:54:45.744+0000] {logging_mixin.py:188} INFO - [2026-04-05T10:54:45.742+0000] {dag.py:3096} INFO - Sync 1 DAGs
[2026-04-05T10:54:45.959+0000] {processor.py:183} INFO - Processing /opt/airflow/dags/isr_pipeline.py took 0.559 seconds
[2026-04-05T10:55:16.371+0000] {processor.py:161} INFO - Started process (PID=58350) to work on /opt/airflow/dags/isr_pipeline.py
[2026-04-05T10:55:16.378+0000] {processor.py:830} INFO - Processing file /opt/airflow/dags/isr_pipeline.py for tasks to queue
[2026-04-05T10:55:16.385+0000] {logging_mixin.py:188} INFO - [2026-04-05T10:55:16.383+0000] {dagbag.py:540} INFO - Filling up the DagBag from /opt/airflow/dags/isr_pipeline.py
[2026-04-05T10:55:16.471+0000] {processor.py:840} INFO - DAG(s) 'isr_pipeline' retrieved from /opt/airflow/dags/isr_pipeline.py
[2026-04-05T10:55:16.642+0000] {logging_mixin.py:188} INFO - [2026-04-05T10:55:16.641+0000] {dag.py:3096} INFO - Sync 1 DAGs
[2026-04-05T10:55:16.843+0000] {processor.py:183} INFO - Processing /opt/airflow/dags/isr_pipeline.py took 0.508 seconds
[2026-04-05T10:55:47.341+0000] {processor.py:161} INFO - Started process (PID=58355) to work on /opt/airflow/dags/isr_pipeline.py
[2026-04-05T10:55:47.348+0000] {processor.py:830} INFO - Processing file /opt/airflow/dags/isr_pipeline.py for tasks to queue
[2026-04-05T10:55:47.355+0000] {logging_mixin.py:188} INFO - [2026-04-05T10:55:47.353+0000] {dagbag.py:540} INFO - Filling up the DagBag from /opt/airflow/dags/isr_pipeline.py
[2026-04-05T10:55:47.444+0000] {processor.py:840} INFO - DAG(s) 'isr_pipeline' retrieved from /opt/airflow/dags/isr_pipeline.py
[2026-04-05T10:55:47.622+0000] {logging_mixin.py:188} INFO - [2026-04-05T10:55:47.621+0000] {dag.py:3096} INFO - Sync 1 DAGs
[2026-04-05T10:55:47.830+0000] {processor.py:183} INFO - Processing /opt/airflow/dags/isr_pipeline.py took 0.527 seconds
[2026-04-05T10:56:18.074+0000] {processor.py:161} INFO - Started process (PID=58360) to work on /opt/airflow/dags/isr_pipeline.py
[2026-04-05T10:56:18.080+0000] {processor.py:830} INFO - Processing file /opt/airflow/dags/isr_pipeline.py for tasks to queue
[2026-04-05T10:56:18.088+0000] {logging_mixin.py:188} INFO - [2026-04-05T10:56:18.086+0000] {dagbag.py:540} INFO - Filling up the DagBag from /opt/airflow/dags/isr_pipeline.py
[2026-04-05T10:56:18.174+0000] {processor.py:840} INFO - DAG(s) 'isr_pipeline' retrieved from /opt/airflow/dags/isr_pipeline.py
[2026-04-05T10:56:18.344+0000] {logging_mixin.py:188} INFO - [2026-04-05T10:56:18.343+0000] {dag.py:3096} INFO - Sync 1 DAGs
[2026-04-05T10:56:18.539+0000] {processor.py:183} INFO - Processing /opt/airflow/dags/isr_pipeline.py took 0.503 seconds
[2026-04-05T10:56:49.061+0000] {processor.py:161} INFO - Started process (PID=58365) to work on /opt/airflow/dags/isr_pipeline.py
[2026-04-05T10:56:49.068+0000] {processor.py:830} INFO - Processing file /opt/airflow/dags/isr_pipeline.py for tasks to queue
[2026-04-05T10:56:49.075+0000] {logging_mixin.py:188} INFO - [2026-04-05T10:56:49.074+0000] {dagbag.py:540} INFO - Filling up the DagBag from /opt/airflow/dags/isr_pipeline.py
[2026-04-05T10:56:49.160+0000] {processor.py:840} INFO - DAG(s) 'isr_pipeline' retrieved from /opt/airflow/dags/isr_pipeline.py
[2026-04-05T10:56:49.337+0000] {logging_mixin.py:188} INFO - [2026-04-05T10:56:49.336+0000] {dag.py:3096} INFO - Sync 1 DAGs
[2026-04-05T10:56:49.545+0000] {processor.py:183} INFO - Processing /opt/airflow/dags/isr_pipeline.py took 0.521 seconds
[2026-04-05T10:57:19.995+0000] {processor.py:161} INFO - Started process (PID=58370) to work on /opt/airflow/dags/isr_pipeline.py
[2026-04-05T10:57:20.002+0000] {processor.py:830} INFO - Processing file /opt/airflow/dags/isr_pipeline.py for tasks to queue
[2026-04-05T10:57:20.009+0000] {logging_mixin.py:188} INFO - [2026-04-05T10:57:20.007+0000] {dagbag.py:540} INFO - Filling up the DagBag from /opt/airflow/dags/isr_pipeline.py
[2026-04-05T10:57:20.094+0000] {processor.py:840} INFO - DAG(s) 'isr_pipeline' retrieved from /opt/airflow/dags/isr_pipeline.py
[2026-04-05T10:57:20.282+0000] {logging_mixin.py:188} INFO - [2026-04-05T10:57:20.281+0000] {dag.py:3096} INFO - Sync 1 DAGs
[2026-04-05T10:57:20.480+0000] {processor.py:183} INFO - Processing /opt/airflow/dags/isr_pipeline.py took 0.520 seconds
[2026-04-05T10:57:50.977+0000] {processor.py:161} INFO - Started process (PID=58375) to work on /opt/airflow/dags/isr_pipeline.py
[2026-04-05T10:57:50.985+0000] {processor.py:830} INFO - Processing file /opt/airflow/dags/isr_pipeline.py for tasks to queue
[2026-04-05T10:57:50.991+0000] {logging_mixin.py:188} INFO - [2026-04-05T10:57:50.989+0000] {dagbag.py:540} INFO - Filling up the DagBag from /opt/airflow/dags/isr_pipeline.py
[2026-04-05T10:57:51.078+0000] {processor.py:840} INFO - DAG(s) 'isr_pipeline' retrieved from /opt/airflow/dags/isr_pipeline.py
[2026-04-05T10:57:51.253+0000] {logging_mixin.py:188} INFO - [2026-04-05T10:57:51.252+0000] {dag.py:3096} INFO - Sync 1 DAGs
[2026-04-05T10:57:51.455+0000] {processor.py:183} INFO - Processing /opt/airflow/dags/isr_pipeline.py took 0.516 seconds
[2026-04-05T10:58:21.899+0000] {processor.py:161} INFO - Started process (PID=58380) to work on /opt/airflow/dags/isr_pipeline.py
[2026-04-05T10:58:21.906+0000] {processor.py:830} INFO - Processing file /opt/airflow/dags/isr_pipeline.py for tasks to queue
[2026-04-05T10:58:21.913+0000] {logging_mixin.py:188} INFO - [2026-04-05T10:58:21.911+0000] {dagbag.py:540} INFO - Filling up the DagBag from /opt/airflow/dags/isr_pipeline.py
[2026-04-05T10:58:21.999+0000] {processor.py:840} INFO - DAG(s) 'isr_pipeline' retrieved from /opt/airflow/dags/isr_pipeline.py
[2026-04-05T10:58:22.168+0000] {logging_mixin.py:188} INFO - [2026-04-05T10:58:22.167+0000] {dag.py:3096} INFO - Sync 1 DAGs
[2026-04-05T10:58:22.371+0000] {processor.py:183} INFO - Processing /opt/airflow/dags/isr_pipeline.py took 0.508 seconds
[2026-04-05T10:58:52.901+0000] {processor.py:161} INFO - Started process (PID=58385) to work on /opt/airflow/dags/isr_pipeline.py
[2026-04-05T10:58:52.908+0000] {processor.py:830} INFO - Processing file /opt/airflow/dags/isr_pipeline.py for tasks to queue
[2026-04-05T10:58:52.916+0000] {logging_mixin.py:188} INFO - [2026-04-05T10:58:52.914+0000] {dagbag.py:540} INFO - Filling up the DagBag from /opt/airflow/dags/isr_pipeline.py
[2026-04-05T10:58:53.024+0000] {processor.py:840} INFO - DAG(s) 'isr_pipeline' retrieved from /opt/airflow/dags/isr_pipeline.py
[2026-04-05T10:58:53.223+0000] {logging_mixin.py:188} INFO - [2026-04-05T10:58:53.222+0000] {dag.py:3096} INFO - Sync 1 DAGs
[2026-04-05T10:58:53.425+0000] {processor.py:183} INFO - Processing /opt/airflow/dags/isr_pipeline.py took 0.562 seconds
[2026-04-05T10:59:23.726+0000] {processor.py:161} INFO - Started process (PID=58390) to work on /opt/airflow/dags/isr_pipeline.py
[2026-04-05T10:59:23.733+0000] {processor.py:830} INFO - Processing file /opt/airflow/dags/isr_pipeline.py for tasks to queue
[2026-04-05T10:59:23.741+0000] {logging_mixin.py:188} INFO - [2026-04-05T10:59:23.739+0000] {dagbag.py:540} INFO - Filling up the DagBag from /opt/airflow/dags/isr_pipeline.py
[2026-04-05T10:59:23.829+0000] {processor.py:840} INFO - DAG(s) 'isr_pipeline' retrieved from /opt/airflow/dags/isr_pipeline.py
[2026-04-05T10:59:24.004+0000] {logging_mixin.py:188} INFO - [2026-04-05T10:59:24.002+0000] {dag.py:3096} INFO - Sync 1 DAGs
[2026-04-05T10:59:24.209+0000] {processor.py:183} INFO - Processing /opt/airflow/dags/isr_pipeline.py took 0.529 seconds
[2026-04-05T10:59:54.681+0000] {processor.py:161} INFO - Started process (PID=58395) to work on /opt/airflow/dags/isr_pipeline.py
[2026-04-05T10:59:54.688+0000] {processor.py:830} INFO - Processing file /opt/airflow/dags/isr_pipeline.py for tasks to queue
[2026-04-05T10:59:54.697+0000] {logging_mixin.py:188} INFO - [2026-04-05T10:59:54.694+0000] {dagbag.py:540} INFO - Filling up the DagBag from /opt/airflow/dags/isr_pipeline.py
[2026-04-05T10:59:54.791+0000] {processor.py:840} INFO - DAG(s) 'isr_pipeline' retrieved from /opt/airflow/dags/isr_pipeline.py
[2026-04-05T10:59:54.988+0000] {logging_mixin.py:188} INFO - [2026-04-05T10:59:54.986+0000] {dag.py:3096} INFO - Sync 1 DAGs
[2026-04-05T10:59:55.188+0000] {processor.py:183} INFO - Processing /opt/airflow/dags/isr_pipeline.py took 0.545 seconds
[2026-04-05T11:00:25.549+0000] {processor.py:161} INFO - Started process (PID=58400) to work on /opt/airflow/dags/isr_pipeline.py
[2026-04-05T11:00:25.556+0000] {processor.py:830} INFO - Processing file /opt/airflow/dags/isr_pipeline.py for tasks to queue
[2026-04-05T11:00:25.563+0000] {logging_mixin.py:188} INFO - [2026-04-05T11:00:25.561+0000] {dagbag.py:540} INFO - Filling up the DagBag from /opt/airflow/dags/isr_pipeline.py
[2026-04-05T11:00:25.647+0000] {processor.py:840} INFO - DAG(s) 'isr_pipeline' retrieved from /opt/airflow/dags/isr_pipeline.py
[2026-04-05T11:00:25.826+0000] {logging_mixin.py:188} INFO - [2026-04-05T11:00:25.825+0000] {dag.py:3096} INFO - Sync 1 DAGs
[2026-04-05T11:00:26.036+0000] {processor.py:183} INFO - Processing /opt/airflow/dags/isr_pipeline.py took 0.525 seconds
[2026-04-05T11:00:56.504+0000] {processor.py:161} INFO - Started process (PID=58405) to work on /opt/airflow/dags/isr_pipeline.py
[2026-04-05T11:00:56.511+0000] {processor.py:830} INFO - Processing file /opt/airflow/dags/isr_pipeline.py for tasks to queue
[2026-04-05T11:00:56.518+0000] {logging_mixin.py:188} INFO - [2026-04-05T11:00:56.516+0000] {dagbag.py:540} INFO - Filling up the DagBag from /opt/airflow/dags/isr_pipeline.py
[2026-04-05T11:00:56.609+0000] {processor.py:840} INFO - DAG(s) 'isr_pipeline' retrieved from /opt/airflow/dags/isr_pipeline.py
[2026-04-05T11:00:56.795+0000] {logging_mixin.py:188} INFO - [2026-04-05T11:00:56.793+0000] {dag.py:3096} INFO - Sync 1 DAGs
[2026-04-05T11:00:57.013+0000] {processor.py:183} INFO - Processing /opt/airflow/dags/isr_pipeline.py took 0.547 seconds
[2026-04-05T11:01:27.409+0000] {processor.py:161} INFO - Started process (PID=58410) to work on /opt/airflow/dags/isr_pipeline.py
[2026-04-05T11:01:27.415+0000] {processor.py:830} INFO - Processing file /opt/airflow/dags/isr_pipeline.py for tasks to queue
[2026-04-05T11:01:27.422+0000] {logging_mixin.py:188} INFO - [2026-04-05T11:01:27.420+0000] {dagbag.py:540} INFO - Filling up the DagBag from /opt/airflow/dags/isr_pipeline.py
[2026-04-05T11:01:27.507+0000] {processor.py:840} INFO - DAG(s) 'isr_pipeline' retrieved from /opt/airflow/dags/isr_pipeline.py
[2026-04-05T11:01:27.681+0000] {logging_mixin.py:188} INFO - [2026-04-05T11:01:27.680+0000] {dag.py:3096} INFO - Sync 1 DAGs
[2026-04-05T11:01:27.892+0000] {processor.py:183} INFO - Processing /opt/airflow/dags/isr_pipeline.py took 0.517 seconds
[2026-04-05T11:01:58.471+0000] {processor.py:161} INFO - Started process (PID=58415) to work on /opt/airflow/dags/isr_pipeline.py
[2026-04-05T11:01:58.478+0000] {processor.py:830} INFO - Processing file /opt/airflow/dags/isr_pipeline.py for tasks to queue
[2026-04-05T11:01:58.486+0000] {logging_mixin.py:188} INFO - [2026-04-05T11:01:58.484+0000] {dagbag.py:540} INFO - Filling up the DagBag from /opt/airflow/dags/isr_pipeline.py
[2026-04-05T11:01:58.570+0000] {processor.py:840} INFO - DAG(s) 'isr_pipeline' retrieved from /opt/airflow/dags/isr_pipeline.py
[2026-04-05T11:01:58.750+0000] {logging_mixin.py:188} INFO - [2026-04-05T11:01:58.749+0000] {dag.py:3096} INFO - Sync 1 DAGs
[2026-04-05T11:01:58.952+0000] {processor.py:183} INFO - Processing /opt/airflow/dags/isr_pipeline.py took 0.517 seconds
[2026-04-05T11:02:29.173+0000] {processor.py:161} INFO - Started process (PID=58420) to work on /opt/airflow/dags/isr_pipeline.py
[2026-04-05T11:02:29.181+0000] {processor.py:830} INFO - Processing file /opt/airflow/dags/isr_pipeline.py for tasks to queue
[2026-04-05T11:02:29.189+0000] {logging_mixin.py:188} INFO - [2026-04-05T11:02:29.187+0000] {dagbag.py:540} INFO - Filling up the DagBag from /opt/airflow/dags/isr_pipeline.py
[2026-04-05T11:02:29.297+0000] {processor.py:840} INFO - DAG(s) 'isr_pipeline' retrieved from /opt/airflow/dags/isr_pipeline.py
[2026-04-05T11:02:29.505+0000] {logging_mixin.py:188} INFO - [2026-04-05T11:02:29.503+0000] {dag.py:3096} INFO - Sync 1 DAGs
[2026-04-05T11:02:29.705+0000] {processor.py:183} INFO - Processing /opt/airflow/dags/isr_pipeline.py took 0.573 seconds
[2026-04-05T11:03:00.225+0000] {processor.py:161} INFO - Started process (PID=58425) to work on /opt/airflow/dags/isr_pipeline.py
[2026-04-05T11:03:00.235+0000] {processor.py:830} INFO - Processing file /opt/airflow/dags/isr_pipeline.py for tasks to queue
[2026-04-05T11:03:00.242+0000] {logging_mixin.py:188} INFO - [2026-04-05T11:03:00.240+0000] {dagbag.py:540} INFO - Filling up the DagBag from /opt/airflow/dags/isr_pipeline.py
[2026-04-05T11:03:00.333+0000] {processor.py:840} INFO - DAG(s) 'isr_pipeline' retrieved from /opt/airflow/dags/isr_pipeline.py
[2026-04-05T11:03:00.514+0000] {logging_mixin.py:188} INFO - [2026-04-05T11:03:00.513+0000] {dag.py:3096} INFO - Sync 1 DAGs
[2026-04-05T11:03:00.725+0000] {processor.py:183} INFO - Processing /opt/airflow/dags/isr_pipeline.py took 0.541 seconds
[2026-04-05T11:03:31.061+0000] {processor.py:161} INFO - Started process (PID=58430) to work on /opt/airflow/dags/isr_pipeline.py
[2026-04-05T11:03:31.069+0000] {processor.py:830} INFO - Processing file /opt/airflow/dags/isr_pipeline.py for tasks to queue
[2026-04-05T11:03:31.077+0000] {logging_mixin.py:188} INFO - [2026-04-05T11:03:31.075+0000] {dagbag.py:540} INFO - Filling up the DagBag from /opt/airflow/dags/isr_pipeline.py
[2026-04-05T11:03:31.171+0000] {processor.py:840} INFO - DAG(s) 'isr_pipeline' retrieved from /opt/airflow/dags/isr_pipeline.py
[2026-04-05T11:03:31.344+0000] {logging_mixin.py:188} INFO - [2026-04-05T11:03:31.343+0000] {dag.py:3096} INFO - Sync 1 DAGs
[2026-04-05T11:03:31.538+0000] {processor.py:183} INFO - Processing /opt/airflow/dags/isr_pipeline.py took 0.515 seconds
[2026-04-05T11:04:02.051+0000] {processor.py:161} INFO - Started process (PID=58435) to work on /opt/airflow/dags/isr_pipeline.py
[2026-04-05T11:04:02.058+0000] {processor.py:830} INFO - Processing file /opt/airflow/dags/isr_pipeline.py for tasks to queue
[2026-04-05T11:04:02.065+0000] {logging_mixin.py:188} INFO - [2026-04-05T11:04:02.063+0000] {dagbag.py:540} INFO - Filling up the DagBag from /opt/airflow/dags/isr_pipeline.py
[2026-04-05T11:04:02.152+0000] {processor.py:840} INFO - DAG(s) 'isr_pipeline' retrieved from /opt/airflow/dags/isr_pipeline.py
[2026-04-05T11:04:02.329+0000] {logging_mixin.py:188} INFO - [2026-04-05T11:04:02.328+0000] {dag.py:3096} INFO - Sync 1 DAGs
[2026-04-05T11:04:02.529+0000] {processor.py:183} INFO - Processing /opt/airflow/dags/isr_pipeline.py took 0.515 seconds
[2026-04-05T11:04:32.967+0000] {processor.py:161} INFO - Started process (PID=58440) to work on /opt/airflow/dags/isr_pipeline.py
[2026-04-05T11:04:32.975+0000] {processor.py:830} INFO - Processing file /opt/airflow/dags/isr_pipeline.py for tasks to queue
[2026-04-05T11:04:32.983+0000] {logging_mixin.py:188} INFO - [2026-04-05T11:04:32.981+0000] {dagbag.py:540} INFO - Filling up the DagBag from /opt/airflow/dags/isr_pipeline.py
[2026-04-05T11:04:33.079+0000] {processor.py:840} INFO - DAG(s) 'isr_pipeline' retrieved from /opt/airflow/dags/isr_pipeline.py
[2026-04-05T11:04:33.255+0000] {logging_mixin.py:188} INFO - [2026-04-05T11:04:33.254+0000] {dag.py:3096} INFO - Sync 1 DAGs
[2026-04-05T11:04:33.457+0000] {processor.py:183} INFO - Processing /opt/airflow/dags/isr_pipeline.py took 0.527 seconds
[2026-04-05T11:05:03.975+0000] {processor.py:161} INFO - Started process (PID=58445) to work on /opt/airflow/dags/isr_pipeline.py
[2026-04-05T11:05:03.983+0000] {processor.py:830} INFO - Processing file /opt/airflow/dags/isr_pipeline.py for tasks to queue
[2026-04-05T11:05:03.993+0000] {logging_mixin.py:188} INFO - [2026-04-05T11:05:03.991+0000] {dagbag.py:540} INFO - Filling up the DagBag from /opt/airflow/dags/isr_pipeline.py
[2026-04-05T11:05:04.088+0000] {processor.py:840} INFO - DAG(s) 'isr_pipeline' retrieved from /opt/airflow/dags/isr_pipeline.py
[2026-04-05T11:05:04.263+0000] {logging_mixin.py:188} INFO - [2026-04-05T11:05:04.262+0000] {dag.py:3096} INFO - Sync 1 DAGs
[2026-04-05T11:05:04.459+0000] {processor.py:183} INFO - Processing /opt/airflow/dags/isr_pipeline.py took 0.521 seconds
[2026-04-05T11:05:34.715+0000] {processor.py:161} INFO - Started process (PID=58450) to work on /opt/airflow/dags/isr_pipeline.py
[2026-04-05T11:05:34.723+0000] {processor.py:830} INFO - Processing file /opt/airflow/dags/isr_pipeline.py for tasks to queue
[2026-04-05T11:05:34.731+0000] {logging_mixin.py:188} INFO - [2026-04-05T11:05:34.729+0000] {dagbag.py:540} INFO - Filling up the DagBag from /opt/airflow/dags/isr_pipeline.py
[2026-04-05T11:05:34.823+0000] {processor.py:840} INFO - DAG(s) 'isr_pipeline' retrieved from /opt/airflow/dags/isr_pipeline.py
[2026-04-05T11:05:35.003+0000] {logging_mixin.py:188} INFO - [2026-04-05T11:05:35.002+0000] {dag.py:3096} INFO - Sync 1 DAGs
[2026-04-05T11:05:35.210+0000] {processor.py:183} INFO - Processing /opt/airflow/dags/isr_pipeline.py took 0.532 seconds
[2026-04-05T11:11:21.036+0000] {processor.py:161} INFO - Started process (PID=58456) to work on /opt/airflow/dags/isr_pipeline.py
[2026-04-05T11:11:21.041+0000] {processor.py:830} INFO - Processing file /opt/airflow/dags/isr_pipeline.py for tasks to queue
[2026-04-05T11:11:21.043+0000] {logging_mixin.py:188} INFO - [2026-04-05T11:11:21.043+0000] {dagbag.py:540} INFO - Filling up the DagBag from /opt/airflow/dags/isr_pipeline.py
[2026-04-05T11:11:21.066+0000] {processor.py:840} INFO - DAG(s) 'isr_pipeline' retrieved from /opt/airflow/dags/isr_pipeline.py
[2026-04-05T11:11:22.212+0000] {logging_mixin.py:188} INFO - [2026-04-05T11:11:22.211+0000] {dag.py:3096} INFO - Sync 1 DAGs
[2026-04-05T11:11:22.259+0000] {processor.py:183} INFO - Processing /opt/airflow/dags/isr_pipeline.py took 1.235 seconds
[2026-04-05T11:11:52.452+0000] {processor.py:161} INFO - Started process (PID=58461) to work on /opt/airflow/dags/isr_pipeline.py
[2026-04-05T11:11:52.459+0000] {processor.py:830} INFO - Processing file /opt/airflow/dags/isr_pipeline.py for tasks to queue
[2026-04-05T11:11:52.466+0000] {logging_mixin.py:188} INFO - [2026-04-05T11:11:52.464+0000] {dagbag.py:540} INFO - Filling up the DagBag from /opt/airflow/dags/isr_pipeline.py
[2026-04-05T11:11:52.550+0000] {processor.py:840} INFO - DAG(s) 'isr_pipeline' retrieved from /opt/airflow/dags/isr_pipeline.py
[2026-04-05T11:11:52.729+0000] {logging_mixin.py:188} INFO - [2026-04-05T11:11:52.728+0000] {dag.py:3096} INFO - Sync 1 DAGs
[2026-04-05T11:11:52.934+0000] {processor.py:183} INFO - Processing /opt/airflow/dags/isr_pipeline.py took 0.518 seconds
[2026-04-05T11:35:34.089+0000] {processor.py:161} INFO - Started process (PID=58467) to work on /opt/airflow/dags/isr_pipeline.py
[2026-04-05T11:35:34.091+0000] {processor.py:830} INFO - Processing file /opt/airflow/dags/isr_pipeline.py for tasks to queue
[2026-04-05T11:35:34.093+0000] {logging_mixin.py:188} INFO - [2026-04-05T11:35:34.093+0000] {dagbag.py:540} INFO - Filling up the DagBag from /opt/airflow/dags/isr_pipeline.py
[2026-04-05T11:35:34.122+0000] {processor.py:840} INFO - DAG(s) 'isr_pipeline' retrieved from /opt/airflow/dags/isr_pipeline.py
[2026-04-05T11:35:34.168+0000] {logging_mixin.py:188} INFO - [2026-04-05T11:35:34.168+0000] {dag.py:3096} INFO - Sync 1 DAGs
[2026-04-05T11:35:34.332+0000] {processor.py:183} INFO - Processing /opt/airflow/dags/isr_pipeline.py took 0.255 seconds
[2026-04-05T11:36:04.496+0000] {processor.py:161} INFO - Started process (PID=58473) to work on /opt/airflow/dags/isr_pipeline.py
[2026-04-05T11:36:04.502+0000] {processor.py:830} INFO - Processing file /opt/airflow/dags/isr_pipeline.py for tasks to queue
[2026-04-05T11:36:04.509+0000] {logging_mixin.py:188} INFO - [2026-04-05T11:36:04.507+0000] {dagbag.py:540} INFO - Filling up the DagBag from /opt/airflow/dags/isr_pipeline.py
[2026-04-05T11:36:04.595+0000] {processor.py:840} INFO - DAG(s) 'isr_pipeline' retrieved from /opt/airflow/dags/isr_pipeline.py
[2026-04-05T11:36:04.775+0000] {logging_mixin.py:188} INFO - [2026-04-05T11:36:04.774+0000] {dag.py:3096} INFO - Sync 1 DAGs
[2026-04-05T11:36:04.977+0000] {processor.py:183} INFO - Processing /opt/airflow/dags/isr_pipeline.py took 0.519 seconds
[2026-04-05T11:36:35.475+0000] {processor.py:161} INFO - Started process (PID=58478) to work on /opt/airflow/dags/isr_pipeline.py
[2026-04-05T11:36:35.482+0000] {processor.py:830} INFO - Processing file /opt/airflow/dags/isr_pipeline.py for tasks to queue
[2026-04-05T11:36:35.489+0000] {logging_mixin.py:188} INFO - [2026-04-05T11:36:35.487+0000] {dagbag.py:540} INFO - Filling up the DagBag from /opt/airflow/dags/isr_pipeline.py
[2026-04-05T11:36:35.577+0000] {processor.py:840} INFO - DAG(s) 'isr_pipeline' retrieved from /opt/airflow/dags/isr_pipeline.py
[2026-04-05T11:36:35.755+0000] {logging_mixin.py:188} INFO - [2026-04-05T11:36:35.753+0000] {dag.py:3096} INFO - Sync 1 DAGs
[2026-04-05T11:36:35.958+0000] {processor.py:183} INFO - Processing /opt/airflow/dags/isr_pipeline.py took 0.521 seconds
[2026-04-05T11:37:06.491+0000] {processor.py:161} INFO - Started process (PID=58483) to work on /opt/airflow/dags/isr_pipeline.py
[2026-04-05T11:37:06.498+0000] {processor.py:830} INFO - Processing file /opt/airflow/dags/isr_pipeline.py for tasks to queue
[2026-04-05T11:37:06.505+0000] {logging_mixin.py:188} INFO - [2026-04-05T11:37:06.503+0000] {dagbag.py:540} INFO - Filling up the DagBag from /opt/airflow/dags/isr_pipeline.py
[2026-04-05T11:37:06.592+0000] {processor.py:840} INFO - DAG(s) 'isr_pipeline' retrieved from /opt/airflow/dags/isr_pipeline.py
[2026-04-05T11:37:06.766+0000] {logging_mixin.py:188} INFO - [2026-04-05T11:37:06.765+0000] {dag.py:3096} INFO - Sync 1 DAGs
[2026-04-05T11:37:06.969+0000] {processor.py:183} INFO - Processing /opt/airflow/dags/isr_pipeline.py took 0.513 seconds
[2026-04-05T11:37:37.490+0000] {processor.py:161} INFO - Started process (PID=58488) to work on /opt/airflow/dags/isr_pipeline.py
[2026-04-05T11:37:37.497+0000] {processor.py:830} INFO - Processing file /opt/airflow/dags/isr_pipeline.py for tasks to queue
[2026-04-05T11:37:37.505+0000] {logging_mixin.py:188} INFO - [2026-04-05T11:37:37.503+0000] {dagbag.py:540} INFO - Filling up the DagBag from /opt/airflow/dags/isr_pipeline.py
[2026-04-05T11:37:37.590+0000] {processor.py:840} INFO - DAG(s) 'isr_pipeline' retrieved from /opt/airflow/dags/isr_pipeline.py
[2026-04-05T11:37:37.770+0000] {logging_mixin.py:188} INFO - [2026-04-05T11:37:37.769+0000] {dag.py:3096} INFO - Sync 1 DAGs
[2026-04-05T11:37:37.971+0000] {processor.py:183} INFO - Processing /opt/airflow/dags/isr_pipeline.py took 0.519 seconds
[2026-04-05T11:38:08.236+0000] {processor.py:161} INFO - Started process (PID=58493) to work on /opt/airflow/dags/isr_pipeline.py
[2026-04-05T11:38:08.244+0000] {processor.py:830} INFO - Processing file /opt/airflow/dags/isr_pipeline.py for tasks to queue
[2026-04-05T11:38:08.251+0000] {logging_mixin.py:188} INFO - [2026-04-05T11:38:08.249+0000] {dagbag.py:540} INFO - Filling up the DagBag from /opt/airflow/dags/isr_pipeline.py
[2026-04-05T11:38:08.353+0000] {processor.py:840} INFO - DAG(s) 'isr_pipeline' retrieved from /opt/airflow/dags/isr_pipeline.py
[2026-04-05T11:38:08.532+0000] {logging_mixin.py:188} INFO - [2026-04-05T11:38:08.531+0000] {dag.py:3096} INFO - Sync 1 DAGs
[2026-04-05T11:38:08.733+0000] {processor.py:183} INFO - Processing /opt/airflow/dags/isr_pipeline.py took 0.534 seconds
[2026-04-05T11:38:39.270+0000] {processor.py:161} INFO - Started process (PID=58498) to work on /opt/airflow/dags/isr_pipeline.py
[2026-04-05T11:38:39.278+0000] {processor.py:830} INFO - Processing file /opt/airflow/dags/isr_pipeline.py for tasks to queue
[2026-04-05T11:38:39.284+0000] {logging_mixin.py:188} INFO - [2026-04-05T11:38:39.282+0000] {dagbag.py:540} INFO - Filling up the DagBag from /opt/airflow/dags/isr_pipeline.py
[2026-04-05T11:38:39.371+0000] {processor.py:840} INFO - DAG(s) 'isr_pipeline' retrieved from /opt/airflow/dags/isr_pipeline.py
[2026-04-05T11:38:39.550+0000] {logging_mixin.py:188} INFO - [2026-04-05T11:38:39.549+0000] {dag.py:3096} INFO - Sync 1 DAGs
[2026-04-05T11:38:39.749+0000] {processor.py:183} INFO - Processing /opt/airflow/dags/isr_pipeline.py took 0.517 seconds
[2026-04-05T11:39:10.053+0000] {processor.py:161} INFO - Started process (PID=58503) to work on /opt/airflow/dags/isr_pipeline.py
[2026-04-05T11:39:10.060+0000] {processor.py:830} INFO - Processing file /opt/airflow/dags/isr_pipeline.py for tasks to queue
[2026-04-05T11:39:10.067+0000] {logging_mixin.py:188} INFO - [2026-04-05T11:39:10.065+0000] {dagbag.py:540} INFO - Filling up the DagBag from /opt/airflow/dags/isr_pipeline.py
[2026-04-05T11:39:10.157+0000] {processor.py:840} INFO - DAG(s) 'isr_pipeline' retrieved from /opt/airflow/dags/isr_pipeline.py
[2026-04-05T11:39:10.334+0000] {logging_mixin.py:188} INFO - [2026-04-05T11:39:10.333+0000] {dag.py:3096} INFO - Sync 1 DAGs
[2026-04-05T11:39:10.544+0000] {processor.py:183} INFO - Processing /opt/airflow/dags/isr_pipeline.py took 0.529 seconds
[2026-04-05T11:39:41.042+0000] {processor.py:161} INFO - Started process (PID=58508) to work on /opt/airflow/dags/isr_pipeline.py
[2026-04-05T11:39:41.049+0000] {processor.py:830} INFO - Processing file /opt/airflow/dags/isr_pipeline.py for tasks to queue
[2026-04-05T11:39:41.056+0000] {logging_mixin.py:188} INFO - [2026-04-05T11:39:41.054+0000] {dagbag.py:540} INFO - Filling up the DagBag from /opt/airflow/dags/isr_pipeline.py
[2026-04-05T11:39:41.162+0000] {processor.py:840} INFO - DAG(s) 'isr_pipeline' retrieved from /opt/airflow/dags/isr_pipeline.py
[2026-04-05T11:39:41.340+0000] {logging_mixin.py:188} INFO - [2026-04-05T11:39:41.339+0000] {dag.py:3096} INFO - Sync 1 DAGs
[2026-04-05T11:39:41.542+0000] {processor.py:183} INFO - Processing /opt/airflow/dags/isr_pipeline.py took 0.539 seconds
[2026-04-05T11:40:11.961+0000] {processor.py:161} INFO - Started process (PID=58513) to work on /opt/airflow/dags/isr_pipeline.py
[2026-04-05T11:40:11.969+0000] {processor.py:830} INFO - Processing file /opt/airflow/dags/isr_pipeline.py for tasks to queue
[2026-04-05T11:40:11.977+0000] {logging_mixin.py:188} INFO - [2026-04-05T11:40:11.975+0000] {dagbag.py:540} INFO - Filling up the DagBag from /opt/airflow/dags/isr_pipeline.py
[2026-04-05T11:40:12.068+0000] {processor.py:840} INFO - DAG(s) 'isr_pipeline' retrieved from /opt/airflow/dags/isr_pipeline.py
[2026-04-05T11:40:12.245+0000] {logging_mixin.py:188} INFO - [2026-04-05T11:40:12.244+0000] {dag.py:3096} INFO - Sync 1 DAGs
[2026-04-05T11:40:12.451+0000] {processor.py:183} INFO - Processing /opt/airflow/dags/isr_pipeline.py took 0.527 seconds
[2026-04-05T11:40:42.970+0000] {processor.py:161} INFO - Started process (PID=58518) to work on /opt/airflow/dags/isr_pipeline.py
[2026-04-05T11:40:42.977+0000] {processor.py:830} INFO - Processing file /opt/airflow/dags/isr_pipeline.py for tasks to queue
[2026-04-05T11:40:42.984+0000] {logging_mixin.py:188} INFO - [2026-04-05T11:40:42.982+0000] {dagbag.py:540} INFO - Filling up the DagBag from /opt/airflow/dags/isr_pipeline.py
[2026-04-05T11:40:43.074+0000] {processor.py:840} INFO - DAG(s) 'isr_pipeline' retrieved from /opt/airflow/dags/isr_pipeline.py
[2026-04-05T11:40:43.258+0000] {logging_mixin.py:188} INFO - [2026-04-05T11:40:43.256+0000] {dag.py:3096} INFO - Sync 1 DAGs
[2026-04-05T11:40:43.459+0000] {processor.py:183} INFO - Processing /opt/airflow/dags/isr_pipeline.py took 0.528 seconds
[2026-04-05T11:41:13.746+0000] {processor.py:161} INFO - Started process (PID=58523) to work on /opt/airflow/dags/isr_pipeline.py
[2026-04-05T11:41:13.753+0000] {processor.py:830} INFO - Processing file /opt/airflow/dags/isr_pipeline.py for tasks to queue
[2026-04-05T11:41:13.760+0000] {logging_mixin.py:188} INFO - [2026-04-05T11:41:13.758+0000] {dagbag.py:540} INFO - Filling up the DagBag from /opt/airflow/dags/isr_pipeline.py
[2026-04-05T11:41:13.843+0000] {processor.py:840} INFO - DAG(s) 'isr_pipeline' retrieved from /opt/airflow/dags/isr_pipeline.py
[2026-04-05T11:41:14.018+0000] {logging_mixin.py:188} INFO - [2026-04-05T11:41:14.016+0000] {dag.py:3096} INFO - Sync 1 DAGs
[2026-04-05T11:41:14.219+0000] {processor.py:183} INFO - Processing /opt/airflow/dags/isr_pipeline.py took 0.509 seconds
[2026-04-05T11:41:44.791+0000] {processor.py:161} INFO - Started process (PID=58528) to work on /opt/airflow/dags/isr_pipeline.py
[2026-04-05T11:41:44.801+0000] {processor.py:830} INFO - Processing file /opt/airflow/dags/isr_pipeline.py for tasks to queue
[2026-04-05T11:41:44.812+0000] {logging_mixin.py:188} INFO - [2026-04-05T11:41:44.809+0000] {dagbag.py:540} INFO - Filling up the DagBag from /opt/airflow/dags/isr_pipeline.py
[2026-04-05T11:41:44.930+0000] {processor.py:840} INFO - DAG(s) 'isr_pipeline' retrieved from /opt/airflow/dags/isr_pipeline.py
[2026-04-05T11:41:45.153+0000] {logging_mixin.py:188} INFO - [2026-04-05T11:41:45.152+0000] {dag.py:3096} INFO - Sync 1 DAGs
[2026-04-05T11:41:45.377+0000] {processor.py:183} INFO - Processing /opt/airflow/dags/isr_pipeline.py took 0.649 seconds
[2026-04-05T11:42:15.601+0000] {processor.py:161} INFO - Started process (PID=58533) to work on /opt/airflow/dags/isr_pipeline.py
[2026-04-05T11:42:15.609+0000] {processor.py:830} INFO - Processing file /opt/airflow/dags/isr_pipeline.py for tasks to queue
[2026-04-05T11:42:15.617+0000] {logging_mixin.py:188} INFO - [2026-04-05T11:42:15.615+0000] {dagbag.py:540} INFO - Filling up the DagBag from /opt/airflow/dags/isr_pipeline.py
[2026-04-05T11:42:15.703+0000] {processor.py:840} INFO - DAG(s) 'isr_pipeline' retrieved from /opt/airflow/dags/isr_pipeline.py
[2026-04-05T11:42:15.878+0000] {logging_mixin.py:188} INFO - [2026-04-05T11:42:15.877+0000] {dag.py:3096} INFO - Sync 1 DAGs
[2026-04-05T11:42:16.219+0000] {processor.py:183} INFO - Processing /opt/airflow/dags/isr_pipeline.py took 0.658 seconds
[2026-04-05T11:42:46.661+0000] {processor.py:161} INFO - Started process (PID=58538) to work on /opt/airflow/dags/isr_pipeline.py
[2026-04-05T11:42:46.667+0000] {processor.py:830} INFO - Processing file /opt/airflow/dags/isr_pipeline.py for tasks to queue
[2026-04-05T11:42:46.672+0000] {logging_mixin.py:188} INFO - [2026-04-05T11:42:46.671+0000] {dagbag.py:540} INFO - Filling up the DagBag from /opt/airflow/dags/isr_pipeline.py
[2026-04-05T11:42:46.709+0000] {processor.py:840} INFO - DAG(s) 'isr_pipeline' retrieved from /opt/airflow/dags/isr_pipeline.py
[2026-04-05T11:42:46.772+0000] {logging_mixin.py:188} INFO - [2026-04-05T11:42:46.771+0000] {dag.py:3096} INFO - Sync 1 DAGs
[2026-04-05T11:42:46.849+0000] {processor.py:183} INFO - Processing /opt/airflow/dags/isr_pipeline.py took 0.202 seconds
[2026-04-05T11:43:17.083+0000] {processor.py:161} INFO - Started process (PID=58543) to work on /opt/airflow/dags/isr_pipeline.py
[2026-04-05T11:43:17.086+0000] {processor.py:830} INFO - Processing file /opt/airflow/dags/isr_pipeline.py for tasks to queue
[2026-04-05T11:43:17.087+0000] {logging_mixin.py:188} INFO - [2026-04-05T11:43:17.087+0000] {dagbag.py:540} INFO - Filling up the DagBag from /opt/airflow/dags/isr_pipeline.py
[2026-04-05T11:43:17.104+0000] {processor.py:840} INFO - DAG(s) 'isr_pipeline' retrieved from /opt/airflow/dags/isr_pipeline.py
[2026-04-05T11:43:17.140+0000] {logging_mixin.py:188} INFO - [2026-04-05T11:43:17.140+0000] {dag.py:3096} INFO - Sync 1 DAGs
[2026-04-05T11:43:17.180+0000] {processor.py:183} INFO - Processing /opt/airflow/dags/isr_pipeline.py took 0.105 seconds
[2026-04-05T11:43:47.306+0000] {processor.py:161} INFO - Started process (PID=58548) to work on /opt/airflow/dags/isr_pipeline.py
[2026-04-05T11:43:47.308+0000] {processor.py:830} INFO - Processing file /opt/airflow/dags/isr_pipeline.py for tasks to queue
[2026-04-05T11:43:47.311+0000] {logging_mixin.py:188} INFO - [2026-04-05T11:43:47.310+0000] {dagbag.py:540} INFO - Filling up the DagBag from /opt/airflow/dags/isr_pipeline.py
[2026-04-05T11:43:47.337+0000] {processor.py:840} INFO - DAG(s) 'isr_pipeline' retrieved from /opt/airflow/dags/isr_pipeline.py
[2026-04-05T11:43:47.386+0000] {logging_mixin.py:188} INFO - [2026-04-05T11:43:47.386+0000] {dag.py:3096} INFO - Sync 1 DAGs
[2026-04-05T11:43:47.445+0000] {processor.py:183} INFO - Processing /opt/airflow/dags/isr_pipeline.py took 0.151 seconds
[2026-04-05T11:45:15.710+0000] {processor.py:161} INFO - Started process (PID=58555) to work on /opt/airflow/dags/isr_pipeline.py
[2026-04-05T11:45:15.713+0000] {processor.py:830} INFO - Processing file /opt/airflow/dags/isr_pipeline.py for tasks to queue
[2026-04-05T11:45:15.716+0000] {logging_mixin.py:188} INFO - [2026-04-05T11:45:15.716+0000] {dagbag.py:540} INFO - Filling up the DagBag from /opt/airflow/dags/isr_pipeline.py
[2026-04-05T11:45:15.753+0000] {processor.py:840} INFO - DAG(s) 'isr_pipeline' retrieved from /opt/airflow/dags/isr_pipeline.py
[2026-04-05T11:45:15.805+0000] {logging_mixin.py:188} INFO - [2026-04-05T11:45:15.805+0000] {dag.py:3096} INFO - Sync 1 DAGs
[2026-04-05T11:45:15.981+0000] {processor.py:183} INFO - Processing /opt/airflow/dags/isr_pipeline.py took 0.284 seconds
[2026-04-05T11:45:46.169+0000] {processor.py:161} INFO - Started process (PID=58560) to work on /opt/airflow/dags/isr_pipeline.py
[2026-04-05T11:45:46.171+0000] {processor.py:830} INFO - Processing file /opt/airflow/dags/isr_pipeline.py for tasks to queue
[2026-04-05T11:45:46.173+0000] {logging_mixin.py:188} INFO - [2026-04-05T11:45:46.172+0000] {dagbag.py:540} INFO - Filling up the DagBag from /opt/airflow/dags/isr_pipeline.py
[2026-04-05T11:45:46.197+0000] {processor.py:840} INFO - DAG(s) 'isr_pipeline' retrieved from /opt/airflow/dags/isr_pipeline.py
[2026-04-05T11:45:46.250+0000] {logging_mixin.py:188} INFO - [2026-04-05T11:45:46.250+0000] {dag.py:3096} INFO - Sync 1 DAGs
[2026-04-05T11:45:46.307+0000] {processor.py:183} INFO - Processing /opt/airflow/dags/isr_pipeline.py took 0.149 seconds
[2026-04-05T11:46:16.422+0000] {processor.py:161} INFO - Started process (PID=58565) to work on /opt/airflow/dags/isr_pipeline.py
[2026-04-05T11:46:16.425+0000] {processor.py:830} INFO - Processing file /opt/airflow/dags/isr_pipeline.py for tasks to queue
[2026-04-05T11:46:16.427+0000] {logging_mixin.py:188} INFO - [2026-04-05T11:46:16.426+0000] {dagbag.py:540} INFO - Filling up the DagBag from /opt/airflow/dags/isr_pipeline.py
[2026-04-05T11:46:16.454+0000] {processor.py:840} INFO - DAG(s) 'isr_pipeline' retrieved from /opt/airflow/dags/isr_pipeline.py
[2026-04-05T11:46:16.514+0000] {logging_mixin.py:188} INFO - [2026-04-05T11:46:16.513+0000] {dag.py:3096} INFO - Sync 1 DAGs
[2026-04-05T11:46:16.583+0000] {processor.py:183} INFO - Processing /opt/airflow/dags/isr_pipeline.py took 0.173 seconds
[2026-04-05T11:47:46.148+0000] {processor.py:161} INFO - Started process (PID=58571) to work on /opt/airflow/dags/isr_pipeline.py
[2026-04-05T11:47:46.442+0000] {processor.py:830} INFO - Processing file /opt/airflow/dags/isr_pipeline.py for tasks to queue
[2026-04-05T11:47:46.445+0000] {logging_mixin.py:188} INFO - [2026-04-05T11:47:46.444+0000] {dagbag.py:540} INFO - Filling up the DagBag from /opt/airflow/dags/isr_pipeline.py
[2026-04-05T11:47:46.473+0000] {processor.py:840} INFO - DAG(s) 'isr_pipeline' retrieved from /opt/airflow/dags/isr_pipeline.py
[2026-04-05T11:47:46.547+0000] {logging_mixin.py:188} INFO - [2026-04-05T11:47:46.547+0000] {dag.py:3096} INFO - Sync 1 DAGs
[2026-04-05T11:47:46.610+0000] {processor.py:183} INFO - Processing /opt/airflow/dags/isr_pipeline.py took 0.476 seconds
[2026-04-05T11:48:16.803+0000] {processor.py:161} INFO - Started process (PID=58576) to work on /opt/airflow/dags/isr_pipeline.py
[2026-04-05T11:48:16.805+0000] {processor.py:830} INFO - Processing file /opt/airflow/dags/isr_pipeline.py for tasks to queue
[2026-04-05T11:48:16.806+0000] {logging_mixin.py:188} INFO - [2026-04-05T11:48:16.806+0000] {dagbag.py:540} INFO - Filling up the DagBag from /opt/airflow/dags/isr_pipeline.py
[2026-04-05T11:48:16.825+0000] {processor.py:840} INFO - DAG(s) 'isr_pipeline' retrieved from /opt/airflow/dags/isr_pipeline.py
[2026-04-05T11:48:16.863+0000] {logging_mixin.py:188} INFO - [2026-04-05T11:48:16.863+0000] {dag.py:3096} INFO - Sync 1 DAGs
[2026-04-05T11:48:16.907+0000] {processor.py:183} INFO - Processing /opt/airflow/dags/isr_pipeline.py took 0.112 seconds
[2026-04-05T11:48:46.970+0000] {processor.py:161} INFO - Started process (PID=58581) to work on /opt/airflow/dags/isr_pipeline.py
[2026-04-05T11:48:46.971+0000] {processor.py:830} INFO - Processing file /opt/airflow/dags/isr_pipeline.py for tasks to queue
[2026-04-05T11:48:46.973+0000] {logging_mixin.py:188} INFO - [2026-04-05T11:48:46.972+0000] {dagbag.py:540} INFO - Filling up the DagBag from /opt/airflow/dags/isr_pipeline.py
[2026-04-05T11:48:46.991+0000] {processor.py:840} INFO - DAG(s) 'isr_pipeline' retrieved from /opt/airflow/dags/isr_pipeline.py
[2026-04-05T11:48:47.030+0000] {logging_mixin.py:188} INFO - [2026-04-05T11:48:47.030+0000] {dag.py:3096} INFO - Sync 1 DAGs
[2026-04-05T11:48:47.153+0000] {processor.py:183} INFO - Processing /opt/airflow/dags/isr_pipeline.py took 0.192 seconds
[2026-04-05T11:49:17.302+0000] {processor.py:161} INFO - Started process (PID=58586) to work on /opt/airflow/dags/isr_pipeline.py
[2026-04-05T11:49:17.303+0000] {processor.py:830} INFO - Processing file /opt/airflow/dags/isr_pipeline.py for tasks to queue
[2026-04-05T11:49:17.305+0000] {logging_mixin.py:188} INFO - [2026-04-05T11:49:17.305+0000] {dagbag.py:540} INFO - Filling up the DagBag from /opt/airflow/dags/isr_pipeline.py
[2026-04-05T11:49:17.323+0000] {processor.py:840} INFO - DAG(s) 'isr_pipeline' retrieved from /opt/airflow/dags/isr_pipeline.py
[2026-04-05T11:49:17.361+0000] {logging_mixin.py:188} INFO - [2026-04-05T11:49:17.360+0000] {dag.py:3096} INFO - Sync 1 DAGs
[2026-04-05T11:49:17.405+0000] {processor.py:183} INFO - Processing /opt/airflow/dags/isr_pipeline.py took 0.111 seconds
[2026-04-05T11:49:47.454+0000] {processor.py:161} INFO - Started process (PID=58591) to work on /opt/airflow/dags/isr_pipeline.py
[2026-04-05T11:49:47.456+0000] {processor.py:830} INFO - Processing file /opt/airflow/dags/isr_pipeline.py for tasks to queue
[2026-04-05T11:49:47.458+0000] {logging_mixin.py:188} INFO - [2026-04-05T11:49:47.457+0000] {dagbag.py:540} INFO - Filling up the DagBag from /opt/airflow/dags/isr_pipeline.py
[2026-04-05T11:49:47.475+0000] {processor.py:840} INFO - DAG(s) 'isr_pipeline' retrieved from /opt/airflow/dags/isr_pipeline.py
[2026-04-05T11:49:47.512+0000] {logging_mixin.py:188} INFO - [2026-04-05T11:49:47.512+0000] {dag.py:3096} INFO - Sync 1 DAGs
[2026-04-05T11:49:47.554+0000] {processor.py:183} INFO - Processing /opt/airflow/dags/isr_pipeline.py took 0.108 seconds
[2026-04-05T11:50:17.778+0000] {processor.py:161} INFO - Started process (PID=58596) to work on /opt/airflow/dags/isr_pipeline.py
[2026-04-05T11:50:17.779+0000] {processor.py:830} INFO - Processing file /opt/airflow/dags/isr_pipeline.py for tasks to queue
[2026-04-05T11:50:17.781+0000] {logging_mixin.py:188} INFO - [2026-04-05T11:50:17.780+0000] {dagbag.py:540} INFO - Filling up the DagBag from /opt/airflow/dags/isr_pipeline.py
[2026-04-05T11:50:17.798+0000] {processor.py:840} INFO - DAG(s) 'isr_pipeline' retrieved from /opt/airflow/dags/isr_pipeline.py
[2026-04-05T11:50:17.833+0000] {logging_mixin.py:188} INFO - [2026-04-05T11:50:17.833+0000] {dag.py:3096} INFO - Sync 1 DAGs
[2026-04-05T11:50:17.876+0000] {processor.py:183} INFO - Processing /opt/airflow/dags/isr_pipeline.py took 0.106 seconds
[2026-04-05T11:50:47.984+0000] {processor.py:161} INFO - Started process (PID=58601) to work on /opt/airflow/dags/isr_pipeline.py
[2026-04-05T11:50:47.985+0000] {processor.py:830} INFO - Processing file /opt/airflow/dags/isr_pipeline.py for tasks to queue
[2026-04-05T11:50:47.987+0000] {logging_mixin.py:188} INFO - [2026-04-05T11:50:47.986+0000] {dagbag.py:540} INFO - Filling up the DagBag from /opt/airflow/dags/isr_pipeline.py
[2026-04-05T11:50:48.004+0000] {processor.py:840} INFO - DAG(s) 'isr_pipeline' retrieved from /opt/airflow/dags/isr_pipeline.py
[2026-04-05T11:50:48.043+0000] {logging_mixin.py:188} INFO - [2026-04-05T11:50:48.043+0000] {dag.py:3096} INFO - Sync 1 DAGs
[2026-04-05T11:50:48.085+0000] {processor.py:183} INFO - Processing /opt/airflow/dags/isr_pipeline.py took 0.108 seconds
[2026-04-05T11:51:18.177+0000] {processor.py:161} INFO - Started process (PID=58606) to work on /opt/airflow/dags/isr_pipeline.py
[2026-04-05T11:51:18.178+0000] {processor.py:830} INFO - Processing file /opt/airflow/dags/isr_pipeline.py for tasks to queue
[2026-04-05T11:51:18.180+0000] {logging_mixin.py:188} INFO - [2026-04-05T11:51:18.179+0000] {dagbag.py:540} INFO - Filling up the DagBag from /opt/airflow/dags/isr_pipeline.py
[2026-04-05T11:51:18.197+0000] {processor.py:840} INFO - DAG(s) 'isr_pipeline' retrieved from /opt/airflow/dags/isr_pipeline.py
[2026-04-05T11:51:18.233+0000] {logging_mixin.py:188} INFO - [2026-04-05T11:51:18.232+0000] {dag.py:3096} INFO - Sync 1 DAGs
[2026-04-05T11:51:18.273+0000] {processor.py:183} INFO - Processing /opt/airflow/dags/isr_pipeline.py took 0.106 seconds
[2026-04-05T11:51:48.383+0000] {processor.py:161} INFO - Started process (PID=58611) to work on /opt/airflow/dags/isr_pipeline.py
[2026-04-05T11:51:48.385+0000] {processor.py:830} INFO - Processing file /opt/airflow/dags/isr_pipeline.py for tasks to queue
[2026-04-05T11:51:48.387+0000] {logging_mixin.py:188} INFO - [2026-04-05T11:51:48.386+0000] {dagbag.py:540} INFO - Filling up the DagBag from /opt/airflow/dags/isr_pipeline.py
[2026-04-05T11:51:48.406+0000] {processor.py:840} INFO - DAG(s) 'isr_pipeline' retrieved from /opt/airflow/dags/isr_pipeline.py
[2026-04-05T11:51:48.444+0000] {logging_mixin.py:188} INFO - [2026-04-05T11:51:48.444+0000] {dag.py:3096} INFO - Sync 1 DAGs
[2026-04-05T11:51:48.486+0000] {processor.py:183} INFO - Processing /opt/airflow/dags/isr_pipeline.py took 0.111 seconds
[2026-04-05T11:52:18.631+0000] {processor.py:161} INFO - Started process (PID=58616) to work on /opt/airflow/dags/isr_pipeline.py
[2026-04-05T11:52:18.632+0000] {processor.py:830} INFO - Processing file /opt/airflow/dags/isr_pipeline.py for tasks to queue
[2026-04-05T11:52:18.634+0000] {logging_mixin.py:188} INFO - [2026-04-05T11:52:18.633+0000] {dagbag.py:540} INFO - Filling up the DagBag from /opt/airflow/dags/isr_pipeline.py
[2026-04-05T11:52:18.651+0000] {processor.py:840} INFO - DAG(s) 'isr_pipeline' retrieved from /opt/airflow/dags/isr_pipeline.py
[2026-04-05T11:52:18.686+0000] {logging_mixin.py:188} INFO - [2026-04-05T11:52:18.686+0000] {dag.py:3096} INFO - Sync 1 DAGs
[2026-04-05T11:52:18.727+0000] {processor.py:183} INFO - Processing /opt/airflow/dags/isr_pipeline.py took 0.104 seconds
[2026-04-05T11:52:48.803+0000] {processor.py:161} INFO - Started process (PID=58621) to work on /opt/airflow/dags/isr_pipeline.py
[2026-04-05T11:52:48.804+0000] {processor.py:830} INFO - Processing file /opt/airflow/dags/isr_pipeline.py for tasks to queue
[2026-04-05T11:52:48.806+0000] {logging_mixin.py:188} INFO - [2026-04-05T11:52:48.805+0000] {dagbag.py:540} INFO - Filling up the DagBag from /opt/airflow/dags/isr_pipeline.py
[2026-04-05T11:52:48.824+0000] {processor.py:840} INFO - DAG(s) 'isr_pipeline' retrieved from /opt/airflow/dags/isr_pipeline.py
[2026-04-05T11:52:48.862+0000] {logging_mixin.py:188} INFO - [2026-04-05T11:52:48.862+0000] {dag.py:3096} INFO - Sync 1 DAGs
[2026-04-05T11:52:48.903+0000] {processor.py:183} INFO - Processing /opt/airflow/dags/isr_pipeline.py took 0.108 seconds
[2026-04-05T11:53:19.062+0000] {processor.py:161} INFO - Started process (PID=58626) to work on /opt/airflow/dags/isr_pipeline.py
[2026-04-05T11:53:19.063+0000] {processor.py:830} INFO - Processing file /opt/airflow/dags/isr_pipeline.py for tasks to queue
[2026-04-05T11:53:19.065+0000] {logging_mixin.py:188} INFO - [2026-04-05T11:53:19.064+0000] {dagbag.py:540} INFO - Filling up the DagBag from /opt/airflow/dags/isr_pipeline.py
[2026-04-05T11:53:19.082+0000] {processor.py:840} INFO - DAG(s) 'isr_pipeline' retrieved from /opt/airflow/dags/isr_pipeline.py
[2026-04-05T11:53:19.118+0000] {logging_mixin.py:188} INFO - [2026-04-05T11:53:19.117+0000] {dag.py:3096} INFO - Sync 1 DAGs
[2026-04-05T11:53:19.162+0000] {processor.py:183} INFO - Processing /opt/airflow/dags/isr_pipeline.py took 0.108 seconds
[2026-04-05T11:53:49.232+0000] {processor.py:161} INFO - Started process (PID=58631) to work on /opt/airflow/dags/isr_pipeline.py
[2026-04-05T11:53:49.233+0000] {processor.py:830} INFO - Processing file /opt/airflow/dags/isr_pipeline.py for tasks to queue
[2026-04-05T11:53:49.235+0000] {logging_mixin.py:188} INFO - [2026-04-05T11:53:49.234+0000] {dagbag.py:540} INFO - Filling up the DagBag from /opt/airflow/dags/isr_pipeline.py
[2026-04-05T11:53:49.252+0000] {processor.py:840} INFO - DAG(s) 'isr_pipeline' retrieved from /opt/airflow/dags/isr_pipeline.py
[2026-04-05T11:53:49.289+0000] {logging_mixin.py:188} INFO - [2026-04-05T11:53:49.289+0000] {dag.py:3096} INFO - Sync 1 DAGs
[2026-04-05T11:53:49.332+0000] {processor.py:183} INFO - Processing /opt/airflow/dags/isr_pipeline.py took 0.108 seconds
[2026-04-05T11:54:19.464+0000] {processor.py:161} INFO - Started process (PID=58636) to work on /opt/airflow/dags/isr_pipeline.py
[2026-04-05T11:54:19.465+0000] {processor.py:830} INFO - Processing file /opt/airflow/dags/isr_pipeline.py for tasks to queue
[2026-04-05T11:54:19.466+0000] {logging_mixin.py:188} INFO - [2026-04-05T11:54:19.466+0000] {dagbag.py:540} INFO - Filling up the DagBag from /opt/airflow/dags/isr_pipeline.py
[2026-04-05T11:54:19.484+0000] {processor.py:840} INFO - DAG(s) 'isr_pipeline' retrieved from /opt/airflow/dags/isr_pipeline.py
[2026-04-05T11:54:19.520+0000] {logging_mixin.py:188} INFO - [2026-04-05T11:54:19.519+0000] {dag.py:3096} INFO - Sync 1 DAGs
[2026-04-05T11:54:19.562+0000] {processor.py:183} INFO - Processing /opt/airflow/dags/isr_pipeline.py took 0.107 seconds
[2026-04-05T11:54:49.624+0000] {processor.py:161} INFO - Started process (PID=58641) to work on /opt/airflow/dags/isr_pipeline.py
[2026-04-05T11:54:49.625+0000] {processor.py:830} INFO - Processing file /opt/airflow/dags/isr_pipeline.py for tasks to queue
[2026-04-05T11:54:49.627+0000] {logging_mixin.py:188} INFO - [2026-04-05T11:54:49.627+0000] {dagbag.py:540} INFO - Filling up the DagBag from /opt/airflow/dags/isr_pipeline.py
[2026-04-05T11:54:49.646+0000] {processor.py:840} INFO - DAG(s) 'isr_pipeline' retrieved from /opt/airflow/dags/isr_pipeline.py
[2026-04-05T11:54:49.682+0000] {logging_mixin.py:188} INFO - [2026-04-05T11:54:49.682+0000] {dag.py:3096} INFO - Sync 1 DAGs
[2026-04-05T11:54:49.725+0000] {processor.py:183} INFO - Processing /opt/airflow/dags/isr_pipeline.py took 0.109 seconds
[2026-04-05T11:55:19.885+0000] {processor.py:161} INFO - Started process (PID=58646) to work on /opt/airflow/dags/isr_pipeline.py
[2026-04-05T11:55:19.886+0000] {processor.py:830} INFO - Processing file /opt/airflow/dags/isr_pipeline.py for tasks to queue
[2026-04-05T11:55:19.887+0000] {logging_mixin.py:188} INFO - [2026-04-05T11:55:19.887+0000] {dagbag.py:540} INFO - Filling up the DagBag from /opt/airflow/dags/isr_pipeline.py
[2026-04-05T11:55:19.905+0000] {processor.py:840} INFO - DAG(s) 'isr_pipeline' retrieved from /opt/airflow/dags/isr_pipeline.py
[2026-04-05T11:55:19.940+0000] {logging_mixin.py:188} INFO - [2026-04-05T11:55:19.940+0000] {dag.py:3096} INFO - Sync 1 DAGs
[2026-04-05T11:55:19.981+0000] {processor.py:183} INFO - Processing /opt/airflow/dags/isr_pipeline.py took 0.103 seconds
[2026-04-05T11:55:50.065+0000] {processor.py:161} INFO - Started process (PID=58651) to work on /opt/airflow/dags/isr_pipeline.py
[2026-04-05T11:55:50.066+0000] {processor.py:830} INFO - Processing file /opt/airflow/dags/isr_pipeline.py for tasks to queue
[2026-04-05T11:55:50.068+0000] {logging_mixin.py:188} INFO - [2026-04-05T11:55:50.067+0000] {dagbag.py:540} INFO - Filling up the DagBag from /opt/airflow/dags/isr_pipeline.py
[2026-04-05T11:55:50.085+0000] {processor.py:840} INFO - DAG(s) 'isr_pipeline' retrieved from /opt/airflow/dags/isr_pipeline.py
[2026-04-05T11:55:50.123+0000] {logging_mixin.py:188} INFO - [2026-04-05T11:55:50.123+0000] {dag.py:3096} INFO - Sync 1 DAGs
[2026-04-05T11:55:50.165+0000] {processor.py:183} INFO - Processing /opt/airflow/dags/isr_pipeline.py took 0.108 seconds
[2026-04-05T11:56:20.261+0000] {processor.py:161} INFO - Started process (PID=58656) to work on /opt/airflow/dags/isr_pipeline.py
[2026-04-05T11:56:20.262+0000] {processor.py:830} INFO - Processing file /opt/airflow/dags/isr_pipeline.py for tasks to queue
[2026-04-05T11:56:20.264+0000] {logging_mixin.py:188} INFO - [2026-04-05T11:56:20.263+0000] {dagbag.py:540} INFO - Filling up the DagBag from /opt/airflow/dags/isr_pipeline.py
[2026-04-05T11:56:20.281+0000] {processor.py:840} INFO - DAG(s) 'isr_pipeline' retrieved from /opt/airflow/dags/isr_pipeline.py
[2026-04-05T11:56:20.318+0000] {logging_mixin.py:188} INFO - [2026-04-05T11:56:20.317+0000] {dag.py:3096} INFO - Sync 1 DAGs
[2026-04-05T11:56:20.361+0000] {processor.py:183} INFO - Processing /opt/airflow/dags/isr_pipeline.py took 0.109 seconds
[2026-04-05T11:56:50.501+0000] {processor.py:161} INFO - Started process (PID=58661) to work on /opt/airflow/dags/isr_pipeline.py
[2026-04-05T11:56:50.502+0000] {processor.py:830} INFO - Processing file /opt/airflow/dags/isr_pipeline.py for tasks to queue
[2026-04-05T11:56:50.503+0000] {logging_mixin.py:188} INFO - [2026-04-05T11:56:50.503+0000] {dagbag.py:540} INFO - Filling up the DagBag from /opt/airflow/dags/isr_pipeline.py
[2026-04-05T11:56:50.520+0000] {processor.py:840} INFO - DAG(s) 'isr_pipeline' retrieved from /opt/airflow/dags/isr_pipeline.py
[2026-04-05T11:56:50.556+0000] {logging_mixin.py:188} INFO - [2026-04-05T11:56:50.556+0000] {dag.py:3096} INFO - Sync 1 DAGs
[2026-04-05T11:56:50.598+0000] {processor.py:183} INFO - Processing /opt/airflow/dags/isr_pipeline.py took 0.105 seconds
[2026-04-05T11:57:20.702+0000] {processor.py:161} INFO - Started process (PID=58666) to work on /opt/airflow/dags/isr_pipeline.py
[2026-04-05T11:57:20.704+0000] {processor.py:830} INFO - Processing file /opt/airflow/dags/isr_pipeline.py for tasks to queue
[2026-04-05T11:57:20.705+0000] {logging_mixin.py:188} INFO - [2026-04-05T11:57:20.705+0000] {dagbag.py:540} INFO - Filling up the DagBag from /opt/airflow/dags/isr_pipeline.py
[2026-04-05T11:57:20.723+0000] {processor.py:840} INFO - DAG(s) 'isr_pipeline' retrieved from /opt/airflow/dags/isr_pipeline.py
[2026-04-05T11:57:20.759+0000] {logging_mixin.py:188} INFO - [2026-04-05T11:57:20.759+0000] {dag.py:3096} INFO - Sync 1 DAGs
[2026-04-05T11:57:20.804+0000] {processor.py:183} INFO - Processing /opt/airflow/dags/isr_pipeline.py took 0.110 seconds
[2026-04-05T11:57:50.935+0000] {processor.py:161} INFO - Started process (PID=58671) to work on /opt/airflow/dags/isr_pipeline.py
[2026-04-05T11:57:50.936+0000] {processor.py:830} INFO - Processing file /opt/airflow/dags/isr_pipeline.py for tasks to queue
[2026-04-05T11:57:50.938+0000] {logging_mixin.py:188} INFO - [2026-04-05T11:57:50.938+0000] {dagbag.py:540} INFO - Filling up the DagBag from /opt/airflow/dags/isr_pipeline.py
[2026-04-05T11:57:50.955+0000] {processor.py:840} INFO - DAG(s) 'isr_pipeline' retrieved from /opt/airflow/dags/isr_pipeline.py
[2026-04-05T11:57:50.992+0000] {logging_mixin.py:188} INFO - [2026-04-05T11:57:50.991+0000] {dag.py:3096} INFO - Sync 1 DAGs
[2026-04-05T11:57:51.034+0000] {processor.py:183} INFO - Processing /opt/airflow/dags/isr_pipeline.py took 0.106 seconds
[2026-04-05T11:58:21.108+0000] {processor.py:161} INFO - Started process (PID=58676) to work on /opt/airflow/dags/isr_pipeline.py
[2026-04-05T11:58:21.110+0000] {processor.py:830} INFO - Processing file /opt/airflow/dags/isr_pipeline.py for tasks to queue
[2026-04-05T11:58:21.111+0000] {logging_mixin.py:188} INFO - [2026-04-05T11:58:21.111+0000] {dagbag.py:540} INFO - Filling up the DagBag from /opt/airflow/dags/isr_pipeline.py
[2026-04-05T11:58:21.129+0000] {processor.py:840} INFO - DAG(s) 'isr_pipeline' retrieved from /opt/airflow/dags/isr_pipeline.py
[2026-04-05T11:58:21.167+0000] {logging_mixin.py:188} INFO - [2026-04-05T11:58:21.167+0000] {dag.py:3096} INFO - Sync 1 DAGs
[2026-04-05T11:58:21.208+0000] {processor.py:183} INFO - Processing /opt/airflow/dags/isr_pipeline.py took 0.108 seconds
[2026-04-05T11:58:51.372+0000] {processor.py:161} INFO - Started process (PID=58681) to work on /opt/airflow/dags/isr_pipeline.py
[2026-04-05T11:58:51.374+0000] {processor.py:830} INFO - Processing file /opt/airflow/dags/isr_pipeline.py for tasks to queue
[2026-04-05T11:58:51.376+0000] {logging_mixin.py:188} INFO - [2026-04-05T11:58:51.375+0000] {dagbag.py:540} INFO - Filling up the DagBag from /opt/airflow/dags/isr_pipeline.py
[2026-04-05T11:58:51.395+0000] {processor.py:840} INFO - DAG(s) 'isr_pipeline' retrieved from /opt/airflow/dags/isr_pipeline.py
[2026-04-05T11:58:51.433+0000] {logging_mixin.py:188} INFO - [2026-04-05T11:58:51.433+0000] {dag.py:3096} INFO - Sync 1 DAGs
[2026-04-05T11:58:51.479+0000] {processor.py:183} INFO - Processing /opt/airflow/dags/isr_pipeline.py took 0.116 seconds
[2026-04-05T11:59:21.533+0000] {processor.py:161} INFO - Started process (PID=58686) to work on /opt/airflow/dags/isr_pipeline.py
[2026-04-05T11:59:21.534+0000] {processor.py:830} INFO - Processing file /opt/airflow/dags/isr_pipeline.py for tasks to queue
[2026-04-05T11:59:21.536+0000] {logging_mixin.py:188} INFO - [2026-04-05T11:59:21.535+0000] {dagbag.py:540} INFO - Filling up the DagBag from /opt/airflow/dags/isr_pipeline.py
[2026-04-05T11:59:21.554+0000] {processor.py:840} INFO - DAG(s) 'isr_pipeline' retrieved from /opt/airflow/dags/isr_pipeline.py
[2026-04-05T11:59:21.593+0000] {logging_mixin.py:188} INFO - [2026-04-05T11:59:21.593+0000] {dag.py:3096} INFO - Sync 1 DAGs
[2026-04-05T11:59:21.634+0000] {processor.py:183} INFO - Processing /opt/airflow/dags/isr_pipeline.py took 0.112 seconds
[2026-04-05T11:59:51.809+0000] {processor.py:161} INFO - Started process (PID=58691) to work on /opt/airflow/dags/isr_pipeline.py
[2026-04-05T11:59:51.810+0000] {processor.py:830} INFO - Processing file /opt/airflow/dags/isr_pipeline.py for tasks to queue
[2026-04-05T11:59:51.812+0000] {logging_mixin.py:188} INFO - [2026-04-05T11:59:51.811+0000] {dagbag.py:540} INFO - Filling up the DagBag from /opt/airflow/dags/isr_pipeline.py
[2026-04-05T11:59:51.830+0000] {processor.py:840} INFO - DAG(s) 'isr_pipeline' retrieved from /opt/airflow/dags/isr_pipeline.py
[2026-04-05T11:59:51.865+0000] {logging_mixin.py:188} INFO - [2026-04-05T11:59:51.865+0000] {dag.py:3096} INFO - Sync 1 DAGs
[2026-04-05T11:59:51.907+0000] {processor.py:183} INFO - Processing /opt/airflow/dags/isr_pipeline.py took 0.105 seconds
[2026-04-05T12:00:21.969+0000] {processor.py:161} INFO - Started process (PID=58696) to work on /opt/airflow/dags/isr_pipeline.py
[2026-04-05T12:00:21.970+0000] {processor.py:830} INFO - Processing file /opt/airflow/dags/isr_pipeline.py for tasks to queue
[2026-04-05T12:00:21.971+0000] {logging_mixin.py:188} INFO - [2026-04-05T12:00:21.971+0000] {dagbag.py:540} INFO - Filling up the DagBag from /opt/airflow/dags/isr_pipeline.py
[2026-04-05T12:00:21.989+0000] {processor.py:840} INFO - DAG(s) 'isr_pipeline' retrieved from /opt/airflow/dags/isr_pipeline.py
[2026-04-05T12:00:22.027+0000] {logging_mixin.py:188} INFO - [2026-04-05T12:00:22.027+0000] {dag.py:3096} INFO - Sync 1 DAGs
[2026-04-05T12:00:22.074+0000] {processor.py:183} INFO - Processing /opt/airflow/dags/isr_pipeline.py took 0.113 seconds
[2026-04-05T12:00:52.282+0000] {processor.py:161} INFO - Started process (PID=58701) to work on /opt/airflow/dags/isr_pipeline.py
[2026-04-05T12:00:52.283+0000] {processor.py:830} INFO - Processing file /opt/airflow/dags/isr_pipeline.py for tasks to queue
[2026-04-05T12:00:52.285+0000] {logging_mixin.py:188} INFO - [2026-04-05T12:00:52.284+0000] {dagbag.py:540} INFO - Filling up the DagBag from /opt/airflow/dags/isr_pipeline.py
[2026-04-05T12:00:52.302+0000] {processor.py:840} INFO - DAG(s) 'isr_pipeline' retrieved from /opt/airflow/dags/isr_pipeline.py
[2026-04-05T12:00:52.338+0000] {logging_mixin.py:188} INFO - [2026-04-05T12:00:52.338+0000] {dag.py:3096} INFO - Sync 1 DAGs
[2026-04-05T12:00:52.379+0000] {processor.py:183} INFO - Processing /opt/airflow/dags/isr_pipeline.py took 0.105 seconds
[2026-04-05T12:01:22.446+0000] {processor.py:161} INFO - Started process (PID=58706) to work on /opt/airflow/dags/isr_pipeline.py
[2026-04-05T12:01:22.447+0000] {processor.py:830} INFO - Processing file /opt/airflow/dags/isr_pipeline.py for tasks to queue
[2026-04-05T12:01:22.449+0000] {logging_mixin.py:188} INFO - [2026-04-05T12:01:22.448+0000] {dagbag.py:540} INFO - Filling up the DagBag from /opt/airflow/dags/isr_pipeline.py
[2026-04-05T12:01:22.466+0000] {processor.py:840} INFO - DAG(s) 'isr_pipeline' retrieved from /opt/airflow/dags/isr_pipeline.py
[2026-04-05T12:01:22.503+0000] {logging_mixin.py:188} INFO - [2026-04-05T12:01:22.503+0000] {dag.py:3096} INFO - Sync 1 DAGs
[2026-04-05T12:01:22.546+0000] {processor.py:183} INFO - Processing /opt/airflow/dags/isr_pipeline.py took 0.109 seconds
[2026-04-05T12:01:52.707+0000] {processor.py:161} INFO - Started process (PID=58711) to work on /opt/airflow/dags/isr_pipeline.py
[2026-04-05T12:01:52.708+0000] {processor.py:830} INFO - Processing file /opt/airflow/dags/isr_pipeline.py for tasks to queue
[2026-04-05T12:01:52.710+0000] {logging_mixin.py:188} INFO - [2026-04-05T12:01:52.709+0000] {dagbag.py:540} INFO - Filling up the DagBag from /opt/airflow/dags/isr_pipeline.py
[2026-04-05T12:01:52.727+0000] {processor.py:840} INFO - DAG(s) 'isr_pipeline' retrieved from /opt/airflow/dags/isr_pipeline.py
[2026-04-05T12:01:52.762+0000] {logging_mixin.py:188} INFO - [2026-04-05T12:01:52.762+0000] {dag.py:3096} INFO - Sync 1 DAGs
[2026-04-05T12:01:52.803+0000] {processor.py:183} INFO - Processing /opt/airflow/dags/isr_pipeline.py took 0.104 seconds
[2026-04-05T12:02:22.883+0000] {processor.py:161} INFO - Started process (PID=58716) to work on /opt/airflow/dags/isr_pipeline.py
[2026-04-05T12:02:22.884+0000] {processor.py:830} INFO - Processing file /opt/airflow/dags/isr_pipeline.py for tasks to queue
[2026-04-05T12:02:22.885+0000] {logging_mixin.py:188} INFO - [2026-04-05T12:02:22.885+0000] {dagbag.py:540} INFO - Filling up the DagBag from /opt/airflow/dags/isr_pipeline.py
[2026-04-05T12:02:22.902+0000] {processor.py:840} INFO - DAG(s) 'isr_pipeline' retrieved from /opt/airflow/dags/isr_pipeline.py
[2026-04-05T12:02:22.940+0000] {logging_mixin.py:188} INFO - [2026-04-05T12:02:22.939+0000] {dag.py:3096} INFO - Sync 1 DAGs
[2026-04-05T12:02:22.980+0000] {processor.py:183} INFO - Processing /opt/airflow/dags/isr_pipeline.py took 0.105 seconds
[2026-04-05T12:02:53.179+0000] {processor.py:161} INFO - Started process (PID=58721) to work on /opt/airflow/dags/isr_pipeline.py
[2026-04-05T12:02:53.180+0000] {processor.py:830} INFO - Processing file /opt/airflow/dags/isr_pipeline.py for tasks to queue
[2026-04-05T12:02:53.182+0000] {logging_mixin.py:188} INFO - [2026-04-05T12:02:53.182+0000] {dagbag.py:540} INFO - Filling up the DagBag from /opt/airflow/dags/isr_pipeline.py
[2026-04-05T12:02:53.200+0000] {processor.py:840} INFO - DAG(s) 'isr_pipeline' retrieved from /opt/airflow/dags/isr_pipeline.py
[2026-04-05T12:02:53.236+0000] {logging_mixin.py:188} INFO - [2026-04-05T12:02:53.236+0000] {dag.py:3096} INFO - Sync 1 DAGs
[2026-04-05T12:02:53.278+0000] {processor.py:183} INFO - Processing /opt/airflow/dags/isr_pipeline.py took 0.107 seconds
[2026-04-05T12:03:23.363+0000] {processor.py:161} INFO - Started process (PID=58726) to work on /opt/airflow/dags/isr_pipeline.py
[2026-04-05T12:03:23.365+0000] {processor.py:830} INFO - Processing file /opt/airflow/dags/isr_pipeline.py for tasks to queue
[2026-04-05T12:03:23.366+0000] {logging_mixin.py:188} INFO - [2026-04-05T12:03:23.366+0000] {dagbag.py:540} INFO - Filling up the DagBag from /opt/airflow/dags/isr_pipeline.py
[2026-04-05T12:03:23.387+0000] {processor.py:840} INFO - DAG(s) 'isr_pipeline' retrieved from /opt/airflow/dags/isr_pipeline.py
[2026-04-05T12:03:23.425+0000] {logging_mixin.py:188} INFO - [2026-04-05T12:03:23.425+0000] {dag.py:3096} INFO - Sync 1 DAGs
[2026-04-05T12:03:23.476+0000] {processor.py:183} INFO - Processing /opt/airflow/dags/isr_pipeline.py took 0.122 seconds
[2026-04-05T12:03:53.648+0000] {processor.py:161} INFO - Started process (PID=58731) to work on /opt/airflow/dags/isr_pipeline.py
[2026-04-05T12:03:53.649+0000] {processor.py:830} INFO - Processing file /opt/airflow/dags/isr_pipeline.py for tasks to queue
[2026-04-05T12:03:53.651+0000] {logging_mixin.py:188} INFO - [2026-04-05T12:03:53.650+0000] {dagbag.py:540} INFO - Filling up the DagBag from /opt/airflow/dags/isr_pipeline.py
[2026-04-05T12:03:53.669+0000] {processor.py:840} INFO - DAG(s) 'isr_pipeline' retrieved from /opt/airflow/dags/isr_pipeline.py
[2026-04-05T12:03:53.704+0000] {logging_mixin.py:188} INFO - [2026-04-05T12:03:53.704+0000] {dag.py:3096} INFO - Sync 1 DAGs
[2026-04-05T12:03:53.745+0000] {processor.py:183} INFO - Processing /opt/airflow/dags/isr_pipeline.py took 0.105 seconds
[2026-04-05T12:04:24.277+0000] {processor.py:161} INFO - Started process (PID=58736) to work on /opt/airflow/dags/isr_pipeline.py
[2026-04-05T12:04:24.278+0000] {processor.py:830} INFO - Processing file /opt/airflow/dags/isr_pipeline.py for tasks to queue
[2026-04-05T12:04:24.280+0000] {logging_mixin.py:188} INFO - [2026-04-05T12:04:24.279+0000] {dagbag.py:540} INFO - Filling up the DagBag from /opt/airflow/dags/isr_pipeline.py
[2026-04-05T12:04:24.297+0000] {processor.py:840} INFO - DAG(s) 'isr_pipeline' retrieved from /opt/airflow/dags/isr_pipeline.py
[2026-04-05T12:04:24.333+0000] {logging_mixin.py:188} INFO - [2026-04-05T12:04:24.333+0000] {dag.py:3096} INFO - Sync 1 DAGs
[2026-04-05T12:04:24.374+0000] {processor.py:183} INFO - Processing /opt/airflow/dags/isr_pipeline.py took 0.105 seconds
[2026-04-05T12:04:54.442+0000] {processor.py:161} INFO - Started process (PID=58741) to work on /opt/airflow/dags/isr_pipeline.py
[2026-04-05T12:04:54.444+0000] {processor.py:830} INFO - Processing file /opt/airflow/dags/isr_pipeline.py for tasks to queue
[2026-04-05T12:04:54.445+0000] {logging_mixin.py:188} INFO - [2026-04-05T12:04:54.445+0000] {dagbag.py:540} INFO - Filling up the DagBag from /opt/airflow/dags/isr_pipeline.py
[2026-04-05T12:04:54.464+0000] {processor.py:840} INFO - DAG(s) 'isr_pipeline' retrieved from /opt/airflow/dags/isr_pipeline.py
[2026-04-05T12:04:54.501+0000] {logging_mixin.py:188} INFO - [2026-04-05T12:04:54.501+0000] {dag.py:3096} INFO - Sync 1 DAGs
[2026-04-05T12:04:54.541+0000] {processor.py:183} INFO - Processing /opt/airflow/dags/isr_pipeline.py took 0.108 seconds
[2026-04-05T12:05:24.684+0000] {processor.py:161} INFO - Started process (PID=58746) to work on /opt/airflow/dags/isr_pipeline.py
[2026-04-05T12:05:24.685+0000] {processor.py:830} INFO - Processing file /opt/airflow/dags/isr_pipeline.py for tasks to queue
[2026-04-05T12:05:24.687+0000] {logging_mixin.py:188} INFO - [2026-04-05T12:05:24.687+0000] {dagbag.py:540} INFO - Filling up the DagBag from /opt/airflow/dags/isr_pipeline.py
[2026-04-05T12:05:24.705+0000] {processor.py:840} INFO - DAG(s) 'isr_pipeline' retrieved from /opt/airflow/dags/isr_pipeline.py
[2026-04-05T12:05:24.740+0000] {logging_mixin.py:188} INFO - [2026-04-05T12:05:24.740+0000] {dag.py:3096} INFO - Sync 1 DAGs
[2026-04-05T12:05:24.781+0000] {processor.py:183} INFO - Processing /opt/airflow/dags/isr_pipeline.py took 0.106 seconds
[2026-04-05T12:05:54.896+0000] {processor.py:161} INFO - Started process (PID=58751) to work on /opt/airflow/dags/isr_pipeline.py
[2026-04-05T12:05:54.898+0000] {processor.py:830} INFO - Processing file /opt/airflow/dags/isr_pipeline.py for tasks to queue
[2026-04-05T12:05:54.900+0000] {logging_mixin.py:188} INFO - [2026-04-05T12:05:54.899+0000] {dagbag.py:540} INFO - Filling up the DagBag from /opt/airflow/dags/isr_pipeline.py
[2026-04-05T12:05:54.917+0000] {processor.py:840} INFO - DAG(s) 'isr_pipeline' retrieved from /opt/airflow/dags/isr_pipeline.py
[2026-04-05T12:05:54.954+0000] {logging_mixin.py:188} INFO - [2026-04-05T12:05:54.953+0000] {dag.py:3096} INFO - Sync 1 DAGs
[2026-04-05T12:05:54.996+0000] {processor.py:183} INFO - Processing /opt/airflow/dags/isr_pipeline.py took 0.109 seconds
[2026-04-05T12:06:25.114+0000] {processor.py:161} INFO - Started process (PID=58756) to work on /opt/airflow/dags/isr_pipeline.py
[2026-04-05T12:06:25.115+0000] {processor.py:830} INFO - Processing file /opt/airflow/dags/isr_pipeline.py for tasks to queue
[2026-04-05T12:06:25.116+0000] {logging_mixin.py:188} INFO - [2026-04-05T12:06:25.116+0000] {dagbag.py:540} INFO - Filling up the DagBag from /opt/airflow/dags/isr_pipeline.py
[2026-04-05T12:06:25.134+0000] {processor.py:840} INFO - DAG(s) 'isr_pipeline' retrieved from /opt/airflow/dags/isr_pipeline.py
[2026-04-05T12:06:25.170+0000] {logging_mixin.py:188} INFO - [2026-04-05T12:06:25.170+0000] {dag.py:3096} INFO - Sync 1 DAGs
[2026-04-05T12:06:25.211+0000] {processor.py:183} INFO - Processing /opt/airflow/dags/isr_pipeline.py took 0.105 seconds
[2026-04-05T12:06:55.379+0000] {processor.py:161} INFO - Started process (PID=58761) to work on /opt/airflow/dags/isr_pipeline.py
[2026-04-05T12:06:55.381+0000] {processor.py:830} INFO - Processing file /opt/airflow/dags/isr_pipeline.py for tasks to queue
[2026-04-05T12:06:55.382+0000] {logging_mixin.py:188} INFO - [2026-04-05T12:06:55.382+0000] {dagbag.py:540} INFO - Filling up the DagBag from /opt/airflow/dags/isr_pipeline.py
[2026-04-05T12:06:55.400+0000] {processor.py:840} INFO - DAG(s) 'isr_pipeline' retrieved from /opt/airflow/dags/isr_pipeline.py
[2026-04-05T12:06:55.435+0000] {logging_mixin.py:188} INFO - [2026-04-05T12:06:55.435+0000] {dag.py:3096} INFO - Sync 1 DAGs
[2026-04-05T12:06:55.476+0000] {processor.py:183} INFO - Processing /opt/airflow/dags/isr_pipeline.py took 0.105 seconds
[2026-04-05T12:07:25.534+0000] {processor.py:161} INFO - Started process (PID=58766) to work on /opt/airflow/dags/isr_pipeline.py
[2026-04-05T12:07:25.535+0000] {processor.py:830} INFO - Processing file /opt/airflow/dags/isr_pipeline.py for tasks to queue
[2026-04-05T12:07:25.537+0000] {logging_mixin.py:188} INFO - [2026-04-05T12:07:25.537+0000] {dagbag.py:540} INFO - Filling up the DagBag from /opt/airflow/dags/isr_pipeline.py
[2026-04-05T12:07:25.555+0000] {processor.py:840} INFO - DAG(s) 'isr_pipeline' retrieved from /opt/airflow/dags/isr_pipeline.py
[2026-04-05T12:07:25.592+0000] {logging_mixin.py:188} INFO - [2026-04-05T12:07:25.592+0000] {dag.py:3096} INFO - Sync 1 DAGs
[2026-04-05T12:07:25.632+0000] {processor.py:183} INFO - Processing /opt/airflow/dags/isr_pipeline.py took 0.107 seconds
[2026-04-05T12:07:55.809+0000] {processor.py:161} INFO - Started process (PID=58771) to work on /opt/airflow/dags/isr_pipeline.py
[2026-04-05T12:07:55.810+0000] {processor.py:830} INFO - Processing file /opt/airflow/dags/isr_pipeline.py for tasks to queue
[2026-04-05T12:07:55.811+0000] {logging_mixin.py:188} INFO - [2026-04-05T12:07:55.811+0000] {dagbag.py:540} INFO - Filling up the DagBag from /opt/airflow/dags/isr_pipeline.py
[2026-04-05T12:07:55.829+0000] {processor.py:840} INFO - DAG(s) 'isr_pipeline' retrieved from /opt/airflow/dags/isr_pipeline.py
[2026-04-05T12:07:55.867+0000] {logging_mixin.py:188} INFO - [2026-04-05T12:07:55.867+0000] {dag.py:3096} INFO - Sync 1 DAGs
[2026-04-05T12:07:55.910+0000] {processor.py:183} INFO - Processing /opt/airflow/dags/isr_pipeline.py took 0.109 seconds
[2026-04-05T12:08:26.164+0000] {processor.py:161} INFO - Started process (PID=58776) to work on /opt/airflow/dags/isr_pipeline.py
[2026-04-05T12:08:26.166+0000] {processor.py:830} INFO - Processing file /opt/airflow/dags/isr_pipeline.py for tasks to queue
[2026-04-05T12:08:26.167+0000] {logging_mixin.py:188} INFO - [2026-04-05T12:08:26.167+0000] {dagbag.py:540} INFO - Filling up the DagBag from /opt/airflow/dags/isr_pipeline.py
[2026-04-05T12:08:26.185+0000] {processor.py:840} INFO - DAG(s) 'isr_pipeline' retrieved from /opt/airflow/dags/isr_pipeline.py
[2026-04-05T12:08:26.224+0000] {logging_mixin.py:188} INFO - [2026-04-05T12:08:26.224+0000] {dag.py:3096} INFO - Sync 1 DAGs
[2026-04-05T12:08:26.266+0000] {processor.py:183} INFO - Processing /opt/airflow/dags/isr_pipeline.py took 0.110 seconds
[2026-04-05T12:08:56.336+0000] {processor.py:161} INFO - Started process (PID=58781) to work on /opt/airflow/dags/isr_pipeline.py
[2026-04-05T12:08:56.337+0000] {processor.py:830} INFO - Processing file /opt/airflow/dags/isr_pipeline.py for tasks to queue
[2026-04-05T12:08:56.339+0000] {logging_mixin.py:188} INFO - [2026-04-05T12:08:56.339+0000] {dagbag.py:540} INFO - Filling up the DagBag from /opt/airflow/dags/isr_pipeline.py
[2026-04-05T12:08:56.357+0000] {processor.py:840} INFO - DAG(s) 'isr_pipeline' retrieved from /opt/airflow/dags/isr_pipeline.py
[2026-04-05T12:08:56.394+0000] {logging_mixin.py:188} INFO - [2026-04-05T12:08:56.394+0000] {dag.py:3096} INFO - Sync 1 DAGs
[2026-04-05T12:08:56.436+0000] {processor.py:183} INFO - Processing /opt/airflow/dags/isr_pipeline.py took 0.109 seconds
[2026-04-05T12:09:26.633+0000] {processor.py:161} INFO - Started process (PID=58786) to work on /opt/airflow/dags/isr_pipeline.py
[2026-04-05T12:09:26.634+0000] {processor.py:830} INFO - Processing file /opt/airflow/dags/isr_pipeline.py for tasks to queue
[2026-04-05T12:09:26.636+0000] {logging_mixin.py:188} INFO - [2026-04-05T12:09:26.635+0000] {dagbag.py:540} INFO - Filling up the DagBag from /opt/airflow/dags/isr_pipeline.py
[2026-04-05T12:09:26.653+0000] {processor.py:840} INFO - DAG(s) 'isr_pipeline' retrieved from /opt/airflow/dags/isr_pipeline.py
[2026-04-05T12:09:26.688+0000] {logging_mixin.py:188} INFO - [2026-04-05T12:09:26.687+0000] {dag.py:3096} INFO - Sync 1 DAGs
[2026-04-05T12:09:26.728+0000] {processor.py:183} INFO - Processing /opt/airflow/dags/isr_pipeline.py took 0.102 seconds
[2026-04-05T12:09:56.831+0000] {processor.py:161} INFO - Started process (PID=58791) to work on /opt/airflow/dags/isr_pipeline.py
[2026-04-05T12:09:56.832+0000] {processor.py:830} INFO - Processing file /opt/airflow/dags/isr_pipeline.py for tasks to queue
[2026-04-05T12:09:56.834+0000] {logging_mixin.py:188} INFO - [2026-04-05T12:09:56.833+0000] {dagbag.py:540} INFO - Filling up the DagBag from /opt/airflow/dags/isr_pipeline.py
[2026-04-05T12:09:56.852+0000] {processor.py:840} INFO - DAG(s) 'isr_pipeline' retrieved from /opt/airflow/dags/isr_pipeline.py
[2026-04-05T12:09:56.889+0000] {logging_mixin.py:188} INFO - [2026-04-05T12:09:56.889+0000] {dag.py:3096} INFO - Sync 1 DAGs
[2026-04-05T12:09:56.931+0000] {processor.py:183} INFO - Processing /opt/airflow/dags/isr_pipeline.py took 0.109 seconds
[2026-04-05T12:10:27.103+0000] {processor.py:161} INFO - Started process (PID=58796) to work on /opt/airflow/dags/isr_pipeline.py
[2026-04-05T12:10:27.104+0000] {processor.py:830} INFO - Processing file /opt/airflow/dags/isr_pipeline.py for tasks to queue
[2026-04-05T12:10:27.106+0000] {logging_mixin.py:188} INFO - [2026-04-05T12:10:27.105+0000] {dagbag.py:540} INFO - Filling up the DagBag from /opt/airflow/dags/isr_pipeline.py
[2026-04-05T12:10:27.123+0000] {processor.py:840} INFO - DAG(s) 'isr_pipeline' retrieved from /opt/airflow/dags/isr_pipeline.py
[2026-04-05T12:10:27.159+0000] {logging_mixin.py:188} INFO - [2026-04-05T12:10:27.159+0000] {dag.py:3096} INFO - Sync 1 DAGs
[2026-04-05T12:10:27.201+0000] {processor.py:183} INFO - Processing /opt/airflow/dags/isr_pipeline.py took 0.106 seconds
[2026-04-05T12:10:57.291+0000] {processor.py:161} INFO - Started process (PID=58801) to work on /opt/airflow/dags/isr_pipeline.py
[2026-04-05T12:10:57.293+0000] {processor.py:830} INFO - Processing file /opt/airflow/dags/isr_pipeline.py for tasks to queue
[2026-04-05T12:10:57.294+0000] {logging_mixin.py:188} INFO - [2026-04-05T12:10:57.294+0000] {dagbag.py:540} INFO - Filling up the DagBag from /opt/airflow/dags/isr_pipeline.py
[2026-04-05T12:10:57.312+0000] {processor.py:840} INFO - DAG(s) 'isr_pipeline' retrieved from /opt/airflow/dags/isr_pipeline.py
[2026-04-05T12:10:57.348+0000] {logging_mixin.py:188} INFO - [2026-04-05T12:10:57.348+0000] {dag.py:3096} INFO - Sync 1 DAGs
[2026-04-05T12:10:57.390+0000] {processor.py:183} INFO - Processing /opt/airflow/dags/isr_pipeline.py took 0.108 seconds
[2026-04-05T12:11:27.526+0000] {processor.py:161} INFO - Started process (PID=58806) to work on /opt/airflow/dags/isr_pipeline.py
[2026-04-05T12:11:27.528+0000] {processor.py:830} INFO - Processing file /opt/airflow/dags/isr_pipeline.py for tasks to queue
[2026-04-05T12:11:27.529+0000] {logging_mixin.py:188} INFO - [2026-04-05T12:11:27.529+0000] {dagbag.py:540} INFO - Filling up the DagBag from /opt/airflow/dags/isr_pipeline.py
[2026-04-05T12:11:27.547+0000] {processor.py:840} INFO - DAG(s) 'isr_pipeline' retrieved from /opt/airflow/dags/isr_pipeline.py
[2026-04-05T12:11:27.584+0000] {logging_mixin.py:188} INFO - [2026-04-05T12:11:27.584+0000] {dag.py:3096} INFO - Sync 1 DAGs
[2026-04-05T12:11:27.624+0000] {processor.py:183} INFO - Processing /opt/airflow/dags/isr_pipeline.py took 0.106 seconds
[2026-04-05T12:11:57.696+0000] {processor.py:161} INFO - Started process (PID=58811) to work on /opt/airflow/dags/isr_pipeline.py
[2026-04-05T12:11:57.697+0000] {processor.py:830} INFO - Processing file /opt/airflow/dags/isr_pipeline.py for tasks to queue
[2026-04-05T12:11:57.699+0000] {logging_mixin.py:188} INFO - [2026-04-05T12:11:57.698+0000] {dagbag.py:540} INFO - Filling up the DagBag from /opt/airflow/dags/isr_pipeline.py
[2026-04-05T12:11:57.716+0000] {processor.py:840} INFO - DAG(s) 'isr_pipeline' retrieved from /opt/airflow/dags/isr_pipeline.py
[2026-04-05T12:11:57.749+0000] {logging_mixin.py:188} INFO - [2026-04-05T12:11:57.749+0000] {dag.py:3096} INFO - Sync 1 DAGs
[2026-04-05T12:11:57.782+0000] {processor.py:183} INFO - Processing /opt/airflow/dags/isr_pipeline.py took 0.095 seconds
[2026-04-05T12:12:27.946+0000] {processor.py:161} INFO - Started process (PID=58816) to work on /opt/airflow/dags/isr_pipeline.py
[2026-04-05T12:12:27.947+0000] {processor.py:830} INFO - Processing file /opt/airflow/dags/isr_pipeline.py for tasks to queue
[2026-04-05T12:12:27.949+0000] {logging_mixin.py:188} INFO - [2026-04-05T12:12:27.948+0000] {dagbag.py:540} INFO - Filling up the DagBag from /opt/airflow/dags/isr_pipeline.py
[2026-04-05T12:12:27.967+0000] {processor.py:840} INFO - DAG(s) 'isr_pipeline' retrieved from /opt/airflow/dags/isr_pipeline.py
[2026-04-05T12:12:28.003+0000] {logging_mixin.py:188} INFO - [2026-04-05T12:12:28.003+0000] {dag.py:3096} INFO - Sync 1 DAGs
[2026-04-05T12:12:28.049+0000] {processor.py:183} INFO - Processing /opt/airflow/dags/isr_pipeline.py took 0.112 seconds
[2026-04-05T12:12:58.161+0000] {processor.py:161} INFO - Started process (PID=58821) to work on /opt/airflow/dags/isr_pipeline.py
[2026-04-05T12:12:58.163+0000] {processor.py:830} INFO - Processing file /opt/airflow/dags/isr_pipeline.py for tasks to queue
[2026-04-05T12:12:58.164+0000] {logging_mixin.py:188} INFO - [2026-04-05T12:12:58.164+0000] {dagbag.py:540} INFO - Filling up the DagBag from /opt/airflow/dags/isr_pipeline.py
[2026-04-05T12:12:58.181+0000] {processor.py:840} INFO - DAG(s) 'isr_pipeline' retrieved from /opt/airflow/dags/isr_pipeline.py
[2026-04-05T12:12:58.217+0000] {logging_mixin.py:188} INFO - [2026-04-05T12:12:58.217+0000] {dag.py:3096} INFO - Sync 1 DAGs
[2026-04-05T12:12:58.259+0000] {processor.py:183} INFO - Processing /opt/airflow/dags/isr_pipeline.py took 0.107 seconds
[2026-04-05T12:13:28.368+0000] {processor.py:161} INFO - Started process (PID=58826) to work on /opt/airflow/dags/isr_pipeline.py
[2026-04-05T12:13:28.369+0000] {processor.py:830} INFO - Processing file /opt/airflow/dags/isr_pipeline.py for tasks to queue
[2026-04-05T12:13:28.371+0000] {logging_mixin.py:188} INFO - [2026-04-05T12:13:28.371+0000] {dagbag.py:540} INFO - Filling up the DagBag from /opt/airflow/dags/isr_pipeline.py
[2026-04-05T12:13:28.389+0000] {processor.py:840} INFO - DAG(s) 'isr_pipeline' retrieved from /opt/airflow/dags/isr_pipeline.py
[2026-04-05T12:13:28.425+0000] {logging_mixin.py:188} INFO - [2026-04-05T12:13:28.425+0000] {dag.py:3096} INFO - Sync 1 DAGs
[2026-04-05T12:13:28.467+0000] {processor.py:183} INFO - Processing /opt/airflow/dags/isr_pipeline.py took 0.108 seconds
[2026-04-05T12:13:58.594+0000] {processor.py:161} INFO - Started process (PID=58831) to work on /opt/airflow/dags/isr_pipeline.py
[2026-04-05T12:13:58.595+0000] {processor.py:830} INFO - Processing file /opt/airflow/dags/isr_pipeline.py for tasks to queue
[2026-04-05T12:13:58.596+0000] {logging_mixin.py:188} INFO - [2026-04-05T12:13:58.596+0000] {dagbag.py:540} INFO - Filling up the DagBag from /opt/airflow/dags/isr_pipeline.py
[2026-04-05T12:13:58.614+0000] {processor.py:840} INFO - DAG(s) 'isr_pipeline' retrieved from /opt/airflow/dags/isr_pipeline.py
[2026-04-05T12:13:58.650+0000] {logging_mixin.py:188} INFO - [2026-04-05T12:13:58.650+0000] {dag.py:3096} INFO - Sync 1 DAGs
[2026-04-05T12:13:58.691+0000] {processor.py:183} INFO - Processing /opt/airflow/dags/isr_pipeline.py took 0.106 seconds
[2026-04-05T12:14:28.807+0000] {processor.py:161} INFO - Started process (PID=58836) to work on /opt/airflow/dags/isr_pipeline.py
[2026-04-05T12:14:28.808+0000] {processor.py:830} INFO - Processing file /opt/airflow/dags/isr_pipeline.py for tasks to queue
[2026-04-05T12:14:28.810+0000] {logging_mixin.py:188} INFO - [2026-04-05T12:14:28.810+0000] {dagbag.py:540} INFO - Filling up the DagBag from /opt/airflow/dags/isr_pipeline.py
[2026-04-05T12:14:28.828+0000] {processor.py:840} INFO - DAG(s) 'isr_pipeline' retrieved from /opt/airflow/dags/isr_pipeline.py
[2026-04-05T12:14:28.865+0000] {logging_mixin.py:188} INFO - [2026-04-05T12:14:28.865+0000] {dag.py:3096} INFO - Sync 1 DAGs
[2026-04-05T12:14:28.907+0000] {processor.py:183} INFO - Processing /opt/airflow/dags/isr_pipeline.py took 0.108 seconds
[2026-04-05T12:14:59.084+0000] {processor.py:161} INFO - Started process (PID=58841) to work on /opt/airflow/dags/isr_pipeline.py
[2026-04-05T12:14:59.085+0000] {processor.py:830} INFO - Processing file /opt/airflow/dags/isr_pipeline.py for tasks to queue
[2026-04-05T12:14:59.087+0000] {logging_mixin.py:188} INFO - [2026-04-05T12:14:59.086+0000] {dagbag.py:540} INFO - Filling up the DagBag from /opt/airflow/dags/isr_pipeline.py
[2026-04-05T12:14:59.106+0000] {processor.py:840} INFO - DAG(s) 'isr_pipeline' retrieved from /opt/airflow/dags/isr_pipeline.py
[2026-04-05T12:14:59.141+0000] {logging_mixin.py:188} INFO - [2026-04-05T12:14:59.141+0000] {dag.py:3096} INFO - Sync 1 DAGs
[2026-04-05T12:14:59.182+0000] {processor.py:183} INFO - Processing /opt/airflow/dags/isr_pipeline.py took 0.107 seconds
[2026-04-05T12:15:29.239+0000] {processor.py:161} INFO - Started process (PID=58846) to work on /opt/airflow/dags/isr_pipeline.py
[2026-04-05T12:15:29.240+0000] {processor.py:830} INFO - Processing file /opt/airflow/dags/isr_pipeline.py for tasks to queue
[2026-04-05T12:15:29.242+0000] {logging_mixin.py:188} INFO - [2026-04-05T12:15:29.241+0000] {dagbag.py:540} INFO - Filling up the DagBag from /opt/airflow/dags/isr_pipeline.py
[2026-04-05T12:15:29.260+0000] {processor.py:840} INFO - DAG(s) 'isr_pipeline' retrieved from /opt/airflow/dags/isr_pipeline.py
[2026-04-05T12:15:29.297+0000] {logging_mixin.py:188} INFO - [2026-04-05T12:15:29.297+0000] {dag.py:3096} INFO - Sync 1 DAGs
[2026-04-05T12:15:29.337+0000] {processor.py:183} INFO - Processing /opt/airflow/dags/isr_pipeline.py took 0.107 seconds
[2026-04-05T12:15:59.476+0000] {processor.py:161} INFO - Started process (PID=58851) to work on /opt/airflow/dags/isr_pipeline.py
[2026-04-05T12:15:59.477+0000] {processor.py:830} INFO - Processing file /opt/airflow/dags/isr_pipeline.py for tasks to queue
[2026-04-05T12:15:59.479+0000] {logging_mixin.py:188} INFO - [2026-04-05T12:15:59.478+0000] {dagbag.py:540} INFO - Filling up the DagBag from /opt/airflow/dags/isr_pipeline.py
[2026-04-05T12:15:59.496+0000] {processor.py:840} INFO - DAG(s) 'isr_pipeline' retrieved from /opt/airflow/dags/isr_pipeline.py
[2026-04-05T12:15:59.531+0000] {logging_mixin.py:188} INFO - [2026-04-05T12:15:59.531+0000] {dag.py:3096} INFO - Sync 1 DAGs
[2026-04-05T12:15:59.574+0000] {processor.py:183} INFO - Processing /opt/airflow/dags/isr_pipeline.py took 0.106 seconds
[2026-04-05T12:16:29.669+0000] {processor.py:161} INFO - Started process (PID=58856) to work on /opt/airflow/dags/isr_pipeline.py
[2026-04-05T12:16:29.670+0000] {processor.py:830} INFO - Processing file /opt/airflow/dags/isr_pipeline.py for tasks to queue
[2026-04-05T12:16:29.672+0000] {logging_mixin.py:188} INFO - [2026-04-05T12:16:29.671+0000] {dagbag.py:540} INFO - Filling up the DagBag from /opt/airflow/dags/isr_pipeline.py
[2026-04-05T12:16:29.689+0000] {processor.py:840} INFO - DAG(s) 'isr_pipeline' retrieved from /opt/airflow/dags/isr_pipeline.py
[2026-04-05T12:16:29.726+0000] {logging_mixin.py:188} INFO - [2026-04-05T12:16:29.726+0000] {dag.py:3096} INFO - Sync 1 DAGs
[2026-04-05T12:16:29.768+0000] {processor.py:183} INFO - Processing /opt/airflow/dags/isr_pipeline.py took 0.107 seconds
[2026-04-05T12:16:59.956+0000] {processor.py:161} INFO - Started process (PID=58861) to work on /opt/airflow/dags/isr_pipeline.py
[2026-04-05T12:16:59.957+0000] {processor.py:830} INFO - Processing file /opt/airflow/dags/isr_pipeline.py for tasks to queue
[2026-04-05T12:16:59.959+0000] {logging_mixin.py:188} INFO - [2026-04-05T12:16:59.958+0000] {dagbag.py:540} INFO - Filling up the DagBag from /opt/airflow/dags/isr_pipeline.py
[2026-04-05T12:16:59.980+0000] {processor.py:840} INFO - DAG(s) 'isr_pipeline' retrieved from /opt/airflow/dags/isr_pipeline.py
[2026-04-05T12:17:00.017+0000] {logging_mixin.py:188} INFO - [2026-04-05T12:17:00.017+0000] {dag.py:3096} INFO - Sync 1 DAGs
[2026-04-05T12:17:00.062+0000] {processor.py:183} INFO - Processing /opt/airflow/dags/isr_pipeline.py took 0.113 seconds
[2026-04-05T12:17:30.189+0000] {processor.py:161} INFO - Started process (PID=58866) to work on /opt/airflow/dags/isr_pipeline.py
[2026-04-05T12:17:30.190+0000] {processor.py:830} INFO - Processing file /opt/airflow/dags/isr_pipeline.py for tasks to queue
[2026-04-05T12:17:30.191+0000] {logging_mixin.py:188} INFO - [2026-04-05T12:17:30.191+0000] {dagbag.py:540} INFO - Filling up the DagBag from /opt/airflow/dags/isr_pipeline.py
[2026-04-05T12:17:30.209+0000] {processor.py:840} INFO - DAG(s) 'isr_pipeline' retrieved from /opt/airflow/dags/isr_pipeline.py
[2026-04-05T12:17:30.250+0000] {logging_mixin.py:188} INFO - [2026-04-05T12:17:30.249+0000] {dag.py:3096} INFO - Sync 1 DAGs
[2026-04-05T12:17:30.296+0000] {processor.py:183} INFO - Processing /opt/airflow/dags/isr_pipeline.py took 0.115 seconds
[2026-04-05T12:18:00.524+0000] {processor.py:161} INFO - Started process (PID=58871) to work on /opt/airflow/dags/isr_pipeline.py
[2026-04-05T12:18:00.527+0000] {processor.py:830} INFO - Processing file /opt/airflow/dags/isr_pipeline.py for tasks to queue
[2026-04-05T12:18:00.529+0000] {logging_mixin.py:188} INFO - [2026-04-05T12:18:00.528+0000] {dagbag.py:540} INFO - Filling up the DagBag from /opt/airflow/dags/isr_pipeline.py
[2026-04-05T12:18:00.545+0000] {processor.py:840} INFO - DAG(s) 'isr_pipeline' retrieved from /opt/airflow/dags/isr_pipeline.py
[2026-04-05T12:18:00.583+0000] {logging_mixin.py:188} INFO - [2026-04-05T12:18:00.582+0000] {dag.py:3096} INFO - Sync 1 DAGs
[2026-04-05T12:18:00.623+0000] {processor.py:183} INFO - Processing /opt/airflow/dags/isr_pipeline.py took 0.108 seconds
[2026-04-05T12:18:30.745+0000] {processor.py:161} INFO - Started process (PID=58876) to work on /opt/airflow/dags/isr_pipeline.py
[2026-04-05T12:18:30.746+0000] {processor.py:830} INFO - Processing file /opt/airflow/dags/isr_pipeline.py for tasks to queue
[2026-04-05T12:18:30.747+0000] {logging_mixin.py:188} INFO - [2026-04-05T12:18:30.747+0000] {dagbag.py:540} INFO - Filling up the DagBag from /opt/airflow/dags/isr_pipeline.py
[2026-04-05T12:18:30.774+0000] {processor.py:840} INFO - DAG(s) 'isr_pipeline' retrieved from /opt/airflow/dags/isr_pipeline.py
[2026-04-05T12:18:30.822+0000] {logging_mixin.py:188} INFO - [2026-04-05T12:18:30.821+0000] {dag.py:3096} INFO - Sync 1 DAGs
[2026-04-05T12:18:30.870+0000] {processor.py:183} INFO - Processing /opt/airflow/dags/isr_pipeline.py took 0.133 seconds
[2026-04-05T12:19:00.996+0000] {processor.py:161} INFO - Started process (PID=58881) to work on /opt/airflow/dags/isr_pipeline.py
[2026-04-05T12:19:00.997+0000] {processor.py:830} INFO - Processing file /opt/airflow/dags/isr_pipeline.py for tasks to queue
[2026-04-05T12:19:00.998+0000] {logging_mixin.py:188} INFO - [2026-04-05T12:19:00.998+0000] {dagbag.py:540} INFO - Filling up the DagBag from /opt/airflow/dags/isr_pipeline.py
[2026-04-05T12:19:01.017+0000] {processor.py:840} INFO - DAG(s) 'isr_pipeline' retrieved from /opt/airflow/dags/isr_pipeline.py
[2026-04-05T12:19:01.056+0000] {logging_mixin.py:188} INFO - [2026-04-05T12:19:01.056+0000] {dag.py:3096} INFO - Sync 1 DAGs
[2026-04-05T12:19:01.100+0000] {processor.py:183} INFO - Processing /opt/airflow/dags/isr_pipeline.py took 0.113 seconds
[2026-04-05T12:19:31.196+0000] {processor.py:161} INFO - Started process (PID=58886) to work on /opt/airflow/dags/isr_pipeline.py
[2026-04-05T12:19:31.198+0000] {processor.py:830} INFO - Processing file /opt/airflow/dags/isr_pipeline.py for tasks to queue
[2026-04-05T12:19:31.199+0000] {logging_mixin.py:188} INFO - [2026-04-05T12:19:31.199+0000] {dagbag.py:540} INFO - Filling up the DagBag from /opt/airflow/dags/isr_pipeline.py
[2026-04-05T12:19:31.217+0000] {processor.py:840} INFO - DAG(s) 'isr_pipeline' retrieved from /opt/airflow/dags/isr_pipeline.py
[2026-04-05T12:19:31.256+0000] {logging_mixin.py:188} INFO - [2026-04-05T12:19:31.255+0000] {dag.py:3096} INFO - Sync 1 DAGs
[2026-04-05T12:19:31.298+0000] {processor.py:183} INFO - Processing /opt/airflow/dags/isr_pipeline.py took 0.109 seconds
[2026-04-05T12:20:01.416+0000] {processor.py:161} INFO - Started process (PID=58891) to work on /opt/airflow/dags/isr_pipeline.py
[2026-04-05T12:20:01.417+0000] {processor.py:830} INFO - Processing file /opt/airflow/dags/isr_pipeline.py for tasks to queue
[2026-04-05T12:20:01.419+0000] {logging_mixin.py:188} INFO - [2026-04-05T12:20:01.418+0000] {dagbag.py:540} INFO - Filling up the DagBag from /opt/airflow/dags/isr_pipeline.py
[2026-04-05T12:20:01.440+0000] {processor.py:840} INFO - DAG(s) 'isr_pipeline' retrieved from /opt/airflow/dags/isr_pipeline.py
[2026-04-05T12:20:01.479+0000] {logging_mixin.py:188} INFO - [2026-04-05T12:20:01.479+0000] {dag.py:3096} INFO - Sync 1 DAGs
[2026-04-05T12:20:01.523+0000] {processor.py:183} INFO - Processing /opt/airflow/dags/isr_pipeline.py took 0.115 seconds
[2026-04-05T12:20:31.587+0000] {processor.py:161} INFO - Started process (PID=58896) to work on /opt/airflow/dags/isr_pipeline.py
[2026-04-05T12:20:31.588+0000] {processor.py:830} INFO - Processing file /opt/airflow/dags/isr_pipeline.py for tasks to queue
[2026-04-05T12:20:31.590+0000] {logging_mixin.py:188} INFO - [2026-04-05T12:20:31.590+0000] {dagbag.py:540} INFO - Filling up the DagBag from /opt/airflow/dags/isr_pipeline.py
[2026-04-05T12:20:31.608+0000] {processor.py:840} INFO - DAG(s) 'isr_pipeline' retrieved from /opt/airflow/dags/isr_pipeline.py
[2026-04-05T12:20:31.645+0000] {logging_mixin.py:188} INFO - [2026-04-05T12:20:31.645+0000] {dag.py:3096} INFO - Sync 1 DAGs
[2026-04-05T12:20:31.686+0000] {processor.py:183} INFO - Processing /opt/airflow/dags/isr_pipeline.py took 0.108 seconds
[2026-04-05T12:21:01.910+0000] {processor.py:161} INFO - Started process (PID=58901) to work on /opt/airflow/dags/isr_pipeline.py
[2026-04-05T12:21:01.912+0000] {processor.py:830} INFO - Processing file /opt/airflow/dags/isr_pipeline.py for tasks to queue
[2026-04-05T12:21:01.913+0000] {logging_mixin.py:188} INFO - [2026-04-05T12:21:01.913+0000] {dagbag.py:540} INFO - Filling up the DagBag from /opt/airflow/dags/isr_pipeline.py
[2026-04-05T12:21:01.931+0000] {processor.py:840} INFO - DAG(s) 'isr_pipeline' retrieved from /opt/airflow/dags/isr_pipeline.py
[2026-04-05T12:21:01.968+0000] {logging_mixin.py:188} INFO - [2026-04-05T12:21:01.968+0000] {dag.py:3096} INFO - Sync 1 DAGs
[2026-04-05T12:21:02.010+0000] {processor.py:183} INFO - Processing /opt/airflow/dags/isr_pipeline.py took 0.108 seconds
[2026-04-05T12:21:32.072+0000] {processor.py:161} INFO - Started process (PID=58906) to work on /opt/airflow/dags/isr_pipeline.py
[2026-04-05T12:21:32.073+0000] {processor.py:830} INFO - Processing file /opt/airflow/dags/isr_pipeline.py for tasks to queue
[2026-04-05T12:21:32.074+0000] {logging_mixin.py:188} INFO - [2026-04-05T12:21:32.074+0000] {dagbag.py:540} INFO - Filling up the DagBag from /opt/airflow/dags/isr_pipeline.py
[2026-04-05T12:21:32.092+0000] {processor.py:840} INFO - DAG(s) 'isr_pipeline' retrieved from /opt/airflow/dags/isr_pipeline.py
[2026-04-05T12:21:32.129+0000] {logging_mixin.py:188} INFO - [2026-04-05T12:21:32.129+0000] {dag.py:3096} INFO - Sync 1 DAGs
[2026-04-05T12:21:32.171+0000] {processor.py:183} INFO - Processing /opt/airflow/dags/isr_pipeline.py took 0.108 seconds
[2026-04-05T12:22:02.345+0000] {processor.py:161} INFO - Started process (PID=58911) to work on /opt/airflow/dags/isr_pipeline.py
[2026-04-05T12:22:02.347+0000] {processor.py:830} INFO - Processing file /opt/airflow/dags/isr_pipeline.py for tasks to queue
[2026-04-05T12:22:02.349+0000] {logging_mixin.py:188} INFO - [2026-04-05T12:22:02.348+0000] {dagbag.py:540} INFO - Filling up the DagBag from /opt/airflow/dags/isr_pipeline.py
[2026-04-05T12:22:02.367+0000] {processor.py:840} INFO - DAG(s) 'isr_pipeline' retrieved from /opt/airflow/dags/isr_pipeline.py
[2026-04-05T12:22:02.404+0000] {logging_mixin.py:188} INFO - [2026-04-05T12:22:02.404+0000] {dag.py:3096} INFO - Sync 1 DAGs
[2026-04-05T12:22:02.446+0000] {processor.py:183} INFO - Processing /opt/airflow/dags/isr_pipeline.py took 0.109 seconds
[2026-04-05T12:22:32.501+0000] {processor.py:161} INFO - Started process (PID=58916) to work on /opt/airflow/dags/isr_pipeline.py
[2026-04-05T12:22:32.503+0000] {processor.py:830} INFO - Processing file /opt/airflow/dags/isr_pipeline.py for tasks to queue
[2026-04-05T12:22:32.504+0000] {logging_mixin.py:188} INFO - [2026-04-05T12:22:32.504+0000] {dagbag.py:540} INFO - Filling up the DagBag from /opt/airflow/dags/isr_pipeline.py
[2026-04-05T12:22:32.522+0000] {processor.py:840} INFO - DAG(s) 'isr_pipeline' retrieved from /opt/airflow/dags/isr_pipeline.py
[2026-04-05T12:22:32.560+0000] {logging_mixin.py:188} INFO - [2026-04-05T12:22:32.560+0000] {dag.py:3096} INFO - Sync 1 DAGs
[2026-04-05T12:22:32.602+0000] {processor.py:183} INFO - Processing /opt/airflow/dags/isr_pipeline.py took 0.108 seconds
[2026-04-05T12:23:02.728+0000] {processor.py:161} INFO - Started process (PID=58921) to work on /opt/airflow/dags/isr_pipeline.py
[2026-04-05T12:23:02.729+0000] {processor.py:830} INFO - Processing file /opt/airflow/dags/isr_pipeline.py for tasks to queue
[2026-04-05T12:23:02.731+0000] {logging_mixin.py:188} INFO - [2026-04-05T12:23:02.730+0000] {dagbag.py:540} INFO - Filling up the DagBag from /opt/airflow/dags/isr_pipeline.py
[2026-04-05T12:23:02.749+0000] {processor.py:840} INFO - DAG(s) 'isr_pipeline' retrieved from /opt/airflow/dags/isr_pipeline.py
[2026-04-05T12:23:02.785+0000] {logging_mixin.py:188} INFO - [2026-04-05T12:23:02.785+0000] {dag.py:3096} INFO - Sync 1 DAGs
[2026-04-05T12:23:02.831+0000] {processor.py:183} INFO - Processing /opt/airflow/dags/isr_pipeline.py took 0.111 seconds
[2026-04-05T12:23:32.968+0000] {processor.py:161} INFO - Started process (PID=58926) to work on /opt/airflow/dags/isr_pipeline.py
[2026-04-05T12:23:32.970+0000] {processor.py:830} INFO - Processing file /opt/airflow/dags/isr_pipeline.py for tasks to queue
[2026-04-05T12:23:32.971+0000] {logging_mixin.py:188} INFO - [2026-04-05T12:23:32.971+0000] {dagbag.py:540} INFO - Filling up the DagBag from /opt/airflow/dags/isr_pipeline.py
[2026-04-05T12:23:32.989+0000] {processor.py:840} INFO - DAG(s) 'isr_pipeline' retrieved from /opt/airflow/dags/isr_pipeline.py
[2026-04-05T12:23:33.027+0000] {logging_mixin.py:188} INFO - [2026-04-05T12:23:33.027+0000] {dag.py:3096} INFO - Sync 1 DAGs
[2026-04-05T12:23:33.071+0000] {processor.py:183} INFO - Processing /opt/airflow/dags/isr_pipeline.py took 0.111 seconds
[2026-04-05T12:24:03.143+0000] {processor.py:161} INFO - Started process (PID=58931) to work on /opt/airflow/dags/isr_pipeline.py
[2026-04-05T12:24:03.145+0000] {processor.py:830} INFO - Processing file /opt/airflow/dags/isr_pipeline.py for tasks to queue
[2026-04-05T12:24:03.147+0000] {logging_mixin.py:188} INFO - [2026-04-05T12:24:03.146+0000] {dagbag.py:540} INFO - Filling up the DagBag from /opt/airflow/dags/isr_pipeline.py
[2026-04-05T12:24:03.165+0000] {processor.py:840} INFO - DAG(s) 'isr_pipeline' retrieved from /opt/airflow/dags/isr_pipeline.py
[2026-04-05T12:24:03.206+0000] {logging_mixin.py:188} INFO - [2026-04-05T12:24:03.206+0000] {dag.py:3096} INFO - Sync 1 DAGs
[2026-04-05T12:24:03.253+0000] {processor.py:183} INFO - Processing /opt/airflow/dags/isr_pipeline.py took 0.118 seconds
[2026-04-05T12:24:33.408+0000] {processor.py:161} INFO - Started process (PID=58936) to work on /opt/airflow/dags/isr_pipeline.py
[2026-04-05T12:24:33.409+0000] {processor.py:830} INFO - Processing file /opt/airflow/dags/isr_pipeline.py for tasks to queue
[2026-04-05T12:24:33.411+0000] {logging_mixin.py:188} INFO - [2026-04-05T12:24:33.410+0000] {dagbag.py:540} INFO - Filling up the DagBag from /opt/airflow/dags/isr_pipeline.py
[2026-04-05T12:24:33.429+0000] {processor.py:840} INFO - DAG(s) 'isr_pipeline' retrieved from /opt/airflow/dags/isr_pipeline.py
[2026-04-05T12:24:33.465+0000] {logging_mixin.py:188} INFO - [2026-04-05T12:24:33.465+0000] {dag.py:3096} INFO - Sync 1 DAGs
[2026-04-05T12:24:33.507+0000] {processor.py:183} INFO - Processing /opt/airflow/dags/isr_pipeline.py took 0.108 seconds
[2026-04-05T12:25:03.596+0000] {processor.py:161} INFO - Started process (PID=58941) to work on /opt/airflow/dags/isr_pipeline.py
[2026-04-05T12:25:03.597+0000] {processor.py:830} INFO - Processing file /opt/airflow/dags/isr_pipeline.py for tasks to queue
[2026-04-05T12:25:03.598+0000] {logging_mixin.py:188} INFO - [2026-04-05T12:25:03.598+0000] {dagbag.py:540} INFO - Filling up the DagBag from /opt/airflow/dags/isr_pipeline.py
[2026-04-05T12:25:03.616+0000] {processor.py:840} INFO - DAG(s) 'isr_pipeline' retrieved from /opt/airflow/dags/isr_pipeline.py
[2026-04-05T12:25:03.653+0000] {logging_mixin.py:188} INFO - [2026-04-05T12:25:03.653+0000] {dag.py:3096} INFO - Sync 1 DAGs
[2026-04-05T12:25:03.695+0000] {processor.py:183} INFO - Processing /opt/airflow/dags/isr_pipeline.py took 0.108 seconds
[2026-04-05T12:25:33.852+0000] {processor.py:161} INFO - Started process (PID=58946) to work on /opt/airflow/dags/isr_pipeline.py
[2026-04-05T12:25:33.853+0000] {processor.py:830} INFO - Processing file /opt/airflow/dags/isr_pipeline.py for tasks to queue
[2026-04-05T12:25:33.855+0000] {logging_mixin.py:188} INFO - [2026-04-05T12:25:33.855+0000] {dagbag.py:540} INFO - Filling up the DagBag from /opt/airflow/dags/isr_pipeline.py
[2026-04-05T12:25:33.873+0000] {processor.py:840} INFO - DAG(s) 'isr_pipeline' retrieved from /opt/airflow/dags/isr_pipeline.py
[2026-04-05T12:25:33.911+0000] {logging_mixin.py:188} INFO - [2026-04-05T12:25:33.910+0000] {dag.py:3096} INFO - Sync 1 DAGs
[2026-04-05T12:25:33.954+0000] {processor.py:183} INFO - Processing /opt/airflow/dags/isr_pipeline.py took 0.110 seconds
[2026-04-05T12:26:04.048+0000] {processor.py:161} INFO - Started process (PID=58951) to work on /opt/airflow/dags/isr_pipeline.py
[2026-04-05T12:26:04.050+0000] {processor.py:830} INFO - Processing file /opt/airflow/dags/isr_pipeline.py for tasks to queue
[2026-04-05T12:26:04.051+0000] {logging_mixin.py:188} INFO - [2026-04-05T12:26:04.051+0000] {dagbag.py:540} INFO - Filling up the DagBag from /opt/airflow/dags/isr_pipeline.py
[2026-04-05T12:26:04.069+0000] {processor.py:840} INFO - DAG(s) 'isr_pipeline' retrieved from /opt/airflow/dags/isr_pipeline.py
[2026-04-05T12:26:04.107+0000] {logging_mixin.py:188} INFO - [2026-04-05T12:26:04.107+0000] {dag.py:3096} INFO - Sync 1 DAGs
[2026-04-05T12:26:04.150+0000] {processor.py:183} INFO - Processing /opt/airflow/dags/isr_pipeline.py took 0.110 seconds
[2026-04-05T12:26:34.291+0000] {processor.py:161} INFO - Started process (PID=58956) to work on /opt/airflow/dags/isr_pipeline.py
[2026-04-05T12:26:34.292+0000] {processor.py:830} INFO - Processing file /opt/airflow/dags/isr_pipeline.py for tasks to queue
[2026-04-05T12:26:34.293+0000] {logging_mixin.py:188} INFO - [2026-04-05T12:26:34.293+0000] {dagbag.py:540} INFO - Filling up the DagBag from /opt/airflow/dags/isr_pipeline.py
[2026-04-05T12:26:34.311+0000] {processor.py:840} INFO - DAG(s) 'isr_pipeline' retrieved from /opt/airflow/dags/isr_pipeline.py
[2026-04-05T12:26:34.349+0000] {logging_mixin.py:188} INFO - [2026-04-05T12:26:34.349+0000] {dag.py:3096} INFO - Sync 1 DAGs
[2026-04-05T12:26:34.409+0000] {processor.py:183} INFO - Processing /opt/airflow/dags/isr_pipeline.py took 0.126 seconds
[2026-04-05T12:27:04.509+0000] {processor.py:161} INFO - Started process (PID=58961) to work on /opt/airflow/dags/isr_pipeline.py
[2026-04-05T12:27:04.511+0000] {processor.py:830} INFO - Processing file /opt/airflow/dags/isr_pipeline.py for tasks to queue
[2026-04-05T12:27:04.512+0000] {logging_mixin.py:188} INFO - [2026-04-05T12:27:04.512+0000] {dagbag.py:540} INFO - Filling up the DagBag from /opt/airflow/dags/isr_pipeline.py
[2026-04-05T12:27:04.530+0000] {processor.py:840} INFO - DAG(s) 'isr_pipeline' retrieved from /opt/airflow/dags/isr_pipeline.py
[2026-04-05T12:27:04.567+0000] {logging_mixin.py:188} INFO - [2026-04-05T12:27:04.566+0000] {dag.py:3096} INFO - Sync 1 DAGs
[2026-04-05T12:27:04.609+0000] {processor.py:183} INFO - Processing /opt/airflow/dags/isr_pipeline.py took 0.110 seconds
[2026-04-05T12:27:34.787+0000] {processor.py:161} INFO - Started process (PID=58966) to work on /opt/airflow/dags/isr_pipeline.py
[2026-04-05T12:27:34.789+0000] {processor.py:830} INFO - Processing file /opt/airflow/dags/isr_pipeline.py for tasks to queue
[2026-04-05T12:27:34.790+0000] {logging_mixin.py:188} INFO - [2026-04-05T12:27:34.790+0000] {dagbag.py:540} INFO - Filling up the DagBag from /opt/airflow/dags/isr_pipeline.py
[2026-04-05T12:27:34.809+0000] {processor.py:840} INFO - DAG(s) 'isr_pipeline' retrieved from /opt/airflow/dags/isr_pipeline.py
[2026-04-05T12:27:34.847+0000] {logging_mixin.py:188} INFO - [2026-04-05T12:27:34.847+0000] {dag.py:3096} INFO - Sync 1 DAGs
[2026-04-05T12:27:34.892+0000] {processor.py:183} INFO - Processing /opt/airflow/dags/isr_pipeline.py took 0.113 seconds
[2026-04-05T12:28:04.946+0000] {processor.py:161} INFO - Started process (PID=58971) to work on /opt/airflow/dags/isr_pipeline.py
[2026-04-05T12:28:04.947+0000] {processor.py:830} INFO - Processing file /opt/airflow/dags/isr_pipeline.py for tasks to queue
[2026-04-05T12:28:04.948+0000] {logging_mixin.py:188} INFO - [2026-04-05T12:28:04.948+0000] {dagbag.py:540} INFO - Filling up the DagBag from /opt/airflow/dags/isr_pipeline.py
[2026-04-05T12:28:04.966+0000] {processor.py:840} INFO - DAG(s) 'isr_pipeline' retrieved from /opt/airflow/dags/isr_pipeline.py
[2026-04-05T12:28:05.005+0000] {logging_mixin.py:188} INFO - [2026-04-05T12:28:05.004+0000] {dag.py:3096} INFO - Sync 1 DAGs
[2026-04-05T12:28:05.049+0000] {processor.py:183} INFO - Processing /opt/airflow/dags/isr_pipeline.py took 0.111 seconds
[2026-04-05T12:28:35.729+0000] {processor.py:161} INFO - Started process (PID=58976) to work on /opt/airflow/dags/isr_pipeline.py
[2026-04-05T12:28:35.731+0000] {processor.py:830} INFO - Processing file /opt/airflow/dags/isr_pipeline.py for tasks to queue
[2026-04-05T12:28:35.732+0000] {logging_mixin.py:188} INFO - [2026-04-05T12:28:35.732+0000] {dagbag.py:540} INFO - Filling up the DagBag from /opt/airflow/dags/isr_pipeline.py
[2026-04-05T12:28:35.751+0000] {processor.py:840} INFO - DAG(s) 'isr_pipeline' retrieved from /opt/airflow/dags/isr_pipeline.py
[2026-04-05T12:28:35.788+0000] {logging_mixin.py:188} INFO - [2026-04-05T12:28:35.788+0000] {dag.py:3096} INFO - Sync 1 DAGs
[2026-04-05T12:28:35.832+0000] {processor.py:183} INFO - Processing /opt/airflow/dags/isr_pipeline.py took 0.111 seconds
[2026-04-05T12:29:05.905+0000] {processor.py:161} INFO - Started process (PID=58981) to work on /opt/airflow/dags/isr_pipeline.py
[2026-04-05T12:29:05.906+0000] {processor.py:830} INFO - Processing file /opt/airflow/dags/isr_pipeline.py for tasks to queue
[2026-04-05T12:29:05.908+0000] {logging_mixin.py:188} INFO - [2026-04-05T12:29:05.908+0000] {dagbag.py:540} INFO - Filling up the DagBag from /opt/airflow/dags/isr_pipeline.py
[2026-04-05T12:29:05.927+0000] {processor.py:840} INFO - DAG(s) 'isr_pipeline' retrieved from /opt/airflow/dags/isr_pipeline.py
[2026-04-05T12:29:05.966+0000] {logging_mixin.py:188} INFO - [2026-04-05T12:29:05.965+0000] {dag.py:3096} INFO - Sync 1 DAGs
[2026-04-05T12:29:06.009+0000] {processor.py:183} INFO - Processing /opt/airflow/dags/isr_pipeline.py took 0.113 seconds
[2026-04-05T12:29:36.159+0000] {processor.py:161} INFO - Started process (PID=58986) to work on /opt/airflow/dags/isr_pipeline.py
[2026-04-05T12:29:36.160+0000] {processor.py:830} INFO - Processing file /opt/airflow/dags/isr_pipeline.py for tasks to queue
[2026-04-05T12:29:36.162+0000] {logging_mixin.py:188} INFO - [2026-04-05T12:29:36.162+0000] {dagbag.py:540} INFO - Filling up the DagBag from /opt/airflow/dags/isr_pipeline.py
[2026-04-05T12:29:36.180+0000] {processor.py:840} INFO - DAG(s) 'isr_pipeline' retrieved from /opt/airflow/dags/isr_pipeline.py
[2026-04-05T12:29:36.217+0000] {logging_mixin.py:188} INFO - [2026-04-05T12:29:36.217+0000] {dag.py:3096} INFO - Sync 1 DAGs
[2026-04-05T12:29:36.259+0000] {processor.py:183} INFO - Processing /opt/airflow/dags/isr_pipeline.py took 0.107 seconds
[2026-04-05T12:30:06.413+0000] {processor.py:161} INFO - Started process (PID=58991) to work on /opt/airflow/dags/isr_pipeline.py
[2026-04-05T12:30:06.414+0000] {processor.py:830} INFO - Processing file /opt/airflow/dags/isr_pipeline.py for tasks to queue
[2026-04-05T12:30:06.416+0000] {logging_mixin.py:188} INFO - [2026-04-05T12:30:06.416+0000] {dagbag.py:540} INFO - Filling up the DagBag from /opt/airflow/dags/isr_pipeline.py
[2026-04-05T12:30:06.435+0000] {processor.py:840} INFO - DAG(s) 'isr_pipeline' retrieved from /opt/airflow/dags/isr_pipeline.py
[2026-04-05T12:30:06.471+0000] {logging_mixin.py:188} INFO - [2026-04-05T12:30:06.470+0000] {dag.py:3096} INFO - Sync 1 DAGs
[2026-04-05T12:30:06.512+0000] {processor.py:183} INFO - Processing /opt/airflow/dags/isr_pipeline.py took 0.108 seconds
[2026-04-05T12:30:36.581+0000] {processor.py:161} INFO - Started process (PID=58996) to work on /opt/airflow/dags/isr_pipeline.py
[2026-04-05T12:30:36.582+0000] {processor.py:830} INFO - Processing file /opt/airflow/dags/isr_pipeline.py for tasks to queue
[2026-04-05T12:30:36.584+0000] {logging_mixin.py:188} INFO - [2026-04-05T12:30:36.584+0000] {dagbag.py:540} INFO - Filling up the DagBag from /opt/airflow/dags/isr_pipeline.py
[2026-04-05T12:30:36.603+0000] {processor.py:840} INFO - DAG(s) 'isr_pipeline' retrieved from /opt/airflow/dags/isr_pipeline.py
[2026-04-05T12:30:36.641+0000] {logging_mixin.py:188} INFO - [2026-04-05T12:30:36.641+0000] {dag.py:3096} INFO - Sync 1 DAGs
[2026-04-05T12:30:36.684+0000] {processor.py:183} INFO - Processing /opt/airflow/dags/isr_pipeline.py took 0.112 seconds
[2026-04-05T12:31:06.843+0000] {processor.py:161} INFO - Started process (PID=59001) to work on /opt/airflow/dags/isr_pipeline.py
[2026-04-05T12:31:06.844+0000] {processor.py:830} INFO - Processing file /opt/airflow/dags/isr_pipeline.py for tasks to queue
[2026-04-05T12:31:06.846+0000] {logging_mixin.py:188} INFO - [2026-04-05T12:31:06.845+0000] {dagbag.py:540} INFO - Filling up the DagBag from /opt/airflow/dags/isr_pipeline.py
[2026-04-05T12:31:06.863+0000] {processor.py:840} INFO - DAG(s) 'isr_pipeline' retrieved from /opt/airflow/dags/isr_pipeline.py
[2026-04-05T12:31:06.900+0000] {logging_mixin.py:188} INFO - [2026-04-05T12:31:06.900+0000] {dag.py:3096} INFO - Sync 1 DAGs
[2026-04-05T12:31:06.945+0000] {processor.py:183} INFO - Processing /opt/airflow/dags/isr_pipeline.py took 0.110 seconds
[2026-04-05T12:31:37.007+0000] {processor.py:161} INFO - Started process (PID=59006) to work on /opt/airflow/dags/isr_pipeline.py
[2026-04-05T12:31:37.008+0000] {processor.py:830} INFO - Processing file /opt/airflow/dags/isr_pipeline.py for tasks to queue
[2026-04-05T12:31:37.010+0000] {logging_mixin.py:188} INFO - [2026-04-05T12:31:37.009+0000] {dagbag.py:540} INFO - Filling up the DagBag from /opt/airflow/dags/isr_pipeline.py
[2026-04-05T12:31:37.028+0000] {processor.py:840} INFO - DAG(s) 'isr_pipeline' retrieved from /opt/airflow/dags/isr_pipeline.py
[2026-04-05T12:31:37.067+0000] {logging_mixin.py:188} INFO - [2026-04-05T12:31:37.067+0000] {dag.py:3096} INFO - Sync 1 DAGs
[2026-04-05T12:31:37.111+0000] {processor.py:183} INFO - Processing /opt/airflow/dags/isr_pipeline.py took 0.111 seconds
[2026-04-05T12:32:07.285+0000] {processor.py:161} INFO - Started process (PID=59011) to work on /opt/airflow/dags/isr_pipeline.py
[2026-04-05T12:32:07.286+0000] {processor.py:830} INFO - Processing file /opt/airflow/dags/isr_pipeline.py for tasks to queue
[2026-04-05T12:32:07.288+0000] {logging_mixin.py:188} INFO - [2026-04-05T12:32:07.287+0000] {dagbag.py:540} INFO - Filling up the DagBag from /opt/airflow/dags/isr_pipeline.py
[2026-04-05T12:32:07.305+0000] {processor.py:840} INFO - DAG(s) 'isr_pipeline' retrieved from /opt/airflow/dags/isr_pipeline.py
[2026-04-05T12:32:07.342+0000] {logging_mixin.py:188} INFO - [2026-04-05T12:32:07.342+0000] {dag.py:3096} INFO - Sync 1 DAGs
[2026-04-05T12:32:07.384+0000] {processor.py:183} INFO - Processing /opt/airflow/dags/isr_pipeline.py took 0.108 seconds
[2026-04-05T12:32:37.518+0000] {processor.py:161} INFO - Started process (PID=59016) to work on /opt/airflow/dags/isr_pipeline.py
[2026-04-05T12:32:37.520+0000] {processor.py:830} INFO - Processing file /opt/airflow/dags/isr_pipeline.py for tasks to queue
[2026-04-05T12:32:37.521+0000] {logging_mixin.py:188} INFO - [2026-04-05T12:32:37.521+0000] {dagbag.py:540} INFO - Filling up the DagBag from /opt/airflow/dags/isr_pipeline.py
[2026-04-05T12:32:37.539+0000] {processor.py:840} INFO - DAG(s) 'isr_pipeline' retrieved from /opt/airflow/dags/isr_pipeline.py
[2026-04-05T12:32:37.578+0000] {logging_mixin.py:188} INFO - [2026-04-05T12:32:37.578+0000] {dag.py:3096} INFO - Sync 1 DAGs
[2026-04-05T12:32:37.626+0000] {processor.py:183} INFO - Processing /opt/airflow/dags/isr_pipeline.py took 0.117 seconds
[2026-04-05T12:33:07.723+0000] {processor.py:161} INFO - Started process (PID=59021) to work on /opt/airflow/dags/isr_pipeline.py
[2026-04-05T12:33:07.725+0000] {processor.py:830} INFO - Processing file /opt/airflow/dags/isr_pipeline.py for tasks to queue
[2026-04-05T12:33:07.726+0000] {logging_mixin.py:188} INFO - [2026-04-05T12:33:07.726+0000] {dagbag.py:540} INFO - Filling up the DagBag from /opt/airflow/dags/isr_pipeline.py
[2026-04-05T12:33:07.745+0000] {processor.py:840} INFO - DAG(s) 'isr_pipeline' retrieved from /opt/airflow/dags/isr_pipeline.py
[2026-04-05T12:33:07.781+0000] {logging_mixin.py:188} INFO - [2026-04-05T12:33:07.780+0000] {dag.py:3096} INFO - Sync 1 DAGs
[2026-04-05T12:33:07.822+0000] {processor.py:183} INFO - Processing /opt/airflow/dags/isr_pipeline.py took 0.107 seconds
[2026-04-05T12:33:37.947+0000] {processor.py:161} INFO - Started process (PID=59026) to work on /opt/airflow/dags/isr_pipeline.py
[2026-04-05T12:33:37.948+0000] {processor.py:830} INFO - Processing file /opt/airflow/dags/isr_pipeline.py for tasks to queue
[2026-04-05T12:33:37.950+0000] {logging_mixin.py:188} INFO - [2026-04-05T12:33:37.950+0000] {dagbag.py:540} INFO - Filling up the DagBag from /opt/airflow/dags/isr_pipeline.py
[2026-04-05T12:33:37.968+0000] {processor.py:840} INFO - DAG(s) 'isr_pipeline' retrieved from /opt/airflow/dags/isr_pipeline.py
[2026-04-05T12:33:38.004+0000] {logging_mixin.py:188} INFO - [2026-04-05T12:33:38.004+0000] {dag.py:3096} INFO - Sync 1 DAGs
[2026-04-05T12:33:38.047+0000] {processor.py:183} INFO - Processing /opt/airflow/dags/isr_pipeline.py took 0.108 seconds
[2026-04-05T12:34:08.201+0000] {processor.py:161} INFO - Started process (PID=59031) to work on /opt/airflow/dags/isr_pipeline.py
[2026-04-05T12:34:08.203+0000] {processor.py:830} INFO - Processing file /opt/airflow/dags/isr_pipeline.py for tasks to queue
[2026-04-05T12:34:08.204+0000] {logging_mixin.py:188} INFO - [2026-04-05T12:34:08.204+0000] {dagbag.py:540} INFO - Filling up the DagBag from /opt/airflow/dags/isr_pipeline.py
[2026-04-05T12:34:08.221+0000] {processor.py:840} INFO - DAG(s) 'isr_pipeline' retrieved from /opt/airflow/dags/isr_pipeline.py
[2026-04-05T12:34:08.258+0000] {logging_mixin.py:188} INFO - [2026-04-05T12:34:08.258+0000] {dag.py:3096} INFO - Sync 1 DAGs
[2026-04-05T12:34:08.301+0000] {processor.py:183} INFO - Processing /opt/airflow/dags/isr_pipeline.py took 0.107 seconds
[2026-04-05T12:34:38.367+0000] {processor.py:161} INFO - Started process (PID=59036) to work on /opt/airflow/dags/isr_pipeline.py
[2026-04-05T12:34:38.368+0000] {processor.py:830} INFO - Processing file /opt/airflow/dags/isr_pipeline.py for tasks to queue
[2026-04-05T12:34:38.370+0000] {logging_mixin.py:188} INFO - [2026-04-05T12:34:38.369+0000] {dagbag.py:540} INFO - Filling up the DagBag from /opt/airflow/dags/isr_pipeline.py
[2026-04-05T12:34:38.389+0000] {processor.py:840} INFO - DAG(s) 'isr_pipeline' retrieved from /opt/airflow/dags/isr_pipeline.py
[2026-04-05T12:34:38.433+0000] {logging_mixin.py:188} INFO - [2026-04-05T12:34:38.432+0000] {dag.py:3096} INFO - Sync 1 DAGs
[2026-04-05T12:34:38.481+0000] {processor.py:183} INFO - Processing /opt/airflow/dags/isr_pipeline.py took 0.124 seconds
[2026-04-05T12:35:08.583+0000] {processor.py:161} INFO - Started process (PID=59041) to work on /opt/airflow/dags/isr_pipeline.py
[2026-04-05T12:35:08.584+0000] {processor.py:830} INFO - Processing file /opt/airflow/dags/isr_pipeline.py for tasks to queue
[2026-04-05T12:35:08.585+0000] {logging_mixin.py:188} INFO - [2026-04-05T12:35:08.585+0000] {dagbag.py:540} INFO - Filling up the DagBag from /opt/airflow/dags/isr_pipeline.py
[2026-04-05T12:35:08.604+0000] {processor.py:840} INFO - DAG(s) 'isr_pipeline' retrieved from /opt/airflow/dags/isr_pipeline.py
[2026-04-05T12:35:08.642+0000] {logging_mixin.py:188} INFO - [2026-04-05T12:35:08.642+0000] {dag.py:3096} INFO - Sync 1 DAGs
[2026-04-05T12:35:08.686+0000] {processor.py:183} INFO - Processing /opt/airflow/dags/isr_pipeline.py took 0.111 seconds
[2026-04-05T12:35:38.825+0000] {processor.py:161} INFO - Started process (PID=59046) to work on /opt/airflow/dags/isr_pipeline.py
[2026-04-05T12:35:38.826+0000] {processor.py:830} INFO - Processing file /opt/airflow/dags/isr_pipeline.py for tasks to queue
[2026-04-05T12:35:38.828+0000] {logging_mixin.py:188} INFO - [2026-04-05T12:35:38.828+0000] {dagbag.py:540} INFO - Filling up the DagBag from /opt/airflow/dags/isr_pipeline.py
[2026-04-05T12:35:38.846+0000] {processor.py:840} INFO - DAG(s) 'isr_pipeline' retrieved from /opt/airflow/dags/isr_pipeline.py
[2026-04-05T12:35:38.884+0000] {logging_mixin.py:188} INFO - [2026-04-05T12:35:38.883+0000] {dag.py:3096} INFO - Sync 1 DAGs
[2026-04-05T12:35:38.930+0000] {processor.py:183} INFO - Processing /opt/airflow/dags/isr_pipeline.py took 0.112 seconds
[2026-04-05T12:36:09.033+0000] {processor.py:161} INFO - Started process (PID=59051) to work on /opt/airflow/dags/isr_pipeline.py
[2026-04-05T12:36:09.034+0000] {processor.py:830} INFO - Processing file /opt/airflow/dags/isr_pipeline.py for tasks to queue
[2026-04-05T12:36:09.036+0000] {logging_mixin.py:188} INFO - [2026-04-05T12:36:09.035+0000] {dagbag.py:540} INFO - Filling up the DagBag from /opt/airflow/dags/isr_pipeline.py
[2026-04-05T12:36:09.055+0000] {processor.py:840} INFO - DAG(s) 'isr_pipeline' retrieved from /opt/airflow/dags/isr_pipeline.py
[2026-04-05T12:36:09.093+0000] {logging_mixin.py:188} INFO - [2026-04-05T12:36:09.092+0000] {dag.py:3096} INFO - Sync 1 DAGs
[2026-04-05T12:36:09.137+0000] {processor.py:183} INFO - Processing /opt/airflow/dags/isr_pipeline.py took 0.112 seconds
[2026-04-05T12:36:39.272+0000] {processor.py:161} INFO - Started process (PID=59056) to work on /opt/airflow/dags/isr_pipeline.py
[2026-04-05T12:36:39.273+0000] {processor.py:830} INFO - Processing file /opt/airflow/dags/isr_pipeline.py for tasks to queue
[2026-04-05T12:36:39.275+0000] {logging_mixin.py:188} INFO - [2026-04-05T12:36:39.275+0000] {dagbag.py:540} INFO - Filling up the DagBag from /opt/airflow/dags/isr_pipeline.py
[2026-04-05T12:36:39.293+0000] {processor.py:840} INFO - DAG(s) 'isr_pipeline' retrieved from /opt/airflow/dags/isr_pipeline.py
[2026-04-05T12:36:39.329+0000] {logging_mixin.py:188} INFO - [2026-04-05T12:36:39.329+0000] {dag.py:3096} INFO - Sync 1 DAGs
[2026-04-05T12:36:39.371+0000] {processor.py:183} INFO - Processing /opt/airflow/dags/isr_pipeline.py took 0.108 seconds
[2026-04-05T12:37:09.480+0000] {processor.py:161} INFO - Started process (PID=59061) to work on /opt/airflow/dags/isr_pipeline.py
[2026-04-05T12:37:09.481+0000] {processor.py:830} INFO - Processing file /opt/airflow/dags/isr_pipeline.py for tasks to queue
[2026-04-05T12:37:09.483+0000] {logging_mixin.py:188} INFO - [2026-04-05T12:37:09.482+0000] {dagbag.py:540} INFO - Filling up the DagBag from /opt/airflow/dags/isr_pipeline.py
[2026-04-05T12:37:09.501+0000] {processor.py:840} INFO - DAG(s) 'isr_pipeline' retrieved from /opt/airflow/dags/isr_pipeline.py
[2026-04-05T12:37:09.539+0000] {logging_mixin.py:188} INFO - [2026-04-05T12:37:09.539+0000] {dag.py:3096} INFO - Sync 1 DAGs
[2026-04-05T12:37:09.581+0000] {processor.py:183} INFO - Processing /opt/airflow/dags/isr_pipeline.py took 0.109 seconds
[2026-04-05T12:37:39.719+0000] {processor.py:161} INFO - Started process (PID=59066) to work on /opt/airflow/dags/isr_pipeline.py
[2026-04-05T12:37:39.720+0000] {processor.py:830} INFO - Processing file /opt/airflow/dags/isr_pipeline.py for tasks to queue
[2026-04-05T12:37:39.722+0000] {logging_mixin.py:188} INFO - [2026-04-05T12:37:39.722+0000] {dagbag.py:540} INFO - Filling up the DagBag from /opt/airflow/dags/isr_pipeline.py
[2026-04-05T12:37:39.741+0000] {processor.py:840} INFO - DAG(s) 'isr_pipeline' retrieved from /opt/airflow/dags/isr_pipeline.py
[2026-04-05T12:37:39.783+0000] {logging_mixin.py:188} INFO - [2026-04-05T12:37:39.783+0000] {dag.py:3096} INFO - Sync 1 DAGs
[2026-04-05T12:37:39.832+0000] {processor.py:183} INFO - Processing /opt/airflow/dags/isr_pipeline.py took 0.121 seconds
[2026-04-05T12:38:09.966+0000] {processor.py:161} INFO - Started process (PID=59071) to work on /opt/airflow/dags/isr_pipeline.py
[2026-04-05T12:38:09.968+0000] {processor.py:830} INFO - Processing file /opt/airflow/dags/isr_pipeline.py for tasks to queue
[2026-04-05T12:38:09.969+0000] {logging_mixin.py:188} INFO - [2026-04-05T12:38:09.969+0000] {dagbag.py:540} INFO - Filling up the DagBag from /opt/airflow/dags/isr_pipeline.py
[2026-04-05T12:38:09.988+0000] {processor.py:840} INFO - DAG(s) 'isr_pipeline' retrieved from /opt/airflow/dags/isr_pipeline.py
[2026-04-05T12:38:10.031+0000] {logging_mixin.py:188} INFO - [2026-04-05T12:38:10.031+0000] {dag.py:3096} INFO - Sync 1 DAGs
[2026-04-05T12:38:10.088+0000] {processor.py:183} INFO - Processing /opt/airflow/dags/isr_pipeline.py took 0.131 seconds
[2026-04-05T12:38:40.272+0000] {processor.py:161} INFO - Started process (PID=59076) to work on /opt/airflow/dags/isr_pipeline.py
[2026-04-05T12:38:40.274+0000] {processor.py:830} INFO - Processing file /opt/airflow/dags/isr_pipeline.py for tasks to queue
[2026-04-05T12:38:40.275+0000] {logging_mixin.py:188} INFO - [2026-04-05T12:38:40.275+0000] {dagbag.py:540} INFO - Filling up the DagBag from /opt/airflow/dags/isr_pipeline.py
[2026-04-05T12:38:40.293+0000] {processor.py:840} INFO - DAG(s) 'isr_pipeline' retrieved from /opt/airflow/dags/isr_pipeline.py
[2026-04-05T12:38:40.331+0000] {logging_mixin.py:188} INFO - [2026-04-05T12:38:40.331+0000] {dag.py:3096} INFO - Sync 1 DAGs
[2026-04-05T12:38:40.376+0000] {processor.py:183} INFO - Processing /opt/airflow/dags/isr_pipeline.py took 0.112 seconds
[2026-04-05T12:39:10.436+0000] {processor.py:161} INFO - Started process (PID=59081) to work on /opt/airflow/dags/isr_pipeline.py
[2026-04-05T12:39:10.437+0000] {processor.py:830} INFO - Processing file /opt/airflow/dags/isr_pipeline.py for tasks to queue
[2026-04-05T12:39:10.439+0000] {logging_mixin.py:188} INFO - [2026-04-05T12:39:10.438+0000] {dagbag.py:540} INFO - Filling up the DagBag from /opt/airflow/dags/isr_pipeline.py
[2026-04-05T12:39:10.458+0000] {processor.py:840} INFO - DAG(s) 'isr_pipeline' retrieved from /opt/airflow/dags/isr_pipeline.py
[2026-04-05T12:39:10.498+0000] {logging_mixin.py:188} INFO - [2026-04-05T12:39:10.498+0000] {dag.py:3096} INFO - Sync 1 DAGs
[2026-04-05T12:39:10.543+0000] {processor.py:183} INFO - Processing /opt/airflow/dags/isr_pipeline.py took 0.117 seconds
[2026-04-05T12:39:40.672+0000] {processor.py:161} INFO - Started process (PID=59086) to work on /opt/airflow/dags/isr_pipeline.py
[2026-04-05T12:39:40.674+0000] {processor.py:830} INFO - Processing file /opt/airflow/dags/isr_pipeline.py for tasks to queue
[2026-04-05T12:39:40.675+0000] {logging_mixin.py:188} INFO - [2026-04-05T12:39:40.674+0000] {dagbag.py:540} INFO - Filling up the DagBag from /opt/airflow/dags/isr_pipeline.py
[2026-04-05T12:39:40.692+0000] {processor.py:840} INFO - DAG(s) 'isr_pipeline' retrieved from /opt/airflow/dags/isr_pipeline.py
[2026-04-05T12:39:40.728+0000] {logging_mixin.py:188} INFO - [2026-04-05T12:39:40.728+0000] {dag.py:3096} INFO - Sync 1 DAGs
[2026-04-05T12:39:40.769+0000] {processor.py:183} INFO - Processing /opt/airflow/dags/isr_pipeline.py took 0.104 seconds
[2026-04-05T12:40:10.859+0000] {processor.py:161} INFO - Started process (PID=59091) to work on /opt/airflow/dags/isr_pipeline.py
[2026-04-05T12:40:10.861+0000] {processor.py:830} INFO - Processing file /opt/airflow/dags/isr_pipeline.py for tasks to queue
[2026-04-05T12:40:10.863+0000] {logging_mixin.py:188} INFO - [2026-04-05T12:40:10.863+0000] {dagbag.py:540} INFO - Filling up the DagBag from /opt/airflow/dags/isr_pipeline.py
[2026-04-05T12:40:10.883+0000] {processor.py:840} INFO - DAG(s) 'isr_pipeline' retrieved from /opt/airflow/dags/isr_pipeline.py
[2026-04-05T12:40:10.925+0000] {logging_mixin.py:188} INFO - [2026-04-05T12:40:10.925+0000] {dag.py:3096} INFO - Sync 1 DAGs
[2026-04-05T12:40:10.973+0000] {processor.py:183} INFO - Processing /opt/airflow/dags/isr_pipeline.py took 0.124 seconds
[2026-04-05T12:40:41.160+0000] {processor.py:161} INFO - Started process (PID=59096) to work on /opt/airflow/dags/isr_pipeline.py
[2026-04-05T12:40:41.161+0000] {processor.py:830} INFO - Processing file /opt/airflow/dags/isr_pipeline.py for tasks to queue
[2026-04-05T12:40:41.163+0000] {logging_mixin.py:188} INFO - [2026-04-05T12:40:41.162+0000] {dagbag.py:540} INFO - Filling up the DagBag from /opt/airflow/dags/isr_pipeline.py
[2026-04-05T12:40:41.180+0000] {processor.py:840} INFO - DAG(s) 'isr_pipeline' retrieved from /opt/airflow/dags/isr_pipeline.py
[2026-04-05T12:40:41.216+0000] {logging_mixin.py:188} INFO - [2026-04-05T12:40:41.216+0000] {dag.py:3096} INFO - Sync 1 DAGs
[2026-04-05T12:40:41.258+0000] {processor.py:183} INFO - Processing /opt/airflow/dags/isr_pipeline.py took 0.106 seconds
[2026-04-05T12:41:11.337+0000] {processor.py:161} INFO - Started process (PID=59101) to work on /opt/airflow/dags/isr_pipeline.py
[2026-04-05T12:41:11.339+0000] {processor.py:830} INFO - Processing file /opt/airflow/dags/isr_pipeline.py for tasks to queue
[2026-04-05T12:41:11.340+0000] {logging_mixin.py:188} INFO - [2026-04-05T12:41:11.340+0000] {dagbag.py:540} INFO - Filling up the DagBag from /opt/airflow/dags/isr_pipeline.py
[2026-04-05T12:41:11.358+0000] {processor.py:840} INFO - DAG(s) 'isr_pipeline' retrieved from /opt/airflow/dags/isr_pipeline.py
[2026-04-05T12:41:11.396+0000] {logging_mixin.py:188} INFO - [2026-04-05T12:41:11.396+0000] {dag.py:3096} INFO - Sync 1 DAGs
[2026-04-05T12:41:11.506+0000] {processor.py:183} INFO - Processing /opt/airflow/dags/isr_pipeline.py took 0.177 seconds
[2026-04-05T12:41:41.618+0000] {processor.py:161} INFO - Started process (PID=59106) to work on /opt/airflow/dags/isr_pipeline.py
[2026-04-05T12:41:41.619+0000] {processor.py:830} INFO - Processing file /opt/airflow/dags/isr_pipeline.py for tasks to queue
[2026-04-05T12:41:41.621+0000] {logging_mixin.py:188} INFO - [2026-04-05T12:41:41.620+0000] {dagbag.py:540} INFO - Filling up the DagBag from /opt/airflow/dags/isr_pipeline.py
[2026-04-05T12:41:41.639+0000] {processor.py:840} INFO - DAG(s) 'isr_pipeline' retrieved from /opt/airflow/dags/isr_pipeline.py
[2026-04-05T12:41:41.676+0000] {logging_mixin.py:188} INFO - [2026-04-05T12:41:41.676+0000] {dag.py:3096} INFO - Sync 1 DAGs
[2026-04-05T12:41:41.719+0000] {processor.py:183} INFO - Processing /opt/airflow/dags/isr_pipeline.py took 0.109 seconds
[2026-04-05T12:42:11.855+0000] {processor.py:161} INFO - Started process (PID=59111) to work on /opt/airflow/dags/isr_pipeline.py
[2026-04-05T12:42:11.857+0000] {processor.py:830} INFO - Processing file /opt/airflow/dags/isr_pipeline.py for tasks to queue
[2026-04-05T12:42:11.858+0000] {logging_mixin.py:188} INFO - [2026-04-05T12:42:11.858+0000] {dagbag.py:540} INFO - Filling up the DagBag from /opt/airflow/dags/isr_pipeline.py
[2026-04-05T12:42:11.877+0000] {processor.py:840} INFO - DAG(s) 'isr_pipeline' retrieved from /opt/airflow/dags/isr_pipeline.py
[2026-04-05T12:42:11.915+0000] {logging_mixin.py:188} INFO - [2026-04-05T12:42:11.915+0000] {dag.py:3096} INFO - Sync 1 DAGs
[2026-04-05T12:42:11.966+0000] {processor.py:183} INFO - Processing /opt/airflow/dags/isr_pipeline.py took 0.120 seconds
[2026-04-05T12:42:42.021+0000] {processor.py:161} INFO - Started process (PID=59116) to work on /opt/airflow/dags/isr_pipeline.py
[2026-04-05T12:42:42.022+0000] {processor.py:830} INFO - Processing file /opt/airflow/dags/isr_pipeline.py for tasks to queue
[2026-04-05T12:42:42.024+0000] {logging_mixin.py:188} INFO - [2026-04-05T12:42:42.023+0000] {dagbag.py:540} INFO - Filling up the DagBag from /opt/airflow/dags/isr_pipeline.py
[2026-04-05T12:42:42.042+0000] {processor.py:840} INFO - DAG(s) 'isr_pipeline' retrieved from /opt/airflow/dags/isr_pipeline.py
[2026-04-05T12:42:42.081+0000] {logging_mixin.py:188} INFO - [2026-04-05T12:42:42.081+0000] {dag.py:3096} INFO - Sync 1 DAGs
[2026-04-05T12:42:42.124+0000] {processor.py:183} INFO - Processing /opt/airflow/dags/isr_pipeline.py took 0.112 seconds
[2026-04-05T12:43:12.201+0000] {processor.py:161} INFO - Started process (PID=59121) to work on /opt/airflow/dags/isr_pipeline.py
[2026-04-05T12:43:12.202+0000] {processor.py:830} INFO - Processing file /opt/airflow/dags/isr_pipeline.py for tasks to queue
[2026-04-05T12:43:12.204+0000] {logging_mixin.py:188} INFO - [2026-04-05T12:43:12.204+0000] {dagbag.py:540} INFO - Filling up the DagBag from /opt/airflow/dags/isr_pipeline.py
[2026-04-05T12:43:12.222+0000] {processor.py:840} INFO - DAG(s) 'isr_pipeline' retrieved from /opt/airflow/dags/isr_pipeline.py
[2026-04-05T12:43:12.259+0000] {logging_mixin.py:188} INFO - [2026-04-05T12:43:12.259+0000] {dag.py:3096} INFO - Sync 1 DAGs
[2026-04-05T12:43:12.301+0000] {processor.py:183} INFO - Processing /opt/airflow/dags/isr_pipeline.py took 0.109 seconds
[2026-04-05T12:43:42.430+0000] {processor.py:161} INFO - Started process (PID=59126) to work on /opt/airflow/dags/isr_pipeline.py
[2026-04-05T12:43:42.431+0000] {processor.py:830} INFO - Processing file /opt/airflow/dags/isr_pipeline.py for tasks to queue
[2026-04-05T12:43:42.432+0000] {logging_mixin.py:188} INFO - [2026-04-05T12:43:42.432+0000] {dagbag.py:540} INFO - Filling up the DagBag from /opt/airflow/dags/isr_pipeline.py
[2026-04-05T12:43:42.450+0000] {processor.py:840} INFO - DAG(s) 'isr_pipeline' retrieved from /opt/airflow/dags/isr_pipeline.py
[2026-04-05T12:43:42.487+0000] {logging_mixin.py:188} INFO - [2026-04-05T12:43:42.487+0000] {dag.py:3096} INFO - Sync 1 DAGs
[2026-04-05T12:43:42.529+0000] {processor.py:183} INFO - Processing /opt/airflow/dags/isr_pipeline.py took 0.108 seconds
[2026-04-05T12:44:12.590+0000] {processor.py:161} INFO - Started process (PID=59131) to work on /opt/airflow/dags/isr_pipeline.py
[2026-04-05T12:44:12.591+0000] {processor.py:830} INFO - Processing file /opt/airflow/dags/isr_pipeline.py for tasks to queue
[2026-04-05T12:44:12.592+0000] {logging_mixin.py:188} INFO - [2026-04-05T12:44:12.592+0000] {dagbag.py:540} INFO - Filling up the DagBag from /opt/airflow/dags/isr_pipeline.py
[2026-04-05T12:44:12.610+0000] {processor.py:840} INFO - DAG(s) 'isr_pipeline' retrieved from /opt/airflow/dags/isr_pipeline.py
[2026-04-05T12:44:12.648+0000] {logging_mixin.py:188} INFO - [2026-04-05T12:44:12.648+0000] {dag.py:3096} INFO - Sync 1 DAGs
[2026-04-05T12:44:12.690+0000] {processor.py:183} INFO - Processing /opt/airflow/dags/isr_pipeline.py took 0.108 seconds
[2026-04-05T12:44:42.856+0000] {processor.py:161} INFO - Started process (PID=59136) to work on /opt/airflow/dags/isr_pipeline.py
[2026-04-05T12:44:42.857+0000] {processor.py:830} INFO - Processing file /opt/airflow/dags/isr_pipeline.py for tasks to queue
[2026-04-05T12:44:42.858+0000] {logging_mixin.py:188} INFO - [2026-04-05T12:44:42.858+0000] {dagbag.py:540} INFO - Filling up the DagBag from /opt/airflow/dags/isr_pipeline.py
[2026-04-05T12:44:42.876+0000] {processor.py:840} INFO - DAG(s) 'isr_pipeline' retrieved from /opt/airflow/dags/isr_pipeline.py
[2026-04-05T12:44:42.913+0000] {logging_mixin.py:188} INFO - [2026-04-05T12:44:42.913+0000] {dag.py:3096} INFO - Sync 1 DAGs
[2026-04-05T12:44:42.956+0000] {processor.py:183} INFO - Processing /opt/airflow/dags/isr_pipeline.py took 0.108 seconds
[2026-04-05T12:45:13.001+0000] {processor.py:161} INFO - Started process (PID=59141) to work on /opt/airflow/dags/isr_pipeline.py
[2026-04-05T12:45:13.002+0000] {processor.py:830} INFO - Processing file /opt/airflow/dags/isr_pipeline.py for tasks to queue
[2026-04-05T12:45:13.004+0000] {logging_mixin.py:188} INFO - [2026-04-05T12:45:13.003+0000] {dagbag.py:540} INFO - Filling up the DagBag from /opt/airflow/dags/isr_pipeline.py
[2026-04-05T12:45:13.022+0000] {processor.py:840} INFO - DAG(s) 'isr_pipeline' retrieved from /opt/airflow/dags/isr_pipeline.py
[2026-04-05T12:45:13.060+0000] {logging_mixin.py:188} INFO - [2026-04-05T12:45:13.060+0000] {dag.py:3096} INFO - Sync 1 DAGs
[2026-04-05T12:45:13.103+0000] {processor.py:183} INFO - Processing /opt/airflow/dags/isr_pipeline.py took 0.111 seconds
[2026-04-05T12:45:43.298+0000] {processor.py:161} INFO - Started process (PID=59146) to work on /opt/airflow/dags/isr_pipeline.py
[2026-04-05T12:45:43.299+0000] {processor.py:830} INFO - Processing file /opt/airflow/dags/isr_pipeline.py for tasks to queue
[2026-04-05T12:45:43.301+0000] {logging_mixin.py:188} INFO - [2026-04-05T12:45:43.300+0000] {dagbag.py:540} INFO - Filling up the DagBag from /opt/airflow/dags/isr_pipeline.py
[2026-04-05T12:45:43.318+0000] {processor.py:840} INFO - DAG(s) 'isr_pipeline' retrieved from /opt/airflow/dags/isr_pipeline.py
[2026-04-05T12:45:43.355+0000] {logging_mixin.py:188} INFO - [2026-04-05T12:45:43.354+0000] {dag.py:3096} INFO - Sync 1 DAGs
[2026-04-05T12:45:43.396+0000] {processor.py:183} INFO - Processing /opt/airflow/dags/isr_pipeline.py took 0.107 seconds
[2026-04-05T12:46:13.471+0000] {processor.py:161} INFO - Started process (PID=59151) to work on /opt/airflow/dags/isr_pipeline.py
[2026-04-05T12:46:13.472+0000] {processor.py:830} INFO - Processing file /opt/airflow/dags/isr_pipeline.py for tasks to queue
[2026-04-05T12:46:13.474+0000] {logging_mixin.py:188} INFO - [2026-04-05T12:46:13.473+0000] {dagbag.py:540} INFO - Filling up the DagBag from /opt/airflow/dags/isr_pipeline.py
[2026-04-05T12:46:13.492+0000] {processor.py:840} INFO - DAG(s) 'isr_pipeline' retrieved from /opt/airflow/dags/isr_pipeline.py
[2026-04-05T12:46:13.531+0000] {logging_mixin.py:188} INFO - [2026-04-05T12:46:13.530+0000] {dag.py:3096} INFO - Sync 1 DAGs
[2026-04-05T12:46:13.573+0000] {processor.py:183} INFO - Processing /opt/airflow/dags/isr_pipeline.py took 0.112 seconds
[2026-04-05T12:46:43.718+0000] {processor.py:161} INFO - Started process (PID=59156) to work on /opt/airflow/dags/isr_pipeline.py
[2026-04-05T12:46:43.719+0000] {processor.py:830} INFO - Processing file /opt/airflow/dags/isr_pipeline.py for tasks to queue
[2026-04-05T12:46:43.720+0000] {logging_mixin.py:188} INFO - [2026-04-05T12:46:43.720+0000] {dagbag.py:540} INFO - Filling up the DagBag from /opt/airflow/dags/isr_pipeline.py
[2026-04-05T12:46:43.737+0000] {processor.py:840} INFO - DAG(s) 'isr_pipeline' retrieved from /opt/airflow/dags/isr_pipeline.py
[2026-04-05T12:46:43.773+0000] {logging_mixin.py:188} INFO - [2026-04-05T12:46:43.773+0000] {dag.py:3096} INFO - Sync 1 DAGs
[2026-04-05T12:46:43.815+0000] {processor.py:183} INFO - Processing /opt/airflow/dags/isr_pipeline.py took 0.106 seconds
[2026-04-05T12:47:13.901+0000] {processor.py:161} INFO - Started process (PID=59161) to work on /opt/airflow/dags/isr_pipeline.py
[2026-04-05T12:47:13.903+0000] {processor.py:830} INFO - Processing file /opt/airflow/dags/isr_pipeline.py for tasks to queue
[2026-04-05T12:47:13.904+0000] {logging_mixin.py:188} INFO - [2026-04-05T12:47:13.904+0000] {dagbag.py:540} INFO - Filling up the DagBag from /opt/airflow/dags/isr_pipeline.py
[2026-04-05T12:47:13.922+0000] {processor.py:840} INFO - DAG(s) 'isr_pipeline' retrieved from /opt/airflow/dags/isr_pipeline.py
[2026-04-05T12:47:13.959+0000] {logging_mixin.py:188} INFO - [2026-04-05T12:47:13.959+0000] {dag.py:3096} INFO - Sync 1 DAGs
[2026-04-05T12:47:14.004+0000] {processor.py:183} INFO - Processing /opt/airflow/dags/isr_pipeline.py took 0.111 seconds
[2026-04-05T12:47:44.132+0000] {processor.py:161} INFO - Started process (PID=59166) to work on /opt/airflow/dags/isr_pipeline.py
[2026-04-05T12:47:44.133+0000] {processor.py:830} INFO - Processing file /opt/airflow/dags/isr_pipeline.py for tasks to queue
[2026-04-05T12:47:44.135+0000] {logging_mixin.py:188} INFO - [2026-04-05T12:47:44.134+0000] {dagbag.py:540} INFO - Filling up the DagBag from /opt/airflow/dags/isr_pipeline.py
[2026-04-05T12:47:44.152+0000] {processor.py:840} INFO - DAG(s) 'isr_pipeline' retrieved from /opt/airflow/dags/isr_pipeline.py
[2026-04-05T12:47:44.191+0000] {logging_mixin.py:188} INFO - [2026-04-05T12:47:44.191+0000] {dag.py:3096} INFO - Sync 1 DAGs
[2026-04-05T12:47:44.234+0000] {processor.py:183} INFO - Processing /opt/airflow/dags/isr_pipeline.py took 0.111 seconds
[2026-04-05T12:48:14.323+0000] {processor.py:161} INFO - Started process (PID=59171) to work on /opt/airflow/dags/isr_pipeline.py
[2026-04-05T12:48:14.324+0000] {processor.py:830} INFO - Processing file /opt/airflow/dags/isr_pipeline.py for tasks to queue
[2026-04-05T12:48:14.326+0000] {logging_mixin.py:188} INFO - [2026-04-05T12:48:14.325+0000] {dagbag.py:540} INFO - Filling up the DagBag from /opt/airflow/dags/isr_pipeline.py
[2026-04-05T12:48:14.344+0000] {processor.py:840} INFO - DAG(s) 'isr_pipeline' retrieved from /opt/airflow/dags/isr_pipeline.py
[2026-04-05T12:48:14.383+0000] {logging_mixin.py:188} INFO - [2026-04-05T12:48:14.383+0000] {dag.py:3096} INFO - Sync 1 DAGs
[2026-04-05T12:48:14.425+0000] {processor.py:183} INFO - Processing /opt/airflow/dags/isr_pipeline.py took 0.112 seconds
[2026-04-05T12:48:44.586+0000] {processor.py:161} INFO - Started process (PID=59176) to work on /opt/airflow/dags/isr_pipeline.py
[2026-04-05T12:48:44.587+0000] {processor.py:830} INFO - Processing file /opt/airflow/dags/isr_pipeline.py for tasks to queue
[2026-04-05T12:48:44.588+0000] {logging_mixin.py:188} INFO - [2026-04-05T12:48:44.588+0000] {dagbag.py:540} INFO - Filling up the DagBag from /opt/airflow/dags/isr_pipeline.py
[2026-04-05T12:48:44.606+0000] {processor.py:840} INFO - DAG(s) 'isr_pipeline' retrieved from /opt/airflow/dags/isr_pipeline.py
[2026-04-05T12:48:44.641+0000] {logging_mixin.py:188} INFO - [2026-04-05T12:48:44.641+0000] {dag.py:3096} INFO - Sync 1 DAGs
[2026-04-05T12:48:44.684+0000] {processor.py:183} INFO - Processing /opt/airflow/dags/isr_pipeline.py took 0.105 seconds
[2026-04-05T12:49:14.766+0000] {processor.py:161} INFO - Started process (PID=59181) to work on /opt/airflow/dags/isr_pipeline.py
[2026-04-05T12:49:14.767+0000] {processor.py:830} INFO - Processing file /opt/airflow/dags/isr_pipeline.py for tasks to queue
[2026-04-05T12:49:14.769+0000] {logging_mixin.py:188} INFO - [2026-04-05T12:49:14.768+0000] {dagbag.py:540} INFO - Filling up the DagBag from /opt/airflow/dags/isr_pipeline.py
[2026-04-05T12:49:14.787+0000] {processor.py:840} INFO - DAG(s) 'isr_pipeline' retrieved from /opt/airflow/dags/isr_pipeline.py
[2026-04-05T12:49:14.828+0000] {logging_mixin.py:188} INFO - [2026-04-05T12:49:14.827+0000] {dag.py:3096} INFO - Sync 1 DAGs
[2026-04-05T12:49:14.872+0000] {processor.py:183} INFO - Processing /opt/airflow/dags/isr_pipeline.py took 0.114 seconds
[2026-04-05T12:49:45.011+0000] {processor.py:161} INFO - Started process (PID=59186) to work on /opt/airflow/dags/isr_pipeline.py
[2026-04-05T12:49:45.013+0000] {processor.py:830} INFO - Processing file /opt/airflow/dags/isr_pipeline.py for tasks to queue
[2026-04-05T12:49:45.015+0000] {logging_mixin.py:188} INFO - [2026-04-05T12:49:45.015+0000] {dagbag.py:540} INFO - Filling up the DagBag from /opt/airflow/dags/isr_pipeline.py
[2026-04-05T12:49:45.033+0000] {processor.py:840} INFO - DAG(s) 'isr_pipeline' retrieved from /opt/airflow/dags/isr_pipeline.py
[2026-04-05T12:49:45.073+0000] {logging_mixin.py:188} INFO - [2026-04-05T12:49:45.072+0000] {dag.py:3096} INFO - Sync 1 DAGs
[2026-04-05T12:49:45.150+0000] {processor.py:183} INFO - Processing /opt/airflow/dags/isr_pipeline.py took 0.147 seconds
[2026-04-05T12:50:15.328+0000] {processor.py:161} INFO - Started process (PID=59191) to work on /opt/airflow/dags/isr_pipeline.py
[2026-04-05T12:50:15.330+0000] {processor.py:830} INFO - Processing file /opt/airflow/dags/isr_pipeline.py for tasks to queue
[2026-04-05T12:50:15.331+0000] {logging_mixin.py:188} INFO - [2026-04-05T12:50:15.331+0000] {dagbag.py:540} INFO - Filling up the DagBag from /opt/airflow/dags/isr_pipeline.py
[2026-04-05T12:50:15.349+0000] {processor.py:840} INFO - DAG(s) 'isr_pipeline' retrieved from /opt/airflow/dags/isr_pipeline.py
[2026-04-05T12:50:15.387+0000] {logging_mixin.py:188} INFO - [2026-04-05T12:50:15.387+0000] {dag.py:3096} INFO - Sync 1 DAGs
[2026-04-05T12:50:15.430+0000] {processor.py:183} INFO - Processing /opt/airflow/dags/isr_pipeline.py took 0.111 seconds
[2026-04-05T12:50:45.499+0000] {processor.py:161} INFO - Started process (PID=59196) to work on /opt/airflow/dags/isr_pipeline.py
[2026-04-05T12:50:45.500+0000] {processor.py:830} INFO - Processing file /opt/airflow/dags/isr_pipeline.py for tasks to queue
[2026-04-05T12:50:45.502+0000] {logging_mixin.py:188} INFO - [2026-04-05T12:50:45.501+0000] {dagbag.py:540} INFO - Filling up the DagBag from /opt/airflow/dags/isr_pipeline.py
[2026-04-05T12:50:45.519+0000] {processor.py:840} INFO - DAG(s) 'isr_pipeline' retrieved from /opt/airflow/dags/isr_pipeline.py
[2026-04-05T12:50:45.557+0000] {logging_mixin.py:188} INFO - [2026-04-05T12:50:45.557+0000] {dag.py:3096} INFO - Sync 1 DAGs
[2026-04-05T12:50:45.600+0000] {processor.py:183} INFO - Processing /opt/airflow/dags/isr_pipeline.py took 0.110 seconds
[2026-04-05T12:51:15.744+0000] {processor.py:161} INFO - Started process (PID=59201) to work on /opt/airflow/dags/isr_pipeline.py
[2026-04-05T12:51:15.746+0000] {processor.py:830} INFO - Processing file /opt/airflow/dags/isr_pipeline.py for tasks to queue
[2026-04-05T12:51:15.747+0000] {logging_mixin.py:188} INFO - [2026-04-05T12:51:15.747+0000] {dagbag.py:540} INFO - Filling up the DagBag from /opt/airflow/dags/isr_pipeline.py
[2026-04-05T12:51:15.765+0000] {processor.py:840} INFO - DAG(s) 'isr_pipeline' retrieved from /opt/airflow/dags/isr_pipeline.py
[2026-04-05T12:51:15.802+0000] {logging_mixin.py:188} INFO - [2026-04-05T12:51:15.801+0000] {dag.py:3096} INFO - Sync 1 DAGs
[2026-04-05T12:51:15.844+0000] {processor.py:183} INFO - Processing /opt/airflow/dags/isr_pipeline.py took 0.107 seconds
[2026-04-05T12:51:46.000+0000] {processor.py:161} INFO - Started process (PID=59206) to work on /opt/airflow/dags/isr_pipeline.py
[2026-04-05T12:51:46.002+0000] {processor.py:830} INFO - Processing file /opt/airflow/dags/isr_pipeline.py for tasks to queue
[2026-04-05T12:51:46.003+0000] {logging_mixin.py:188} INFO - [2026-04-05T12:51:46.003+0000] {dagbag.py:540} INFO - Filling up the DagBag from /opt/airflow/dags/isr_pipeline.py
[2026-04-05T12:51:46.021+0000] {processor.py:840} INFO - DAG(s) 'isr_pipeline' retrieved from /opt/airflow/dags/isr_pipeline.py
[2026-04-05T12:51:46.060+0000] {logging_mixin.py:188} INFO - [2026-04-05T12:51:46.060+0000] {dag.py:3096} INFO - Sync 1 DAGs
[2026-04-05T12:51:46.106+0000] {processor.py:183} INFO - Processing /opt/airflow/dags/isr_pipeline.py took 0.115 seconds
[2026-04-05T12:52:16.165+0000] {processor.py:161} INFO - Started process (PID=59211) to work on /opt/airflow/dags/isr_pipeline.py
[2026-04-05T12:52:16.166+0000] {processor.py:830} INFO - Processing file /opt/airflow/dags/isr_pipeline.py for tasks to queue
[2026-04-05T12:52:16.168+0000] {logging_mixin.py:188} INFO - [2026-04-05T12:52:16.167+0000] {dagbag.py:540} INFO - Filling up the DagBag from /opt/airflow/dags/isr_pipeline.py
[2026-04-05T12:52:16.186+0000] {processor.py:840} INFO - DAG(s) 'isr_pipeline' retrieved from /opt/airflow/dags/isr_pipeline.py
[2026-04-05T12:52:16.223+0000] {logging_mixin.py:188} INFO - [2026-04-05T12:52:16.223+0000] {dag.py:3096} INFO - Sync 1 DAGs
[2026-04-05T12:52:16.268+0000] {processor.py:183} INFO - Processing /opt/airflow/dags/isr_pipeline.py took 0.110 seconds
[2026-04-05T12:52:46.356+0000] {processor.py:161} INFO - Started process (PID=59216) to work on /opt/airflow/dags/isr_pipeline.py
[2026-04-05T12:52:46.357+0000] {processor.py:830} INFO - Processing file /opt/airflow/dags/isr_pipeline.py for tasks to queue
[2026-04-05T12:52:46.359+0000] {logging_mixin.py:188} INFO - [2026-04-05T12:52:46.358+0000] {dagbag.py:540} INFO - Filling up the DagBag from /opt/airflow/dags/isr_pipeline.py
[2026-04-05T12:52:46.376+0000] {processor.py:840} INFO - DAG(s) 'isr_pipeline' retrieved from /opt/airflow/dags/isr_pipeline.py
[2026-04-05T12:52:46.414+0000] {logging_mixin.py:188} INFO - [2026-04-05T12:52:46.414+0000] {dag.py:3096} INFO - Sync 1 DAGs
[2026-04-05T12:52:46.457+0000] {processor.py:183} INFO - Processing /opt/airflow/dags/isr_pipeline.py took 0.110 seconds
[2026-04-05T12:53:16.579+0000] {processor.py:161} INFO - Started process (PID=59221) to work on /opt/airflow/dags/isr_pipeline.py
[2026-04-05T12:53:16.580+0000] {processor.py:830} INFO - Processing file /opt/airflow/dags/isr_pipeline.py for tasks to queue
[2026-04-05T12:53:16.582+0000] {logging_mixin.py:188} INFO - [2026-04-05T12:53:16.581+0000] {dagbag.py:540} INFO - Filling up the DagBag from /opt/airflow/dags/isr_pipeline.py
[2026-04-05T12:53:16.599+0000] {processor.py:840} INFO - DAG(s) 'isr_pipeline' retrieved from /opt/airflow/dags/isr_pipeline.py
[2026-04-05T12:53:16.636+0000] {logging_mixin.py:188} INFO - [2026-04-05T12:53:16.635+0000] {dag.py:3096} INFO - Sync 1 DAGs
[2026-04-05T12:53:16.678+0000] {processor.py:183} INFO - Processing /opt/airflow/dags/isr_pipeline.py took 0.107 seconds
[2026-04-05T12:53:46.783+0000] {processor.py:161} INFO - Started process (PID=59226) to work on /opt/airflow/dags/isr_pipeline.py
[2026-04-05T12:53:46.784+0000] {processor.py:830} INFO - Processing file /opt/airflow/dags/isr_pipeline.py for tasks to queue
[2026-04-05T12:53:46.786+0000] {logging_mixin.py:188} INFO - [2026-04-05T12:53:46.785+0000] {dagbag.py:540} INFO - Filling up the DagBag from /opt/airflow/dags/isr_pipeline.py
[2026-04-05T12:53:46.804+0000] {processor.py:840} INFO - DAG(s) 'isr_pipeline' retrieved from /opt/airflow/dags/isr_pipeline.py
[2026-04-05T12:53:46.844+0000] {logging_mixin.py:188} INFO - [2026-04-05T12:53:46.843+0000] {dag.py:3096} INFO - Sync 1 DAGs
[2026-04-05T12:53:46.889+0000] {processor.py:183} INFO - Processing /opt/airflow/dags/isr_pipeline.py took 0.114 seconds
[2026-04-05T12:54:17.016+0000] {processor.py:161} INFO - Started process (PID=59231) to work on /opt/airflow/dags/isr_pipeline.py
[2026-04-05T12:54:17.018+0000] {processor.py:830} INFO - Processing file /opt/airflow/dags/isr_pipeline.py for tasks to queue
[2026-04-05T12:54:17.019+0000] {logging_mixin.py:188} INFO - [2026-04-05T12:54:17.018+0000] {dagbag.py:540} INFO - Filling up the DagBag from /opt/airflow/dags/isr_pipeline.py
[2026-04-05T12:54:17.037+0000] {processor.py:840} INFO - DAG(s) 'isr_pipeline' retrieved from /opt/airflow/dags/isr_pipeline.py
[2026-04-05T12:54:17.073+0000] {logging_mixin.py:188} INFO - [2026-04-05T12:54:17.073+0000] {dag.py:3096} INFO - Sync 1 DAGs
[2026-04-05T12:54:17.116+0000] {processor.py:183} INFO - Processing /opt/airflow/dags/isr_pipeline.py took 0.108 seconds
[2026-04-05T12:54:47.196+0000] {processor.py:161} INFO - Started process (PID=59236) to work on /opt/airflow/dags/isr_pipeline.py
[2026-04-05T12:54:47.197+0000] {processor.py:830} INFO - Processing file /opt/airflow/dags/isr_pipeline.py for tasks to queue
[2026-04-05T12:54:47.198+0000] {logging_mixin.py:188} INFO - [2026-04-05T12:54:47.198+0000] {dagbag.py:540} INFO - Filling up the DagBag from /opt/airflow/dags/isr_pipeline.py
[2026-04-05T12:54:47.217+0000] {processor.py:840} INFO - DAG(s) 'isr_pipeline' retrieved from /opt/airflow/dags/isr_pipeline.py
[2026-04-05T12:54:47.256+0000] {logging_mixin.py:188} INFO - [2026-04-05T12:54:47.256+0000] {dag.py:3096} INFO - Sync 1 DAGs
[2026-04-05T12:54:47.300+0000] {processor.py:183} INFO - Processing /opt/airflow/dags/isr_pipeline.py took 0.112 seconds
[2026-04-05T12:55:17.424+0000] {processor.py:161} INFO - Started process (PID=59241) to work on /opt/airflow/dags/isr_pipeline.py
[2026-04-05T12:55:17.425+0000] {processor.py:830} INFO - Processing file /opt/airflow/dags/isr_pipeline.py for tasks to queue
[2026-04-05T12:55:17.426+0000] {logging_mixin.py:188} INFO - [2026-04-05T12:55:17.426+0000] {dagbag.py:540} INFO - Filling up the DagBag from /opt/airflow/dags/isr_pipeline.py
[2026-04-05T12:55:17.444+0000] {processor.py:840} INFO - DAG(s) 'isr_pipeline' retrieved from /opt/airflow/dags/isr_pipeline.py
[2026-04-05T12:55:17.481+0000] {logging_mixin.py:188} INFO - [2026-04-05T12:55:17.481+0000] {dag.py:3096} INFO - Sync 1 DAGs
[2026-04-05T12:55:17.523+0000] {processor.py:183} INFO - Processing /opt/airflow/dags/isr_pipeline.py took 0.107 seconds
[2026-04-05T12:55:47.581+0000] {processor.py:161} INFO - Started process (PID=59246) to work on /opt/airflow/dags/isr_pipeline.py
[2026-04-05T12:55:47.582+0000] {processor.py:830} INFO - Processing file /opt/airflow/dags/isr_pipeline.py for tasks to queue
[2026-04-05T12:55:47.584+0000] {logging_mixin.py:188} INFO - [2026-04-05T12:55:47.583+0000] {dagbag.py:540} INFO - Filling up the DagBag from /opt/airflow/dags/isr_pipeline.py
[2026-04-05T12:55:47.602+0000] {processor.py:840} INFO - DAG(s) 'isr_pipeline' retrieved from /opt/airflow/dags/isr_pipeline.py
[2026-04-05T12:55:47.641+0000] {logging_mixin.py:188} INFO - [2026-04-05T12:55:47.641+0000] {dag.py:3096} INFO - Sync 1 DAGs
[2026-04-05T12:55:47.684+0000] {processor.py:183} INFO - Processing /opt/airflow/dags/isr_pipeline.py took 0.111 seconds
[2026-04-05T12:56:17.842+0000] {processor.py:161} INFO - Started process (PID=59251) to work on /opt/airflow/dags/isr_pipeline.py
[2026-04-05T12:56:17.844+0000] {processor.py:830} INFO - Processing file /opt/airflow/dags/isr_pipeline.py for tasks to queue
[2026-04-05T12:56:17.846+0000] {logging_mixin.py:188} INFO - [2026-04-05T12:56:17.845+0000] {dagbag.py:540} INFO - Filling up the DagBag from /opt/airflow/dags/isr_pipeline.py
[2026-04-05T12:56:17.865+0000] {processor.py:840} INFO - DAG(s) 'isr_pipeline' retrieved from /opt/airflow/dags/isr_pipeline.py
[2026-04-05T12:56:17.905+0000] {logging_mixin.py:188} INFO - [2026-04-05T12:56:17.905+0000] {dag.py:3096} INFO - Sync 1 DAGs
[2026-04-05T12:56:17.951+0000] {processor.py:183} INFO - Processing /opt/airflow/dags/isr_pipeline.py took 0.117 seconds
[2026-04-05T12:56:48.109+0000] {processor.py:161} INFO - Started process (PID=59256) to work on /opt/airflow/dags/isr_pipeline.py
[2026-04-05T12:56:48.111+0000] {processor.py:830} INFO - Processing file /opt/airflow/dags/isr_pipeline.py for tasks to queue
[2026-04-05T12:56:48.112+0000] {logging_mixin.py:188} INFO - [2026-04-05T12:56:48.112+0000] {dagbag.py:540} INFO - Filling up the DagBag from /opt/airflow/dags/isr_pipeline.py
[2026-04-05T12:56:48.130+0000] {processor.py:840} INFO - DAG(s) 'isr_pipeline' retrieved from /opt/airflow/dags/isr_pipeline.py
[2026-04-05T12:56:48.169+0000] {logging_mixin.py:188} INFO - [2026-04-05T12:56:48.169+0000] {dag.py:3096} INFO - Sync 1 DAGs
[2026-04-05T12:56:48.214+0000] {processor.py:183} INFO - Processing /opt/airflow/dags/isr_pipeline.py took 0.113 seconds
[2026-04-05T12:57:18.270+0000] {processor.py:161} INFO - Started process (PID=59261) to work on /opt/airflow/dags/isr_pipeline.py
[2026-04-05T12:57:18.272+0000] {processor.py:830} INFO - Processing file /opt/airflow/dags/isr_pipeline.py for tasks to queue
[2026-04-05T12:57:18.275+0000] {logging_mixin.py:188} INFO - [2026-04-05T12:57:18.274+0000] {dagbag.py:540} INFO - Filling up the DagBag from /opt/airflow/dags/isr_pipeline.py
[2026-04-05T12:57:18.299+0000] {processor.py:840} INFO - DAG(s) 'isr_pipeline' retrieved from /opt/airflow/dags/isr_pipeline.py
[2026-04-05T12:57:18.338+0000] {logging_mixin.py:188} INFO - [2026-04-05T12:57:18.338+0000] {dag.py:3096} INFO - Sync 1 DAGs
[2026-04-05T12:57:18.387+0000] {processor.py:183} INFO - Processing /opt/airflow/dags/isr_pipeline.py took 0.126 seconds
[2026-04-05T12:57:48.537+0000] {processor.py:161} INFO - Started process (PID=59266) to work on /opt/airflow/dags/isr_pipeline.py
[2026-04-05T12:57:48.539+0000] {processor.py:830} INFO - Processing file /opt/airflow/dags/isr_pipeline.py for tasks to queue
[2026-04-05T12:57:48.540+0000] {logging_mixin.py:188} INFO - [2026-04-05T12:57:48.540+0000] {dagbag.py:540} INFO - Filling up the DagBag from /opt/airflow/dags/isr_pipeline.py
[2026-04-05T12:57:48.558+0000] {processor.py:840} INFO - DAG(s) 'isr_pipeline' retrieved from /opt/airflow/dags/isr_pipeline.py
[2026-04-05T12:57:48.595+0000] {logging_mixin.py:188} INFO - [2026-04-05T12:57:48.595+0000] {dag.py:3096} INFO - Sync 1 DAGs
[2026-04-05T12:57:48.639+0000] {processor.py:183} INFO - Processing /opt/airflow/dags/isr_pipeline.py took 0.110 seconds
[2026-04-05T12:58:18.775+0000] {processor.py:161} INFO - Started process (PID=59271) to work on /opt/airflow/dags/isr_pipeline.py
[2026-04-05T12:58:18.777+0000] {processor.py:830} INFO - Processing file /opt/airflow/dags/isr_pipeline.py for tasks to queue
[2026-04-05T12:58:18.778+0000] {logging_mixin.py:188} INFO - [2026-04-05T12:58:18.778+0000] {dagbag.py:540} INFO - Filling up the DagBag from /opt/airflow/dags/isr_pipeline.py
[2026-04-05T12:58:18.796+0000] {processor.py:840} INFO - DAG(s) 'isr_pipeline' retrieved from /opt/airflow/dags/isr_pipeline.py
[2026-04-05T12:58:18.830+0000] {logging_mixin.py:188} INFO - [2026-04-05T12:58:18.830+0000] {dag.py:3096} INFO - Sync 1 DAGs
[2026-04-05T12:58:18.874+0000] {processor.py:183} INFO - Processing /opt/airflow/dags/isr_pipeline.py took 0.106 seconds
[2026-04-05T12:58:48.992+0000] {processor.py:161} INFO - Started process (PID=59276) to work on /opt/airflow/dags/isr_pipeline.py
[2026-04-05T12:58:48.994+0000] {processor.py:830} INFO - Processing file /opt/airflow/dags/isr_pipeline.py for tasks to queue
[2026-04-05T12:58:48.995+0000] {logging_mixin.py:188} INFO - [2026-04-05T12:58:48.995+0000] {dagbag.py:540} INFO - Filling up the DagBag from /opt/airflow/dags/isr_pipeline.py
[2026-04-05T12:58:49.013+0000] {processor.py:840} INFO - DAG(s) 'isr_pipeline' retrieved from /opt/airflow/dags/isr_pipeline.py
[2026-04-05T12:58:49.050+0000] {logging_mixin.py:188} INFO - [2026-04-05T12:58:49.050+0000] {dag.py:3096} INFO - Sync 1 DAGs
[2026-04-05T12:58:49.093+0000] {processor.py:183} INFO - Processing /opt/airflow/dags/isr_pipeline.py took 0.108 seconds
[2026-04-05T12:59:19.162+0000] {processor.py:161} INFO - Started process (PID=59281) to work on /opt/airflow/dags/isr_pipeline.py
[2026-04-05T12:59:19.164+0000] {processor.py:830} INFO - Processing file /opt/airflow/dags/isr_pipeline.py for tasks to queue
[2026-04-05T12:59:19.166+0000] {logging_mixin.py:188} INFO - [2026-04-05T12:59:19.165+0000] {dagbag.py:540} INFO - Filling up the DagBag from /opt/airflow/dags/isr_pipeline.py
[2026-04-05T12:59:19.185+0000] {processor.py:840} INFO - DAG(s) 'isr_pipeline' retrieved from /opt/airflow/dags/isr_pipeline.py
[2026-04-05T12:59:19.229+0000] {logging_mixin.py:188} INFO - [2026-04-05T12:59:19.229+0000] {dag.py:3096} INFO - Sync 1 DAGs
[2026-04-05T12:59:19.276+0000] {processor.py:183} INFO - Processing /opt/airflow/dags/isr_pipeline.py took 0.121 seconds
[2026-04-05T12:59:49.413+0000] {processor.py:161} INFO - Started process (PID=59286) to work on /opt/airflow/dags/isr_pipeline.py
[2026-04-05T12:59:49.414+0000] {processor.py:830} INFO - Processing file /opt/airflow/dags/isr_pipeline.py for tasks to queue
[2026-04-05T12:59:49.415+0000] {logging_mixin.py:188} INFO - [2026-04-05T12:59:49.415+0000] {dagbag.py:540} INFO - Filling up the DagBag from /opt/airflow/dags/isr_pipeline.py
[2026-04-05T12:59:49.432+0000] {processor.py:840} INFO - DAG(s) 'isr_pipeline' retrieved from /opt/airflow/dags/isr_pipeline.py
[2026-04-05T12:59:49.469+0000] {logging_mixin.py:188} INFO - [2026-04-05T12:59:49.469+0000] {dag.py:3096} INFO - Sync 1 DAGs
[2026-04-05T12:59:49.510+0000] {processor.py:183} INFO - Processing /opt/airflow/dags/isr_pipeline.py took 0.104 seconds
[2026-04-05T13:00:19.619+0000] {processor.py:161} INFO - Started process (PID=59291) to work on /opt/airflow/dags/isr_pipeline.py
[2026-04-05T13:00:19.620+0000] {processor.py:830} INFO - Processing file /opt/airflow/dags/isr_pipeline.py for tasks to queue
[2026-04-05T13:00:19.622+0000] {logging_mixin.py:188} INFO - [2026-04-05T13:00:19.621+0000] {dagbag.py:540} INFO - Filling up the DagBag from /opt/airflow/dags/isr_pipeline.py
[2026-04-05T13:00:19.640+0000] {processor.py:840} INFO - DAG(s) 'isr_pipeline' retrieved from /opt/airflow/dags/isr_pipeline.py
[2026-04-05T13:00:19.677+0000] {logging_mixin.py:188} INFO - [2026-04-05T13:00:19.677+0000] {dag.py:3096} INFO - Sync 1 DAGs
[2026-04-05T13:00:19.721+0000] {processor.py:183} INFO - Processing /opt/airflow/dags/isr_pipeline.py took 0.111 seconds
[2026-04-05T13:00:49.877+0000] {processor.py:161} INFO - Started process (PID=59296) to work on /opt/airflow/dags/isr_pipeline.py
[2026-04-05T13:00:49.878+0000] {processor.py:830} INFO - Processing file /opt/airflow/dags/isr_pipeline.py for tasks to queue
[2026-04-05T13:00:49.880+0000] {logging_mixin.py:188} INFO - [2026-04-05T13:00:49.879+0000] {dagbag.py:540} INFO - Filling up the DagBag from /opt/airflow/dags/isr_pipeline.py
[2026-04-05T13:00:49.898+0000] {processor.py:840} INFO - DAG(s) 'isr_pipeline' retrieved from /opt/airflow/dags/isr_pipeline.py
[2026-04-05T13:00:49.935+0000] {logging_mixin.py:188} INFO - [2026-04-05T13:00:49.935+0000] {dag.py:3096} INFO - Sync 1 DAGs
[2026-04-05T13:00:49.981+0000] {processor.py:183} INFO - Processing /opt/airflow/dags/isr_pipeline.py took 0.112 seconds
[2026-04-05T13:01:20.057+0000] {processor.py:161} INFO - Started process (PID=59301) to work on /opt/airflow/dags/isr_pipeline.py
[2026-04-05T13:01:20.058+0000] {processor.py:830} INFO - Processing file /opt/airflow/dags/isr_pipeline.py for tasks to queue
[2026-04-05T13:01:20.060+0000] {logging_mixin.py:188} INFO - [2026-04-05T13:01:20.059+0000] {dagbag.py:540} INFO - Filling up the DagBag from /opt/airflow/dags/isr_pipeline.py
[2026-04-05T13:01:20.078+0000] {processor.py:840} INFO - DAG(s) 'isr_pipeline' retrieved from /opt/airflow/dags/isr_pipeline.py
[2026-04-05T13:01:20.115+0000] {logging_mixin.py:188} INFO - [2026-04-05T13:01:20.115+0000] {dag.py:3096} INFO - Sync 1 DAGs
[2026-04-05T13:01:20.156+0000] {processor.py:183} INFO - Processing /opt/airflow/dags/isr_pipeline.py took 0.107 seconds
[2026-04-05T13:01:50.346+0000] {processor.py:161} INFO - Started process (PID=59306) to work on /opt/airflow/dags/isr_pipeline.py
[2026-04-05T13:01:50.347+0000] {processor.py:830} INFO - Processing file /opt/airflow/dags/isr_pipeline.py for tasks to queue
[2026-04-05T13:01:50.349+0000] {logging_mixin.py:188} INFO - [2026-04-05T13:01:50.348+0000] {dagbag.py:540} INFO - Filling up the DagBag from /opt/airflow/dags/isr_pipeline.py
[2026-04-05T13:01:50.366+0000] {processor.py:840} INFO - DAG(s) 'isr_pipeline' retrieved from /opt/airflow/dags/isr_pipeline.py
[2026-04-05T13:01:50.405+0000] {logging_mixin.py:188} INFO - [2026-04-05T13:01:50.404+0000] {dag.py:3096} INFO - Sync 1 DAGs
[2026-04-05T13:01:50.447+0000] {processor.py:183} INFO - Processing /opt/airflow/dags/isr_pipeline.py took 0.109 seconds
[2026-04-05T13:02:20.523+0000] {processor.py:161} INFO - Started process (PID=59311) to work on /opt/airflow/dags/isr_pipeline.py
[2026-04-05T13:02:20.525+0000] {processor.py:830} INFO - Processing file /opt/airflow/dags/isr_pipeline.py for tasks to queue
[2026-04-05T13:02:20.526+0000] {logging_mixin.py:188} INFO - [2026-04-05T13:02:20.526+0000] {dagbag.py:540} INFO - Filling up the DagBag from /opt/airflow/dags/isr_pipeline.py
[2026-04-05T13:02:20.544+0000] {processor.py:840} INFO - DAG(s) 'isr_pipeline' retrieved from /opt/airflow/dags/isr_pipeline.py
[2026-04-05T13:02:20.580+0000] {logging_mixin.py:188} INFO - [2026-04-05T13:02:20.580+0000] {dag.py:3096} INFO - Sync 1 DAGs
[2026-04-05T13:02:20.622+0000] {processor.py:183} INFO - Processing /opt/airflow/dags/isr_pipeline.py took 0.108 seconds
[2026-04-05T13:02:50.765+0000] {processor.py:161} INFO - Started process (PID=59316) to work on /opt/airflow/dags/isr_pipeline.py
[2026-04-05T13:02:50.766+0000] {processor.py:830} INFO - Processing file /opt/airflow/dags/isr_pipeline.py for tasks to queue
[2026-04-05T13:02:50.768+0000] {logging_mixin.py:188} INFO - [2026-04-05T13:02:50.767+0000] {dagbag.py:540} INFO - Filling up the DagBag from /opt/airflow/dags/isr_pipeline.py
[2026-04-05T13:02:50.789+0000] {processor.py:840} INFO - DAG(s) 'isr_pipeline' retrieved from /opt/airflow/dags/isr_pipeline.py
[2026-04-05T13:02:50.825+0000] {logging_mixin.py:188} INFO - [2026-04-05T13:02:50.825+0000] {dag.py:3096} INFO - Sync 1 DAGs
[2026-04-05T13:02:50.872+0000] {processor.py:183} INFO - Processing /opt/airflow/dags/isr_pipeline.py took 0.114 seconds
[2026-04-05T13:03:21.041+0000] {processor.py:161} INFO - Started process (PID=59321) to work on /opt/airflow/dags/isr_pipeline.py
[2026-04-05T13:03:21.043+0000] {processor.py:830} INFO - Processing file /opt/airflow/dags/isr_pipeline.py for tasks to queue
[2026-04-05T13:03:21.045+0000] {logging_mixin.py:188} INFO - [2026-04-05T13:03:21.045+0000] {dagbag.py:540} INFO - Filling up the DagBag from /opt/airflow/dags/isr_pipeline.py
[2026-04-05T13:03:21.065+0000] {processor.py:840} INFO - DAG(s) 'isr_pipeline' retrieved from /opt/airflow/dags/isr_pipeline.py
[2026-04-05T13:03:21.145+0000] {logging_mixin.py:188} INFO - [2026-04-05T13:03:21.144+0000] {dag.py:3096} INFO - Sync 1 DAGs
[2026-04-05T13:03:21.257+0000] {processor.py:183} INFO - Processing /opt/airflow/dags/isr_pipeline.py took 0.225 seconds
[2026-04-05T13:03:51.452+0000] {processor.py:161} INFO - Started process (PID=59326) to work on /opt/airflow/dags/isr_pipeline.py
[2026-04-05T13:03:51.454+0000] {processor.py:830} INFO - Processing file /opt/airflow/dags/isr_pipeline.py for tasks to queue
[2026-04-05T13:03:51.455+0000] {logging_mixin.py:188} INFO - [2026-04-05T13:03:51.455+0000] {dagbag.py:540} INFO - Filling up the DagBag from /opt/airflow/dags/isr_pipeline.py
[2026-04-05T13:03:51.473+0000] {processor.py:840} INFO - DAG(s) 'isr_pipeline' retrieved from /opt/airflow/dags/isr_pipeline.py
[2026-04-05T13:03:51.510+0000] {logging_mixin.py:188} INFO - [2026-04-05T13:03:51.510+0000] {dag.py:3096} INFO - Sync 1 DAGs
[2026-04-05T13:03:51.553+0000] {processor.py:183} INFO - Processing /opt/airflow/dags/isr_pipeline.py took 0.109 seconds
[2026-04-05T13:04:21.605+0000] {processor.py:161} INFO - Started process (PID=59331) to work on /opt/airflow/dags/isr_pipeline.py
[2026-04-05T13:04:21.607+0000] {processor.py:830} INFO - Processing file /opt/airflow/dags/isr_pipeline.py for tasks to queue
[2026-04-05T13:04:21.609+0000] {logging_mixin.py:188} INFO - [2026-04-05T13:04:21.608+0000] {dagbag.py:540} INFO - Filling up the DagBag from /opt/airflow/dags/isr_pipeline.py
[2026-04-05T13:04:21.627+0000] {processor.py:840} INFO - DAG(s) 'isr_pipeline' retrieved from /opt/airflow/dags/isr_pipeline.py
[2026-04-05T13:04:21.664+0000] {logging_mixin.py:188} INFO - [2026-04-05T13:04:21.663+0000] {dag.py:3096} INFO - Sync 1 DAGs
[2026-04-05T13:04:21.705+0000] {processor.py:183} INFO - Processing /opt/airflow/dags/isr_pipeline.py took 0.108 seconds
[2026-04-05T13:04:51.849+0000] {processor.py:161} INFO - Started process (PID=59336) to work on /opt/airflow/dags/isr_pipeline.py
[2026-04-05T13:04:51.851+0000] {processor.py:830} INFO - Processing file /opt/airflow/dags/isr_pipeline.py for tasks to queue
[2026-04-05T13:04:51.852+0000] {logging_mixin.py:188} INFO - [2026-04-05T13:04:51.852+0000] {dagbag.py:540} INFO - Filling up the DagBag from /opt/airflow/dags/isr_pipeline.py
[2026-04-05T13:04:51.870+0000] {processor.py:840} INFO - DAG(s) 'isr_pipeline' retrieved from /opt/airflow/dags/isr_pipeline.py
[2026-04-05T13:04:51.907+0000] {logging_mixin.py:188} INFO - [2026-04-05T13:04:51.907+0000] {dag.py:3096} INFO - Sync 1 DAGs
[2026-04-05T13:04:51.950+0000] {processor.py:183} INFO - Processing /opt/airflow/dags/isr_pipeline.py took 0.108 seconds
[2026-04-05T13:05:22.012+0000] {processor.py:161} INFO - Started process (PID=59341) to work on /opt/airflow/dags/isr_pipeline.py
[2026-04-05T13:05:22.014+0000] {processor.py:830} INFO - Processing file /opt/airflow/dags/isr_pipeline.py for tasks to queue
[2026-04-05T13:05:22.015+0000] {logging_mixin.py:188} INFO - [2026-04-05T13:05:22.015+0000] {dagbag.py:540} INFO - Filling up the DagBag from /opt/airflow/dags/isr_pipeline.py
[2026-04-05T13:05:22.033+0000] {processor.py:840} INFO - DAG(s) 'isr_pipeline' retrieved from /opt/airflow/dags/isr_pipeline.py
[2026-04-05T13:05:22.074+0000] {logging_mixin.py:188} INFO - [2026-04-05T13:05:22.074+0000] {dag.py:3096} INFO - Sync 1 DAGs
[2026-04-05T13:05:22.121+0000] {processor.py:183} INFO - Processing /opt/airflow/dags/isr_pipeline.py took 0.117 seconds
[2026-04-05T13:05:52.299+0000] {processor.py:161} INFO - Started process (PID=59346) to work on /opt/airflow/dags/isr_pipeline.py
[2026-04-05T13:05:52.300+0000] {processor.py:830} INFO - Processing file /opt/airflow/dags/isr_pipeline.py for tasks to queue
[2026-04-05T13:05:52.301+0000] {logging_mixin.py:188} INFO - [2026-04-05T13:05:52.301+0000] {dagbag.py:540} INFO - Filling up the DagBag from /opt/airflow/dags/isr_pipeline.py
[2026-04-05T13:05:52.320+0000] {processor.py:840} INFO - DAG(s) 'isr_pipeline' retrieved from /opt/airflow/dags/isr_pipeline.py
[2026-04-05T13:05:52.356+0000] {logging_mixin.py:188} INFO - [2026-04-05T13:05:52.355+0000] {dag.py:3096} INFO - Sync 1 DAGs
[2026-04-05T13:05:52.398+0000] {processor.py:183} INFO - Processing /opt/airflow/dags/isr_pipeline.py took 0.107 seconds
[2026-04-05T13:06:22.474+0000] {processor.py:161} INFO - Started process (PID=59351) to work on /opt/airflow/dags/isr_pipeline.py
[2026-04-05T13:06:22.480+0000] {processor.py:830} INFO - Processing file /opt/airflow/dags/isr_pipeline.py for tasks to queue
[2026-04-05T13:06:22.481+0000] {logging_mixin.py:188} INFO - [2026-04-05T13:06:22.481+0000] {dagbag.py:540} INFO - Filling up the DagBag from /opt/airflow/dags/isr_pipeline.py
[2026-04-05T13:06:22.499+0000] {processor.py:840} INFO - DAG(s) 'isr_pipeline' retrieved from /opt/airflow/dags/isr_pipeline.py
[2026-04-05T13:06:22.537+0000] {logging_mixin.py:188} INFO - [2026-04-05T13:06:22.537+0000] {dag.py:3096} INFO - Sync 1 DAGs
[2026-04-05T13:06:22.581+0000] {processor.py:183} INFO - Processing /opt/airflow/dags/isr_pipeline.py took 0.115 seconds
[2026-04-05T13:06:52.708+0000] {processor.py:161} INFO - Started process (PID=59356) to work on /opt/airflow/dags/isr_pipeline.py
[2026-04-05T13:06:52.710+0000] {processor.py:830} INFO - Processing file /opt/airflow/dags/isr_pipeline.py for tasks to queue
[2026-04-05T13:06:52.711+0000] {logging_mixin.py:188} INFO - [2026-04-05T13:06:52.711+0000] {dagbag.py:540} INFO - Filling up the DagBag from /opt/airflow/dags/isr_pipeline.py
[2026-04-05T13:06:52.729+0000] {processor.py:840} INFO - DAG(s) 'isr_pipeline' retrieved from /opt/airflow/dags/isr_pipeline.py
[2026-04-05T13:06:52.766+0000] {logging_mixin.py:188} INFO - [2026-04-05T13:06:52.765+0000] {dag.py:3096} INFO - Sync 1 DAGs
[2026-04-05T13:06:52.808+0000] {processor.py:183} INFO - Processing /opt/airflow/dags/isr_pipeline.py took 0.107 seconds
[2026-04-05T13:07:22.876+0000] {processor.py:161} INFO - Started process (PID=59361) to work on /opt/airflow/dags/isr_pipeline.py
[2026-04-05T13:07:22.877+0000] {processor.py:830} INFO - Processing file /opt/airflow/dags/isr_pipeline.py for tasks to queue
[2026-04-05T13:07:22.878+0000] {logging_mixin.py:188} INFO - [2026-04-05T13:07:22.878+0000] {dagbag.py:540} INFO - Filling up the DagBag from /opt/airflow/dags/isr_pipeline.py
[2026-04-05T13:07:22.897+0000] {processor.py:840} INFO - DAG(s) 'isr_pipeline' retrieved from /opt/airflow/dags/isr_pipeline.py
[2026-04-05T13:07:22.935+0000] {logging_mixin.py:188} INFO - [2026-04-05T13:07:22.935+0000] {dag.py:3096} INFO - Sync 1 DAGs
[2026-04-05T13:07:22.977+0000] {processor.py:183} INFO - Processing /opt/airflow/dags/isr_pipeline.py took 0.109 seconds
[2026-04-05T13:07:53.129+0000] {processor.py:161} INFO - Started process (PID=59366) to work on /opt/airflow/dags/isr_pipeline.py
[2026-04-05T13:07:53.131+0000] {processor.py:830} INFO - Processing file /opt/airflow/dags/isr_pipeline.py for tasks to queue
[2026-04-05T13:07:53.132+0000] {logging_mixin.py:188} INFO - [2026-04-05T13:07:53.132+0000] {dagbag.py:540} INFO - Filling up the DagBag from /opt/airflow/dags/isr_pipeline.py
[2026-04-05T13:07:53.150+0000] {processor.py:840} INFO - DAG(s) 'isr_pipeline' retrieved from /opt/airflow/dags/isr_pipeline.py
[2026-04-05T13:07:53.186+0000] {logging_mixin.py:188} INFO - [2026-04-05T13:07:53.186+0000] {dag.py:3096} INFO - Sync 1 DAGs
[2026-04-05T13:07:53.230+0000] {processor.py:183} INFO - Processing /opt/airflow/dags/isr_pipeline.py took 0.107 seconds
[2026-04-05T13:08:23.279+0000] {processor.py:161} INFO - Started process (PID=59371) to work on /opt/airflow/dags/isr_pipeline.py
[2026-04-05T13:08:23.280+0000] {processor.py:830} INFO - Processing file /opt/airflow/dags/isr_pipeline.py for tasks to queue
[2026-04-05T13:08:23.282+0000] {logging_mixin.py:188} INFO - [2026-04-05T13:08:23.281+0000] {dagbag.py:540} INFO - Filling up the DagBag from /opt/airflow/dags/isr_pipeline.py
[2026-04-05T13:08:23.300+0000] {processor.py:840} INFO - DAG(s) 'isr_pipeline' retrieved from /opt/airflow/dags/isr_pipeline.py
[2026-04-05T13:08:23.339+0000] {logging_mixin.py:188} INFO - [2026-04-05T13:08:23.339+0000] {dag.py:3096} INFO - Sync 1 DAGs
[2026-04-05T13:08:23.383+0000] {processor.py:183} INFO - Processing /opt/airflow/dags/isr_pipeline.py took 0.111 seconds
[2026-04-05T13:08:53.545+0000] {processor.py:161} INFO - Started process (PID=59376) to work on /opt/airflow/dags/isr_pipeline.py
[2026-04-05T13:08:53.546+0000] {processor.py:830} INFO - Processing file /opt/airflow/dags/isr_pipeline.py for tasks to queue
[2026-04-05T13:08:53.548+0000] {logging_mixin.py:188} INFO - [2026-04-05T13:08:53.547+0000] {dagbag.py:540} INFO - Filling up the DagBag from /opt/airflow/dags/isr_pipeline.py
[2026-04-05T13:08:53.566+0000] {processor.py:840} INFO - DAG(s) 'isr_pipeline' retrieved from /opt/airflow/dags/isr_pipeline.py
[2026-04-05T13:08:53.605+0000] {logging_mixin.py:188} INFO - [2026-04-05T13:08:53.605+0000] {dag.py:3096} INFO - Sync 1 DAGs
[2026-04-05T13:08:53.649+0000] {processor.py:183} INFO - Processing /opt/airflow/dags/isr_pipeline.py took 0.111 seconds
[2026-04-05T13:09:23.717+0000] {processor.py:161} INFO - Started process (PID=59381) to work on /opt/airflow/dags/isr_pipeline.py
[2026-04-05T13:09:23.718+0000] {processor.py:830} INFO - Processing file /opt/airflow/dags/isr_pipeline.py for tasks to queue
[2026-04-05T13:09:23.720+0000] {logging_mixin.py:188} INFO - [2026-04-05T13:09:23.720+0000] {dagbag.py:540} INFO - Filling up the DagBag from /opt/airflow/dags/isr_pipeline.py
[2026-04-05T13:09:23.739+0000] {processor.py:840} INFO - DAG(s) 'isr_pipeline' retrieved from /opt/airflow/dags/isr_pipeline.py
[2026-04-05T13:09:23.776+0000] {logging_mixin.py:188} INFO - [2026-04-05T13:09:23.776+0000] {dag.py:3096} INFO - Sync 1 DAGs
[2026-04-05T13:09:23.818+0000] {processor.py:183} INFO - Processing /opt/airflow/dags/isr_pipeline.py took 0.108 seconds
[2026-04-05T13:09:53.956+0000] {processor.py:161} INFO - Started process (PID=59386) to work on /opt/airflow/dags/isr_pipeline.py
[2026-04-05T13:09:53.957+0000] {processor.py:830} INFO - Processing file /opt/airflow/dags/isr_pipeline.py for tasks to queue
[2026-04-05T13:09:53.959+0000] {logging_mixin.py:188} INFO - [2026-04-05T13:09:53.959+0000] {dagbag.py:540} INFO - Filling up the DagBag from /opt/airflow/dags/isr_pipeline.py
[2026-04-05T13:09:53.978+0000] {processor.py:840} INFO - DAG(s) 'isr_pipeline' retrieved from /opt/airflow/dags/isr_pipeline.py
[2026-04-05T13:09:54.017+0000] {logging_mixin.py:188} INFO - [2026-04-05T13:09:54.017+0000] {dag.py:3096} INFO - Sync 1 DAGs
[2026-04-05T13:09:54.061+0000] {processor.py:183} INFO - Processing /opt/airflow/dags/isr_pipeline.py took 0.113 seconds
[2026-04-05T13:10:24.136+0000] {processor.py:161} INFO - Started process (PID=59391) to work on /opt/airflow/dags/isr_pipeline.py
[2026-04-05T13:10:24.137+0000] {processor.py:830} INFO - Processing file /opt/airflow/dags/isr_pipeline.py for tasks to queue
[2026-04-05T13:10:24.139+0000] {logging_mixin.py:188} INFO - [2026-04-05T13:10:24.138+0000] {dagbag.py:540} INFO - Filling up the DagBag from /opt/airflow/dags/isr_pipeline.py
[2026-04-05T13:10:24.157+0000] {processor.py:840} INFO - DAG(s) 'isr_pipeline' retrieved from /opt/airflow/dags/isr_pipeline.py
[2026-04-05T13:10:24.195+0000] {logging_mixin.py:188} INFO - [2026-04-05T13:10:24.195+0000] {dag.py:3096} INFO - Sync 1 DAGs
[2026-04-05T13:10:24.236+0000] {processor.py:183} INFO - Processing /opt/airflow/dags/isr_pipeline.py took 0.108 seconds
[2026-04-05T13:10:54.412+0000] {processor.py:161} INFO - Started process (PID=59396) to work on /opt/airflow/dags/isr_pipeline.py
[2026-04-05T13:10:54.413+0000] {processor.py:830} INFO - Processing file /opt/airflow/dags/isr_pipeline.py for tasks to queue
[2026-04-05T13:10:54.414+0000] {logging_mixin.py:188} INFO - [2026-04-05T13:10:54.414+0000] {dagbag.py:540} INFO - Filling up the DagBag from /opt/airflow/dags/isr_pipeline.py
[2026-04-05T13:10:54.432+0000] {processor.py:840} INFO - DAG(s) 'isr_pipeline' retrieved from /opt/airflow/dags/isr_pipeline.py
[2026-04-05T13:10:54.469+0000] {logging_mixin.py:188} INFO - [2026-04-05T13:10:54.468+0000] {dag.py:3096} INFO - Sync 1 DAGs
[2026-04-05T13:10:54.512+0000] {processor.py:183} INFO - Processing /opt/airflow/dags/isr_pipeline.py took 0.109 seconds
[2026-04-05T13:11:24.588+0000] {processor.py:161} INFO - Started process (PID=59401) to work on /opt/airflow/dags/isr_pipeline.py
[2026-04-05T13:11:24.589+0000] {processor.py:830} INFO - Processing file /opt/airflow/dags/isr_pipeline.py for tasks to queue
[2026-04-05T13:11:24.591+0000] {logging_mixin.py:188} INFO - [2026-04-05T13:11:24.590+0000] {dagbag.py:540} INFO - Filling up the DagBag from /opt/airflow/dags/isr_pipeline.py
[2026-04-05T13:11:24.608+0000] {processor.py:840} INFO - DAG(s) 'isr_pipeline' retrieved from /opt/airflow/dags/isr_pipeline.py
[2026-04-05T13:11:24.646+0000] {logging_mixin.py:188} INFO - [2026-04-05T13:11:24.646+0000] {dag.py:3096} INFO - Sync 1 DAGs
[2026-04-05T13:11:24.689+0000] {processor.py:183} INFO - Processing /opt/airflow/dags/isr_pipeline.py took 0.109 seconds
[2026-04-05T13:11:54.856+0000] {processor.py:161} INFO - Started process (PID=59406) to work on /opt/airflow/dags/isr_pipeline.py
[2026-04-05T13:11:54.857+0000] {processor.py:830} INFO - Processing file /opt/airflow/dags/isr_pipeline.py for tasks to queue
[2026-04-05T13:11:54.859+0000] {logging_mixin.py:188} INFO - [2026-04-05T13:11:54.859+0000] {dagbag.py:540} INFO - Filling up the DagBag from /opt/airflow/dags/isr_pipeline.py
[2026-04-05T13:11:54.877+0000] {processor.py:840} INFO - DAG(s) 'isr_pipeline' retrieved from /opt/airflow/dags/isr_pipeline.py
[2026-04-05T13:11:54.914+0000] {logging_mixin.py:188} INFO - [2026-04-05T13:11:54.914+0000] {dag.py:3096} INFO - Sync 1 DAGs
[2026-04-05T13:11:54.956+0000] {processor.py:183} INFO - Processing /opt/airflow/dags/isr_pipeline.py took 0.109 seconds
[2026-04-05T13:12:25.004+0000] {processor.py:161} INFO - Started process (PID=59411) to work on /opt/airflow/dags/isr_pipeline.py
[2026-04-05T13:12:25.005+0000] {processor.py:830} INFO - Processing file /opt/airflow/dags/isr_pipeline.py for tasks to queue
[2026-04-05T13:12:25.007+0000] {logging_mixin.py:188} INFO - [2026-04-05T13:12:25.006+0000] {dagbag.py:540} INFO - Filling up the DagBag from /opt/airflow/dags/isr_pipeline.py
[2026-04-05T13:12:25.024+0000] {processor.py:840} INFO - DAG(s) 'isr_pipeline' retrieved from /opt/airflow/dags/isr_pipeline.py
[2026-04-05T13:12:25.062+0000] {logging_mixin.py:188} INFO - [2026-04-05T13:12:25.062+0000] {dag.py:3096} INFO - Sync 1 DAGs
[2026-04-05T13:12:25.105+0000] {processor.py:183} INFO - Processing /opt/airflow/dags/isr_pipeline.py took 0.109 seconds
[2026-04-05T13:12:55.273+0000] {processor.py:161} INFO - Started process (PID=59416) to work on /opt/airflow/dags/isr_pipeline.py
[2026-04-05T13:12:55.274+0000] {processor.py:830} INFO - Processing file /opt/airflow/dags/isr_pipeline.py for tasks to queue
[2026-04-05T13:12:55.275+0000] {logging_mixin.py:188} INFO - [2026-04-05T13:12:55.275+0000] {dagbag.py:540} INFO - Filling up the DagBag from /opt/airflow/dags/isr_pipeline.py
[2026-04-05T13:12:55.293+0000] {processor.py:840} INFO - DAG(s) 'isr_pipeline' retrieved from /opt/airflow/dags/isr_pipeline.py
[2026-04-05T13:12:55.328+0000] {logging_mixin.py:188} INFO - [2026-04-05T13:12:55.328+0000] {dag.py:3096} INFO - Sync 1 DAGs
[2026-04-05T13:12:55.373+0000] {processor.py:183} INFO - Processing /opt/airflow/dags/isr_pipeline.py took 0.108 seconds
[2026-04-05T13:13:25.453+0000] {processor.py:161} INFO - Started process (PID=59421) to work on /opt/airflow/dags/isr_pipeline.py
[2026-04-05T13:13:25.455+0000] {processor.py:830} INFO - Processing file /opt/airflow/dags/isr_pipeline.py for tasks to queue
[2026-04-05T13:13:25.456+0000] {logging_mixin.py:188} INFO - [2026-04-05T13:13:25.456+0000] {dagbag.py:540} INFO - Filling up the DagBag from /opt/airflow/dags/isr_pipeline.py
[2026-04-05T13:13:25.475+0000] {processor.py:840} INFO - DAG(s) 'isr_pipeline' retrieved from /opt/airflow/dags/isr_pipeline.py
[2026-04-05T13:13:25.513+0000] {logging_mixin.py:188} INFO - [2026-04-05T13:13:25.513+0000] {dag.py:3096} INFO - Sync 1 DAGs
[2026-04-05T13:13:25.556+0000] {processor.py:183} INFO - Processing /opt/airflow/dags/isr_pipeline.py took 0.112 seconds
[2026-04-05T13:13:55.742+0000] {processor.py:161} INFO - Started process (PID=59426) to work on /opt/airflow/dags/isr_pipeline.py
[2026-04-05T13:13:55.743+0000] {processor.py:830} INFO - Processing file /opt/airflow/dags/isr_pipeline.py for tasks to queue
[2026-04-05T13:13:55.745+0000] {logging_mixin.py:188} INFO - [2026-04-05T13:13:55.745+0000] {dagbag.py:540} INFO - Filling up the DagBag from /opt/airflow/dags/isr_pipeline.py
[2026-04-05T13:13:55.763+0000] {processor.py:840} INFO - DAG(s) 'isr_pipeline' retrieved from /opt/airflow/dags/isr_pipeline.py
[2026-04-05T13:13:55.801+0000] {logging_mixin.py:188} INFO - [2026-04-05T13:13:55.800+0000] {dag.py:3096} INFO - Sync 1 DAGs
[2026-04-05T13:13:55.846+0000] {processor.py:183} INFO - Processing /opt/airflow/dags/isr_pipeline.py took 0.112 seconds
[2026-04-05T13:14:25.934+0000] {processor.py:161} INFO - Started process (PID=59431) to work on /opt/airflow/dags/isr_pipeline.py
[2026-04-05T13:14:25.936+0000] {processor.py:830} INFO - Processing file /opt/airflow/dags/isr_pipeline.py for tasks to queue
[2026-04-05T13:14:25.937+0000] {logging_mixin.py:188} INFO - [2026-04-05T13:14:25.937+0000] {dagbag.py:540} INFO - Filling up the DagBag from /opt/airflow/dags/isr_pipeline.py
[2026-04-05T13:14:25.955+0000] {processor.py:840} INFO - DAG(s) 'isr_pipeline' retrieved from /opt/airflow/dags/isr_pipeline.py
[2026-04-05T13:14:25.998+0000] {logging_mixin.py:188} INFO - [2026-04-05T13:14:25.997+0000] {dag.py:3096} INFO - Sync 1 DAGs
[2026-04-05T13:14:26.045+0000] {processor.py:183} INFO - Processing /opt/airflow/dags/isr_pipeline.py took 0.120 seconds
[2026-04-05T13:14:56.260+0000] {processor.py:161} INFO - Started process (PID=59436) to work on /opt/airflow/dags/isr_pipeline.py
[2026-04-05T13:14:56.261+0000] {processor.py:830} INFO - Processing file /opt/airflow/dags/isr_pipeline.py for tasks to queue
[2026-04-05T13:14:56.262+0000] {logging_mixin.py:188} INFO - [2026-04-05T13:14:56.262+0000] {dagbag.py:540} INFO - Filling up the DagBag from /opt/airflow/dags/isr_pipeline.py
[2026-04-05T13:14:56.283+0000] {processor.py:840} INFO - DAG(s) 'isr_pipeline' retrieved from /opt/airflow/dags/isr_pipeline.py
[2026-04-05T13:14:56.320+0000] {logging_mixin.py:188} INFO - [2026-04-05T13:14:56.320+0000] {dag.py:3096} INFO - Sync 1 DAGs
[2026-04-05T13:14:56.363+0000] {processor.py:183} INFO - Processing /opt/airflow/dags/isr_pipeline.py took 0.110 seconds
[2026-04-05T13:15:26.457+0000] {processor.py:161} INFO - Started process (PID=59441) to work on /opt/airflow/dags/isr_pipeline.py
[2026-04-05T13:15:26.458+0000] {processor.py:830} INFO - Processing file /opt/airflow/dags/isr_pipeline.py for tasks to queue
[2026-04-05T13:15:26.460+0000] {logging_mixin.py:188} INFO - [2026-04-05T13:15:26.459+0000] {dagbag.py:540} INFO - Filling up the DagBag from /opt/airflow/dags/isr_pipeline.py
[2026-04-05T13:15:26.483+0000] {processor.py:840} INFO - DAG(s) 'isr_pipeline' retrieved from /opt/airflow/dags/isr_pipeline.py
[2026-04-05T13:15:26.523+0000] {logging_mixin.py:188} INFO - [2026-04-05T13:15:26.523+0000] {dag.py:3096} INFO - Sync 1 DAGs
[2026-04-05T13:15:26.568+0000] {processor.py:183} INFO - Processing /opt/airflow/dags/isr_pipeline.py took 0.120 seconds
[2026-04-05T13:15:56.722+0000] {processor.py:161} INFO - Started process (PID=59446) to work on /opt/airflow/dags/isr_pipeline.py
[2026-04-05T13:15:56.723+0000] {processor.py:830} INFO - Processing file /opt/airflow/dags/isr_pipeline.py for tasks to queue
[2026-04-05T13:15:56.726+0000] {logging_mixin.py:188} INFO - [2026-04-05T13:15:56.725+0000] {dagbag.py:540} INFO - Filling up the DagBag from /opt/airflow/dags/isr_pipeline.py
[2026-04-05T13:15:56.745+0000] {processor.py:840} INFO - DAG(s) 'isr_pipeline' retrieved from /opt/airflow/dags/isr_pipeline.py
[2026-04-05T13:15:56.790+0000] {logging_mixin.py:188} INFO - [2026-04-05T13:15:56.790+0000] {dag.py:3096} INFO - Sync 1 DAGs
[2026-04-05T13:15:56.843+0000] {processor.py:183} INFO - Processing /opt/airflow/dags/isr_pipeline.py took 0.129 seconds
[2026-04-05T13:16:27.025+0000] {processor.py:161} INFO - Started process (PID=59451) to work on /opt/airflow/dags/isr_pipeline.py
[2026-04-05T13:16:27.026+0000] {processor.py:830} INFO - Processing file /opt/airflow/dags/isr_pipeline.py for tasks to queue
[2026-04-05T13:16:27.028+0000] {logging_mixin.py:188} INFO - [2026-04-05T13:16:27.028+0000] {dagbag.py:540} INFO - Filling up the DagBag from /opt/airflow/dags/isr_pipeline.py
[2026-04-05T13:16:27.048+0000] {processor.py:840} INFO - DAG(s) 'isr_pipeline' retrieved from /opt/airflow/dags/isr_pipeline.py
[2026-04-05T13:16:27.126+0000] {logging_mixin.py:188} INFO - [2026-04-05T13:16:27.126+0000] {dag.py:3096} INFO - Sync 1 DAGs
[2026-04-05T13:16:27.178+0000] {processor.py:183} INFO - Processing /opt/airflow/dags/isr_pipeline.py took 0.163 seconds
[2026-04-05T13:16:57.348+0000] {processor.py:161} INFO - Started process (PID=59456) to work on /opt/airflow/dags/isr_pipeline.py
[2026-04-05T13:16:57.350+0000] {processor.py:830} INFO - Processing file /opt/airflow/dags/isr_pipeline.py for tasks to queue
[2026-04-05T13:16:57.351+0000] {logging_mixin.py:188} INFO - [2026-04-05T13:16:57.351+0000] {dagbag.py:540} INFO - Filling up the DagBag from /opt/airflow/dags/isr_pipeline.py
[2026-04-05T13:16:57.371+0000] {processor.py:840} INFO - DAG(s) 'isr_pipeline' retrieved from /opt/airflow/dags/isr_pipeline.py
[2026-04-05T13:16:57.412+0000] {logging_mixin.py:188} INFO - [2026-04-05T13:16:57.412+0000] {dag.py:3096} INFO - Sync 1 DAGs
[2026-04-05T13:16:57.461+0000] {processor.py:183} INFO - Processing /opt/airflow/dags/isr_pipeline.py took 0.122 seconds
[2026-04-05T13:17:27.515+0000] {processor.py:161} INFO - Started process (PID=59461) to work on /opt/airflow/dags/isr_pipeline.py
[2026-04-05T13:17:27.516+0000] {processor.py:830} INFO - Processing file /opt/airflow/dags/isr_pipeline.py for tasks to queue
[2026-04-05T13:17:27.519+0000] {logging_mixin.py:188} INFO - [2026-04-05T13:17:27.518+0000] {dagbag.py:540} INFO - Filling up the DagBag from /opt/airflow/dags/isr_pipeline.py
[2026-04-05T13:17:27.540+0000] {processor.py:840} INFO - DAG(s) 'isr_pipeline' retrieved from /opt/airflow/dags/isr_pipeline.py
[2026-04-05T13:17:27.581+0000] {logging_mixin.py:188} INFO - [2026-04-05T13:17:27.580+0000] {dag.py:3096} INFO - Sync 1 DAGs
[2026-04-05T13:17:27.632+0000] {processor.py:183} INFO - Processing /opt/airflow/dags/isr_pipeline.py took 0.127 seconds
[2026-04-05T13:17:57.713+0000] {processor.py:161} INFO - Started process (PID=59466) to work on /opt/airflow/dags/isr_pipeline.py
[2026-04-05T13:17:57.715+0000] {processor.py:830} INFO - Processing file /opt/airflow/dags/isr_pipeline.py for tasks to queue
[2026-04-05T13:17:57.716+0000] {logging_mixin.py:188} INFO - [2026-04-05T13:17:57.716+0000] {dagbag.py:540} INFO - Filling up the DagBag from /opt/airflow/dags/isr_pipeline.py
[2026-04-05T13:17:57.736+0000] {processor.py:840} INFO - DAG(s) 'isr_pipeline' retrieved from /opt/airflow/dags/isr_pipeline.py
[2026-04-05T13:17:57.775+0000] {logging_mixin.py:188} INFO - [2026-04-05T13:17:57.775+0000] {dag.py:3096} INFO - Sync 1 DAGs
[2026-04-05T13:17:57.819+0000] {processor.py:183} INFO - Processing /opt/airflow/dags/isr_pipeline.py took 0.114 seconds
[2026-04-05T13:18:27.934+0000] {processor.py:161} INFO - Started process (PID=59471) to work on /opt/airflow/dags/isr_pipeline.py
[2026-04-05T13:18:27.935+0000] {processor.py:830} INFO - Processing file /opt/airflow/dags/isr_pipeline.py for tasks to queue
[2026-04-05T13:18:27.936+0000] {logging_mixin.py:188} INFO - [2026-04-05T13:18:27.936+0000] {dagbag.py:540} INFO - Filling up the DagBag from /opt/airflow/dags/isr_pipeline.py
[2026-04-05T13:18:27.955+0000] {processor.py:840} INFO - DAG(s) 'isr_pipeline' retrieved from /opt/airflow/dags/isr_pipeline.py
[2026-04-05T13:18:27.993+0000] {logging_mixin.py:188} INFO - [2026-04-05T13:18:27.993+0000] {dag.py:3096} INFO - Sync 1 DAGs
[2026-04-05T13:18:28.038+0000] {processor.py:183} INFO - Processing /opt/airflow/dags/isr_pipeline.py took 0.112 seconds
[2026-04-05T13:18:58.111+0000] {processor.py:161} INFO - Started process (PID=59476) to work on /opt/airflow/dags/isr_pipeline.py
[2026-04-05T13:18:58.112+0000] {processor.py:830} INFO - Processing file /opt/airflow/dags/isr_pipeline.py for tasks to queue
[2026-04-05T13:18:58.114+0000] {logging_mixin.py:188} INFO - [2026-04-05T13:18:58.113+0000] {dagbag.py:540} INFO - Filling up the DagBag from /opt/airflow/dags/isr_pipeline.py
[2026-04-05T13:18:58.132+0000] {processor.py:840} INFO - DAG(s) 'isr_pipeline' retrieved from /opt/airflow/dags/isr_pipeline.py
[2026-04-05T13:18:58.170+0000] {logging_mixin.py:188} INFO - [2026-04-05T13:18:58.169+0000] {dag.py:3096} INFO - Sync 1 DAGs
[2026-04-05T13:18:58.212+0000] {processor.py:183} INFO - Processing /opt/airflow/dags/isr_pipeline.py took 0.109 seconds
[2026-04-05T13:19:28.347+0000] {processor.py:161} INFO - Started process (PID=59481) to work on /opt/airflow/dags/isr_pipeline.py
[2026-04-05T13:19:28.348+0000] {processor.py:830} INFO - Processing file /opt/airflow/dags/isr_pipeline.py for tasks to queue
[2026-04-05T13:19:28.349+0000] {logging_mixin.py:188} INFO - [2026-04-05T13:19:28.349+0000] {dagbag.py:540} INFO - Filling up the DagBag from /opt/airflow/dags/isr_pipeline.py
[2026-04-05T13:19:28.367+0000] {processor.py:840} INFO - DAG(s) 'isr_pipeline' retrieved from /opt/airflow/dags/isr_pipeline.py
[2026-04-05T13:19:28.404+0000] {logging_mixin.py:188} INFO - [2026-04-05T13:19:28.404+0000] {dag.py:3096} INFO - Sync 1 DAGs
[2026-04-05T13:19:28.446+0000] {processor.py:183} INFO - Processing /opt/airflow/dags/isr_pipeline.py took 0.108 seconds
[2026-04-05T13:19:58.489+0000] {processor.py:161} INFO - Started process (PID=59486) to work on /opt/airflow/dags/isr_pipeline.py
[2026-04-05T13:19:58.491+0000] {processor.py:830} INFO - Processing file /opt/airflow/dags/isr_pipeline.py for tasks to queue
[2026-04-05T13:19:58.492+0000] {logging_mixin.py:188} INFO - [2026-04-05T13:19:58.491+0000] {dagbag.py:540} INFO - Filling up the DagBag from /opt/airflow/dags/isr_pipeline.py
[2026-04-05T13:19:58.510+0000] {processor.py:840} INFO - DAG(s) 'isr_pipeline' retrieved from /opt/airflow/dags/isr_pipeline.py
[2026-04-05T13:19:58.549+0000] {logging_mixin.py:188} INFO - [2026-04-05T13:19:58.548+0000] {dag.py:3096} INFO - Sync 1 DAGs
[2026-04-05T13:19:58.592+0000] {processor.py:183} INFO - Processing /opt/airflow/dags/isr_pipeline.py took 0.110 seconds
[2026-04-05T13:20:28.663+0000] {processor.py:161} INFO - Started process (PID=59491) to work on /opt/airflow/dags/isr_pipeline.py
[2026-04-05T13:20:28.664+0000] {processor.py:830} INFO - Processing file /opt/airflow/dags/isr_pipeline.py for tasks to queue
[2026-04-05T13:20:28.665+0000] {logging_mixin.py:188} INFO - [2026-04-05T13:20:28.665+0000] {dagbag.py:540} INFO - Filling up the DagBag from /opt/airflow/dags/isr_pipeline.py
[2026-04-05T13:20:28.683+0000] {processor.py:840} INFO - DAG(s) 'isr_pipeline' retrieved from /opt/airflow/dags/isr_pipeline.py
[2026-04-05T13:20:28.720+0000] {logging_mixin.py:188} INFO - [2026-04-05T13:20:28.720+0000] {dag.py:3096} INFO - Sync 1 DAGs
[2026-04-05T13:20:28.764+0000] {processor.py:183} INFO - Processing /opt/airflow/dags/isr_pipeline.py took 0.110 seconds
[2026-04-05T13:20:58.881+0000] {processor.py:161} INFO - Started process (PID=59496) to work on /opt/airflow/dags/isr_pipeline.py
[2026-04-05T13:20:58.882+0000] {processor.py:830} INFO - Processing file /opt/airflow/dags/isr_pipeline.py for tasks to queue
[2026-04-05T13:20:58.884+0000] {logging_mixin.py:188} INFO - [2026-04-05T13:20:58.883+0000] {dagbag.py:540} INFO - Filling up the DagBag from /opt/airflow/dags/isr_pipeline.py
[2026-04-05T13:20:58.902+0000] {processor.py:840} INFO - DAG(s) 'isr_pipeline' retrieved from /opt/airflow/dags/isr_pipeline.py
[2026-04-05T13:20:58.939+0000] {logging_mixin.py:188} INFO - [2026-04-05T13:20:58.939+0000] {dag.py:3096} INFO - Sync 1 DAGs
[2026-04-05T13:20:58.982+0000] {processor.py:183} INFO - Processing /opt/airflow/dags/isr_pipeline.py took 0.109 seconds
[2026-04-05T13:21:29.043+0000] {processor.py:161} INFO - Started process (PID=59501) to work on /opt/airflow/dags/isr_pipeline.py
[2026-04-05T13:21:29.044+0000] {processor.py:830} INFO - Processing file /opt/airflow/dags/isr_pipeline.py for tasks to queue
[2026-04-05T13:21:29.046+0000] {logging_mixin.py:188} INFO - [2026-04-05T13:21:29.045+0000] {dagbag.py:540} INFO - Filling up the DagBag from /opt/airflow/dags/isr_pipeline.py
[2026-04-05T13:21:29.064+0000] {processor.py:840} INFO - DAG(s) 'isr_pipeline' retrieved from /opt/airflow/dags/isr_pipeline.py
[2026-04-05T13:21:29.102+0000] {logging_mixin.py:188} INFO - [2026-04-05T13:21:29.102+0000] {dag.py:3096} INFO - Sync 1 DAGs
[2026-04-05T13:21:29.145+0000] {processor.py:183} INFO - Processing /opt/airflow/dags/isr_pipeline.py took 0.110 seconds
[2026-04-05T13:21:59.251+0000] {processor.py:161} INFO - Started process (PID=59506) to work on /opt/airflow/dags/isr_pipeline.py
[2026-04-05T13:21:59.254+0000] {processor.py:830} INFO - Processing file /opt/airflow/dags/isr_pipeline.py for tasks to queue
[2026-04-05T13:21:59.255+0000] {logging_mixin.py:188} INFO - [2026-04-05T13:21:59.255+0000] {dagbag.py:540} INFO - Filling up the DagBag from /opt/airflow/dags/isr_pipeline.py
[2026-04-05T13:21:59.273+0000] {processor.py:840} INFO - DAG(s) 'isr_pipeline' retrieved from /opt/airflow/dags/isr_pipeline.py
[2026-04-05T13:21:59.310+0000] {logging_mixin.py:188} INFO - [2026-04-05T13:21:59.310+0000] {dag.py:3096} INFO - Sync 1 DAGs
[2026-04-05T13:21:59.353+0000] {processor.py:183} INFO - Processing /opt/airflow/dags/isr_pipeline.py took 0.109 seconds
[2026-04-05T13:22:29.439+0000] {processor.py:161} INFO - Started process (PID=59511) to work on /opt/airflow/dags/isr_pipeline.py
[2026-04-05T13:22:29.441+0000] {processor.py:830} INFO - Processing file /opt/airflow/dags/isr_pipeline.py for tasks to queue
[2026-04-05T13:22:29.442+0000] {logging_mixin.py:188} INFO - [2026-04-05T13:22:29.442+0000] {dagbag.py:540} INFO - Filling up the DagBag from /opt/airflow/dags/isr_pipeline.py
[2026-04-05T13:22:29.460+0000] {processor.py:840} INFO - DAG(s) 'isr_pipeline' retrieved from /opt/airflow/dags/isr_pipeline.py
[2026-04-05T13:22:29.498+0000] {logging_mixin.py:188} INFO - [2026-04-05T13:22:29.497+0000] {dag.py:3096} INFO - Sync 1 DAGs
[2026-04-05T13:22:29.539+0000] {processor.py:183} INFO - Processing /opt/airflow/dags/isr_pipeline.py took 0.108 seconds
[2026-04-05T13:22:59.627+0000] {processor.py:161} INFO - Started process (PID=59516) to work on /opt/airflow/dags/isr_pipeline.py
[2026-04-05T13:22:59.628+0000] {processor.py:830} INFO - Processing file /opt/airflow/dags/isr_pipeline.py for tasks to queue
[2026-04-05T13:22:59.630+0000] {logging_mixin.py:188} INFO - [2026-04-05T13:22:59.629+0000] {dagbag.py:540} INFO - Filling up the DagBag from /opt/airflow/dags/isr_pipeline.py
[2026-04-05T13:22:59.648+0000] {processor.py:840} INFO - DAG(s) 'isr_pipeline' retrieved from /opt/airflow/dags/isr_pipeline.py
[2026-04-05T13:22:59.685+0000] {logging_mixin.py:188} INFO - [2026-04-05T13:22:59.685+0000] {dag.py:3096} INFO - Sync 1 DAGs
[2026-04-05T13:22:59.726+0000] {processor.py:183} INFO - Processing /opt/airflow/dags/isr_pipeline.py took 0.107 seconds
[2026-04-05T13:23:29.792+0000] {processor.py:161} INFO - Started process (PID=59521) to work on /opt/airflow/dags/isr_pipeline.py
[2026-04-05T13:23:29.793+0000] {processor.py:830} INFO - Processing file /opt/airflow/dags/isr_pipeline.py for tasks to queue
[2026-04-05T13:23:29.795+0000] {logging_mixin.py:188} INFO - [2026-04-05T13:23:29.794+0000] {dagbag.py:540} INFO - Filling up the DagBag from /opt/airflow/dags/isr_pipeline.py
[2026-04-05T13:23:29.812+0000] {processor.py:840} INFO - DAG(s) 'isr_pipeline' retrieved from /opt/airflow/dags/isr_pipeline.py
[2026-04-05T13:23:29.850+0000] {logging_mixin.py:188} INFO - [2026-04-05T13:23:29.850+0000] {dag.py:3096} INFO - Sync 1 DAGs
[2026-04-05T13:23:29.892+0000] {processor.py:183} INFO - Processing /opt/airflow/dags/isr_pipeline.py took 0.108 seconds
[2026-04-05T13:24:00.010+0000] {processor.py:161} INFO - Started process (PID=59526) to work on /opt/airflow/dags/isr_pipeline.py
[2026-04-05T13:24:00.012+0000] {processor.py:830} INFO - Processing file /opt/airflow/dags/isr_pipeline.py for tasks to queue
[2026-04-05T13:24:00.014+0000] {logging_mixin.py:188} INFO - [2026-04-05T13:24:00.013+0000] {dagbag.py:540} INFO - Filling up the DagBag from /opt/airflow/dags/isr_pipeline.py
[2026-04-05T13:24:00.032+0000] {processor.py:840} INFO - DAG(s) 'isr_pipeline' retrieved from /opt/airflow/dags/isr_pipeline.py
[2026-04-05T13:24:00.075+0000] {logging_mixin.py:188} INFO - [2026-04-05T13:24:00.075+0000] {dag.py:3096} INFO - Sync 1 DAGs
[2026-04-05T13:24:00.121+0000] {processor.py:183} INFO - Processing /opt/airflow/dags/isr_pipeline.py took 0.120 seconds
[2026-04-05T13:24:30.272+0000] {processor.py:161} INFO - Started process (PID=59531) to work on /opt/airflow/dags/isr_pipeline.py
[2026-04-05T13:24:30.274+0000] {processor.py:830} INFO - Processing file /opt/airflow/dags/isr_pipeline.py for tasks to queue
[2026-04-05T13:24:30.275+0000] {logging_mixin.py:188} INFO - [2026-04-05T13:24:30.275+0000] {dagbag.py:540} INFO - Filling up the DagBag from /opt/airflow/dags/isr_pipeline.py
[2026-04-05T13:24:30.293+0000] {processor.py:840} INFO - DAG(s) 'isr_pipeline' retrieved from /opt/airflow/dags/isr_pipeline.py
[2026-04-05T13:24:30.333+0000] {logging_mixin.py:188} INFO - [2026-04-05T13:24:30.332+0000] {dag.py:3096} INFO - Sync 1 DAGs
[2026-04-05T13:24:30.379+0000] {processor.py:183} INFO - Processing /opt/airflow/dags/isr_pipeline.py took 0.115 seconds
[2026-04-05T13:25:00.476+0000] {processor.py:161} INFO - Started process (PID=59536) to work on /opt/airflow/dags/isr_pipeline.py
[2026-04-05T13:25:00.477+0000] {processor.py:830} INFO - Processing file /opt/airflow/dags/isr_pipeline.py for tasks to queue
[2026-04-05T13:25:00.478+0000] {logging_mixin.py:188} INFO - [2026-04-05T13:25:00.478+0000] {dagbag.py:540} INFO - Filling up the DagBag from /opt/airflow/dags/isr_pipeline.py
[2026-04-05T13:25:00.496+0000] {processor.py:840} INFO - DAG(s) 'isr_pipeline' retrieved from /opt/airflow/dags/isr_pipeline.py
[2026-04-05T13:25:00.536+0000] {logging_mixin.py:188} INFO - [2026-04-05T13:25:00.536+0000] {dag.py:3096} INFO - Sync 1 DAGs
[2026-04-05T13:25:00.580+0000] {processor.py:183} INFO - Processing /opt/airflow/dags/isr_pipeline.py took 0.112 seconds
[2026-04-05T13:25:30.745+0000] {processor.py:161} INFO - Started process (PID=59541) to work on /opt/airflow/dags/isr_pipeline.py
[2026-04-05T13:25:30.747+0000] {processor.py:830} INFO - Processing file /opt/airflow/dags/isr_pipeline.py for tasks to queue
[2026-04-05T13:25:30.748+0000] {logging_mixin.py:188} INFO - [2026-04-05T13:25:30.748+0000] {dagbag.py:540} INFO - Filling up the DagBag from /opt/airflow/dags/isr_pipeline.py
[2026-04-05T13:25:30.768+0000] {processor.py:840} INFO - DAG(s) 'isr_pipeline' retrieved from /opt/airflow/dags/isr_pipeline.py
[2026-04-05T13:25:30.804+0000] {logging_mixin.py:188} INFO - [2026-04-05T13:25:30.804+0000] {dag.py:3096} INFO - Sync 1 DAGs
[2026-04-05T13:25:30.849+0000] {processor.py:183} INFO - Processing /opt/airflow/dags/isr_pipeline.py took 0.111 seconds
[2026-04-05T13:26:01.008+0000] {processor.py:161} INFO - Started process (PID=59546) to work on /opt/airflow/dags/isr_pipeline.py
[2026-04-05T13:26:01.009+0000] {processor.py:830} INFO - Processing file /opt/airflow/dags/isr_pipeline.py for tasks to queue
[2026-04-05T13:26:01.012+0000] {logging_mixin.py:188} INFO - [2026-04-05T13:26:01.011+0000] {dagbag.py:540} INFO - Filling up the DagBag from /opt/airflow/dags/isr_pipeline.py
[2026-04-05T13:26:01.032+0000] {processor.py:840} INFO - DAG(s) 'isr_pipeline' retrieved from /opt/airflow/dags/isr_pipeline.py
[2026-04-05T13:26:01.074+0000] {logging_mixin.py:188} INFO - [2026-04-05T13:26:01.073+0000] {dag.py:3096} INFO - Sync 1 DAGs
[2026-04-05T13:26:01.120+0000] {processor.py:183} INFO - Processing /opt/airflow/dags/isr_pipeline.py took 0.120 seconds
[2026-04-05T13:26:31.276+0000] {processor.py:161} INFO - Started process (PID=59551) to work on /opt/airflow/dags/isr_pipeline.py
[2026-04-05T13:26:31.277+0000] {processor.py:830} INFO - Processing file /opt/airflow/dags/isr_pipeline.py for tasks to queue
[2026-04-05T13:26:31.279+0000] {logging_mixin.py:188} INFO - [2026-04-05T13:26:31.279+0000] {dagbag.py:540} INFO - Filling up the DagBag from /opt/airflow/dags/isr_pipeline.py
[2026-04-05T13:26:31.297+0000] {processor.py:840} INFO - DAG(s) 'isr_pipeline' retrieved from /opt/airflow/dags/isr_pipeline.py
[2026-04-05T13:26:31.335+0000] {logging_mixin.py:188} INFO - [2026-04-05T13:26:31.335+0000] {dag.py:3096} INFO - Sync 1 DAGs
[2026-04-05T13:26:31.380+0000] {processor.py:183} INFO - Processing /opt/airflow/dags/isr_pipeline.py took 0.111 seconds
[2026-04-05T13:27:01.488+0000] {processor.py:161} INFO - Started process (PID=59556) to work on /opt/airflow/dags/isr_pipeline.py
[2026-04-05T13:27:01.490+0000] {processor.py:830} INFO - Processing file /opt/airflow/dags/isr_pipeline.py for tasks to queue
[2026-04-05T13:27:01.491+0000] {logging_mixin.py:188} INFO - [2026-04-05T13:27:01.491+0000] {dagbag.py:540} INFO - Filling up the DagBag from /opt/airflow/dags/isr_pipeline.py
[2026-04-05T13:27:01.511+0000] {processor.py:840} INFO - DAG(s) 'isr_pipeline' retrieved from /opt/airflow/dags/isr_pipeline.py
[2026-04-05T13:27:01.551+0000] {logging_mixin.py:188} INFO - [2026-04-05T13:27:01.551+0000] {dag.py:3096} INFO - Sync 1 DAGs
[2026-04-05T13:27:01.596+0000] {processor.py:183} INFO - Processing /opt/airflow/dags/isr_pipeline.py took 0.115 seconds
[2026-04-05T13:27:31.820+0000] {processor.py:161} INFO - Started process (PID=59561) to work on /opt/airflow/dags/isr_pipeline.py
[2026-04-05T13:27:31.821+0000] {processor.py:830} INFO - Processing file /opt/airflow/dags/isr_pipeline.py for tasks to queue
[2026-04-05T13:27:31.823+0000] {logging_mixin.py:188} INFO - [2026-04-05T13:27:31.823+0000] {dagbag.py:540} INFO - Filling up the DagBag from /opt/airflow/dags/isr_pipeline.py
[2026-04-05T13:27:31.841+0000] {processor.py:840} INFO - DAG(s) 'isr_pipeline' retrieved from /opt/airflow/dags/isr_pipeline.py
[2026-04-05T13:27:31.881+0000] {logging_mixin.py:188} INFO - [2026-04-05T13:27:31.880+0000] {dag.py:3096} INFO - Sync 1 DAGs
[2026-04-05T13:27:31.925+0000] {processor.py:183} INFO - Processing /opt/airflow/dags/isr_pipeline.py took 0.113 seconds
[2026-04-05T13:28:01.994+0000] {processor.py:161} INFO - Started process (PID=59566) to work on /opt/airflow/dags/isr_pipeline.py
[2026-04-05T13:28:01.995+0000] {processor.py:830} INFO - Processing file /opt/airflow/dags/isr_pipeline.py for tasks to queue
[2026-04-05T13:28:01.997+0000] {logging_mixin.py:188} INFO - [2026-04-05T13:28:01.996+0000] {dagbag.py:540} INFO - Filling up the DagBag from /opt/airflow/dags/isr_pipeline.py
[2026-04-05T13:28:02.015+0000] {processor.py:840} INFO - DAG(s) 'isr_pipeline' retrieved from /opt/airflow/dags/isr_pipeline.py
[2026-04-05T13:28:02.053+0000] {logging_mixin.py:188} INFO - [2026-04-05T13:28:02.053+0000] {dag.py:3096} INFO - Sync 1 DAGs
[2026-04-05T13:28:02.096+0000] {processor.py:183} INFO - Processing /opt/airflow/dags/isr_pipeline.py took 0.110 seconds
[2026-04-05T13:28:32.336+0000] {processor.py:161} INFO - Started process (PID=59571) to work on /opt/airflow/dags/isr_pipeline.py
[2026-04-05T13:28:32.338+0000] {processor.py:830} INFO - Processing file /opt/airflow/dags/isr_pipeline.py for tasks to queue
[2026-04-05T13:28:32.339+0000] {logging_mixin.py:188} INFO - [2026-04-05T13:28:32.339+0000] {dagbag.py:540} INFO - Filling up the DagBag from /opt/airflow/dags/isr_pipeline.py
[2026-04-05T13:28:32.359+0000] {processor.py:840} INFO - DAG(s) 'isr_pipeline' retrieved from /opt/airflow/dags/isr_pipeline.py
[2026-04-05T13:28:32.399+0000] {logging_mixin.py:188} INFO - [2026-04-05T13:28:32.399+0000] {dag.py:3096} INFO - Sync 1 DAGs
[2026-04-05T13:28:32.445+0000] {processor.py:183} INFO - Processing /opt/airflow/dags/isr_pipeline.py took 0.117 seconds
[2026-04-05T13:29:02.512+0000] {processor.py:161} INFO - Started process (PID=59576) to work on /opt/airflow/dags/isr_pipeline.py
[2026-04-05T13:29:02.513+0000] {processor.py:830} INFO - Processing file /opt/airflow/dags/isr_pipeline.py for tasks to queue
[2026-04-05T13:29:02.515+0000] {logging_mixin.py:188} INFO - [2026-04-05T13:29:02.515+0000] {dagbag.py:540} INFO - Filling up the DagBag from /opt/airflow/dags/isr_pipeline.py
[2026-04-05T13:29:02.534+0000] {processor.py:840} INFO - DAG(s) 'isr_pipeline' retrieved from /opt/airflow/dags/isr_pipeline.py
[2026-04-05T13:29:02.572+0000] {logging_mixin.py:188} INFO - [2026-04-05T13:29:02.572+0000] {dag.py:3096} INFO - Sync 1 DAGs
[2026-04-05T13:29:02.616+0000] {processor.py:183} INFO - Processing /opt/airflow/dags/isr_pipeline.py took 0.112 seconds
[2026-04-05T13:29:32.782+0000] {processor.py:161} INFO - Started process (PID=59581) to work on /opt/airflow/dags/isr_pipeline.py
[2026-04-05T13:29:32.783+0000] {processor.py:830} INFO - Processing file /opt/airflow/dags/isr_pipeline.py for tasks to queue
[2026-04-05T13:29:32.785+0000] {logging_mixin.py:188} INFO - [2026-04-05T13:29:32.785+0000] {dagbag.py:540} INFO - Filling up the DagBag from /opt/airflow/dags/isr_pipeline.py
[2026-04-05T13:29:32.802+0000] {processor.py:840} INFO - DAG(s) 'isr_pipeline' retrieved from /opt/airflow/dags/isr_pipeline.py
[2026-04-05T13:29:32.839+0000] {logging_mixin.py:188} INFO - [2026-04-05T13:29:32.839+0000] {dag.py:3096} INFO - Sync 1 DAGs
[2026-04-05T13:29:32.882+0000] {processor.py:183} INFO - Processing /opt/airflow/dags/isr_pipeline.py took 0.107 seconds
[2026-04-05T13:30:02.964+0000] {processor.py:161} INFO - Started process (PID=59586) to work on /opt/airflow/dags/isr_pipeline.py
[2026-04-05T13:30:02.965+0000] {processor.py:830} INFO - Processing file /opt/airflow/dags/isr_pipeline.py for tasks to queue
[2026-04-05T13:30:02.967+0000] {logging_mixin.py:188} INFO - [2026-04-05T13:30:02.966+0000] {dagbag.py:540} INFO - Filling up the DagBag from /opt/airflow/dags/isr_pipeline.py
[2026-04-05T13:30:02.984+0000] {processor.py:840} INFO - DAG(s) 'isr_pipeline' retrieved from /opt/airflow/dags/isr_pipeline.py
[2026-04-05T13:30:03.023+0000] {logging_mixin.py:188} INFO - [2026-04-05T13:30:03.022+0000] {dag.py:3096} INFO - Sync 1 DAGs
[2026-04-05T13:30:03.064+0000] {processor.py:183} INFO - Processing /opt/airflow/dags/isr_pipeline.py took 0.108 seconds
[2026-04-05T13:30:33.263+0000] {processor.py:161} INFO - Started process (PID=59591) to work on /opt/airflow/dags/isr_pipeline.py
[2026-04-05T13:30:33.264+0000] {processor.py:830} INFO - Processing file /opt/airflow/dags/isr_pipeline.py for tasks to queue
[2026-04-05T13:30:33.266+0000] {logging_mixin.py:188} INFO - [2026-04-05T13:30:33.265+0000] {dagbag.py:540} INFO - Filling up the DagBag from /opt/airflow/dags/isr_pipeline.py
[2026-04-05T13:30:33.283+0000] {processor.py:840} INFO - DAG(s) 'isr_pipeline' retrieved from /opt/airflow/dags/isr_pipeline.py
[2026-04-05T13:30:33.319+0000] {logging_mixin.py:188} INFO - [2026-04-05T13:30:33.319+0000] {dag.py:3096} INFO - Sync 1 DAGs
[2026-04-05T13:30:33.360+0000] {processor.py:183} INFO - Processing /opt/airflow/dags/isr_pipeline.py took 0.106 seconds
[2026-04-05T13:31:03.466+0000] {processor.py:161} INFO - Started process (PID=59596) to work on /opt/airflow/dags/isr_pipeline.py
[2026-04-05T13:31:03.467+0000] {processor.py:830} INFO - Processing file /opt/airflow/dags/isr_pipeline.py for tasks to queue
[2026-04-05T13:31:03.469+0000] {logging_mixin.py:188} INFO - [2026-04-05T13:31:03.468+0000] {dagbag.py:540} INFO - Filling up the DagBag from /opt/airflow/dags/isr_pipeline.py
[2026-04-05T13:31:03.486+0000] {processor.py:840} INFO - DAG(s) 'isr_pipeline' retrieved from /opt/airflow/dags/isr_pipeline.py
[2026-04-05T13:31:03.524+0000] {logging_mixin.py:188} INFO - [2026-04-05T13:31:03.523+0000] {dag.py:3096} INFO - Sync 1 DAGs
[2026-04-05T13:31:03.565+0000] {processor.py:183} INFO - Processing /opt/airflow/dags/isr_pipeline.py took 0.108 seconds
[2026-04-05T13:31:33.720+0000] {processor.py:161} INFO - Started process (PID=59601) to work on /opt/airflow/dags/isr_pipeline.py
[2026-04-05T13:31:33.722+0000] {processor.py:830} INFO - Processing file /opt/airflow/dags/isr_pipeline.py for tasks to queue
[2026-04-05T13:31:33.723+0000] {logging_mixin.py:188} INFO - [2026-04-05T13:31:33.723+0000] {dagbag.py:540} INFO - Filling up the DagBag from /opt/airflow/dags/isr_pipeline.py
[2026-04-05T13:31:33.741+0000] {processor.py:840} INFO - DAG(s) 'isr_pipeline' retrieved from /opt/airflow/dags/isr_pipeline.py
[2026-04-05T13:31:33.777+0000] {logging_mixin.py:188} INFO - [2026-04-05T13:31:33.777+0000] {dag.py:3096} INFO - Sync 1 DAGs
[2026-04-05T13:31:33.819+0000] {processor.py:183} INFO - Processing /opt/airflow/dags/isr_pipeline.py took 0.108 seconds
[2026-04-05T13:32:03.871+0000] {processor.py:161} INFO - Started process (PID=59606) to work on /opt/airflow/dags/isr_pipeline.py
[2026-04-05T13:32:03.872+0000] {processor.py:830} INFO - Processing file /opt/airflow/dags/isr_pipeline.py for tasks to queue
[2026-04-05T13:32:03.873+0000] {logging_mixin.py:188} INFO - [2026-04-05T13:32:03.873+0000] {dagbag.py:540} INFO - Filling up the DagBag from /opt/airflow/dags/isr_pipeline.py
[2026-04-05T13:32:03.891+0000] {processor.py:840} INFO - DAG(s) 'isr_pipeline' retrieved from /opt/airflow/dags/isr_pipeline.py
[2026-04-05T13:32:03.929+0000] {logging_mixin.py:188} INFO - [2026-04-05T13:32:03.929+0000] {dag.py:3096} INFO - Sync 1 DAGs
[2026-04-05T13:32:03.972+0000] {processor.py:183} INFO - Processing /opt/airflow/dags/isr_pipeline.py took 0.110 seconds
[2026-04-05T13:32:34.146+0000] {processor.py:161} INFO - Started process (PID=59611) to work on /opt/airflow/dags/isr_pipeline.py
[2026-04-05T13:32:34.147+0000] {processor.py:830} INFO - Processing file /opt/airflow/dags/isr_pipeline.py for tasks to queue
[2026-04-05T13:32:34.149+0000] {logging_mixin.py:188} INFO - [2026-04-05T13:32:34.148+0000] {dagbag.py:540} INFO - Filling up the DagBag from /opt/airflow/dags/isr_pipeline.py
[2026-04-05T13:32:34.166+0000] {processor.py:840} INFO - DAG(s) 'isr_pipeline' retrieved from /opt/airflow/dags/isr_pipeline.py
[2026-04-05T13:32:34.202+0000] {logging_mixin.py:188} INFO - [2026-04-05T13:32:34.202+0000] {dag.py:3096} INFO - Sync 1 DAGs
[2026-04-05T13:32:34.243+0000] {processor.py:183} INFO - Processing /opt/airflow/dags/isr_pipeline.py took 0.105 seconds
[2026-04-05T13:33:04.308+0000] {processor.py:161} INFO - Started process (PID=59616) to work on /opt/airflow/dags/isr_pipeline.py
[2026-04-05T13:33:04.309+0000] {processor.py:830} INFO - Processing file /opt/airflow/dags/isr_pipeline.py for tasks to queue
[2026-04-05T13:33:04.311+0000] {logging_mixin.py:188} INFO - [2026-04-05T13:33:04.311+0000] {dagbag.py:540} INFO - Filling up the DagBag from /opt/airflow/dags/isr_pipeline.py
[2026-04-05T13:33:04.329+0000] {processor.py:840} INFO - DAG(s) 'isr_pipeline' retrieved from /opt/airflow/dags/isr_pipeline.py
[2026-04-05T13:33:04.366+0000] {logging_mixin.py:188} INFO - [2026-04-05T13:33:04.366+0000] {dag.py:3096} INFO - Sync 1 DAGs
[2026-04-05T13:33:04.409+0000] {processor.py:183} INFO - Processing /opt/airflow/dags/isr_pipeline.py took 0.110 seconds
[2026-04-05T13:33:34.598+0000] {processor.py:161} INFO - Started process (PID=59621) to work on /opt/airflow/dags/isr_pipeline.py
[2026-04-05T13:33:34.600+0000] {processor.py:830} INFO - Processing file /opt/airflow/dags/isr_pipeline.py for tasks to queue
[2026-04-05T13:33:34.601+0000] {logging_mixin.py:188} INFO - [2026-04-05T13:33:34.601+0000] {dagbag.py:540} INFO - Filling up the DagBag from /opt/airflow/dags/isr_pipeline.py
[2026-04-05T13:33:34.619+0000] {processor.py:840} INFO - DAG(s) 'isr_pipeline' retrieved from /opt/airflow/dags/isr_pipeline.py
[2026-04-05T13:33:34.655+0000] {logging_mixin.py:188} INFO - [2026-04-05T13:33:34.654+0000] {dag.py:3096} INFO - Sync 1 DAGs
[2026-04-05T13:33:34.696+0000] {processor.py:183} INFO - Processing /opt/airflow/dags/isr_pipeline.py took 0.105 seconds
[2026-04-05T13:34:04.784+0000] {processor.py:161} INFO - Started process (PID=59626) to work on /opt/airflow/dags/isr_pipeline.py
[2026-04-05T13:34:04.785+0000] {processor.py:830} INFO - Processing file /opt/airflow/dags/isr_pipeline.py for tasks to queue
[2026-04-05T13:34:04.786+0000] {logging_mixin.py:188} INFO - [2026-04-05T13:34:04.786+0000] {dagbag.py:540} INFO - Filling up the DagBag from /opt/airflow/dags/isr_pipeline.py
[2026-04-05T13:34:04.804+0000] {processor.py:840} INFO - DAG(s) 'isr_pipeline' retrieved from /opt/airflow/dags/isr_pipeline.py
[2026-04-05T13:34:04.841+0000] {logging_mixin.py:188} INFO - [2026-04-05T13:34:04.841+0000] {dag.py:3096} INFO - Sync 1 DAGs
[2026-04-05T13:34:04.884+0000] {processor.py:183} INFO - Processing /opt/airflow/dags/isr_pipeline.py took 0.108 seconds
[2026-04-05T13:34:35.004+0000] {processor.py:161} INFO - Started process (PID=59631) to work on /opt/airflow/dags/isr_pipeline.py
[2026-04-05T13:34:35.005+0000] {processor.py:830} INFO - Processing file /opt/airflow/dags/isr_pipeline.py for tasks to queue
[2026-04-05T13:34:35.007+0000] {logging_mixin.py:188} INFO - [2026-04-05T13:34:35.006+0000] {dagbag.py:540} INFO - Filling up the DagBag from /opt/airflow/dags/isr_pipeline.py
[2026-04-05T13:34:35.025+0000] {processor.py:840} INFO - DAG(s) 'isr_pipeline' retrieved from /opt/airflow/dags/isr_pipeline.py
[2026-04-05T13:34:35.062+0000] {logging_mixin.py:188} INFO - [2026-04-05T13:34:35.062+0000] {dag.py:3096} INFO - Sync 1 DAGs
[2026-04-05T13:34:35.106+0000] {processor.py:183} INFO - Processing /opt/airflow/dags/isr_pipeline.py took 0.111 seconds
[2026-04-05T13:35:05.201+0000] {processor.py:161} INFO - Started process (PID=59636) to work on /opt/airflow/dags/isr_pipeline.py
[2026-04-05T13:35:05.202+0000] {processor.py:830} INFO - Processing file /opt/airflow/dags/isr_pipeline.py for tasks to queue
[2026-04-05T13:35:05.203+0000] {logging_mixin.py:188} INFO - [2026-04-05T13:35:05.203+0000] {dagbag.py:540} INFO - Filling up the DagBag from /opt/airflow/dags/isr_pipeline.py
[2026-04-05T13:35:05.225+0000] {processor.py:840} INFO - DAG(s) 'isr_pipeline' retrieved from /opt/airflow/dags/isr_pipeline.py
[2026-04-05T13:35:05.266+0000] {logging_mixin.py:188} INFO - [2026-04-05T13:35:05.266+0000] {dag.py:3096} INFO - Sync 1 DAGs
[2026-04-05T13:35:05.306+0000] {processor.py:183} INFO - Processing /opt/airflow/dags/isr_pipeline.py took 0.113 seconds
[2026-04-05T13:35:35.399+0000] {processor.py:161} INFO - Started process (PID=59641) to work on /opt/airflow/dags/isr_pipeline.py
[2026-04-05T13:35:35.400+0000] {processor.py:830} INFO - Processing file /opt/airflow/dags/isr_pipeline.py for tasks to queue
[2026-04-05T13:35:35.402+0000] {logging_mixin.py:188} INFO - [2026-04-05T13:35:35.401+0000] {dagbag.py:540} INFO - Filling up the DagBag from /opt/airflow/dags/isr_pipeline.py
[2026-04-05T13:35:35.421+0000] {processor.py:840} INFO - DAG(s) 'isr_pipeline' retrieved from /opt/airflow/dags/isr_pipeline.py
[2026-04-05T13:35:35.460+0000] {logging_mixin.py:188} INFO - [2026-04-05T13:35:35.460+0000] {dag.py:3096} INFO - Sync 1 DAGs
[2026-04-05T13:35:35.505+0000] {processor.py:183} INFO - Processing /opt/airflow/dags/isr_pipeline.py took 0.114 seconds
[2026-04-05T13:36:05.585+0000] {processor.py:161} INFO - Started process (PID=59646) to work on /opt/airflow/dags/isr_pipeline.py
[2026-04-05T13:36:05.587+0000] {processor.py:830} INFO - Processing file /opt/airflow/dags/isr_pipeline.py for tasks to queue
[2026-04-05T13:36:05.588+0000] {logging_mixin.py:188} INFO - [2026-04-05T13:36:05.588+0000] {dagbag.py:540} INFO - Filling up the DagBag from /opt/airflow/dags/isr_pipeline.py
[2026-04-05T13:36:05.606+0000] {processor.py:840} INFO - DAG(s) 'isr_pipeline' retrieved from /opt/airflow/dags/isr_pipeline.py
[2026-04-05T13:36:05.643+0000] {logging_mixin.py:188} INFO - [2026-04-05T13:36:05.643+0000] {dag.py:3096} INFO - Sync 1 DAGs
[2026-04-05T13:36:05.688+0000] {processor.py:183} INFO - Processing /opt/airflow/dags/isr_pipeline.py took 0.111 seconds
[2026-04-05T13:36:35.819+0000] {processor.py:161} INFO - Started process (PID=59651) to work on /opt/airflow/dags/isr_pipeline.py
[2026-04-05T13:36:35.820+0000] {processor.py:830} INFO - Processing file /opt/airflow/dags/isr_pipeline.py for tasks to queue
[2026-04-05T13:36:35.822+0000] {logging_mixin.py:188} INFO - [2026-04-05T13:36:35.821+0000] {dagbag.py:540} INFO - Filling up the DagBag from /opt/airflow/dags/isr_pipeline.py
[2026-04-05T13:36:35.840+0000] {processor.py:840} INFO - DAG(s) 'isr_pipeline' retrieved from /opt/airflow/dags/isr_pipeline.py
[2026-04-05T13:36:35.877+0000] {logging_mixin.py:188} INFO - [2026-04-05T13:36:35.877+0000] {dag.py:3096} INFO - Sync 1 DAGs
[2026-04-05T13:36:35.923+0000] {processor.py:183} INFO - Processing /opt/airflow/dags/isr_pipeline.py took 0.112 seconds
[2026-04-05T13:37:06.003+0000] {processor.py:161} INFO - Started process (PID=59656) to work on /opt/airflow/dags/isr_pipeline.py
[2026-04-05T13:37:06.004+0000] {processor.py:830} INFO - Processing file /opt/airflow/dags/isr_pipeline.py for tasks to queue
[2026-04-05T13:37:06.006+0000] {logging_mixin.py:188} INFO - [2026-04-05T13:37:06.005+0000] {dagbag.py:540} INFO - Filling up the DagBag from /opt/airflow/dags/isr_pipeline.py
[2026-04-05T13:37:06.024+0000] {processor.py:840} INFO - DAG(s) 'isr_pipeline' retrieved from /opt/airflow/dags/isr_pipeline.py
[2026-04-05T13:37:06.064+0000] {logging_mixin.py:188} INFO - [2026-04-05T13:37:06.064+0000] {dag.py:3096} INFO - Sync 1 DAGs
[2026-04-05T13:37:06.106+0000] {processor.py:183} INFO - Processing /opt/airflow/dags/isr_pipeline.py took 0.111 seconds
[2026-04-05T13:37:36.255+0000] {processor.py:161} INFO - Started process (PID=59661) to work on /opt/airflow/dags/isr_pipeline.py
[2026-04-05T13:37:36.257+0000] {processor.py:830} INFO - Processing file /opt/airflow/dags/isr_pipeline.py for tasks to queue
[2026-04-05T13:37:36.258+0000] {logging_mixin.py:188} INFO - [2026-04-05T13:37:36.258+0000] {dagbag.py:540} INFO - Filling up the DagBag from /opt/airflow/dags/isr_pipeline.py
[2026-04-05T13:37:36.277+0000] {processor.py:840} INFO - DAG(s) 'isr_pipeline' retrieved from /opt/airflow/dags/isr_pipeline.py
[2026-04-05T13:37:36.314+0000] {logging_mixin.py:188} INFO - [2026-04-05T13:37:36.314+0000] {dag.py:3096} INFO - Sync 1 DAGs
[2026-04-05T13:37:36.358+0000] {processor.py:183} INFO - Processing /opt/airflow/dags/isr_pipeline.py took 0.111 seconds
[2026-04-05T13:38:06.455+0000] {processor.py:161} INFO - Started process (PID=59666) to work on /opt/airflow/dags/isr_pipeline.py
[2026-04-05T13:38:06.456+0000] {processor.py:830} INFO - Processing file /opt/airflow/dags/isr_pipeline.py for tasks to queue
[2026-04-05T13:38:06.458+0000] {logging_mixin.py:188} INFO - [2026-04-05T13:38:06.457+0000] {dagbag.py:540} INFO - Filling up the DagBag from /opt/airflow/dags/isr_pipeline.py
[2026-04-05T13:38:06.476+0000] {processor.py:840} INFO - DAG(s) 'isr_pipeline' retrieved from /opt/airflow/dags/isr_pipeline.py
[2026-04-05T13:38:06.514+0000] {logging_mixin.py:188} INFO - [2026-04-05T13:38:06.514+0000] {dag.py:3096} INFO - Sync 1 DAGs
[2026-04-05T13:38:06.557+0000] {processor.py:183} INFO - Processing /opt/airflow/dags/isr_pipeline.py took 0.111 seconds
[2026-04-05T13:38:36.655+0000] {processor.py:161} INFO - Started process (PID=59671) to work on /opt/airflow/dags/isr_pipeline.py
[2026-04-05T13:38:36.657+0000] {processor.py:830} INFO - Processing file /opt/airflow/dags/isr_pipeline.py for tasks to queue
[2026-04-05T13:38:36.659+0000] {logging_mixin.py:188} INFO - [2026-04-05T13:38:36.658+0000] {dagbag.py:540} INFO - Filling up the DagBag from /opt/airflow/dags/isr_pipeline.py
[2026-04-05T13:38:36.679+0000] {processor.py:840} INFO - DAG(s) 'isr_pipeline' retrieved from /opt/airflow/dags/isr_pipeline.py
[2026-04-05T13:38:36.719+0000] {logging_mixin.py:188} INFO - [2026-04-05T13:38:36.719+0000] {dag.py:3096} INFO - Sync 1 DAGs
[2026-04-05T13:38:36.768+0000] {processor.py:183} INFO - Processing /opt/airflow/dags/isr_pipeline.py took 0.122 seconds
[2026-04-05T13:39:06.903+0000] {processor.py:161} INFO - Started process (PID=59676) to work on /opt/airflow/dags/isr_pipeline.py
[2026-04-05T13:39:06.905+0000] {processor.py:830} INFO - Processing file /opt/airflow/dags/isr_pipeline.py for tasks to queue
[2026-04-05T13:39:06.907+0000] {logging_mixin.py:188} INFO - [2026-04-05T13:39:06.906+0000] {dagbag.py:540} INFO - Filling up the DagBag from /opt/airflow/dags/isr_pipeline.py
[2026-04-05T13:39:06.925+0000] {processor.py:840} INFO - DAG(s) 'isr_pipeline' retrieved from /opt/airflow/dags/isr_pipeline.py
[2026-04-05T13:39:06.963+0000] {logging_mixin.py:188} INFO - [2026-04-05T13:39:06.963+0000] {dag.py:3096} INFO - Sync 1 DAGs
[2026-04-05T13:39:07.007+0000] {processor.py:183} INFO - Processing /opt/airflow/dags/isr_pipeline.py took 0.112 seconds
[2026-04-05T13:39:37.062+0000] {processor.py:161} INFO - Started process (PID=59681) to work on /opt/airflow/dags/isr_pipeline.py
[2026-04-05T13:39:37.063+0000] {processor.py:830} INFO - Processing file /opt/airflow/dags/isr_pipeline.py for tasks to queue
[2026-04-05T13:39:37.065+0000] {logging_mixin.py:188} INFO - [2026-04-05T13:39:37.064+0000] {dagbag.py:540} INFO - Filling up the DagBag from /opt/airflow/dags/isr_pipeline.py
[2026-04-05T13:39:37.082+0000] {processor.py:840} INFO - DAG(s) 'isr_pipeline' retrieved from /opt/airflow/dags/isr_pipeline.py
[2026-04-05T13:39:37.121+0000] {logging_mixin.py:188} INFO - [2026-04-05T13:39:37.121+0000] {dag.py:3096} INFO - Sync 1 DAGs
[2026-04-05T13:39:37.165+0000] {processor.py:183} INFO - Processing /opt/airflow/dags/isr_pipeline.py took 0.111 seconds
[2026-04-05T13:40:07.348+0000] {processor.py:161} INFO - Started process (PID=59686) to work on /opt/airflow/dags/isr_pipeline.py
[2026-04-05T13:40:07.349+0000] {processor.py:830} INFO - Processing file /opt/airflow/dags/isr_pipeline.py for tasks to queue
[2026-04-05T13:40:07.351+0000] {logging_mixin.py:188} INFO - [2026-04-05T13:40:07.350+0000] {dagbag.py:540} INFO - Filling up the DagBag from /opt/airflow/dags/isr_pipeline.py
[2026-04-05T13:40:07.370+0000] {processor.py:840} INFO - DAG(s) 'isr_pipeline' retrieved from /opt/airflow/dags/isr_pipeline.py
[2026-04-05T13:40:07.407+0000] {logging_mixin.py:188} INFO - [2026-04-05T13:40:07.407+0000] {dag.py:3096} INFO - Sync 1 DAGs
[2026-04-05T13:40:07.450+0000] {processor.py:183} INFO - Processing /opt/airflow/dags/isr_pipeline.py took 0.111 seconds
[2026-04-05T13:40:37.534+0000] {processor.py:161} INFO - Started process (PID=59691) to work on /opt/airflow/dags/isr_pipeline.py
[2026-04-05T13:40:37.536+0000] {processor.py:830} INFO - Processing file /opt/airflow/dags/isr_pipeline.py for tasks to queue
[2026-04-05T13:40:37.537+0000] {logging_mixin.py:188} INFO - [2026-04-05T13:40:37.536+0000] {dagbag.py:540} INFO - Filling up the DagBag from /opt/airflow/dags/isr_pipeline.py
[2026-04-05T13:40:37.555+0000] {processor.py:840} INFO - DAG(s) 'isr_pipeline' retrieved from /opt/airflow/dags/isr_pipeline.py
[2026-04-05T13:40:37.592+0000] {logging_mixin.py:188} INFO - [2026-04-05T13:40:37.592+0000] {dag.py:3096} INFO - Sync 1 DAGs
[2026-04-05T13:40:37.634+0000] {processor.py:183} INFO - Processing /opt/airflow/dags/isr_pipeline.py took 0.108 seconds
[2026-04-05T13:41:07.807+0000] {processor.py:161} INFO - Started process (PID=59696) to work on /opt/airflow/dags/isr_pipeline.py
[2026-04-05T13:41:07.808+0000] {processor.py:830} INFO - Processing file /opt/airflow/dags/isr_pipeline.py for tasks to queue
[2026-04-05T13:41:07.810+0000] {logging_mixin.py:188} INFO - [2026-04-05T13:41:07.809+0000] {dagbag.py:540} INFO - Filling up the DagBag from /opt/airflow/dags/isr_pipeline.py
[2026-04-05T13:41:07.828+0000] {processor.py:840} INFO - DAG(s) 'isr_pipeline' retrieved from /opt/airflow/dags/isr_pipeline.py
[2026-04-05T13:41:07.866+0000] {logging_mixin.py:188} INFO - [2026-04-05T13:41:07.865+0000] {dag.py:3096} INFO - Sync 1 DAGs
[2026-04-05T13:41:07.910+0000] {processor.py:183} INFO - Processing /opt/airflow/dags/isr_pipeline.py took 0.111 seconds
[2026-04-05T13:41:37.988+0000] {processor.py:161} INFO - Started process (PID=59701) to work on /opt/airflow/dags/isr_pipeline.py
[2026-04-05T13:41:37.990+0000] {processor.py:830} INFO - Processing file /opt/airflow/dags/isr_pipeline.py for tasks to queue
[2026-04-05T13:41:37.991+0000] {logging_mixin.py:188} INFO - [2026-04-05T13:41:37.991+0000] {dagbag.py:540} INFO - Filling up the DagBag from /opt/airflow/dags/isr_pipeline.py
[2026-04-05T13:41:38.009+0000] {processor.py:840} INFO - DAG(s) 'isr_pipeline' retrieved from /opt/airflow/dags/isr_pipeline.py
[2026-04-05T13:41:38.050+0000] {logging_mixin.py:188} INFO - [2026-04-05T13:41:38.050+0000] {dag.py:3096} INFO - Sync 1 DAGs
[2026-04-05T13:41:38.093+0000] {processor.py:183} INFO - Processing /opt/airflow/dags/isr_pipeline.py took 0.113 seconds
[2026-04-05T13:42:08.266+0000] {processor.py:161} INFO - Started process (PID=59706) to work on /opt/airflow/dags/isr_pipeline.py
[2026-04-05T13:42:08.268+0000] {processor.py:830} INFO - Processing file /opt/airflow/dags/isr_pipeline.py for tasks to queue
[2026-04-05T13:42:08.269+0000] {logging_mixin.py:188} INFO - [2026-04-05T13:42:08.269+0000] {dagbag.py:540} INFO - Filling up the DagBag from /opt/airflow/dags/isr_pipeline.py
[2026-04-05T13:42:08.287+0000] {processor.py:840} INFO - DAG(s) 'isr_pipeline' retrieved from /opt/airflow/dags/isr_pipeline.py
[2026-04-05T13:42:08.323+0000] {logging_mixin.py:188} INFO - [2026-04-05T13:42:08.323+0000] {dag.py:3096} INFO - Sync 1 DAGs
[2026-04-05T13:42:08.368+0000] {processor.py:183} INFO - Processing /opt/airflow/dags/isr_pipeline.py took 0.110 seconds
[2026-04-05T13:42:38.547+0000] {processor.py:161} INFO - Started process (PID=59711) to work on /opt/airflow/dags/isr_pipeline.py
[2026-04-05T13:42:38.549+0000] {processor.py:830} INFO - Processing file /opt/airflow/dags/isr_pipeline.py for tasks to queue
[2026-04-05T13:42:38.550+0000] {logging_mixin.py:188} INFO - [2026-04-05T13:42:38.550+0000] {dagbag.py:540} INFO - Filling up the DagBag from /opt/airflow/dags/isr_pipeline.py
[2026-04-05T13:42:38.568+0000] {processor.py:840} INFO - DAG(s) 'isr_pipeline' retrieved from /opt/airflow/dags/isr_pipeline.py
[2026-04-05T13:42:38.606+0000] {logging_mixin.py:188} INFO - [2026-04-05T13:42:38.605+0000] {dag.py:3096} INFO - Sync 1 DAGs
[2026-04-05T13:42:38.648+0000] {processor.py:183} INFO - Processing /opt/airflow/dags/isr_pipeline.py took 0.110 seconds
[2026-04-05T13:43:08.714+0000] {processor.py:161} INFO - Started process (PID=59716) to work on /opt/airflow/dags/isr_pipeline.py
[2026-04-05T13:43:08.715+0000] {processor.py:830} INFO - Processing file /opt/airflow/dags/isr_pipeline.py for tasks to queue
[2026-04-05T13:43:08.717+0000] {logging_mixin.py:188} INFO - [2026-04-05T13:43:08.717+0000] {dagbag.py:540} INFO - Filling up the DagBag from /opt/airflow/dags/isr_pipeline.py
[2026-04-05T13:43:08.739+0000] {processor.py:840} INFO - DAG(s) 'isr_pipeline' retrieved from /opt/airflow/dags/isr_pipeline.py
[2026-04-05T13:43:08.779+0000] {logging_mixin.py:188} INFO - [2026-04-05T13:43:08.779+0000] {dag.py:3096} INFO - Sync 1 DAGs
[2026-04-05T13:43:08.828+0000] {processor.py:183} INFO - Processing /opt/airflow/dags/isr_pipeline.py took 0.122 seconds
[2026-04-05T13:43:39.004+0000] {processor.py:161} INFO - Started process (PID=59721) to work on /opt/airflow/dags/isr_pipeline.py
[2026-04-05T13:43:39.005+0000] {processor.py:830} INFO - Processing file /opt/airflow/dags/isr_pipeline.py for tasks to queue
[2026-04-05T13:43:39.007+0000] {logging_mixin.py:188} INFO - [2026-04-05T13:43:39.006+0000] {dagbag.py:540} INFO - Filling up the DagBag from /opt/airflow/dags/isr_pipeline.py
[2026-04-05T13:43:39.024+0000] {processor.py:840} INFO - DAG(s) 'isr_pipeline' retrieved from /opt/airflow/dags/isr_pipeline.py
[2026-04-05T13:43:39.062+0000] {logging_mixin.py:188} INFO - [2026-04-05T13:43:39.062+0000] {dag.py:3096} INFO - Sync 1 DAGs
[2026-04-05T13:43:39.105+0000] {processor.py:183} INFO - Processing /opt/airflow/dags/isr_pipeline.py took 0.109 seconds
[2026-04-05T13:44:09.179+0000] {processor.py:161} INFO - Started process (PID=59726) to work on /opt/airflow/dags/isr_pipeline.py
[2026-04-05T13:44:09.180+0000] {processor.py:830} INFO - Processing file /opt/airflow/dags/isr_pipeline.py for tasks to queue
[2026-04-05T13:44:09.182+0000] {logging_mixin.py:188} INFO - [2026-04-05T13:44:09.182+0000] {dagbag.py:540} INFO - Filling up the DagBag from /opt/airflow/dags/isr_pipeline.py
[2026-04-05T13:44:09.200+0000] {processor.py:840} INFO - DAG(s) 'isr_pipeline' retrieved from /opt/airflow/dags/isr_pipeline.py
[2026-04-05T13:44:09.238+0000] {logging_mixin.py:188} INFO - [2026-04-05T13:44:09.237+0000] {dag.py:3096} INFO - Sync 1 DAGs
[2026-04-05T13:44:09.280+0000] {processor.py:183} INFO - Processing /opt/airflow/dags/isr_pipeline.py took 0.110 seconds
[2026-04-05T13:44:39.415+0000] {processor.py:161} INFO - Started process (PID=59731) to work on /opt/airflow/dags/isr_pipeline.py
[2026-04-05T13:44:39.416+0000] {processor.py:830} INFO - Processing file /opt/airflow/dags/isr_pipeline.py for tasks to queue
[2026-04-05T13:44:39.417+0000] {logging_mixin.py:188} INFO - [2026-04-05T13:44:39.417+0000] {dagbag.py:540} INFO - Filling up the DagBag from /opt/airflow/dags/isr_pipeline.py
[2026-04-05T13:44:39.435+0000] {processor.py:840} INFO - DAG(s) 'isr_pipeline' retrieved from /opt/airflow/dags/isr_pipeline.py
[2026-04-05T13:44:39.472+0000] {logging_mixin.py:188} INFO - [2026-04-05T13:44:39.472+0000] {dag.py:3096} INFO - Sync 1 DAGs
[2026-04-05T13:44:39.514+0000] {processor.py:183} INFO - Processing /opt/airflow/dags/isr_pipeline.py took 0.107 seconds
[2026-04-05T13:45:09.570+0000] {processor.py:161} INFO - Started process (PID=59736) to work on /opt/airflow/dags/isr_pipeline.py
[2026-04-05T13:45:09.571+0000] {processor.py:830} INFO - Processing file /opt/airflow/dags/isr_pipeline.py for tasks to queue
[2026-04-05T13:45:09.572+0000] {logging_mixin.py:188} INFO - [2026-04-05T13:45:09.572+0000] {dagbag.py:540} INFO - Filling up the DagBag from /opt/airflow/dags/isr_pipeline.py
[2026-04-05T13:45:09.590+0000] {processor.py:840} INFO - DAG(s) 'isr_pipeline' retrieved from /opt/airflow/dags/isr_pipeline.py
[2026-04-05T13:45:09.626+0000] {logging_mixin.py:188} INFO - [2026-04-05T13:45:09.626+0000] {dag.py:3096} INFO - Sync 1 DAGs
[2026-04-05T13:45:09.667+0000] {processor.py:183} INFO - Processing /opt/airflow/dags/isr_pipeline.py took 0.106 seconds
[2026-04-05T13:45:39.792+0000] {processor.py:161} INFO - Started process (PID=59741) to work on /opt/airflow/dags/isr_pipeline.py
[2026-04-05T13:45:39.793+0000] {processor.py:830} INFO - Processing file /opt/airflow/dags/isr_pipeline.py for tasks to queue
[2026-04-05T13:45:39.795+0000] {logging_mixin.py:188} INFO - [2026-04-05T13:45:39.794+0000] {dagbag.py:540} INFO - Filling up the DagBag from /opt/airflow/dags/isr_pipeline.py
[2026-04-05T13:45:39.813+0000] {processor.py:840} INFO - DAG(s) 'isr_pipeline' retrieved from /opt/airflow/dags/isr_pipeline.py
[2026-04-05T13:45:39.849+0000] {logging_mixin.py:188} INFO - [2026-04-05T13:45:39.849+0000] {dag.py:3096} INFO - Sync 1 DAGs
[2026-04-05T13:45:39.892+0000] {processor.py:183} INFO - Processing /opt/airflow/dags/isr_pipeline.py took 0.108 seconds
[2026-04-05T13:46:09.975+0000] {processor.py:161} INFO - Started process (PID=59746) to work on /opt/airflow/dags/isr_pipeline.py
[2026-04-05T13:46:09.976+0000] {processor.py:830} INFO - Processing file /opt/airflow/dags/isr_pipeline.py for tasks to queue
[2026-04-05T13:46:09.977+0000] {logging_mixin.py:188} INFO - [2026-04-05T13:46:09.977+0000] {dagbag.py:540} INFO - Filling up the DagBag from /opt/airflow/dags/isr_pipeline.py
[2026-04-05T13:46:09.995+0000] {processor.py:840} INFO - DAG(s) 'isr_pipeline' retrieved from /opt/airflow/dags/isr_pipeline.py
[2026-04-05T13:46:10.033+0000] {logging_mixin.py:188} INFO - [2026-04-05T13:46:10.033+0000] {dag.py:3096} INFO - Sync 1 DAGs
[2026-04-05T13:46:10.076+0000] {processor.py:183} INFO - Processing /opt/airflow/dags/isr_pipeline.py took 0.109 seconds
[2026-04-05T13:46:40.222+0000] {processor.py:161} INFO - Started process (PID=59751) to work on /opt/airflow/dags/isr_pipeline.py
[2026-04-05T13:46:40.223+0000] {processor.py:830} INFO - Processing file /opt/airflow/dags/isr_pipeline.py for tasks to queue
[2026-04-05T13:46:40.225+0000] {logging_mixin.py:188} INFO - [2026-04-05T13:46:40.224+0000] {dagbag.py:540} INFO - Filling up the DagBag from /opt/airflow/dags/isr_pipeline.py
[2026-04-05T13:46:40.242+0000] {processor.py:840} INFO - DAG(s) 'isr_pipeline' retrieved from /opt/airflow/dags/isr_pipeline.py
[2026-04-05T13:46:40.280+0000] {logging_mixin.py:188} INFO - [2026-04-05T13:46:40.279+0000] {dag.py:3096} INFO - Sync 1 DAGs
[2026-04-05T13:46:40.322+0000] {processor.py:183} INFO - Processing /opt/airflow/dags/isr_pipeline.py took 0.109 seconds
[2026-04-05T13:47:10.452+0000] {processor.py:161} INFO - Started process (PID=59756) to work on /opt/airflow/dags/isr_pipeline.py
[2026-04-05T13:47:10.453+0000] {processor.py:830} INFO - Processing file /opt/airflow/dags/isr_pipeline.py for tasks to queue
[2026-04-05T13:47:10.455+0000] {logging_mixin.py:188} INFO - [2026-04-05T13:47:10.454+0000] {dagbag.py:540} INFO - Filling up the DagBag from /opt/airflow/dags/isr_pipeline.py
[2026-04-05T13:47:10.473+0000] {processor.py:840} INFO - DAG(s) 'isr_pipeline' retrieved from /opt/airflow/dags/isr_pipeline.py
[2026-04-05T13:47:10.510+0000] {logging_mixin.py:188} INFO - [2026-04-05T13:47:10.510+0000] {dag.py:3096} INFO - Sync 1 DAGs
[2026-04-05T13:47:10.552+0000] {processor.py:183} INFO - Processing /opt/airflow/dags/isr_pipeline.py took 0.108 seconds
[2026-04-05T13:47:40.632+0000] {processor.py:161} INFO - Started process (PID=59761) to work on /opt/airflow/dags/isr_pipeline.py
[2026-04-05T13:47:40.633+0000] {processor.py:830} INFO - Processing file /opt/airflow/dags/isr_pipeline.py for tasks to queue
[2026-04-05T13:47:40.634+0000] {logging_mixin.py:188} INFO - [2026-04-05T13:47:40.634+0000] {dagbag.py:540} INFO - Filling up the DagBag from /opt/airflow/dags/isr_pipeline.py
[2026-04-05T13:47:40.651+0000] {processor.py:840} INFO - DAG(s) 'isr_pipeline' retrieved from /opt/airflow/dags/isr_pipeline.py
[2026-04-05T13:47:40.689+0000] {logging_mixin.py:188} INFO - [2026-04-05T13:47:40.689+0000] {dag.py:3096} INFO - Sync 1 DAGs
[2026-04-05T13:47:40.729+0000] {processor.py:183} INFO - Processing /opt/airflow/dags/isr_pipeline.py took 0.105 seconds
[2026-04-05T13:48:10.906+0000] {processor.py:161} INFO - Started process (PID=59766) to work on /opt/airflow/dags/isr_pipeline.py
[2026-04-05T13:48:10.907+0000] {processor.py:830} INFO - Processing file /opt/airflow/dags/isr_pipeline.py for tasks to queue
[2026-04-05T13:48:10.909+0000] {logging_mixin.py:188} INFO - [2026-04-05T13:48:10.908+0000] {dagbag.py:540} INFO - Filling up the DagBag from /opt/airflow/dags/isr_pipeline.py
[2026-04-05T13:48:10.927+0000] {processor.py:840} INFO - DAG(s) 'isr_pipeline' retrieved from /opt/airflow/dags/isr_pipeline.py
[2026-04-05T13:48:10.965+0000] {logging_mixin.py:188} INFO - [2026-04-05T13:48:10.964+0000] {dag.py:3096} INFO - Sync 1 DAGs
[2026-04-05T13:48:11.015+0000] {processor.py:183} INFO - Processing /opt/airflow/dags/isr_pipeline.py took 0.117 seconds
[2026-04-05T13:48:41.091+0000] {processor.py:161} INFO - Started process (PID=59771) to work on /opt/airflow/dags/isr_pipeline.py
[2026-04-05T13:48:41.092+0000] {processor.py:830} INFO - Processing file /opt/airflow/dags/isr_pipeline.py for tasks to queue
[2026-04-05T13:48:41.094+0000] {logging_mixin.py:188} INFO - [2026-04-05T13:48:41.093+0000] {dagbag.py:540} INFO - Filling up the DagBag from /opt/airflow/dags/isr_pipeline.py
[2026-04-05T13:48:41.111+0000] {processor.py:840} INFO - DAG(s) 'isr_pipeline' retrieved from /opt/airflow/dags/isr_pipeline.py
[2026-04-05T13:48:41.149+0000] {logging_mixin.py:188} INFO - [2026-04-05T13:48:41.149+0000] {dag.py:3096} INFO - Sync 1 DAGs
[2026-04-05T13:48:41.192+0000] {processor.py:183} INFO - Processing /opt/airflow/dags/isr_pipeline.py took 0.109 seconds
[2026-04-05T13:49:11.299+0000] {processor.py:161} INFO - Started process (PID=59776) to work on /opt/airflow/dags/isr_pipeline.py
[2026-04-05T13:49:11.301+0000] {processor.py:830} INFO - Processing file /opt/airflow/dags/isr_pipeline.py for tasks to queue
[2026-04-05T13:49:11.302+0000] {logging_mixin.py:188} INFO - [2026-04-05T13:49:11.302+0000] {dagbag.py:540} INFO - Filling up the DagBag from /opt/airflow/dags/isr_pipeline.py
[2026-04-05T13:49:11.320+0000] {processor.py:840} INFO - DAG(s) 'isr_pipeline' retrieved from /opt/airflow/dags/isr_pipeline.py
[2026-04-05T13:49:11.357+0000] {logging_mixin.py:188} INFO - [2026-04-05T13:49:11.357+0000] {dag.py:3096} INFO - Sync 1 DAGs
[2026-04-05T13:49:11.400+0000] {processor.py:183} INFO - Processing /opt/airflow/dags/isr_pipeline.py took 0.110 seconds
[2026-04-05T13:49:41.535+0000] {processor.py:161} INFO - Started process (PID=59781) to work on /opt/airflow/dags/isr_pipeline.py
[2026-04-05T13:49:41.537+0000] {processor.py:830} INFO - Processing file /opt/airflow/dags/isr_pipeline.py for tasks to queue
[2026-04-05T13:49:41.538+0000] {logging_mixin.py:188} INFO - [2026-04-05T13:49:41.538+0000] {dagbag.py:540} INFO - Filling up the DagBag from /opt/airflow/dags/isr_pipeline.py
[2026-04-05T13:49:41.555+0000] {processor.py:840} INFO - DAG(s) 'isr_pipeline' retrieved from /opt/airflow/dags/isr_pipeline.py
[2026-04-05T13:49:41.571+0000] {logging_mixin.py:188} INFO - [2026-04-05T13:49:41.571+0000] {dag.py:3096} INFO - Sync 1 DAGs
[2026-04-05T13:49:41.610+0000] {processor.py:183} INFO - Processing /opt/airflow/dags/isr_pipeline.py took 0.104 seconds
[2026-04-05T13:50:11.804+0000] {processor.py:161} INFO - Started process (PID=59786) to work on /opt/airflow/dags/isr_pipeline.py
[2026-04-05T13:50:11.806+0000] {processor.py:830} INFO - Processing file /opt/airflow/dags/isr_pipeline.py for tasks to queue
[2026-04-05T13:50:11.808+0000] {logging_mixin.py:188} INFO - [2026-04-05T13:50:11.807+0000] {dagbag.py:540} INFO - Filling up the DagBag from /opt/airflow/dags/isr_pipeline.py
[2026-04-05T13:50:11.826+0000] {processor.py:840} INFO - DAG(s) 'isr_pipeline' retrieved from /opt/airflow/dags/isr_pipeline.py
[2026-04-05T13:50:11.865+0000] {logging_mixin.py:188} INFO - [2026-04-05T13:50:11.864+0000] {dag.py:3096} INFO - Sync 1 DAGs
[2026-04-05T13:50:11.907+0000] {processor.py:183} INFO - Processing /opt/airflow/dags/isr_pipeline.py took 0.112 seconds
[2026-04-05T13:50:41.990+0000] {processor.py:161} INFO - Started process (PID=59791) to work on /opt/airflow/dags/isr_pipeline.py
[2026-04-05T13:50:41.992+0000] {processor.py:830} INFO - Processing file /opt/airflow/dags/isr_pipeline.py for tasks to queue
[2026-04-05T13:50:41.993+0000] {logging_mixin.py:188} INFO - [2026-04-05T13:50:41.993+0000] {dagbag.py:540} INFO - Filling up the DagBag from /opt/airflow/dags/isr_pipeline.py
[2026-04-05T13:50:42.010+0000] {processor.py:840} INFO - DAG(s) 'isr_pipeline' retrieved from /opt/airflow/dags/isr_pipeline.py
[2026-04-05T13:50:42.047+0000] {logging_mixin.py:188} INFO - [2026-04-05T13:50:42.046+0000] {dag.py:3096} INFO - Sync 1 DAGs
[2026-04-05T13:50:42.088+0000] {processor.py:183} INFO - Processing /opt/airflow/dags/isr_pipeline.py took 0.105 seconds
[2026-04-05T13:51:12.205+0000] {processor.py:161} INFO - Started process (PID=59796) to work on /opt/airflow/dags/isr_pipeline.py
[2026-04-05T13:51:12.206+0000] {processor.py:830} INFO - Processing file /opt/airflow/dags/isr_pipeline.py for tasks to queue
[2026-04-05T13:51:12.208+0000] {logging_mixin.py:188} INFO - [2026-04-05T13:51:12.207+0000] {dagbag.py:540} INFO - Filling up the DagBag from /opt/airflow/dags/isr_pipeline.py
[2026-04-05T13:51:12.226+0000] {processor.py:840} INFO - DAG(s) 'isr_pipeline' retrieved from /opt/airflow/dags/isr_pipeline.py
[2026-04-05T13:51:12.263+0000] {logging_mixin.py:188} INFO - [2026-04-05T13:51:12.263+0000] {dag.py:3096} INFO - Sync 1 DAGs
[2026-04-05T13:51:12.306+0000] {processor.py:183} INFO - Processing /opt/airflow/dags/isr_pipeline.py took 0.109 seconds
[2026-04-05T13:51:42.384+0000] {processor.py:161} INFO - Started process (PID=59801) to work on /opt/airflow/dags/isr_pipeline.py
[2026-04-05T13:51:42.385+0000] {processor.py:830} INFO - Processing file /opt/airflow/dags/isr_pipeline.py for tasks to queue
[2026-04-05T13:51:42.387+0000] {logging_mixin.py:188} INFO - [2026-04-05T13:51:42.386+0000] {dagbag.py:540} INFO - Filling up the DagBag from /opt/airflow/dags/isr_pipeline.py
[2026-04-05T13:51:42.405+0000] {processor.py:840} INFO - DAG(s) 'isr_pipeline' retrieved from /opt/airflow/dags/isr_pipeline.py
[2026-04-05T13:51:42.443+0000] {logging_mixin.py:188} INFO - [2026-04-05T13:51:42.442+0000] {dag.py:3096} INFO - Sync 1 DAGs
[2026-04-05T13:51:42.485+0000] {processor.py:183} INFO - Processing /opt/airflow/dags/isr_pipeline.py took 0.113 seconds
[2026-04-05T13:52:12.591+0000] {processor.py:161} INFO - Started process (PID=59806) to work on /opt/airflow/dags/isr_pipeline.py
[2026-04-05T13:52:12.592+0000] {processor.py:830} INFO - Processing file /opt/airflow/dags/isr_pipeline.py for tasks to queue
[2026-04-05T13:52:12.593+0000] {logging_mixin.py:188} INFO - [2026-04-05T13:52:12.593+0000] {dagbag.py:540} INFO - Filling up the DagBag from /opt/airflow/dags/isr_pipeline.py
[2026-04-05T13:52:12.611+0000] {processor.py:840} INFO - DAG(s) 'isr_pipeline' retrieved from /opt/airflow/dags/isr_pipeline.py
[2026-04-05T13:52:12.649+0000] {logging_mixin.py:188} INFO - [2026-04-05T13:52:12.648+0000] {dag.py:3096} INFO - Sync 1 DAGs
[2026-04-05T13:52:12.699+0000] {processor.py:183} INFO - Processing /opt/airflow/dags/isr_pipeline.py took 0.116 seconds
[2026-04-05T13:52:42.771+0000] {processor.py:161} INFO - Started process (PID=59811) to work on /opt/airflow/dags/isr_pipeline.py
[2026-04-05T13:52:42.773+0000] {processor.py:830} INFO - Processing file /opt/airflow/dags/isr_pipeline.py for tasks to queue
[2026-04-05T13:52:42.774+0000] {logging_mixin.py:188} INFO - [2026-04-05T13:52:42.774+0000] {dagbag.py:540} INFO - Filling up the DagBag from /opt/airflow/dags/isr_pipeline.py
[2026-04-05T13:52:42.792+0000] {processor.py:840} INFO - DAG(s) 'isr_pipeline' retrieved from /opt/airflow/dags/isr_pipeline.py
[2026-04-05T13:52:42.831+0000] {logging_mixin.py:188} INFO - [2026-04-05T13:52:42.831+0000] {dag.py:3096} INFO - Sync 1 DAGs
[2026-04-05T13:52:42.875+0000] {processor.py:183} INFO - Processing /opt/airflow/dags/isr_pipeline.py took 0.112 seconds
[2026-04-05T13:53:13.028+0000] {processor.py:161} INFO - Started process (PID=59816) to work on /opt/airflow/dags/isr_pipeline.py
[2026-04-05T13:53:13.029+0000] {processor.py:830} INFO - Processing file /opt/airflow/dags/isr_pipeline.py for tasks to queue
[2026-04-05T13:53:13.030+0000] {logging_mixin.py:188} INFO - [2026-04-05T13:53:13.030+0000] {dagbag.py:540} INFO - Filling up the DagBag from /opt/airflow/dags/isr_pipeline.py
[2026-04-05T13:53:13.051+0000] {processor.py:840} INFO - DAG(s) 'isr_pipeline' retrieved from /opt/airflow/dags/isr_pipeline.py
[2026-04-05T13:53:13.088+0000] {logging_mixin.py:188} INFO - [2026-04-05T13:53:13.088+0000] {dag.py:3096} INFO - Sync 1 DAGs
[2026-04-05T13:53:13.129+0000] {processor.py:183} INFO - Processing /opt/airflow/dags/isr_pipeline.py took 0.110 seconds
[2026-04-05T13:53:43.241+0000] {processor.py:161} INFO - Started process (PID=59821) to work on /opt/airflow/dags/isr_pipeline.py
[2026-04-05T13:53:43.242+0000] {processor.py:830} INFO - Processing file /opt/airflow/dags/isr_pipeline.py for tasks to queue
[2026-04-05T13:53:43.243+0000] {logging_mixin.py:188} INFO - [2026-04-05T13:53:43.243+0000] {dagbag.py:540} INFO - Filling up the DagBag from /opt/airflow/dags/isr_pipeline.py
[2026-04-05T13:53:43.262+0000] {processor.py:840} INFO - DAG(s) 'isr_pipeline' retrieved from /opt/airflow/dags/isr_pipeline.py
[2026-04-05T13:53:43.300+0000] {logging_mixin.py:188} INFO - [2026-04-05T13:53:43.300+0000] {dag.py:3096} INFO - Sync 1 DAGs
[2026-04-05T13:53:43.343+0000] {processor.py:183} INFO - Processing /opt/airflow/dags/isr_pipeline.py took 0.111 seconds
[2026-04-05T13:54:13.443+0000] {processor.py:161} INFO - Started process (PID=59826) to work on /opt/airflow/dags/isr_pipeline.py
[2026-04-05T13:54:13.444+0000] {processor.py:830} INFO - Processing file /opt/airflow/dags/isr_pipeline.py for tasks to queue
[2026-04-05T13:54:13.446+0000] {logging_mixin.py:188} INFO - [2026-04-05T13:54:13.445+0000] {dagbag.py:540} INFO - Filling up the DagBag from /opt/airflow/dags/isr_pipeline.py
[2026-04-05T13:54:13.463+0000] {processor.py:840} INFO - DAG(s) 'isr_pipeline' retrieved from /opt/airflow/dags/isr_pipeline.py
[2026-04-05T13:54:13.501+0000] {logging_mixin.py:188} INFO - [2026-04-05T13:54:13.501+0000] {dag.py:3096} INFO - Sync 1 DAGs
[2026-04-05T13:54:13.544+0000] {processor.py:183} INFO - Processing /opt/airflow/dags/isr_pipeline.py took 0.109 seconds
[2026-04-05T13:54:43.658+0000] {processor.py:161} INFO - Started process (PID=59831) to work on /opt/airflow/dags/isr_pipeline.py
[2026-04-05T13:54:43.659+0000] {processor.py:830} INFO - Processing file /opt/airflow/dags/isr_pipeline.py for tasks to queue
[2026-04-05T13:54:43.660+0000] {logging_mixin.py:188} INFO - [2026-04-05T13:54:43.660+0000] {dagbag.py:540} INFO - Filling up the DagBag from /opt/airflow/dags/isr_pipeline.py
[2026-04-05T13:54:43.678+0000] {processor.py:840} INFO - DAG(s) 'isr_pipeline' retrieved from /opt/airflow/dags/isr_pipeline.py
[2026-04-05T13:54:43.716+0000] {logging_mixin.py:188} INFO - [2026-04-05T13:54:43.716+0000] {dag.py:3096} INFO - Sync 1 DAGs
[2026-04-05T13:54:43.758+0000] {processor.py:183} INFO - Processing /opt/airflow/dags/isr_pipeline.py took 0.107 seconds
[2026-04-05T13:55:13.807+0000] {processor.py:161} INFO - Started process (PID=59836) to work on /opt/airflow/dags/isr_pipeline.py
[2026-04-05T13:55:13.808+0000] {processor.py:830} INFO - Processing file /opt/airflow/dags/isr_pipeline.py for tasks to queue
[2026-04-05T13:55:13.810+0000] {logging_mixin.py:188} INFO - [2026-04-05T13:55:13.810+0000] {dagbag.py:540} INFO - Filling up the DagBag from /opt/airflow/dags/isr_pipeline.py
[2026-04-05T13:55:13.828+0000] {processor.py:840} INFO - DAG(s) 'isr_pipeline' retrieved from /opt/airflow/dags/isr_pipeline.py
[2026-04-05T13:55:13.867+0000] {logging_mixin.py:188} INFO - [2026-04-05T13:55:13.867+0000] {dag.py:3096} INFO - Sync 1 DAGs
[2026-04-05T13:55:13.910+0000] {processor.py:183} INFO - Processing /opt/airflow/dags/isr_pipeline.py took 0.111 seconds
[2026-04-05T13:55:44.088+0000] {processor.py:161} INFO - Started process (PID=59841) to work on /opt/airflow/dags/isr_pipeline.py
[2026-04-05T13:55:44.090+0000] {processor.py:830} INFO - Processing file /opt/airflow/dags/isr_pipeline.py for tasks to queue
[2026-04-05T13:55:44.091+0000] {logging_mixin.py:188} INFO - [2026-04-05T13:55:44.091+0000] {dagbag.py:540} INFO - Filling up the DagBag from /opt/airflow/dags/isr_pipeline.py
[2026-04-05T13:55:44.112+0000] {processor.py:840} INFO - DAG(s) 'isr_pipeline' retrieved from /opt/airflow/dags/isr_pipeline.py
[2026-04-05T13:55:44.149+0000] {logging_mixin.py:188} INFO - [2026-04-05T13:55:44.149+0000] {dag.py:3096} INFO - Sync 1 DAGs
[2026-04-05T13:55:44.193+0000] {processor.py:183} INFO - Processing /opt/airflow/dags/isr_pipeline.py took 0.114 seconds
[2026-04-05T13:56:14.260+0000] {processor.py:161} INFO - Started process (PID=59846) to work on /opt/airflow/dags/isr_pipeline.py
[2026-04-05T13:56:14.262+0000] {processor.py:830} INFO - Processing file /opt/airflow/dags/isr_pipeline.py for tasks to queue
[2026-04-05T13:56:14.264+0000] {logging_mixin.py:188} INFO - [2026-04-05T13:56:14.263+0000] {dagbag.py:540} INFO - Filling up the DagBag from /opt/airflow/dags/isr_pipeline.py
[2026-04-05T13:56:14.283+0000] {processor.py:840} INFO - DAG(s) 'isr_pipeline' retrieved from /opt/airflow/dags/isr_pipeline.py
[2026-04-05T13:56:14.323+0000] {logging_mixin.py:188} INFO - [2026-04-05T13:56:14.323+0000] {dag.py:3096} INFO - Sync 1 DAGs
[2026-04-05T13:56:14.370+0000] {processor.py:183} INFO - Processing /opt/airflow/dags/isr_pipeline.py took 0.119 seconds
[2026-04-05T13:56:44.498+0000] {processor.py:161} INFO - Started process (PID=59851) to work on /opt/airflow/dags/isr_pipeline.py
[2026-04-05T13:56:44.500+0000] {processor.py:830} INFO - Processing file /opt/airflow/dags/isr_pipeline.py for tasks to queue
[2026-04-05T13:56:44.502+0000] {logging_mixin.py:188} INFO - [2026-04-05T13:56:44.502+0000] {dagbag.py:540} INFO - Filling up the DagBag from /opt/airflow/dags/isr_pipeline.py
[2026-04-05T13:56:44.526+0000] {processor.py:840} INFO - DAG(s) 'isr_pipeline' retrieved from /opt/airflow/dags/isr_pipeline.py
[2026-04-05T13:56:44.570+0000] {logging_mixin.py:188} INFO - [2026-04-05T13:56:44.570+0000] {dag.py:3096} INFO - Sync 1 DAGs
[2026-04-05T13:56:44.613+0000] {processor.py:183} INFO - Processing /opt/airflow/dags/isr_pipeline.py took 0.128 seconds
[2026-04-05T13:57:14.677+0000] {processor.py:161} INFO - Started process (PID=59856) to work on /opt/airflow/dags/isr_pipeline.py
[2026-04-05T13:57:14.678+0000] {processor.py:830} INFO - Processing file /opt/airflow/dags/isr_pipeline.py for tasks to queue
[2026-04-05T13:57:14.680+0000] {logging_mixin.py:188} INFO - [2026-04-05T13:57:14.679+0000] {dagbag.py:540} INFO - Filling up the DagBag from /opt/airflow/dags/isr_pipeline.py
[2026-04-05T13:57:14.697+0000] {processor.py:840} INFO - DAG(s) 'isr_pipeline' retrieved from /opt/airflow/dags/isr_pipeline.py
[2026-04-05T13:57:14.734+0000] {logging_mixin.py:188} INFO - [2026-04-05T13:57:14.733+0000] {dag.py:3096} INFO - Sync 1 DAGs
[2026-04-05T13:57:14.775+0000] {processor.py:183} INFO - Processing /opt/airflow/dags/isr_pipeline.py took 0.106 seconds
[2026-04-05T13:57:44.919+0000] {processor.py:161} INFO - Started process (PID=59861) to work on /opt/airflow/dags/isr_pipeline.py
[2026-04-05T13:57:44.920+0000] {processor.py:830} INFO - Processing file /opt/airflow/dags/isr_pipeline.py for tasks to queue
[2026-04-05T13:57:44.922+0000] {logging_mixin.py:188} INFO - [2026-04-05T13:57:44.922+0000] {dagbag.py:540} INFO - Filling up the DagBag from /opt/airflow/dags/isr_pipeline.py
[2026-04-05T13:57:44.944+0000] {processor.py:840} INFO - DAG(s) 'isr_pipeline' retrieved from /opt/airflow/dags/isr_pipeline.py
[2026-04-05T13:57:44.987+0000] {logging_mixin.py:188} INFO - [2026-04-05T13:57:44.987+0000] {dag.py:3096} INFO - Sync 1 DAGs
[2026-04-05T13:57:45.034+0000] {processor.py:183} INFO - Processing /opt/airflow/dags/isr_pipeline.py took 0.123 seconds
[2026-04-05T13:58:15.172+0000] {processor.py:161} INFO - Started process (PID=59866) to work on /opt/airflow/dags/isr_pipeline.py
[2026-04-05T13:58:15.174+0000] {processor.py:830} INFO - Processing file /opt/airflow/dags/isr_pipeline.py for tasks to queue
[2026-04-05T13:58:15.175+0000] {logging_mixin.py:188} INFO - [2026-04-05T13:58:15.175+0000] {dagbag.py:540} INFO - Filling up the DagBag from /opt/airflow/dags/isr_pipeline.py
[2026-04-05T13:58:15.194+0000] {processor.py:840} INFO - DAG(s) 'isr_pipeline' retrieved from /opt/airflow/dags/isr_pipeline.py
[2026-04-05T13:58:15.232+0000] {logging_mixin.py:188} INFO - [2026-04-05T13:58:15.232+0000] {dag.py:3096} INFO - Sync 1 DAGs
[2026-04-05T13:58:15.275+0000] {processor.py:183} INFO - Processing /opt/airflow/dags/isr_pipeline.py took 0.111 seconds
[2026-04-05T13:58:45.328+0000] {processor.py:161} INFO - Started process (PID=59871) to work on /opt/airflow/dags/isr_pipeline.py
[2026-04-05T13:58:45.329+0000] {processor.py:830} INFO - Processing file /opt/airflow/dags/isr_pipeline.py for tasks to queue
[2026-04-05T13:58:45.331+0000] {logging_mixin.py:188} INFO - [2026-04-05T13:58:45.331+0000] {dagbag.py:540} INFO - Filling up the DagBag from /opt/airflow/dags/isr_pipeline.py
[2026-04-05T13:58:45.349+0000] {processor.py:840} INFO - DAG(s) 'isr_pipeline' retrieved from /opt/airflow/dags/isr_pipeline.py
[2026-04-05T13:58:45.386+0000] {logging_mixin.py:188} INFO - [2026-04-05T13:58:45.386+0000] {dag.py:3096} INFO - Sync 1 DAGs
[2026-04-05T13:58:45.428+0000] {processor.py:183} INFO - Processing /opt/airflow/dags/isr_pipeline.py took 0.108 seconds
[2026-04-05T13:59:15.635+0000] {processor.py:161} INFO - Started process (PID=59876) to work on /opt/airflow/dags/isr_pipeline.py
[2026-04-05T13:59:15.636+0000] {processor.py:830} INFO - Processing file /opt/airflow/dags/isr_pipeline.py for tasks to queue
[2026-04-05T13:59:15.638+0000] {logging_mixin.py:188} INFO - [2026-04-05T13:59:15.637+0000] {dagbag.py:540} INFO - Filling up the DagBag from /opt/airflow/dags/isr_pipeline.py
[2026-04-05T13:59:15.656+0000] {processor.py:840} INFO - DAG(s) 'isr_pipeline' retrieved from /opt/airflow/dags/isr_pipeline.py
[2026-04-05T13:59:15.692+0000] {logging_mixin.py:188} INFO - [2026-04-05T13:59:15.692+0000] {dag.py:3096} INFO - Sync 1 DAGs
[2026-04-05T13:59:15.733+0000] {processor.py:183} INFO - Processing /opt/airflow/dags/isr_pipeline.py took 0.105 seconds
[2026-04-05T13:59:45.806+0000] {processor.py:161} INFO - Started process (PID=59881) to work on /opt/airflow/dags/isr_pipeline.py
[2026-04-05T13:59:45.808+0000] {processor.py:830} INFO - Processing file /opt/airflow/dags/isr_pipeline.py for tasks to queue
[2026-04-05T13:59:45.810+0000] {logging_mixin.py:188} INFO - [2026-04-05T13:59:45.809+0000] {dagbag.py:540} INFO - Filling up the DagBag from /opt/airflow/dags/isr_pipeline.py
[2026-04-05T13:59:45.829+0000] {processor.py:840} INFO - DAG(s) 'isr_pipeline' retrieved from /opt/airflow/dags/isr_pipeline.py
[2026-04-05T13:59:45.871+0000] {logging_mixin.py:188} INFO - [2026-04-05T13:59:45.871+0000] {dag.py:3096} INFO - Sync 1 DAGs
[2026-04-05T13:59:45.921+0000] {processor.py:183} INFO - Processing /opt/airflow/dags/isr_pipeline.py took 0.123 seconds
[2026-04-05T14:00:16.075+0000] {processor.py:161} INFO - Started process (PID=59886) to work on /opt/airflow/dags/isr_pipeline.py
[2026-04-05T14:00:16.076+0000] {processor.py:830} INFO - Processing file /opt/airflow/dags/isr_pipeline.py for tasks to queue
[2026-04-05T14:00:16.078+0000] {logging_mixin.py:188} INFO - [2026-04-05T14:00:16.078+0000] {dagbag.py:540} INFO - Filling up the DagBag from /opt/airflow/dags/isr_pipeline.py
[2026-04-05T14:00:16.096+0000] {processor.py:840} INFO - DAG(s) 'isr_pipeline' retrieved from /opt/airflow/dags/isr_pipeline.py
[2026-04-05T14:00:16.134+0000] {logging_mixin.py:188} INFO - [2026-04-05T14:00:16.133+0000] {dag.py:3096} INFO - Sync 1 DAGs
[2026-04-05T14:00:16.177+0000] {processor.py:183} INFO - Processing /opt/airflow/dags/isr_pipeline.py took 0.110 seconds
[2026-04-05T14:00:46.297+0000] {processor.py:161} INFO - Started process (PID=59891) to work on /opt/airflow/dags/isr_pipeline.py
[2026-04-05T14:00:46.298+0000] {processor.py:830} INFO - Processing file /opt/airflow/dags/isr_pipeline.py for tasks to queue
[2026-04-05T14:00:46.300+0000] {logging_mixin.py:188} INFO - [2026-04-05T14:00:46.299+0000] {dagbag.py:540} INFO - Filling up the DagBag from /opt/airflow/dags/isr_pipeline.py
[2026-04-05T14:00:46.318+0000] {processor.py:840} INFO - DAG(s) 'isr_pipeline' retrieved from /opt/airflow/dags/isr_pipeline.py
[2026-04-05T14:00:46.355+0000] {logging_mixin.py:188} INFO - [2026-04-05T14:00:46.355+0000] {dag.py:3096} INFO - Sync 1 DAGs
[2026-04-05T14:00:46.397+0000] {processor.py:183} INFO - Processing /opt/airflow/dags/isr_pipeline.py took 0.108 seconds
[2026-04-05T14:01:16.496+0000] {processor.py:161} INFO - Started process (PID=59896) to work on /opt/airflow/dags/isr_pipeline.py
[2026-04-05T14:01:16.497+0000] {processor.py:830} INFO - Processing file /opt/airflow/dags/isr_pipeline.py for tasks to queue
[2026-04-05T14:01:16.500+0000] {logging_mixin.py:188} INFO - [2026-04-05T14:01:16.500+0000] {dagbag.py:540} INFO - Filling up the DagBag from /opt/airflow/dags/isr_pipeline.py
[2026-04-05T14:01:16.518+0000] {processor.py:840} INFO - DAG(s) 'isr_pipeline' retrieved from /opt/airflow/dags/isr_pipeline.py
[2026-04-05T14:01:16.554+0000] {logging_mixin.py:188} INFO - [2026-04-05T14:01:16.554+0000] {dag.py:3096} INFO - Sync 1 DAGs
[2026-04-05T14:01:16.596+0000] {processor.py:183} INFO - Processing /opt/airflow/dags/isr_pipeline.py took 0.108 seconds
[2026-04-05T14:01:46.664+0000] {processor.py:161} INFO - Started process (PID=59901) to work on /opt/airflow/dags/isr_pipeline.py
[2026-04-05T14:01:46.665+0000] {processor.py:830} INFO - Processing file /opt/airflow/dags/isr_pipeline.py for tasks to queue
[2026-04-05T14:01:46.666+0000] {logging_mixin.py:188} INFO - [2026-04-05T14:01:46.666+0000] {dagbag.py:540} INFO - Filling up the DagBag from /opt/airflow/dags/isr_pipeline.py
[2026-04-05T14:01:46.684+0000] {processor.py:840} INFO - DAG(s) 'isr_pipeline' retrieved from /opt/airflow/dags/isr_pipeline.py
[2026-04-05T14:01:46.722+0000] {logging_mixin.py:188} INFO - [2026-04-05T14:01:46.721+0000] {dag.py:3096} INFO - Sync 1 DAGs
[2026-04-05T14:01:46.763+0000] {processor.py:183} INFO - Processing /opt/airflow/dags/isr_pipeline.py took 0.107 seconds
[2026-04-05T14:02:16.893+0000] {processor.py:161} INFO - Started process (PID=59906) to work on /opt/airflow/dags/isr_pipeline.py
[2026-04-05T14:02:16.894+0000] {processor.py:830} INFO - Processing file /opt/airflow/dags/isr_pipeline.py for tasks to queue
[2026-04-05T14:02:16.896+0000] {logging_mixin.py:188} INFO - [2026-04-05T14:02:16.895+0000] {dagbag.py:540} INFO - Filling up the DagBag from /opt/airflow/dags/isr_pipeline.py
[2026-04-05T14:02:16.914+0000] {processor.py:840} INFO - DAG(s) 'isr_pipeline' retrieved from /opt/airflow/dags/isr_pipeline.py
[2026-04-05T14:02:16.951+0000] {logging_mixin.py:188} INFO - [2026-04-05T14:02:16.950+0000] {dag.py:3096} INFO - Sync 1 DAGs
[2026-04-05T14:02:16.994+0000] {processor.py:183} INFO - Processing /opt/airflow/dags/isr_pipeline.py took 0.109 seconds
[2026-04-05T14:02:47.062+0000] {processor.py:161} INFO - Started process (PID=59911) to work on /opt/airflow/dags/isr_pipeline.py
[2026-04-05T14:02:47.063+0000] {processor.py:830} INFO - Processing file /opt/airflow/dags/isr_pipeline.py for tasks to queue
[2026-04-05T14:02:47.065+0000] {logging_mixin.py:188} INFO - [2026-04-05T14:02:47.064+0000] {dagbag.py:540} INFO - Filling up the DagBag from /opt/airflow/dags/isr_pipeline.py
[2026-04-05T14:02:47.083+0000] {processor.py:840} INFO - DAG(s) 'isr_pipeline' retrieved from /opt/airflow/dags/isr_pipeline.py
[2026-04-05T14:02:47.120+0000] {logging_mixin.py:188} INFO - [2026-04-05T14:02:47.120+0000] {dag.py:3096} INFO - Sync 1 DAGs
[2026-04-05T14:02:47.162+0000] {processor.py:183} INFO - Processing /opt/airflow/dags/isr_pipeline.py took 0.109 seconds
[2026-04-05T14:03:17.323+0000] {processor.py:161} INFO - Started process (PID=59916) to work on /opt/airflow/dags/isr_pipeline.py
[2026-04-05T14:03:17.325+0000] {processor.py:830} INFO - Processing file /opt/airflow/dags/isr_pipeline.py for tasks to queue
[2026-04-05T14:03:17.326+0000] {logging_mixin.py:188} INFO - [2026-04-05T14:03:17.326+0000] {dagbag.py:540} INFO - Filling up the DagBag from /opt/airflow/dags/isr_pipeline.py
[2026-04-05T14:03:17.345+0000] {processor.py:840} INFO - DAG(s) 'isr_pipeline' retrieved from /opt/airflow/dags/isr_pipeline.py
[2026-04-05T14:03:17.381+0000] {logging_mixin.py:188} INFO - [2026-04-05T14:03:17.381+0000] {dag.py:3096} INFO - Sync 1 DAGs
[2026-04-05T14:03:17.421+0000] {processor.py:183} INFO - Processing /opt/airflow/dags/isr_pipeline.py took 0.106 seconds
[2026-04-05T14:03:47.495+0000] {processor.py:161} INFO - Started process (PID=59921) to work on /opt/airflow/dags/isr_pipeline.py
[2026-04-05T14:03:47.496+0000] {processor.py:830} INFO - Processing file /opt/airflow/dags/isr_pipeline.py for tasks to queue
[2026-04-05T14:03:47.498+0000] {logging_mixin.py:188} INFO - [2026-04-05T14:03:47.497+0000] {dagbag.py:540} INFO - Filling up the DagBag from /opt/airflow/dags/isr_pipeline.py
[2026-04-05T14:03:47.516+0000] {processor.py:840} INFO - DAG(s) 'isr_pipeline' retrieved from /opt/airflow/dags/isr_pipeline.py
[2026-04-05T14:03:47.554+0000] {logging_mixin.py:188} INFO - [2026-04-05T14:03:47.554+0000] {dag.py:3096} INFO - Sync 1 DAGs
[2026-04-05T14:03:47.596+0000] {processor.py:183} INFO - Processing /opt/airflow/dags/isr_pipeline.py took 0.110 seconds
[2026-04-05T14:04:17.738+0000] {processor.py:161} INFO - Started process (PID=59926) to work on /opt/airflow/dags/isr_pipeline.py
[2026-04-05T14:04:17.739+0000] {processor.py:830} INFO - Processing file /opt/airflow/dags/isr_pipeline.py for tasks to queue
[2026-04-05T14:04:17.740+0000] {logging_mixin.py:188} INFO - [2026-04-05T14:04:17.740+0000] {dagbag.py:540} INFO - Filling up the DagBag from /opt/airflow/dags/isr_pipeline.py
[2026-04-05T14:04:17.758+0000] {processor.py:840} INFO - DAG(s) 'isr_pipeline' retrieved from /opt/airflow/dags/isr_pipeline.py
[2026-04-05T14:04:17.794+0000] {logging_mixin.py:188} INFO - [2026-04-05T14:04:17.794+0000] {dag.py:3096} INFO - Sync 1 DAGs
[2026-04-05T14:04:17.836+0000] {processor.py:183} INFO - Processing /opt/airflow/dags/isr_pipeline.py took 0.106 seconds
[2026-04-05T14:04:47.894+0000] {processor.py:161} INFO - Started process (PID=59931) to work on /opt/airflow/dags/isr_pipeline.py
[2026-04-05T14:04:47.895+0000] {processor.py:830} INFO - Processing file /opt/airflow/dags/isr_pipeline.py for tasks to queue
[2026-04-05T14:04:47.897+0000] {logging_mixin.py:188} INFO - [2026-04-05T14:04:47.896+0000] {dagbag.py:540} INFO - Filling up the DagBag from /opt/airflow/dags/isr_pipeline.py
[2026-04-05T14:04:47.915+0000] {processor.py:840} INFO - DAG(s) 'isr_pipeline' retrieved from /opt/airflow/dags/isr_pipeline.py
[2026-04-05T14:04:47.953+0000] {logging_mixin.py:188} INFO - [2026-04-05T14:04:47.952+0000] {dag.py:3096} INFO - Sync 1 DAGs
[2026-04-05T14:04:47.995+0000] {processor.py:183} INFO - Processing /opt/airflow/dags/isr_pipeline.py took 0.110 seconds
[2026-04-05T14:05:18.113+0000] {processor.py:161} INFO - Started process (PID=59936) to work on /opt/airflow/dags/isr_pipeline.py
[2026-04-05T14:05:18.115+0000] {processor.py:830} INFO - Processing file /opt/airflow/dags/isr_pipeline.py for tasks to queue
[2026-04-05T14:05:18.118+0000] {logging_mixin.py:188} INFO - [2026-04-05T14:05:18.117+0000] {dagbag.py:540} INFO - Filling up the DagBag from /opt/airflow/dags/isr_pipeline.py
[2026-04-05T14:05:18.143+0000] {processor.py:840} INFO - DAG(s) 'isr_pipeline' retrieved from /opt/airflow/dags/isr_pipeline.py
[2026-04-05T14:05:18.185+0000] {logging_mixin.py:188} INFO - [2026-04-05T14:05:18.185+0000] {dag.py:3096} INFO - Sync 1 DAGs
[2026-04-05T14:05:18.241+0000] {processor.py:183} INFO - Processing /opt/airflow/dags/isr_pipeline.py took 0.137 seconds
[2026-04-05T14:05:48.307+0000] {processor.py:161} INFO - Started process (PID=59941) to work on /opt/airflow/dags/isr_pipeline.py
[2026-04-05T14:05:48.308+0000] {processor.py:830} INFO - Processing file /opt/airflow/dags/isr_pipeline.py for tasks to queue
[2026-04-05T14:05:48.310+0000] {logging_mixin.py:188} INFO - [2026-04-05T14:05:48.309+0000] {dagbag.py:540} INFO - Filling up the DagBag from /opt/airflow/dags/isr_pipeline.py
[2026-04-05T14:05:48.329+0000] {processor.py:840} INFO - DAG(s) 'isr_pipeline' retrieved from /opt/airflow/dags/isr_pipeline.py
[2026-04-05T14:05:48.368+0000] {logging_mixin.py:188} INFO - [2026-04-05T14:05:48.367+0000] {dag.py:3096} INFO - Sync 1 DAGs
[2026-04-05T14:05:48.411+0000] {processor.py:183} INFO - Processing /opt/airflow/dags/isr_pipeline.py took 0.113 seconds
[2026-04-05T14:05:53.429+0000] {processor.py:161} INFO - Started process (PID=59946) to work on /opt/airflow/dags/isr_pipeline.py
[2026-04-05T14:05:53.431+0000] {processor.py:830} INFO - Processing file /opt/airflow/dags/isr_pipeline.py for tasks to queue
[2026-04-05T14:05:53.432+0000] {logging_mixin.py:188} INFO - [2026-04-05T14:05:53.432+0000] {dagbag.py:540} INFO - Filling up the DagBag from /opt/airflow/dags/isr_pipeline.py
[2026-04-05T14:05:53.454+0000] {logging_mixin.py:188} INFO - [2026-04-05T14:05:53.445+0000] {dagbag.py:350} ERROR - Failed to import: /opt/airflow/dags/isr_pipeline.py
Traceback (most recent call last):
  File "/home/airflow/.local/lib/python3.12/site-packages/airflow/models/dagbag.py", line 346, in parse
    loader.exec_module(new_module)
  File "<frozen importlib._bootstrap_external>", line 995, in exec_module
  File "<frozen importlib._bootstrap>", line 488, in _call_with_frames_removed
  File "/opt/airflow/dags/isr_pipeline.py", line 26, in <module>
    has_new    = check_for_new()
                 ^^^^^^^^^^^^^
NameError: name 'check_for_new' is not defined
[2026-04-05T14:05:53.460+0000] {processor.py:842} WARNING - No viable dags retrieved from /opt/airflow/dags/isr_pipeline.py
[2026-04-05T14:05:53.490+0000] {processor.py:183} INFO - Processing /opt/airflow/dags/isr_pipeline.py took 0.069 seconds
[2026-04-05T14:06:23.626+0000] {processor.py:161} INFO - Started process (PID=59951) to work on /opt/airflow/dags/isr_pipeline.py
[2026-04-05T14:06:23.627+0000] {processor.py:830} INFO - Processing file /opt/airflow/dags/isr_pipeline.py for tasks to queue
[2026-04-05T14:06:23.629+0000] {logging_mixin.py:188} INFO - [2026-04-05T14:06:23.628+0000] {dagbag.py:540} INFO - Filling up the DagBag from /opt/airflow/dags/isr_pipeline.py
[2026-04-05T14:06:23.644+0000] {logging_mixin.py:188} INFO - [2026-04-05T14:06:23.637+0000] {dagbag.py:350} ERROR - Failed to import: /opt/airflow/dags/isr_pipeline.py
Traceback (most recent call last):
  File "/home/airflow/.local/lib/python3.12/site-packages/airflow/models/dagbag.py", line 346, in parse
    loader.exec_module(new_module)
  File "<frozen importlib._bootstrap_external>", line 995, in exec_module
  File "<frozen importlib._bootstrap>", line 488, in _call_with_frames_removed
  File "/opt/airflow/dags/isr_pipeline.py", line 26, in <module>
    has_new    = check_for_new()
                 ^^^^^^^^^^^^^
NameError: name 'check_for_new' is not defined
[2026-04-05T14:06:23.650+0000] {processor.py:842} WARNING - No viable dags retrieved from /opt/airflow/dags/isr_pipeline.py
[2026-04-05T14:06:23.675+0000] {processor.py:183} INFO - Processing /opt/airflow/dags/isr_pipeline.py took 0.058 seconds
[2026-04-05T14:06:53.808+0000] {processor.py:161} INFO - Started process (PID=59956) to work on /opt/airflow/dags/isr_pipeline.py
[2026-04-05T14:06:53.810+0000] {processor.py:830} INFO - Processing file /opt/airflow/dags/isr_pipeline.py for tasks to queue
[2026-04-05T14:06:53.812+0000] {logging_mixin.py:188} INFO - [2026-04-05T14:06:53.811+0000] {dagbag.py:540} INFO - Filling up the DagBag from /opt/airflow/dags/isr_pipeline.py
[2026-04-05T14:06:53.826+0000] {logging_mixin.py:188} INFO - [2026-04-05T14:06:53.819+0000] {dagbag.py:350} ERROR - Failed to import: /opt/airflow/dags/isr_pipeline.py
Traceback (most recent call last):
  File "/home/airflow/.local/lib/python3.12/site-packages/airflow/models/dagbag.py", line 346, in parse
    loader.exec_module(new_module)
  File "<frozen importlib._bootstrap_external>", line 995, in exec_module
  File "<frozen importlib._bootstrap>", line 488, in _call_with_frames_removed
  File "/opt/airflow/dags/isr_pipeline.py", line 26, in <module>
    has_new    = check_for_new()
                 ^^^^^^^^^^^^^
NameError: name 'check_for_new' is not defined
[2026-04-05T14:06:53.832+0000] {processor.py:842} WARNING - No viable dags retrieved from /opt/airflow/dags/isr_pipeline.py
[2026-04-05T14:06:53.857+0000] {processor.py:183} INFO - Processing /opt/airflow/dags/isr_pipeline.py took 0.057 seconds
[2026-04-05T14:07:23.985+0000] {processor.py:161} INFO - Started process (PID=59961) to work on /opt/airflow/dags/isr_pipeline.py
[2026-04-05T14:07:23.987+0000] {processor.py:830} INFO - Processing file /opt/airflow/dags/isr_pipeline.py for tasks to queue
[2026-04-05T14:07:23.989+0000] {logging_mixin.py:188} INFO - [2026-04-05T14:07:23.988+0000] {dagbag.py:540} INFO - Filling up the DagBag from /opt/airflow/dags/isr_pipeline.py
[2026-04-05T14:07:24.003+0000] {logging_mixin.py:188} INFO - [2026-04-05T14:07:23.996+0000] {dagbag.py:350} ERROR - Failed to import: /opt/airflow/dags/isr_pipeline.py
Traceback (most recent call last):
  File "/home/airflow/.local/lib/python3.12/site-packages/airflow/models/dagbag.py", line 346, in parse
    loader.exec_module(new_module)
  File "<frozen importlib._bootstrap_external>", line 995, in exec_module
  File "<frozen importlib._bootstrap>", line 488, in _call_with_frames_removed
  File "/opt/airflow/dags/isr_pipeline.py", line 26, in <module>
    has_new    = check_for_new()
                 ^^^^^^^^^^^^^
NameError: name 'check_for_new' is not defined
[2026-04-05T14:07:24.009+0000] {processor.py:842} WARNING - No viable dags retrieved from /opt/airflow/dags/isr_pipeline.py
[2026-04-05T14:07:24.034+0000] {processor.py:183} INFO - Processing /opt/airflow/dags/isr_pipeline.py took 0.057 seconds
[2026-04-05T14:07:54.144+0000] {processor.py:161} INFO - Started process (PID=59966) to work on /opt/airflow/dags/isr_pipeline.py
[2026-04-05T14:07:54.145+0000] {processor.py:830} INFO - Processing file /opt/airflow/dags/isr_pipeline.py for tasks to queue
[2026-04-05T14:07:54.147+0000] {logging_mixin.py:188} INFO - [2026-04-05T14:07:54.147+0000] {dagbag.py:540} INFO - Filling up the DagBag from /opt/airflow/dags/isr_pipeline.py
[2026-04-05T14:07:54.162+0000] {logging_mixin.py:188} INFO - [2026-04-05T14:07:54.154+0000] {dagbag.py:350} ERROR - Failed to import: /opt/airflow/dags/isr_pipeline.py
Traceback (most recent call last):
  File "/home/airflow/.local/lib/python3.12/site-packages/airflow/models/dagbag.py", line 346, in parse
    loader.exec_module(new_module)
  File "<frozen importlib._bootstrap_external>", line 995, in exec_module
  File "<frozen importlib._bootstrap>", line 488, in _call_with_frames_removed
  File "/opt/airflow/dags/isr_pipeline.py", line 26, in <module>
    has_new    = check_for_new()
                 ^^^^^^^^^^^^^
NameError: name 'check_for_new' is not defined
[2026-04-05T14:07:54.168+0000] {processor.py:842} WARNING - No viable dags retrieved from /opt/airflow/dags/isr_pipeline.py
[2026-04-05T14:07:54.192+0000] {processor.py:183} INFO - Processing /opt/airflow/dags/isr_pipeline.py took 0.057 seconds
[2026-04-05T14:08:24.326+0000] {processor.py:161} INFO - Started process (PID=59971) to work on /opt/airflow/dags/isr_pipeline.py
[2026-04-05T14:08:24.328+0000] {processor.py:830} INFO - Processing file /opt/airflow/dags/isr_pipeline.py for tasks to queue
[2026-04-05T14:08:24.329+0000] {logging_mixin.py:188} INFO - [2026-04-05T14:08:24.329+0000] {dagbag.py:540} INFO - Filling up the DagBag from /opt/airflow/dags/isr_pipeline.py
[2026-04-05T14:08:24.343+0000] {logging_mixin.py:188} INFO - [2026-04-05T14:08:24.337+0000] {dagbag.py:350} ERROR - Failed to import: /opt/airflow/dags/isr_pipeline.py
Traceback (most recent call last):
  File "/home/airflow/.local/lib/python3.12/site-packages/airflow/models/dagbag.py", line 346, in parse
    loader.exec_module(new_module)
  File "<frozen importlib._bootstrap_external>", line 995, in exec_module
  File "<frozen importlib._bootstrap>", line 488, in _call_with_frames_removed
  File "/opt/airflow/dags/isr_pipeline.py", line 26, in <module>
    has_new    = check_for_new()
                 ^^^^^^^^^^^^^
NameError: name 'check_for_new' is not defined
[2026-04-05T14:08:24.349+0000] {processor.py:842} WARNING - No viable dags retrieved from /opt/airflow/dags/isr_pipeline.py
[2026-04-05T14:08:24.374+0000] {processor.py:183} INFO - Processing /opt/airflow/dags/isr_pipeline.py took 0.055 seconds
[2026-04-05T14:08:54.505+0000] {processor.py:161} INFO - Started process (PID=59976) to work on /opt/airflow/dags/isr_pipeline.py
[2026-04-05T14:08:54.507+0000] {processor.py:830} INFO - Processing file /opt/airflow/dags/isr_pipeline.py for tasks to queue
[2026-04-05T14:08:54.508+0000] {logging_mixin.py:188} INFO - [2026-04-05T14:08:54.508+0000] {dagbag.py:540} INFO - Filling up the DagBag from /opt/airflow/dags/isr_pipeline.py
[2026-04-05T14:08:54.525+0000] {logging_mixin.py:188} INFO - [2026-04-05T14:08:54.517+0000] {dagbag.py:350} ERROR - Failed to import: /opt/airflow/dags/isr_pipeline.py
Traceback (most recent call last):
  File "/home/airflow/.local/lib/python3.12/site-packages/airflow/models/dagbag.py", line 346, in parse
    loader.exec_module(new_module)
  File "<frozen importlib._bootstrap_external>", line 995, in exec_module
  File "<frozen importlib._bootstrap>", line 488, in _call_with_frames_removed
  File "/opt/airflow/dags/isr_pipeline.py", line 26, in <module>
    has_new    = check_for_new()
                 ^^^^^^^^^^^^^
NameError: name 'check_for_new' is not defined
[2026-04-05T14:08:54.531+0000] {processor.py:842} WARNING - No viable dags retrieved from /opt/airflow/dags/isr_pipeline.py
[2026-04-05T14:08:54.556+0000] {processor.py:183} INFO - Processing /opt/airflow/dags/isr_pipeline.py took 0.060 seconds
[2026-04-05T14:09:24.680+0000] {processor.py:161} INFO - Started process (PID=59981) to work on /opt/airflow/dags/isr_pipeline.py
[2026-04-05T14:09:24.682+0000] {processor.py:830} INFO - Processing file /opt/airflow/dags/isr_pipeline.py for tasks to queue
[2026-04-05T14:09:24.684+0000] {logging_mixin.py:188} INFO - [2026-04-05T14:09:24.683+0000] {dagbag.py:540} INFO - Filling up the DagBag from /opt/airflow/dags/isr_pipeline.py
[2026-04-05T14:09:24.698+0000] {logging_mixin.py:188} INFO - [2026-04-05T14:09:24.691+0000] {dagbag.py:350} ERROR - Failed to import: /opt/airflow/dags/isr_pipeline.py
Traceback (most recent call last):
  File "/home/airflow/.local/lib/python3.12/site-packages/airflow/models/dagbag.py", line 346, in parse
    loader.exec_module(new_module)
  File "<frozen importlib._bootstrap_external>", line 995, in exec_module
  File "<frozen importlib._bootstrap>", line 488, in _call_with_frames_removed
  File "/opt/airflow/dags/isr_pipeline.py", line 26, in <module>
    has_new    = check_for_new()
                 ^^^^^^^^^^^^^
NameError: name 'check_for_new' is not defined
[2026-04-05T14:09:24.704+0000] {processor.py:842} WARNING - No viable dags retrieved from /opt/airflow/dags/isr_pipeline.py
[2026-04-05T14:09:24.728+0000] {processor.py:183} INFO - Processing /opt/airflow/dags/isr_pipeline.py took 0.056 seconds
[2026-04-05T14:09:54.874+0000] {processor.py:161} INFO - Started process (PID=59986) to work on /opt/airflow/dags/isr_pipeline.py
[2026-04-05T14:09:54.876+0000] {processor.py:830} INFO - Processing file /opt/airflow/dags/isr_pipeline.py for tasks to queue
[2026-04-05T14:09:54.878+0000] {logging_mixin.py:188} INFO - [2026-04-05T14:09:54.878+0000] {dagbag.py:540} INFO - Filling up the DagBag from /opt/airflow/dags/isr_pipeline.py
[2026-04-05T14:09:54.895+0000] {logging_mixin.py:188} INFO - [2026-04-05T14:09:54.887+0000] {dagbag.py:350} ERROR - Failed to import: /opt/airflow/dags/isr_pipeline.py
Traceback (most recent call last):
  File "/home/airflow/.local/lib/python3.12/site-packages/airflow/models/dagbag.py", line 346, in parse
    loader.exec_module(new_module)
  File "<frozen importlib._bootstrap_external>", line 995, in exec_module
  File "<frozen importlib._bootstrap>", line 488, in _call_with_frames_removed
  File "/opt/airflow/dags/isr_pipeline.py", line 26, in <module>
    has_new    = check_for_new()
                 ^^^^^^^^^^^^^
NameError: name 'check_for_new' is not defined
[2026-04-05T14:09:54.902+0000] {processor.py:842} WARNING - No viable dags retrieved from /opt/airflow/dags/isr_pipeline.py
[2026-04-05T14:09:54.926+0000] {processor.py:183} INFO - Processing /opt/airflow/dags/isr_pipeline.py took 0.060 seconds
[2026-04-05T14:10:25.032+0000] {processor.py:161} INFO - Started process (PID=59991) to work on /opt/airflow/dags/isr_pipeline.py
[2026-04-05T14:10:25.034+0000] {processor.py:830} INFO - Processing file /opt/airflow/dags/isr_pipeline.py for tasks to queue
[2026-04-05T14:10:25.035+0000] {logging_mixin.py:188} INFO - [2026-04-05T14:10:25.035+0000] {dagbag.py:540} INFO - Filling up the DagBag from /opt/airflow/dags/isr_pipeline.py
[2026-04-05T14:10:25.051+0000] {logging_mixin.py:188} INFO - [2026-04-05T14:10:25.043+0000] {dagbag.py:350} ERROR - Failed to import: /opt/airflow/dags/isr_pipeline.py
Traceback (most recent call last):
  File "/home/airflow/.local/lib/python3.12/site-packages/airflow/models/dagbag.py", line 346, in parse
    loader.exec_module(new_module)
  File "<frozen importlib._bootstrap_external>", line 995, in exec_module
  File "<frozen importlib._bootstrap>", line 488, in _call_with_frames_removed
  File "/opt/airflow/dags/isr_pipeline.py", line 26, in <module>
    has_new    = check_for_new()
                 ^^^^^^^^^^^^^
NameError: name 'check_for_new' is not defined
[2026-04-05T14:10:25.058+0000] {processor.py:842} WARNING - No viable dags retrieved from /opt/airflow/dags/isr_pipeline.py
[2026-04-05T14:10:25.085+0000] {processor.py:183} INFO - Processing /opt/airflow/dags/isr_pipeline.py took 0.062 seconds
[2026-04-05T14:10:55.290+0000] {processor.py:161} INFO - Started process (PID=59996) to work on /opt/airflow/dags/isr_pipeline.py
[2026-04-05T14:10:55.291+0000] {processor.py:830} INFO - Processing file /opt/airflow/dags/isr_pipeline.py for tasks to queue
[2026-04-05T14:10:55.293+0000] {logging_mixin.py:188} INFO - [2026-04-05T14:10:55.292+0000] {dagbag.py:540} INFO - Filling up the DagBag from /opt/airflow/dags/isr_pipeline.py
[2026-04-05T14:10:55.308+0000] {logging_mixin.py:188} INFO - [2026-04-05T14:10:55.301+0000] {dagbag.py:350} ERROR - Failed to import: /opt/airflow/dags/isr_pipeline.py
Traceback (most recent call last):
  File "/home/airflow/.local/lib/python3.12/site-packages/airflow/models/dagbag.py", line 346, in parse
    loader.exec_module(new_module)
  File "<frozen importlib._bootstrap_external>", line 995, in exec_module
  File "<frozen importlib._bootstrap>", line 488, in _call_with_frames_removed
  File "/opt/airflow/dags/isr_pipeline.py", line 26, in <module>
    has_new    = check_for_new()
                 ^^^^^^^^^^^^^
NameError: name 'check_for_new' is not defined
[2026-04-05T14:10:55.313+0000] {processor.py:842} WARNING - No viable dags retrieved from /opt/airflow/dags/isr_pipeline.py
[2026-04-05T14:10:55.338+0000] {processor.py:183} INFO - Processing /opt/airflow/dags/isr_pipeline.py took 0.056 seconds
[2026-04-05T14:11:25.453+0000] {processor.py:161} INFO - Started process (PID=60001) to work on /opt/airflow/dags/isr_pipeline.py
[2026-04-05T14:11:25.455+0000] {processor.py:830} INFO - Processing file /opt/airflow/dags/isr_pipeline.py for tasks to queue
[2026-04-05T14:11:25.457+0000] {logging_mixin.py:188} INFO - [2026-04-05T14:11:25.456+0000] {dagbag.py:540} INFO - Filling up the DagBag from /opt/airflow/dags/isr_pipeline.py
[2026-04-05T14:11:25.472+0000] {logging_mixin.py:188} INFO - [2026-04-05T14:11:25.465+0000] {dagbag.py:350} ERROR - Failed to import: /opt/airflow/dags/isr_pipeline.py
Traceback (most recent call last):
  File "/home/airflow/.local/lib/python3.12/site-packages/airflow/models/dagbag.py", line 346, in parse
    loader.exec_module(new_module)
  File "<frozen importlib._bootstrap_external>", line 995, in exec_module
  File "<frozen importlib._bootstrap>", line 488, in _call_with_frames_removed
  File "/opt/airflow/dags/isr_pipeline.py", line 26, in <module>
    has_new    = check_for_new()
                 ^^^^^^^^^^^^^
NameError: name 'check_for_new' is not defined
[2026-04-05T14:11:25.478+0000] {processor.py:842} WARNING - No viable dags retrieved from /opt/airflow/dags/isr_pipeline.py
[2026-04-05T14:11:25.504+0000] {processor.py:183} INFO - Processing /opt/airflow/dags/isr_pipeline.py took 0.060 seconds
[2026-04-05T14:11:55.645+0000] {processor.py:161} INFO - Started process (PID=60006) to work on /opt/airflow/dags/isr_pipeline.py
[2026-04-05T14:11:55.647+0000] {processor.py:830} INFO - Processing file /opt/airflow/dags/isr_pipeline.py for tasks to queue
[2026-04-05T14:11:55.649+0000] {logging_mixin.py:188} INFO - [2026-04-05T14:11:55.648+0000] {dagbag.py:540} INFO - Filling up the DagBag from /opt/airflow/dags/isr_pipeline.py
[2026-04-05T14:11:55.663+0000] {logging_mixin.py:188} INFO - [2026-04-05T14:11:55.656+0000] {dagbag.py:350} ERROR - Failed to import: /opt/airflow/dags/isr_pipeline.py
Traceback (most recent call last):
  File "/home/airflow/.local/lib/python3.12/site-packages/airflow/models/dagbag.py", line 346, in parse
    loader.exec_module(new_module)
  File "<frozen importlib._bootstrap_external>", line 995, in exec_module
  File "<frozen importlib._bootstrap>", line 488, in _call_with_frames_removed
  File "/opt/airflow/dags/isr_pipeline.py", line 26, in <module>
    has_new    = check_for_new()
                 ^^^^^^^^^^^^^
NameError: name 'check_for_new' is not defined
[2026-04-05T14:11:55.669+0000] {processor.py:842} WARNING - No viable dags retrieved from /opt/airflow/dags/isr_pipeline.py
[2026-04-05T14:11:55.692+0000] {processor.py:183} INFO - Processing /opt/airflow/dags/isr_pipeline.py took 0.057 seconds
[2026-04-05T14:12:25.840+0000] {processor.py:161} INFO - Started process (PID=60011) to work on /opt/airflow/dags/isr_pipeline.py
[2026-04-05T14:12:25.842+0000] {processor.py:830} INFO - Processing file /opt/airflow/dags/isr_pipeline.py for tasks to queue
[2026-04-05T14:12:25.844+0000] {logging_mixin.py:188} INFO - [2026-04-05T14:12:25.844+0000] {dagbag.py:540} INFO - Filling up the DagBag from /opt/airflow/dags/isr_pipeline.py
[2026-04-05T14:12:25.860+0000] {logging_mixin.py:188} INFO - [2026-04-05T14:12:25.852+0000] {dagbag.py:350} ERROR - Failed to import: /opt/airflow/dags/isr_pipeline.py
Traceback (most recent call last):
  File "/home/airflow/.local/lib/python3.12/site-packages/airflow/models/dagbag.py", line 346, in parse
    loader.exec_module(new_module)
  File "<frozen importlib._bootstrap_external>", line 995, in exec_module
  File "<frozen importlib._bootstrap>", line 488, in _call_with_frames_removed
  File "/opt/airflow/dags/isr_pipeline.py", line 26, in <module>
    has_new    = check_for_new()
                 ^^^^^^^^^^^^^
NameError: name 'check_for_new' is not defined
[2026-04-05T14:12:25.866+0000] {processor.py:842} WARNING - No viable dags retrieved from /opt/airflow/dags/isr_pipeline.py
[2026-04-05T14:12:25.893+0000] {processor.py:183} INFO - Processing /opt/airflow/dags/isr_pipeline.py took 0.060 seconds
[2026-04-05T14:12:56.008+0000] {processor.py:161} INFO - Started process (PID=60016) to work on /opt/airflow/dags/isr_pipeline.py
[2026-04-05T14:12:56.009+0000] {processor.py:830} INFO - Processing file /opt/airflow/dags/isr_pipeline.py for tasks to queue
[2026-04-05T14:12:56.010+0000] {logging_mixin.py:188} INFO - [2026-04-05T14:12:56.010+0000] {dagbag.py:540} INFO - Filling up the DagBag from /opt/airflow/dags/isr_pipeline.py
[2026-04-05T14:12:56.025+0000] {logging_mixin.py:188} INFO - [2026-04-05T14:12:56.018+0000] {dagbag.py:350} ERROR - Failed to import: /opt/airflow/dags/isr_pipeline.py
Traceback (most recent call last):
  File "/home/airflow/.local/lib/python3.12/site-packages/airflow/models/dagbag.py", line 346, in parse
    loader.exec_module(new_module)
  File "<frozen importlib._bootstrap_external>", line 995, in exec_module
  File "<frozen importlib._bootstrap>", line 488, in _call_with_frames_removed
  File "/opt/airflow/dags/isr_pipeline.py", line 26, in <module>
    has_new    = check_for_new()
                 ^^^^^^^^^^^^^
NameError: name 'check_for_new' is not defined
[2026-04-05T14:12:56.032+0000] {processor.py:842} WARNING - No viable dags retrieved from /opt/airflow/dags/isr_pipeline.py
[2026-04-05T14:12:56.056+0000] {processor.py:183} INFO - Processing /opt/airflow/dags/isr_pipeline.py took 0.057 seconds
[2026-04-05T14:13:26.164+0000] {processor.py:161} INFO - Started process (PID=60021) to work on /opt/airflow/dags/isr_pipeline.py
[2026-04-05T14:13:26.166+0000] {processor.py:830} INFO - Processing file /opt/airflow/dags/isr_pipeline.py for tasks to queue
[2026-04-05T14:13:26.168+0000] {logging_mixin.py:188} INFO - [2026-04-05T14:13:26.167+0000] {dagbag.py:540} INFO - Filling up the DagBag from /opt/airflow/dags/isr_pipeline.py
[2026-04-05T14:13:26.182+0000] {logging_mixin.py:188} INFO - [2026-04-05T14:13:26.175+0000] {dagbag.py:350} ERROR - Failed to import: /opt/airflow/dags/isr_pipeline.py
Traceback (most recent call last):
  File "/home/airflow/.local/lib/python3.12/site-packages/airflow/models/dagbag.py", line 346, in parse
    loader.exec_module(new_module)
  File "<frozen importlib._bootstrap_external>", line 995, in exec_module
  File "<frozen importlib._bootstrap>", line 488, in _call_with_frames_removed
  File "/opt/airflow/dags/isr_pipeline.py", line 26, in <module>
    has_new    = check_for_new()
                 ^^^^^^^^^^^^^
NameError: name 'check_for_new' is not defined
[2026-04-05T14:13:26.188+0000] {processor.py:842} WARNING - No viable dags retrieved from /opt/airflow/dags/isr_pipeline.py
[2026-04-05T14:13:26.213+0000] {processor.py:183} INFO - Processing /opt/airflow/dags/isr_pipeline.py took 0.058 seconds
[2026-04-05T14:13:56.352+0000] {processor.py:161} INFO - Started process (PID=60026) to work on /opt/airflow/dags/isr_pipeline.py
[2026-04-05T14:13:56.353+0000] {processor.py:830} INFO - Processing file /opt/airflow/dags/isr_pipeline.py for tasks to queue
[2026-04-05T14:13:56.355+0000] {logging_mixin.py:188} INFO - [2026-04-05T14:13:56.355+0000] {dagbag.py:540} INFO - Filling up the DagBag from /opt/airflow/dags/isr_pipeline.py
[2026-04-05T14:13:56.370+0000] {logging_mixin.py:188} INFO - [2026-04-05T14:13:56.363+0000] {dagbag.py:350} ERROR - Failed to import: /opt/airflow/dags/isr_pipeline.py
Traceback (most recent call last):
  File "/home/airflow/.local/lib/python3.12/site-packages/airflow/models/dagbag.py", line 346, in parse
    loader.exec_module(new_module)
  File "<frozen importlib._bootstrap_external>", line 995, in exec_module
  File "<frozen importlib._bootstrap>", line 488, in _call_with_frames_removed
  File "/opt/airflow/dags/isr_pipeline.py", line 26, in <module>
    has_new    = check_for_new()
                 ^^^^^^^^^^^^^
NameError: name 'check_for_new' is not defined
[2026-04-05T14:13:56.376+0000] {processor.py:842} WARNING - No viable dags retrieved from /opt/airflow/dags/isr_pipeline.py
[2026-04-05T14:13:56.400+0000] {processor.py:183} INFO - Processing /opt/airflow/dags/isr_pipeline.py took 0.057 seconds
[2026-04-05T14:14:26.561+0000] {processor.py:161} INFO - Started process (PID=60031) to work on /opt/airflow/dags/isr_pipeline.py
[2026-04-05T14:14:26.564+0000] {processor.py:830} INFO - Processing file /opt/airflow/dags/isr_pipeline.py for tasks to queue
[2026-04-05T14:14:26.565+0000] {logging_mixin.py:188} INFO - [2026-04-05T14:14:26.565+0000] {dagbag.py:540} INFO - Filling up the DagBag from /opt/airflow/dags/isr_pipeline.py
[2026-04-05T14:14:26.582+0000] {logging_mixin.py:188} INFO - [2026-04-05T14:14:26.574+0000] {dagbag.py:350} ERROR - Failed to import: /opt/airflow/dags/isr_pipeline.py
Traceback (most recent call last):
  File "/home/airflow/.local/lib/python3.12/site-packages/airflow/models/dagbag.py", line 346, in parse
    loader.exec_module(new_module)
  File "<frozen importlib._bootstrap_external>", line 995, in exec_module
  File "<frozen importlib._bootstrap>", line 488, in _call_with_frames_removed
  File "/opt/airflow/dags/isr_pipeline.py", line 26, in <module>
    has_new    = check_for_new()
                 ^^^^^^^^^^^^^
NameError: name 'check_for_new' is not defined
[2026-04-05T14:14:26.588+0000] {processor.py:842} WARNING - No viable dags retrieved from /opt/airflow/dags/isr_pipeline.py
[2026-04-05T14:14:26.612+0000] {processor.py:183} INFO - Processing /opt/airflow/dags/isr_pipeline.py took 0.060 seconds
[2026-04-05T14:14:56.718+0000] {processor.py:161} INFO - Started process (PID=60036) to work on /opt/airflow/dags/isr_pipeline.py
[2026-04-05T14:14:56.720+0000] {processor.py:830} INFO - Processing file /opt/airflow/dags/isr_pipeline.py for tasks to queue
[2026-04-05T14:14:56.721+0000] {logging_mixin.py:188} INFO - [2026-04-05T14:14:56.721+0000] {dagbag.py:540} INFO - Filling up the DagBag from /opt/airflow/dags/isr_pipeline.py
[2026-04-05T14:14:56.736+0000] {logging_mixin.py:188} INFO - [2026-04-05T14:14:56.729+0000] {dagbag.py:350} ERROR - Failed to import: /opt/airflow/dags/isr_pipeline.py
Traceback (most recent call last):
  File "/home/airflow/.local/lib/python3.12/site-packages/airflow/models/dagbag.py", line 346, in parse
    loader.exec_module(new_module)
  File "<frozen importlib._bootstrap_external>", line 995, in exec_module
  File "<frozen importlib._bootstrap>", line 488, in _call_with_frames_removed
  File "/opt/airflow/dags/isr_pipeline.py", line 26, in <module>
    has_new    = check_for_new()
                 ^^^^^^^^^^^^^
NameError: name 'check_for_new' is not defined
[2026-04-05T14:14:56.742+0000] {processor.py:842} WARNING - No viable dags retrieved from /opt/airflow/dags/isr_pipeline.py
[2026-04-05T14:14:56.767+0000] {processor.py:183} INFO - Processing /opt/airflow/dags/isr_pipeline.py took 0.057 seconds
[2026-04-05T14:15:26.945+0000] {processor.py:161} INFO - Started process (PID=60041) to work on /opt/airflow/dags/isr_pipeline.py
[2026-04-05T14:15:26.948+0000] {processor.py:830} INFO - Processing file /opt/airflow/dags/isr_pipeline.py for tasks to queue
[2026-04-05T14:15:26.950+0000] {logging_mixin.py:188} INFO - [2026-04-05T14:15:26.949+0000] {dagbag.py:540} INFO - Filling up the DagBag from /opt/airflow/dags/isr_pipeline.py
[2026-04-05T14:15:26.970+0000] {logging_mixin.py:188} INFO - [2026-04-05T14:15:26.960+0000] {dagbag.py:350} ERROR - Failed to import: /opt/airflow/dags/isr_pipeline.py
Traceback (most recent call last):
  File "/home/airflow/.local/lib/python3.12/site-packages/airflow/models/dagbag.py", line 346, in parse
    loader.exec_module(new_module)
  File "<frozen importlib._bootstrap_external>", line 995, in exec_module
  File "<frozen importlib._bootstrap>", line 488, in _call_with_frames_removed
  File "/opt/airflow/dags/isr_pipeline.py", line 26, in <module>
    has_new    = check_for_new()
                 ^^^^^^^^^^^^^
NameError: name 'check_for_new' is not defined
[2026-04-05T14:15:26.978+0000] {processor.py:842} WARNING - No viable dags retrieved from /opt/airflow/dags/isr_pipeline.py
[2026-04-05T14:15:27.010+0000] {processor.py:183} INFO - Processing /opt/airflow/dags/isr_pipeline.py took 0.075 seconds
[2026-04-05T14:15:57.086+0000] {processor.py:161} INFO - Started process (PID=60046) to work on /opt/airflow/dags/isr_pipeline.py
[2026-04-05T14:15:57.087+0000] {processor.py:830} INFO - Processing file /opt/airflow/dags/isr_pipeline.py for tasks to queue
[2026-04-05T14:15:57.089+0000] {logging_mixin.py:188} INFO - [2026-04-05T14:15:57.089+0000] {dagbag.py:540} INFO - Filling up the DagBag from /opt/airflow/dags/isr_pipeline.py
[2026-04-05T14:15:57.105+0000] {logging_mixin.py:188} INFO - [2026-04-05T14:15:57.098+0000] {dagbag.py:350} ERROR - Failed to import: /opt/airflow/dags/isr_pipeline.py
Traceback (most recent call last):
  File "/home/airflow/.local/lib/python3.12/site-packages/airflow/models/dagbag.py", line 346, in parse
    loader.exec_module(new_module)
  File "<frozen importlib._bootstrap_external>", line 995, in exec_module
  File "<frozen importlib._bootstrap>", line 488, in _call_with_frames_removed
  File "/opt/airflow/dags/isr_pipeline.py", line 26, in <module>
    has_new    = check_for_new()
                 ^^^^^^^^^^^^^
NameError: name 'check_for_new' is not defined
[2026-04-05T14:15:57.112+0000] {processor.py:842} WARNING - No viable dags retrieved from /opt/airflow/dags/isr_pipeline.py
[2026-04-05T14:15:57.137+0000] {processor.py:183} INFO - Processing /opt/airflow/dags/isr_pipeline.py took 0.060 seconds
[2026-04-05T14:16:27.225+0000] {processor.py:161} INFO - Started process (PID=60051) to work on /opt/airflow/dags/isr_pipeline.py
[2026-04-05T14:16:27.227+0000] {processor.py:830} INFO - Processing file /opt/airflow/dags/isr_pipeline.py for tasks to queue
[2026-04-05T14:16:27.229+0000] {logging_mixin.py:188} INFO - [2026-04-05T14:16:27.228+0000] {dagbag.py:540} INFO - Filling up the DagBag from /opt/airflow/dags/isr_pipeline.py
[2026-04-05T14:16:27.243+0000] {logging_mixin.py:188} INFO - [2026-04-05T14:16:27.236+0000] {dagbag.py:350} ERROR - Failed to import: /opt/airflow/dags/isr_pipeline.py
Traceback (most recent call last):
  File "/home/airflow/.local/lib/python3.12/site-packages/airflow/models/dagbag.py", line 346, in parse
    loader.exec_module(new_module)
  File "<frozen importlib._bootstrap_external>", line 995, in exec_module
  File "<frozen importlib._bootstrap>", line 488, in _call_with_frames_removed
  File "/opt/airflow/dags/isr_pipeline.py", line 26, in <module>
    has_new    = check_for_new()
                 ^^^^^^^^^^^^^
NameError: name 'check_for_new' is not defined
[2026-04-05T14:16:27.249+0000] {processor.py:842} WARNING - No viable dags retrieved from /opt/airflow/dags/isr_pipeline.py
[2026-04-05T14:16:27.274+0000] {processor.py:183} INFO - Processing /opt/airflow/dags/isr_pipeline.py took 0.058 seconds
[2026-04-05T14:16:57.519+0000] {processor.py:161} INFO - Started process (PID=60056) to work on /opt/airflow/dags/isr_pipeline.py
[2026-04-05T14:16:57.520+0000] {processor.py:830} INFO - Processing file /opt/airflow/dags/isr_pipeline.py for tasks to queue
[2026-04-05T14:16:57.522+0000] {logging_mixin.py:188} INFO - [2026-04-05T14:16:57.521+0000] {dagbag.py:540} INFO - Filling up the DagBag from /opt/airflow/dags/isr_pipeline.py
[2026-04-05T14:16:57.536+0000] {logging_mixin.py:188} INFO - [2026-04-05T14:16:57.529+0000] {dagbag.py:350} ERROR - Failed to import: /opt/airflow/dags/isr_pipeline.py
Traceback (most recent call last):
  File "/home/airflow/.local/lib/python3.12/site-packages/airflow/models/dagbag.py", line 346, in parse
    loader.exec_module(new_module)
  File "<frozen importlib._bootstrap_external>", line 995, in exec_module
  File "<frozen importlib._bootstrap>", line 488, in _call_with_frames_removed
  File "/opt/airflow/dags/isr_pipeline.py", line 26, in <module>
    has_new    = check_for_new()
                 ^^^^^^^^^^^^^
NameError: name 'check_for_new' is not defined
[2026-04-05T14:16:57.542+0000] {processor.py:842} WARNING - No viable dags retrieved from /opt/airflow/dags/isr_pipeline.py
[2026-04-05T14:16:57.567+0000] {processor.py:183} INFO - Processing /opt/airflow/dags/isr_pipeline.py took 0.055 seconds
[2026-04-05T14:17:27.675+0000] {processor.py:161} INFO - Started process (PID=60061) to work on /opt/airflow/dags/isr_pipeline.py
[2026-04-05T14:17:27.676+0000] {processor.py:830} INFO - Processing file /opt/airflow/dags/isr_pipeline.py for tasks to queue
[2026-04-05T14:17:27.678+0000] {logging_mixin.py:188} INFO - [2026-04-05T14:17:27.678+0000] {dagbag.py:540} INFO - Filling up the DagBag from /opt/airflow/dags/isr_pipeline.py
[2026-04-05T14:17:27.692+0000] {logging_mixin.py:188} INFO - [2026-04-05T14:17:27.685+0000] {dagbag.py:350} ERROR - Failed to import: /opt/airflow/dags/isr_pipeline.py
Traceback (most recent call last):
  File "/home/airflow/.local/lib/python3.12/site-packages/airflow/models/dagbag.py", line 346, in parse
    loader.exec_module(new_module)
  File "<frozen importlib._bootstrap_external>", line 995, in exec_module
  File "<frozen importlib._bootstrap>", line 488, in _call_with_frames_removed
  File "/opt/airflow/dags/isr_pipeline.py", line 26, in <module>
    has_new    = check_for_new()
                 ^^^^^^^^^^^^^
NameError: name 'check_for_new' is not defined
[2026-04-05T14:17:27.699+0000] {processor.py:842} WARNING - No viable dags retrieved from /opt/airflow/dags/isr_pipeline.py
[2026-04-05T14:17:27.723+0000] {processor.py:183} INFO - Processing /opt/airflow/dags/isr_pipeline.py took 0.056 seconds
[2026-04-05T14:17:57.874+0000] {processor.py:161} INFO - Started process (PID=60066) to work on /opt/airflow/dags/isr_pipeline.py
[2026-04-05T14:17:57.875+0000] {processor.py:830} INFO - Processing file /opt/airflow/dags/isr_pipeline.py for tasks to queue
[2026-04-05T14:17:57.877+0000] {logging_mixin.py:188} INFO - [2026-04-05T14:17:57.876+0000] {dagbag.py:540} INFO - Filling up the DagBag from /opt/airflow/dags/isr_pipeline.py
[2026-04-05T14:17:57.891+0000] {logging_mixin.py:188} INFO - [2026-04-05T14:17:57.884+0000] {dagbag.py:350} ERROR - Failed to import: /opt/airflow/dags/isr_pipeline.py
Traceback (most recent call last):
  File "/home/airflow/.local/lib/python3.12/site-packages/airflow/models/dagbag.py", line 346, in parse
    loader.exec_module(new_module)
  File "<frozen importlib._bootstrap_external>", line 995, in exec_module
  File "<frozen importlib._bootstrap>", line 488, in _call_with_frames_removed
  File "/opt/airflow/dags/isr_pipeline.py", line 26, in <module>
    has_new    = check_for_new()
                 ^^^^^^^^^^^^^
NameError: name 'check_for_new' is not defined
[2026-04-05T14:17:57.897+0000] {processor.py:842} WARNING - No viable dags retrieved from /opt/airflow/dags/isr_pipeline.py
[2026-04-05T14:17:57.922+0000] {processor.py:183} INFO - Processing /opt/airflow/dags/isr_pipeline.py took 0.056 seconds
[2026-04-05T14:18:28.133+0000] {processor.py:161} INFO - Started process (PID=60071) to work on /opt/airflow/dags/isr_pipeline.py
[2026-04-05T14:18:28.134+0000] {processor.py:830} INFO - Processing file /opt/airflow/dags/isr_pipeline.py for tasks to queue
[2026-04-05T14:18:28.136+0000] {logging_mixin.py:188} INFO - [2026-04-05T14:18:28.135+0000] {dagbag.py:540} INFO - Filling up the DagBag from /opt/airflow/dags/isr_pipeline.py
[2026-04-05T14:18:28.150+0000] {logging_mixin.py:188} INFO - [2026-04-05T14:18:28.143+0000] {dagbag.py:350} ERROR - Failed to import: /opt/airflow/dags/isr_pipeline.py
Traceback (most recent call last):
  File "/home/airflow/.local/lib/python3.12/site-packages/airflow/models/dagbag.py", line 346, in parse
    loader.exec_module(new_module)
  File "<frozen importlib._bootstrap_external>", line 995, in exec_module
  File "<frozen importlib._bootstrap>", line 488, in _call_with_frames_removed
  File "/opt/airflow/dags/isr_pipeline.py", line 26, in <module>
    has_new    = check_for_new()
                 ^^^^^^^^^^^^^
NameError: name 'check_for_new' is not defined
[2026-04-05T14:18:28.156+0000] {processor.py:842} WARNING - No viable dags retrieved from /opt/airflow/dags/isr_pipeline.py
[2026-04-05T14:18:28.181+0000] {processor.py:183} INFO - Processing /opt/airflow/dags/isr_pipeline.py took 0.056 seconds
[2026-04-05T14:18:58.308+0000] {processor.py:161} INFO - Started process (PID=60076) to work on /opt/airflow/dags/isr_pipeline.py
[2026-04-05T14:18:58.310+0000] {processor.py:830} INFO - Processing file /opt/airflow/dags/isr_pipeline.py for tasks to queue
[2026-04-05T14:18:58.311+0000] {logging_mixin.py:188} INFO - [2026-04-05T14:18:58.311+0000] {dagbag.py:540} INFO - Filling up the DagBag from /opt/airflow/dags/isr_pipeline.py
[2026-04-05T14:18:58.326+0000] {logging_mixin.py:188} INFO - [2026-04-05T14:18:58.318+0000] {dagbag.py:350} ERROR - Failed to import: /opt/airflow/dags/isr_pipeline.py
Traceback (most recent call last):
  File "/home/airflow/.local/lib/python3.12/site-packages/airflow/models/dagbag.py", line 346, in parse
    loader.exec_module(new_module)
  File "<frozen importlib._bootstrap_external>", line 995, in exec_module
  File "<frozen importlib._bootstrap>", line 488, in _call_with_frames_removed
  File "/opt/airflow/dags/isr_pipeline.py", line 26, in <module>
    has_new    = check_for_new()
                 ^^^^^^^^^^^^^
NameError: name 'check_for_new' is not defined
[2026-04-05T14:18:58.332+0000] {processor.py:842} WARNING - No viable dags retrieved from /opt/airflow/dags/isr_pipeline.py
[2026-04-05T14:18:58.357+0000] {processor.py:183} INFO - Processing /opt/airflow/dags/isr_pipeline.py took 0.056 seconds
[2026-04-05T14:19:28.435+0000] {processor.py:161} INFO - Started process (PID=60081) to work on /opt/airflow/dags/isr_pipeline.py
[2026-04-05T14:19:28.437+0000] {processor.py:830} INFO - Processing file /opt/airflow/dags/isr_pipeline.py for tasks to queue
[2026-04-05T14:19:28.438+0000] {logging_mixin.py:188} INFO - [2026-04-05T14:19:28.438+0000] {dagbag.py:540} INFO - Filling up the DagBag from /opt/airflow/dags/isr_pipeline.py
[2026-04-05T14:19:28.453+0000] {logging_mixin.py:188} INFO - [2026-04-05T14:19:28.445+0000] {dagbag.py:350} ERROR - Failed to import: /opt/airflow/dags/isr_pipeline.py
Traceback (most recent call last):
  File "/home/airflow/.local/lib/python3.12/site-packages/airflow/models/dagbag.py", line 346, in parse
    loader.exec_module(new_module)
  File "<frozen importlib._bootstrap_external>", line 995, in exec_module
  File "<frozen importlib._bootstrap>", line 488, in _call_with_frames_removed
  File "/opt/airflow/dags/isr_pipeline.py", line 26, in <module>
    has_new    = check_for_new()
                 ^^^^^^^^^^^^^
NameError: name 'check_for_new' is not defined
[2026-04-05T14:19:28.459+0000] {processor.py:842} WARNING - No viable dags retrieved from /opt/airflow/dags/isr_pipeline.py
[2026-04-05T14:19:28.484+0000] {processor.py:183} INFO - Processing /opt/airflow/dags/isr_pipeline.py took 0.057 seconds
[2026-04-05T14:19:58.681+0000] {processor.py:161} INFO - Started process (PID=60086) to work on /opt/airflow/dags/isr_pipeline.py
[2026-04-05T14:19:58.682+0000] {processor.py:830} INFO - Processing file /opt/airflow/dags/isr_pipeline.py for tasks to queue
[2026-04-05T14:19:58.684+0000] {logging_mixin.py:188} INFO - [2026-04-05T14:19:58.684+0000] {dagbag.py:540} INFO - Filling up the DagBag from /opt/airflow/dags/isr_pipeline.py
[2026-04-05T14:19:58.697+0000] {logging_mixin.py:188} INFO - [2026-04-05T14:19:58.690+0000] {dagbag.py:350} ERROR - Failed to import: /opt/airflow/dags/isr_pipeline.py
Traceback (most recent call last):
  File "/home/airflow/.local/lib/python3.12/site-packages/airflow/models/dagbag.py", line 346, in parse
    loader.exec_module(new_module)
  File "<frozen importlib._bootstrap_external>", line 995, in exec_module
  File "<frozen importlib._bootstrap>", line 488, in _call_with_frames_removed
  File "/opt/airflow/dags/isr_pipeline.py", line 26, in <module>
    has_new    = check_for_new()
                 ^^^^^^^^^^^^^
NameError: name 'check_for_new' is not defined
[2026-04-05T14:19:58.703+0000] {processor.py:842} WARNING - No viable dags retrieved from /opt/airflow/dags/isr_pipeline.py
[2026-04-05T14:19:58.728+0000] {processor.py:183} INFO - Processing /opt/airflow/dags/isr_pipeline.py took 0.055 seconds
[2026-04-05T14:20:28.851+0000] {processor.py:161} INFO - Started process (PID=60091) to work on /opt/airflow/dags/isr_pipeline.py
[2026-04-05T14:20:28.853+0000] {processor.py:830} INFO - Processing file /opt/airflow/dags/isr_pipeline.py for tasks to queue
[2026-04-05T14:20:28.855+0000] {logging_mixin.py:188} INFO - [2026-04-05T14:20:28.854+0000] {dagbag.py:540} INFO - Filling up the DagBag from /opt/airflow/dags/isr_pipeline.py
[2026-04-05T14:20:28.868+0000] {logging_mixin.py:188} INFO - [2026-04-05T14:20:28.861+0000] {dagbag.py:350} ERROR - Failed to import: /opt/airflow/dags/isr_pipeline.py
Traceback (most recent call last):
  File "/home/airflow/.local/lib/python3.12/site-packages/airflow/models/dagbag.py", line 346, in parse
    loader.exec_module(new_module)
  File "<frozen importlib._bootstrap_external>", line 995, in exec_module
  File "<frozen importlib._bootstrap>", line 488, in _call_with_frames_removed
  File "/opt/airflow/dags/isr_pipeline.py", line 26, in <module>
    has_new    = check_for_new()
                 ^^^^^^^^^^^^^
NameError: name 'check_for_new' is not defined
[2026-04-05T14:20:28.875+0000] {processor.py:842} WARNING - No viable dags retrieved from /opt/airflow/dags/isr_pipeline.py
[2026-04-05T14:20:28.900+0000] {processor.py:183} INFO - Processing /opt/airflow/dags/isr_pipeline.py took 0.056 seconds
[2026-04-05T14:20:59.036+0000] {processor.py:161} INFO - Started process (PID=60096) to work on /opt/airflow/dags/isr_pipeline.py
[2026-04-05T14:20:59.037+0000] {processor.py:830} INFO - Processing file /opt/airflow/dags/isr_pipeline.py for tasks to queue
[2026-04-05T14:20:59.039+0000] {logging_mixin.py:188} INFO - [2026-04-05T14:20:59.038+0000] {dagbag.py:540} INFO - Filling up the DagBag from /opt/airflow/dags/isr_pipeline.py
[2026-04-05T14:20:59.053+0000] {logging_mixin.py:188} INFO - [2026-04-05T14:20:59.046+0000] {dagbag.py:350} ERROR - Failed to import: /opt/airflow/dags/isr_pipeline.py
Traceback (most recent call last):
  File "/home/airflow/.local/lib/python3.12/site-packages/airflow/models/dagbag.py", line 346, in parse
    loader.exec_module(new_module)
  File "<frozen importlib._bootstrap_external>", line 995, in exec_module
  File "<frozen importlib._bootstrap>", line 488, in _call_with_frames_removed
  File "/opt/airflow/dags/isr_pipeline.py", line 26, in <module>
    has_new    = check_for_new()
                 ^^^^^^^^^^^^^
NameError: name 'check_for_new' is not defined
[2026-04-05T14:20:59.059+0000] {processor.py:842} WARNING - No viable dags retrieved from /opt/airflow/dags/isr_pipeline.py
[2026-04-05T14:20:59.085+0000] {processor.py:183} INFO - Processing /opt/airflow/dags/isr_pipeline.py took 0.056 seconds
[2026-04-05T14:21:29.198+0000] {processor.py:161} INFO - Started process (PID=60101) to work on /opt/airflow/dags/isr_pipeline.py
[2026-04-05T14:21:29.200+0000] {processor.py:830} INFO - Processing file /opt/airflow/dags/isr_pipeline.py for tasks to queue
[2026-04-05T14:21:29.201+0000] {logging_mixin.py:188} INFO - [2026-04-05T14:21:29.201+0000] {dagbag.py:540} INFO - Filling up the DagBag from /opt/airflow/dags/isr_pipeline.py
[2026-04-05T14:21:29.216+0000] {logging_mixin.py:188} INFO - [2026-04-05T14:21:29.209+0000] {dagbag.py:350} ERROR - Failed to import: /opt/airflow/dags/isr_pipeline.py
Traceback (most recent call last):
  File "/home/airflow/.local/lib/python3.12/site-packages/airflow/models/dagbag.py", line 346, in parse
    loader.exec_module(new_module)
  File "<frozen importlib._bootstrap_external>", line 995, in exec_module
  File "<frozen importlib._bootstrap>", line 488, in _call_with_frames_removed
  File "/opt/airflow/dags/isr_pipeline.py", line 26, in <module>
    has_new    = check_for_new()
                 ^^^^^^^^^^^^^
NameError: name 'check_for_new' is not defined
[2026-04-05T14:21:29.222+0000] {processor.py:842} WARNING - No viable dags retrieved from /opt/airflow/dags/isr_pipeline.py
[2026-04-05T14:21:29.246+0000] {processor.py:183} INFO - Processing /opt/airflow/dags/isr_pipeline.py took 0.056 seconds
[2026-04-05T14:21:59.379+0000] {processor.py:161} INFO - Started process (PID=60106) to work on /opt/airflow/dags/isr_pipeline.py
[2026-04-05T14:21:59.380+0000] {processor.py:830} INFO - Processing file /opt/airflow/dags/isr_pipeline.py for tasks to queue
[2026-04-05T14:21:59.382+0000] {logging_mixin.py:188} INFO - [2026-04-05T14:21:59.382+0000] {dagbag.py:540} INFO - Filling up the DagBag from /opt/airflow/dags/isr_pipeline.py
[2026-04-05T14:21:59.397+0000] {logging_mixin.py:188} INFO - [2026-04-05T14:21:59.390+0000] {dagbag.py:350} ERROR - Failed to import: /opt/airflow/dags/isr_pipeline.py
Traceback (most recent call last):
  File "/home/airflow/.local/lib/python3.12/site-packages/airflow/models/dagbag.py", line 346, in parse
    loader.exec_module(new_module)
  File "<frozen importlib._bootstrap_external>", line 995, in exec_module
  File "<frozen importlib._bootstrap>", line 488, in _call_with_frames_removed
  File "/opt/airflow/dags/isr_pipeline.py", line 26, in <module>
    has_new    = check_for_new()
                 ^^^^^^^^^^^^^
NameError: name 'check_for_new' is not defined
[2026-04-05T14:21:59.403+0000] {processor.py:842} WARNING - No viable dags retrieved from /opt/airflow/dags/isr_pipeline.py
[2026-04-05T14:21:59.428+0000] {processor.py:183} INFO - Processing /opt/airflow/dags/isr_pipeline.py took 0.057 seconds
[2026-04-05T14:22:29.575+0000] {processor.py:161} INFO - Started process (PID=60111) to work on /opt/airflow/dags/isr_pipeline.py
[2026-04-05T14:22:29.577+0000] {processor.py:830} INFO - Processing file /opt/airflow/dags/isr_pipeline.py for tasks to queue
[2026-04-05T14:22:29.579+0000] {logging_mixin.py:188} INFO - [2026-04-05T14:22:29.578+0000] {dagbag.py:540} INFO - Filling up the DagBag from /opt/airflow/dags/isr_pipeline.py
[2026-04-05T14:22:29.593+0000] {logging_mixin.py:188} INFO - [2026-04-05T14:22:29.587+0000] {dagbag.py:350} ERROR - Failed to import: /opt/airflow/dags/isr_pipeline.py
Traceback (most recent call last):
  File "/home/airflow/.local/lib/python3.12/site-packages/airflow/models/dagbag.py", line 346, in parse
    loader.exec_module(new_module)
  File "<frozen importlib._bootstrap_external>", line 995, in exec_module
  File "<frozen importlib._bootstrap>", line 488, in _call_with_frames_removed
  File "/opt/airflow/dags/isr_pipeline.py", line 26, in <module>
    has_new    = check_for_new()
                 ^^^^^^^^^^^^^
NameError: name 'check_for_new' is not defined
[2026-04-05T14:22:29.599+0000] {processor.py:842} WARNING - No viable dags retrieved from /opt/airflow/dags/isr_pipeline.py
[2026-04-05T14:22:29.623+0000] {processor.py:183} INFO - Processing /opt/airflow/dags/isr_pipeline.py took 0.057 seconds
[2026-04-05T14:22:59.788+0000] {processor.py:161} INFO - Started process (PID=60116) to work on /opt/airflow/dags/isr_pipeline.py
[2026-04-05T14:22:59.790+0000] {processor.py:830} INFO - Processing file /opt/airflow/dags/isr_pipeline.py for tasks to queue
[2026-04-05T14:22:59.791+0000] {logging_mixin.py:188} INFO - [2026-04-05T14:22:59.791+0000] {dagbag.py:540} INFO - Filling up the DagBag from /opt/airflow/dags/isr_pipeline.py
[2026-04-05T14:22:59.805+0000] {logging_mixin.py:188} INFO - [2026-04-05T14:22:59.798+0000] {dagbag.py:350} ERROR - Failed to import: /opt/airflow/dags/isr_pipeline.py
Traceback (most recent call last):
  File "/home/airflow/.local/lib/python3.12/site-packages/airflow/models/dagbag.py", line 346, in parse
    loader.exec_module(new_module)
  File "<frozen importlib._bootstrap_external>", line 995, in exec_module
  File "<frozen importlib._bootstrap>", line 488, in _call_with_frames_removed
  File "/opt/airflow/dags/isr_pipeline.py", line 26, in <module>
    has_new    = check_for_new()
                 ^^^^^^^^^^^^^
NameError: name 'check_for_new' is not defined
[2026-04-05T14:22:59.811+0000] {processor.py:842} WARNING - No viable dags retrieved from /opt/airflow/dags/isr_pipeline.py
[2026-04-05T14:22:59.836+0000] {processor.py:183} INFO - Processing /opt/airflow/dags/isr_pipeline.py took 0.055 seconds
[2026-04-05T14:23:29.977+0000] {processor.py:161} INFO - Started process (PID=60121) to work on /opt/airflow/dags/isr_pipeline.py
[2026-04-05T14:23:29.978+0000] {processor.py:830} INFO - Processing file /opt/airflow/dags/isr_pipeline.py for tasks to queue
[2026-04-05T14:23:29.980+0000] {logging_mixin.py:188} INFO - [2026-04-05T14:23:29.979+0000] {dagbag.py:540} INFO - Filling up the DagBag from /opt/airflow/dags/isr_pipeline.py
[2026-04-05T14:23:29.994+0000] {logging_mixin.py:188} INFO - [2026-04-05T14:23:29.987+0000] {dagbag.py:350} ERROR - Failed to import: /opt/airflow/dags/isr_pipeline.py
Traceback (most recent call last):
  File "/home/airflow/.local/lib/python3.12/site-packages/airflow/models/dagbag.py", line 346, in parse
    loader.exec_module(new_module)
  File "<frozen importlib._bootstrap_external>", line 995, in exec_module
  File "<frozen importlib._bootstrap>", line 488, in _call_with_frames_removed
  File "/opt/airflow/dags/isr_pipeline.py", line 26, in <module>
    has_new    = check_for_new()
                 ^^^^^^^^^^^^^
NameError: name 'check_for_new' is not defined
[2026-04-05T14:23:30.001+0000] {processor.py:842} WARNING - No viable dags retrieved from /opt/airflow/dags/isr_pipeline.py
[2026-04-05T14:23:30.025+0000] {processor.py:183} INFO - Processing /opt/airflow/dags/isr_pipeline.py took 0.056 seconds
[2026-04-05T14:24:00.203+0000] {processor.py:161} INFO - Started process (PID=60126) to work on /opt/airflow/dags/isr_pipeline.py
[2026-04-05T14:24:00.205+0000] {processor.py:830} INFO - Processing file /opt/airflow/dags/isr_pipeline.py for tasks to queue
[2026-04-05T14:24:00.207+0000] {logging_mixin.py:188} INFO - [2026-04-05T14:24:00.206+0000] {dagbag.py:540} INFO - Filling up the DagBag from /opt/airflow/dags/isr_pipeline.py
[2026-04-05T14:24:00.221+0000] {logging_mixin.py:188} INFO - [2026-04-05T14:24:00.214+0000] {dagbag.py:350} ERROR - Failed to import: /opt/airflow/dags/isr_pipeline.py
Traceback (most recent call last):
  File "/home/airflow/.local/lib/python3.12/site-packages/airflow/models/dagbag.py", line 346, in parse
    loader.exec_module(new_module)
  File "<frozen importlib._bootstrap_external>", line 995, in exec_module
  File "<frozen importlib._bootstrap>", line 488, in _call_with_frames_removed
  File "/opt/airflow/dags/isr_pipeline.py", line 26, in <module>
    has_new    = check_for_new()
                 ^^^^^^^^^^^^^
NameError: name 'check_for_new' is not defined
[2026-04-05T14:24:00.227+0000] {processor.py:842} WARNING - No viable dags retrieved from /opt/airflow/dags/isr_pipeline.py
[2026-04-05T14:24:00.251+0000] {processor.py:183} INFO - Processing /opt/airflow/dags/isr_pipeline.py took 0.057 seconds
[2026-04-05T14:24:30.346+0000] {processor.py:161} INFO - Started process (PID=60131) to work on /opt/airflow/dags/isr_pipeline.py
[2026-04-05T14:24:30.348+0000] {processor.py:830} INFO - Processing file /opt/airflow/dags/isr_pipeline.py for tasks to queue
[2026-04-05T14:24:30.349+0000] {logging_mixin.py:188} INFO - [2026-04-05T14:24:30.349+0000] {dagbag.py:540} INFO - Filling up the DagBag from /opt/airflow/dags/isr_pipeline.py
[2026-04-05T14:24:30.364+0000] {logging_mixin.py:188} INFO - [2026-04-05T14:24:30.356+0000] {dagbag.py:350} ERROR - Failed to import: /opt/airflow/dags/isr_pipeline.py
Traceback (most recent call last):
  File "/home/airflow/.local/lib/python3.12/site-packages/airflow/models/dagbag.py", line 346, in parse
    loader.exec_module(new_module)
  File "<frozen importlib._bootstrap_external>", line 995, in exec_module
  File "<frozen importlib._bootstrap>", line 488, in _call_with_frames_removed
  File "/opt/airflow/dags/isr_pipeline.py", line 26, in <module>
    has_new    = check_for_new()
                 ^^^^^^^^^^^^^
NameError: name 'check_for_new' is not defined
[2026-04-05T14:24:30.370+0000] {processor.py:842} WARNING - No viable dags retrieved from /opt/airflow/dags/isr_pipeline.py
[2026-04-05T14:24:30.395+0000] {processor.py:183} INFO - Processing /opt/airflow/dags/isr_pipeline.py took 0.058 seconds
[2026-04-05T14:25:00.620+0000] {processor.py:161} INFO - Started process (PID=60136) to work on /opt/airflow/dags/isr_pipeline.py
[2026-04-05T14:25:00.622+0000] {processor.py:830} INFO - Processing file /opt/airflow/dags/isr_pipeline.py for tasks to queue
[2026-04-05T14:25:00.623+0000] {logging_mixin.py:188} INFO - [2026-04-05T14:25:00.623+0000] {dagbag.py:540} INFO - Filling up the DagBag from /opt/airflow/dags/isr_pipeline.py
[2026-04-05T14:25:00.638+0000] {logging_mixin.py:188} INFO - [2026-04-05T14:25:00.631+0000] {dagbag.py:350} ERROR - Failed to import: /opt/airflow/dags/isr_pipeline.py
Traceback (most recent call last):
  File "/home/airflow/.local/lib/python3.12/site-packages/airflow/models/dagbag.py", line 346, in parse
    loader.exec_module(new_module)
  File "<frozen importlib._bootstrap_external>", line 995, in exec_module
  File "<frozen importlib._bootstrap>", line 488, in _call_with_frames_removed
  File "/opt/airflow/dags/isr_pipeline.py", line 26, in <module>
    has_new    = check_for_new()
                 ^^^^^^^^^^^^^
NameError: name 'check_for_new' is not defined
[2026-04-05T14:25:00.645+0000] {processor.py:842} WARNING - No viable dags retrieved from /opt/airflow/dags/isr_pipeline.py
[2026-04-05T14:25:00.669+0000] {processor.py:183} INFO - Processing /opt/airflow/dags/isr_pipeline.py took 0.058 seconds
[2026-04-05T14:25:30.816+0000] {processor.py:161} INFO - Started process (PID=60141) to work on /opt/airflow/dags/isr_pipeline.py
[2026-04-05T14:25:30.817+0000] {processor.py:830} INFO - Processing file /opt/airflow/dags/isr_pipeline.py for tasks to queue
[2026-04-05T14:25:30.819+0000] {logging_mixin.py:188} INFO - [2026-04-05T14:25:30.818+0000] {dagbag.py:540} INFO - Filling up the DagBag from /opt/airflow/dags/isr_pipeline.py
[2026-04-05T14:25:30.833+0000] {logging_mixin.py:188} INFO - [2026-04-05T14:25:30.826+0000] {dagbag.py:350} ERROR - Failed to import: /opt/airflow/dags/isr_pipeline.py
Traceback (most recent call last):
  File "/home/airflow/.local/lib/python3.12/site-packages/airflow/models/dagbag.py", line 346, in parse
    loader.exec_module(new_module)
  File "<frozen importlib._bootstrap_external>", line 995, in exec_module
  File "<frozen importlib._bootstrap>", line 488, in _call_with_frames_removed
  File "/opt/airflow/dags/isr_pipeline.py", line 26, in <module>
    has_new    = check_for_new()
                 ^^^^^^^^^^^^^
NameError: name 'check_for_new' is not defined
[2026-04-05T14:25:30.839+0000] {processor.py:842} WARNING - No viable dags retrieved from /opt/airflow/dags/isr_pipeline.py
[2026-04-05T14:25:30.863+0000] {processor.py:183} INFO - Processing /opt/airflow/dags/isr_pipeline.py took 0.056 seconds
[2026-04-05T14:26:01.021+0000] {processor.py:161} INFO - Started process (PID=60146) to work on /opt/airflow/dags/isr_pipeline.py
[2026-04-05T14:26:01.023+0000] {processor.py:830} INFO - Processing file /opt/airflow/dags/isr_pipeline.py for tasks to queue
[2026-04-05T14:26:01.025+0000] {logging_mixin.py:188} INFO - [2026-04-05T14:26:01.024+0000] {dagbag.py:540} INFO - Filling up the DagBag from /opt/airflow/dags/isr_pipeline.py
[2026-04-05T14:26:01.040+0000] {logging_mixin.py:188} INFO - [2026-04-05T14:26:01.033+0000] {dagbag.py:350} ERROR - Failed to import: /opt/airflow/dags/isr_pipeline.py
Traceback (most recent call last):
  File "/home/airflow/.local/lib/python3.12/site-packages/airflow/models/dagbag.py", line 346, in parse
    loader.exec_module(new_module)
  File "<frozen importlib._bootstrap_external>", line 995, in exec_module
  File "<frozen importlib._bootstrap>", line 488, in _call_with_frames_removed
  File "/opt/airflow/dags/isr_pipeline.py", line 26, in <module>
    has_new    = check_for_new()
                 ^^^^^^^^^^^^^
NameError: name 'check_for_new' is not defined
[2026-04-05T14:26:01.046+0000] {processor.py:842} WARNING - No viable dags retrieved from /opt/airflow/dags/isr_pipeline.py
[2026-04-05T14:26:01.072+0000] {processor.py:183} INFO - Processing /opt/airflow/dags/isr_pipeline.py took 0.060 seconds
[2026-04-05T14:26:31.228+0000] {processor.py:161} INFO - Started process (PID=60151) to work on /opt/airflow/dags/isr_pipeline.py
[2026-04-05T14:26:31.230+0000] {processor.py:830} INFO - Processing file /opt/airflow/dags/isr_pipeline.py for tasks to queue
[2026-04-05T14:26:31.231+0000] {logging_mixin.py:188} INFO - [2026-04-05T14:26:31.231+0000] {dagbag.py:540} INFO - Filling up the DagBag from /opt/airflow/dags/isr_pipeline.py
[2026-04-05T14:26:31.247+0000] {logging_mixin.py:188} INFO - [2026-04-05T14:26:31.240+0000] {dagbag.py:350} ERROR - Failed to import: /opt/airflow/dags/isr_pipeline.py
Traceback (most recent call last):
  File "/home/airflow/.local/lib/python3.12/site-packages/airflow/models/dagbag.py", line 346, in parse
    loader.exec_module(new_module)
  File "<frozen importlib._bootstrap_external>", line 995, in exec_module
  File "<frozen importlib._bootstrap>", line 488, in _call_with_frames_removed
  File "/opt/airflow/dags/isr_pipeline.py", line 26, in <module>
    has_new    = check_for_new()
                 ^^^^^^^^^^^^^
NameError: name 'check_for_new' is not defined
[2026-04-05T14:26:31.253+0000] {processor.py:842} WARNING - No viable dags retrieved from /opt/airflow/dags/isr_pipeline.py
[2026-04-05T14:26:31.277+0000] {processor.py:183} INFO - Processing /opt/airflow/dags/isr_pipeline.py took 0.058 seconds
[2026-04-05T14:27:01.385+0000] {processor.py:161} INFO - Started process (PID=60156) to work on /opt/airflow/dags/isr_pipeline.py
[2026-04-05T14:27:01.387+0000] {processor.py:830} INFO - Processing file /opt/airflow/dags/isr_pipeline.py for tasks to queue
[2026-04-05T14:27:01.388+0000] {logging_mixin.py:188} INFO - [2026-04-05T14:27:01.388+0000] {dagbag.py:540} INFO - Filling up the DagBag from /opt/airflow/dags/isr_pipeline.py
[2026-04-05T14:27:01.403+0000] {logging_mixin.py:188} INFO - [2026-04-05T14:27:01.396+0000] {dagbag.py:350} ERROR - Failed to import: /opt/airflow/dags/isr_pipeline.py
Traceback (most recent call last):
  File "/home/airflow/.local/lib/python3.12/site-packages/airflow/models/dagbag.py", line 346, in parse
    loader.exec_module(new_module)
  File "<frozen importlib._bootstrap_external>", line 995, in exec_module
  File "<frozen importlib._bootstrap>", line 488, in _call_with_frames_removed
  File "/opt/airflow/dags/isr_pipeline.py", line 26, in <module>
    has_new    = check_for_new()
                 ^^^^^^^^^^^^^
NameError: name 'check_for_new' is not defined
[2026-04-05T14:27:01.409+0000] {processor.py:842} WARNING - No viable dags retrieved from /opt/airflow/dags/isr_pipeline.py
[2026-04-05T14:27:01.433+0000] {processor.py:183} INFO - Processing /opt/airflow/dags/isr_pipeline.py took 0.058 seconds
[2026-04-05T14:27:31.609+0000] {processor.py:161} INFO - Started process (PID=60161) to work on /opt/airflow/dags/isr_pipeline.py
[2026-04-05T14:27:31.611+0000] {processor.py:830} INFO - Processing file /opt/airflow/dags/isr_pipeline.py for tasks to queue
[2026-04-05T14:27:31.612+0000] {logging_mixin.py:188} INFO - [2026-04-05T14:27:31.612+0000] {dagbag.py:540} INFO - Filling up the DagBag from /opt/airflow/dags/isr_pipeline.py
[2026-04-05T14:27:31.627+0000] {logging_mixin.py:188} INFO - [2026-04-05T14:27:31.620+0000] {dagbag.py:350} ERROR - Failed to import: /opt/airflow/dags/isr_pipeline.py
Traceback (most recent call last):
  File "/home/airflow/.local/lib/python3.12/site-packages/airflow/models/dagbag.py", line 346, in parse
    loader.exec_module(new_module)
  File "<frozen importlib._bootstrap_external>", line 995, in exec_module
  File "<frozen importlib._bootstrap>", line 488, in _call_with_frames_removed
  File "/opt/airflow/dags/isr_pipeline.py", line 26, in <module>
    has_new    = check_for_new()
                 ^^^^^^^^^^^^^
NameError: name 'check_for_new' is not defined
[2026-04-05T14:27:31.633+0000] {processor.py:842} WARNING - No viable dags retrieved from /opt/airflow/dags/isr_pipeline.py
[2026-04-05T14:27:31.661+0000] {processor.py:183} INFO - Processing /opt/airflow/dags/isr_pipeline.py took 0.062 seconds
[2026-04-05T14:28:01.812+0000] {processor.py:161} INFO - Started process (PID=60166) to work on /opt/airflow/dags/isr_pipeline.py
[2026-04-05T14:28:01.815+0000] {processor.py:830} INFO - Processing file /opt/airflow/dags/isr_pipeline.py for tasks to queue
[2026-04-05T14:28:01.816+0000] {logging_mixin.py:188} INFO - [2026-04-05T14:28:01.816+0000] {dagbag.py:540} INFO - Filling up the DagBag from /opt/airflow/dags/isr_pipeline.py
[2026-04-05T14:28:01.831+0000] {logging_mixin.py:188} INFO - [2026-04-05T14:28:01.824+0000] {dagbag.py:350} ERROR - Failed to import: /opt/airflow/dags/isr_pipeline.py
Traceback (most recent call last):
  File "/home/airflow/.local/lib/python3.12/site-packages/airflow/models/dagbag.py", line 346, in parse
    loader.exec_module(new_module)
  File "<frozen importlib._bootstrap_external>", line 995, in exec_module
  File "<frozen importlib._bootstrap>", line 488, in _call_with_frames_removed
  File "/opt/airflow/dags/isr_pipeline.py", line 26, in <module>
    has_new    = check_for_new()
                 ^^^^^^^^^^^^^
NameError: name 'check_for_new' is not defined
[2026-04-05T14:28:01.838+0000] {processor.py:842} WARNING - No viable dags retrieved from /opt/airflow/dags/isr_pipeline.py
[2026-04-05T14:28:01.868+0000] {processor.py:183} INFO - Processing /opt/airflow/dags/isr_pipeline.py took 0.067 seconds
[2026-04-05T14:28:31.959+0000] {processor.py:161} INFO - Started process (PID=60171) to work on /opt/airflow/dags/isr_pipeline.py
[2026-04-05T14:28:31.961+0000] {processor.py:830} INFO - Processing file /opt/airflow/dags/isr_pipeline.py for tasks to queue
[2026-04-05T14:28:31.962+0000] {logging_mixin.py:188} INFO - [2026-04-05T14:28:31.962+0000] {dagbag.py:540} INFO - Filling up the DagBag from /opt/airflow/dags/isr_pipeline.py
[2026-04-05T14:28:31.977+0000] {logging_mixin.py:188} INFO - [2026-04-05T14:28:31.969+0000] {dagbag.py:350} ERROR - Failed to import: /opt/airflow/dags/isr_pipeline.py
Traceback (most recent call last):
  File "/home/airflow/.local/lib/python3.12/site-packages/airflow/models/dagbag.py", line 346, in parse
    loader.exec_module(new_module)
  File "<frozen importlib._bootstrap_external>", line 995, in exec_module
  File "<frozen importlib._bootstrap>", line 488, in _call_with_frames_removed
  File "/opt/airflow/dags/isr_pipeline.py", line 26, in <module>
    has_new    = check_for_new()
                 ^^^^^^^^^^^^^
NameError: name 'check_for_new' is not defined
[2026-04-05T14:28:31.983+0000] {processor.py:842} WARNING - No viable dags retrieved from /opt/airflow/dags/isr_pipeline.py
[2026-04-05T14:28:32.008+0000] {processor.py:183} INFO - Processing /opt/airflow/dags/isr_pipeline.py took 0.057 seconds
[2026-04-05T14:29:02.195+0000] {processor.py:161} INFO - Started process (PID=60176) to work on /opt/airflow/dags/isr_pipeline.py
[2026-04-05T14:29:02.197+0000] {processor.py:830} INFO - Processing file /opt/airflow/dags/isr_pipeline.py for tasks to queue
[2026-04-05T14:29:02.198+0000] {logging_mixin.py:188} INFO - [2026-04-05T14:29:02.198+0000] {dagbag.py:540} INFO - Filling up the DagBag from /opt/airflow/dags/isr_pipeline.py
[2026-04-05T14:29:02.213+0000] {logging_mixin.py:188} INFO - [2026-04-05T14:29:02.205+0000] {dagbag.py:350} ERROR - Failed to import: /opt/airflow/dags/isr_pipeline.py
Traceback (most recent call last):
  File "/home/airflow/.local/lib/python3.12/site-packages/airflow/models/dagbag.py", line 346, in parse
    loader.exec_module(new_module)
  File "<frozen importlib._bootstrap_external>", line 995, in exec_module
  File "<frozen importlib._bootstrap>", line 488, in _call_with_frames_removed
  File "/opt/airflow/dags/isr_pipeline.py", line 26, in <module>
    has_new    = check_for_new()
                 ^^^^^^^^^^^^^
NameError: name 'check_for_new' is not defined
[2026-04-05T14:29:02.219+0000] {processor.py:842} WARNING - No viable dags retrieved from /opt/airflow/dags/isr_pipeline.py
[2026-04-05T14:29:02.245+0000] {processor.py:183} INFO - Processing /opt/airflow/dags/isr_pipeline.py took 0.058 seconds
[2026-04-05T14:29:32.385+0000] {processor.py:161} INFO - Started process (PID=60181) to work on /opt/airflow/dags/isr_pipeline.py
[2026-04-05T14:29:32.387+0000] {processor.py:830} INFO - Processing file /opt/airflow/dags/isr_pipeline.py for tasks to queue
[2026-04-05T14:29:32.388+0000] {logging_mixin.py:188} INFO - [2026-04-05T14:29:32.388+0000] {dagbag.py:540} INFO - Filling up the DagBag from /opt/airflow/dags/isr_pipeline.py
[2026-04-05T14:29:32.402+0000] {logging_mixin.py:188} INFO - [2026-04-05T14:29:32.395+0000] {dagbag.py:350} ERROR - Failed to import: /opt/airflow/dags/isr_pipeline.py
Traceback (most recent call last):
  File "/home/airflow/.local/lib/python3.12/site-packages/airflow/models/dagbag.py", line 346, in parse
    loader.exec_module(new_module)
  File "<frozen importlib._bootstrap_external>", line 995, in exec_module
  File "<frozen importlib._bootstrap>", line 488, in _call_with_frames_removed
  File "/opt/airflow/dags/isr_pipeline.py", line 26, in <module>
    has_new    = check_for_new()
                 ^^^^^^^^^^^^^
NameError: name 'check_for_new' is not defined
[2026-04-05T14:29:32.409+0000] {processor.py:842} WARNING - No viable dags retrieved from /opt/airflow/dags/isr_pipeline.py
[2026-04-05T14:29:32.434+0000] {processor.py:183} INFO - Processing /opt/airflow/dags/isr_pipeline.py took 0.057 seconds
[2026-04-05T14:30:02.556+0000] {processor.py:161} INFO - Started process (PID=60186) to work on /opt/airflow/dags/isr_pipeline.py
[2026-04-05T14:30:02.558+0000] {processor.py:830} INFO - Processing file /opt/airflow/dags/isr_pipeline.py for tasks to queue
[2026-04-05T14:30:02.559+0000] {logging_mixin.py:188} INFO - [2026-04-05T14:30:02.559+0000] {dagbag.py:540} INFO - Filling up the DagBag from /opt/airflow/dags/isr_pipeline.py
[2026-04-05T14:30:02.574+0000] {logging_mixin.py:188} INFO - [2026-04-05T14:30:02.566+0000] {dagbag.py:350} ERROR - Failed to import: /opt/airflow/dags/isr_pipeline.py
Traceback (most recent call last):
  File "/home/airflow/.local/lib/python3.12/site-packages/airflow/models/dagbag.py", line 346, in parse
    loader.exec_module(new_module)
  File "<frozen importlib._bootstrap_external>", line 995, in exec_module
  File "<frozen importlib._bootstrap>", line 488, in _call_with_frames_removed
  File "/opt/airflow/dags/isr_pipeline.py", line 26, in <module>
    has_new    = check_for_new()
                 ^^^^^^^^^^^^^
NameError: name 'check_for_new' is not defined
[2026-04-05T14:30:02.580+0000] {processor.py:842} WARNING - No viable dags retrieved from /opt/airflow/dags/isr_pipeline.py
[2026-04-05T14:30:02.604+0000] {processor.py:183} INFO - Processing /opt/airflow/dags/isr_pipeline.py took 0.056 seconds
[2026-04-05T14:30:32.731+0000] {processor.py:161} INFO - Started process (PID=60191) to work on /opt/airflow/dags/isr_pipeline.py
[2026-04-05T14:30:32.733+0000] {processor.py:830} INFO - Processing file /opt/airflow/dags/isr_pipeline.py for tasks to queue
[2026-04-05T14:30:32.734+0000] {logging_mixin.py:188} INFO - [2026-04-05T14:30:32.734+0000] {dagbag.py:540} INFO - Filling up the DagBag from /opt/airflow/dags/isr_pipeline.py
[2026-04-05T14:30:32.747+0000] {logging_mixin.py:188} INFO - [2026-04-05T14:30:32.741+0000] {dagbag.py:350} ERROR - Failed to import: /opt/airflow/dags/isr_pipeline.py
Traceback (most recent call last):
  File "/home/airflow/.local/lib/python3.12/site-packages/airflow/models/dagbag.py", line 346, in parse
    loader.exec_module(new_module)
  File "<frozen importlib._bootstrap_external>", line 995, in exec_module
  File "<frozen importlib._bootstrap>", line 488, in _call_with_frames_removed
  File "/opt/airflow/dags/isr_pipeline.py", line 26, in <module>
    has_new    = check_for_new()
                 ^^^^^^^^^^^^^
NameError: name 'check_for_new' is not defined
[2026-04-05T14:30:32.753+0000] {processor.py:842} WARNING - No viable dags retrieved from /opt/airflow/dags/isr_pipeline.py
[2026-04-05T14:30:32.778+0000] {processor.py:183} INFO - Processing /opt/airflow/dags/isr_pipeline.py took 0.054 seconds
[2026-04-05T14:31:02.912+0000] {processor.py:161} INFO - Started process (PID=60196) to work on /opt/airflow/dags/isr_pipeline.py
[2026-04-05T14:31:02.914+0000] {processor.py:830} INFO - Processing file /opt/airflow/dags/isr_pipeline.py for tasks to queue
[2026-04-05T14:31:02.916+0000] {logging_mixin.py:188} INFO - [2026-04-05T14:31:02.916+0000] {dagbag.py:540} INFO - Filling up the DagBag from /opt/airflow/dags/isr_pipeline.py
[2026-04-05T14:31:02.932+0000] {logging_mixin.py:188} INFO - [2026-04-05T14:31:02.924+0000] {dagbag.py:350} ERROR - Failed to import: /opt/airflow/dags/isr_pipeline.py
Traceback (most recent call last):
  File "/home/airflow/.local/lib/python3.12/site-packages/airflow/models/dagbag.py", line 346, in parse
    loader.exec_module(new_module)
  File "<frozen importlib._bootstrap_external>", line 995, in exec_module
  File "<frozen importlib._bootstrap>", line 488, in _call_with_frames_removed
  File "/opt/airflow/dags/isr_pipeline.py", line 26, in <module>
    has_new    = check_for_new()
                 ^^^^^^^^^^^^^
NameError: name 'check_for_new' is not defined
[2026-04-05T14:31:02.938+0000] {processor.py:842} WARNING - No viable dags retrieved from /opt/airflow/dags/isr_pipeline.py
[2026-04-05T14:31:02.965+0000] {processor.py:183} INFO - Processing /opt/airflow/dags/isr_pipeline.py took 0.060 seconds
[2026-04-05T14:31:33.104+0000] {processor.py:161} INFO - Started process (PID=60201) to work on /opt/airflow/dags/isr_pipeline.py
[2026-04-05T14:31:33.106+0000] {processor.py:830} INFO - Processing file /opt/airflow/dags/isr_pipeline.py for tasks to queue
[2026-04-05T14:31:33.108+0000] {logging_mixin.py:188} INFO - [2026-04-05T14:31:33.107+0000] {dagbag.py:540} INFO - Filling up the DagBag from /opt/airflow/dags/isr_pipeline.py
[2026-04-05T14:31:33.122+0000] {logging_mixin.py:188} INFO - [2026-04-05T14:31:33.115+0000] {dagbag.py:350} ERROR - Failed to import: /opt/airflow/dags/isr_pipeline.py
Traceback (most recent call last):
  File "/home/airflow/.local/lib/python3.12/site-packages/airflow/models/dagbag.py", line 346, in parse
    loader.exec_module(new_module)
  File "<frozen importlib._bootstrap_external>", line 995, in exec_module
  File "<frozen importlib._bootstrap>", line 488, in _call_with_frames_removed
  File "/opt/airflow/dags/isr_pipeline.py", line 26, in <module>
    has_new    = check_for_new()
                 ^^^^^^^^^^^^^
NameError: name 'check_for_new' is not defined
[2026-04-05T14:31:33.128+0000] {processor.py:842} WARNING - No viable dags retrieved from /opt/airflow/dags/isr_pipeline.py
[2026-04-05T14:31:33.153+0000] {processor.py:183} INFO - Processing /opt/airflow/dags/isr_pipeline.py took 0.057 seconds
[2026-04-05T14:32:03.269+0000] {processor.py:161} INFO - Started process (PID=60206) to work on /opt/airflow/dags/isr_pipeline.py
[2026-04-05T14:32:03.270+0000] {processor.py:830} INFO - Processing file /opt/airflow/dags/isr_pipeline.py for tasks to queue
[2026-04-05T14:32:03.272+0000] {logging_mixin.py:188} INFO - [2026-04-05T14:32:03.272+0000] {dagbag.py:540} INFO - Filling up the DagBag from /opt/airflow/dags/isr_pipeline.py
[2026-04-05T14:32:03.289+0000] {logging_mixin.py:188} INFO - [2026-04-05T14:32:03.281+0000] {dagbag.py:350} ERROR - Failed to import: /opt/airflow/dags/isr_pipeline.py
Traceback (most recent call last):
  File "/home/airflow/.local/lib/python3.12/site-packages/airflow/models/dagbag.py", line 346, in parse
    loader.exec_module(new_module)
  File "<frozen importlib._bootstrap_external>", line 995, in exec_module
  File "<frozen importlib._bootstrap>", line 488, in _call_with_frames_removed
  File "/opt/airflow/dags/isr_pipeline.py", line 26, in <module>
    has_new    = check_for_new()
                 ^^^^^^^^^^^^^
NameError: name 'check_for_new' is not defined
[2026-04-05T14:32:03.295+0000] {processor.py:842} WARNING - No viable dags retrieved from /opt/airflow/dags/isr_pipeline.py
[2026-04-05T14:32:03.319+0000] {processor.py:183} INFO - Processing /opt/airflow/dags/isr_pipeline.py took 0.059 seconds
[2026-04-05T14:32:33.465+0000] {processor.py:161} INFO - Started process (PID=60211) to work on /opt/airflow/dags/isr_pipeline.py
[2026-04-05T14:32:33.467+0000] {processor.py:830} INFO - Processing file /opt/airflow/dags/isr_pipeline.py for tasks to queue
[2026-04-05T14:32:33.469+0000] {logging_mixin.py:188} INFO - [2026-04-05T14:32:33.468+0000] {dagbag.py:540} INFO - Filling up the DagBag from /opt/airflow/dags/isr_pipeline.py
[2026-04-05T14:32:33.484+0000] {logging_mixin.py:188} INFO - [2026-04-05T14:32:33.477+0000] {dagbag.py:350} ERROR - Failed to import: /opt/airflow/dags/isr_pipeline.py
Traceback (most recent call last):
  File "/home/airflow/.local/lib/python3.12/site-packages/airflow/models/dagbag.py", line 346, in parse
    loader.exec_module(new_module)
  File "<frozen importlib._bootstrap_external>", line 995, in exec_module
  File "<frozen importlib._bootstrap>", line 488, in _call_with_frames_removed
  File "/opt/airflow/dags/isr_pipeline.py", line 26, in <module>
    has_new    = check_for_new()
                 ^^^^^^^^^^^^^
NameError: name 'check_for_new' is not defined
[2026-04-05T14:32:33.491+0000] {processor.py:842} WARNING - No viable dags retrieved from /opt/airflow/dags/isr_pipeline.py
[2026-04-05T14:32:33.515+0000] {processor.py:183} INFO - Processing /opt/airflow/dags/isr_pipeline.py took 0.059 seconds
[2026-04-05T14:33:03.640+0000] {processor.py:161} INFO - Started process (PID=60216) to work on /opt/airflow/dags/isr_pipeline.py
[2026-04-05T14:33:03.642+0000] {processor.py:830} INFO - Processing file /opt/airflow/dags/isr_pipeline.py for tasks to queue
[2026-04-05T14:33:03.643+0000] {logging_mixin.py:188} INFO - [2026-04-05T14:33:03.643+0000] {dagbag.py:540} INFO - Filling up the DagBag from /opt/airflow/dags/isr_pipeline.py
[2026-04-05T14:33:03.659+0000] {logging_mixin.py:188} INFO - [2026-04-05T14:33:03.651+0000] {dagbag.py:350} ERROR - Failed to import: /opt/airflow/dags/isr_pipeline.py
Traceback (most recent call last):
  File "/home/airflow/.local/lib/python3.12/site-packages/airflow/models/dagbag.py", line 346, in parse
    loader.exec_module(new_module)
  File "<frozen importlib._bootstrap_external>", line 995, in exec_module
  File "<frozen importlib._bootstrap>", line 488, in _call_with_frames_removed
  File "/opt/airflow/dags/isr_pipeline.py", line 26, in <module>
    has_new    = check_for_new()
                 ^^^^^^^^^^^^^
NameError: name 'check_for_new' is not defined
[2026-04-05T14:33:03.667+0000] {processor.py:842} WARNING - No viable dags retrieved from /opt/airflow/dags/isr_pipeline.py
[2026-04-05T14:33:03.696+0000] {processor.py:183} INFO - Processing /opt/airflow/dags/isr_pipeline.py took 0.066 seconds
[2026-04-05T14:33:33.879+0000] {processor.py:161} INFO - Started process (PID=60221) to work on /opt/airflow/dags/isr_pipeline.py
[2026-04-05T14:33:33.881+0000] {processor.py:830} INFO - Processing file /opt/airflow/dags/isr_pipeline.py for tasks to queue
[2026-04-05T14:33:33.882+0000] {logging_mixin.py:188} INFO - [2026-04-05T14:33:33.882+0000] {dagbag.py:540} INFO - Filling up the DagBag from /opt/airflow/dags/isr_pipeline.py
[2026-04-05T14:33:33.896+0000] {logging_mixin.py:188} INFO - [2026-04-05T14:33:33.888+0000] {dagbag.py:350} ERROR - Failed to import: /opt/airflow/dags/isr_pipeline.py
Traceback (most recent call last):
  File "/home/airflow/.local/lib/python3.12/site-packages/airflow/models/dagbag.py", line 346, in parse
    loader.exec_module(new_module)
  File "<frozen importlib._bootstrap_external>", line 995, in exec_module
  File "<frozen importlib._bootstrap>", line 488, in _call_with_frames_removed
  File "/opt/airflow/dags/isr_pipeline.py", line 26, in <module>
    has_new    = check_for_new()
                 ^^^^^^^^^^^^^
NameError: name 'check_for_new' is not defined
[2026-04-05T14:33:33.902+0000] {processor.py:842} WARNING - No viable dags retrieved from /opt/airflow/dags/isr_pipeline.py
[2026-04-05T14:33:33.931+0000] {processor.py:183} INFO - Processing /opt/airflow/dags/isr_pipeline.py took 0.062 seconds
[2026-04-05T14:34:04.041+0000] {processor.py:161} INFO - Started process (PID=60226) to work on /opt/airflow/dags/isr_pipeline.py
[2026-04-05T14:34:04.042+0000] {processor.py:830} INFO - Processing file /opt/airflow/dags/isr_pipeline.py for tasks to queue
[2026-04-05T14:34:04.044+0000] {logging_mixin.py:188} INFO - [2026-04-05T14:34:04.043+0000] {dagbag.py:540} INFO - Filling up the DagBag from /opt/airflow/dags/isr_pipeline.py
[2026-04-05T14:34:04.058+0000] {logging_mixin.py:188} INFO - [2026-04-05T14:34:04.051+0000] {dagbag.py:350} ERROR - Failed to import: /opt/airflow/dags/isr_pipeline.py
Traceback (most recent call last):
  File "/home/airflow/.local/lib/python3.12/site-packages/airflow/models/dagbag.py", line 346, in parse
    loader.exec_module(new_module)
  File "<frozen importlib._bootstrap_external>", line 995, in exec_module
  File "<frozen importlib._bootstrap>", line 488, in _call_with_frames_removed
  File "/opt/airflow/dags/isr_pipeline.py", line 26, in <module>
    has_new    = check_for_new()
                 ^^^^^^^^^^^^^
NameError: name 'check_for_new' is not defined
[2026-04-05T14:34:04.064+0000] {processor.py:842} WARNING - No viable dags retrieved from /opt/airflow/dags/isr_pipeline.py
[2026-04-05T14:34:04.094+0000] {processor.py:183} INFO - Processing /opt/airflow/dags/isr_pipeline.py took 0.062 seconds
[2026-04-05T14:34:34.258+0000] {processor.py:161} INFO - Started process (PID=60231) to work on /opt/airflow/dags/isr_pipeline.py
[2026-04-05T14:34:34.260+0000] {processor.py:830} INFO - Processing file /opt/airflow/dags/isr_pipeline.py for tasks to queue
[2026-04-05T14:34:34.262+0000] {logging_mixin.py:188} INFO - [2026-04-05T14:34:34.261+0000] {dagbag.py:540} INFO - Filling up the DagBag from /opt/airflow/dags/isr_pipeline.py
[2026-04-05T14:34:34.281+0000] {logging_mixin.py:188} INFO - [2026-04-05T14:34:34.271+0000] {dagbag.py:350} ERROR - Failed to import: /opt/airflow/dags/isr_pipeline.py
Traceback (most recent call last):
  File "/home/airflow/.local/lib/python3.12/site-packages/airflow/models/dagbag.py", line 346, in parse
    loader.exec_module(new_module)
  File "<frozen importlib._bootstrap_external>", line 995, in exec_module
  File "<frozen importlib._bootstrap>", line 488, in _call_with_frames_removed
  File "/opt/airflow/dags/isr_pipeline.py", line 26, in <module>
    has_new    = check_for_new()
                 ^^^^^^^^^^^^^
NameError: name 'check_for_new' is not defined
[2026-04-05T14:34:34.287+0000] {processor.py:842} WARNING - No viable dags retrieved from /opt/airflow/dags/isr_pipeline.py
[2026-04-05T14:34:34.312+0000] {processor.py:183} INFO - Processing /opt/airflow/dags/isr_pipeline.py took 0.061 seconds
[2026-04-05T14:35:04.458+0000] {processor.py:161} INFO - Started process (PID=60236) to work on /opt/airflow/dags/isr_pipeline.py
[2026-04-05T14:35:04.460+0000] {processor.py:830} INFO - Processing file /opt/airflow/dags/isr_pipeline.py for tasks to queue
[2026-04-05T14:35:04.462+0000] {logging_mixin.py:188} INFO - [2026-04-05T14:35:04.462+0000] {dagbag.py:540} INFO - Filling up the DagBag from /opt/airflow/dags/isr_pipeline.py
[2026-04-05T14:35:04.480+0000] {logging_mixin.py:188} INFO - [2026-04-05T14:35:04.471+0000] {dagbag.py:350} ERROR - Failed to import: /opt/airflow/dags/isr_pipeline.py
Traceback (most recent call last):
  File "/home/airflow/.local/lib/python3.12/site-packages/airflow/models/dagbag.py", line 346, in parse
    loader.exec_module(new_module)
  File "<frozen importlib._bootstrap_external>", line 995, in exec_module
  File "<frozen importlib._bootstrap>", line 488, in _call_with_frames_removed
  File "/opt/airflow/dags/isr_pipeline.py", line 26, in <module>
    has_new    = check_for_new()
                 ^^^^^^^^^^^^^
NameError: name 'check_for_new' is not defined
[2026-04-05T14:35:04.487+0000] {processor.py:842} WARNING - No viable dags retrieved from /opt/airflow/dags/isr_pipeline.py
[2026-04-05T14:35:04.513+0000] {processor.py:183} INFO - Processing /opt/airflow/dags/isr_pipeline.py took 0.063 seconds
[2026-04-05T14:35:34.676+0000] {processor.py:161} INFO - Started process (PID=60241) to work on /opt/airflow/dags/isr_pipeline.py
[2026-04-05T14:35:34.678+0000] {processor.py:830} INFO - Processing file /opt/airflow/dags/isr_pipeline.py for tasks to queue
[2026-04-05T14:35:34.680+0000] {logging_mixin.py:188} INFO - [2026-04-05T14:35:34.679+0000] {dagbag.py:540} INFO - Filling up the DagBag from /opt/airflow/dags/isr_pipeline.py
[2026-04-05T14:35:34.695+0000] {logging_mixin.py:188} INFO - [2026-04-05T14:35:34.688+0000] {dagbag.py:350} ERROR - Failed to import: /opt/airflow/dags/isr_pipeline.py
Traceback (most recent call last):
  File "/home/airflow/.local/lib/python3.12/site-packages/airflow/models/dagbag.py", line 346, in parse
    loader.exec_module(new_module)
  File "<frozen importlib._bootstrap_external>", line 995, in exec_module
  File "<frozen importlib._bootstrap>", line 488, in _call_with_frames_removed
  File "/opt/airflow/dags/isr_pipeline.py", line 26, in <module>
    has_new    = check_for_new()
                 ^^^^^^^^^^^^^
NameError: name 'check_for_new' is not defined
[2026-04-05T14:35:34.702+0000] {processor.py:842} WARNING - No viable dags retrieved from /opt/airflow/dags/isr_pipeline.py
[2026-04-05T14:35:34.729+0000] {processor.py:183} INFO - Processing /opt/airflow/dags/isr_pipeline.py took 0.063 seconds
[2026-04-05T14:36:04.923+0000] {processor.py:161} INFO - Started process (PID=60246) to work on /opt/airflow/dags/isr_pipeline.py
[2026-04-05T14:36:04.925+0000] {processor.py:830} INFO - Processing file /opt/airflow/dags/isr_pipeline.py for tasks to queue
[2026-04-05T14:36:04.927+0000] {logging_mixin.py:188} INFO - [2026-04-05T14:36:04.927+0000] {dagbag.py:540} INFO - Filling up the DagBag from /opt/airflow/dags/isr_pipeline.py
[2026-04-05T14:36:04.943+0000] {logging_mixin.py:188} INFO - [2026-04-05T14:36:04.936+0000] {dagbag.py:350} ERROR - Failed to import: /opt/airflow/dags/isr_pipeline.py
Traceback (most recent call last):
  File "/home/airflow/.local/lib/python3.12/site-packages/airflow/models/dagbag.py", line 346, in parse
    loader.exec_module(new_module)
  File "<frozen importlib._bootstrap_external>", line 995, in exec_module
  File "<frozen importlib._bootstrap>", line 488, in _call_with_frames_removed
  File "/opt/airflow/dags/isr_pipeline.py", line 26, in <module>
    has_new    = check_for_new()
                 ^^^^^^^^^^^^^
NameError: name 'check_for_new' is not defined
[2026-04-05T14:36:04.949+0000] {processor.py:842} WARNING - No viable dags retrieved from /opt/airflow/dags/isr_pipeline.py
[2026-04-05T14:36:04.973+0000] {processor.py:183} INFO - Processing /opt/airflow/dags/isr_pipeline.py took 0.059 seconds
[2026-04-05T14:36:35.176+0000] {processor.py:161} INFO - Started process (PID=60251) to work on /opt/airflow/dags/isr_pipeline.py
[2026-04-05T14:36:35.178+0000] {processor.py:830} INFO - Processing file /opt/airflow/dags/isr_pipeline.py for tasks to queue
[2026-04-05T14:36:35.180+0000] {logging_mixin.py:188} INFO - [2026-04-05T14:36:35.180+0000] {dagbag.py:540} INFO - Filling up the DagBag from /opt/airflow/dags/isr_pipeline.py
[2026-04-05T14:36:35.195+0000] {logging_mixin.py:188} INFO - [2026-04-05T14:36:35.188+0000] {dagbag.py:350} ERROR - Failed to import: /opt/airflow/dags/isr_pipeline.py
Traceback (most recent call last):
  File "/home/airflow/.local/lib/python3.12/site-packages/airflow/models/dagbag.py", line 346, in parse
    loader.exec_module(new_module)
  File "<frozen importlib._bootstrap_external>", line 995, in exec_module
  File "<frozen importlib._bootstrap>", line 488, in _call_with_frames_removed
  File "/opt/airflow/dags/isr_pipeline.py", line 26, in <module>
    has_new    = check_for_new()
                 ^^^^^^^^^^^^^
NameError: name 'check_for_new' is not defined
[2026-04-05T14:36:35.202+0000] {processor.py:842} WARNING - No viable dags retrieved from /opt/airflow/dags/isr_pipeline.py
[2026-04-05T14:36:35.227+0000] {processor.py:183} INFO - Processing /opt/airflow/dags/isr_pipeline.py took 0.059 seconds
[2026-04-05T14:37:05.363+0000] {processor.py:161} INFO - Started process (PID=60256) to work on /opt/airflow/dags/isr_pipeline.py
[2026-04-05T14:37:05.365+0000] {processor.py:830} INFO - Processing file /opt/airflow/dags/isr_pipeline.py for tasks to queue
[2026-04-05T14:37:05.366+0000] {logging_mixin.py:188} INFO - [2026-04-05T14:37:05.366+0000] {dagbag.py:540} INFO - Filling up the DagBag from /opt/airflow/dags/isr_pipeline.py
[2026-04-05T14:37:05.381+0000] {logging_mixin.py:188} INFO - [2026-04-05T14:37:05.373+0000] {dagbag.py:350} ERROR - Failed to import: /opt/airflow/dags/isr_pipeline.py
Traceback (most recent call last):
  File "/home/airflow/.local/lib/python3.12/site-packages/airflow/models/dagbag.py", line 346, in parse
    loader.exec_module(new_module)
  File "<frozen importlib._bootstrap_external>", line 995, in exec_module
  File "<frozen importlib._bootstrap>", line 488, in _call_with_frames_removed
  File "/opt/airflow/dags/isr_pipeline.py", line 26, in <module>
    has_new    = check_for_new()
                 ^^^^^^^^^^^^^
NameError: name 'check_for_new' is not defined
[2026-04-05T14:37:05.388+0000] {processor.py:842} WARNING - No viable dags retrieved from /opt/airflow/dags/isr_pipeline.py
[2026-04-05T14:37:05.413+0000] {processor.py:183} INFO - Processing /opt/airflow/dags/isr_pipeline.py took 0.059 seconds
[2026-04-05T14:37:35.648+0000] {processor.py:161} INFO - Started process (PID=60261) to work on /opt/airflow/dags/isr_pipeline.py
[2026-04-05T14:37:35.649+0000] {processor.py:830} INFO - Processing file /opt/airflow/dags/isr_pipeline.py for tasks to queue
[2026-04-05T14:37:35.652+0000] {logging_mixin.py:188} INFO - [2026-04-05T14:37:35.651+0000] {dagbag.py:540} INFO - Filling up the DagBag from /opt/airflow/dags/isr_pipeline.py
[2026-04-05T14:37:35.666+0000] {logging_mixin.py:188} INFO - [2026-04-05T14:37:35.659+0000] {dagbag.py:350} ERROR - Failed to import: /opt/airflow/dags/isr_pipeline.py
Traceback (most recent call last):
  File "/home/airflow/.local/lib/python3.12/site-packages/airflow/models/dagbag.py", line 346, in parse
    loader.exec_module(new_module)
  File "<frozen importlib._bootstrap_external>", line 995, in exec_module
  File "<frozen importlib._bootstrap>", line 488, in _call_with_frames_removed
  File "/opt/airflow/dags/isr_pipeline.py", line 26, in <module>
    has_new    = check_for_new()
                 ^^^^^^^^^^^^^
NameError: name 'check_for_new' is not defined
[2026-04-05T14:37:35.672+0000] {processor.py:842} WARNING - No viable dags retrieved from /opt/airflow/dags/isr_pipeline.py
[2026-04-05T14:37:35.701+0000] {processor.py:183} INFO - Processing /opt/airflow/dags/isr_pipeline.py took 0.061 seconds
[2026-04-05T14:38:05.862+0000] {processor.py:161} INFO - Started process (PID=60266) to work on /opt/airflow/dags/isr_pipeline.py
[2026-04-05T14:38:05.863+0000] {processor.py:830} INFO - Processing file /opt/airflow/dags/isr_pipeline.py for tasks to queue
[2026-04-05T14:38:05.865+0000] {logging_mixin.py:188} INFO - [2026-04-05T14:38:05.864+0000] {dagbag.py:540} INFO - Filling up the DagBag from /opt/airflow/dags/isr_pipeline.py
[2026-04-05T14:38:05.881+0000] {logging_mixin.py:188} INFO - [2026-04-05T14:38:05.872+0000] {dagbag.py:350} ERROR - Failed to import: /opt/airflow/dags/isr_pipeline.py
Traceback (most recent call last):
  File "/home/airflow/.local/lib/python3.12/site-packages/airflow/models/dagbag.py", line 346, in parse
    loader.exec_module(new_module)
  File "<frozen importlib._bootstrap_external>", line 995, in exec_module
  File "<frozen importlib._bootstrap>", line 488, in _call_with_frames_removed
  File "/opt/airflow/dags/isr_pipeline.py", line 26, in <module>
    has_new    = check_for_new()
                 ^^^^^^^^^^^^^
NameError: name 'check_for_new' is not defined
[2026-04-05T14:38:05.889+0000] {processor.py:842} WARNING - No viable dags retrieved from /opt/airflow/dags/isr_pipeline.py
[2026-04-05T14:38:05.914+0000] {processor.py:183} INFO - Processing /opt/airflow/dags/isr_pipeline.py took 0.059 seconds
[2026-04-05T14:38:36.016+0000] {processor.py:161} INFO - Started process (PID=60271) to work on /opt/airflow/dags/isr_pipeline.py
[2026-04-05T14:38:36.018+0000] {processor.py:830} INFO - Processing file /opt/airflow/dags/isr_pipeline.py for tasks to queue
[2026-04-05T14:38:36.019+0000] {logging_mixin.py:188} INFO - [2026-04-05T14:38:36.019+0000] {dagbag.py:540} INFO - Filling up the DagBag from /opt/airflow/dags/isr_pipeline.py
[2026-04-05T14:38:36.036+0000] {logging_mixin.py:188} INFO - [2026-04-05T14:38:36.027+0000] {dagbag.py:350} ERROR - Failed to import: /opt/airflow/dags/isr_pipeline.py
Traceback (most recent call last):
  File "/home/airflow/.local/lib/python3.12/site-packages/airflow/models/dagbag.py", line 346, in parse
    loader.exec_module(new_module)
  File "<frozen importlib._bootstrap_external>", line 995, in exec_module
  File "<frozen importlib._bootstrap>", line 488, in _call_with_frames_removed
  File "/opt/airflow/dags/isr_pipeline.py", line 26, in <module>
    has_new    = check_for_new()
                 ^^^^^^^^^^^^^
NameError: name 'check_for_new' is not defined
[2026-04-05T14:38:36.041+0000] {processor.py:842} WARNING - No viable dags retrieved from /opt/airflow/dags/isr_pipeline.py
[2026-04-05T14:38:36.068+0000] {processor.py:183} INFO - Processing /opt/airflow/dags/isr_pipeline.py took 0.059 seconds
[2026-04-05T14:39:06.195+0000] {processor.py:161} INFO - Started process (PID=60276) to work on /opt/airflow/dags/isr_pipeline.py
[2026-04-05T14:39:06.197+0000] {processor.py:830} INFO - Processing file /opt/airflow/dags/isr_pipeline.py for tasks to queue
[2026-04-05T14:39:06.198+0000] {logging_mixin.py:188} INFO - [2026-04-05T14:39:06.198+0000] {dagbag.py:540} INFO - Filling up the DagBag from /opt/airflow/dags/isr_pipeline.py
[2026-04-05T14:39:06.212+0000] {logging_mixin.py:188} INFO - [2026-04-05T14:39:06.205+0000] {dagbag.py:350} ERROR - Failed to import: /opt/airflow/dags/isr_pipeline.py
Traceback (most recent call last):
  File "/home/airflow/.local/lib/python3.12/site-packages/airflow/models/dagbag.py", line 346, in parse
    loader.exec_module(new_module)
  File "<frozen importlib._bootstrap_external>", line 995, in exec_module
  File "<frozen importlib._bootstrap>", line 488, in _call_with_frames_removed
  File "/opt/airflow/dags/isr_pipeline.py", line 26, in <module>
    has_new    = check_for_new()
                 ^^^^^^^^^^^^^
NameError: name 'check_for_new' is not defined
[2026-04-05T14:39:06.219+0000] {processor.py:842} WARNING - No viable dags retrieved from /opt/airflow/dags/isr_pipeline.py
[2026-04-05T14:39:06.251+0000] {processor.py:183} INFO - Processing /opt/airflow/dags/isr_pipeline.py took 0.064 seconds
[2026-04-05T14:39:36.405+0000] {processor.py:161} INFO - Started process (PID=60281) to work on /opt/airflow/dags/isr_pipeline.py
[2026-04-05T14:39:36.406+0000] {processor.py:830} INFO - Processing file /opt/airflow/dags/isr_pipeline.py for tasks to queue
[2026-04-05T14:39:36.408+0000] {logging_mixin.py:188} INFO - [2026-04-05T14:39:36.408+0000] {dagbag.py:540} INFO - Filling up the DagBag from /opt/airflow/dags/isr_pipeline.py
[2026-04-05T14:39:36.422+0000] {logging_mixin.py:188} INFO - [2026-04-05T14:39:36.415+0000] {dagbag.py:350} ERROR - Failed to import: /opt/airflow/dags/isr_pipeline.py
Traceback (most recent call last):
  File "/home/airflow/.local/lib/python3.12/site-packages/airflow/models/dagbag.py", line 346, in parse
    loader.exec_module(new_module)
  File "<frozen importlib._bootstrap_external>", line 995, in exec_module
  File "<frozen importlib._bootstrap>", line 488, in _call_with_frames_removed
  File "/opt/airflow/dags/isr_pipeline.py", line 26, in <module>
    has_new    = check_for_new()
                 ^^^^^^^^^^^^^
NameError: name 'check_for_new' is not defined
[2026-04-05T14:39:36.428+0000] {processor.py:842} WARNING - No viable dags retrieved from /opt/airflow/dags/isr_pipeline.py
[2026-04-05T14:39:36.453+0000] {processor.py:183} INFO - Processing /opt/airflow/dags/isr_pipeline.py took 0.057 seconds
[2026-04-05T14:40:06.588+0000] {processor.py:161} INFO - Started process (PID=60286) to work on /opt/airflow/dags/isr_pipeline.py
[2026-04-05T14:40:06.590+0000] {processor.py:830} INFO - Processing file /opt/airflow/dags/isr_pipeline.py for tasks to queue
[2026-04-05T14:40:06.591+0000] {logging_mixin.py:188} INFO - [2026-04-05T14:40:06.591+0000] {dagbag.py:540} INFO - Filling up the DagBag from /opt/airflow/dags/isr_pipeline.py
[2026-04-05T14:40:06.605+0000] {logging_mixin.py:188} INFO - [2026-04-05T14:40:06.598+0000] {dagbag.py:350} ERROR - Failed to import: /opt/airflow/dags/isr_pipeline.py
Traceback (most recent call last):
  File "/home/airflow/.local/lib/python3.12/site-packages/airflow/models/dagbag.py", line 346, in parse
    loader.exec_module(new_module)
  File "<frozen importlib._bootstrap_external>", line 995, in exec_module
  File "<frozen importlib._bootstrap>", line 488, in _call_with_frames_removed
  File "/opt/airflow/dags/isr_pipeline.py", line 26, in <module>
    has_new    = check_for_new()
                 ^^^^^^^^^^^^^
NameError: name 'check_for_new' is not defined
[2026-04-05T14:40:06.611+0000] {processor.py:842} WARNING - No viable dags retrieved from /opt/airflow/dags/isr_pipeline.py
[2026-04-05T14:40:06.640+0000] {processor.py:183} INFO - Processing /opt/airflow/dags/isr_pipeline.py took 0.060 seconds
[2026-04-05T14:40:08.625+0000] {processor.py:161} INFO - Started process (PID=60291) to work on /opt/airflow/dags/isr_pipeline.py
[2026-04-05T14:40:08.626+0000] {processor.py:830} INFO - Processing file /opt/airflow/dags/isr_pipeline.py for tasks to queue
[2026-04-05T14:40:08.628+0000] {logging_mixin.py:188} INFO - [2026-04-05T14:40:08.627+0000] {dagbag.py:540} INFO - Filling up the DagBag from /opt/airflow/dags/isr_pipeline.py
[2026-04-05T14:40:08.655+0000] {processor.py:840} INFO - DAG(s) 'isr_pipeline' retrieved from /opt/airflow/dags/isr_pipeline.py
[2026-04-05T14:40:08.840+0000] {logging_mixin.py:188} INFO - [2026-04-05T14:40:08.839+0000] {dag.py:3096} INFO - Sync 1 DAGs
[2026-04-05T14:40:08.889+0000] {processor.py:183} INFO - Processing /opt/airflow/dags/isr_pipeline.py took 0.273 seconds
[2026-04-05T14:40:39.043+0000] {processor.py:161} INFO - Started process (PID=60296) to work on /opt/airflow/dags/isr_pipeline.py
[2026-04-05T14:40:39.044+0000] {processor.py:830} INFO - Processing file /opt/airflow/dags/isr_pipeline.py for tasks to queue
[2026-04-05T14:40:39.045+0000] {logging_mixin.py:188} INFO - [2026-04-05T14:40:39.045+0000] {dagbag.py:540} INFO - Filling up the DagBag from /opt/airflow/dags/isr_pipeline.py
[2026-04-05T14:40:39.066+0000] {processor.py:840} INFO - DAG(s) 'isr_pipeline' retrieved from /opt/airflow/dags/isr_pipeline.py
[2026-04-05T14:40:39.103+0000] {logging_mixin.py:188} INFO - [2026-04-05T14:40:39.103+0000] {dag.py:3096} INFO - Sync 1 DAGs
[2026-04-05T14:40:39.186+0000] {processor.py:183} INFO - Processing /opt/airflow/dags/isr_pipeline.py took 0.152 seconds
[2026-04-05T14:41:09.386+0000] {processor.py:161} INFO - Started process (PID=60301) to work on /opt/airflow/dags/isr_pipeline.py
[2026-04-05T14:41:09.388+0000] {processor.py:830} INFO - Processing file /opt/airflow/dags/isr_pipeline.py for tasks to queue
[2026-04-05T14:41:09.389+0000] {logging_mixin.py:188} INFO - [2026-04-05T14:41:09.389+0000] {dagbag.py:540} INFO - Filling up the DagBag from /opt/airflow/dags/isr_pipeline.py
[2026-04-05T14:41:09.410+0000] {processor.py:840} INFO - DAG(s) 'isr_pipeline' retrieved from /opt/airflow/dags/isr_pipeline.py
[2026-04-05T14:41:09.448+0000] {logging_mixin.py:188} INFO - [2026-04-05T14:41:09.447+0000] {dag.py:3096} INFO - Sync 1 DAGs
[2026-04-05T14:41:09.490+0000] {processor.py:183} INFO - Processing /opt/airflow/dags/isr_pipeline.py took 0.113 seconds
[2026-04-05T14:41:39.540+0000] {processor.py:161} INFO - Started process (PID=60306) to work on /opt/airflow/dags/isr_pipeline.py
[2026-04-05T14:41:39.542+0000] {processor.py:830} INFO - Processing file /opt/airflow/dags/isr_pipeline.py for tasks to queue
[2026-04-05T14:41:39.544+0000] {logging_mixin.py:188} INFO - [2026-04-05T14:41:39.543+0000] {dagbag.py:540} INFO - Filling up the DagBag from /opt/airflow/dags/isr_pipeline.py
[2026-04-05T14:41:39.564+0000] {processor.py:840} INFO - DAG(s) 'isr_pipeline' retrieved from /opt/airflow/dags/isr_pipeline.py
[2026-04-05T14:41:39.601+0000] {logging_mixin.py:188} INFO - [2026-04-05T14:41:39.601+0000] {dag.py:3096} INFO - Sync 1 DAGs
[2026-04-05T14:41:39.643+0000] {processor.py:183} INFO - Processing /opt/airflow/dags/isr_pipeline.py took 0.112 seconds
[2026-04-05T14:42:09.817+0000] {processor.py:161} INFO - Started process (PID=60311) to work on /opt/airflow/dags/isr_pipeline.py
[2026-04-05T14:42:09.818+0000] {processor.py:830} INFO - Processing file /opt/airflow/dags/isr_pipeline.py for tasks to queue
[2026-04-05T14:42:09.820+0000] {logging_mixin.py:188} INFO - [2026-04-05T14:42:09.819+0000] {dagbag.py:540} INFO - Filling up the DagBag from /opt/airflow/dags/isr_pipeline.py
[2026-04-05T14:42:09.838+0000] {processor.py:840} INFO - DAG(s) 'isr_pipeline' retrieved from /opt/airflow/dags/isr_pipeline.py
[2026-04-05T14:42:09.875+0000] {logging_mixin.py:188} INFO - [2026-04-05T14:42:09.875+0000] {dag.py:3096} INFO - Sync 1 DAGs
[2026-04-05T14:42:09.916+0000] {processor.py:183} INFO - Processing /opt/airflow/dags/isr_pipeline.py took 0.107 seconds
[2026-04-05T14:42:40.005+0000] {processor.py:161} INFO - Started process (PID=60316) to work on /opt/airflow/dags/isr_pipeline.py
[2026-04-05T14:42:40.007+0000] {processor.py:830} INFO - Processing file /opt/airflow/dags/isr_pipeline.py for tasks to queue
[2026-04-05T14:42:40.009+0000] {logging_mixin.py:188} INFO - [2026-04-05T14:42:40.008+0000] {dagbag.py:540} INFO - Filling up the DagBag from /opt/airflow/dags/isr_pipeline.py
[2026-04-05T14:42:40.028+0000] {processor.py:840} INFO - DAG(s) 'isr_pipeline' retrieved from /opt/airflow/dags/isr_pipeline.py
[2026-04-05T14:42:40.066+0000] {logging_mixin.py:188} INFO - [2026-04-05T14:42:40.066+0000] {dag.py:3096} INFO - Sync 1 DAGs
[2026-04-05T14:42:40.108+0000] {processor.py:183} INFO - Processing /opt/airflow/dags/isr_pipeline.py took 0.110 seconds
[2026-04-05T14:43:10.269+0000] {processor.py:161} INFO - Started process (PID=60321) to work on /opt/airflow/dags/isr_pipeline.py
[2026-04-05T14:43:10.270+0000] {processor.py:830} INFO - Processing file /opt/airflow/dags/isr_pipeline.py for tasks to queue
[2026-04-05T14:43:10.272+0000] {logging_mixin.py:188} INFO - [2026-04-05T14:43:10.272+0000] {dagbag.py:540} INFO - Filling up the DagBag from /opt/airflow/dags/isr_pipeline.py
[2026-04-05T14:43:10.291+0000] {processor.py:840} INFO - DAG(s) 'isr_pipeline' retrieved from /opt/airflow/dags/isr_pipeline.py
[2026-04-05T14:43:10.328+0000] {logging_mixin.py:188} INFO - [2026-04-05T14:43:10.328+0000] {dag.py:3096} INFO - Sync 1 DAGs
[2026-04-05T14:43:10.371+0000] {processor.py:183} INFO - Processing /opt/airflow/dags/isr_pipeline.py took 0.110 seconds
[2026-04-05T14:43:40.451+0000] {processor.py:161} INFO - Started process (PID=60326) to work on /opt/airflow/dags/isr_pipeline.py
[2026-04-05T14:43:40.454+0000] {processor.py:830} INFO - Processing file /opt/airflow/dags/isr_pipeline.py for tasks to queue
[2026-04-05T14:43:40.456+0000] {logging_mixin.py:188} INFO - [2026-04-05T14:43:40.455+0000] {dagbag.py:540} INFO - Filling up the DagBag from /opt/airflow/dags/isr_pipeline.py
[2026-04-05T14:43:40.478+0000] {processor.py:840} INFO - DAG(s) 'isr_pipeline' retrieved from /opt/airflow/dags/isr_pipeline.py
[2026-04-05T14:43:40.516+0000] {logging_mixin.py:188} INFO - [2026-04-05T14:43:40.516+0000] {dag.py:3096} INFO - Sync 1 DAGs
[2026-04-05T14:43:40.565+0000] {processor.py:183} INFO - Processing /opt/airflow/dags/isr_pipeline.py took 0.125 seconds
[2026-04-05T14:44:10.669+0000] {processor.py:161} INFO - Started process (PID=60331) to work on /opt/airflow/dags/isr_pipeline.py
[2026-04-05T14:44:10.671+0000] {processor.py:830} INFO - Processing file /opt/airflow/dags/isr_pipeline.py for tasks to queue
[2026-04-05T14:44:10.672+0000] {logging_mixin.py:188} INFO - [2026-04-05T14:44:10.672+0000] {dagbag.py:540} INFO - Filling up the DagBag from /opt/airflow/dags/isr_pipeline.py
[2026-04-05T14:44:10.691+0000] {processor.py:840} INFO - DAG(s) 'isr_pipeline' retrieved from /opt/airflow/dags/isr_pipeline.py
[2026-04-05T14:44:10.729+0000] {logging_mixin.py:188} INFO - [2026-04-05T14:44:10.729+0000] {dag.py:3096} INFO - Sync 1 DAGs
[2026-04-05T14:44:10.770+0000] {processor.py:183} INFO - Processing /opt/airflow/dags/isr_pipeline.py took 0.109 seconds
[2026-04-05T14:44:40.884+0000] {processor.py:161} INFO - Started process (PID=60336) to work on /opt/airflow/dags/isr_pipeline.py
[2026-04-05T14:44:40.885+0000] {processor.py:830} INFO - Processing file /opt/airflow/dags/isr_pipeline.py for tasks to queue
[2026-04-05T14:44:40.887+0000] {logging_mixin.py:188} INFO - [2026-04-05T14:44:40.886+0000] {dagbag.py:540} INFO - Filling up the DagBag from /opt/airflow/dags/isr_pipeline.py
[2026-04-05T14:44:40.906+0000] {processor.py:840} INFO - DAG(s) 'isr_pipeline' retrieved from /opt/airflow/dags/isr_pipeline.py
[2026-04-05T14:44:40.944+0000] {logging_mixin.py:188} INFO - [2026-04-05T14:44:40.944+0000] {dag.py:3096} INFO - Sync 1 DAGs
[2026-04-05T14:44:40.985+0000] {processor.py:183} INFO - Processing /opt/airflow/dags/isr_pipeline.py took 0.110 seconds
[2026-04-05T14:45:11.070+0000] {processor.py:161} INFO - Started process (PID=60341) to work on /opt/airflow/dags/isr_pipeline.py
[2026-04-05T14:45:11.073+0000] {processor.py:830} INFO - Processing file /opt/airflow/dags/isr_pipeline.py for tasks to queue
[2026-04-05T14:45:11.074+0000] {logging_mixin.py:188} INFO - [2026-04-05T14:45:11.074+0000] {dagbag.py:540} INFO - Filling up the DagBag from /opt/airflow/dags/isr_pipeline.py
[2026-04-05T14:45:11.094+0000] {processor.py:840} INFO - DAG(s) 'isr_pipeline' retrieved from /opt/airflow/dags/isr_pipeline.py
[2026-04-05T14:45:11.139+0000] {logging_mixin.py:188} INFO - [2026-04-05T14:45:11.139+0000] {dag.py:3096} INFO - Sync 1 DAGs
[2026-04-05T14:45:11.184+0000] {processor.py:183} INFO - Processing /opt/airflow/dags/isr_pipeline.py took 0.122 seconds
[2026-04-05T14:45:41.306+0000] {processor.py:161} INFO - Started process (PID=60346) to work on /opt/airflow/dags/isr_pipeline.py
[2026-04-05T14:45:41.307+0000] {processor.py:830} INFO - Processing file /opt/airflow/dags/isr_pipeline.py for tasks to queue
[2026-04-05T14:45:41.309+0000] {logging_mixin.py:188} INFO - [2026-04-05T14:45:41.308+0000] {dagbag.py:540} INFO - Filling up the DagBag from /opt/airflow/dags/isr_pipeline.py
[2026-04-05T14:45:41.328+0000] {processor.py:840} INFO - DAG(s) 'isr_pipeline' retrieved from /opt/airflow/dags/isr_pipeline.py
[2026-04-05T14:45:41.364+0000] {logging_mixin.py:188} INFO - [2026-04-05T14:45:41.364+0000] {dag.py:3096} INFO - Sync 1 DAGs
[2026-04-05T14:45:41.406+0000] {processor.py:183} INFO - Processing /opt/airflow/dags/isr_pipeline.py took 0.109 seconds
[2026-04-05T14:46:11.542+0000] {processor.py:161} INFO - Started process (PID=60351) to work on /opt/airflow/dags/isr_pipeline.py
[2026-04-05T14:46:11.544+0000] {processor.py:830} INFO - Processing file /opt/airflow/dags/isr_pipeline.py for tasks to queue
[2026-04-05T14:46:11.545+0000] {logging_mixin.py:188} INFO - [2026-04-05T14:46:11.545+0000] {dagbag.py:540} INFO - Filling up the DagBag from /opt/airflow/dags/isr_pipeline.py
[2026-04-05T14:46:11.565+0000] {processor.py:840} INFO - DAG(s) 'isr_pipeline' retrieved from /opt/airflow/dags/isr_pipeline.py
[2026-04-05T14:46:11.602+0000] {logging_mixin.py:188} INFO - [2026-04-05T14:46:11.601+0000] {dag.py:3096} INFO - Sync 1 DAGs
[2026-04-05T14:46:11.643+0000] {processor.py:183} INFO - Processing /opt/airflow/dags/isr_pipeline.py took 0.111 seconds
[2026-04-05T14:46:41.726+0000] {processor.py:161} INFO - Started process (PID=60356) to work on /opt/airflow/dags/isr_pipeline.py
[2026-04-05T14:46:41.728+0000] {processor.py:830} INFO - Processing file /opt/airflow/dags/isr_pipeline.py for tasks to queue
[2026-04-05T14:46:41.730+0000] {logging_mixin.py:188} INFO - [2026-04-05T14:46:41.729+0000] {dagbag.py:540} INFO - Filling up the DagBag from /opt/airflow/dags/isr_pipeline.py
[2026-04-05T14:46:41.748+0000] {processor.py:840} INFO - DAG(s) 'isr_pipeline' retrieved from /opt/airflow/dags/isr_pipeline.py
[2026-04-05T14:46:41.786+0000] {logging_mixin.py:188} INFO - [2026-04-05T14:46:41.786+0000] {dag.py:3096} INFO - Sync 1 DAGs
[2026-04-05T14:46:41.827+0000] {processor.py:183} INFO - Processing /opt/airflow/dags/isr_pipeline.py took 0.109 seconds
[2026-04-05T14:47:12.010+0000] {processor.py:161} INFO - Started process (PID=60361) to work on /opt/airflow/dags/isr_pipeline.py
[2026-04-05T14:47:12.011+0000] {processor.py:830} INFO - Processing file /opt/airflow/dags/isr_pipeline.py for tasks to queue
[2026-04-05T14:47:12.013+0000] {logging_mixin.py:188} INFO - [2026-04-05T14:47:12.012+0000] {dagbag.py:540} INFO - Filling up the DagBag from /opt/airflow/dags/isr_pipeline.py
[2026-04-05T14:47:12.032+0000] {processor.py:840} INFO - DAG(s) 'isr_pipeline' retrieved from /opt/airflow/dags/isr_pipeline.py
[2026-04-05T14:47:12.068+0000] {logging_mixin.py:188} INFO - [2026-04-05T14:47:12.068+0000] {dag.py:3096} INFO - Sync 1 DAGs
[2026-04-05T14:47:12.110+0000] {processor.py:183} INFO - Processing /opt/airflow/dags/isr_pipeline.py took 0.108 seconds
[2026-04-05T14:47:42.190+0000] {processor.py:161} INFO - Started process (PID=60366) to work on /opt/airflow/dags/isr_pipeline.py
[2026-04-05T14:47:42.192+0000] {processor.py:830} INFO - Processing file /opt/airflow/dags/isr_pipeline.py for tasks to queue
[2026-04-05T14:47:42.194+0000] {logging_mixin.py:188} INFO - [2026-04-05T14:47:42.194+0000] {dagbag.py:540} INFO - Filling up the DagBag from /opt/airflow/dags/isr_pipeline.py
[2026-04-05T14:47:42.213+0000] {processor.py:840} INFO - DAG(s) 'isr_pipeline' retrieved from /opt/airflow/dags/isr_pipeline.py
[2026-04-05T14:47:42.251+0000] {logging_mixin.py:188} INFO - [2026-04-05T14:47:42.250+0000] {dag.py:3096} INFO - Sync 1 DAGs
[2026-04-05T14:47:42.292+0000] {processor.py:183} INFO - Processing /opt/airflow/dags/isr_pipeline.py took 0.110 seconds
[2026-04-05T14:48:12.442+0000] {processor.py:161} INFO - Started process (PID=60371) to work on /opt/airflow/dags/isr_pipeline.py
[2026-04-05T14:48:12.444+0000] {processor.py:830} INFO - Processing file /opt/airflow/dags/isr_pipeline.py for tasks to queue
[2026-04-05T14:48:12.445+0000] {logging_mixin.py:188} INFO - [2026-04-05T14:48:12.445+0000] {dagbag.py:540} INFO - Filling up the DagBag from /opt/airflow/dags/isr_pipeline.py
[2026-04-05T14:48:12.465+0000] {processor.py:840} INFO - DAG(s) 'isr_pipeline' retrieved from /opt/airflow/dags/isr_pipeline.py
[2026-04-05T14:48:12.503+0000] {logging_mixin.py:188} INFO - [2026-04-05T14:48:12.502+0000] {dag.py:3096} INFO - Sync 1 DAGs
[2026-04-05T14:48:12.546+0000] {processor.py:183} INFO - Processing /opt/airflow/dags/isr_pipeline.py took 0.113 seconds
[2026-04-05T14:48:42.606+0000] {processor.py:161} INFO - Started process (PID=60376) to work on /opt/airflow/dags/isr_pipeline.py
[2026-04-05T14:48:42.607+0000] {processor.py:830} INFO - Processing file /opt/airflow/dags/isr_pipeline.py for tasks to queue
[2026-04-05T14:48:42.609+0000] {logging_mixin.py:188} INFO - [2026-04-05T14:48:42.608+0000] {dagbag.py:540} INFO - Filling up the DagBag from /opt/airflow/dags/isr_pipeline.py
[2026-04-05T14:48:42.629+0000] {processor.py:840} INFO - DAG(s) 'isr_pipeline' retrieved from /opt/airflow/dags/isr_pipeline.py
[2026-04-05T14:48:42.668+0000] {logging_mixin.py:188} INFO - [2026-04-05T14:48:42.668+0000] {dag.py:3096} INFO - Sync 1 DAGs
[2026-04-05T14:48:42.720+0000] {processor.py:183} INFO - Processing /opt/airflow/dags/isr_pipeline.py took 0.124 seconds
[2026-04-05T14:49:12.915+0000] {processor.py:161} INFO - Started process (PID=60381) to work on /opt/airflow/dags/isr_pipeline.py
[2026-04-05T14:49:12.917+0000] {processor.py:830} INFO - Processing file /opt/airflow/dags/isr_pipeline.py for tasks to queue
[2026-04-05T14:49:12.918+0000] {logging_mixin.py:188} INFO - [2026-04-05T14:49:12.918+0000] {dagbag.py:540} INFO - Filling up the DagBag from /opt/airflow/dags/isr_pipeline.py
[2026-04-05T14:49:12.937+0000] {processor.py:840} INFO - DAG(s) 'isr_pipeline' retrieved from /opt/airflow/dags/isr_pipeline.py
[2026-04-05T14:49:12.977+0000] {logging_mixin.py:188} INFO - [2026-04-05T14:49:12.976+0000] {dag.py:3096} INFO - Sync 1 DAGs
[2026-04-05T14:49:13.020+0000] {processor.py:183} INFO - Processing /opt/airflow/dags/isr_pipeline.py took 0.112 seconds
[2026-04-05T14:49:43.173+0000] {processor.py:161} INFO - Started process (PID=60386) to work on /opt/airflow/dags/isr_pipeline.py
[2026-04-05T14:49:43.176+0000] {processor.py:830} INFO - Processing file /opt/airflow/dags/isr_pipeline.py for tasks to queue
[2026-04-05T14:49:43.178+0000] {logging_mixin.py:188} INFO - [2026-04-05T14:49:43.178+0000] {dagbag.py:540} INFO - Filling up the DagBag from /opt/airflow/dags/isr_pipeline.py
[2026-04-05T14:49:43.198+0000] {processor.py:840} INFO - DAG(s) 'isr_pipeline' retrieved from /opt/airflow/dags/isr_pipeline.py
[2026-04-05T14:49:43.237+0000] {logging_mixin.py:188} INFO - [2026-04-05T14:49:43.237+0000] {dag.py:3096} INFO - Sync 1 DAGs
[2026-04-05T14:49:43.287+0000] {processor.py:183} INFO - Processing /opt/airflow/dags/isr_pipeline.py took 0.124 seconds
[2026-04-05T14:50:13.379+0000] {processor.py:161} INFO - Started process (PID=60391) to work on /opt/airflow/dags/isr_pipeline.py
[2026-04-05T14:50:13.380+0000] {processor.py:830} INFO - Processing file /opt/airflow/dags/isr_pipeline.py for tasks to queue
[2026-04-05T14:50:13.383+0000] {logging_mixin.py:188} INFO - [2026-04-05T14:50:13.382+0000] {dagbag.py:540} INFO - Filling up the DagBag from /opt/airflow/dags/isr_pipeline.py
[2026-04-05T14:50:13.403+0000] {processor.py:840} INFO - DAG(s) 'isr_pipeline' retrieved from /opt/airflow/dags/isr_pipeline.py
[2026-04-05T14:50:13.442+0000] {logging_mixin.py:188} INFO - [2026-04-05T14:50:13.441+0000] {dag.py:3096} INFO - Sync 1 DAGs
[2026-04-05T14:50:13.485+0000] {processor.py:183} INFO - Processing /opt/airflow/dags/isr_pipeline.py took 0.116 seconds
[2026-04-05T14:50:43.588+0000] {processor.py:161} INFO - Started process (PID=60396) to work on /opt/airflow/dags/isr_pipeline.py
[2026-04-05T14:50:43.590+0000] {processor.py:830} INFO - Processing file /opt/airflow/dags/isr_pipeline.py for tasks to queue
[2026-04-05T14:50:43.592+0000] {logging_mixin.py:188} INFO - [2026-04-05T14:50:43.591+0000] {dagbag.py:540} INFO - Filling up the DagBag from /opt/airflow/dags/isr_pipeline.py
[2026-04-05T14:50:43.611+0000] {processor.py:840} INFO - DAG(s) 'isr_pipeline' retrieved from /opt/airflow/dags/isr_pipeline.py
[2026-04-05T14:50:43.649+0000] {logging_mixin.py:188} INFO - [2026-04-05T14:50:43.648+0000] {dag.py:3096} INFO - Sync 1 DAGs
[2026-04-05T14:50:43.690+0000] {processor.py:183} INFO - Processing /opt/airflow/dags/isr_pipeline.py took 0.110 seconds
[2026-04-05T14:51:13.816+0000] {processor.py:161} INFO - Started process (PID=60401) to work on /opt/airflow/dags/isr_pipeline.py
[2026-04-05T14:51:13.818+0000] {processor.py:830} INFO - Processing file /opt/airflow/dags/isr_pipeline.py for tasks to queue
[2026-04-05T14:51:13.820+0000] {logging_mixin.py:188} INFO - [2026-04-05T14:51:13.820+0000] {dagbag.py:540} INFO - Filling up the DagBag from /opt/airflow/dags/isr_pipeline.py
[2026-04-05T14:51:13.847+0000] {processor.py:840} INFO - DAG(s) 'isr_pipeline' retrieved from /opt/airflow/dags/isr_pipeline.py
[2026-04-05T14:51:13.890+0000] {logging_mixin.py:188} INFO - [2026-04-05T14:51:13.890+0000] {dag.py:3096} INFO - Sync 1 DAGs
[2026-04-05T14:51:13.932+0000] {processor.py:183} INFO - Processing /opt/airflow/dags/isr_pipeline.py took 0.124 seconds
[2026-04-05T14:51:44.077+0000] {processor.py:161} INFO - Started process (PID=60406) to work on /opt/airflow/dags/isr_pipeline.py
[2026-04-05T14:51:44.078+0000] {processor.py:830} INFO - Processing file /opt/airflow/dags/isr_pipeline.py for tasks to queue
[2026-04-05T14:51:44.080+0000] {logging_mixin.py:188} INFO - [2026-04-05T14:51:44.079+0000] {dagbag.py:540} INFO - Filling up the DagBag from /opt/airflow/dags/isr_pipeline.py
[2026-04-05T14:51:44.100+0000] {processor.py:840} INFO - DAG(s) 'isr_pipeline' retrieved from /opt/airflow/dags/isr_pipeline.py
[2026-04-05T14:51:44.138+0000] {logging_mixin.py:188} INFO - [2026-04-05T14:51:44.138+0000] {dag.py:3096} INFO - Sync 1 DAGs
[2026-04-05T14:51:44.180+0000] {processor.py:183} INFO - Processing /opt/airflow/dags/isr_pipeline.py took 0.112 seconds
[2026-04-05T14:52:14.351+0000] {processor.py:161} INFO - Started process (PID=60411) to work on /opt/airflow/dags/isr_pipeline.py
[2026-04-05T14:52:14.353+0000] {processor.py:830} INFO - Processing file /opt/airflow/dags/isr_pipeline.py for tasks to queue
[2026-04-05T14:52:14.354+0000] {logging_mixin.py:188} INFO - [2026-04-05T14:52:14.354+0000] {dagbag.py:540} INFO - Filling up the DagBag from /opt/airflow/dags/isr_pipeline.py
[2026-04-05T14:52:14.373+0000] {processor.py:840} INFO - DAG(s) 'isr_pipeline' retrieved from /opt/airflow/dags/isr_pipeline.py
[2026-04-05T14:52:14.411+0000] {logging_mixin.py:188} INFO - [2026-04-05T14:52:14.410+0000] {dag.py:3096} INFO - Sync 1 DAGs
[2026-04-05T14:52:14.453+0000] {processor.py:183} INFO - Processing /opt/airflow/dags/isr_pipeline.py took 0.110 seconds
[2026-04-05T14:52:44.525+0000] {processor.py:161} INFO - Started process (PID=60416) to work on /opt/airflow/dags/isr_pipeline.py
[2026-04-05T14:52:44.527+0000] {processor.py:830} INFO - Processing file /opt/airflow/dags/isr_pipeline.py for tasks to queue
[2026-04-05T14:52:44.528+0000] {logging_mixin.py:188} INFO - [2026-04-05T14:52:44.528+0000] {dagbag.py:540} INFO - Filling up the DagBag from /opt/airflow/dags/isr_pipeline.py
[2026-04-05T14:52:44.549+0000] {processor.py:840} INFO - DAG(s) 'isr_pipeline' retrieved from /opt/airflow/dags/isr_pipeline.py
[2026-04-05T14:52:44.587+0000] {logging_mixin.py:188} INFO - [2026-04-05T14:52:44.587+0000] {dag.py:3096} INFO - Sync 1 DAGs
[2026-04-05T14:52:44.629+0000] {processor.py:183} INFO - Processing /opt/airflow/dags/isr_pipeline.py took 0.113 seconds
[2026-04-05T14:53:14.772+0000] {processor.py:161} INFO - Started process (PID=60421) to work on /opt/airflow/dags/isr_pipeline.py
[2026-04-05T14:53:14.773+0000] {processor.py:830} INFO - Processing file /opt/airflow/dags/isr_pipeline.py for tasks to queue
[2026-04-05T14:53:14.775+0000] {logging_mixin.py:188} INFO - [2026-04-05T14:53:14.774+0000] {dagbag.py:540} INFO - Filling up the DagBag from /opt/airflow/dags/isr_pipeline.py
[2026-04-05T14:53:14.795+0000] {processor.py:840} INFO - DAG(s) 'isr_pipeline' retrieved from /opt/airflow/dags/isr_pipeline.py
[2026-04-05T14:53:14.831+0000] {logging_mixin.py:188} INFO - [2026-04-05T14:53:14.831+0000] {dag.py:3096} INFO - Sync 1 DAGs
[2026-04-05T14:53:14.873+0000] {processor.py:183} INFO - Processing /opt/airflow/dags/isr_pipeline.py took 0.109 seconds
[2026-04-05T14:53:44.926+0000] {processor.py:161} INFO - Started process (PID=60426) to work on /opt/airflow/dags/isr_pipeline.py
[2026-04-05T14:53:44.928+0000] {processor.py:830} INFO - Processing file /opt/airflow/dags/isr_pipeline.py for tasks to queue
[2026-04-05T14:53:44.929+0000] {logging_mixin.py:188} INFO - [2026-04-05T14:53:44.929+0000] {dagbag.py:540} INFO - Filling up the DagBag from /opt/airflow/dags/isr_pipeline.py
[2026-04-05T14:53:44.950+0000] {processor.py:840} INFO - DAG(s) 'isr_pipeline' retrieved from /opt/airflow/dags/isr_pipeline.py
[2026-04-05T14:53:44.987+0000] {logging_mixin.py:188} INFO - [2026-04-05T14:53:44.987+0000] {dag.py:3096} INFO - Sync 1 DAGs
[2026-04-05T14:53:45.032+0000] {processor.py:183} INFO - Processing /opt/airflow/dags/isr_pipeline.py took 0.115 seconds
[2026-04-05T14:54:15.195+0000] {processor.py:161} INFO - Started process (PID=60431) to work on /opt/airflow/dags/isr_pipeline.py
[2026-04-05T14:54:15.196+0000] {processor.py:830} INFO - Processing file /opt/airflow/dags/isr_pipeline.py for tasks to queue
[2026-04-05T14:54:15.198+0000] {logging_mixin.py:188} INFO - [2026-04-05T14:54:15.197+0000] {dagbag.py:540} INFO - Filling up the DagBag from /opt/airflow/dags/isr_pipeline.py
[2026-04-05T14:54:15.217+0000] {processor.py:840} INFO - DAG(s) 'isr_pipeline' retrieved from /opt/airflow/dags/isr_pipeline.py
[2026-04-05T14:54:15.261+0000] {logging_mixin.py:188} INFO - [2026-04-05T14:54:15.260+0000] {dag.py:3096} INFO - Sync 1 DAGs
[2026-04-05T14:54:15.305+0000] {processor.py:183} INFO - Processing /opt/airflow/dags/isr_pipeline.py took 0.118 seconds
[2026-04-05T14:54:45.435+0000] {processor.py:161} INFO - Started process (PID=60436) to work on /opt/airflow/dags/isr_pipeline.py
[2026-04-05T14:54:45.438+0000] {processor.py:830} INFO - Processing file /opt/airflow/dags/isr_pipeline.py for tasks to queue
[2026-04-05T14:54:45.440+0000] {logging_mixin.py:188} INFO - [2026-04-05T14:54:45.440+0000] {dagbag.py:540} INFO - Filling up the DagBag from /opt/airflow/dags/isr_pipeline.py
[2026-04-05T14:54:45.467+0000] {processor.py:840} INFO - DAG(s) 'isr_pipeline' retrieved from /opt/airflow/dags/isr_pipeline.py
[2026-04-05T14:54:45.554+0000] {logging_mixin.py:188} INFO - [2026-04-05T14:54:45.553+0000] {dag.py:3096} INFO - Sync 1 DAGs
[2026-04-05T14:54:45.623+0000] {processor.py:183} INFO - Processing /opt/airflow/dags/isr_pipeline.py took 0.196 seconds
[2026-04-05T14:55:15.830+0000] {processor.py:161} INFO - Started process (PID=60441) to work on /opt/airflow/dags/isr_pipeline.py
[2026-04-05T14:55:15.832+0000] {processor.py:830} INFO - Processing file /opt/airflow/dags/isr_pipeline.py for tasks to queue
[2026-04-05T14:55:15.833+0000] {logging_mixin.py:188} INFO - [2026-04-05T14:55:15.833+0000] {dagbag.py:540} INFO - Filling up the DagBag from /opt/airflow/dags/isr_pipeline.py
[2026-04-05T14:55:15.854+0000] {processor.py:840} INFO - DAG(s) 'isr_pipeline' retrieved from /opt/airflow/dags/isr_pipeline.py
[2026-04-05T14:55:15.897+0000] {logging_mixin.py:188} INFO - [2026-04-05T14:55:15.897+0000] {dag.py:3096} INFO - Sync 1 DAGs
[2026-04-05T14:55:15.948+0000] {processor.py:183} INFO - Processing /opt/airflow/dags/isr_pipeline.py took 0.128 seconds
[2026-04-05T14:55:46.049+0000] {processor.py:161} INFO - Started process (PID=60446) to work on /opt/airflow/dags/isr_pipeline.py
[2026-04-05T14:55:46.051+0000] {processor.py:830} INFO - Processing file /opt/airflow/dags/isr_pipeline.py for tasks to queue
[2026-04-05T14:55:46.053+0000] {logging_mixin.py:188} INFO - [2026-04-05T14:55:46.052+0000] {dagbag.py:540} INFO - Filling up the DagBag from /opt/airflow/dags/isr_pipeline.py
[2026-04-05T14:55:46.075+0000] {processor.py:840} INFO - DAG(s) 'isr_pipeline' retrieved from /opt/airflow/dags/isr_pipeline.py
[2026-04-05T14:55:46.114+0000] {logging_mixin.py:188} INFO - [2026-04-05T14:55:46.114+0000] {dag.py:3096} INFO - Sync 1 DAGs
[2026-04-05T14:55:46.161+0000] {processor.py:183} INFO - Processing /opt/airflow/dags/isr_pipeline.py took 0.120 seconds
[2026-04-05T14:56:16.683+0000] {processor.py:161} INFO - Started process (PID=60451) to work on /opt/airflow/dags/isr_pipeline.py
[2026-04-05T14:56:16.685+0000] {processor.py:830} INFO - Processing file /opt/airflow/dags/isr_pipeline.py for tasks to queue
[2026-04-05T14:56:16.686+0000] {logging_mixin.py:188} INFO - [2026-04-05T14:56:16.686+0000] {dagbag.py:540} INFO - Filling up the DagBag from /opt/airflow/dags/isr_pipeline.py
[2026-04-05T14:56:16.707+0000] {processor.py:840} INFO - DAG(s) 'isr_pipeline' retrieved from /opt/airflow/dags/isr_pipeline.py
[2026-04-05T14:56:16.745+0000] {logging_mixin.py:188} INFO - [2026-04-05T14:56:16.744+0000] {dag.py:3096} INFO - Sync 1 DAGs
[2026-04-05T14:56:16.788+0000] {processor.py:183} INFO - Processing /opt/airflow/dags/isr_pipeline.py took 0.113 seconds
[2026-04-05T15:26:19.789+0000] {processor.py:161} INFO - Started process (PID=60456) to work on /opt/airflow/dags/isr_pipeline.py
[2026-04-05T15:26:19.791+0000] {processor.py:830} INFO - Processing file /opt/airflow/dags/isr_pipeline.py for tasks to queue
[2026-04-05T15:26:19.794+0000] {logging_mixin.py:188} INFO - [2026-04-05T15:26:19.793+0000] {dagbag.py:540} INFO - Filling up the DagBag from /opt/airflow/dags/isr_pipeline.py
[2026-04-05T15:26:19.835+0000] {processor.py:840} INFO - DAG(s) 'isr_pipeline' retrieved from /opt/airflow/dags/isr_pipeline.py
[2026-04-05T15:26:19.935+0000] {logging_mixin.py:188} INFO - [2026-04-05T15:26:19.934+0000] {dag.py:3096} INFO - Sync 1 DAGs
[2026-04-05T15:26:19.995+0000] {processor.py:183} INFO - Processing /opt/airflow/dags/isr_pipeline.py took 0.222 seconds
[2026-04-05T15:26:50.521+0000] {processor.py:161} INFO - Started process (PID=60461) to work on /opt/airflow/dags/isr_pipeline.py
[2026-04-05T15:26:50.527+0000] {processor.py:830} INFO - Processing file /opt/airflow/dags/isr_pipeline.py for tasks to queue
[2026-04-05T15:26:50.537+0000] {logging_mixin.py:188} INFO - [2026-04-05T15:26:50.534+0000] {dagbag.py:540} INFO - Filling up the DagBag from /opt/airflow/dags/isr_pipeline.py
[2026-04-05T15:26:50.643+0000] {processor.py:840} INFO - DAG(s) 'isr_pipeline' retrieved from /opt/airflow/dags/isr_pipeline.py
[2026-04-05T15:26:50.830+0000] {logging_mixin.py:188} INFO - [2026-04-05T15:26:50.829+0000] {dag.py:3096} INFO - Sync 1 DAGs
[2026-04-05T15:26:51.055+0000] {processor.py:183} INFO - Processing /opt/airflow/dags/isr_pipeline.py took 0.576 seconds
[2026-04-05T15:27:21.614+0000] {processor.py:161} INFO - Started process (PID=60466) to work on /opt/airflow/dags/isr_pipeline.py
[2026-04-05T15:27:21.621+0000] {processor.py:830} INFO - Processing file /opt/airflow/dags/isr_pipeline.py for tasks to queue
[2026-04-05T15:27:21.628+0000] {logging_mixin.py:188} INFO - [2026-04-05T15:27:21.626+0000] {dagbag.py:540} INFO - Filling up the DagBag from /opt/airflow/dags/isr_pipeline.py
[2026-04-05T15:27:21.727+0000] {processor.py:840} INFO - DAG(s) 'isr_pipeline' retrieved from /opt/airflow/dags/isr_pipeline.py
[2026-04-05T15:27:21.921+0000] {logging_mixin.py:188} INFO - [2026-04-05T15:27:21.920+0000] {dag.py:3096} INFO - Sync 1 DAGs
[2026-04-05T15:27:22.126+0000] {processor.py:183} INFO - Processing /opt/airflow/dags/isr_pipeline.py took 0.551 seconds
[2026-04-05T15:27:52.416+0000] {processor.py:161} INFO - Started process (PID=60471) to work on /opt/airflow/dags/isr_pipeline.py
[2026-04-05T15:27:52.424+0000] {processor.py:830} INFO - Processing file /opt/airflow/dags/isr_pipeline.py for tasks to queue
[2026-04-05T15:27:52.431+0000] {logging_mixin.py:188} INFO - [2026-04-05T15:27:52.429+0000] {dagbag.py:540} INFO - Filling up the DagBag from /opt/airflow/dags/isr_pipeline.py
[2026-04-05T15:27:52.542+0000] {processor.py:840} INFO - DAG(s) 'isr_pipeline' retrieved from /opt/airflow/dags/isr_pipeline.py
[2026-04-05T15:27:52.739+0000] {logging_mixin.py:188} INFO - [2026-04-05T15:27:52.738+0000] {dag.py:3096} INFO - Sync 1 DAGs
[2026-04-05T15:27:52.947+0000] {processor.py:183} INFO - Processing /opt/airflow/dags/isr_pipeline.py took 0.576 seconds
[2026-04-05T15:28:23.444+0000] {processor.py:161} INFO - Started process (PID=60476) to work on /opt/airflow/dags/isr_pipeline.py
[2026-04-05T15:28:23.452+0000] {processor.py:830} INFO - Processing file /opt/airflow/dags/isr_pipeline.py for tasks to queue
[2026-04-05T15:28:23.459+0000] {logging_mixin.py:188} INFO - [2026-04-05T15:28:23.457+0000] {dagbag.py:540} INFO - Filling up the DagBag from /opt/airflow/dags/isr_pipeline.py
[2026-04-05T15:28:23.556+0000] {processor.py:840} INFO - DAG(s) 'isr_pipeline' retrieved from /opt/airflow/dags/isr_pipeline.py
[2026-04-05T15:28:23.741+0000] {logging_mixin.py:188} INFO - [2026-04-05T15:28:23.740+0000] {dag.py:3096} INFO - Sync 1 DAGs
[2026-04-05T15:28:23.955+0000] {processor.py:183} INFO - Processing /opt/airflow/dags/isr_pipeline.py took 0.550 seconds
[2026-04-05T15:28:54.222+0000] {processor.py:161} INFO - Started process (PID=60481) to work on /opt/airflow/dags/isr_pipeline.py
[2026-04-05T15:28:54.229+0000] {processor.py:830} INFO - Processing file /opt/airflow/dags/isr_pipeline.py for tasks to queue
[2026-04-05T15:28:54.235+0000] {logging_mixin.py:188} INFO - [2026-04-05T15:28:54.233+0000] {dagbag.py:540} INFO - Filling up the DagBag from /opt/airflow/dags/isr_pipeline.py
[2026-04-05T15:28:54.327+0000] {processor.py:840} INFO - DAG(s) 'isr_pipeline' retrieved from /opt/airflow/dags/isr_pipeline.py
[2026-04-05T15:28:54.509+0000] {logging_mixin.py:188} INFO - [2026-04-05T15:28:54.508+0000] {dag.py:3096} INFO - Sync 1 DAGs
[2026-04-05T15:28:54.717+0000] {processor.py:183} INFO - Processing /opt/airflow/dags/isr_pipeline.py took 0.535 seconds
[2026-04-05T15:29:25.266+0000] {processor.py:161} INFO - Started process (PID=60486) to work on /opt/airflow/dags/isr_pipeline.py
[2026-04-05T15:29:25.273+0000] {processor.py:830} INFO - Processing file /opt/airflow/dags/isr_pipeline.py for tasks to queue
[2026-04-05T15:29:25.280+0000] {logging_mixin.py:188} INFO - [2026-04-05T15:29:25.279+0000] {dagbag.py:540} INFO - Filling up the DagBag from /opt/airflow/dags/isr_pipeline.py
[2026-04-05T15:29:25.380+0000] {processor.py:840} INFO - DAG(s) 'isr_pipeline' retrieved from /opt/airflow/dags/isr_pipeline.py
[2026-04-05T15:29:25.565+0000] {logging_mixin.py:188} INFO - [2026-04-05T15:29:25.564+0000] {dag.py:3096} INFO - Sync 1 DAGs
[2026-04-05T15:29:25.769+0000] {processor.py:183} INFO - Processing /opt/airflow/dags/isr_pipeline.py took 0.541 seconds
[2026-04-05T15:29:56.173+0000] {processor.py:161} INFO - Started process (PID=60491) to work on /opt/airflow/dags/isr_pipeline.py
[2026-04-05T15:29:56.180+0000] {processor.py:830} INFO - Processing file /opt/airflow/dags/isr_pipeline.py for tasks to queue
[2026-04-05T15:29:56.189+0000] {logging_mixin.py:188} INFO - [2026-04-05T15:29:56.187+0000] {dagbag.py:540} INFO - Filling up the DagBag from /opt/airflow/dags/isr_pipeline.py
[2026-04-05T15:29:56.307+0000] {processor.py:840} INFO - DAG(s) 'isr_pipeline' retrieved from /opt/airflow/dags/isr_pipeline.py
[2026-04-05T15:29:56.507+0000] {logging_mixin.py:188} INFO - [2026-04-05T15:29:56.506+0000] {dag.py:3096} INFO - Sync 1 DAGs
[2026-04-05T15:29:56.738+0000] {processor.py:183} INFO - Processing /opt/airflow/dags/isr_pipeline.py took 0.605 seconds
[2026-04-05T15:30:27.240+0000] {processor.py:161} INFO - Started process (PID=60496) to work on /opt/airflow/dags/isr_pipeline.py
[2026-04-05T15:30:27.247+0000] {processor.py:830} INFO - Processing file /opt/airflow/dags/isr_pipeline.py for tasks to queue
[2026-04-05T15:30:27.254+0000] {logging_mixin.py:188} INFO - [2026-04-05T15:30:27.252+0000] {dagbag.py:540} INFO - Filling up the DagBag from /opt/airflow/dags/isr_pipeline.py
[2026-04-05T15:30:27.354+0000] {processor.py:840} INFO - DAG(s) 'isr_pipeline' retrieved from /opt/airflow/dags/isr_pipeline.py
[2026-04-05T15:30:27.538+0000] {logging_mixin.py:188} INFO - [2026-04-05T15:30:27.537+0000] {dag.py:3096} INFO - Sync 1 DAGs
[2026-04-05T15:30:27.747+0000] {processor.py:183} INFO - Processing /opt/airflow/dags/isr_pipeline.py took 0.545 seconds
[2026-04-05T15:30:58.013+0000] {processor.py:161} INFO - Started process (PID=60501) to work on /opt/airflow/dags/isr_pipeline.py
[2026-04-05T15:30:58.020+0000] {processor.py:830} INFO - Processing file /opt/airflow/dags/isr_pipeline.py for tasks to queue
[2026-04-05T15:30:58.027+0000] {logging_mixin.py:188} INFO - [2026-04-05T15:30:58.026+0000] {dagbag.py:540} INFO - Filling up the DagBag from /opt/airflow/dags/isr_pipeline.py
[2026-04-05T15:30:58.118+0000] {processor.py:840} INFO - DAG(s) 'isr_pipeline' retrieved from /opt/airflow/dags/isr_pipeline.py
[2026-04-05T15:30:58.298+0000] {logging_mixin.py:188} INFO - [2026-04-05T15:30:58.296+0000] {dag.py:3096} INFO - Sync 1 DAGs
[2026-04-05T15:30:58.513+0000] {processor.py:183} INFO - Processing /opt/airflow/dags/isr_pipeline.py took 0.539 seconds
[2026-04-05T15:31:29.025+0000] {processor.py:161} INFO - Started process (PID=60506) to work on /opt/airflow/dags/isr_pipeline.py
[2026-04-05T15:31:29.032+0000] {processor.py:830} INFO - Processing file /opt/airflow/dags/isr_pipeline.py for tasks to queue
[2026-04-05T15:31:29.039+0000] {logging_mixin.py:188} INFO - [2026-04-05T15:31:29.037+0000] {dagbag.py:540} INFO - Filling up the DagBag from /opt/airflow/dags/isr_pipeline.py
[2026-04-05T15:31:29.131+0000] {processor.py:840} INFO - DAG(s) 'isr_pipeline' retrieved from /opt/airflow/dags/isr_pipeline.py
[2026-04-05T15:31:29.311+0000] {logging_mixin.py:188} INFO - [2026-04-05T15:31:29.310+0000] {dag.py:3096} INFO - Sync 1 DAGs
[2026-04-05T15:31:29.531+0000] {processor.py:183} INFO - Processing /opt/airflow/dags/isr_pipeline.py took 0.544 seconds
[2026-04-05T15:31:59.973+0000] {processor.py:161} INFO - Started process (PID=60511) to work on /opt/airflow/dags/isr_pipeline.py
[2026-04-05T15:31:59.980+0000] {processor.py:830} INFO - Processing file /opt/airflow/dags/isr_pipeline.py for tasks to queue
[2026-04-05T15:31:59.986+0000] {logging_mixin.py:188} INFO - [2026-04-05T15:31:59.984+0000] {dagbag.py:540} INFO - Filling up the DagBag from /opt/airflow/dags/isr_pipeline.py
[2026-04-05T15:32:00.080+0000] {processor.py:840} INFO - DAG(s) 'isr_pipeline' retrieved from /opt/airflow/dags/isr_pipeline.py
[2026-04-05T15:32:00.259+0000] {logging_mixin.py:188} INFO - [2026-04-05T15:32:00.258+0000] {dag.py:3096} INFO - Sync 1 DAGs
[2026-04-05T15:32:00.487+0000] {processor.py:183} INFO - Processing /opt/airflow/dags/isr_pipeline.py took 0.550 seconds
[2026-04-05T15:32:30.997+0000] {processor.py:161} INFO - Started process (PID=60516) to work on /opt/airflow/dags/isr_pipeline.py
[2026-04-05T15:32:31.004+0000] {processor.py:830} INFO - Processing file /opt/airflow/dags/isr_pipeline.py for tasks to queue
[2026-04-05T15:32:31.011+0000] {logging_mixin.py:188} INFO - [2026-04-05T15:32:31.009+0000] {dagbag.py:540} INFO - Filling up the DagBag from /opt/airflow/dags/isr_pipeline.py
[2026-04-05T15:32:31.122+0000] {processor.py:840} INFO - DAG(s) 'isr_pipeline' retrieved from /opt/airflow/dags/isr_pipeline.py
[2026-04-05T15:32:31.311+0000] {logging_mixin.py:188} INFO - [2026-04-05T15:32:31.310+0000] {dag.py:3096} INFO - Sync 1 DAGs
[2026-04-05T15:32:31.551+0000] {processor.py:183} INFO - Processing /opt/airflow/dags/isr_pipeline.py took 0.593 seconds
[2026-04-05T15:33:02.037+0000] {processor.py:161} INFO - Started process (PID=60521) to work on /opt/airflow/dags/isr_pipeline.py
[2026-04-05T15:33:02.044+0000] {processor.py:830} INFO - Processing file /opt/airflow/dags/isr_pipeline.py for tasks to queue
[2026-04-05T15:33:02.051+0000] {logging_mixin.py:188} INFO - [2026-04-05T15:33:02.049+0000] {dagbag.py:540} INFO - Filling up the DagBag from /opt/airflow/dags/isr_pipeline.py
[2026-04-05T15:33:02.144+0000] {processor.py:840} INFO - DAG(s) 'isr_pipeline' retrieved from /opt/airflow/dags/isr_pipeline.py
[2026-04-05T15:33:02.340+0000] {logging_mixin.py:188} INFO - [2026-04-05T15:33:02.339+0000] {dag.py:3096} INFO - Sync 1 DAGs
[2026-04-05T15:33:02.559+0000] {processor.py:183} INFO - Processing /opt/airflow/dags/isr_pipeline.py took 0.559 seconds
[2026-04-05T15:33:33.120+0000] {processor.py:161} INFO - Started process (PID=60526) to work on /opt/airflow/dags/isr_pipeline.py
[2026-04-05T15:33:33.128+0000] {processor.py:830} INFO - Processing file /opt/airflow/dags/isr_pipeline.py for tasks to queue
[2026-04-05T15:33:33.134+0000] {logging_mixin.py:188} INFO - [2026-04-05T15:33:33.133+0000] {dagbag.py:540} INFO - Filling up the DagBag from /opt/airflow/dags/isr_pipeline.py
[2026-04-05T15:33:33.237+0000] {processor.py:840} INFO - DAG(s) 'isr_pipeline' retrieved from /opt/airflow/dags/isr_pipeline.py
[2026-04-05T15:33:33.426+0000] {logging_mixin.py:188} INFO - [2026-04-05T15:33:33.425+0000] {dag.py:3096} INFO - Sync 1 DAGs
[2026-04-05T15:33:33.655+0000] {processor.py:183} INFO - Processing /opt/airflow/dags/isr_pipeline.py took 0.571 seconds
[2026-04-05T15:34:04.223+0000] {processor.py:161} INFO - Started process (PID=60531) to work on /opt/airflow/dags/isr_pipeline.py
[2026-04-05T15:34:04.230+0000] {processor.py:830} INFO - Processing file /opt/airflow/dags/isr_pipeline.py for tasks to queue
[2026-04-05T15:34:04.237+0000] {logging_mixin.py:188} INFO - [2026-04-05T15:34:04.235+0000] {dagbag.py:540} INFO - Filling up the DagBag from /opt/airflow/dags/isr_pipeline.py
[2026-04-05T15:34:04.334+0000] {processor.py:840} INFO - DAG(s) 'isr_pipeline' retrieved from /opt/airflow/dags/isr_pipeline.py
[2026-04-05T15:34:04.535+0000] {logging_mixin.py:188} INFO - [2026-04-05T15:34:04.533+0000] {dag.py:3096} INFO - Sync 1 DAGs
[2026-04-05T15:34:04.748+0000] {processor.py:183} INFO - Processing /opt/airflow/dags/isr_pipeline.py took 0.566 seconds
[2026-04-05T15:34:35.290+0000] {processor.py:161} INFO - Started process (PID=60536) to work on /opt/airflow/dags/isr_pipeline.py
[2026-04-05T15:34:35.297+0000] {processor.py:830} INFO - Processing file /opt/airflow/dags/isr_pipeline.py for tasks to queue
[2026-04-05T15:34:35.305+0000] {logging_mixin.py:188} INFO - [2026-04-05T15:34:35.303+0000] {dagbag.py:540} INFO - Filling up the DagBag from /opt/airflow/dags/isr_pipeline.py
[2026-04-05T15:34:35.432+0000] {processor.py:840} INFO - DAG(s) 'isr_pipeline' retrieved from /opt/airflow/dags/isr_pipeline.py
[2026-04-05T15:34:35.633+0000] {logging_mixin.py:188} INFO - [2026-04-05T15:34:35.632+0000] {dag.py:3096} INFO - Sync 1 DAGs
[2026-04-05T15:34:35.836+0000] {processor.py:183} INFO - Processing /opt/airflow/dags/isr_pipeline.py took 0.584 seconds
[2026-04-05T15:35:06.229+0000] {processor.py:161} INFO - Started process (PID=60541) to work on /opt/airflow/dags/isr_pipeline.py
[2026-04-05T15:35:06.236+0000] {processor.py:830} INFO - Processing file /opt/airflow/dags/isr_pipeline.py for tasks to queue
[2026-04-05T15:35:06.243+0000] {logging_mixin.py:188} INFO - [2026-04-05T15:35:06.241+0000] {dagbag.py:540} INFO - Filling up the DagBag from /opt/airflow/dags/isr_pipeline.py
[2026-04-05T15:35:06.346+0000] {processor.py:840} INFO - DAG(s) 'isr_pipeline' retrieved from /opt/airflow/dags/isr_pipeline.py
[2026-04-05T15:35:06.526+0000] {logging_mixin.py:188} INFO - [2026-04-05T15:35:06.525+0000] {dag.py:3096} INFO - Sync 1 DAGs
[2026-04-05T15:35:06.732+0000] {processor.py:183} INFO - Processing /opt/airflow/dags/isr_pipeline.py took 0.540 seconds
[2026-04-05T16:05:21.885+0000] {processor.py:161} INFO - Started process (PID=60546) to work on /opt/airflow/dags/isr_pipeline.py
[2026-04-05T16:05:21.899+0000] {processor.py:830} INFO - Processing file /opt/airflow/dags/isr_pipeline.py for tasks to queue
[2026-04-05T16:05:21.913+0000] {logging_mixin.py:188} INFO - [2026-04-05T16:05:21.912+0000] {dagbag.py:540} INFO - Filling up the DagBag from /opt/airflow/dags/isr_pipeline.py
[2026-04-05T16:05:21.958+0000] {processor.py:840} INFO - DAG(s) 'isr_pipeline' retrieved from /opt/airflow/dags/isr_pipeline.py
[2026-04-05T16:05:22.041+0000] {logging_mixin.py:188} INFO - [2026-04-05T16:05:22.040+0000] {dag.py:3096} INFO - Sync 1 DAGs
[2026-04-05T16:05:22.121+0000] {processor.py:183} INFO - Processing /opt/airflow/dags/isr_pipeline.py took 0.255 seconds
[2026-04-05T16:05:52.361+0000] {processor.py:161} INFO - Started process (PID=60551) to work on /opt/airflow/dags/isr_pipeline.py
[2026-04-05T16:05:52.369+0000] {processor.py:830} INFO - Processing file /opt/airflow/dags/isr_pipeline.py for tasks to queue
[2026-04-05T16:05:52.377+0000] {logging_mixin.py:188} INFO - [2026-04-05T16:05:52.375+0000] {dagbag.py:540} INFO - Filling up the DagBag from /opt/airflow/dags/isr_pipeline.py
[2026-04-05T16:05:52.473+0000] {processor.py:840} INFO - DAG(s) 'isr_pipeline' retrieved from /opt/airflow/dags/isr_pipeline.py
[2026-04-05T16:05:52.655+0000] {logging_mixin.py:188} INFO - [2026-04-05T16:05:52.654+0000] {dag.py:3096} INFO - Sync 1 DAGs
[2026-04-05T16:05:52.857+0000] {processor.py:183} INFO - Processing /opt/airflow/dags/isr_pipeline.py took 0.534 seconds
[2026-04-05T16:06:23.422+0000] {processor.py:161} INFO - Started process (PID=60556) to work on /opt/airflow/dags/isr_pipeline.py
[2026-04-05T16:06:23.433+0000] {processor.py:830} INFO - Processing file /opt/airflow/dags/isr_pipeline.py for tasks to queue
[2026-04-05T16:06:23.453+0000] {logging_mixin.py:188} INFO - [2026-04-05T16:06:23.450+0000] {dagbag.py:540} INFO - Filling up the DagBag from /opt/airflow/dags/isr_pipeline.py
[2026-04-05T16:06:23.611+0000] {processor.py:840} INFO - DAG(s) 'isr_pipeline' retrieved from /opt/airflow/dags/isr_pipeline.py
[2026-04-05T16:06:23.935+0000] {logging_mixin.py:188} INFO - [2026-04-05T16:06:23.933+0000] {dag.py:3096} INFO - Sync 1 DAGs
[2026-04-05T16:06:24.286+0000] {processor.py:183} INFO - Processing /opt/airflow/dags/isr_pipeline.py took 0.922 seconds
[2026-04-05T16:06:54.872+0000] {processor.py:161} INFO - Started process (PID=60561) to work on /opt/airflow/dags/isr_pipeline.py
[2026-04-05T16:06:54.880+0000] {processor.py:830} INFO - Processing file /opt/airflow/dags/isr_pipeline.py for tasks to queue
[2026-04-05T16:06:54.887+0000] {logging_mixin.py:188} INFO - [2026-04-05T16:06:54.885+0000] {dagbag.py:540} INFO - Filling up the DagBag from /opt/airflow/dags/isr_pipeline.py
[2026-04-05T16:06:54.983+0000] {processor.py:840} INFO - DAG(s) 'isr_pipeline' retrieved from /opt/airflow/dags/isr_pipeline.py
[2026-04-05T16:06:55.166+0000] {logging_mixin.py:188} INFO - [2026-04-05T16:06:55.165+0000] {dag.py:3096} INFO - Sync 1 DAGs
[2026-04-05T16:06:55.380+0000] {processor.py:183} INFO - Processing /opt/airflow/dags/isr_pipeline.py took 0.543 seconds
[2026-04-05T16:07:25.915+0000] {processor.py:161} INFO - Started process (PID=60566) to work on /opt/airflow/dags/isr_pipeline.py
[2026-04-05T16:07:25.923+0000] {processor.py:830} INFO - Processing file /opt/airflow/dags/isr_pipeline.py for tasks to queue
[2026-04-05T16:07:25.930+0000] {logging_mixin.py:188} INFO - [2026-04-05T16:07:25.928+0000] {dagbag.py:540} INFO - Filling up the DagBag from /opt/airflow/dags/isr_pipeline.py
[2026-04-05T16:07:26.037+0000] {processor.py:840} INFO - DAG(s) 'isr_pipeline' retrieved from /opt/airflow/dags/isr_pipeline.py
[2026-04-05T16:07:26.219+0000] {logging_mixin.py:188} INFO - [2026-04-05T16:07:26.218+0000] {dag.py:3096} INFO - Sync 1 DAGs
[2026-04-05T16:07:26.429+0000] {processor.py:183} INFO - Processing /opt/airflow/dags/isr_pipeline.py took 0.554 seconds
[2026-04-05T16:07:56.608+0000] {processor.py:161} INFO - Started process (PID=60571) to work on /opt/airflow/dags/isr_pipeline.py
[2026-04-05T16:07:56.615+0000] {processor.py:830} INFO - Processing file /opt/airflow/dags/isr_pipeline.py for tasks to queue
[2026-04-05T16:07:56.622+0000] {logging_mixin.py:188} INFO - [2026-04-05T16:07:56.620+0000] {dagbag.py:540} INFO - Filling up the DagBag from /opt/airflow/dags/isr_pipeline.py
[2026-04-05T16:07:56.718+0000] {processor.py:840} INFO - DAG(s) 'isr_pipeline' retrieved from /opt/airflow/dags/isr_pipeline.py
[2026-04-05T16:07:56.903+0000] {logging_mixin.py:188} INFO - [2026-04-05T16:07:56.902+0000] {dag.py:3096} INFO - Sync 1 DAGs
[2026-04-05T16:07:57.103+0000] {processor.py:183} INFO - Processing /opt/airflow/dags/isr_pipeline.py took 0.534 seconds
[2026-04-05T16:08:27.348+0000] {processor.py:161} INFO - Started process (PID=60576) to work on /opt/airflow/dags/isr_pipeline.py
[2026-04-05T16:08:27.356+0000] {processor.py:830} INFO - Processing file /opt/airflow/dags/isr_pipeline.py for tasks to queue
[2026-04-05T16:08:27.375+0000] {logging_mixin.py:188} INFO - [2026-04-05T16:08:27.371+0000] {dagbag.py:540} INFO - Filling up the DagBag from /opt/airflow/dags/isr_pipeline.py
[2026-04-05T16:08:27.480+0000] {processor.py:840} INFO - DAG(s) 'isr_pipeline' retrieved from /opt/airflow/dags/isr_pipeline.py
[2026-04-05T16:08:27.660+0000] {logging_mixin.py:188} INFO - [2026-04-05T16:08:27.658+0000] {dag.py:3096} INFO - Sync 1 DAGs
[2026-04-05T16:08:27.860+0000] {processor.py:183} INFO - Processing /opt/airflow/dags/isr_pipeline.py took 0.553 seconds
[2026-04-05T16:08:58.476+0000] {processor.py:161} INFO - Started process (PID=60581) to work on /opt/airflow/dags/isr_pipeline.py
[2026-04-05T16:08:58.484+0000] {processor.py:830} INFO - Processing file /opt/airflow/dags/isr_pipeline.py for tasks to queue
[2026-04-05T16:08:58.491+0000] {logging_mixin.py:188} INFO - [2026-04-05T16:08:58.489+0000] {dagbag.py:540} INFO - Filling up the DagBag from /opt/airflow/dags/isr_pipeline.py
[2026-04-05T16:08:58.585+0000] {processor.py:840} INFO - DAG(s) 'isr_pipeline' retrieved from /opt/airflow/dags/isr_pipeline.py
[2026-04-05T16:08:58.773+0000] {logging_mixin.py:188} INFO - [2026-04-05T16:08:58.772+0000] {dag.py:3096} INFO - Sync 1 DAGs
[2026-04-05T16:08:58.971+0000] {processor.py:183} INFO - Processing /opt/airflow/dags/isr_pipeline.py took 0.532 seconds
[2026-04-05T16:09:29.214+0000] {processor.py:161} INFO - Started process (PID=60586) to work on /opt/airflow/dags/isr_pipeline.py
[2026-04-05T16:09:29.221+0000] {processor.py:830} INFO - Processing file /opt/airflow/dags/isr_pipeline.py for tasks to queue
[2026-04-05T16:09:29.229+0000] {logging_mixin.py:188} INFO - [2026-04-05T16:09:29.227+0000] {dagbag.py:540} INFO - Filling up the DagBag from /opt/airflow/dags/isr_pipeline.py
[2026-04-05T16:09:29.323+0000] {processor.py:840} INFO - DAG(s) 'isr_pipeline' retrieved from /opt/airflow/dags/isr_pipeline.py
[2026-04-05T16:09:29.540+0000] {logging_mixin.py:188} INFO - [2026-04-05T16:09:29.538+0000] {dag.py:3096} INFO - Sync 1 DAGs
[2026-04-05T16:09:29.792+0000] {processor.py:183} INFO - Processing /opt/airflow/dags/isr_pipeline.py took 0.615 seconds
[2026-04-05T16:10:00.313+0000] {processor.py:161} INFO - Started process (PID=60591) to work on /opt/airflow/dags/isr_pipeline.py
[2026-04-05T16:10:00.322+0000] {processor.py:830} INFO - Processing file /opt/airflow/dags/isr_pipeline.py for tasks to queue
[2026-04-05T16:10:00.332+0000] {logging_mixin.py:188} INFO - [2026-04-05T16:10:00.330+0000] {dagbag.py:540} INFO - Filling up the DagBag from /opt/airflow/dags/isr_pipeline.py
[2026-04-05T16:10:00.429+0000] {processor.py:840} INFO - DAG(s) 'isr_pipeline' retrieved from /opt/airflow/dags/isr_pipeline.py
[2026-04-05T16:10:00.620+0000] {logging_mixin.py:188} INFO - [2026-04-05T16:10:00.619+0000] {dag.py:3096} INFO - Sync 1 DAGs
[2026-04-05T16:10:00.820+0000] {processor.py:183} INFO - Processing /opt/airflow/dags/isr_pipeline.py took 0.548 seconds
[2026-04-05T16:10:31.224+0000] {processor.py:161} INFO - Started process (PID=60596) to work on /opt/airflow/dags/isr_pipeline.py
[2026-04-05T16:10:31.231+0000] {processor.py:830} INFO - Processing file /opt/airflow/dags/isr_pipeline.py for tasks to queue
[2026-04-05T16:10:31.238+0000] {logging_mixin.py:188} INFO - [2026-04-05T16:10:31.236+0000] {dagbag.py:540} INFO - Filling up the DagBag from /opt/airflow/dags/isr_pipeline.py
[2026-04-05T16:10:31.334+0000] {processor.py:840} INFO - DAG(s) 'isr_pipeline' retrieved from /opt/airflow/dags/isr_pipeline.py
[2026-04-05T16:10:31.521+0000] {logging_mixin.py:188} INFO - [2026-04-05T16:10:31.520+0000] {dag.py:3096} INFO - Sync 1 DAGs
[2026-04-05T16:10:31.748+0000] {processor.py:183} INFO - Processing /opt/airflow/dags/isr_pipeline.py took 0.561 seconds
[2026-04-05T16:11:02.273+0000] {processor.py:161} INFO - Started process (PID=60601) to work on /opt/airflow/dags/isr_pipeline.py
[2026-04-05T16:11:02.282+0000] {processor.py:830} INFO - Processing file /opt/airflow/dags/isr_pipeline.py for tasks to queue
[2026-04-05T16:11:02.289+0000] {logging_mixin.py:188} INFO - [2026-04-05T16:11:02.288+0000] {dagbag.py:540} INFO - Filling up the DagBag from /opt/airflow/dags/isr_pipeline.py
[2026-04-05T16:11:02.386+0000] {processor.py:840} INFO - DAG(s) 'isr_pipeline' retrieved from /opt/airflow/dags/isr_pipeline.py
[2026-04-05T16:11:02.574+0000] {logging_mixin.py:188} INFO - [2026-04-05T16:11:02.573+0000] {dag.py:3096} INFO - Sync 1 DAGs
[2026-04-05T16:11:02.779+0000] {processor.py:183} INFO - Processing /opt/airflow/dags/isr_pipeline.py took 0.544 seconds
[2026-04-05T16:11:33.074+0000] {processor.py:161} INFO - Started process (PID=60606) to work on /opt/airflow/dags/isr_pipeline.py
[2026-04-05T16:11:33.081+0000] {processor.py:830} INFO - Processing file /opt/airflow/dags/isr_pipeline.py for tasks to queue
[2026-04-05T16:11:33.088+0000] {logging_mixin.py:188} INFO - [2026-04-05T16:11:33.086+0000] {dagbag.py:540} INFO - Filling up the DagBag from /opt/airflow/dags/isr_pipeline.py
[2026-04-05T16:11:33.198+0000] {processor.py:840} INFO - DAG(s) 'isr_pipeline' retrieved from /opt/airflow/dags/isr_pipeline.py
[2026-04-05T16:11:33.380+0000] {logging_mixin.py:188} INFO - [2026-04-05T16:11:33.379+0000] {dag.py:3096} INFO - Sync 1 DAGs
[2026-04-05T16:11:33.582+0000] {processor.py:183} INFO - Processing /opt/airflow/dags/isr_pipeline.py took 0.546 seconds
[2026-04-05T16:12:04.087+0000] {processor.py:161} INFO - Started process (PID=60611) to work on /opt/airflow/dags/isr_pipeline.py
[2026-04-05T16:12:04.094+0000] {processor.py:830} INFO - Processing file /opt/airflow/dags/isr_pipeline.py for tasks to queue
[2026-04-05T16:12:04.101+0000] {logging_mixin.py:188} INFO - [2026-04-05T16:12:04.099+0000] {dagbag.py:540} INFO - Filling up the DagBag from /opt/airflow/dags/isr_pipeline.py
[2026-04-05T16:12:04.192+0000] {processor.py:840} INFO - DAG(s) 'isr_pipeline' retrieved from /opt/airflow/dags/isr_pipeline.py
[2026-04-05T16:12:04.383+0000] {logging_mixin.py:188} INFO - [2026-04-05T16:12:04.382+0000] {dag.py:3096} INFO - Sync 1 DAGs
[2026-04-05T16:12:04.638+0000] {processor.py:183} INFO - Processing /opt/airflow/dags/isr_pipeline.py took 0.587 seconds
[2026-04-05T16:12:34.890+0000] {processor.py:161} INFO - Started process (PID=60616) to work on /opt/airflow/dags/isr_pipeline.py
[2026-04-05T16:12:34.897+0000] {processor.py:830} INFO - Processing file /opt/airflow/dags/isr_pipeline.py for tasks to queue
[2026-04-05T16:12:34.904+0000] {logging_mixin.py:188} INFO - [2026-04-05T16:12:34.902+0000] {dagbag.py:540} INFO - Filling up the DagBag from /opt/airflow/dags/isr_pipeline.py
[2026-04-05T16:12:34.997+0000] {processor.py:840} INFO - DAG(s) 'isr_pipeline' retrieved from /opt/airflow/dags/isr_pipeline.py
[2026-04-05T16:12:35.174+0000] {logging_mixin.py:188} INFO - [2026-04-05T16:12:35.173+0000] {dag.py:3096} INFO - Sync 1 DAGs
[2026-04-05T16:12:35.373+0000] {processor.py:183} INFO - Processing /opt/airflow/dags/isr_pipeline.py took 0.528 seconds
[2026-04-05T16:13:05.582+0000] {processor.py:161} INFO - Started process (PID=60621) to work on /opt/airflow/dags/isr_pipeline.py
[2026-04-05T16:13:05.589+0000] {processor.py:830} INFO - Processing file /opt/airflow/dags/isr_pipeline.py for tasks to queue
[2026-04-05T16:13:05.596+0000] {logging_mixin.py:188} INFO - [2026-04-05T16:13:05.595+0000] {dagbag.py:540} INFO - Filling up the DagBag from /opt/airflow/dags/isr_pipeline.py
[2026-04-05T16:13:05.689+0000] {processor.py:840} INFO - DAG(s) 'isr_pipeline' retrieved from /opt/airflow/dags/isr_pipeline.py
[2026-04-05T16:13:05.869+0000] {logging_mixin.py:188} INFO - [2026-04-05T16:13:05.868+0000] {dag.py:3096} INFO - Sync 1 DAGs
[2026-04-05T16:13:06.070+0000] {processor.py:183} INFO - Processing /opt/airflow/dags/isr_pipeline.py took 0.526 seconds
[2026-04-05T16:13:36.262+0000] {processor.py:161} INFO - Started process (PID=60626) to work on /opt/airflow/dags/isr_pipeline.py
[2026-04-05T16:13:36.270+0000] {processor.py:830} INFO - Processing file /opt/airflow/dags/isr_pipeline.py for tasks to queue
[2026-04-05T16:13:36.279+0000] {logging_mixin.py:188} INFO - [2026-04-05T16:13:36.277+0000] {dagbag.py:540} INFO - Filling up the DagBag from /opt/airflow/dags/isr_pipeline.py
[2026-04-05T16:13:36.396+0000] {processor.py:840} INFO - DAG(s) 'isr_pipeline' retrieved from /opt/airflow/dags/isr_pipeline.py
[2026-04-05T16:13:36.603+0000] {logging_mixin.py:188} INFO - [2026-04-05T16:13:36.602+0000] {dag.py:3096} INFO - Sync 1 DAGs
[2026-04-05T16:13:36.929+0000] {processor.py:183} INFO - Processing /opt/airflow/dags/isr_pipeline.py took 0.709 seconds
[2026-04-05T16:14:07.441+0000] {processor.py:161} INFO - Started process (PID=60631) to work on /opt/airflow/dags/isr_pipeline.py
[2026-04-05T16:14:07.449+0000] {processor.py:830} INFO - Processing file /opt/airflow/dags/isr_pipeline.py for tasks to queue
[2026-04-05T16:14:07.456+0000] {logging_mixin.py:188} INFO - [2026-04-05T16:14:07.454+0000] {dagbag.py:540} INFO - Filling up the DagBag from /opt/airflow/dags/isr_pipeline.py
[2026-04-05T16:14:07.551+0000] {processor.py:840} INFO - DAG(s) 'isr_pipeline' retrieved from /opt/airflow/dags/isr_pipeline.py
[2026-04-05T16:14:07.733+0000] {logging_mixin.py:188} INFO - [2026-04-05T16:14:07.732+0000] {dag.py:3096} INFO - Sync 1 DAGs
[2026-04-05T16:14:07.929+0000] {processor.py:183} INFO - Processing /opt/airflow/dags/isr_pipeline.py took 0.528 seconds
[2026-04-05T16:44:16.713+0000] {processor.py:161} INFO - Started process (PID=60636) to work on /opt/airflow/dags/isr_pipeline.py
[2026-04-05T16:44:16.715+0000] {processor.py:830} INFO - Processing file /opt/airflow/dags/isr_pipeline.py for tasks to queue
[2026-04-05T16:44:16.717+0000] {logging_mixin.py:188} INFO - [2026-04-05T16:44:16.716+0000] {dagbag.py:540} INFO - Filling up the DagBag from /opt/airflow/dags/isr_pipeline.py
[2026-04-05T16:44:16.754+0000] {processor.py:840} INFO - DAG(s) 'isr_pipeline' retrieved from /opt/airflow/dags/isr_pipeline.py
[2026-04-05T16:44:16.820+0000] {logging_mixin.py:188} INFO - [2026-04-05T16:44:16.820+0000] {dag.py:3096} INFO - Sync 1 DAGs
[2026-04-05T16:44:16.873+0000] {processor.py:183} INFO - Processing /opt/airflow/dags/isr_pipeline.py took 0.167 seconds
[2026-04-05T16:44:47.169+0000] {processor.py:161} INFO - Started process (PID=60641) to work on /opt/airflow/dags/isr_pipeline.py
[2026-04-05T16:44:47.175+0000] {processor.py:830} INFO - Processing file /opt/airflow/dags/isr_pipeline.py for tasks to queue
[2026-04-05T16:44:47.181+0000] {logging_mixin.py:188} INFO - [2026-04-05T16:44:47.179+0000] {dagbag.py:540} INFO - Filling up the DagBag from /opt/airflow/dags/isr_pipeline.py
[2026-04-05T16:44:47.272+0000] {processor.py:840} INFO - DAG(s) 'isr_pipeline' retrieved from /opt/airflow/dags/isr_pipeline.py
[2026-04-05T16:44:47.455+0000] {logging_mixin.py:188} INFO - [2026-04-05T16:44:47.454+0000] {dag.py:3096} INFO - Sync 1 DAGs
[2026-04-05T16:44:47.655+0000] {processor.py:183} INFO - Processing /opt/airflow/dags/isr_pipeline.py took 0.521 seconds
[2026-04-05T16:45:18.204+0000] {processor.py:161} INFO - Started process (PID=60646) to work on /opt/airflow/dags/isr_pipeline.py
[2026-04-05T16:45:18.213+0000] {processor.py:830} INFO - Processing file /opt/airflow/dags/isr_pipeline.py for tasks to queue
[2026-04-05T16:45:18.220+0000] {logging_mixin.py:188} INFO - [2026-04-05T16:45:18.218+0000] {dagbag.py:540} INFO - Filling up the DagBag from /opt/airflow/dags/isr_pipeline.py
[2026-04-05T16:45:18.313+0000] {processor.py:840} INFO - DAG(s) 'isr_pipeline' retrieved from /opt/airflow/dags/isr_pipeline.py
[2026-04-05T16:45:18.499+0000] {logging_mixin.py:188} INFO - [2026-04-05T16:45:18.498+0000] {dag.py:3096} INFO - Sync 1 DAGs
[2026-04-05T16:45:18.718+0000] {processor.py:183} INFO - Processing /opt/airflow/dags/isr_pipeline.py took 0.551 seconds
[2026-04-05T16:45:48.938+0000] {processor.py:161} INFO - Started process (PID=60651) to work on /opt/airflow/dags/isr_pipeline.py
[2026-04-05T16:45:48.946+0000] {processor.py:830} INFO - Processing file /opt/airflow/dags/isr_pipeline.py for tasks to queue
[2026-04-05T16:45:48.953+0000] {logging_mixin.py:188} INFO - [2026-04-05T16:45:48.951+0000] {dagbag.py:540} INFO - Filling up the DagBag from /opt/airflow/dags/isr_pipeline.py
[2026-04-05T16:45:49.050+0000] {processor.py:840} INFO - DAG(s) 'isr_pipeline' retrieved from /opt/airflow/dags/isr_pipeline.py
[2026-04-05T16:45:49.233+0000] {logging_mixin.py:188} INFO - [2026-04-05T16:45:49.232+0000] {dag.py:3096} INFO - Sync 1 DAGs
[2026-04-05T16:45:49.440+0000] {processor.py:183} INFO - Processing /opt/airflow/dags/isr_pipeline.py took 0.540 seconds
[2026-04-05T16:46:19.952+0000] {processor.py:161} INFO - Started process (PID=60656) to work on /opt/airflow/dags/isr_pipeline.py
[2026-04-05T16:46:19.959+0000] {processor.py:830} INFO - Processing file /opt/airflow/dags/isr_pipeline.py for tasks to queue
[2026-04-05T16:46:19.966+0000] {logging_mixin.py:188} INFO - [2026-04-05T16:46:19.964+0000] {dagbag.py:540} INFO - Filling up the DagBag from /opt/airflow/dags/isr_pipeline.py
[2026-04-05T16:46:20.058+0000] {processor.py:840} INFO - DAG(s) 'isr_pipeline' retrieved from /opt/airflow/dags/isr_pipeline.py
[2026-04-05T16:46:20.241+0000] {logging_mixin.py:188} INFO - [2026-04-05T16:46:20.240+0000] {dag.py:3096} INFO - Sync 1 DAGs
[2026-04-05T16:46:20.445+0000] {processor.py:183} INFO - Processing /opt/airflow/dags/isr_pipeline.py took 0.531 seconds
[2026-04-05T16:46:50.877+0000] {processor.py:161} INFO - Started process (PID=60661) to work on /opt/airflow/dags/isr_pipeline.py
[2026-04-05T16:46:50.885+0000] {processor.py:830} INFO - Processing file /opt/airflow/dags/isr_pipeline.py for tasks to queue
[2026-04-05T16:46:50.892+0000] {logging_mixin.py:188} INFO - [2026-04-05T16:46:50.890+0000] {dagbag.py:540} INFO - Filling up the DagBag from /opt/airflow/dags/isr_pipeline.py
[2026-04-05T16:46:50.986+0000] {processor.py:840} INFO - DAG(s) 'isr_pipeline' retrieved from /opt/airflow/dags/isr_pipeline.py
[2026-04-05T16:46:51.163+0000] {logging_mixin.py:188} INFO - [2026-04-05T16:46:51.162+0000] {dag.py:3096} INFO - Sync 1 DAGs
[2026-04-05T16:46:51.369+0000] {processor.py:183} INFO - Processing /opt/airflow/dags/isr_pipeline.py took 0.530 seconds
[2026-04-05T16:47:21.846+0000] {processor.py:161} INFO - Started process (PID=60666) to work on /opt/airflow/dags/isr_pipeline.py
[2026-04-05T16:47:21.853+0000] {processor.py:830} INFO - Processing file /opt/airflow/dags/isr_pipeline.py for tasks to queue
[2026-04-05T16:47:21.861+0000] {logging_mixin.py:188} INFO - [2026-04-05T16:47:21.859+0000] {dagbag.py:540} INFO - Filling up the DagBag from /opt/airflow/dags/isr_pipeline.py
[2026-04-05T16:47:21.955+0000] {processor.py:840} INFO - DAG(s) 'isr_pipeline' retrieved from /opt/airflow/dags/isr_pipeline.py
[2026-04-05T16:47:22.138+0000] {logging_mixin.py:188} INFO - [2026-04-05T16:47:22.137+0000] {dag.py:3096} INFO - Sync 1 DAGs
[2026-04-05T16:47:22.351+0000] {processor.py:183} INFO - Processing /opt/airflow/dags/isr_pipeline.py took 0.544 seconds
[2026-04-05T16:47:52.634+0000] {processor.py:161} INFO - Started process (PID=60671) to work on /opt/airflow/dags/isr_pipeline.py
[2026-04-05T16:47:52.645+0000] {processor.py:830} INFO - Processing file /opt/airflow/dags/isr_pipeline.py for tasks to queue
[2026-04-05T16:47:52.652+0000] {logging_mixin.py:188} INFO - [2026-04-05T16:47:52.651+0000] {dagbag.py:540} INFO - Filling up the DagBag from /opt/airflow/dags/isr_pipeline.py
[2026-04-05T16:47:52.757+0000] {processor.py:840} INFO - DAG(s) 'isr_pipeline' retrieved from /opt/airflow/dags/isr_pipeline.py
[2026-04-05T16:47:52.948+0000] {logging_mixin.py:188} INFO - [2026-04-05T16:47:52.947+0000] {dag.py:3096} INFO - Sync 1 DAGs
[2026-04-05T16:47:53.170+0000] {processor.py:183} INFO - Processing /opt/airflow/dags/isr_pipeline.py took 0.574 seconds
[2026-04-05T16:48:23.682+0000] {processor.py:161} INFO - Started process (PID=60676) to work on /opt/airflow/dags/isr_pipeline.py
[2026-04-05T16:48:23.690+0000] {processor.py:830} INFO - Processing file /opt/airflow/dags/isr_pipeline.py for tasks to queue
[2026-04-05T16:48:23.696+0000] {logging_mixin.py:188} INFO - [2026-04-05T16:48:23.694+0000] {dagbag.py:540} INFO - Filling up the DagBag from /opt/airflow/dags/isr_pipeline.py
[2026-04-05T16:48:23.790+0000] {processor.py:840} INFO - DAG(s) 'isr_pipeline' retrieved from /opt/airflow/dags/isr_pipeline.py
[2026-04-05T16:48:23.976+0000] {logging_mixin.py:188} INFO - [2026-04-05T16:48:23.975+0000] {dag.py:3096} INFO - Sync 1 DAGs
[2026-04-05T16:48:24.176+0000] {processor.py:183} INFO - Processing /opt/airflow/dags/isr_pipeline.py took 0.534 seconds
[2026-04-05T16:48:54.502+0000] {processor.py:161} INFO - Started process (PID=60681) to work on /opt/airflow/dags/isr_pipeline.py
[2026-04-05T16:48:54.510+0000] {processor.py:830} INFO - Processing file /opt/airflow/dags/isr_pipeline.py for tasks to queue
[2026-04-05T16:48:54.516+0000] {logging_mixin.py:188} INFO - [2026-04-05T16:48:54.515+0000] {dagbag.py:540} INFO - Filling up the DagBag from /opt/airflow/dags/isr_pipeline.py
[2026-04-05T16:48:54.614+0000] {processor.py:840} INFO - DAG(s) 'isr_pipeline' retrieved from /opt/airflow/dags/isr_pipeline.py
[2026-04-05T16:48:54.796+0000] {logging_mixin.py:188} INFO - [2026-04-05T16:48:54.795+0000] {dag.py:3096} INFO - Sync 1 DAGs
[2026-04-05T16:48:55.000+0000] {processor.py:183} INFO - Processing /opt/airflow/dags/isr_pipeline.py took 0.540 seconds
[2026-04-05T16:49:25.534+0000] {processor.py:161} INFO - Started process (PID=60686) to work on /opt/airflow/dags/isr_pipeline.py
[2026-04-05T16:49:25.542+0000] {processor.py:830} INFO - Processing file /opt/airflow/dags/isr_pipeline.py for tasks to queue
[2026-04-05T16:49:25.551+0000] {logging_mixin.py:188} INFO - [2026-04-05T16:49:25.549+0000] {dagbag.py:540} INFO - Filling up the DagBag from /opt/airflow/dags/isr_pipeline.py
[2026-04-05T16:49:25.648+0000] {processor.py:840} INFO - DAG(s) 'isr_pipeline' retrieved from /opt/airflow/dags/isr_pipeline.py
[2026-04-05T16:49:25.833+0000] {logging_mixin.py:188} INFO - [2026-04-05T16:49:25.832+0000] {dag.py:3096} INFO - Sync 1 DAGs
[2026-04-05T16:49:26.045+0000] {processor.py:183} INFO - Processing /opt/airflow/dags/isr_pipeline.py took 0.549 seconds
[2026-04-05T16:49:56.416+0000] {processor.py:161} INFO - Started process (PID=60691) to work on /opt/airflow/dags/isr_pipeline.py
[2026-04-05T16:49:56.425+0000] {processor.py:830} INFO - Processing file /opt/airflow/dags/isr_pipeline.py for tasks to queue
[2026-04-05T16:49:56.432+0000] {logging_mixin.py:188} INFO - [2026-04-05T16:49:56.430+0000] {dagbag.py:540} INFO - Filling up the DagBag from /opt/airflow/dags/isr_pipeline.py
[2026-04-05T16:49:56.527+0000] {processor.py:840} INFO - DAG(s) 'isr_pipeline' retrieved from /opt/airflow/dags/isr_pipeline.py
[2026-04-05T16:49:56.705+0000] {logging_mixin.py:188} INFO - [2026-04-05T16:49:56.704+0000] {dag.py:3096} INFO - Sync 1 DAGs
[2026-04-05T16:49:56.913+0000] {processor.py:183} INFO - Processing /opt/airflow/dags/isr_pipeline.py took 0.537 seconds
[2026-04-05T16:50:27.353+0000] {processor.py:161} INFO - Started process (PID=60696) to work on /opt/airflow/dags/isr_pipeline.py
[2026-04-05T16:50:27.360+0000] {processor.py:830} INFO - Processing file /opt/airflow/dags/isr_pipeline.py for tasks to queue
[2026-04-05T16:50:27.370+0000] {logging_mixin.py:188} INFO - [2026-04-05T16:50:27.368+0000] {dagbag.py:540} INFO - Filling up the DagBag from /opt/airflow/dags/isr_pipeline.py
[2026-04-05T16:50:27.468+0000] {processor.py:840} INFO - DAG(s) 'isr_pipeline' retrieved from /opt/airflow/dags/isr_pipeline.py
[2026-04-05T16:50:27.652+0000] {logging_mixin.py:188} INFO - [2026-04-05T16:50:27.650+0000] {dag.py:3096} INFO - Sync 1 DAGs
[2026-04-05T16:50:27.867+0000] {processor.py:183} INFO - Processing /opt/airflow/dags/isr_pipeline.py took 0.553 seconds
[2026-04-05T16:50:58.442+0000] {processor.py:161} INFO - Started process (PID=60701) to work on /opt/airflow/dags/isr_pipeline.py
[2026-04-05T16:50:58.449+0000] {processor.py:830} INFO - Processing file /opt/airflow/dags/isr_pipeline.py for tasks to queue
[2026-04-05T16:50:58.457+0000] {logging_mixin.py:188} INFO - [2026-04-05T16:50:58.455+0000] {dagbag.py:540} INFO - Filling up the DagBag from /opt/airflow/dags/isr_pipeline.py
[2026-04-05T16:50:58.565+0000] {processor.py:840} INFO - DAG(s) 'isr_pipeline' retrieved from /opt/airflow/dags/isr_pipeline.py
[2026-04-05T16:50:58.761+0000] {logging_mixin.py:188} INFO - [2026-04-05T16:50:58.760+0000] {dag.py:3096} INFO - Sync 1 DAGs
[2026-04-05T16:50:58.990+0000] {processor.py:183} INFO - Processing /opt/airflow/dags/isr_pipeline.py took 0.587 seconds
[2026-04-05T16:51:29.555+0000] {processor.py:161} INFO - Started process (PID=60706) to work on /opt/airflow/dags/isr_pipeline.py
[2026-04-05T16:51:29.564+0000] {processor.py:830} INFO - Processing file /opt/airflow/dags/isr_pipeline.py for tasks to queue
[2026-04-05T16:51:29.572+0000] {logging_mixin.py:188} INFO - [2026-04-05T16:51:29.570+0000] {dagbag.py:540} INFO - Filling up the DagBag from /opt/airflow/dags/isr_pipeline.py
[2026-04-05T16:51:29.670+0000] {processor.py:840} INFO - DAG(s) 'isr_pipeline' retrieved from /opt/airflow/dags/isr_pipeline.py
[2026-04-05T16:51:29.865+0000] {logging_mixin.py:188} INFO - [2026-04-05T16:51:29.864+0000] {dag.py:3096} INFO - Sync 1 DAGs
[2026-04-05T16:51:30.070+0000] {processor.py:183} INFO - Processing /opt/airflow/dags/isr_pipeline.py took 0.554 seconds
[2026-04-05T16:52:00.616+0000] {processor.py:161} INFO - Started process (PID=60711) to work on /opt/airflow/dags/isr_pipeline.py
[2026-04-05T16:52:00.624+0000] {processor.py:830} INFO - Processing file /opt/airflow/dags/isr_pipeline.py for tasks to queue
[2026-04-05T16:52:00.631+0000] {logging_mixin.py:188} INFO - [2026-04-05T16:52:00.629+0000] {dagbag.py:540} INFO - Filling up the DagBag from /opt/airflow/dags/isr_pipeline.py
[2026-04-05T16:52:00.725+0000] {processor.py:840} INFO - DAG(s) 'isr_pipeline' retrieved from /opt/airflow/dags/isr_pipeline.py
[2026-04-05T16:52:00.906+0000] {logging_mixin.py:188} INFO - [2026-04-05T16:52:00.905+0000] {dag.py:3096} INFO - Sync 1 DAGs
[2026-04-05T16:52:01.101+0000] {processor.py:183} INFO - Processing /opt/airflow/dags/isr_pipeline.py took 0.522 seconds
[2026-04-05T16:52:31.473+0000] {processor.py:161} INFO - Started process (PID=60716) to work on /opt/airflow/dags/isr_pipeline.py
[2026-04-05T16:52:31.480+0000] {processor.py:830} INFO - Processing file /opt/airflow/dags/isr_pipeline.py for tasks to queue
[2026-04-05T16:52:31.487+0000] {logging_mixin.py:188} INFO - [2026-04-05T16:52:31.486+0000] {dagbag.py:540} INFO - Filling up the DagBag from /opt/airflow/dags/isr_pipeline.py
[2026-04-05T16:52:31.584+0000] {processor.py:840} INFO - DAG(s) 'isr_pipeline' retrieved from /opt/airflow/dags/isr_pipeline.py
[2026-04-05T16:52:31.768+0000] {logging_mixin.py:188} INFO - [2026-04-05T16:52:31.767+0000] {dag.py:3096} INFO - Sync 1 DAGs
[2026-04-05T16:52:31.976+0000] {processor.py:183} INFO - Processing /opt/airflow/dags/isr_pipeline.py took 0.544 seconds
[2026-04-05T16:53:02.474+0000] {processor.py:161} INFO - Started process (PID=60721) to work on /opt/airflow/dags/isr_pipeline.py
[2026-04-05T16:53:02.482+0000] {processor.py:830} INFO - Processing file /opt/airflow/dags/isr_pipeline.py for tasks to queue
[2026-04-05T16:53:02.489+0000] {logging_mixin.py:188} INFO - [2026-04-05T16:53:02.488+0000] {dagbag.py:540} INFO - Filling up the DagBag from /opt/airflow/dags/isr_pipeline.py
[2026-04-05T16:53:02.594+0000] {processor.py:840} INFO - DAG(s) 'isr_pipeline' retrieved from /opt/airflow/dags/isr_pipeline.py
[2026-04-05T16:53:02.774+0000] {logging_mixin.py:188} INFO - [2026-04-05T16:53:02.773+0000] {dag.py:3096} INFO - Sync 1 DAGs
[2026-04-05T16:53:02.980+0000] {processor.py:183} INFO - Processing /opt/airflow/dags/isr_pipeline.py took 0.546 seconds
[2026-04-05T16:53:33.315+0000] {processor.py:161} INFO - Started process (PID=60726) to work on /opt/airflow/dags/isr_pipeline.py
[2026-04-05T16:53:33.323+0000] {processor.py:830} INFO - Processing file /opt/airflow/dags/isr_pipeline.py for tasks to queue
[2026-04-05T16:53:33.331+0000] {logging_mixin.py:188} INFO - [2026-04-05T16:53:33.329+0000] {dagbag.py:540} INFO - Filling up the DagBag from /opt/airflow/dags/isr_pipeline.py
[2026-04-05T16:53:33.430+0000] {processor.py:840} INFO - DAG(s) 'isr_pipeline' retrieved from /opt/airflow/dags/isr_pipeline.py
[2026-04-05T16:53:33.610+0000] {logging_mixin.py:188} INFO - [2026-04-05T16:53:33.609+0000] {dag.py:3096} INFO - Sync 1 DAGs
[2026-04-05T16:53:33.815+0000] {processor.py:183} INFO - Processing /opt/airflow/dags/isr_pipeline.py took 0.540 seconds
[2026-04-05T16:54:04.341+0000] {processor.py:161} INFO - Started process (PID=60731) to work on /opt/airflow/dags/isr_pipeline.py
[2026-04-05T16:54:04.352+0000] {processor.py:830} INFO - Processing file /opt/airflow/dags/isr_pipeline.py for tasks to queue
[2026-04-05T16:54:04.363+0000] {logging_mixin.py:188} INFO - [2026-04-05T16:54:04.361+0000] {dagbag.py:540} INFO - Filling up the DagBag from /opt/airflow/dags/isr_pipeline.py
[2026-04-05T16:54:04.464+0000] {processor.py:840} INFO - DAG(s) 'isr_pipeline' retrieved from /opt/airflow/dags/isr_pipeline.py
[2026-04-05T16:54:04.655+0000] {logging_mixin.py:188} INFO - [2026-04-05T16:54:04.653+0000] {dag.py:3096} INFO - Sync 1 DAGs
[2026-04-05T16:54:04.869+0000] {processor.py:183} INFO - Processing /opt/airflow/dags/isr_pipeline.py took 0.568 seconds
[2026-04-05T16:54:35.222+0000] {processor.py:161} INFO - Started process (PID=60736) to work on /opt/airflow/dags/isr_pipeline.py
[2026-04-05T16:54:35.228+0000] {processor.py:830} INFO - Processing file /opt/airflow/dags/isr_pipeline.py for tasks to queue
[2026-04-05T16:54:35.235+0000] {logging_mixin.py:188} INFO - [2026-04-05T16:54:35.233+0000] {dagbag.py:540} INFO - Filling up the DagBag from /opt/airflow/dags/isr_pipeline.py
[2026-04-05T16:54:35.332+0000] {processor.py:840} INFO - DAG(s) 'isr_pipeline' retrieved from /opt/airflow/dags/isr_pipeline.py
[2026-04-05T16:54:35.518+0000] {logging_mixin.py:188} INFO - [2026-04-05T16:54:35.516+0000] {dag.py:3096} INFO - Sync 1 DAGs
[2026-04-05T16:54:35.728+0000] {processor.py:183} INFO - Processing /opt/airflow/dags/isr_pipeline.py took 0.546 seconds
[2026-04-05T16:55:06.254+0000] {processor.py:161} INFO - Started process (PID=60741) to work on /opt/airflow/dags/isr_pipeline.py
[2026-04-05T16:55:06.262+0000] {processor.py:830} INFO - Processing file /opt/airflow/dags/isr_pipeline.py for tasks to queue
[2026-04-05T16:55:06.269+0000] {logging_mixin.py:188} INFO - [2026-04-05T16:55:06.267+0000] {dagbag.py:540} INFO - Filling up the DagBag from /opt/airflow/dags/isr_pipeline.py
[2026-04-05T16:55:06.379+0000] {processor.py:840} INFO - DAG(s) 'isr_pipeline' retrieved from /opt/airflow/dags/isr_pipeline.py
[2026-04-05T16:55:06.577+0000] {logging_mixin.py:188} INFO - [2026-04-05T16:55:06.576+0000] {dag.py:3096} INFO - Sync 1 DAGs
[2026-04-05T16:55:06.797+0000] {processor.py:183} INFO - Processing /opt/airflow/dags/isr_pipeline.py took 0.581 seconds
[2026-04-05T16:55:37.311+0000] {processor.py:161} INFO - Started process (PID=60746) to work on /opt/airflow/dags/isr_pipeline.py
[2026-04-05T16:55:37.318+0000] {processor.py:830} INFO - Processing file /opt/airflow/dags/isr_pipeline.py for tasks to queue
[2026-04-05T16:55:37.326+0000] {logging_mixin.py:188} INFO - [2026-04-05T16:55:37.324+0000] {dagbag.py:540} INFO - Filling up the DagBag from /opt/airflow/dags/isr_pipeline.py
[2026-04-05T16:55:37.428+0000] {processor.py:840} INFO - DAG(s) 'isr_pipeline' retrieved from /opt/airflow/dags/isr_pipeline.py
[2026-04-05T16:55:37.615+0000] {logging_mixin.py:188} INFO - [2026-04-05T16:55:37.614+0000] {dag.py:3096} INFO - Sync 1 DAGs
[2026-04-05T16:55:37.822+0000] {processor.py:183} INFO - Processing /opt/airflow/dags/isr_pipeline.py took 0.552 seconds
[2026-04-05T16:56:08.355+0000] {processor.py:161} INFO - Started process (PID=60751) to work on /opt/airflow/dags/isr_pipeline.py
[2026-04-05T16:56:08.362+0000] {processor.py:830} INFO - Processing file /opt/airflow/dags/isr_pipeline.py for tasks to queue
[2026-04-05T16:56:08.370+0000] {logging_mixin.py:188} INFO - [2026-04-05T16:56:08.368+0000] {dagbag.py:540} INFO - Filling up the DagBag from /opt/airflow/dags/isr_pipeline.py
[2026-04-05T16:56:08.492+0000] {processor.py:840} INFO - DAG(s) 'isr_pipeline' retrieved from /opt/airflow/dags/isr_pipeline.py
[2026-04-05T16:56:08.674+0000] {logging_mixin.py:188} INFO - [2026-04-05T16:56:08.673+0000] {dag.py:3096} INFO - Sync 1 DAGs
[2026-04-05T16:56:08.876+0000] {processor.py:183} INFO - Processing /opt/airflow/dags/isr_pipeline.py took 0.558 seconds
[2026-04-05T16:56:39.362+0000] {processor.py:161} INFO - Started process (PID=60756) to work on /opt/airflow/dags/isr_pipeline.py
[2026-04-05T16:56:39.371+0000] {processor.py:830} INFO - Processing file /opt/airflow/dags/isr_pipeline.py for tasks to queue
[2026-04-05T16:56:39.378+0000] {logging_mixin.py:188} INFO - [2026-04-05T16:56:39.376+0000] {dagbag.py:540} INFO - Filling up the DagBag from /opt/airflow/dags/isr_pipeline.py
[2026-04-05T16:56:39.483+0000] {processor.py:840} INFO - DAG(s) 'isr_pipeline' retrieved from /opt/airflow/dags/isr_pipeline.py
[2026-04-05T16:56:39.681+0000] {logging_mixin.py:188} INFO - [2026-04-05T16:56:39.680+0000] {dag.py:3096} INFO - Sync 1 DAGs
[2026-04-05T16:56:39.878+0000] {processor.py:183} INFO - Processing /opt/airflow/dags/isr_pipeline.py took 0.555 seconds
[2026-04-05T16:57:10.413+0000] {processor.py:161} INFO - Started process (PID=60761) to work on /opt/airflow/dags/isr_pipeline.py
[2026-04-05T16:57:10.420+0000] {processor.py:830} INFO - Processing file /opt/airflow/dags/isr_pipeline.py for tasks to queue
[2026-04-05T16:57:10.427+0000] {logging_mixin.py:188} INFO - [2026-04-05T16:57:10.425+0000] {dagbag.py:540} INFO - Filling up the DagBag from /opt/airflow/dags/isr_pipeline.py
[2026-04-05T16:57:10.533+0000] {processor.py:840} INFO - DAG(s) 'isr_pipeline' retrieved from /opt/airflow/dags/isr_pipeline.py
[2026-04-05T16:57:10.722+0000] {logging_mixin.py:188} INFO - [2026-04-05T16:57:10.721+0000] {dag.py:3096} INFO - Sync 1 DAGs
[2026-04-05T16:57:10.924+0000] {processor.py:183} INFO - Processing /opt/airflow/dags/isr_pipeline.py took 0.552 seconds
[2026-04-05T16:57:41.566+0000] {processor.py:161} INFO - Started process (PID=60766) to work on /opt/airflow/dags/isr_pipeline.py
[2026-04-05T16:57:41.575+0000] {processor.py:830} INFO - Processing file /opt/airflow/dags/isr_pipeline.py for tasks to queue
[2026-04-05T16:57:41.584+0000] {logging_mixin.py:188} INFO - [2026-04-05T16:57:41.582+0000] {dagbag.py:540} INFO - Filling up the DagBag from /opt/airflow/dags/isr_pipeline.py
[2026-04-05T16:57:41.711+0000] {processor.py:840} INFO - DAG(s) 'isr_pipeline' retrieved from /opt/airflow/dags/isr_pipeline.py
[2026-04-05T16:57:41.966+0000] {logging_mixin.py:188} INFO - [2026-04-05T16:57:41.965+0000] {dag.py:3096} INFO - Sync 1 DAGs
[2026-04-05T16:57:42.265+0000] {processor.py:183} INFO - Processing /opt/airflow/dags/isr_pipeline.py took 0.751 seconds
[2026-04-05T17:27:46.796+0000] {processor.py:161} INFO - Started process (PID=60771) to work on /opt/airflow/dags/isr_pipeline.py
[2026-04-05T17:27:46.798+0000] {processor.py:830} INFO - Processing file /opt/airflow/dags/isr_pipeline.py for tasks to queue
[2026-04-05T17:27:46.799+0000] {logging_mixin.py:188} INFO - [2026-04-05T17:27:46.799+0000] {dagbag.py:540} INFO - Filling up the DagBag from /opt/airflow/dags/isr_pipeline.py
[2026-04-05T17:27:46.832+0000] {processor.py:840} INFO - DAG(s) 'isr_pipeline' retrieved from /opt/airflow/dags/isr_pipeline.py
[2026-04-05T17:27:46.899+0000] {logging_mixin.py:188} INFO - [2026-04-05T17:27:46.898+0000] {dag.py:3096} INFO - Sync 1 DAGs
[2026-04-05T17:27:47.003+0000] {processor.py:183} INFO - Processing /opt/airflow/dags/isr_pipeline.py took 0.217 seconds
[2026-04-05T17:28:17.349+0000] {processor.py:161} INFO - Started process (PID=60776) to work on /opt/airflow/dags/isr_pipeline.py
[2026-04-05T17:28:17.355+0000] {processor.py:830} INFO - Processing file /opt/airflow/dags/isr_pipeline.py for tasks to queue
[2026-04-05T17:28:17.362+0000] {logging_mixin.py:188} INFO - [2026-04-05T17:28:17.360+0000] {dagbag.py:540} INFO - Filling up the DagBag from /opt/airflow/dags/isr_pipeline.py
[2026-04-05T17:28:17.468+0000] {processor.py:840} INFO - DAG(s) 'isr_pipeline' retrieved from /opt/airflow/dags/isr_pipeline.py
[2026-04-05T17:28:17.642+0000] {logging_mixin.py:188} INFO - [2026-04-05T17:28:17.641+0000] {dag.py:3096} INFO - Sync 1 DAGs
[2026-04-05T17:28:17.843+0000] {processor.py:183} INFO - Processing /opt/airflow/dags/isr_pipeline.py took 0.532 seconds
[2026-04-05T17:28:48.479+0000] {processor.py:161} INFO - Started process (PID=60781) to work on /opt/airflow/dags/isr_pipeline.py
[2026-04-05T17:28:48.488+0000] {processor.py:830} INFO - Processing file /opt/airflow/dags/isr_pipeline.py for tasks to queue
[2026-04-05T17:28:48.496+0000] {logging_mixin.py:188} INFO - [2026-04-05T17:28:48.494+0000] {dagbag.py:540} INFO - Filling up the DagBag from /opt/airflow/dags/isr_pipeline.py
[2026-04-05T17:28:48.611+0000] {processor.py:840} INFO - DAG(s) 'isr_pipeline' retrieved from /opt/airflow/dags/isr_pipeline.py
[2026-04-05T17:28:48.852+0000] {logging_mixin.py:188} INFO - [2026-04-05T17:28:48.851+0000] {dag.py:3096} INFO - Sync 1 DAGs
[2026-04-05T17:28:49.065+0000] {processor.py:183} INFO - Processing /opt/airflow/dags/isr_pipeline.py took 0.630 seconds
[2026-04-05T17:29:19.276+0000] {processor.py:161} INFO - Started process (PID=60786) to work on /opt/airflow/dags/isr_pipeline.py
[2026-04-05T17:29:19.284+0000] {processor.py:830} INFO - Processing file /opt/airflow/dags/isr_pipeline.py for tasks to queue
[2026-04-05T17:29:19.291+0000] {logging_mixin.py:188} INFO - [2026-04-05T17:29:19.289+0000] {dagbag.py:540} INFO - Filling up the DagBag from /opt/airflow/dags/isr_pipeline.py
[2026-04-05T17:29:19.383+0000] {processor.py:840} INFO - DAG(s) 'isr_pipeline' retrieved from /opt/airflow/dags/isr_pipeline.py
[2026-04-05T17:29:19.559+0000] {logging_mixin.py:188} INFO - [2026-04-05T17:29:19.558+0000] {dag.py:3096} INFO - Sync 1 DAGs
[2026-04-05T17:29:19.756+0000] {processor.py:183} INFO - Processing /opt/airflow/dags/isr_pipeline.py took 0.518 seconds
[2026-04-05T17:29:50.275+0000] {processor.py:161} INFO - Started process (PID=60791) to work on /opt/airflow/dags/isr_pipeline.py
[2026-04-05T17:29:50.283+0000] {processor.py:830} INFO - Processing file /opt/airflow/dags/isr_pipeline.py for tasks to queue
[2026-04-05T17:29:50.290+0000] {logging_mixin.py:188} INFO - [2026-04-05T17:29:50.288+0000] {dagbag.py:540} INFO - Filling up the DagBag from /opt/airflow/dags/isr_pipeline.py
[2026-04-05T17:29:50.385+0000] {processor.py:840} INFO - DAG(s) 'isr_pipeline' retrieved from /opt/airflow/dags/isr_pipeline.py
[2026-04-05T17:29:50.567+0000] {logging_mixin.py:188} INFO - [2026-04-05T17:29:50.566+0000] {dag.py:3096} INFO - Sync 1 DAGs
[2026-04-05T17:29:50.772+0000] {processor.py:183} INFO - Processing /opt/airflow/dags/isr_pipeline.py took 0.535 seconds
[2026-04-05T17:30:21.220+0000] {processor.py:161} INFO - Started process (PID=60796) to work on /opt/airflow/dags/isr_pipeline.py
[2026-04-05T17:30:21.228+0000] {processor.py:830} INFO - Processing file /opt/airflow/dags/isr_pipeline.py for tasks to queue
[2026-04-05T17:30:21.235+0000] {logging_mixin.py:188} INFO - [2026-04-05T17:30:21.233+0000] {dagbag.py:540} INFO - Filling up the DagBag from /opt/airflow/dags/isr_pipeline.py
[2026-04-05T17:30:21.329+0000] {processor.py:840} INFO - DAG(s) 'isr_pipeline' retrieved from /opt/airflow/dags/isr_pipeline.py
[2026-04-05T17:30:21.511+0000] {logging_mixin.py:188} INFO - [2026-04-05T17:30:21.510+0000] {dag.py:3096} INFO - Sync 1 DAGs
[2026-04-05T17:30:21.721+0000] {processor.py:183} INFO - Processing /opt/airflow/dags/isr_pipeline.py took 0.536 seconds
[2026-04-05T17:30:52.255+0000] {processor.py:161} INFO - Started process (PID=60801) to work on /opt/airflow/dags/isr_pipeline.py
[2026-04-05T17:30:52.262+0000] {processor.py:830} INFO - Processing file /opt/airflow/dags/isr_pipeline.py for tasks to queue
[2026-04-05T17:30:52.269+0000] {logging_mixin.py:188} INFO - [2026-04-05T17:30:52.267+0000] {dagbag.py:540} INFO - Filling up the DagBag from /opt/airflow/dags/isr_pipeline.py
[2026-04-05T17:30:52.367+0000] {processor.py:840} INFO - DAG(s) 'isr_pipeline' retrieved from /opt/airflow/dags/isr_pipeline.py
[2026-04-05T17:30:52.555+0000] {logging_mixin.py:188} INFO - [2026-04-05T17:30:52.554+0000] {dag.py:3096} INFO - Sync 1 DAGs
[2026-04-05T17:30:52.756+0000] {processor.py:183} INFO - Processing /opt/airflow/dags/isr_pipeline.py took 0.540 seconds
[2026-04-05T17:31:23.039+0000] {processor.py:161} INFO - Started process (PID=60806) to work on /opt/airflow/dags/isr_pipeline.py
[2026-04-05T17:31:23.048+0000] {processor.py:830} INFO - Processing file /opt/airflow/dags/isr_pipeline.py for tasks to queue
[2026-04-05T17:31:23.055+0000] {logging_mixin.py:188} INFO - [2026-04-05T17:31:23.053+0000] {dagbag.py:540} INFO - Filling up the DagBag from /opt/airflow/dags/isr_pipeline.py
[2026-04-05T17:31:23.153+0000] {processor.py:840} INFO - DAG(s) 'isr_pipeline' retrieved from /opt/airflow/dags/isr_pipeline.py
[2026-04-05T17:31:23.342+0000] {logging_mixin.py:188} INFO - [2026-04-05T17:31:23.341+0000] {dag.py:3096} INFO - Sync 1 DAGs
[2026-04-05T17:31:23.558+0000] {processor.py:183} INFO - Processing /opt/airflow/dags/isr_pipeline.py took 0.561 seconds
[2026-04-05T17:31:54.061+0000] {processor.py:161} INFO - Started process (PID=60811) to work on /opt/airflow/dags/isr_pipeline.py
[2026-04-05T17:31:54.068+0000] {processor.py:830} INFO - Processing file /opt/airflow/dags/isr_pipeline.py for tasks to queue
[2026-04-05T17:31:54.075+0000] {logging_mixin.py:188} INFO - [2026-04-05T17:31:54.073+0000] {dagbag.py:540} INFO - Filling up the DagBag from /opt/airflow/dags/isr_pipeline.py
[2026-04-05T17:31:54.170+0000] {processor.py:840} INFO - DAG(s) 'isr_pipeline' retrieved from /opt/airflow/dags/isr_pipeline.py
[2026-04-05T17:31:54.354+0000] {logging_mixin.py:188} INFO - [2026-04-05T17:31:54.353+0000] {dag.py:3096} INFO - Sync 1 DAGs
[2026-04-05T17:31:54.558+0000] {processor.py:183} INFO - Processing /opt/airflow/dags/isr_pipeline.py took 0.537 seconds
[2026-04-05T17:32:24.851+0000] {processor.py:161} INFO - Started process (PID=60816) to work on /opt/airflow/dags/isr_pipeline.py
[2026-04-05T17:32:24.859+0000] {processor.py:830} INFO - Processing file /opt/airflow/dags/isr_pipeline.py for tasks to queue
[2026-04-05T17:32:24.866+0000] {logging_mixin.py:188} INFO - [2026-04-05T17:32:24.864+0000] {dagbag.py:540} INFO - Filling up the DagBag from /opt/airflow/dags/isr_pipeline.py
[2026-04-05T17:32:24.962+0000] {processor.py:840} INFO - DAG(s) 'isr_pipeline' retrieved from /opt/airflow/dags/isr_pipeline.py
[2026-04-05T17:32:25.150+0000] {logging_mixin.py:188} INFO - [2026-04-05T17:32:25.149+0000] {dag.py:3096} INFO - Sync 1 DAGs
[2026-04-05T17:32:25.356+0000] {processor.py:183} INFO - Processing /opt/airflow/dags/isr_pipeline.py took 0.548 seconds
[2026-04-05T17:32:55.642+0000] {processor.py:161} INFO - Started process (PID=60821) to work on /opt/airflow/dags/isr_pipeline.py
[2026-04-05T17:32:55.648+0000] {processor.py:830} INFO - Processing file /opt/airflow/dags/isr_pipeline.py for tasks to queue
[2026-04-05T17:32:55.655+0000] {logging_mixin.py:188} INFO - [2026-04-05T17:32:55.653+0000] {dagbag.py:540} INFO - Filling up the DagBag from /opt/airflow/dags/isr_pipeline.py
[2026-04-05T17:32:55.748+0000] {processor.py:840} INFO - DAG(s) 'isr_pipeline' retrieved from /opt/airflow/dags/isr_pipeline.py
[2026-04-05T17:32:55.937+0000] {logging_mixin.py:188} INFO - [2026-04-05T17:32:55.936+0000] {dag.py:3096} INFO - Sync 1 DAGs
[2026-04-05T17:32:56.149+0000] {processor.py:183} INFO - Processing /opt/airflow/dags/isr_pipeline.py took 0.551 seconds
[2026-04-05T17:33:26.667+0000] {processor.py:161} INFO - Started process (PID=60826) to work on /opt/airflow/dags/isr_pipeline.py
[2026-04-05T17:33:26.676+0000] {processor.py:830} INFO - Processing file /opt/airflow/dags/isr_pipeline.py for tasks to queue
[2026-04-05T17:33:26.686+0000] {logging_mixin.py:188} INFO - [2026-04-05T17:33:26.684+0000] {dagbag.py:540} INFO - Filling up the DagBag from /opt/airflow/dags/isr_pipeline.py
[2026-04-05T17:33:26.781+0000] {processor.py:840} INFO - DAG(s) 'isr_pipeline' retrieved from /opt/airflow/dags/isr_pipeline.py
[2026-04-05T17:33:26.971+0000] {logging_mixin.py:188} INFO - [2026-04-05T17:33:26.969+0000] {dag.py:3096} INFO - Sync 1 DAGs
[2026-04-05T17:33:27.179+0000] {processor.py:183} INFO - Processing /opt/airflow/dags/isr_pipeline.py took 0.550 seconds
[2026-04-05T17:33:57.507+0000] {processor.py:161} INFO - Started process (PID=60831) to work on /opt/airflow/dags/isr_pipeline.py
[2026-04-05T17:33:57.514+0000] {processor.py:830} INFO - Processing file /opt/airflow/dags/isr_pipeline.py for tasks to queue
[2026-04-05T17:33:57.521+0000] {logging_mixin.py:188} INFO - [2026-04-05T17:33:57.519+0000] {dagbag.py:540} INFO - Filling up the DagBag from /opt/airflow/dags/isr_pipeline.py
[2026-04-05T17:33:57.614+0000] {processor.py:840} INFO - DAG(s) 'isr_pipeline' retrieved from /opt/airflow/dags/isr_pipeline.py
[2026-04-05T17:33:57.796+0000] {logging_mixin.py:188} INFO - [2026-04-05T17:33:57.795+0000] {dag.py:3096} INFO - Sync 1 DAGs
[2026-04-05T17:33:58.003+0000] {processor.py:183} INFO - Processing /opt/airflow/dags/isr_pipeline.py took 0.535 seconds
[2026-04-05T17:34:28.498+0000] {processor.py:161} INFO - Started process (PID=60836) to work on /opt/airflow/dags/isr_pipeline.py
[2026-04-05T17:34:28.507+0000] {processor.py:830} INFO - Processing file /opt/airflow/dags/isr_pipeline.py for tasks to queue
[2026-04-05T17:34:28.515+0000] {logging_mixin.py:188} INFO - [2026-04-05T17:34:28.513+0000] {dagbag.py:540} INFO - Filling up the DagBag from /opt/airflow/dags/isr_pipeline.py
[2026-04-05T17:34:28.606+0000] {processor.py:840} INFO - DAG(s) 'isr_pipeline' retrieved from /opt/airflow/dags/isr_pipeline.py
[2026-04-05T17:34:28.787+0000] {logging_mixin.py:188} INFO - [2026-04-05T17:34:28.786+0000] {dag.py:3096} INFO - Sync 1 DAGs
[2026-04-05T17:34:29.015+0000] {processor.py:183} INFO - Processing /opt/airflow/dags/isr_pipeline.py took 0.558 seconds
[2026-04-05T17:34:59.478+0000] {processor.py:161} INFO - Started process (PID=60841) to work on /opt/airflow/dags/isr_pipeline.py
[2026-04-05T17:34:59.486+0000] {processor.py:830} INFO - Processing file /opt/airflow/dags/isr_pipeline.py for tasks to queue
[2026-04-05T17:34:59.494+0000] {logging_mixin.py:188} INFO - [2026-04-05T17:34:59.492+0000] {dagbag.py:540} INFO - Filling up the DagBag from /opt/airflow/dags/isr_pipeline.py
[2026-04-05T17:34:59.608+0000] {processor.py:840} INFO - DAG(s) 'isr_pipeline' retrieved from /opt/airflow/dags/isr_pipeline.py
[2026-04-05T17:34:59.816+0000] {logging_mixin.py:188} INFO - [2026-04-05T17:34:59.815+0000] {dag.py:3096} INFO - Sync 1 DAGs
[2026-04-05T17:35:00.146+0000] {processor.py:183} INFO - Processing /opt/airflow/dags/isr_pipeline.py took 0.711 seconds
[2026-04-05T17:35:30.799+0000] {processor.py:161} INFO - Started process (PID=60846) to work on /opt/airflow/dags/isr_pipeline.py
[2026-04-05T17:35:30.806+0000] {processor.py:830} INFO - Processing file /opt/airflow/dags/isr_pipeline.py for tasks to queue
[2026-04-05T17:35:30.823+0000] {logging_mixin.py:188} INFO - [2026-04-05T17:35:30.818+0000] {dagbag.py:540} INFO - Filling up the DagBag from /opt/airflow/dags/isr_pipeline.py
[2026-04-05T17:35:30.921+0000] {processor.py:840} INFO - DAG(s) 'isr_pipeline' retrieved from /opt/airflow/dags/isr_pipeline.py
[2026-04-05T17:35:31.112+0000] {logging_mixin.py:188} INFO - [2026-04-05T17:35:31.111+0000] {dag.py:3096} INFO - Sync 1 DAGs
[2026-04-05T17:35:31.314+0000] {processor.py:183} INFO - Processing /opt/airflow/dags/isr_pipeline.py took 0.557 seconds
[2026-04-05T17:36:01.803+0000] {processor.py:161} INFO - Started process (PID=60851) to work on /opt/airflow/dags/isr_pipeline.py
[2026-04-05T17:36:01.811+0000] {processor.py:830} INFO - Processing file /opt/airflow/dags/isr_pipeline.py for tasks to queue
[2026-04-05T17:36:01.818+0000] {logging_mixin.py:188} INFO - [2026-04-05T17:36:01.816+0000] {dagbag.py:540} INFO - Filling up the DagBag from /opt/airflow/dags/isr_pipeline.py
[2026-04-05T17:36:01.912+0000] {processor.py:840} INFO - DAG(s) 'isr_pipeline' retrieved from /opt/airflow/dags/isr_pipeline.py
[2026-04-05T17:36:02.102+0000] {logging_mixin.py:188} INFO - [2026-04-05T17:36:02.101+0000] {dag.py:3096} INFO - Sync 1 DAGs
[2026-04-05T17:36:02.304+0000] {processor.py:183} INFO - Processing /opt/airflow/dags/isr_pipeline.py took 0.540 seconds
[2026-04-05T17:36:32.604+0000] {processor.py:161} INFO - Started process (PID=60856) to work on /opt/airflow/dags/isr_pipeline.py
[2026-04-05T17:36:32.611+0000] {processor.py:830} INFO - Processing file /opt/airflow/dags/isr_pipeline.py for tasks to queue
[2026-04-05T17:36:32.618+0000] {logging_mixin.py:188} INFO - [2026-04-05T17:36:32.616+0000] {dagbag.py:540} INFO - Filling up the DagBag from /opt/airflow/dags/isr_pipeline.py
[2026-04-05T17:36:32.729+0000] {processor.py:840} INFO - DAG(s) 'isr_pipeline' retrieved from /opt/airflow/dags/isr_pipeline.py
[2026-04-05T17:36:32.916+0000] {logging_mixin.py:188} INFO - [2026-04-05T17:36:32.915+0000] {dag.py:3096} INFO - Sync 1 DAGs
[2026-04-05T17:36:33.123+0000] {processor.py:183} INFO - Processing /opt/airflow/dags/isr_pipeline.py took 0.555 seconds
[2026-04-05T17:37:03.632+0000] {processor.py:161} INFO - Started process (PID=60861) to work on /opt/airflow/dags/isr_pipeline.py
[2026-04-05T17:37:03.640+0000] {processor.py:830} INFO - Processing file /opt/airflow/dags/isr_pipeline.py for tasks to queue
[2026-04-05T17:37:03.648+0000] {logging_mixin.py:188} INFO - [2026-04-05T17:37:03.646+0000] {dagbag.py:540} INFO - Filling up the DagBag from /opt/airflow/dags/isr_pipeline.py
[2026-04-05T17:37:03.748+0000] {processor.py:840} INFO - DAG(s) 'isr_pipeline' retrieved from /opt/airflow/dags/isr_pipeline.py
[2026-04-05T17:37:03.936+0000] {logging_mixin.py:188} INFO - [2026-04-05T17:37:03.934+0000] {dag.py:3096} INFO - Sync 1 DAGs
[2026-04-05T17:37:04.141+0000] {processor.py:183} INFO - Processing /opt/airflow/dags/isr_pipeline.py took 0.548 seconds
[2026-04-05T17:37:34.542+0000] {processor.py:161} INFO - Started process (PID=60866) to work on /opt/airflow/dags/isr_pipeline.py
[2026-04-05T17:37:34.549+0000] {processor.py:830} INFO - Processing file /opt/airflow/dags/isr_pipeline.py for tasks to queue
[2026-04-05T17:37:34.556+0000] {logging_mixin.py:188} INFO - [2026-04-05T17:37:34.554+0000] {dagbag.py:540} INFO - Filling up the DagBag from /opt/airflow/dags/isr_pipeline.py
[2026-04-05T17:37:34.648+0000] {processor.py:840} INFO - DAG(s) 'isr_pipeline' retrieved from /opt/airflow/dags/isr_pipeline.py
[2026-04-05T17:37:34.827+0000] {logging_mixin.py:188} INFO - [2026-04-05T17:37:34.826+0000] {dag.py:3096} INFO - Sync 1 DAGs
[2026-04-05T17:37:35.036+0000] {processor.py:183} INFO - Processing /opt/airflow/dags/isr_pipeline.py took 0.529 seconds
[2026-04-05T17:38:05.632+0000] {processor.py:161} INFO - Started process (PID=60871) to work on /opt/airflow/dags/isr_pipeline.py
[2026-04-05T17:38:05.640+0000] {processor.py:830} INFO - Processing file /opt/airflow/dags/isr_pipeline.py for tasks to queue
[2026-04-05T17:38:05.648+0000] {logging_mixin.py:188} INFO - [2026-04-05T17:38:05.645+0000] {dagbag.py:540} INFO - Filling up the DagBag from /opt/airflow/dags/isr_pipeline.py
[2026-04-05T17:38:05.750+0000] {processor.py:840} INFO - DAG(s) 'isr_pipeline' retrieved from /opt/airflow/dags/isr_pipeline.py
[2026-04-05T17:38:05.951+0000] {logging_mixin.py:188} INFO - [2026-04-05T17:38:05.950+0000] {dag.py:3096} INFO - Sync 1 DAGs
[2026-04-05T17:38:06.164+0000] {processor.py:183} INFO - Processing /opt/airflow/dags/isr_pipeline.py took 0.568 seconds
[2026-04-05T17:38:36.359+0000] {processor.py:161} INFO - Started process (PID=60876) to work on /opt/airflow/dags/isr_pipeline.py
[2026-04-05T17:38:36.366+0000] {processor.py:830} INFO - Processing file /opt/airflow/dags/isr_pipeline.py for tasks to queue
[2026-04-05T17:38:36.373+0000] {logging_mixin.py:188} INFO - [2026-04-05T17:38:36.371+0000] {dagbag.py:540} INFO - Filling up the DagBag from /opt/airflow/dags/isr_pipeline.py
[2026-04-05T17:38:36.468+0000] {processor.py:840} INFO - DAG(s) 'isr_pipeline' retrieved from /opt/airflow/dags/isr_pipeline.py
[2026-04-05T17:38:36.660+0000] {logging_mixin.py:188} INFO - [2026-04-05T17:38:36.659+0000] {dag.py:3096} INFO - Sync 1 DAGs
[2026-04-05T17:38:36.881+0000] {processor.py:183} INFO - Processing /opt/airflow/dags/isr_pipeline.py took 0.565 seconds
[2026-04-05T17:39:07.374+0000] {processor.py:161} INFO - Started process (PID=60881) to work on /opt/airflow/dags/isr_pipeline.py
[2026-04-05T17:39:07.382+0000] {processor.py:830} INFO - Processing file /opt/airflow/dags/isr_pipeline.py for tasks to queue
[2026-04-05T17:39:07.389+0000] {logging_mixin.py:188} INFO - [2026-04-05T17:39:07.387+0000] {dagbag.py:540} INFO - Filling up the DagBag from /opt/airflow/dags/isr_pipeline.py
[2026-04-05T17:39:07.483+0000] {processor.py:840} INFO - DAG(s) 'isr_pipeline' retrieved from /opt/airflow/dags/isr_pipeline.py
[2026-04-05T17:39:07.666+0000] {logging_mixin.py:188} INFO - [2026-04-05T17:39:07.665+0000] {dag.py:3096} INFO - Sync 1 DAGs
[2026-04-05T17:39:07.875+0000] {processor.py:183} INFO - Processing /opt/airflow/dags/isr_pipeline.py took 0.538 seconds
[2026-04-05T17:39:38.448+0000] {processor.py:161} INFO - Started process (PID=60886) to work on /opt/airflow/dags/isr_pipeline.py
[2026-04-05T17:39:38.455+0000] {processor.py:830} INFO - Processing file /opt/airflow/dags/isr_pipeline.py for tasks to queue
[2026-04-05T17:39:38.462+0000] {logging_mixin.py:188} INFO - [2026-04-05T17:39:38.460+0000] {dagbag.py:540} INFO - Filling up the DagBag from /opt/airflow/dags/isr_pipeline.py
[2026-04-05T17:39:38.558+0000] {processor.py:840} INFO - DAG(s) 'isr_pipeline' retrieved from /opt/airflow/dags/isr_pipeline.py
[2026-04-05T17:39:38.737+0000] {logging_mixin.py:188} INFO - [2026-04-05T17:39:38.736+0000] {dag.py:3096} INFO - Sync 1 DAGs
[2026-04-05T17:39:38.947+0000] {processor.py:183} INFO - Processing /opt/airflow/dags/isr_pipeline.py took 0.537 seconds
[2026-04-05T17:40:09.462+0000] {processor.py:161} INFO - Started process (PID=60891) to work on /opt/airflow/dags/isr_pipeline.py
[2026-04-05T17:40:09.469+0000] {processor.py:830} INFO - Processing file /opt/airflow/dags/isr_pipeline.py for tasks to queue
[2026-04-05T17:40:09.477+0000] {logging_mixin.py:188} INFO - [2026-04-05T17:40:09.475+0000] {dagbag.py:540} INFO - Filling up the DagBag from /opt/airflow/dags/isr_pipeline.py
[2026-04-05T17:40:09.573+0000] {processor.py:840} INFO - DAG(s) 'isr_pipeline' retrieved from /opt/airflow/dags/isr_pipeline.py
[2026-04-05T17:40:09.760+0000] {logging_mixin.py:188} INFO - [2026-04-05T17:40:09.759+0000] {dag.py:3096} INFO - Sync 1 DAGs
[2026-04-05T17:40:09.987+0000] {processor.py:183} INFO - Processing /opt/airflow/dags/isr_pipeline.py took 0.563 seconds
[2026-04-05T17:40:40.370+0000] {processor.py:161} INFO - Started process (PID=60896) to work on /opt/airflow/dags/isr_pipeline.py
[2026-04-05T17:40:40.377+0000] {processor.py:830} INFO - Processing file /opt/airflow/dags/isr_pipeline.py for tasks to queue
[2026-04-05T17:40:40.384+0000] {logging_mixin.py:188} INFO - [2026-04-05T17:40:40.382+0000] {dagbag.py:540} INFO - Filling up the DagBag from /opt/airflow/dags/isr_pipeline.py
[2026-04-05T17:40:40.480+0000] {processor.py:840} INFO - DAG(s) 'isr_pipeline' retrieved from /opt/airflow/dags/isr_pipeline.py
[2026-04-05T17:40:40.658+0000] {logging_mixin.py:188} INFO - [2026-04-05T17:40:40.657+0000] {dag.py:3096} INFO - Sync 1 DAGs
[2026-04-05T17:40:40.863+0000] {processor.py:183} INFO - Processing /opt/airflow/dags/isr_pipeline.py took 0.530 seconds
[2026-04-05T17:55:51.555+0000] {processor.py:161} INFO - Started process (PID=60901) to work on /opt/airflow/dags/isr_pipeline.py
[2026-04-05T17:55:51.557+0000] {processor.py:830} INFO - Processing file /opt/airflow/dags/isr_pipeline.py for tasks to queue
[2026-04-05T17:55:51.559+0000] {logging_mixin.py:188} INFO - [2026-04-05T17:55:51.559+0000] {dagbag.py:540} INFO - Filling up the DagBag from /opt/airflow/dags/isr_pipeline.py
[2026-04-05T17:55:51.596+0000] {processor.py:840} INFO - DAG(s) 'isr_pipeline' retrieved from /opt/airflow/dags/isr_pipeline.py
[2026-04-05T17:55:51.651+0000] {logging_mixin.py:188} INFO - [2026-04-05T17:55:51.651+0000] {dag.py:3096} INFO - Sync 1 DAGs
[2026-04-05T17:55:51.939+0000] {processor.py:183} INFO - Processing /opt/airflow/dags/isr_pipeline.py took 0.400 seconds
[2026-04-05T17:56:22.196+0000] {processor.py:161} INFO - Started process (PID=60906) to work on /opt/airflow/dags/isr_pipeline.py
[2026-04-05T17:56:22.204+0000] {processor.py:830} INFO - Processing file /opt/airflow/dags/isr_pipeline.py for tasks to queue
[2026-04-05T17:56:22.211+0000] {logging_mixin.py:188} INFO - [2026-04-05T17:56:22.209+0000] {dagbag.py:540} INFO - Filling up the DagBag from /opt/airflow/dags/isr_pipeline.py
[2026-04-05T17:56:22.324+0000] {processor.py:840} INFO - DAG(s) 'isr_pipeline' retrieved from /opt/airflow/dags/isr_pipeline.py
[2026-04-05T17:56:22.519+0000] {logging_mixin.py:188} INFO - [2026-04-05T17:56:22.518+0000] {dag.py:3096} INFO - Sync 1 DAGs
[2026-04-05T17:56:22.732+0000] {processor.py:183} INFO - Processing /opt/airflow/dags/isr_pipeline.py took 0.575 seconds
[2026-04-05T18:12:16.506+0000] {processor.py:161} INFO - Started process (PID=60912) to work on /opt/airflow/dags/isr_pipeline.py
[2026-04-05T18:12:16.508+0000] {processor.py:830} INFO - Processing file /opt/airflow/dags/isr_pipeline.py for tasks to queue
[2026-04-05T18:12:16.511+0000] {logging_mixin.py:188} INFO - [2026-04-05T18:12:16.510+0000] {dagbag.py:540} INFO - Filling up the DagBag from /opt/airflow/dags/isr_pipeline.py
[2026-04-05T18:12:16.546+0000] {processor.py:840} INFO - DAG(s) 'isr_pipeline' retrieved from /opt/airflow/dags/isr_pipeline.py
[2026-04-05T18:12:16.602+0000] {logging_mixin.py:188} INFO - [2026-04-05T18:12:16.602+0000] {dag.py:3096} INFO - Sync 1 DAGs
[2026-04-05T18:12:16.664+0000] {processor.py:183} INFO - Processing /opt/airflow/dags/isr_pipeline.py took 0.169 seconds
[2026-04-05T18:12:46.830+0000] {processor.py:161} INFO - Started process (PID=60917) to work on /opt/airflow/dags/isr_pipeline.py
[2026-04-05T18:12:46.836+0000] {processor.py:830} INFO - Processing file /opt/airflow/dags/isr_pipeline.py for tasks to queue
[2026-04-05T18:12:46.843+0000] {logging_mixin.py:188} INFO - [2026-04-05T18:12:46.841+0000] {dagbag.py:540} INFO - Filling up the DagBag from /opt/airflow/dags/isr_pipeline.py
[2026-04-05T18:12:46.942+0000] {processor.py:840} INFO - DAG(s) 'isr_pipeline' retrieved from /opt/airflow/dags/isr_pipeline.py
[2026-04-05T18:12:47.123+0000] {logging_mixin.py:188} INFO - [2026-04-05T18:12:47.122+0000] {dag.py:3096} INFO - Sync 1 DAGs
[2026-04-05T18:12:47.337+0000] {processor.py:183} INFO - Processing /opt/airflow/dags/isr_pipeline.py took 0.546 seconds
[2026-04-05T18:13:17.831+0000] {processor.py:161} INFO - Started process (PID=60922) to work on /opt/airflow/dags/isr_pipeline.py
[2026-04-05T18:13:17.838+0000] {processor.py:830} INFO - Processing file /opt/airflow/dags/isr_pipeline.py for tasks to queue
[2026-04-05T18:13:17.845+0000] {logging_mixin.py:188} INFO - [2026-04-05T18:13:17.843+0000] {dagbag.py:540} INFO - Filling up the DagBag from /opt/airflow/dags/isr_pipeline.py
[2026-04-05T18:13:17.943+0000] {processor.py:840} INFO - DAG(s) 'isr_pipeline' retrieved from /opt/airflow/dags/isr_pipeline.py
[2026-04-05T18:13:18.131+0000] {logging_mixin.py:188} INFO - [2026-04-05T18:13:18.130+0000] {dag.py:3096} INFO - Sync 1 DAGs
[2026-04-05T18:13:18.348+0000] {processor.py:183} INFO - Processing /opt/airflow/dags/isr_pipeline.py took 0.557 seconds
[2026-04-05T18:13:48.665+0000] {processor.py:161} INFO - Started process (PID=60927) to work on /opt/airflow/dags/isr_pipeline.py
[2026-04-05T18:13:48.672+0000] {processor.py:830} INFO - Processing file /opt/airflow/dags/isr_pipeline.py for tasks to queue
[2026-04-05T18:13:48.678+0000] {logging_mixin.py:188} INFO - [2026-04-05T18:13:48.677+0000] {dagbag.py:540} INFO - Filling up the DagBag from /opt/airflow/dags/isr_pipeline.py
[2026-04-05T18:13:48.774+0000] {processor.py:840} INFO - DAG(s) 'isr_pipeline' retrieved from /opt/airflow/dags/isr_pipeline.py
[2026-04-05T18:13:48.949+0000] {logging_mixin.py:188} INFO - [2026-04-05T18:13:48.948+0000] {dag.py:3096} INFO - Sync 1 DAGs
[2026-04-05T18:13:49.151+0000] {processor.py:183} INFO - Processing /opt/airflow/dags/isr_pipeline.py took 0.524 seconds
[2026-04-05T18:14:19.833+0000] {processor.py:161} INFO - Started process (PID=60932) to work on /opt/airflow/dags/isr_pipeline.py
[2026-04-05T18:14:19.839+0000] {processor.py:830} INFO - Processing file /opt/airflow/dags/isr_pipeline.py for tasks to queue
[2026-04-05T18:14:19.846+0000] {logging_mixin.py:188} INFO - [2026-04-05T18:14:19.844+0000] {dagbag.py:540} INFO - Filling up the DagBag from /opt/airflow/dags/isr_pipeline.py
[2026-04-05T18:14:19.940+0000] {processor.py:840} INFO - DAG(s) 'isr_pipeline' retrieved from /opt/airflow/dags/isr_pipeline.py
[2026-04-05T18:14:20.119+0000] {logging_mixin.py:188} INFO - [2026-04-05T18:14:20.118+0000] {dag.py:3096} INFO - Sync 1 DAGs
[2026-04-05T18:14:20.326+0000] {processor.py:183} INFO - Processing /opt/airflow/dags/isr_pipeline.py took 0.532 seconds
[2026-04-05T18:14:50.518+0000] {processor.py:161} INFO - Started process (PID=60937) to work on /opt/airflow/dags/isr_pipeline.py
[2026-04-05T18:14:50.525+0000] {processor.py:830} INFO - Processing file /opt/airflow/dags/isr_pipeline.py for tasks to queue
[2026-04-05T18:14:50.532+0000] {logging_mixin.py:188} INFO - [2026-04-05T18:14:50.530+0000] {dagbag.py:540} INFO - Filling up the DagBag from /opt/airflow/dags/isr_pipeline.py
[2026-04-05T18:14:50.624+0000] {processor.py:840} INFO - DAG(s) 'isr_pipeline' retrieved from /opt/airflow/dags/isr_pipeline.py
[2026-04-05T18:14:50.808+0000] {logging_mixin.py:188} INFO - [2026-04-05T18:14:50.807+0000] {dag.py:3096} INFO - Sync 1 DAGs
[2026-04-05T18:14:51.011+0000] {processor.py:183} INFO - Processing /opt/airflow/dags/isr_pipeline.py took 0.532 seconds
[2026-04-05T18:15:21.509+0000] {processor.py:161} INFO - Started process (PID=60942) to work on /opt/airflow/dags/isr_pipeline.py
[2026-04-05T18:15:21.516+0000] {processor.py:830} INFO - Processing file /opt/airflow/dags/isr_pipeline.py for tasks to queue
[2026-04-05T18:15:21.524+0000] {logging_mixin.py:188} INFO - [2026-04-05T18:15:21.522+0000] {dagbag.py:540} INFO - Filling up the DagBag from /opt/airflow/dags/isr_pipeline.py
[2026-04-05T18:15:21.623+0000] {processor.py:840} INFO - DAG(s) 'isr_pipeline' retrieved from /opt/airflow/dags/isr_pipeline.py
[2026-04-05T18:15:21.823+0000] {logging_mixin.py:188} INFO - [2026-04-05T18:15:21.821+0000] {dag.py:3096} INFO - Sync 1 DAGs
[2026-04-05T18:15:22.042+0000] {processor.py:183} INFO - Processing /opt/airflow/dags/isr_pipeline.py took 0.572 seconds
[2026-04-05T18:15:52.456+0000] {processor.py:161} INFO - Started process (PID=60947) to work on /opt/airflow/dags/isr_pipeline.py
[2026-04-05T18:15:52.465+0000] {processor.py:830} INFO - Processing file /opt/airflow/dags/isr_pipeline.py for tasks to queue
[2026-04-05T18:15:52.473+0000] {logging_mixin.py:188} INFO - [2026-04-05T18:15:52.472+0000] {dagbag.py:540} INFO - Filling up the DagBag from /opt/airflow/dags/isr_pipeline.py
[2026-04-05T18:15:52.579+0000] {processor.py:840} INFO - DAG(s) 'isr_pipeline' retrieved from /opt/airflow/dags/isr_pipeline.py
[2026-04-05T18:15:52.756+0000] {logging_mixin.py:188} INFO - [2026-04-05T18:15:52.755+0000] {dag.py:3096} INFO - Sync 1 DAGs
[2026-04-05T18:15:52.955+0000] {processor.py:183} INFO - Processing /opt/airflow/dags/isr_pipeline.py took 0.535 seconds
[2026-04-05T18:16:23.442+0000] {processor.py:161} INFO - Started process (PID=60952) to work on /opt/airflow/dags/isr_pipeline.py
[2026-04-05T18:16:23.452+0000] {processor.py:830} INFO - Processing file /opt/airflow/dags/isr_pipeline.py for tasks to queue
[2026-04-05T18:16:23.459+0000] {logging_mixin.py:188} INFO - [2026-04-05T18:16:23.457+0000] {dagbag.py:540} INFO - Filling up the DagBag from /opt/airflow/dags/isr_pipeline.py
[2026-04-05T18:16:23.556+0000] {processor.py:840} INFO - DAG(s) 'isr_pipeline' retrieved from /opt/airflow/dags/isr_pipeline.py
[2026-04-05T18:16:23.739+0000] {logging_mixin.py:188} INFO - [2026-04-05T18:16:23.737+0000] {dag.py:3096} INFO - Sync 1 DAGs
[2026-04-05T18:16:23.940+0000] {processor.py:183} INFO - Processing /opt/airflow/dags/isr_pipeline.py took 0.536 seconds
[2026-04-05T18:16:54.295+0000] {processor.py:161} INFO - Started process (PID=60957) to work on /opt/airflow/dags/isr_pipeline.py
[2026-04-05T18:16:54.303+0000] {processor.py:830} INFO - Processing file /opt/airflow/dags/isr_pipeline.py for tasks to queue
[2026-04-05T18:16:54.309+0000] {logging_mixin.py:188} INFO - [2026-04-05T18:16:54.308+0000] {dagbag.py:540} INFO - Filling up the DagBag from /opt/airflow/dags/isr_pipeline.py
[2026-04-05T18:16:54.405+0000] {processor.py:840} INFO - DAG(s) 'isr_pipeline' retrieved from /opt/airflow/dags/isr_pipeline.py
[2026-04-05T18:16:54.585+0000] {logging_mixin.py:188} INFO - [2026-04-05T18:16:54.583+0000] {dag.py:3096} INFO - Sync 1 DAGs
[2026-04-05T18:16:54.783+0000] {processor.py:183} INFO - Processing /opt/airflow/dags/isr_pipeline.py took 0.526 seconds
[2026-04-05T18:17:25.309+0000] {processor.py:161} INFO - Started process (PID=60962) to work on /opt/airflow/dags/isr_pipeline.py
[2026-04-05T18:17:25.316+0000] {processor.py:830} INFO - Processing file /opt/airflow/dags/isr_pipeline.py for tasks to queue
[2026-04-05T18:17:25.323+0000] {logging_mixin.py:188} INFO - [2026-04-05T18:17:25.321+0000] {dagbag.py:540} INFO - Filling up the DagBag from /opt/airflow/dags/isr_pipeline.py
[2026-04-05T18:17:25.420+0000] {processor.py:840} INFO - DAG(s) 'isr_pipeline' retrieved from /opt/airflow/dags/isr_pipeline.py
[2026-04-05T18:17:25.609+0000] {logging_mixin.py:188} INFO - [2026-04-05T18:17:25.608+0000] {dag.py:3096} INFO - Sync 1 DAGs
[2026-04-05T18:17:25.819+0000] {processor.py:183} INFO - Processing /opt/airflow/dags/isr_pipeline.py took 0.549 seconds
[2026-04-05T18:17:56.147+0000] {processor.py:161} INFO - Started process (PID=60967) to work on /opt/airflow/dags/isr_pipeline.py
[2026-04-05T18:17:56.154+0000] {processor.py:830} INFO - Processing file /opt/airflow/dags/isr_pipeline.py for tasks to queue
[2026-04-05T18:17:56.161+0000] {logging_mixin.py:188} INFO - [2026-04-05T18:17:56.160+0000] {dagbag.py:540} INFO - Filling up the DagBag from /opt/airflow/dags/isr_pipeline.py
[2026-04-05T18:17:56.260+0000] {processor.py:840} INFO - DAG(s) 'isr_pipeline' retrieved from /opt/airflow/dags/isr_pipeline.py
[2026-04-05T18:17:56.451+0000] {logging_mixin.py:188} INFO - [2026-04-05T18:17:56.449+0000] {dag.py:3096} INFO - Sync 1 DAGs
[2026-04-05T18:17:56.682+0000] {processor.py:183} INFO - Processing /opt/airflow/dags/isr_pipeline.py took 0.572 seconds
[2026-04-05T18:18:27.174+0000] {processor.py:161} INFO - Started process (PID=60972) to work on /opt/airflow/dags/isr_pipeline.py
[2026-04-05T18:18:27.181+0000] {processor.py:830} INFO - Processing file /opt/airflow/dags/isr_pipeline.py for tasks to queue
[2026-04-05T18:18:27.188+0000] {logging_mixin.py:188} INFO - [2026-04-05T18:18:27.186+0000] {dagbag.py:540} INFO - Filling up the DagBag from /opt/airflow/dags/isr_pipeline.py
[2026-04-05T18:18:27.281+0000] {processor.py:840} INFO - DAG(s) 'isr_pipeline' retrieved from /opt/airflow/dags/isr_pipeline.py
[2026-04-05T18:18:27.467+0000] {logging_mixin.py:188} INFO - [2026-04-05T18:18:27.466+0000] {dag.py:3096} INFO - Sync 1 DAGs
[2026-04-05T18:18:27.675+0000] {processor.py:183} INFO - Processing /opt/airflow/dags/isr_pipeline.py took 0.540 seconds
[2026-04-05T18:18:58.046+0000] {processor.py:161} INFO - Started process (PID=60977) to work on /opt/airflow/dags/isr_pipeline.py
[2026-04-05T18:18:58.057+0000] {processor.py:830} INFO - Processing file /opt/airflow/dags/isr_pipeline.py for tasks to queue
[2026-04-05T18:18:58.064+0000] {logging_mixin.py:188} INFO - [2026-04-05T18:18:58.062+0000] {dagbag.py:540} INFO - Filling up the DagBag from /opt/airflow/dags/isr_pipeline.py
[2026-04-05T18:18:58.189+0000] {processor.py:840} INFO - DAG(s) 'isr_pipeline' retrieved from /opt/airflow/dags/isr_pipeline.py
[2026-04-05T18:18:58.391+0000] {logging_mixin.py:188} INFO - [2026-04-05T18:18:58.390+0000] {dag.py:3096} INFO - Sync 1 DAGs
[2026-04-05T18:18:58.610+0000] {processor.py:183} INFO - Processing /opt/airflow/dags/isr_pipeline.py took 0.610 seconds
[2026-04-05T18:19:29.130+0000] {processor.py:161} INFO - Started process (PID=60982) to work on /opt/airflow/dags/isr_pipeline.py
[2026-04-05T18:19:29.137+0000] {processor.py:830} INFO - Processing file /opt/airflow/dags/isr_pipeline.py for tasks to queue
[2026-04-05T18:19:29.144+0000] {logging_mixin.py:188} INFO - [2026-04-05T18:19:29.142+0000] {dagbag.py:540} INFO - Filling up the DagBag from /opt/airflow/dags/isr_pipeline.py
[2026-04-05T18:19:29.245+0000] {processor.py:840} INFO - DAG(s) 'isr_pipeline' retrieved from /opt/airflow/dags/isr_pipeline.py
[2026-04-05T18:19:29.431+0000] {logging_mixin.py:188} INFO - [2026-04-05T18:19:29.430+0000] {dag.py:3096} INFO - Sync 1 DAGs
[2026-04-05T18:19:29.641+0000] {processor.py:183} INFO - Processing /opt/airflow/dags/isr_pipeline.py took 0.550 seconds
[2026-04-05T18:19:59.875+0000] {processor.py:161} INFO - Started process (PID=60987) to work on /opt/airflow/dags/isr_pipeline.py
[2026-04-05T18:19:59.884+0000] {processor.py:830} INFO - Processing file /opt/airflow/dags/isr_pipeline.py for tasks to queue
[2026-04-05T18:19:59.891+0000] {logging_mixin.py:188} INFO - [2026-04-05T18:19:59.889+0000] {dagbag.py:540} INFO - Filling up the DagBag from /opt/airflow/dags/isr_pipeline.py
[2026-04-05T18:19:59.986+0000] {processor.py:840} INFO - DAG(s) 'isr_pipeline' retrieved from /opt/airflow/dags/isr_pipeline.py
[2026-04-05T18:20:00.179+0000] {logging_mixin.py:188} INFO - [2026-04-05T18:20:00.178+0000] {dag.py:3096} INFO - Sync 1 DAGs
[2026-04-05T18:20:00.421+0000] {processor.py:183} INFO - Processing /opt/airflow/dags/isr_pipeline.py took 0.586 seconds
[2026-04-05T18:20:30.619+0000] {processor.py:161} INFO - Started process (PID=60992) to work on /opt/airflow/dags/isr_pipeline.py
[2026-04-05T18:20:30.629+0000] {processor.py:830} INFO - Processing file /opt/airflow/dags/isr_pipeline.py for tasks to queue
[2026-04-05T18:20:30.645+0000] {logging_mixin.py:188} INFO - [2026-04-05T18:20:30.640+0000] {dagbag.py:540} INFO - Filling up the DagBag from /opt/airflow/dags/isr_pipeline.py
[2026-04-05T18:20:30.740+0000] {processor.py:840} INFO - DAG(s) 'isr_pipeline' retrieved from /opt/airflow/dags/isr_pipeline.py
[2026-04-05T18:20:30.923+0000] {logging_mixin.py:188} INFO - [2026-04-05T18:20:30.922+0000] {dag.py:3096} INFO - Sync 1 DAGs
[2026-04-05T18:20:31.121+0000] {processor.py:183} INFO - Processing /opt/airflow/dags/isr_pipeline.py took 0.541 seconds
[2026-04-05T18:21:01.686+0000] {processor.py:161} INFO - Started process (PID=60997) to work on /opt/airflow/dags/isr_pipeline.py
[2026-04-05T18:21:01.693+0000] {processor.py:830} INFO - Processing file /opt/airflow/dags/isr_pipeline.py for tasks to queue
[2026-04-05T18:21:01.700+0000] {logging_mixin.py:188} INFO - [2026-04-05T18:21:01.698+0000] {dagbag.py:540} INFO - Filling up the DagBag from /opt/airflow/dags/isr_pipeline.py
[2026-04-05T18:21:01.795+0000] {processor.py:840} INFO - DAG(s) 'isr_pipeline' retrieved from /opt/airflow/dags/isr_pipeline.py
[2026-04-05T18:21:01.975+0000] {logging_mixin.py:188} INFO - [2026-04-05T18:21:01.974+0000] {dag.py:3096} INFO - Sync 1 DAGs
[2026-04-05T18:21:02.175+0000] {processor.py:183} INFO - Processing /opt/airflow/dags/isr_pipeline.py took 0.529 seconds
[2026-04-05T18:21:32.587+0000] {processor.py:161} INFO - Started process (PID=61002) to work on /opt/airflow/dags/isr_pipeline.py
[2026-04-05T18:21:32.594+0000] {processor.py:830} INFO - Processing file /opt/airflow/dags/isr_pipeline.py for tasks to queue
[2026-04-05T18:21:32.605+0000] {logging_mixin.py:188} INFO - [2026-04-05T18:21:32.603+0000] {dagbag.py:540} INFO - Filling up the DagBag from /opt/airflow/dags/isr_pipeline.py
[2026-04-05T18:21:32.700+0000] {processor.py:840} INFO - DAG(s) 'isr_pipeline' retrieved from /opt/airflow/dags/isr_pipeline.py
[2026-04-05T18:21:32.891+0000] {logging_mixin.py:188} INFO - [2026-04-05T18:21:32.890+0000] {dag.py:3096} INFO - Sync 1 DAGs
[2026-04-05T18:21:33.090+0000] {processor.py:183} INFO - Processing /opt/airflow/dags/isr_pipeline.py took 0.543 seconds
[2026-04-05T18:22:03.557+0000] {processor.py:161} INFO - Started process (PID=61007) to work on /opt/airflow/dags/isr_pipeline.py
[2026-04-05T18:22:03.565+0000] {processor.py:830} INFO - Processing file /opt/airflow/dags/isr_pipeline.py for tasks to queue
[2026-04-05T18:22:03.572+0000] {logging_mixin.py:188} INFO - [2026-04-05T18:22:03.570+0000] {dagbag.py:540} INFO - Filling up the DagBag from /opt/airflow/dags/isr_pipeline.py
[2026-04-05T18:22:03.679+0000] {processor.py:840} INFO - DAG(s) 'isr_pipeline' retrieved from /opt/airflow/dags/isr_pipeline.py
[2026-04-05T18:22:03.870+0000] {logging_mixin.py:188} INFO - [2026-04-05T18:22:03.869+0000] {dag.py:3096} INFO - Sync 1 DAGs
[2026-04-05T18:22:04.080+0000] {processor.py:183} INFO - Processing /opt/airflow/dags/isr_pipeline.py took 0.562 seconds
[2026-04-05T18:22:34.437+0000] {processor.py:161} INFO - Started process (PID=61012) to work on /opt/airflow/dags/isr_pipeline.py
[2026-04-05T18:22:34.444+0000] {processor.py:830} INFO - Processing file /opt/airflow/dags/isr_pipeline.py for tasks to queue
[2026-04-05T18:22:34.452+0000] {logging_mixin.py:188} INFO - [2026-04-05T18:22:34.450+0000] {dagbag.py:540} INFO - Filling up the DagBag from /opt/airflow/dags/isr_pipeline.py
[2026-04-05T18:22:34.546+0000] {processor.py:840} INFO - DAG(s) 'isr_pipeline' retrieved from /opt/airflow/dags/isr_pipeline.py
[2026-04-05T18:22:34.723+0000] {logging_mixin.py:188} INFO - [2026-04-05T18:22:34.722+0000] {dag.py:3096} INFO - Sync 1 DAGs
[2026-04-05T18:22:34.924+0000] {processor.py:183} INFO - Processing /opt/airflow/dags/isr_pipeline.py took 0.526 seconds
[2026-04-05T18:23:05.411+0000] {processor.py:161} INFO - Started process (PID=61017) to work on /opt/airflow/dags/isr_pipeline.py
[2026-04-05T18:23:05.419+0000] {processor.py:830} INFO - Processing file /opt/airflow/dags/isr_pipeline.py for tasks to queue
[2026-04-05T18:23:05.426+0000] {logging_mixin.py:188} INFO - [2026-04-05T18:23:05.424+0000] {dagbag.py:540} INFO - Filling up the DagBag from /opt/airflow/dags/isr_pipeline.py
[2026-04-05T18:23:05.524+0000] {processor.py:840} INFO - DAG(s) 'isr_pipeline' retrieved from /opt/airflow/dags/isr_pipeline.py
[2026-04-05T18:23:05.706+0000] {logging_mixin.py:188} INFO - [2026-04-05T18:23:05.705+0000] {dag.py:3096} INFO - Sync 1 DAGs
[2026-04-05T18:23:05.919+0000] {processor.py:183} INFO - Processing /opt/airflow/dags/isr_pipeline.py took 0.546 seconds
[2026-04-05T18:23:36.277+0000] {processor.py:161} INFO - Started process (PID=61022) to work on /opt/airflow/dags/isr_pipeline.py
[2026-04-05T18:23:36.286+0000] {processor.py:830} INFO - Processing file /opt/airflow/dags/isr_pipeline.py for tasks to queue
[2026-04-05T18:23:36.293+0000] {logging_mixin.py:188} INFO - [2026-04-05T18:23:36.291+0000] {dagbag.py:540} INFO - Filling up the DagBag from /opt/airflow/dags/isr_pipeline.py
[2026-04-05T18:23:36.399+0000] {processor.py:840} INFO - DAG(s) 'isr_pipeline' retrieved from /opt/airflow/dags/isr_pipeline.py
[2026-04-05T18:23:36.577+0000] {logging_mixin.py:188} INFO - [2026-04-05T18:23:36.575+0000] {dag.py:3096} INFO - Sync 1 DAGs
[2026-04-05T18:23:36.780+0000] {processor.py:183} INFO - Processing /opt/airflow/dags/isr_pipeline.py took 0.545 seconds
[2026-04-05T18:24:07.232+0000] {processor.py:161} INFO - Started process (PID=61027) to work on /opt/airflow/dags/isr_pipeline.py
[2026-04-05T18:24:07.239+0000] {processor.py:830} INFO - Processing file /opt/airflow/dags/isr_pipeline.py for tasks to queue
[2026-04-05T18:24:07.249+0000] {logging_mixin.py:188} INFO - [2026-04-05T18:24:07.247+0000] {dagbag.py:540} INFO - Filling up the DagBag from /opt/airflow/dags/isr_pipeline.py
[2026-04-05T18:24:07.347+0000] {processor.py:840} INFO - DAG(s) 'isr_pipeline' retrieved from /opt/airflow/dags/isr_pipeline.py
[2026-04-05T18:24:07.531+0000] {logging_mixin.py:188} INFO - [2026-04-05T18:24:07.530+0000] {dag.py:3096} INFO - Sync 1 DAGs
[2026-04-05T18:24:07.740+0000] {processor.py:183} INFO - Processing /opt/airflow/dags/isr_pipeline.py took 0.547 seconds
[2026-04-05T18:24:38.178+0000] {processor.py:161} INFO - Started process (PID=61032) to work on /opt/airflow/dags/isr_pipeline.py
[2026-04-05T18:24:38.184+0000] {processor.py:830} INFO - Processing file /opt/airflow/dags/isr_pipeline.py for tasks to queue
[2026-04-05T18:24:38.191+0000] {logging_mixin.py:188} INFO - [2026-04-05T18:24:38.189+0000] {dagbag.py:540} INFO - Filling up the DagBag from /opt/airflow/dags/isr_pipeline.py
[2026-04-05T18:24:38.287+0000] {processor.py:840} INFO - DAG(s) 'isr_pipeline' retrieved from /opt/airflow/dags/isr_pipeline.py
[2026-04-05T18:24:38.474+0000] {logging_mixin.py:188} INFO - [2026-04-05T18:24:38.473+0000] {dag.py:3096} INFO - Sync 1 DAGs
[2026-04-05T18:24:38.681+0000] {processor.py:183} INFO - Processing /opt/airflow/dags/isr_pipeline.py took 0.539 seconds
[2026-04-05T18:25:09.211+0000] {processor.py:161} INFO - Started process (PID=61037) to work on /opt/airflow/dags/isr_pipeline.py
[2026-04-05T18:25:09.218+0000] {processor.py:830} INFO - Processing file /opt/airflow/dags/isr_pipeline.py for tasks to queue
[2026-04-05T18:25:09.226+0000] {logging_mixin.py:188} INFO - [2026-04-05T18:25:09.224+0000] {dagbag.py:540} INFO - Filling up the DagBag from /opt/airflow/dags/isr_pipeline.py
[2026-04-05T18:25:09.334+0000] {processor.py:840} INFO - DAG(s) 'isr_pipeline' retrieved from /opt/airflow/dags/isr_pipeline.py
[2026-04-05T18:25:09.526+0000] {logging_mixin.py:188} INFO - [2026-04-05T18:25:09.525+0000] {dag.py:3096} INFO - Sync 1 DAGs
[2026-04-05T18:25:09.725+0000] {processor.py:183} INFO - Processing /opt/airflow/dags/isr_pipeline.py took 0.555 seconds
[2026-04-05T18:25:40.260+0000] {processor.py:161} INFO - Started process (PID=61042) to work on /opt/airflow/dags/isr_pipeline.py
[2026-04-05T18:25:40.270+0000] {processor.py:830} INFO - Processing file /opt/airflow/dags/isr_pipeline.py for tasks to queue
[2026-04-05T18:25:40.281+0000] {logging_mixin.py:188} INFO - [2026-04-05T18:25:40.278+0000] {dagbag.py:540} INFO - Filling up the DagBag from /opt/airflow/dags/isr_pipeline.py
[2026-04-05T18:25:40.381+0000] {processor.py:840} INFO - DAG(s) 'isr_pipeline' retrieved from /opt/airflow/dags/isr_pipeline.py
[2026-04-05T18:25:40.572+0000] {logging_mixin.py:188} INFO - [2026-04-05T18:25:40.571+0000] {dag.py:3096} INFO - Sync 1 DAGs
[2026-04-05T18:25:40.777+0000] {processor.py:183} INFO - Processing /opt/airflow/dags/isr_pipeline.py took 0.562 seconds
[2026-04-05T18:26:11.177+0000] {processor.py:161} INFO - Started process (PID=61047) to work on /opt/airflow/dags/isr_pipeline.py
[2026-04-05T18:26:11.185+0000] {processor.py:830} INFO - Processing file /opt/airflow/dags/isr_pipeline.py for tasks to queue
[2026-04-05T18:26:11.192+0000] {logging_mixin.py:188} INFO - [2026-04-05T18:26:11.190+0000] {dagbag.py:540} INFO - Filling up the DagBag from /opt/airflow/dags/isr_pipeline.py
[2026-04-05T18:26:11.291+0000] {processor.py:840} INFO - DAG(s) 'isr_pipeline' retrieved from /opt/airflow/dags/isr_pipeline.py
[2026-04-05T18:26:11.485+0000] {logging_mixin.py:188} INFO - [2026-04-05T18:26:11.484+0000] {dag.py:3096} INFO - Sync 1 DAGs
[2026-04-05T18:26:11.690+0000] {processor.py:183} INFO - Processing /opt/airflow/dags/isr_pipeline.py took 0.552 seconds
[2026-04-05T18:31:29.529+0000] {processor.py:161} INFO - Started process (PID=61052) to work on /opt/airflow/dags/isr_pipeline.py
[2026-04-05T18:31:29.534+0000] {processor.py:830} INFO - Processing file /opt/airflow/dags/isr_pipeline.py for tasks to queue
[2026-04-05T18:31:29.544+0000] {logging_mixin.py:188} INFO - [2026-04-05T18:31:29.543+0000] {dagbag.py:540} INFO - Filling up the DagBag from /opt/airflow/dags/isr_pipeline.py
[2026-04-05T18:31:29.584+0000] {processor.py:840} INFO - DAG(s) 'isr_pipeline' retrieved from /opt/airflow/dags/isr_pipeline.py
[2026-04-05T18:31:29.656+0000] {logging_mixin.py:188} INFO - [2026-04-05T18:31:29.656+0000] {dag.py:3096} INFO - Sync 1 DAGs
[2026-04-05T18:31:29.727+0000] {processor.py:183} INFO - Processing /opt/airflow/dags/isr_pipeline.py took 0.217 seconds
[2026-04-05T18:32:00.353+0000] {processor.py:161} INFO - Started process (PID=61057) to work on /opt/airflow/dags/isr_pipeline.py
[2026-04-05T18:32:00.363+0000] {processor.py:830} INFO - Processing file /opt/airflow/dags/isr_pipeline.py for tasks to queue
[2026-04-05T18:32:00.376+0000] {logging_mixin.py:188} INFO - [2026-04-05T18:32:00.374+0000] {dagbag.py:540} INFO - Filling up the DagBag from /opt/airflow/dags/isr_pipeline.py
[2026-04-05T18:32:00.480+0000] {processor.py:840} INFO - DAG(s) 'isr_pipeline' retrieved from /opt/airflow/dags/isr_pipeline.py
[2026-04-05T18:32:00.688+0000] {logging_mixin.py:188} INFO - [2026-04-05T18:32:00.687+0000] {dag.py:3096} INFO - Sync 1 DAGs
[2026-04-05T18:32:00.897+0000] {processor.py:183} INFO - Processing /opt/airflow/dags/isr_pipeline.py took 0.587 seconds
[2026-04-05T18:56:18.282+0000] {processor.py:161} INFO - Started process (PID=61062) to work on /opt/airflow/dags/isr_pipeline.py
[2026-04-05T18:56:18.284+0000] {processor.py:830} INFO - Processing file /opt/airflow/dags/isr_pipeline.py for tasks to queue
[2026-04-05T18:56:18.286+0000] {logging_mixin.py:188} INFO - [2026-04-05T18:56:18.285+0000] {dagbag.py:540} INFO - Filling up the DagBag from /opt/airflow/dags/isr_pipeline.py
[2026-04-05T18:56:18.324+0000] {processor.py:840} INFO - DAG(s) 'isr_pipeline' retrieved from /opt/airflow/dags/isr_pipeline.py
[2026-04-05T18:56:18.369+0000] {logging_mixin.py:188} INFO - [2026-04-05T18:56:18.369+0000] {dag.py:3096} INFO - Sync 1 DAGs
[2026-04-05T18:56:18.502+0000] {processor.py:183} INFO - Processing /opt/airflow/dags/isr_pipeline.py took 0.227 seconds
[2026-04-05T18:56:48.757+0000] {processor.py:161} INFO - Started process (PID=61067) to work on /opt/airflow/dags/isr_pipeline.py
[2026-04-05T18:56:48.763+0000] {processor.py:830} INFO - Processing file /opt/airflow/dags/isr_pipeline.py for tasks to queue
[2026-04-05T18:56:48.770+0000] {logging_mixin.py:188} INFO - [2026-04-05T18:56:48.768+0000] {dagbag.py:540} INFO - Filling up the DagBag from /opt/airflow/dags/isr_pipeline.py
[2026-04-05T18:56:48.881+0000] {processor.py:840} INFO - DAG(s) 'isr_pipeline' retrieved from /opt/airflow/dags/isr_pipeline.py
[2026-04-05T18:56:49.063+0000] {logging_mixin.py:188} INFO - [2026-04-05T18:56:49.062+0000] {dag.py:3096} INFO - Sync 1 DAGs
[2026-04-05T18:56:49.261+0000] {processor.py:183} INFO - Processing /opt/airflow/dags/isr_pipeline.py took 0.541 seconds
[2026-04-05T18:57:19.752+0000] {processor.py:161} INFO - Started process (PID=61072) to work on /opt/airflow/dags/isr_pipeline.py
[2026-04-05T18:57:19.759+0000] {processor.py:830} INFO - Processing file /opt/airflow/dags/isr_pipeline.py for tasks to queue
[2026-04-05T18:57:19.767+0000] {logging_mixin.py:188} INFO - [2026-04-05T18:57:19.765+0000] {dagbag.py:540} INFO - Filling up the DagBag from /opt/airflow/dags/isr_pipeline.py
[2026-04-05T18:57:19.866+0000] {processor.py:840} INFO - DAG(s) 'isr_pipeline' retrieved from /opt/airflow/dags/isr_pipeline.py
[2026-04-05T18:57:20.052+0000] {logging_mixin.py:188} INFO - [2026-04-05T18:57:20.051+0000] {dag.py:3096} INFO - Sync 1 DAGs
[2026-04-05T18:57:20.267+0000] {processor.py:183} INFO - Processing /opt/airflow/dags/isr_pipeline.py took 0.555 seconds
[2026-04-05T18:57:50.770+0000] {processor.py:161} INFO - Started process (PID=61077) to work on /opt/airflow/dags/isr_pipeline.py
[2026-04-05T18:57:50.777+0000] {processor.py:830} INFO - Processing file /opt/airflow/dags/isr_pipeline.py for tasks to queue
[2026-04-05T18:57:50.785+0000] {logging_mixin.py:188} INFO - [2026-04-05T18:57:50.783+0000] {dagbag.py:540} INFO - Filling up the DagBag from /opt/airflow/dags/isr_pipeline.py
[2026-04-05T18:57:50.883+0000] {processor.py:840} INFO - DAG(s) 'isr_pipeline' retrieved from /opt/airflow/dags/isr_pipeline.py
[2026-04-05T18:57:51.063+0000] {logging_mixin.py:188} INFO - [2026-04-05T18:57:51.062+0000] {dag.py:3096} INFO - Sync 1 DAGs
[2026-04-05T18:57:51.265+0000] {processor.py:183} INFO - Processing /opt/airflow/dags/isr_pipeline.py took 0.535 seconds
[2026-04-05T18:58:21.764+0000] {processor.py:161} INFO - Started process (PID=61082) to work on /opt/airflow/dags/isr_pipeline.py
[2026-04-05T18:58:21.771+0000] {processor.py:830} INFO - Processing file /opt/airflow/dags/isr_pipeline.py for tasks to queue
[2026-04-05T18:58:21.778+0000] {logging_mixin.py:188} INFO - [2026-04-05T18:58:21.776+0000] {dagbag.py:540} INFO - Filling up the DagBag from /opt/airflow/dags/isr_pipeline.py
[2026-04-05T18:58:21.874+0000] {processor.py:840} INFO - DAG(s) 'isr_pipeline' retrieved from /opt/airflow/dags/isr_pipeline.py
[2026-04-05T18:58:22.056+0000] {logging_mixin.py:188} INFO - [2026-04-05T18:58:22.055+0000] {dag.py:3096} INFO - Sync 1 DAGs
[2026-04-05T18:58:22.260+0000] {processor.py:183} INFO - Processing /opt/airflow/dags/isr_pipeline.py took 0.535 seconds
[2026-04-05T18:58:52.770+0000] {processor.py:161} INFO - Started process (PID=61087) to work on /opt/airflow/dags/isr_pipeline.py
[2026-04-05T18:58:52.776+0000] {processor.py:830} INFO - Processing file /opt/airflow/dags/isr_pipeline.py for tasks to queue
[2026-04-05T18:58:52.784+0000] {logging_mixin.py:188} INFO - [2026-04-05T18:58:52.782+0000] {dagbag.py:540} INFO - Filling up the DagBag from /opt/airflow/dags/isr_pipeline.py
[2026-04-05T18:58:52.882+0000] {processor.py:840} INFO - DAG(s) 'isr_pipeline' retrieved from /opt/airflow/dags/isr_pipeline.py
[2026-04-05T18:58:53.069+0000] {logging_mixin.py:188} INFO - [2026-04-05T18:58:53.067+0000] {dag.py:3096} INFO - Sync 1 DAGs
[2026-04-05T18:58:53.274+0000] {processor.py:183} INFO - Processing /opt/airflow/dags/isr_pipeline.py took 0.545 seconds
[2026-04-05T18:59:23.475+0000] {processor.py:161} INFO - Started process (PID=61092) to work on /opt/airflow/dags/isr_pipeline.py
[2026-04-05T18:59:23.483+0000] {processor.py:830} INFO - Processing file /opt/airflow/dags/isr_pipeline.py for tasks to queue
[2026-04-05T18:59:23.490+0000] {logging_mixin.py:188} INFO - [2026-04-05T18:59:23.488+0000] {dagbag.py:540} INFO - Filling up the DagBag from /opt/airflow/dags/isr_pipeline.py
[2026-04-05T18:59:23.585+0000] {processor.py:840} INFO - DAG(s) 'isr_pipeline' retrieved from /opt/airflow/dags/isr_pipeline.py
[2026-04-05T18:59:23.772+0000] {logging_mixin.py:188} INFO - [2026-04-05T18:59:23.771+0000] {dag.py:3096} INFO - Sync 1 DAGs
[2026-04-05T18:59:23.973+0000] {processor.py:183} INFO - Processing /opt/airflow/dags/isr_pipeline.py took 0.538 seconds
[2026-04-05T18:59:54.477+0000] {processor.py:161} INFO - Started process (PID=61097) to work on /opt/airflow/dags/isr_pipeline.py
[2026-04-05T18:59:54.484+0000] {processor.py:830} INFO - Processing file /opt/airflow/dags/isr_pipeline.py for tasks to queue
[2026-04-05T18:59:54.491+0000] {logging_mixin.py:188} INFO - [2026-04-05T18:59:54.489+0000] {dagbag.py:540} INFO - Filling up the DagBag from /opt/airflow/dags/isr_pipeline.py
[2026-04-05T18:59:54.584+0000] {processor.py:840} INFO - DAG(s) 'isr_pipeline' retrieved from /opt/airflow/dags/isr_pipeline.py
[2026-04-05T18:59:54.784+0000] {logging_mixin.py:188} INFO - [2026-04-05T18:59:54.783+0000] {dag.py:3096} INFO - Sync 1 DAGs
[2026-04-05T18:59:55.005+0000] {processor.py:183} INFO - Processing /opt/airflow/dags/isr_pipeline.py took 0.566 seconds
[2026-04-05T19:00:25.474+0000] {processor.py:161} INFO - Started process (PID=61102) to work on /opt/airflow/dags/isr_pipeline.py
[2026-04-05T19:00:25.481+0000] {processor.py:830} INFO - Processing file /opt/airflow/dags/isr_pipeline.py for tasks to queue
[2026-04-05T19:00:25.488+0000] {logging_mixin.py:188} INFO - [2026-04-05T19:00:25.486+0000] {dagbag.py:540} INFO - Filling up the DagBag from /opt/airflow/dags/isr_pipeline.py
[2026-04-05T19:00:25.580+0000] {processor.py:840} INFO - DAG(s) 'isr_pipeline' retrieved from /opt/airflow/dags/isr_pipeline.py
[2026-04-05T19:00:25.765+0000] {logging_mixin.py:188} INFO - [2026-04-05T19:00:25.763+0000] {dag.py:3096} INFO - Sync 1 DAGs
[2026-04-05T19:00:25.969+0000] {processor.py:183} INFO - Processing /opt/airflow/dags/isr_pipeline.py took 0.531 seconds
[2026-04-05T19:00:56.497+0000] {processor.py:161} INFO - Started process (PID=61107) to work on /opt/airflow/dags/isr_pipeline.py
[2026-04-05T19:00:56.505+0000] {processor.py:830} INFO - Processing file /opt/airflow/dags/isr_pipeline.py for tasks to queue
[2026-04-05T19:00:56.511+0000] {logging_mixin.py:188} INFO - [2026-04-05T19:00:56.510+0000] {dagbag.py:540} INFO - Filling up the DagBag from /opt/airflow/dags/isr_pipeline.py
[2026-04-05T19:00:56.606+0000] {processor.py:840} INFO - DAG(s) 'isr_pipeline' retrieved from /opt/airflow/dags/isr_pipeline.py
[2026-04-05T19:00:56.788+0000] {logging_mixin.py:188} INFO - [2026-04-05T19:00:56.786+0000] {dag.py:3096} INFO - Sync 1 DAGs
[2026-04-05T19:00:56.994+0000] {processor.py:183} INFO - Processing /opt/airflow/dags/isr_pipeline.py took 0.536 seconds
[2026-04-05T19:01:27.219+0000] {processor.py:161} INFO - Started process (PID=61112) to work on /opt/airflow/dags/isr_pipeline.py
[2026-04-05T19:01:27.226+0000] {processor.py:830} INFO - Processing file /opt/airflow/dags/isr_pipeline.py for tasks to queue
[2026-04-05T19:01:27.234+0000] {logging_mixin.py:188} INFO - [2026-04-05T19:01:27.232+0000] {dagbag.py:540} INFO - Filling up the DagBag from /opt/airflow/dags/isr_pipeline.py
[2026-04-05T19:01:27.336+0000] {processor.py:840} INFO - DAG(s) 'isr_pipeline' retrieved from /opt/airflow/dags/isr_pipeline.py
[2026-04-05T19:01:27.520+0000] {logging_mixin.py:188} INFO - [2026-04-05T19:01:27.519+0000] {dag.py:3096} INFO - Sync 1 DAGs
[2026-04-05T19:01:27.731+0000] {processor.py:183} INFO - Processing /opt/airflow/dags/isr_pipeline.py took 0.556 seconds
[2026-04-05T19:01:58.044+0000] {processor.py:161} INFO - Started process (PID=61117) to work on /opt/airflow/dags/isr_pipeline.py
[2026-04-05T19:01:58.051+0000] {processor.py:830} INFO - Processing file /opt/airflow/dags/isr_pipeline.py for tasks to queue
[2026-04-05T19:01:58.058+0000] {logging_mixin.py:188} INFO - [2026-04-05T19:01:58.056+0000] {dagbag.py:540} INFO - Filling up the DagBag from /opt/airflow/dags/isr_pipeline.py
[2026-04-05T19:01:58.153+0000] {processor.py:840} INFO - DAG(s) 'isr_pipeline' retrieved from /opt/airflow/dags/isr_pipeline.py
[2026-04-05T19:01:58.328+0000] {logging_mixin.py:188} INFO - [2026-04-05T19:01:58.327+0000] {dag.py:3096} INFO - Sync 1 DAGs
[2026-04-05T19:01:58.528+0000] {processor.py:183} INFO - Processing /opt/airflow/dags/isr_pipeline.py took 0.523 seconds
[2026-04-05T19:02:29.147+0000] {processor.py:161} INFO - Started process (PID=61122) to work on /opt/airflow/dags/isr_pipeline.py
[2026-04-05T19:02:29.155+0000] {processor.py:830} INFO - Processing file /opt/airflow/dags/isr_pipeline.py for tasks to queue
[2026-04-05T19:02:29.162+0000] {logging_mixin.py:188} INFO - [2026-04-05T19:02:29.160+0000] {dagbag.py:540} INFO - Filling up the DagBag from /opt/airflow/dags/isr_pipeline.py
[2026-04-05T19:02:29.261+0000] {processor.py:840} INFO - DAG(s) 'isr_pipeline' retrieved from /opt/airflow/dags/isr_pipeline.py
[2026-04-05T19:02:29.444+0000] {logging_mixin.py:188} INFO - [2026-04-05T19:02:29.443+0000] {dag.py:3096} INFO - Sync 1 DAGs
[2026-04-05T19:02:29.646+0000] {processor.py:183} INFO - Processing /opt/airflow/dags/isr_pipeline.py took 0.540 seconds
[2026-04-05T19:03:00.014+0000] {processor.py:161} INFO - Started process (PID=61127) to work on /opt/airflow/dags/isr_pipeline.py
[2026-04-05T19:03:00.027+0000] {processor.py:830} INFO - Processing file /opt/airflow/dags/isr_pipeline.py for tasks to queue
[2026-04-05T19:03:00.038+0000] {logging_mixin.py:188} INFO - [2026-04-05T19:03:00.034+0000] {dagbag.py:540} INFO - Filling up the DagBag from /opt/airflow/dags/isr_pipeline.py
[2026-04-05T19:03:00.271+0000] {processor.py:840} INFO - DAG(s) 'isr_pipeline' retrieved from /opt/airflow/dags/isr_pipeline.py
[2026-04-05T19:03:00.501+0000] {logging_mixin.py:188} INFO - [2026-04-05T19:03:00.500+0000] {dag.py:3096} INFO - Sync 1 DAGs
[2026-04-05T19:03:00.750+0000] {processor.py:183} INFO - Processing /opt/airflow/dags/isr_pipeline.py took 0.799 seconds
[2026-04-05T19:03:31.367+0000] {processor.py:161} INFO - Started process (PID=61132) to work on /opt/airflow/dags/isr_pipeline.py
[2026-04-05T19:03:31.374+0000] {processor.py:830} INFO - Processing file /opt/airflow/dags/isr_pipeline.py for tasks to queue
[2026-04-05T19:03:31.382+0000] {logging_mixin.py:188} INFO - [2026-04-05T19:03:31.380+0000] {dagbag.py:540} INFO - Filling up the DagBag from /opt/airflow/dags/isr_pipeline.py
[2026-04-05T19:03:31.476+0000] {processor.py:840} INFO - DAG(s) 'isr_pipeline' retrieved from /opt/airflow/dags/isr_pipeline.py
[2026-04-05T19:03:31.660+0000] {logging_mixin.py:188} INFO - [2026-04-05T19:03:31.659+0000] {dag.py:3096} INFO - Sync 1 DAGs
[2026-04-05T19:03:31.874+0000] {processor.py:183} INFO - Processing /opt/airflow/dags/isr_pipeline.py took 0.545 seconds
[2026-04-05T19:04:02.375+0000] {processor.py:161} INFO - Started process (PID=61137) to work on /opt/airflow/dags/isr_pipeline.py
[2026-04-05T19:04:02.382+0000] {processor.py:830} INFO - Processing file /opt/airflow/dags/isr_pipeline.py for tasks to queue
[2026-04-05T19:04:02.389+0000] {logging_mixin.py:188} INFO - [2026-04-05T19:04:02.387+0000] {dagbag.py:540} INFO - Filling up the DagBag from /opt/airflow/dags/isr_pipeline.py
[2026-04-05T19:04:02.480+0000] {processor.py:840} INFO - DAG(s) 'isr_pipeline' retrieved from /opt/airflow/dags/isr_pipeline.py
[2026-04-05T19:04:02.664+0000] {logging_mixin.py:188} INFO - [2026-04-05T19:04:02.663+0000] {dag.py:3096} INFO - Sync 1 DAGs
[2026-04-05T19:04:02.874+0000] {processor.py:183} INFO - Processing /opt/airflow/dags/isr_pipeline.py took 0.537 seconds
[2026-04-05T19:04:33.305+0000] {processor.py:161} INFO - Started process (PID=61142) to work on /opt/airflow/dags/isr_pipeline.py
[2026-04-05T19:04:33.311+0000] {processor.py:830} INFO - Processing file /opt/airflow/dags/isr_pipeline.py for tasks to queue
[2026-04-05T19:04:33.318+0000] {logging_mixin.py:188} INFO - [2026-04-05T19:04:33.316+0000] {dagbag.py:540} INFO - Filling up the DagBag from /opt/airflow/dags/isr_pipeline.py
[2026-04-05T19:04:33.408+0000] {processor.py:840} INFO - DAG(s) 'isr_pipeline' retrieved from /opt/airflow/dags/isr_pipeline.py
[2026-04-05T19:04:33.583+0000] {logging_mixin.py:188} INFO - [2026-04-05T19:04:33.582+0000] {dag.py:3096} INFO - Sync 1 DAGs
[2026-04-05T19:04:33.785+0000] {processor.py:183} INFO - Processing /opt/airflow/dags/isr_pipeline.py took 0.515 seconds
[2026-04-05T19:05:04.356+0000] {processor.py:161} INFO - Started process (PID=61147) to work on /opt/airflow/dags/isr_pipeline.py
[2026-04-05T19:05:04.363+0000] {processor.py:830} INFO - Processing file /opt/airflow/dags/isr_pipeline.py for tasks to queue
[2026-04-05T19:05:04.370+0000] {logging_mixin.py:188} INFO - [2026-04-05T19:05:04.368+0000] {dagbag.py:540} INFO - Filling up the DagBag from /opt/airflow/dags/isr_pipeline.py
[2026-04-05T19:05:04.461+0000] {processor.py:840} INFO - DAG(s) 'isr_pipeline' retrieved from /opt/airflow/dags/isr_pipeline.py
[2026-04-05T19:05:04.647+0000] {logging_mixin.py:188} INFO - [2026-04-05T19:05:04.645+0000] {dag.py:3096} INFO - Sync 1 DAGs
[2026-04-05T19:05:04.854+0000] {processor.py:183} INFO - Processing /opt/airflow/dags/isr_pipeline.py took 0.544 seconds
[2026-04-05T19:05:35.373+0000] {processor.py:161} INFO - Started process (PID=61152) to work on /opt/airflow/dags/isr_pipeline.py
[2026-04-05T19:05:35.379+0000] {processor.py:830} INFO - Processing file /opt/airflow/dags/isr_pipeline.py for tasks to queue
[2026-04-05T19:05:35.386+0000] {logging_mixin.py:188} INFO - [2026-04-05T19:05:35.384+0000] {dagbag.py:540} INFO - Filling up the DagBag from /opt/airflow/dags/isr_pipeline.py
[2026-04-05T19:05:35.477+0000] {processor.py:840} INFO - DAG(s) 'isr_pipeline' retrieved from /opt/airflow/dags/isr_pipeline.py
[2026-04-05T19:05:35.658+0000] {logging_mixin.py:188} INFO - [2026-04-05T19:05:35.657+0000] {dag.py:3096} INFO - Sync 1 DAGs
[2026-04-05T19:05:35.869+0000] {processor.py:183} INFO - Processing /opt/airflow/dags/isr_pipeline.py took 0.533 seconds
[2026-04-05T19:06:06.329+0000] {processor.py:161} INFO - Started process (PID=61157) to work on /opt/airflow/dags/isr_pipeline.py
[2026-04-05T19:06:06.336+0000] {processor.py:830} INFO - Processing file /opt/airflow/dags/isr_pipeline.py for tasks to queue
[2026-04-05T19:06:06.343+0000] {logging_mixin.py:188} INFO - [2026-04-05T19:06:06.341+0000] {dagbag.py:540} INFO - Filling up the DagBag from /opt/airflow/dags/isr_pipeline.py
[2026-04-05T19:06:06.435+0000] {processor.py:840} INFO - DAG(s) 'isr_pipeline' retrieved from /opt/airflow/dags/isr_pipeline.py
[2026-04-05T19:06:06.614+0000] {logging_mixin.py:188} INFO - [2026-04-05T19:06:06.613+0000] {dag.py:3096} INFO - Sync 1 DAGs
[2026-04-05T19:06:06.821+0000] {processor.py:183} INFO - Processing /opt/airflow/dags/isr_pipeline.py took 0.528 seconds
[2026-04-05T19:06:37.393+0000] {processor.py:161} INFO - Started process (PID=61162) to work on /opt/airflow/dags/isr_pipeline.py
[2026-04-05T19:06:37.400+0000] {processor.py:830} INFO - Processing file /opt/airflow/dags/isr_pipeline.py for tasks to queue
[2026-04-05T19:06:37.407+0000] {logging_mixin.py:188} INFO - [2026-04-05T19:06:37.405+0000] {dagbag.py:540} INFO - Filling up the DagBag from /opt/airflow/dags/isr_pipeline.py
[2026-04-05T19:06:37.504+0000] {processor.py:840} INFO - DAG(s) 'isr_pipeline' retrieved from /opt/airflow/dags/isr_pipeline.py
[2026-04-05T19:06:37.688+0000] {logging_mixin.py:188} INFO - [2026-04-05T19:06:37.687+0000] {dag.py:3096} INFO - Sync 1 DAGs
[2026-04-05T19:06:37.891+0000] {processor.py:183} INFO - Processing /opt/airflow/dags/isr_pipeline.py took 0.536 seconds
[2026-04-05T19:07:08.137+0000] {processor.py:161} INFO - Started process (PID=61167) to work on /opt/airflow/dags/isr_pipeline.py
[2026-04-05T19:07:08.145+0000] {processor.py:830} INFO - Processing file /opt/airflow/dags/isr_pipeline.py for tasks to queue
[2026-04-05T19:07:08.153+0000] {logging_mixin.py:188} INFO - [2026-04-05T19:07:08.151+0000] {dagbag.py:540} INFO - Filling up the DagBag from /opt/airflow/dags/isr_pipeline.py
[2026-04-05T19:07:08.247+0000] {processor.py:840} INFO - DAG(s) 'isr_pipeline' retrieved from /opt/airflow/dags/isr_pipeline.py
[2026-04-05T19:07:08.422+0000] {logging_mixin.py:188} INFO - [2026-04-05T19:07:08.420+0000] {dag.py:3096} INFO - Sync 1 DAGs
[2026-04-05T19:07:08.620+0000] {processor.py:183} INFO - Processing /opt/airflow/dags/isr_pipeline.py took 0.521 seconds
[2026-04-05T19:07:39.094+0000] {processor.py:161} INFO - Started process (PID=61172) to work on /opt/airflow/dags/isr_pipeline.py
[2026-04-05T19:07:39.101+0000] {processor.py:830} INFO - Processing file /opt/airflow/dags/isr_pipeline.py for tasks to queue
[2026-04-05T19:07:39.108+0000] {logging_mixin.py:188} INFO - [2026-04-05T19:07:39.106+0000] {dagbag.py:540} INFO - Filling up the DagBag from /opt/airflow/dags/isr_pipeline.py
[2026-04-05T19:07:39.206+0000] {processor.py:840} INFO - DAG(s) 'isr_pipeline' retrieved from /opt/airflow/dags/isr_pipeline.py
[2026-04-05T19:07:39.387+0000] {logging_mixin.py:188} INFO - [2026-04-05T19:07:39.386+0000] {dag.py:3096} INFO - Sync 1 DAGs
[2026-04-05T19:07:39.596+0000] {processor.py:183} INFO - Processing /opt/airflow/dags/isr_pipeline.py took 0.541 seconds
[2026-04-05T19:38:04.395+0000] {processor.py:161} INFO - Started process (PID=61178) to work on /opt/airflow/dags/isr_pipeline.py
[2026-04-05T19:38:04.396+0000] {processor.py:830} INFO - Processing file /opt/airflow/dags/isr_pipeline.py for tasks to queue
[2026-04-05T19:38:04.398+0000] {logging_mixin.py:188} INFO - [2026-04-05T19:38:04.398+0000] {dagbag.py:540} INFO - Filling up the DagBag from /opt/airflow/dags/isr_pipeline.py
[2026-04-05T19:38:04.426+0000] {processor.py:840} INFO - DAG(s) 'isr_pipeline' retrieved from /opt/airflow/dags/isr_pipeline.py
[2026-04-05T19:38:04.465+0000] {logging_mixin.py:188} INFO - [2026-04-05T19:38:04.465+0000] {dag.py:3096} INFO - Sync 1 DAGs
[2026-04-05T19:38:04.616+0000] {processor.py:183} INFO - Processing /opt/airflow/dags/isr_pipeline.py took 0.237 seconds
[2026-04-05T19:38:34.836+0000] {processor.py:161} INFO - Started process (PID=61183) to work on /opt/airflow/dags/isr_pipeline.py
[2026-04-05T19:38:34.842+0000] {processor.py:830} INFO - Processing file /opt/airflow/dags/isr_pipeline.py for tasks to queue
[2026-04-05T19:38:34.848+0000] {logging_mixin.py:188} INFO - [2026-04-05T19:38:34.846+0000] {dagbag.py:540} INFO - Filling up the DagBag from /opt/airflow/dags/isr_pipeline.py
[2026-04-05T19:38:34.952+0000] {processor.py:840} INFO - DAG(s) 'isr_pipeline' retrieved from /opt/airflow/dags/isr_pipeline.py
[2026-04-05T19:38:35.131+0000] {logging_mixin.py:188} INFO - [2026-04-05T19:38:35.130+0000] {dag.py:3096} INFO - Sync 1 DAGs
[2026-04-05T19:38:35.338+0000] {processor.py:183} INFO - Processing /opt/airflow/dags/isr_pipeline.py took 0.538 seconds
[2026-04-05T19:39:05.822+0000] {processor.py:161} INFO - Started process (PID=61188) to work on /opt/airflow/dags/isr_pipeline.py
[2026-04-05T19:39:05.829+0000] {processor.py:830} INFO - Processing file /opt/airflow/dags/isr_pipeline.py for tasks to queue
[2026-04-05T19:39:05.835+0000] {logging_mixin.py:188} INFO - [2026-04-05T19:39:05.834+0000] {dagbag.py:540} INFO - Filling up the DagBag from /opt/airflow/dags/isr_pipeline.py
[2026-04-05T19:39:05.929+0000] {processor.py:840} INFO - DAG(s) 'isr_pipeline' retrieved from /opt/airflow/dags/isr_pipeline.py
[2026-04-05T19:39:06.112+0000] {logging_mixin.py:188} INFO - [2026-04-05T19:39:06.111+0000] {dag.py:3096} INFO - Sync 1 DAGs
[2026-04-05T19:39:06.321+0000] {processor.py:183} INFO - Processing /opt/airflow/dags/isr_pipeline.py took 0.537 seconds
[2026-04-05T19:39:36.776+0000] {processor.py:161} INFO - Started process (PID=61193) to work on /opt/airflow/dags/isr_pipeline.py
[2026-04-05T19:39:36.783+0000] {processor.py:830} INFO - Processing file /opt/airflow/dags/isr_pipeline.py for tasks to queue
[2026-04-05T19:39:36.789+0000] {logging_mixin.py:188} INFO - [2026-04-05T19:39:36.788+0000] {dagbag.py:540} INFO - Filling up the DagBag from /opt/airflow/dags/isr_pipeline.py
[2026-04-05T19:39:36.879+0000] {processor.py:840} INFO - DAG(s) 'isr_pipeline' retrieved from /opt/airflow/dags/isr_pipeline.py
[2026-04-05T19:39:37.054+0000] {logging_mixin.py:188} INFO - [2026-04-05T19:39:37.053+0000] {dag.py:3096} INFO - Sync 1 DAGs
[2026-04-05T19:39:37.261+0000] {processor.py:183} INFO - Processing /opt/airflow/dags/isr_pipeline.py took 0.521 seconds
[2026-04-05T19:40:07.819+0000] {processor.py:161} INFO - Started process (PID=61198) to work on /opt/airflow/dags/isr_pipeline.py
[2026-04-05T19:40:07.828+0000] {processor.py:830} INFO - Processing file /opt/airflow/dags/isr_pipeline.py for tasks to queue
[2026-04-05T19:40:07.835+0000] {logging_mixin.py:188} INFO - [2026-04-05T19:40:07.833+0000] {dagbag.py:540} INFO - Filling up the DagBag from /opt/airflow/dags/isr_pipeline.py
[2026-04-05T19:40:07.932+0000] {processor.py:840} INFO - DAG(s) 'isr_pipeline' retrieved from /opt/airflow/dags/isr_pipeline.py
[2026-04-05T19:40:08.158+0000] {logging_mixin.py:188} INFO - [2026-04-05T19:40:08.157+0000] {dag.py:3096} INFO - Sync 1 DAGs
[2026-04-05T19:40:08.427+0000] {processor.py:183} INFO - Processing /opt/airflow/dags/isr_pipeline.py took 0.647 seconds
[2026-04-05T19:40:38.671+0000] {processor.py:161} INFO - Started process (PID=61203) to work on /opt/airflow/dags/isr_pipeline.py
[2026-04-05T19:40:38.678+0000] {processor.py:830} INFO - Processing file /opt/airflow/dags/isr_pipeline.py for tasks to queue
[2026-04-05T19:40:38.685+0000] {logging_mixin.py:188} INFO - [2026-04-05T19:40:38.683+0000] {dagbag.py:540} INFO - Filling up the DagBag from /opt/airflow/dags/isr_pipeline.py
[2026-04-05T19:40:38.777+0000] {processor.py:840} INFO - DAG(s) 'isr_pipeline' retrieved from /opt/airflow/dags/isr_pipeline.py
[2026-04-05T19:40:38.956+0000] {logging_mixin.py:188} INFO - [2026-04-05T19:40:38.955+0000] {dag.py:3096} INFO - Sync 1 DAGs
[2026-04-05T19:40:39.150+0000] {processor.py:183} INFO - Processing /opt/airflow/dags/isr_pipeline.py took 0.518 seconds
[2026-04-05T19:41:09.642+0000] {processor.py:161} INFO - Started process (PID=61208) to work on /opt/airflow/dags/isr_pipeline.py
[2026-04-05T19:41:09.649+0000] {processor.py:830} INFO - Processing file /opt/airflow/dags/isr_pipeline.py for tasks to queue
[2026-04-05T19:41:09.656+0000] {logging_mixin.py:188} INFO - [2026-04-05T19:41:09.654+0000] {dagbag.py:540} INFO - Filling up the DagBag from /opt/airflow/dags/isr_pipeline.py
[2026-04-05T19:41:09.749+0000] {processor.py:840} INFO - DAG(s) 'isr_pipeline' retrieved from /opt/airflow/dags/isr_pipeline.py
[2026-04-05T19:41:09.929+0000] {logging_mixin.py:188} INFO - [2026-04-05T19:41:09.928+0000] {dag.py:3096} INFO - Sync 1 DAGs
[2026-04-05T19:41:10.141+0000] {processor.py:183} INFO - Processing /opt/airflow/dags/isr_pipeline.py took 0.538 seconds
[2026-04-05T19:41:40.671+0000] {processor.py:161} INFO - Started process (PID=61213) to work on /opt/airflow/dags/isr_pipeline.py
[2026-04-05T19:41:40.678+0000] {processor.py:830} INFO - Processing file /opt/airflow/dags/isr_pipeline.py for tasks to queue
[2026-04-05T19:41:40.686+0000] {logging_mixin.py:188} INFO - [2026-04-05T19:41:40.684+0000] {dagbag.py:540} INFO - Filling up the DagBag from /opt/airflow/dags/isr_pipeline.py
[2026-04-05T19:41:40.784+0000] {processor.py:840} INFO - DAG(s) 'isr_pipeline' retrieved from /opt/airflow/dags/isr_pipeline.py
[2026-04-05T19:41:40.964+0000] {logging_mixin.py:188} INFO - [2026-04-05T19:41:40.963+0000] {dag.py:3096} INFO - Sync 1 DAGs
[2026-04-05T19:41:41.175+0000] {processor.py:183} INFO - Processing /opt/airflow/dags/isr_pipeline.py took 0.540 seconds
[2026-04-05T19:42:11.768+0000] {processor.py:161} INFO - Started process (PID=61218) to work on /opt/airflow/dags/isr_pipeline.py
[2026-04-05T19:42:11.775+0000] {processor.py:830} INFO - Processing file /opt/airflow/dags/isr_pipeline.py for tasks to queue
[2026-04-05T19:42:11.783+0000] {logging_mixin.py:188} INFO - [2026-04-05T19:42:11.781+0000] {dagbag.py:540} INFO - Filling up the DagBag from /opt/airflow/dags/isr_pipeline.py
[2026-04-05T19:42:11.876+0000] {processor.py:840} INFO - DAG(s) 'isr_pipeline' retrieved from /opt/airflow/dags/isr_pipeline.py
[2026-04-05T19:42:12.055+0000] {logging_mixin.py:188} INFO - [2026-04-05T19:42:12.054+0000] {dag.py:3096} INFO - Sync 1 DAGs
[2026-04-05T19:42:12.272+0000] {processor.py:183} INFO - Processing /opt/airflow/dags/isr_pipeline.py took 0.546 seconds
[2026-04-05T19:42:42.764+0000] {processor.py:161} INFO - Started process (PID=61223) to work on /opt/airflow/dags/isr_pipeline.py
[2026-04-05T19:42:42.772+0000] {processor.py:830} INFO - Processing file /opt/airflow/dags/isr_pipeline.py for tasks to queue
[2026-04-05T19:42:42.779+0000] {logging_mixin.py:188} INFO - [2026-04-05T19:42:42.777+0000] {dagbag.py:540} INFO - Filling up the DagBag from /opt/airflow/dags/isr_pipeline.py
[2026-04-05T19:42:42.871+0000] {processor.py:840} INFO - DAG(s) 'isr_pipeline' retrieved from /opt/airflow/dags/isr_pipeline.py
[2026-04-05T19:42:43.065+0000] {logging_mixin.py:188} INFO - [2026-04-05T19:42:43.064+0000] {dag.py:3096} INFO - Sync 1 DAGs
[2026-04-05T19:42:43.283+0000] {processor.py:183} INFO - Processing /opt/airflow/dags/isr_pipeline.py took 0.557 seconds
[2026-04-05T19:43:13.850+0000] {processor.py:161} INFO - Started process (PID=61228) to work on /opt/airflow/dags/isr_pipeline.py
[2026-04-05T19:43:13.857+0000] {processor.py:830} INFO - Processing file /opt/airflow/dags/isr_pipeline.py for tasks to queue
[2026-04-05T19:43:13.864+0000] {logging_mixin.py:188} INFO - [2026-04-05T19:43:13.862+0000] {dagbag.py:540} INFO - Filling up the DagBag from /opt/airflow/dags/isr_pipeline.py
[2026-04-05T19:43:13.962+0000] {processor.py:840} INFO - DAG(s) 'isr_pipeline' retrieved from /opt/airflow/dags/isr_pipeline.py
[2026-04-05T19:43:14.165+0000] {logging_mixin.py:188} INFO - [2026-04-05T19:43:14.163+0000] {dag.py:3096} INFO - Sync 1 DAGs
[2026-04-05T19:43:14.411+0000] {processor.py:183} INFO - Processing /opt/airflow/dags/isr_pipeline.py took 0.602 seconds
[2026-04-05T19:43:44.982+0000] {processor.py:161} INFO - Started process (PID=61233) to work on /opt/airflow/dags/isr_pipeline.py
[2026-04-05T19:43:44.989+0000] {processor.py:830} INFO - Processing file /opt/airflow/dags/isr_pipeline.py for tasks to queue
[2026-04-05T19:43:44.996+0000] {logging_mixin.py:188} INFO - [2026-04-05T19:43:44.995+0000] {dagbag.py:540} INFO - Filling up the DagBag from /opt/airflow/dags/isr_pipeline.py
[2026-04-05T19:43:45.093+0000] {processor.py:840} INFO - DAG(s) 'isr_pipeline' retrieved from /opt/airflow/dags/isr_pipeline.py
[2026-04-05T19:43:45.280+0000] {logging_mixin.py:188} INFO - [2026-04-05T19:43:45.279+0000] {dag.py:3096} INFO - Sync 1 DAGs
[2026-04-05T19:43:45.500+0000] {processor.py:183} INFO - Processing /opt/airflow/dags/isr_pipeline.py took 0.560 seconds
[2026-04-05T19:44:16.045+0000] {processor.py:161} INFO - Started process (PID=61238) to work on /opt/airflow/dags/isr_pipeline.py
[2026-04-05T19:44:16.052+0000] {processor.py:830} INFO - Processing file /opt/airflow/dags/isr_pipeline.py for tasks to queue
[2026-04-05T19:44:16.058+0000] {logging_mixin.py:188} INFO - [2026-04-05T19:44:16.057+0000] {dagbag.py:540} INFO - Filling up the DagBag from /opt/airflow/dags/isr_pipeline.py
[2026-04-05T19:44:16.154+0000] {processor.py:840} INFO - DAG(s) 'isr_pipeline' retrieved from /opt/airflow/dags/isr_pipeline.py
[2026-04-05T19:44:16.359+0000] {logging_mixin.py:188} INFO - [2026-04-05T19:44:16.358+0000] {dag.py:3096} INFO - Sync 1 DAGs
[2026-04-05T19:44:16.582+0000] {processor.py:183} INFO - Processing /opt/airflow/dags/isr_pipeline.py took 0.575 seconds
[2026-04-05T19:44:46.865+0000] {processor.py:161} INFO - Started process (PID=61243) to work on /opt/airflow/dags/isr_pipeline.py
[2026-04-05T19:44:46.873+0000] {processor.py:830} INFO - Processing file /opt/airflow/dags/isr_pipeline.py for tasks to queue
[2026-04-05T19:44:46.880+0000] {logging_mixin.py:188} INFO - [2026-04-05T19:44:46.878+0000] {dagbag.py:540} INFO - Filling up the DagBag from /opt/airflow/dags/isr_pipeline.py
[2026-04-05T19:44:46.969+0000] {processor.py:840} INFO - DAG(s) 'isr_pipeline' retrieved from /opt/airflow/dags/isr_pipeline.py
[2026-04-05T19:44:47.146+0000] {logging_mixin.py:188} INFO - [2026-04-05T19:44:47.145+0000] {dag.py:3096} INFO - Sync 1 DAGs
[2026-04-05T19:44:47.365+0000] {processor.py:183} INFO - Processing /opt/airflow/dags/isr_pipeline.py took 0.537 seconds
[2026-04-05T19:45:17.918+0000] {processor.py:161} INFO - Started process (PID=61248) to work on /opt/airflow/dags/isr_pipeline.py
[2026-04-05T19:45:17.925+0000] {processor.py:830} INFO - Processing file /opt/airflow/dags/isr_pipeline.py for tasks to queue
[2026-04-05T19:45:17.931+0000] {logging_mixin.py:188} INFO - [2026-04-05T19:45:17.929+0000] {dagbag.py:540} INFO - Filling up the DagBag from /opt/airflow/dags/isr_pipeline.py
[2026-04-05T19:45:18.023+0000] {processor.py:840} INFO - DAG(s) 'isr_pipeline' retrieved from /opt/airflow/dags/isr_pipeline.py
[2026-04-05T19:45:18.223+0000] {logging_mixin.py:188} INFO - [2026-04-05T19:45:18.222+0000] {dag.py:3096} INFO - Sync 1 DAGs
[2026-04-05T19:45:18.457+0000] {processor.py:183} INFO - Processing /opt/airflow/dags/isr_pipeline.py took 0.577 seconds
[2026-04-05T19:45:48.804+0000] {processor.py:161} INFO - Started process (PID=61253) to work on /opt/airflow/dags/isr_pipeline.py
[2026-04-05T19:45:48.811+0000] {processor.py:830} INFO - Processing file /opt/airflow/dags/isr_pipeline.py for tasks to queue
[2026-04-05T19:45:48.818+0000] {logging_mixin.py:188} INFO - [2026-04-05T19:45:48.816+0000] {dagbag.py:540} INFO - Filling up the DagBag from /opt/airflow/dags/isr_pipeline.py
[2026-04-05T19:45:48.926+0000] {processor.py:840} INFO - DAG(s) 'isr_pipeline' retrieved from /opt/airflow/dags/isr_pipeline.py
[2026-04-05T19:45:49.123+0000] {logging_mixin.py:188} INFO - [2026-04-05T19:45:49.118+0000] {dag.py:3096} INFO - Sync 1 DAGs
[2026-04-05T19:45:49.344+0000] {processor.py:183} INFO - Processing /opt/airflow/dags/isr_pipeline.py took 0.580 seconds
[2026-04-05T19:46:19.876+0000] {processor.py:161} INFO - Started process (PID=61258) to work on /opt/airflow/dags/isr_pipeline.py
[2026-04-05T19:46:19.885+0000] {processor.py:830} INFO - Processing file /opt/airflow/dags/isr_pipeline.py for tasks to queue
[2026-04-05T19:46:19.892+0000] {logging_mixin.py:188} INFO - [2026-04-05T19:46:19.890+0000] {dagbag.py:540} INFO - Filling up the DagBag from /opt/airflow/dags/isr_pipeline.py
[2026-04-05T19:46:19.987+0000] {processor.py:840} INFO - DAG(s) 'isr_pipeline' retrieved from /opt/airflow/dags/isr_pipeline.py
[2026-04-05T19:46:20.174+0000] {logging_mixin.py:188} INFO - [2026-04-05T19:46:20.173+0000] {dag.py:3096} INFO - Sync 1 DAGs
[2026-04-05T19:46:20.389+0000] {processor.py:183} INFO - Processing /opt/airflow/dags/isr_pipeline.py took 0.550 seconds
[2026-04-05T19:46:50.619+0000] {processor.py:161} INFO - Started process (PID=61263) to work on /opt/airflow/dags/isr_pipeline.py
[2026-04-05T19:46:50.626+0000] {processor.py:830} INFO - Processing file /opt/airflow/dags/isr_pipeline.py for tasks to queue
[2026-04-05T19:46:50.633+0000] {logging_mixin.py:188} INFO - [2026-04-05T19:46:50.631+0000] {dagbag.py:540} INFO - Filling up the DagBag from /opt/airflow/dags/isr_pipeline.py
[2026-04-05T19:46:50.734+0000] {processor.py:840} INFO - DAG(s) 'isr_pipeline' retrieved from /opt/airflow/dags/isr_pipeline.py
[2026-04-05T19:46:50.922+0000] {logging_mixin.py:188} INFO - [2026-04-05T19:46:50.921+0000] {dag.py:3096} INFO - Sync 1 DAGs
[2026-04-05T19:46:51.146+0000] {processor.py:183} INFO - Processing /opt/airflow/dags/isr_pipeline.py took 0.564 seconds
[2026-04-05T19:47:21.520+0000] {processor.py:161} INFO - Started process (PID=61268) to work on /opt/airflow/dags/isr_pipeline.py
[2026-04-05T19:47:21.528+0000] {processor.py:830} INFO - Processing file /opt/airflow/dags/isr_pipeline.py for tasks to queue
[2026-04-05T19:47:21.537+0000] {logging_mixin.py:188} INFO - [2026-04-05T19:47:21.535+0000] {dagbag.py:540} INFO - Filling up the DagBag from /opt/airflow/dags/isr_pipeline.py
[2026-04-05T19:47:21.661+0000] {processor.py:840} INFO - DAG(s) 'isr_pipeline' retrieved from /opt/airflow/dags/isr_pipeline.py
[2026-04-05T19:47:21.855+0000] {logging_mixin.py:188} INFO - [2026-04-05T19:47:21.854+0000] {dag.py:3096} INFO - Sync 1 DAGs
[2026-04-05T19:47:22.095+0000] {processor.py:183} INFO - Processing /opt/airflow/dags/isr_pipeline.py took 0.634 seconds
[2026-04-05T19:47:52.625+0000] {processor.py:161} INFO - Started process (PID=61273) to work on /opt/airflow/dags/isr_pipeline.py
[2026-04-05T19:47:52.632+0000] {processor.py:830} INFO - Processing file /opt/airflow/dags/isr_pipeline.py for tasks to queue
[2026-04-05T19:47:52.639+0000] {logging_mixin.py:188} INFO - [2026-04-05T19:47:52.637+0000] {dagbag.py:540} INFO - Filling up the DagBag from /opt/airflow/dags/isr_pipeline.py
[2026-04-05T19:47:52.735+0000] {processor.py:840} INFO - DAG(s) 'isr_pipeline' retrieved from /opt/airflow/dags/isr_pipeline.py
[2026-04-05T19:47:52.921+0000] {logging_mixin.py:188} INFO - [2026-04-05T19:47:52.920+0000] {dag.py:3096} INFO - Sync 1 DAGs
[2026-04-05T19:47:53.120+0000] {processor.py:183} INFO - Processing /opt/airflow/dags/isr_pipeline.py took 0.534 seconds
[2026-04-05T19:48:23.476+0000] {processor.py:161} INFO - Started process (PID=61278) to work on /opt/airflow/dags/isr_pipeline.py
[2026-04-05T19:48:23.484+0000] {processor.py:830} INFO - Processing file /opt/airflow/dags/isr_pipeline.py for tasks to queue
[2026-04-05T19:48:23.491+0000] {logging_mixin.py:188} INFO - [2026-04-05T19:48:23.489+0000] {dagbag.py:540} INFO - Filling up the DagBag from /opt/airflow/dags/isr_pipeline.py
[2026-04-05T19:48:23.588+0000] {processor.py:840} INFO - DAG(s) 'isr_pipeline' retrieved from /opt/airflow/dags/isr_pipeline.py
[2026-04-05T19:48:23.787+0000] {logging_mixin.py:188} INFO - [2026-04-05T19:48:23.786+0000] {dag.py:3096} INFO - Sync 1 DAGs
[2026-04-05T19:48:23.988+0000] {processor.py:183} INFO - Processing /opt/airflow/dags/isr_pipeline.py took 0.559 seconds
[2026-04-05T19:57:19.483+0000] {processor.py:161} INFO - Started process (PID=61284) to work on /opt/airflow/dags/isr_pipeline.py
[2026-04-05T19:57:19.667+0000] {processor.py:830} INFO - Processing file /opt/airflow/dags/isr_pipeline.py for tasks to queue
[2026-04-05T19:57:19.670+0000] {logging_mixin.py:188} INFO - [2026-04-05T19:57:19.670+0000] {dagbag.py:540} INFO - Filling up the DagBag from /opt/airflow/dags/isr_pipeline.py
[2026-04-05T19:57:19.700+0000] {processor.py:840} INFO - DAG(s) 'isr_pipeline' retrieved from /opt/airflow/dags/isr_pipeline.py
[2026-04-05T19:57:19.760+0000] {logging_mixin.py:188} INFO - [2026-04-05T19:57:19.759+0000] {dag.py:3096} INFO - Sync 1 DAGs
[2026-04-05T19:57:19.836+0000] {processor.py:183} INFO - Processing /opt/airflow/dags/isr_pipeline.py took 0.364 seconds
[2026-04-05T19:57:50.043+0000] {processor.py:161} INFO - Started process (PID=61290) to work on /opt/airflow/dags/isr_pipeline.py
[2026-04-05T19:57:50.048+0000] {processor.py:830} INFO - Processing file /opt/airflow/dags/isr_pipeline.py for tasks to queue
[2026-04-05T19:57:50.055+0000] {logging_mixin.py:188} INFO - [2026-04-05T19:57:50.054+0000] {dagbag.py:540} INFO - Filling up the DagBag from /opt/airflow/dags/isr_pipeline.py
[2026-04-05T19:57:50.147+0000] {processor.py:840} INFO - DAG(s) 'isr_pipeline' retrieved from /opt/airflow/dags/isr_pipeline.py
[2026-04-05T19:57:50.338+0000] {logging_mixin.py:188} INFO - [2026-04-05T19:57:50.337+0000] {dag.py:3096} INFO - Sync 1 DAGs
[2026-04-05T19:57:50.555+0000] {processor.py:183} INFO - Processing /opt/airflow/dags/isr_pipeline.py took 0.550 seconds
[2026-04-05T20:18:33.637+0000] {processor.py:161} INFO - Started process (PID=61296) to work on /opt/airflow/dags/isr_pipeline.py
[2026-04-05T20:18:33.639+0000] {processor.py:830} INFO - Processing file /opt/airflow/dags/isr_pipeline.py for tasks to queue
[2026-04-05T20:18:33.642+0000] {logging_mixin.py:188} INFO - [2026-04-05T20:18:33.641+0000] {dagbag.py:540} INFO - Filling up the DagBag from /opt/airflow/dags/isr_pipeline.py
[2026-04-05T20:18:33.668+0000] {processor.py:840} INFO - DAG(s) 'isr_pipeline' retrieved from /opt/airflow/dags/isr_pipeline.py
[2026-04-05T20:18:33.733+0000] {logging_mixin.py:188} INFO - [2026-04-05T20:18:33.732+0000] {dag.py:3096} INFO - Sync 1 DAGs
[2026-04-05T20:18:33.795+0000] {processor.py:183} INFO - Processing /opt/airflow/dags/isr_pipeline.py took 0.171 seconds
[2026-04-05T20:19:04.122+0000] {processor.py:161} INFO - Started process (PID=61302) to work on /opt/airflow/dags/isr_pipeline.py
[2026-04-05T20:19:04.129+0000] {processor.py:830} INFO - Processing file /opt/airflow/dags/isr_pipeline.py for tasks to queue
[2026-04-05T20:19:04.137+0000] {logging_mixin.py:188} INFO - [2026-04-05T20:19:04.135+0000] {dagbag.py:540} INFO - Filling up the DagBag from /opt/airflow/dags/isr_pipeline.py
[2026-04-05T20:19:04.237+0000] {processor.py:840} INFO - DAG(s) 'isr_pipeline' retrieved from /opt/airflow/dags/isr_pipeline.py
[2026-04-05T20:19:04.427+0000] {logging_mixin.py:188} INFO - [2026-04-05T20:19:04.426+0000] {dag.py:3096} INFO - Sync 1 DAGs
[2026-04-05T20:19:04.636+0000] {processor.py:183} INFO - Processing /opt/airflow/dags/isr_pipeline.py took 0.552 seconds
[2026-04-05T20:19:35.119+0000] {processor.py:161} INFO - Started process (PID=61307) to work on /opt/airflow/dags/isr_pipeline.py
[2026-04-05T20:19:35.126+0000] {processor.py:830} INFO - Processing file /opt/airflow/dags/isr_pipeline.py for tasks to queue
[2026-04-05T20:19:35.133+0000] {logging_mixin.py:188} INFO - [2026-04-05T20:19:35.131+0000] {dagbag.py:540} INFO - Filling up the DagBag from /opt/airflow/dags/isr_pipeline.py
[2026-04-05T20:19:35.227+0000] {processor.py:840} INFO - DAG(s) 'isr_pipeline' retrieved from /opt/airflow/dags/isr_pipeline.py
[2026-04-05T20:19:35.427+0000] {logging_mixin.py:188} INFO - [2026-04-05T20:19:35.425+0000] {dag.py:3096} INFO - Sync 1 DAGs
[2026-04-05T20:19:35.649+0000] {processor.py:183} INFO - Processing /opt/airflow/dags/isr_pipeline.py took 0.566 seconds
[2026-04-05T20:20:06.162+0000] {processor.py:161} INFO - Started process (PID=61312) to work on /opt/airflow/dags/isr_pipeline.py
[2026-04-05T20:20:06.169+0000] {processor.py:830} INFO - Processing file /opt/airflow/dags/isr_pipeline.py for tasks to queue
[2026-04-05T20:20:06.177+0000] {logging_mixin.py:188} INFO - [2026-04-05T20:20:06.175+0000] {dagbag.py:540} INFO - Filling up the DagBag from /opt/airflow/dags/isr_pipeline.py
[2026-04-05T20:20:06.272+0000] {processor.py:840} INFO - DAG(s) 'isr_pipeline' retrieved from /opt/airflow/dags/isr_pipeline.py
[2026-04-05T20:20:06.478+0000] {logging_mixin.py:188} INFO - [2026-04-05T20:20:06.477+0000] {dag.py:3096} INFO - Sync 1 DAGs
[2026-04-05T20:20:06.701+0000] {processor.py:183} INFO - Processing /opt/airflow/dags/isr_pipeline.py took 0.580 seconds
[2026-04-05T20:20:37.257+0000] {processor.py:161} INFO - Started process (PID=61317) to work on /opt/airflow/dags/isr_pipeline.py
[2026-04-05T20:20:37.264+0000] {processor.py:830} INFO - Processing file /opt/airflow/dags/isr_pipeline.py for tasks to queue
[2026-04-05T20:20:37.279+0000] {logging_mixin.py:188} INFO - [2026-04-05T20:20:37.274+0000] {dagbag.py:540} INFO - Filling up the DagBag from /opt/airflow/dags/isr_pipeline.py
[2026-04-05T20:20:37.389+0000] {processor.py:840} INFO - DAG(s) 'isr_pipeline' retrieved from /opt/airflow/dags/isr_pipeline.py
[2026-04-05T20:20:37.593+0000] {logging_mixin.py:188} INFO - [2026-04-05T20:20:37.591+0000] {dag.py:3096} INFO - Sync 1 DAGs
[2026-04-05T20:20:37.820+0000] {processor.py:183} INFO - Processing /opt/airflow/dags/isr_pipeline.py took 0.602 seconds
[2026-04-05T20:21:08.212+0000] {processor.py:161} INFO - Started process (PID=61322) to work on /opt/airflow/dags/isr_pipeline.py
[2026-04-05T20:21:08.219+0000] {processor.py:830} INFO - Processing file /opt/airflow/dags/isr_pipeline.py for tasks to queue
[2026-04-05T20:21:08.226+0000] {logging_mixin.py:188} INFO - [2026-04-05T20:21:08.224+0000] {dagbag.py:540} INFO - Filling up the DagBag from /opt/airflow/dags/isr_pipeline.py
[2026-04-05T20:21:08.338+0000] {processor.py:840} INFO - DAG(s) 'isr_pipeline' retrieved from /opt/airflow/dags/isr_pipeline.py
[2026-04-05T20:21:08.534+0000] {logging_mixin.py:188} INFO - [2026-04-05T20:21:08.533+0000] {dag.py:3096} INFO - Sync 1 DAGs
[2026-04-05T20:21:08.741+0000] {processor.py:183} INFO - Processing /opt/airflow/dags/isr_pipeline.py took 0.567 seconds
[2026-04-05T20:21:39.226+0000] {processor.py:161} INFO - Started process (PID=61327) to work on /opt/airflow/dags/isr_pipeline.py
[2026-04-05T20:21:39.235+0000] {processor.py:830} INFO - Processing file /opt/airflow/dags/isr_pipeline.py for tasks to queue
[2026-04-05T20:21:39.243+0000] {logging_mixin.py:188} INFO - [2026-04-05T20:21:39.241+0000] {dagbag.py:540} INFO - Filling up the DagBag from /opt/airflow/dags/isr_pipeline.py
[2026-04-05T20:21:39.358+0000] {processor.py:840} INFO - DAG(s) 'isr_pipeline' retrieved from /opt/airflow/dags/isr_pipeline.py
[2026-04-05T20:21:39.565+0000] {logging_mixin.py:188} INFO - [2026-04-05T20:21:39.563+0000] {dag.py:3096} INFO - Sync 1 DAGs
[2026-04-05T20:21:39.771+0000] {processor.py:183} INFO - Processing /opt/airflow/dags/isr_pipeline.py took 0.585 seconds
[2026-04-05T20:22:10.057+0000] {processor.py:161} INFO - Started process (PID=61332) to work on /opt/airflow/dags/isr_pipeline.py
[2026-04-05T20:22:10.064+0000] {processor.py:830} INFO - Processing file /opt/airflow/dags/isr_pipeline.py for tasks to queue
[2026-04-05T20:22:10.071+0000] {logging_mixin.py:188} INFO - [2026-04-05T20:22:10.070+0000] {dagbag.py:540} INFO - Filling up the DagBag from /opt/airflow/dags/isr_pipeline.py
[2026-04-05T20:22:10.181+0000] {processor.py:840} INFO - DAG(s) 'isr_pipeline' retrieved from /opt/airflow/dags/isr_pipeline.py
[2026-04-05T20:22:10.368+0000] {logging_mixin.py:188} INFO - [2026-04-05T20:22:10.367+0000] {dag.py:3096} INFO - Sync 1 DAGs
[2026-04-05T20:22:10.591+0000] {processor.py:183} INFO - Processing /opt/airflow/dags/isr_pipeline.py took 0.571 seconds
[2026-04-05T20:22:41.122+0000] {processor.py:161} INFO - Started process (PID=61337) to work on /opt/airflow/dags/isr_pipeline.py
[2026-04-05T20:22:41.130+0000] {processor.py:830} INFO - Processing file /opt/airflow/dags/isr_pipeline.py for tasks to queue
[2026-04-05T20:22:41.140+0000] {logging_mixin.py:188} INFO - [2026-04-05T20:22:41.138+0000] {dagbag.py:540} INFO - Filling up the DagBag from /opt/airflow/dags/isr_pipeline.py
[2026-04-05T20:22:41.235+0000] {processor.py:840} INFO - DAG(s) 'isr_pipeline' retrieved from /opt/airflow/dags/isr_pipeline.py
[2026-04-05T20:22:41.447+0000] {logging_mixin.py:188} INFO - [2026-04-05T20:22:41.445+0000] {dag.py:3096} INFO - Sync 1 DAGs
[2026-04-05T20:22:41.655+0000] {processor.py:183} INFO - Processing /opt/airflow/dags/isr_pipeline.py took 0.575 seconds
[2026-04-05T20:23:11.986+0000] {processor.py:161} INFO - Started process (PID=61342) to work on /opt/airflow/dags/isr_pipeline.py
[2026-04-05T20:23:11.993+0000] {processor.py:830} INFO - Processing file /opt/airflow/dags/isr_pipeline.py for tasks to queue
[2026-04-05T20:23:12.002+0000] {logging_mixin.py:188} INFO - [2026-04-05T20:23:12.000+0000] {dagbag.py:540} INFO - Filling up the DagBag from /opt/airflow/dags/isr_pipeline.py
[2026-04-05T20:23:12.099+0000] {processor.py:840} INFO - DAG(s) 'isr_pipeline' retrieved from /opt/airflow/dags/isr_pipeline.py
[2026-04-05T20:23:12.299+0000] {logging_mixin.py:188} INFO - [2026-04-05T20:23:12.298+0000] {dag.py:3096} INFO - Sync 1 DAGs
[2026-04-05T20:23:12.531+0000] {processor.py:183} INFO - Processing /opt/airflow/dags/isr_pipeline.py took 0.584 seconds
[2026-04-05T20:23:43.083+0000] {processor.py:161} INFO - Started process (PID=61347) to work on /opt/airflow/dags/isr_pipeline.py
[2026-04-05T20:23:43.092+0000] {processor.py:830} INFO - Processing file /opt/airflow/dags/isr_pipeline.py for tasks to queue
[2026-04-05T20:23:43.101+0000] {logging_mixin.py:188} INFO - [2026-04-05T20:23:43.099+0000] {dagbag.py:540} INFO - Filling up the DagBag from /opt/airflow/dags/isr_pipeline.py
[2026-04-05T20:23:43.196+0000] {processor.py:840} INFO - DAG(s) 'isr_pipeline' retrieved from /opt/airflow/dags/isr_pipeline.py
[2026-04-05T20:23:43.402+0000] {logging_mixin.py:188} INFO - [2026-04-05T20:23:43.401+0000] {dag.py:3096} INFO - Sync 1 DAGs
[2026-04-05T20:23:43.620+0000] {processor.py:183} INFO - Processing /opt/airflow/dags/isr_pipeline.py took 0.576 seconds
[2026-04-05T20:24:14.044+0000] {processor.py:161} INFO - Started process (PID=61352) to work on /opt/airflow/dags/isr_pipeline.py
[2026-04-05T20:24:14.052+0000] {processor.py:830} INFO - Processing file /opt/airflow/dags/isr_pipeline.py for tasks to queue
[2026-04-05T20:24:14.060+0000] {logging_mixin.py:188} INFO - [2026-04-05T20:24:14.058+0000] {dagbag.py:540} INFO - Filling up the DagBag from /opt/airflow/dags/isr_pipeline.py
[2026-04-05T20:24:14.154+0000] {processor.py:840} INFO - DAG(s) 'isr_pipeline' retrieved from /opt/airflow/dags/isr_pipeline.py
[2026-04-05T20:24:14.345+0000] {logging_mixin.py:188} INFO - [2026-04-05T20:24:14.341+0000] {dag.py:3096} INFO - Sync 1 DAGs
[2026-04-05T20:24:14.581+0000] {processor.py:183} INFO - Processing /opt/airflow/dags/isr_pipeline.py took 0.574 seconds
[2026-04-05T20:24:45.096+0000] {processor.py:161} INFO - Started process (PID=61357) to work on /opt/airflow/dags/isr_pipeline.py
[2026-04-05T20:24:45.102+0000] {processor.py:830} INFO - Processing file /opt/airflow/dags/isr_pipeline.py for tasks to queue
[2026-04-05T20:24:45.110+0000] {logging_mixin.py:188} INFO - [2026-04-05T20:24:45.108+0000] {dagbag.py:540} INFO - Filling up the DagBag from /opt/airflow/dags/isr_pipeline.py
[2026-04-05T20:24:45.201+0000] {processor.py:840} INFO - DAG(s) 'isr_pipeline' retrieved from /opt/airflow/dags/isr_pipeline.py
[2026-04-05T20:24:45.401+0000] {logging_mixin.py:188} INFO - [2026-04-05T20:24:45.399+0000] {dag.py:3096} INFO - Sync 1 DAGs
[2026-04-05T20:24:45.602+0000] {processor.py:183} INFO - Processing /opt/airflow/dags/isr_pipeline.py took 0.545 seconds
[2026-04-05T20:25:16.207+0000] {processor.py:161} INFO - Started process (PID=61362) to work on /opt/airflow/dags/isr_pipeline.py
[2026-04-05T20:25:16.217+0000] {processor.py:830} INFO - Processing file /opt/airflow/dags/isr_pipeline.py for tasks to queue
[2026-04-05T20:25:16.224+0000] {logging_mixin.py:188} INFO - [2026-04-05T20:25:16.222+0000] {dagbag.py:540} INFO - Filling up the DagBag from /opt/airflow/dags/isr_pipeline.py
[2026-04-05T20:25:16.327+0000] {processor.py:840} INFO - DAG(s) 'isr_pipeline' retrieved from /opt/airflow/dags/isr_pipeline.py
[2026-04-05T20:25:16.514+0000] {logging_mixin.py:188} INFO - [2026-04-05T20:25:16.513+0000] {dag.py:3096} INFO - Sync 1 DAGs
[2026-04-05T20:25:16.723+0000] {processor.py:183} INFO - Processing /opt/airflow/dags/isr_pipeline.py took 0.558 seconds
[2026-04-05T20:25:47.141+0000] {processor.py:161} INFO - Started process (PID=61367) to work on /opt/airflow/dags/isr_pipeline.py
[2026-04-05T20:25:47.148+0000] {processor.py:830} INFO - Processing file /opt/airflow/dags/isr_pipeline.py for tasks to queue
[2026-04-05T20:25:47.157+0000] {logging_mixin.py:188} INFO - [2026-04-05T20:25:47.155+0000] {dagbag.py:540} INFO - Filling up the DagBag from /opt/airflow/dags/isr_pipeline.py
[2026-04-05T20:25:47.257+0000] {processor.py:840} INFO - DAG(s) 'isr_pipeline' retrieved from /opt/airflow/dags/isr_pipeline.py
[2026-04-05T20:25:47.576+0000] {logging_mixin.py:188} INFO - [2026-04-05T20:25:47.575+0000] {dag.py:3096} INFO - Sync 1 DAGs
[2026-04-05T20:25:47.816+0000] {processor.py:183} INFO - Processing /opt/airflow/dags/isr_pipeline.py took 0.716 seconds
[2026-04-05T20:26:18.326+0000] {processor.py:161} INFO - Started process (PID=61372) to work on /opt/airflow/dags/isr_pipeline.py
[2026-04-05T20:26:18.334+0000] {processor.py:830} INFO - Processing file /opt/airflow/dags/isr_pipeline.py for tasks to queue
[2026-04-05T20:26:18.341+0000] {logging_mixin.py:188} INFO - [2026-04-05T20:26:18.339+0000] {dagbag.py:540} INFO - Filling up the DagBag from /opt/airflow/dags/isr_pipeline.py
[2026-04-05T20:26:18.441+0000] {processor.py:840} INFO - DAG(s) 'isr_pipeline' retrieved from /opt/airflow/dags/isr_pipeline.py
[2026-04-05T20:26:18.629+0000] {logging_mixin.py:188} INFO - [2026-04-05T20:26:18.628+0000] {dag.py:3096} INFO - Sync 1 DAGs
[2026-04-05T20:26:18.832+0000] {processor.py:183} INFO - Processing /opt/airflow/dags/isr_pipeline.py took 0.546 seconds
[2026-04-05T20:26:49.372+0000] {processor.py:161} INFO - Started process (PID=61377) to work on /opt/airflow/dags/isr_pipeline.py
[2026-04-05T20:26:49.379+0000] {processor.py:830} INFO - Processing file /opt/airflow/dags/isr_pipeline.py for tasks to queue
[2026-04-05T20:26:49.386+0000] {logging_mixin.py:188} INFO - [2026-04-05T20:26:49.384+0000] {dagbag.py:540} INFO - Filling up the DagBag from /opt/airflow/dags/isr_pipeline.py
[2026-04-05T20:26:49.486+0000] {processor.py:840} INFO - DAG(s) 'isr_pipeline' retrieved from /opt/airflow/dags/isr_pipeline.py
[2026-04-05T20:26:49.672+0000] {logging_mixin.py:188} INFO - [2026-04-05T20:26:49.671+0000] {dag.py:3096} INFO - Sync 1 DAGs
[2026-04-05T20:26:49.873+0000] {processor.py:183} INFO - Processing /opt/airflow/dags/isr_pipeline.py took 0.542 seconds
[2026-04-05T20:27:20.207+0000] {processor.py:161} INFO - Started process (PID=61382) to work on /opt/airflow/dags/isr_pipeline.py
[2026-04-05T20:27:20.214+0000] {processor.py:830} INFO - Processing file /opt/airflow/dags/isr_pipeline.py for tasks to queue
[2026-04-05T20:27:20.220+0000] {logging_mixin.py:188} INFO - [2026-04-05T20:27:20.219+0000] {dagbag.py:540} INFO - Filling up the DagBag from /opt/airflow/dags/isr_pipeline.py
[2026-04-05T20:27:20.328+0000] {processor.py:840} INFO - DAG(s) 'isr_pipeline' retrieved from /opt/airflow/dags/isr_pipeline.py
[2026-04-05T20:27:20.517+0000] {logging_mixin.py:188} INFO - [2026-04-05T20:27:20.516+0000] {dag.py:3096} INFO - Sync 1 DAGs
[2026-04-05T20:27:20.729+0000] {processor.py:183} INFO - Processing /opt/airflow/dags/isr_pipeline.py took 0.562 seconds
[2026-04-05T20:27:51.315+0000] {processor.py:161} INFO - Started process (PID=61387) to work on /opt/airflow/dags/isr_pipeline.py
[2026-04-05T20:27:51.323+0000] {processor.py:830} INFO - Processing file /opt/airflow/dags/isr_pipeline.py for tasks to queue
[2026-04-05T20:27:51.330+0000] {logging_mixin.py:188} INFO - [2026-04-05T20:27:51.328+0000] {dagbag.py:540} INFO - Filling up the DagBag from /opt/airflow/dags/isr_pipeline.py
[2026-04-05T20:27:51.435+0000] {processor.py:840} INFO - DAG(s) 'isr_pipeline' retrieved from /opt/airflow/dags/isr_pipeline.py
[2026-04-05T20:27:51.626+0000] {logging_mixin.py:188} INFO - [2026-04-05T20:27:51.625+0000] {dag.py:3096} INFO - Sync 1 DAGs
[2026-04-05T20:27:51.823+0000] {processor.py:183} INFO - Processing /opt/airflow/dags/isr_pipeline.py took 0.547 seconds
[2026-04-05T20:28:22.067+0000] {processor.py:161} INFO - Started process (PID=61392) to work on /opt/airflow/dags/isr_pipeline.py
[2026-04-05T20:28:22.074+0000] {processor.py:830} INFO - Processing file /opt/airflow/dags/isr_pipeline.py for tasks to queue
[2026-04-05T20:28:22.080+0000] {logging_mixin.py:188} INFO - [2026-04-05T20:28:22.079+0000] {dagbag.py:540} INFO - Filling up the DagBag from /opt/airflow/dags/isr_pipeline.py
[2026-04-05T20:28:22.172+0000] {processor.py:840} INFO - DAG(s) 'isr_pipeline' retrieved from /opt/airflow/dags/isr_pipeline.py
[2026-04-05T20:28:22.358+0000] {logging_mixin.py:188} INFO - [2026-04-05T20:28:22.357+0000] {dag.py:3096} INFO - Sync 1 DAGs
[2026-04-05T20:28:22.567+0000] {processor.py:183} INFO - Processing /opt/airflow/dags/isr_pipeline.py took 0.537 seconds
[2026-04-05T20:28:52.805+0000] {processor.py:161} INFO - Started process (PID=61397) to work on /opt/airflow/dags/isr_pipeline.py
[2026-04-05T20:28:52.812+0000] {processor.py:830} INFO - Processing file /opt/airflow/dags/isr_pipeline.py for tasks to queue
[2026-04-05T20:28:52.820+0000] {logging_mixin.py:188} INFO - [2026-04-05T20:28:52.818+0000] {dagbag.py:540} INFO - Filling up the DagBag from /opt/airflow/dags/isr_pipeline.py
[2026-04-05T20:28:52.925+0000] {processor.py:840} INFO - DAG(s) 'isr_pipeline' retrieved from /opt/airflow/dags/isr_pipeline.py
[2026-04-05T20:28:53.103+0000] {logging_mixin.py:188} INFO - [2026-04-05T20:28:53.102+0000] {dag.py:3096} INFO - Sync 1 DAGs
[2026-04-05T20:28:53.306+0000] {processor.py:183} INFO - Processing /opt/airflow/dags/isr_pipeline.py took 0.545 seconds
[2026-04-05T20:29:23.826+0000] {processor.py:161} INFO - Started process (PID=61402) to work on /opt/airflow/dags/isr_pipeline.py
[2026-04-05T20:29:23.837+0000] {processor.py:830} INFO - Processing file /opt/airflow/dags/isr_pipeline.py for tasks to queue
[2026-04-05T20:29:23.849+0000] {logging_mixin.py:188} INFO - [2026-04-05T20:29:23.845+0000] {dagbag.py:540} INFO - Filling up the DagBag from /opt/airflow/dags/isr_pipeline.py
[2026-04-05T20:29:23.962+0000] {processor.py:840} INFO - DAG(s) 'isr_pipeline' retrieved from /opt/airflow/dags/isr_pipeline.py
[2026-04-05T20:29:24.155+0000] {logging_mixin.py:188} INFO - [2026-04-05T20:29:24.154+0000] {dag.py:3096} INFO - Sync 1 DAGs
[2026-04-05T20:29:24.378+0000] {processor.py:183} INFO - Processing /opt/airflow/dags/isr_pipeline.py took 0.601 seconds
[2026-04-05T20:29:54.773+0000] {processor.py:161} INFO - Started process (PID=61407) to work on /opt/airflow/dags/isr_pipeline.py
[2026-04-05T20:29:54.782+0000] {processor.py:830} INFO - Processing file /opt/airflow/dags/isr_pipeline.py for tasks to queue
[2026-04-05T20:29:54.791+0000] {logging_mixin.py:188} INFO - [2026-04-05T20:29:54.789+0000] {dagbag.py:540} INFO - Filling up the DagBag from /opt/airflow/dags/isr_pipeline.py
[2026-04-05T20:29:54.890+0000] {processor.py:840} INFO - DAG(s) 'isr_pipeline' retrieved from /opt/airflow/dags/isr_pipeline.py
[2026-04-05T20:29:55.066+0000] {logging_mixin.py:188} INFO - [2026-04-05T20:29:55.065+0000] {dag.py:3096} INFO - Sync 1 DAGs
[2026-04-05T20:29:55.269+0000] {processor.py:183} INFO - Processing /opt/airflow/dags/isr_pipeline.py took 0.536 seconds
[2026-04-05T20:30:25.782+0000] {processor.py:161} INFO - Started process (PID=61412) to work on /opt/airflow/dags/isr_pipeline.py
[2026-04-05T20:30:25.790+0000] {processor.py:830} INFO - Processing file /opt/airflow/dags/isr_pipeline.py for tasks to queue
[2026-04-05T20:30:25.798+0000] {logging_mixin.py:188} INFO - [2026-04-05T20:30:25.796+0000] {dagbag.py:540} INFO - Filling up the DagBag from /opt/airflow/dags/isr_pipeline.py
[2026-04-05T20:30:25.896+0000] {processor.py:840} INFO - DAG(s) 'isr_pipeline' retrieved from /opt/airflow/dags/isr_pipeline.py
[2026-04-05T20:30:26.079+0000] {logging_mixin.py:188} INFO - [2026-04-05T20:30:26.078+0000] {dag.py:3096} INFO - Sync 1 DAGs
[2026-04-05T20:30:26.293+0000] {processor.py:183} INFO - Processing /opt/airflow/dags/isr_pipeline.py took 0.562 seconds
[2026-04-05T20:30:56.678+0000] {processor.py:161} INFO - Started process (PID=61417) to work on /opt/airflow/dags/isr_pipeline.py
[2026-04-05T20:30:56.685+0000] {processor.py:830} INFO - Processing file /opt/airflow/dags/isr_pipeline.py for tasks to queue
[2026-04-05T20:30:56.692+0000] {logging_mixin.py:188} INFO - [2026-04-05T20:30:56.690+0000] {dagbag.py:540} INFO - Filling up the DagBag from /opt/airflow/dags/isr_pipeline.py
[2026-04-05T20:30:56.795+0000] {processor.py:840} INFO - DAG(s) 'isr_pipeline' retrieved from /opt/airflow/dags/isr_pipeline.py
[2026-04-05T20:30:56.990+0000] {logging_mixin.py:188} INFO - [2026-04-05T20:30:56.988+0000] {dag.py:3096} INFO - Sync 1 DAGs
[2026-04-05T20:30:57.183+0000] {processor.py:183} INFO - Processing /opt/airflow/dags/isr_pipeline.py took 0.546 seconds
[2026-04-05T20:31:27.747+0000] {processor.py:161} INFO - Started process (PID=61422) to work on /opt/airflow/dags/isr_pipeline.py
[2026-04-05T20:31:27.755+0000] {processor.py:830} INFO - Processing file /opt/airflow/dags/isr_pipeline.py for tasks to queue
[2026-04-05T20:31:27.762+0000] {logging_mixin.py:188} INFO - [2026-04-05T20:31:27.760+0000] {dagbag.py:540} INFO - Filling up the DagBag from /opt/airflow/dags/isr_pipeline.py
[2026-04-05T20:31:27.867+0000] {processor.py:840} INFO - DAG(s) 'isr_pipeline' retrieved from /opt/airflow/dags/isr_pipeline.py
[2026-04-05T20:31:28.066+0000] {logging_mixin.py:188} INFO - [2026-04-05T20:31:28.065+0000] {dag.py:3096} INFO - Sync 1 DAGs
[2026-04-05T20:31:28.268+0000] {processor.py:183} INFO - Processing /opt/airflow/dags/isr_pipeline.py took 0.562 seconds
[2026-04-05T20:31:58.539+0000] {processor.py:161} INFO - Started process (PID=61427) to work on /opt/airflow/dags/isr_pipeline.py
[2026-04-05T20:31:58.550+0000] {processor.py:830} INFO - Processing file /opt/airflow/dags/isr_pipeline.py for tasks to queue
[2026-04-05T20:31:58.558+0000] {logging_mixin.py:188} INFO - [2026-04-05T20:31:58.557+0000] {dagbag.py:540} INFO - Filling up the DagBag from /opt/airflow/dags/isr_pipeline.py
[2026-04-05T20:31:58.672+0000] {processor.py:840} INFO - DAG(s) 'isr_pipeline' retrieved from /opt/airflow/dags/isr_pipeline.py
[2026-04-05T20:31:58.894+0000] {logging_mixin.py:188} INFO - [2026-04-05T20:31:58.892+0000] {dag.py:3096} INFO - Sync 1 DAGs
[2026-04-05T20:31:59.106+0000] {processor.py:183} INFO - Processing /opt/airflow/dags/isr_pipeline.py took 0.616 seconds
[2026-04-05T20:32:29.632+0000] {processor.py:161} INFO - Started process (PID=61432) to work on /opt/airflow/dags/isr_pipeline.py
[2026-04-05T20:32:29.640+0000] {processor.py:830} INFO - Processing file /opt/airflow/dags/isr_pipeline.py for tasks to queue
[2026-04-05T20:32:29.647+0000] {logging_mixin.py:188} INFO - [2026-04-05T20:32:29.645+0000] {dagbag.py:540} INFO - Filling up the DagBag from /opt/airflow/dags/isr_pipeline.py
[2026-04-05T20:32:29.742+0000] {processor.py:840} INFO - DAG(s) 'isr_pipeline' retrieved from /opt/airflow/dags/isr_pipeline.py
[2026-04-05T20:32:29.932+0000] {logging_mixin.py:188} INFO - [2026-04-05T20:32:29.930+0000] {dag.py:3096} INFO - Sync 1 DAGs
[2026-04-05T20:32:30.672+0000] {processor.py:183} INFO - Processing /opt/airflow/dags/isr_pipeline.py took 1.078 seconds
[2026-04-05T20:58:20.339+0000] {processor.py:161} INFO - Started process (PID=61438) to work on /opt/airflow/dags/isr_pipeline.py
[2026-04-05T20:58:20.341+0000] {processor.py:830} INFO - Processing file /opt/airflow/dags/isr_pipeline.py for tasks to queue
[2026-04-05T20:58:20.343+0000] {logging_mixin.py:188} INFO - [2026-04-05T20:58:20.342+0000] {dagbag.py:540} INFO - Filling up the DagBag from /opt/airflow/dags/isr_pipeline.py
[2026-04-05T20:58:20.382+0000] {processor.py:840} INFO - DAG(s) 'isr_pipeline' retrieved from /opt/airflow/dags/isr_pipeline.py
[2026-04-05T20:58:20.431+0000] {logging_mixin.py:188} INFO - [2026-04-05T20:58:20.430+0000] {dag.py:3096} INFO - Sync 1 DAGs
[2026-04-05T20:58:20.566+0000] {processor.py:183} INFO - Processing /opt/airflow/dags/isr_pipeline.py took 0.236 seconds
[2026-04-05T20:58:50.812+0000] {processor.py:161} INFO - Started process (PID=61443) to work on /opt/airflow/dags/isr_pipeline.py
[2026-04-05T20:58:50.819+0000] {processor.py:830} INFO - Processing file /opt/airflow/dags/isr_pipeline.py for tasks to queue
[2026-04-05T20:58:50.827+0000] {logging_mixin.py:188} INFO - [2026-04-05T20:58:50.825+0000] {dagbag.py:540} INFO - Filling up the DagBag from /opt/airflow/dags/isr_pipeline.py
[2026-04-05T20:58:50.924+0000] {processor.py:840} INFO - DAG(s) 'isr_pipeline' retrieved from /opt/airflow/dags/isr_pipeline.py
[2026-04-05T20:58:51.111+0000] {logging_mixin.py:188} INFO - [2026-04-05T20:58:51.110+0000] {dag.py:3096} INFO - Sync 1 DAGs
[2026-04-05T20:58:51.313+0000] {processor.py:183} INFO - Processing /opt/airflow/dags/isr_pipeline.py took 0.539 seconds
[2026-04-05T21:14:20.704+0000] {processor.py:161} INFO - Started process (PID=61449) to work on /opt/airflow/dags/isr_pipeline.py
[2026-04-05T21:14:20.719+0000] {processor.py:830} INFO - Processing file /opt/airflow/dags/isr_pipeline.py for tasks to queue
[2026-04-05T21:14:20.758+0000] {logging_mixin.py:188} INFO - [2026-04-05T21:14:20.757+0000] {dagbag.py:540} INFO - Filling up the DagBag from /opt/airflow/dags/isr_pipeline.py
[2026-04-05T21:14:20.792+0000] {processor.py:840} INFO - DAG(s) 'isr_pipeline' retrieved from /opt/airflow/dags/isr_pipeline.py
[2026-04-05T21:14:20.849+0000] {logging_mixin.py:188} INFO - [2026-04-05T21:14:20.849+0000] {dag.py:3096} INFO - Sync 1 DAGs
[2026-04-05T21:14:20.913+0000] {processor.py:183} INFO - Processing /opt/airflow/dags/isr_pipeline.py took 0.225 seconds
[2026-04-05T21:14:51.145+0000] {processor.py:161} INFO - Started process (PID=61454) to work on /opt/airflow/dags/isr_pipeline.py
[2026-04-05T21:14:51.151+0000] {processor.py:830} INFO - Processing file /opt/airflow/dags/isr_pipeline.py for tasks to queue
[2026-04-05T21:14:51.158+0000] {logging_mixin.py:188} INFO - [2026-04-05T21:14:51.156+0000] {dagbag.py:540} INFO - Filling up the DagBag from /opt/airflow/dags/isr_pipeline.py
[2026-04-05T21:14:51.259+0000] {processor.py:840} INFO - DAG(s) 'isr_pipeline' retrieved from /opt/airflow/dags/isr_pipeline.py
[2026-04-05T21:14:51.437+0000] {logging_mixin.py:188} INFO - [2026-04-05T21:14:51.436+0000] {dag.py:3096} INFO - Sync 1 DAGs
[2026-04-05T21:14:51.666+0000] {processor.py:183} INFO - Processing /opt/airflow/dags/isr_pipeline.py took 0.558 seconds
[2026-04-05T21:15:22.202+0000] {processor.py:161} INFO - Started process (PID=61459) to work on /opt/airflow/dags/isr_pipeline.py
[2026-04-05T21:15:22.208+0000] {processor.py:830} INFO - Processing file /opt/airflow/dags/isr_pipeline.py for tasks to queue
[2026-04-05T21:15:22.215+0000] {logging_mixin.py:188} INFO - [2026-04-05T21:15:22.213+0000] {dagbag.py:540} INFO - Filling up the DagBag from /opt/airflow/dags/isr_pipeline.py
[2026-04-05T21:15:22.308+0000] {processor.py:840} INFO - DAG(s) 'isr_pipeline' retrieved from /opt/airflow/dags/isr_pipeline.py
[2026-04-05T21:15:22.493+0000] {logging_mixin.py:188} INFO - [2026-04-05T21:15:22.492+0000] {dag.py:3096} INFO - Sync 1 DAGs
[2026-04-05T21:15:22.708+0000] {processor.py:183} INFO - Processing /opt/airflow/dags/isr_pipeline.py took 0.545 seconds
[2026-04-05T21:15:53.057+0000] {processor.py:161} INFO - Started process (PID=61464) to work on /opt/airflow/dags/isr_pipeline.py
[2026-04-05T21:15:53.064+0000] {processor.py:830} INFO - Processing file /opt/airflow/dags/isr_pipeline.py for tasks to queue
[2026-04-05T21:15:53.070+0000] {logging_mixin.py:188} INFO - [2026-04-05T21:15:53.068+0000] {dagbag.py:540} INFO - Filling up the DagBag from /opt/airflow/dags/isr_pipeline.py
[2026-04-05T21:15:53.167+0000] {processor.py:840} INFO - DAG(s) 'isr_pipeline' retrieved from /opt/airflow/dags/isr_pipeline.py
[2026-04-05T21:15:53.342+0000] {logging_mixin.py:188} INFO - [2026-04-05T21:15:53.341+0000] {dag.py:3096} INFO - Sync 1 DAGs
[2026-04-05T21:15:54.101+0000] {processor.py:183} INFO - Processing /opt/airflow/dags/isr_pipeline.py took 1.086 seconds
[2026-04-05T21:16:24.536+0000] {processor.py:161} INFO - Started process (PID=61469) to work on /opt/airflow/dags/isr_pipeline.py
[2026-04-05T21:16:24.543+0000] {processor.py:830} INFO - Processing file /opt/airflow/dags/isr_pipeline.py for tasks to queue
[2026-04-05T21:16:24.550+0000] {logging_mixin.py:188} INFO - [2026-04-05T21:16:24.548+0000] {dagbag.py:540} INFO - Filling up the DagBag from /opt/airflow/dags/isr_pipeline.py
[2026-04-05T21:16:24.670+0000] {processor.py:840} INFO - DAG(s) 'isr_pipeline' retrieved from /opt/airflow/dags/isr_pipeline.py
[2026-04-05T21:16:24.869+0000] {logging_mixin.py:188} INFO - [2026-04-05T21:16:24.868+0000] {dag.py:3096} INFO - Sync 1 DAGs
[2026-04-05T21:16:25.108+0000] {processor.py:183} INFO - Processing /opt/airflow/dags/isr_pipeline.py took 0.612 seconds
[2026-04-05T21:16:55.685+0000] {processor.py:161} INFO - Started process (PID=61474) to work on /opt/airflow/dags/isr_pipeline.py
[2026-04-05T21:16:55.693+0000] {processor.py:830} INFO - Processing file /opt/airflow/dags/isr_pipeline.py for tasks to queue
[2026-04-05T21:16:55.700+0000] {logging_mixin.py:188} INFO - [2026-04-05T21:16:55.699+0000] {dagbag.py:540} INFO - Filling up the DagBag from /opt/airflow/dags/isr_pipeline.py
[2026-04-05T21:16:55.797+0000] {processor.py:840} INFO - DAG(s) 'isr_pipeline' retrieved from /opt/airflow/dags/isr_pipeline.py
[2026-04-05T21:16:55.992+0000] {logging_mixin.py:188} INFO - [2026-04-05T21:16:55.990+0000] {dag.py:3096} INFO - Sync 1 DAGs
[2026-04-05T21:16:56.193+0000] {processor.py:183} INFO - Processing /opt/airflow/dags/isr_pipeline.py took 0.547 seconds
[2026-04-05T21:17:26.695+0000] {processor.py:161} INFO - Started process (PID=61479) to work on /opt/airflow/dags/isr_pipeline.py
[2026-04-05T21:17:26.703+0000] {processor.py:830} INFO - Processing file /opt/airflow/dags/isr_pipeline.py for tasks to queue
[2026-04-05T21:17:26.710+0000] {logging_mixin.py:188} INFO - [2026-04-05T21:17:26.708+0000] {dagbag.py:540} INFO - Filling up the DagBag from /opt/airflow/dags/isr_pipeline.py
[2026-04-05T21:17:26.816+0000] {processor.py:840} INFO - DAG(s) 'isr_pipeline' retrieved from /opt/airflow/dags/isr_pipeline.py
[2026-04-05T21:17:27.008+0000] {logging_mixin.py:188} INFO - [2026-04-05T21:17:27.006+0000] {dag.py:3096} INFO - Sync 1 DAGs
[2026-04-05T21:17:27.209+0000] {processor.py:183} INFO - Processing /opt/airflow/dags/isr_pipeline.py took 0.556 seconds
[2026-04-05T21:17:57.648+0000] {processor.py:161} INFO - Started process (PID=61484) to work on /opt/airflow/dags/isr_pipeline.py
[2026-04-05T21:17:57.656+0000] {processor.py:830} INFO - Processing file /opt/airflow/dags/isr_pipeline.py for tasks to queue
[2026-04-05T21:17:57.663+0000] {logging_mixin.py:188} INFO - [2026-04-05T21:17:57.661+0000] {dagbag.py:540} INFO - Filling up the DagBag from /opt/airflow/dags/isr_pipeline.py
[2026-04-05T21:17:57.782+0000] {processor.py:840} INFO - DAG(s) 'isr_pipeline' retrieved from /opt/airflow/dags/isr_pipeline.py
[2026-04-05T21:17:57.971+0000] {logging_mixin.py:188} INFO - [2026-04-05T21:17:57.970+0000] {dag.py:3096} INFO - Sync 1 DAGs
[2026-04-05T21:17:58.739+0000] {processor.py:183} INFO - Processing /opt/airflow/dags/isr_pipeline.py took 1.127 seconds
[2026-04-05T21:18:29.087+0000] {processor.py:161} INFO - Started process (PID=61489) to work on /opt/airflow/dags/isr_pipeline.py
[2026-04-05T21:18:29.094+0000] {processor.py:830} INFO - Processing file /opt/airflow/dags/isr_pipeline.py for tasks to queue
[2026-04-05T21:18:29.102+0000] {logging_mixin.py:188} INFO - [2026-04-05T21:18:29.100+0000] {dagbag.py:540} INFO - Filling up the DagBag from /opt/airflow/dags/isr_pipeline.py
[2026-04-05T21:18:29.200+0000] {processor.py:840} INFO - DAG(s) 'isr_pipeline' retrieved from /opt/airflow/dags/isr_pipeline.py
[2026-04-05T21:18:29.386+0000] {logging_mixin.py:188} INFO - [2026-04-05T21:18:29.385+0000] {dag.py:3096} INFO - Sync 1 DAGs
[2026-04-05T21:18:30.135+0000] {processor.py:183} INFO - Processing /opt/airflow/dags/isr_pipeline.py took 1.088 seconds
[2026-04-05T21:19:00.485+0000] {processor.py:161} INFO - Started process (PID=61494) to work on /opt/airflow/dags/isr_pipeline.py
[2026-04-05T21:19:00.493+0000] {processor.py:830} INFO - Processing file /opt/airflow/dags/isr_pipeline.py for tasks to queue
[2026-04-05T21:19:00.499+0000] {logging_mixin.py:188} INFO - [2026-04-05T21:19:00.497+0000] {dagbag.py:540} INFO - Filling up the DagBag from /opt/airflow/dags/isr_pipeline.py
[2026-04-05T21:19:00.592+0000] {processor.py:840} INFO - DAG(s) 'isr_pipeline' retrieved from /opt/airflow/dags/isr_pipeline.py
[2026-04-05T21:19:00.787+0000] {logging_mixin.py:188} INFO - [2026-04-05T21:19:00.785+0000] {dag.py:3096} INFO - Sync 1 DAGs
[2026-04-05T21:19:00.995+0000] {processor.py:183} INFO - Processing /opt/airflow/dags/isr_pipeline.py took 0.549 seconds
[2026-04-05T21:19:31.518+0000] {processor.py:161} INFO - Started process (PID=61499) to work on /opt/airflow/dags/isr_pipeline.py
[2026-04-05T21:19:31.525+0000] {processor.py:830} INFO - Processing file /opt/airflow/dags/isr_pipeline.py for tasks to queue
[2026-04-05T21:19:31.532+0000] {logging_mixin.py:188} INFO - [2026-04-05T21:19:31.530+0000] {dagbag.py:540} INFO - Filling up the DagBag from /opt/airflow/dags/isr_pipeline.py
[2026-04-05T21:19:31.627+0000] {processor.py:840} INFO - DAG(s) 'isr_pipeline' retrieved from /opt/airflow/dags/isr_pipeline.py
[2026-04-05T21:19:31.814+0000] {logging_mixin.py:188} INFO - [2026-04-05T21:19:31.813+0000] {dag.py:3096} INFO - Sync 1 DAGs
[2026-04-05T21:19:32.019+0000] {processor.py:183} INFO - Processing /opt/airflow/dags/isr_pipeline.py took 0.542 seconds
[2026-04-05T21:20:02.400+0000] {processor.py:161} INFO - Started process (PID=61504) to work on /opt/airflow/dags/isr_pipeline.py
[2026-04-05T21:20:02.407+0000] {processor.py:830} INFO - Processing file /opt/airflow/dags/isr_pipeline.py for tasks to queue
[2026-04-05T21:20:02.415+0000] {logging_mixin.py:188} INFO - [2026-04-05T21:20:02.413+0000] {dagbag.py:540} INFO - Filling up the DagBag from /opt/airflow/dags/isr_pipeline.py
[2026-04-05T21:20:02.504+0000] {processor.py:840} INFO - DAG(s) 'isr_pipeline' retrieved from /opt/airflow/dags/isr_pipeline.py
[2026-04-05T21:20:02.698+0000] {logging_mixin.py:188} INFO - [2026-04-05T21:20:02.697+0000] {dag.py:3096} INFO - Sync 1 DAGs
[2026-04-05T21:20:03.418+0000] {processor.py:183} INFO - Processing /opt/airflow/dags/isr_pipeline.py took 1.059 seconds
[2026-04-05T21:20:33.931+0000] {processor.py:161} INFO - Started process (PID=61509) to work on /opt/airflow/dags/isr_pipeline.py
[2026-04-05T21:20:33.938+0000] {processor.py:830} INFO - Processing file /opt/airflow/dags/isr_pipeline.py for tasks to queue
[2026-04-05T21:20:33.945+0000] {logging_mixin.py:188} INFO - [2026-04-05T21:20:33.943+0000] {dagbag.py:540} INFO - Filling up the DagBag from /opt/airflow/dags/isr_pipeline.py
[2026-04-05T21:20:34.046+0000] {processor.py:840} INFO - DAG(s) 'isr_pipeline' retrieved from /opt/airflow/dags/isr_pipeline.py
[2026-04-05T21:20:34.234+0000] {logging_mixin.py:188} INFO - [2026-04-05T21:20:34.232+0000] {dag.py:3096} INFO - Sync 1 DAGs
[2026-04-05T21:20:34.972+0000] {processor.py:183} INFO - Processing /opt/airflow/dags/isr_pipeline.py took 1.079 seconds
[2026-04-05T21:21:05.300+0000] {processor.py:161} INFO - Started process (PID=61514) to work on /opt/airflow/dags/isr_pipeline.py
[2026-04-05T21:21:05.307+0000] {processor.py:830} INFO - Processing file /opt/airflow/dags/isr_pipeline.py for tasks to queue
[2026-04-05T21:21:05.314+0000] {logging_mixin.py:188} INFO - [2026-04-05T21:21:05.312+0000] {dagbag.py:540} INFO - Filling up the DagBag from /opt/airflow/dags/isr_pipeline.py
[2026-04-05T21:21:05.408+0000] {processor.py:840} INFO - DAG(s) 'isr_pipeline' retrieved from /opt/airflow/dags/isr_pipeline.py
[2026-04-05T21:21:05.586+0000] {logging_mixin.py:188} INFO - [2026-04-05T21:21:05.585+0000] {dag.py:3096} INFO - Sync 1 DAGs
[2026-04-05T21:21:05.792+0000] {processor.py:183} INFO - Processing /opt/airflow/dags/isr_pipeline.py took 0.532 seconds
[2026-04-05T21:21:36.321+0000] {processor.py:161} INFO - Started process (PID=61519) to work on /opt/airflow/dags/isr_pipeline.py
[2026-04-05T21:21:36.328+0000] {processor.py:830} INFO - Processing file /opt/airflow/dags/isr_pipeline.py for tasks to queue
[2026-04-05T21:21:36.335+0000] {logging_mixin.py:188} INFO - [2026-04-05T21:21:36.333+0000] {dagbag.py:540} INFO - Filling up the DagBag from /opt/airflow/dags/isr_pipeline.py
[2026-04-05T21:21:36.427+0000] {processor.py:840} INFO - DAG(s) 'isr_pipeline' retrieved from /opt/airflow/dags/isr_pipeline.py
[2026-04-05T21:21:36.616+0000] {logging_mixin.py:188} INFO - [2026-04-05T21:21:36.614+0000] {dag.py:3096} INFO - Sync 1 DAGs
[2026-04-05T21:21:36.837+0000] {processor.py:183} INFO - Processing /opt/airflow/dags/isr_pipeline.py took 0.556 seconds
[2026-04-05T21:22:07.167+0000] {processor.py:161} INFO - Started process (PID=61524) to work on /opt/airflow/dags/isr_pipeline.py
[2026-04-05T21:22:07.174+0000] {processor.py:830} INFO - Processing file /opt/airflow/dags/isr_pipeline.py for tasks to queue
[2026-04-05T21:22:07.181+0000] {logging_mixin.py:188} INFO - [2026-04-05T21:22:07.179+0000] {dagbag.py:540} INFO - Filling up the DagBag from /opt/airflow/dags/isr_pipeline.py
[2026-04-05T21:22:07.285+0000] {processor.py:840} INFO - DAG(s) 'isr_pipeline' retrieved from /opt/airflow/dags/isr_pipeline.py
[2026-04-05T21:22:07.463+0000] {logging_mixin.py:188} INFO - [2026-04-05T21:22:07.462+0000] {dag.py:3096} INFO - Sync 1 DAGs
[2026-04-05T21:22:07.670+0000] {processor.py:183} INFO - Processing /opt/airflow/dags/isr_pipeline.py took 0.544 seconds
[2026-04-05T21:22:38.163+0000] {processor.py:161} INFO - Started process (PID=61529) to work on /opt/airflow/dags/isr_pipeline.py
[2026-04-05T21:22:38.172+0000] {processor.py:830} INFO - Processing file /opt/airflow/dags/isr_pipeline.py for tasks to queue
[2026-04-05T21:22:38.189+0000] {logging_mixin.py:188} INFO - [2026-04-05T21:22:38.184+0000] {dagbag.py:540} INFO - Filling up the DagBag from /opt/airflow/dags/isr_pipeline.py
[2026-04-05T21:22:38.286+0000] {processor.py:840} INFO - DAG(s) 'isr_pipeline' retrieved from /opt/airflow/dags/isr_pipeline.py
[2026-04-05T21:22:38.468+0000] {logging_mixin.py:188} INFO - [2026-04-05T21:22:38.466+0000] {dag.py:3096} INFO - Sync 1 DAGs
[2026-04-05T21:22:39.280+0000] {processor.py:183} INFO - Processing /opt/airflow/dags/isr_pipeline.py took 1.157 seconds
[2026-04-05T21:23:09.509+0000] {processor.py:161} INFO - Started process (PID=61534) to work on /opt/airflow/dags/isr_pipeline.py
[2026-04-05T21:23:09.517+0000] {processor.py:830} INFO - Processing file /opt/airflow/dags/isr_pipeline.py for tasks to queue
[2026-04-05T21:23:09.524+0000] {logging_mixin.py:188} INFO - [2026-04-05T21:23:09.522+0000] {dagbag.py:540} INFO - Filling up the DagBag from /opt/airflow/dags/isr_pipeline.py
[2026-04-05T21:23:09.624+0000] {processor.py:840} INFO - DAG(s) 'isr_pipeline' retrieved from /opt/airflow/dags/isr_pipeline.py
[2026-04-05T21:23:09.814+0000] {logging_mixin.py:188} INFO - [2026-04-05T21:23:09.812+0000] {dag.py:3096} INFO - Sync 1 DAGs
[2026-04-05T21:23:10.038+0000] {processor.py:183} INFO - Processing /opt/airflow/dags/isr_pipeline.py took 0.568 seconds
[2026-04-05T21:23:40.543+0000] {processor.py:161} INFO - Started process (PID=61539) to work on /opt/airflow/dags/isr_pipeline.py
[2026-04-05T21:23:40.550+0000] {processor.py:830} INFO - Processing file /opt/airflow/dags/isr_pipeline.py for tasks to queue
[2026-04-05T21:23:40.557+0000] {logging_mixin.py:188} INFO - [2026-04-05T21:23:40.555+0000] {dagbag.py:540} INFO - Filling up the DagBag from /opt/airflow/dags/isr_pipeline.py
[2026-04-05T21:23:40.651+0000] {processor.py:840} INFO - DAG(s) 'isr_pipeline' retrieved from /opt/airflow/dags/isr_pipeline.py
[2026-04-05T21:23:40.845+0000] {logging_mixin.py:188} INFO - [2026-04-05T21:23:40.844+0000] {dag.py:3096} INFO - Sync 1 DAGs
[2026-04-05T21:23:41.049+0000] {processor.py:183} INFO - Processing /opt/airflow/dags/isr_pipeline.py took 0.545 seconds
[2026-04-05T21:24:11.505+0000] {processor.py:161} INFO - Started process (PID=61544) to work on /opt/airflow/dags/isr_pipeline.py
[2026-04-05T21:24:11.512+0000] {processor.py:830} INFO - Processing file /opt/airflow/dags/isr_pipeline.py for tasks to queue
[2026-04-05T21:24:11.520+0000] {logging_mixin.py:188} INFO - [2026-04-05T21:24:11.518+0000] {dagbag.py:540} INFO - Filling up the DagBag from /opt/airflow/dags/isr_pipeline.py
[2026-04-05T21:24:11.618+0000] {processor.py:840} INFO - DAG(s) 'isr_pipeline' retrieved from /opt/airflow/dags/isr_pipeline.py
[2026-04-05T21:24:11.821+0000] {logging_mixin.py:188} INFO - [2026-04-05T21:24:11.819+0000] {dag.py:3096} INFO - Sync 1 DAGs
[2026-04-05T21:24:12.028+0000] {processor.py:183} INFO - Processing /opt/airflow/dags/isr_pipeline.py took 0.558 seconds
[2026-04-05T21:24:42.662+0000] {processor.py:161} INFO - Started process (PID=61549) to work on /opt/airflow/dags/isr_pipeline.py
[2026-04-05T21:24:42.671+0000] {processor.py:830} INFO - Processing file /opt/airflow/dags/isr_pipeline.py for tasks to queue
[2026-04-05T21:24:42.677+0000] {logging_mixin.py:188} INFO - [2026-04-05T21:24:42.675+0000] {dagbag.py:540} INFO - Filling up the DagBag from /opt/airflow/dags/isr_pipeline.py
[2026-04-05T21:24:42.775+0000] {processor.py:840} INFO - DAG(s) 'isr_pipeline' retrieved from /opt/airflow/dags/isr_pipeline.py
[2026-04-05T21:24:42.959+0000] {logging_mixin.py:188} INFO - [2026-04-05T21:24:42.958+0000] {dag.py:3096} INFO - Sync 1 DAGs
[2026-04-05T21:24:43.714+0000] {processor.py:183} INFO - Processing /opt/airflow/dags/isr_pipeline.py took 1.093 seconds
[2026-04-05T21:25:14.085+0000] {processor.py:161} INFO - Started process (PID=61554) to work on /opt/airflow/dags/isr_pipeline.py
[2026-04-05T21:25:14.093+0000] {processor.py:830} INFO - Processing file /opt/airflow/dags/isr_pipeline.py for tasks to queue
[2026-04-05T21:25:14.100+0000] {logging_mixin.py:188} INFO - [2026-04-05T21:25:14.098+0000] {dagbag.py:540} INFO - Filling up the DagBag from /opt/airflow/dags/isr_pipeline.py
[2026-04-05T21:25:14.243+0000] {processor.py:840} INFO - DAG(s) 'isr_pipeline' retrieved from /opt/airflow/dags/isr_pipeline.py
[2026-04-05T21:25:14.528+0000] {logging_mixin.py:188} INFO - [2026-04-05T21:25:14.526+0000] {dag.py:3096} INFO - Sync 1 DAGs
[2026-04-05T21:25:15.622+0000] {processor.py:183} INFO - Processing /opt/airflow/dags/isr_pipeline.py took 1.578 seconds
[2026-04-05T21:25:46.262+0000] {processor.py:161} INFO - Started process (PID=61559) to work on /opt/airflow/dags/isr_pipeline.py
[2026-04-05T21:25:46.269+0000] {processor.py:830} INFO - Processing file /opt/airflow/dags/isr_pipeline.py for tasks to queue
[2026-04-05T21:25:46.276+0000] {logging_mixin.py:188} INFO - [2026-04-05T21:25:46.274+0000] {dagbag.py:540} INFO - Filling up the DagBag from /opt/airflow/dags/isr_pipeline.py
[2026-04-05T21:25:46.368+0000] {processor.py:840} INFO - DAG(s) 'isr_pipeline' retrieved from /opt/airflow/dags/isr_pipeline.py
[2026-04-05T21:25:46.548+0000] {logging_mixin.py:188} INFO - [2026-04-05T21:25:46.547+0000] {dag.py:3096} INFO - Sync 1 DAGs
[2026-04-05T21:25:46.752+0000] {processor.py:183} INFO - Processing /opt/airflow/dags/isr_pipeline.py took 0.529 seconds
[2026-04-05T21:26:17.051+0000] {processor.py:161} INFO - Started process (PID=61564) to work on /opt/airflow/dags/isr_pipeline.py
[2026-04-05T21:26:17.058+0000] {processor.py:830} INFO - Processing file /opt/airflow/dags/isr_pipeline.py for tasks to queue
[2026-04-05T21:26:17.065+0000] {logging_mixin.py:188} INFO - [2026-04-05T21:26:17.063+0000] {dagbag.py:540} INFO - Filling up the DagBag from /opt/airflow/dags/isr_pipeline.py
[2026-04-05T21:26:17.158+0000] {processor.py:840} INFO - DAG(s) 'isr_pipeline' retrieved from /opt/airflow/dags/isr_pipeline.py
[2026-04-05T21:26:17.341+0000] {logging_mixin.py:188} INFO - [2026-04-05T21:26:17.340+0000] {dag.py:3096} INFO - Sync 1 DAGs
[2026-04-05T21:26:17.538+0000] {processor.py:183} INFO - Processing /opt/airflow/dags/isr_pipeline.py took 0.525 seconds
[2026-04-05T21:26:48.067+0000] {processor.py:161} INFO - Started process (PID=61569) to work on /opt/airflow/dags/isr_pipeline.py
[2026-04-05T21:26:48.077+0000] {processor.py:830} INFO - Processing file /opt/airflow/dags/isr_pipeline.py for tasks to queue
[2026-04-05T21:26:48.084+0000] {logging_mixin.py:188} INFO - [2026-04-05T21:26:48.082+0000] {dagbag.py:540} INFO - Filling up the DagBag from /opt/airflow/dags/isr_pipeline.py
[2026-04-05T21:26:48.642+0000] {processor.py:840} INFO - DAG(s) 'isr_pipeline' retrieved from /opt/airflow/dags/isr_pipeline.py
[2026-04-05T21:26:48.826+0000] {logging_mixin.py:188} INFO - [2026-04-05T21:26:48.825+0000] {dag.py:3096} INFO - Sync 1 DAGs
[2026-04-05T21:26:49.044+0000] {processor.py:183} INFO - Processing /opt/airflow/dags/isr_pipeline.py took 1.016 seconds
[2026-04-05T21:27:19.448+0000] {processor.py:161} INFO - Started process (PID=61574) to work on /opt/airflow/dags/isr_pipeline.py
[2026-04-05T21:27:19.457+0000] {processor.py:830} INFO - Processing file /opt/airflow/dags/isr_pipeline.py for tasks to queue
[2026-04-05T21:27:19.474+0000] {logging_mixin.py:188} INFO - [2026-04-05T21:27:19.468+0000] {dagbag.py:540} INFO - Filling up the DagBag from /opt/airflow/dags/isr_pipeline.py
[2026-04-05T21:27:19.577+0000] {processor.py:840} INFO - DAG(s) 'isr_pipeline' retrieved from /opt/airflow/dags/isr_pipeline.py
[2026-04-05T21:27:19.760+0000] {logging_mixin.py:188} INFO - [2026-04-05T21:27:19.759+0000] {dag.py:3096} INFO - Sync 1 DAGs
[2026-04-05T21:27:20.453+0000] {processor.py:183} INFO - Processing /opt/airflow/dags/isr_pipeline.py took 1.068 seconds
[2026-04-05T21:27:50.859+0000] {processor.py:161} INFO - Started process (PID=61579) to work on /opt/airflow/dags/isr_pipeline.py
[2026-04-05T21:27:50.872+0000] {processor.py:830} INFO - Processing file /opt/airflow/dags/isr_pipeline.py for tasks to queue
[2026-04-05T21:27:50.879+0000] {logging_mixin.py:188} INFO - [2026-04-05T21:27:50.877+0000] {dagbag.py:540} INFO - Filling up the DagBag from /opt/airflow/dags/isr_pipeline.py
[2026-04-05T21:27:50.984+0000] {processor.py:840} INFO - DAG(s) 'isr_pipeline' retrieved from /opt/airflow/dags/isr_pipeline.py
[2026-04-05T21:27:51.171+0000] {logging_mixin.py:188} INFO - [2026-04-05T21:27:51.170+0000] {dag.py:3096} INFO - Sync 1 DAGs
[2026-04-05T21:27:51.372+0000] {processor.py:183} INFO - Processing /opt/airflow/dags/isr_pipeline.py took 0.554 seconds
[2026-04-05T21:28:21.952+0000] {processor.py:161} INFO - Started process (PID=61584) to work on /opt/airflow/dags/isr_pipeline.py
[2026-04-05T21:28:21.960+0000] {processor.py:830} INFO - Processing file /opt/airflow/dags/isr_pipeline.py for tasks to queue
[2026-04-05T21:28:21.967+0000] {logging_mixin.py:188} INFO - [2026-04-05T21:28:21.965+0000] {dagbag.py:540} INFO - Filling up the DagBag from /opt/airflow/dags/isr_pipeline.py
[2026-04-05T21:28:22.071+0000] {processor.py:840} INFO - DAG(s) 'isr_pipeline' retrieved from /opt/airflow/dags/isr_pipeline.py
[2026-04-05T21:28:22.282+0000] {logging_mixin.py:188} INFO - [2026-04-05T21:28:22.281+0000] {dag.py:3096} INFO - Sync 1 DAGs
[2026-04-05T21:28:22.487+0000] {processor.py:183} INFO - Processing /opt/airflow/dags/isr_pipeline.py took 0.576 seconds
[2026-04-05T21:28:53.048+0000] {processor.py:161} INFO - Started process (PID=61589) to work on /opt/airflow/dags/isr_pipeline.py
[2026-04-05T21:28:53.055+0000] {processor.py:830} INFO - Processing file /opt/airflow/dags/isr_pipeline.py for tasks to queue
[2026-04-05T21:28:53.062+0000] {logging_mixin.py:188} INFO - [2026-04-05T21:28:53.061+0000] {dagbag.py:540} INFO - Filling up the DagBag from /opt/airflow/dags/isr_pipeline.py
[2026-04-05T21:28:53.157+0000] {processor.py:840} INFO - DAG(s) 'isr_pipeline' retrieved from /opt/airflow/dags/isr_pipeline.py
[2026-04-05T21:28:53.349+0000] {logging_mixin.py:188} INFO - [2026-04-05T21:28:53.347+0000] {dag.py:3096} INFO - Sync 1 DAGs
[2026-04-05T21:28:53.563+0000] {processor.py:183} INFO - Processing /opt/airflow/dags/isr_pipeline.py took 0.554 seconds
[2026-04-05T21:59:20.788+0000] {processor.py:161} INFO - Started process (PID=61595) to work on /opt/airflow/dags/isr_pipeline.py
[2026-04-05T21:59:20.791+0000] {processor.py:830} INFO - Processing file /opt/airflow/dags/isr_pipeline.py for tasks to queue
[2026-04-05T21:59:20.794+0000] {logging_mixin.py:188} INFO - [2026-04-05T21:59:20.793+0000] {dagbag.py:540} INFO - Filling up the DagBag from /opt/airflow/dags/isr_pipeline.py
[2026-04-05T21:59:20.822+0000] {processor.py:840} INFO - DAG(s) 'isr_pipeline' retrieved from /opt/airflow/dags/isr_pipeline.py
[2026-04-05T21:59:20.871+0000] {logging_mixin.py:188} INFO - [2026-04-05T21:59:20.870+0000] {dag.py:3096} INFO - Sync 1 DAGs
[2026-04-05T21:59:21.068+0000] {processor.py:183} INFO - Processing /opt/airflow/dags/isr_pipeline.py took 0.294 seconds
[2026-04-05T21:59:51.508+0000] {processor.py:161} INFO - Started process (PID=61600) to work on /opt/airflow/dags/isr_pipeline.py
[2026-04-05T21:59:51.514+0000] {processor.py:830} INFO - Processing file /opt/airflow/dags/isr_pipeline.py for tasks to queue
[2026-04-05T21:59:51.522+0000] {logging_mixin.py:188} INFO - [2026-04-05T21:59:51.521+0000] {dagbag.py:540} INFO - Filling up the DagBag from /opt/airflow/dags/isr_pipeline.py
[2026-04-05T21:59:51.614+0000] {processor.py:840} INFO - DAG(s) 'isr_pipeline' retrieved from /opt/airflow/dags/isr_pipeline.py
[2026-04-05T21:59:52.352+0000] {logging_mixin.py:188} INFO - [2026-04-05T21:59:52.351+0000] {dag.py:3096} INFO - Sync 1 DAGs
[2026-04-05T21:59:52.530+0000] {processor.py:183} INFO - Processing /opt/airflow/dags/isr_pipeline.py took 1.057 seconds
[2026-04-05T22:00:21.549+0000] {processor.py:161} INFO - Started process (PID=61608) to work on /opt/airflow/dags/isr_pipeline.py
[2026-04-05T22:00:21.556+0000] {processor.py:830} INFO - Processing file /opt/airflow/dags/isr_pipeline.py for tasks to queue
[2026-04-05T22:00:21.563+0000] {logging_mixin.py:188} INFO - [2026-04-05T22:00:21.560+0000] {dagbag.py:540} INFO - Filling up the DagBag from /opt/airflow/dags/isr_pipeline.py
[2026-04-05T22:00:21.650+0000] {processor.py:840} INFO - DAG(s) 'isr_pipeline' retrieved from /opt/airflow/dags/isr_pipeline.py
[2026-04-05T22:00:21.823+0000] {logging_mixin.py:188} INFO - [2026-04-05T22:00:21.822+0000] {dag.py:3096} INFO - Sync 1 DAGs
[2026-04-05T22:00:22.030+0000] {processor.py:183} INFO - Processing /opt/airflow/dags/isr_pipeline.py took 0.514 seconds
[2026-04-05T22:00:52.552+0000] {processor.py:161} INFO - Started process (PID=61613) to work on /opt/airflow/dags/isr_pipeline.py
[2026-04-05T22:00:52.560+0000] {processor.py:830} INFO - Processing file /opt/airflow/dags/isr_pipeline.py for tasks to queue
[2026-04-05T22:00:52.567+0000] {logging_mixin.py:188} INFO - [2026-04-05T22:00:52.565+0000] {dagbag.py:540} INFO - Filling up the DagBag from /opt/airflow/dags/isr_pipeline.py
[2026-04-05T22:00:52.667+0000] {processor.py:840} INFO - DAG(s) 'isr_pipeline' retrieved from /opt/airflow/dags/isr_pipeline.py
[2026-04-05T22:00:52.876+0000] {logging_mixin.py:188} INFO - [2026-04-05T22:00:52.875+0000] {dag.py:3096} INFO - Sync 1 DAGs
[2026-04-05T22:00:53.071+0000] {processor.py:183} INFO - Processing /opt/airflow/dags/isr_pipeline.py took 0.565 seconds
[2026-04-05T22:01:23.410+0000] {processor.py:161} INFO - Started process (PID=61618) to work on /opt/airflow/dags/isr_pipeline.py
[2026-04-05T22:01:23.425+0000] {processor.py:830} INFO - Processing file /opt/airflow/dags/isr_pipeline.py for tasks to queue
[2026-04-05T22:01:23.438+0000] {logging_mixin.py:188} INFO - [2026-04-05T22:01:23.436+0000] {dagbag.py:540} INFO - Filling up the DagBag from /opt/airflow/dags/isr_pipeline.py
[2026-04-05T22:01:23.539+0000] {processor.py:840} INFO - DAG(s) 'isr_pipeline' retrieved from /opt/airflow/dags/isr_pipeline.py
[2026-04-05T22:01:23.740+0000] {logging_mixin.py:188} INFO - [2026-04-05T22:01:23.739+0000] {dag.py:3096} INFO - Sync 1 DAGs
[2026-04-05T22:01:23.942+0000] {processor.py:183} INFO - Processing /opt/airflow/dags/isr_pipeline.py took 0.572 seconds
[2026-04-05T22:01:54.427+0000] {processor.py:161} INFO - Started process (PID=61623) to work on /opt/airflow/dags/isr_pipeline.py
[2026-04-05T22:01:54.434+0000] {processor.py:830} INFO - Processing file /opt/airflow/dags/isr_pipeline.py for tasks to queue
[2026-04-05T22:01:54.449+0000] {logging_mixin.py:188} INFO - [2026-04-05T22:01:54.447+0000] {dagbag.py:540} INFO - Filling up the DagBag from /opt/airflow/dags/isr_pipeline.py
[2026-04-05T22:01:54.547+0000] {processor.py:840} INFO - DAG(s) 'isr_pipeline' retrieved from /opt/airflow/dags/isr_pipeline.py
[2026-04-05T22:01:54.734+0000] {logging_mixin.py:188} INFO - [2026-04-05T22:01:54.733+0000] {dag.py:3096} INFO - Sync 1 DAGs
[2026-04-05T22:01:54.934+0000] {processor.py:183} INFO - Processing /opt/airflow/dags/isr_pipeline.py took 0.544 seconds
[2026-04-05T22:02:25.349+0000] {processor.py:161} INFO - Started process (PID=61628) to work on /opt/airflow/dags/isr_pipeline.py
[2026-04-05T22:02:25.358+0000] {processor.py:830} INFO - Processing file /opt/airflow/dags/isr_pipeline.py for tasks to queue
[2026-04-05T22:02:25.365+0000] {logging_mixin.py:188} INFO - [2026-04-05T22:02:25.363+0000] {dagbag.py:540} INFO - Filling up the DagBag from /opt/airflow/dags/isr_pipeline.py
[2026-04-05T22:02:25.480+0000] {processor.py:840} INFO - DAG(s) 'isr_pipeline' retrieved from /opt/airflow/dags/isr_pipeline.py
[2026-04-05T22:02:25.664+0000] {logging_mixin.py:188} INFO - [2026-04-05T22:02:25.663+0000] {dag.py:3096} INFO - Sync 1 DAGs
[2026-04-05T22:02:25.900+0000] {processor.py:183} INFO - Processing /opt/airflow/dags/isr_pipeline.py took 0.592 seconds
[2026-04-05T22:02:56.481+0000] {processor.py:161} INFO - Started process (PID=61633) to work on /opt/airflow/dags/isr_pipeline.py
[2026-04-05T22:02:56.492+0000] {processor.py:830} INFO - Processing file /opt/airflow/dags/isr_pipeline.py for tasks to queue
[2026-04-05T22:02:56.507+0000] {logging_mixin.py:188} INFO - [2026-04-05T22:02:56.502+0000] {dagbag.py:540} INFO - Filling up the DagBag from /opt/airflow/dags/isr_pipeline.py
[2026-04-05T22:02:56.602+0000] {processor.py:840} INFO - DAG(s) 'isr_pipeline' retrieved from /opt/airflow/dags/isr_pipeline.py
[2026-04-05T22:02:56.788+0000] {logging_mixin.py:188} INFO - [2026-04-05T22:02:56.787+0000] {dag.py:3096} INFO - Sync 1 DAGs
[2026-04-05T22:02:56.987+0000] {processor.py:183} INFO - Processing /opt/airflow/dags/isr_pipeline.py took 0.547 seconds
[2026-04-05T22:03:27.244+0000] {processor.py:161} INFO - Started process (PID=61638) to work on /opt/airflow/dags/isr_pipeline.py
[2026-04-05T22:03:27.252+0000] {processor.py:830} INFO - Processing file /opt/airflow/dags/isr_pipeline.py for tasks to queue
[2026-04-05T22:03:27.259+0000] {logging_mixin.py:188} INFO - [2026-04-05T22:03:27.257+0000] {dagbag.py:540} INFO - Filling up the DagBag from /opt/airflow/dags/isr_pipeline.py
[2026-04-05T22:03:27.353+0000] {processor.py:840} INFO - DAG(s) 'isr_pipeline' retrieved from /opt/airflow/dags/isr_pipeline.py
[2026-04-05T22:03:27.541+0000] {logging_mixin.py:188} INFO - [2026-04-05T22:03:27.540+0000] {dag.py:3096} INFO - Sync 1 DAGs
[2026-04-05T22:03:27.740+0000] {processor.py:183} INFO - Processing /opt/airflow/dags/isr_pipeline.py took 0.535 seconds
[2026-04-05T22:03:58.256+0000] {processor.py:161} INFO - Started process (PID=61643) to work on /opt/airflow/dags/isr_pipeline.py
[2026-04-05T22:03:58.264+0000] {processor.py:830} INFO - Processing file /opt/airflow/dags/isr_pipeline.py for tasks to queue
[2026-04-05T22:03:58.271+0000] {logging_mixin.py:188} INFO - [2026-04-05T22:03:58.269+0000] {dagbag.py:540} INFO - Filling up the DagBag from /opt/airflow/dags/isr_pipeline.py
[2026-04-05T22:03:58.369+0000] {processor.py:840} INFO - DAG(s) 'isr_pipeline' retrieved from /opt/airflow/dags/isr_pipeline.py
[2026-04-05T22:03:58.556+0000] {logging_mixin.py:188} INFO - [2026-04-05T22:03:58.555+0000] {dag.py:3096} INFO - Sync 1 DAGs
[2026-04-05T22:03:58.759+0000] {processor.py:183} INFO - Processing /opt/airflow/dags/isr_pipeline.py took 0.541 seconds
[2026-04-05T22:04:29.175+0000] {processor.py:161} INFO - Started process (PID=61648) to work on /opt/airflow/dags/isr_pipeline.py
[2026-04-05T22:04:29.183+0000] {processor.py:830} INFO - Processing file /opt/airflow/dags/isr_pipeline.py for tasks to queue
[2026-04-05T22:04:29.193+0000] {logging_mixin.py:188} INFO - [2026-04-05T22:04:29.190+0000] {dagbag.py:540} INFO - Filling up the DagBag from /opt/airflow/dags/isr_pipeline.py
[2026-04-05T22:04:29.298+0000] {processor.py:840} INFO - DAG(s) 'isr_pipeline' retrieved from /opt/airflow/dags/isr_pipeline.py
[2026-04-05T22:04:29.474+0000] {logging_mixin.py:188} INFO - [2026-04-05T22:04:29.473+0000] {dag.py:3096} INFO - Sync 1 DAGs
[2026-04-05T22:04:29.675+0000] {processor.py:183} INFO - Processing /opt/airflow/dags/isr_pipeline.py took 0.534 seconds
[2026-04-05T22:05:00.201+0000] {processor.py:161} INFO - Started process (PID=61653) to work on /opt/airflow/dags/isr_pipeline.py
[2026-04-05T22:05:00.208+0000] {processor.py:830} INFO - Processing file /opt/airflow/dags/isr_pipeline.py for tasks to queue
[2026-04-05T22:05:00.215+0000] {logging_mixin.py:188} INFO - [2026-04-05T22:05:00.213+0000] {dagbag.py:540} INFO - Filling up the DagBag from /opt/airflow/dags/isr_pipeline.py
[2026-04-05T22:05:00.306+0000] {processor.py:840} INFO - DAG(s) 'isr_pipeline' retrieved from /opt/airflow/dags/isr_pipeline.py
[2026-04-05T22:05:00.493+0000] {logging_mixin.py:188} INFO - [2026-04-05T22:05:00.492+0000] {dag.py:3096} INFO - Sync 1 DAGs
[2026-04-05T22:05:00.697+0000] {processor.py:183} INFO - Processing /opt/airflow/dags/isr_pipeline.py took 0.535 seconds
[2026-04-05T22:05:31.016+0000] {processor.py:161} INFO - Started process (PID=61658) to work on /opt/airflow/dags/isr_pipeline.py
[2026-04-05T22:05:31.024+0000] {processor.py:830} INFO - Processing file /opt/airflow/dags/isr_pipeline.py for tasks to queue
[2026-04-05T22:05:31.031+0000] {logging_mixin.py:188} INFO - [2026-04-05T22:05:31.030+0000] {dagbag.py:540} INFO - Filling up the DagBag from /opt/airflow/dags/isr_pipeline.py
[2026-04-05T22:05:31.121+0000] {processor.py:840} INFO - DAG(s) 'isr_pipeline' retrieved from /opt/airflow/dags/isr_pipeline.py
[2026-04-05T22:05:31.308+0000] {logging_mixin.py:188} INFO - [2026-04-05T22:05:31.307+0000] {dag.py:3096} INFO - Sync 1 DAGs
[2026-04-05T22:05:31.513+0000] {processor.py:183} INFO - Processing /opt/airflow/dags/isr_pipeline.py took 0.533 seconds
[2026-04-05T22:06:02.007+0000] {processor.py:161} INFO - Started process (PID=61663) to work on /opt/airflow/dags/isr_pipeline.py
[2026-04-05T22:06:02.015+0000] {processor.py:830} INFO - Processing file /opt/airflow/dags/isr_pipeline.py for tasks to queue
[2026-04-05T22:06:02.023+0000] {logging_mixin.py:188} INFO - [2026-04-05T22:06:02.020+0000] {dagbag.py:540} INFO - Filling up the DagBag from /opt/airflow/dags/isr_pipeline.py
[2026-04-05T22:06:02.111+0000] {processor.py:840} INFO - DAG(s) 'isr_pipeline' retrieved from /opt/airflow/dags/isr_pipeline.py
[2026-04-05T22:06:02.412+0000] {logging_mixin.py:188} INFO - [2026-04-05T22:06:02.411+0000] {dag.py:3096} INFO - Sync 1 DAGs
[2026-04-05T22:06:02.660+0000] {processor.py:183} INFO - Processing /opt/airflow/dags/isr_pipeline.py took 0.690 seconds
[2026-04-05T22:06:32.937+0000] {processor.py:161} INFO - Started process (PID=61668) to work on /opt/airflow/dags/isr_pipeline.py
[2026-04-05T22:06:32.945+0000] {processor.py:830} INFO - Processing file /opt/airflow/dags/isr_pipeline.py for tasks to queue
[2026-04-05T22:06:32.952+0000] {logging_mixin.py:188} INFO - [2026-04-05T22:06:32.950+0000] {dagbag.py:540} INFO - Filling up the DagBag from /opt/airflow/dags/isr_pipeline.py
[2026-04-05T22:06:33.041+0000] {processor.py:840} INFO - DAG(s) 'isr_pipeline' retrieved from /opt/airflow/dags/isr_pipeline.py
[2026-04-05T22:06:33.221+0000] {logging_mixin.py:188} INFO - [2026-04-05T22:06:33.220+0000] {dag.py:3096} INFO - Sync 1 DAGs
[2026-04-05T22:06:33.424+0000] {processor.py:183} INFO - Processing /opt/airflow/dags/isr_pipeline.py took 0.522 seconds
[2026-04-05T22:07:03.925+0000] {processor.py:161} INFO - Started process (PID=61673) to work on /opt/airflow/dags/isr_pipeline.py
[2026-04-05T22:07:03.932+0000] {processor.py:830} INFO - Processing file /opt/airflow/dags/isr_pipeline.py for tasks to queue
[2026-04-05T22:07:03.939+0000] {logging_mixin.py:188} INFO - [2026-04-05T22:07:03.937+0000] {dagbag.py:540} INFO - Filling up the DagBag from /opt/airflow/dags/isr_pipeline.py
[2026-04-05T22:07:04.028+0000] {processor.py:840} INFO - DAG(s) 'isr_pipeline' retrieved from /opt/airflow/dags/isr_pipeline.py
[2026-04-05T22:07:04.213+0000] {logging_mixin.py:188} INFO - [2026-04-05T22:07:04.212+0000] {dag.py:3096} INFO - Sync 1 DAGs
[2026-04-05T22:07:04.431+0000] {processor.py:183} INFO - Processing /opt/airflow/dags/isr_pipeline.py took 0.542 seconds
[2026-04-05T22:07:34.854+0000] {processor.py:161} INFO - Started process (PID=61678) to work on /opt/airflow/dags/isr_pipeline.py
[2026-04-05T22:07:34.863+0000] {processor.py:830} INFO - Processing file /opt/airflow/dags/isr_pipeline.py for tasks to queue
[2026-04-05T22:07:34.871+0000] {logging_mixin.py:188} INFO - [2026-04-05T22:07:34.869+0000] {dagbag.py:540} INFO - Filling up the DagBag from /opt/airflow/dags/isr_pipeline.py
[2026-04-05T22:07:34.980+0000] {processor.py:840} INFO - DAG(s) 'isr_pipeline' retrieved from /opt/airflow/dags/isr_pipeline.py
[2026-04-05T22:07:35.161+0000] {logging_mixin.py:188} INFO - [2026-04-05T22:07:35.160+0000] {dag.py:3096} INFO - Sync 1 DAGs
[2026-04-05T22:07:35.381+0000] {processor.py:183} INFO - Processing /opt/airflow/dags/isr_pipeline.py took 0.570 seconds
[2026-04-05T22:08:05.888+0000] {processor.py:161} INFO - Started process (PID=61683) to work on /opt/airflow/dags/isr_pipeline.py
[2026-04-05T22:08:05.896+0000] {processor.py:830} INFO - Processing file /opt/airflow/dags/isr_pipeline.py for tasks to queue
[2026-04-05T22:08:05.904+0000] {logging_mixin.py:188} INFO - [2026-04-05T22:08:05.902+0000] {dagbag.py:540} INFO - Filling up the DagBag from /opt/airflow/dags/isr_pipeline.py
[2026-04-05T22:08:05.996+0000] {processor.py:840} INFO - DAG(s) 'isr_pipeline' retrieved from /opt/airflow/dags/isr_pipeline.py
[2026-04-05T22:08:06.180+0000] {logging_mixin.py:188} INFO - [2026-04-05T22:08:06.179+0000] {dag.py:3096} INFO - Sync 1 DAGs
[2026-04-05T22:08:06.387+0000] {processor.py:183} INFO - Processing /opt/airflow/dags/isr_pipeline.py took 0.537 seconds
[2026-04-05T22:08:36.614+0000] {processor.py:161} INFO - Started process (PID=61688) to work on /opt/airflow/dags/isr_pipeline.py
[2026-04-05T22:08:36.621+0000] {processor.py:830} INFO - Processing file /opt/airflow/dags/isr_pipeline.py for tasks to queue
[2026-04-05T22:08:36.628+0000] {logging_mixin.py:188} INFO - [2026-04-05T22:08:36.627+0000] {dagbag.py:540} INFO - Filling up the DagBag from /opt/airflow/dags/isr_pipeline.py
[2026-04-05T22:08:36.722+0000] {processor.py:840} INFO - DAG(s) 'isr_pipeline' retrieved from /opt/airflow/dags/isr_pipeline.py
[2026-04-05T22:08:36.904+0000] {logging_mixin.py:188} INFO - [2026-04-05T22:08:36.903+0000] {dag.py:3096} INFO - Sync 1 DAGs
[2026-04-05T22:08:37.100+0000] {processor.py:183} INFO - Processing /opt/airflow/dags/isr_pipeline.py took 0.525 seconds
[2026-04-05T22:09:08.035+0000] {processor.py:161} INFO - Started process (PID=61693) to work on /opt/airflow/dags/isr_pipeline.py
[2026-04-05T22:09:08.042+0000] {processor.py:830} INFO - Processing file /opt/airflow/dags/isr_pipeline.py for tasks to queue
[2026-04-05T22:09:08.049+0000] {logging_mixin.py:188} INFO - [2026-04-05T22:09:08.047+0000] {dagbag.py:540} INFO - Filling up the DagBag from /opt/airflow/dags/isr_pipeline.py
[2026-04-05T22:09:08.136+0000] {processor.py:840} INFO - DAG(s) 'isr_pipeline' retrieved from /opt/airflow/dags/isr_pipeline.py
[2026-04-05T22:09:08.323+0000] {logging_mixin.py:188} INFO - [2026-04-05T22:09:08.322+0000] {dag.py:3096} INFO - Sync 1 DAGs
[2026-04-05T22:09:08.531+0000] {processor.py:183} INFO - Processing /opt/airflow/dags/isr_pipeline.py took 0.532 seconds
[2026-04-05T22:09:39.035+0000] {processor.py:161} INFO - Started process (PID=61698) to work on /opt/airflow/dags/isr_pipeline.py
[2026-04-05T22:09:39.043+0000] {processor.py:830} INFO - Processing file /opt/airflow/dags/isr_pipeline.py for tasks to queue
[2026-04-05T22:09:39.050+0000] {logging_mixin.py:188} INFO - [2026-04-05T22:09:39.049+0000] {dagbag.py:540} INFO - Filling up the DagBag from /opt/airflow/dags/isr_pipeline.py
[2026-04-05T22:09:39.146+0000] {processor.py:840} INFO - DAG(s) 'isr_pipeline' retrieved from /opt/airflow/dags/isr_pipeline.py
[2026-04-05T22:09:39.382+0000] {logging_mixin.py:188} INFO - [2026-04-05T22:09:39.380+0000] {dag.py:3096} INFO - Sync 1 DAGs
[2026-04-05T22:09:39.691+0000] {processor.py:183} INFO - Processing /opt/airflow/dags/isr_pipeline.py took 0.695 seconds
[2026-04-05T22:10:10.268+0000] {processor.py:161} INFO - Started process (PID=61703) to work on /opt/airflow/dags/isr_pipeline.py
[2026-04-05T22:10:10.276+0000] {processor.py:830} INFO - Processing file /opt/airflow/dags/isr_pipeline.py for tasks to queue
[2026-04-05T22:10:10.283+0000] {logging_mixin.py:188} INFO - [2026-04-05T22:10:10.281+0000] {dagbag.py:540} INFO - Filling up the DagBag from /opt/airflow/dags/isr_pipeline.py
[2026-04-05T22:10:10.374+0000] {processor.py:840} INFO - DAG(s) 'isr_pipeline' retrieved from /opt/airflow/dags/isr_pipeline.py
[2026-04-05T22:10:10.561+0000] {logging_mixin.py:188} INFO - [2026-04-05T22:10:10.560+0000] {dag.py:3096} INFO - Sync 1 DAGs
[2026-04-05T22:10:10.768+0000] {processor.py:183} INFO - Processing /opt/airflow/dags/isr_pipeline.py took 0.538 seconds
[2026-04-05T22:10:40.955+0000] {processor.py:161} INFO - Started process (PID=61708) to work on /opt/airflow/dags/isr_pipeline.py
[2026-04-05T22:10:40.961+0000] {processor.py:830} INFO - Processing file /opt/airflow/dags/isr_pipeline.py for tasks to queue
[2026-04-05T22:10:40.968+0000] {logging_mixin.py:188} INFO - [2026-04-05T22:10:40.966+0000] {dagbag.py:540} INFO - Filling up the DagBag from /opt/airflow/dags/isr_pipeline.py
[2026-04-05T22:10:41.062+0000] {processor.py:840} INFO - DAG(s) 'isr_pipeline' retrieved from /opt/airflow/dags/isr_pipeline.py
[2026-04-05T22:10:41.259+0000] {logging_mixin.py:188} INFO - [2026-04-05T22:10:41.258+0000] {dag.py:3096} INFO - Sync 1 DAGs
[2026-04-05T22:10:41.465+0000] {processor.py:183} INFO - Processing /opt/airflow/dags/isr_pipeline.py took 0.548 seconds
[2026-04-05T22:11:11.685+0000] {processor.py:161} INFO - Started process (PID=61713) to work on /opt/airflow/dags/isr_pipeline.py
[2026-04-05T22:11:11.693+0000] {processor.py:830} INFO - Processing file /opt/airflow/dags/isr_pipeline.py for tasks to queue
[2026-04-05T22:11:11.700+0000] {logging_mixin.py:188} INFO - [2026-04-05T22:11:11.698+0000] {dagbag.py:540} INFO - Filling up the DagBag from /opt/airflow/dags/isr_pipeline.py
[2026-04-05T22:11:11.793+0000] {processor.py:840} INFO - DAG(s) 'isr_pipeline' retrieved from /opt/airflow/dags/isr_pipeline.py
[2026-04-05T22:11:11.992+0000] {logging_mixin.py:188} INFO - [2026-04-05T22:11:11.991+0000] {dag.py:3096} INFO - Sync 1 DAGs
[2026-04-05T22:11:12.190+0000] {processor.py:183} INFO - Processing /opt/airflow/dags/isr_pipeline.py took 0.542 seconds
[2026-04-05T22:11:42.690+0000] {processor.py:161} INFO - Started process (PID=61718) to work on /opt/airflow/dags/isr_pipeline.py
[2026-04-05T22:11:42.697+0000] {processor.py:830} INFO - Processing file /opt/airflow/dags/isr_pipeline.py for tasks to queue
[2026-04-05T22:11:42.704+0000] {logging_mixin.py:188} INFO - [2026-04-05T22:11:42.702+0000] {dagbag.py:540} INFO - Filling up the DagBag from /opt/airflow/dags/isr_pipeline.py
[2026-04-05T22:11:42.795+0000] {processor.py:840} INFO - DAG(s) 'isr_pipeline' retrieved from /opt/airflow/dags/isr_pipeline.py
[2026-04-05T22:11:42.981+0000] {logging_mixin.py:188} INFO - [2026-04-05T22:11:42.979+0000] {dag.py:3096} INFO - Sync 1 DAGs
[2026-04-05T22:11:43.182+0000] {processor.py:183} INFO - Processing /opt/airflow/dags/isr_pipeline.py took 0.529 seconds
[2026-04-05T22:12:13.716+0000] {processor.py:161} INFO - Started process (PID=61723) to work on /opt/airflow/dags/isr_pipeline.py
[2026-04-05T22:12:13.723+0000] {processor.py:830} INFO - Processing file /opt/airflow/dags/isr_pipeline.py for tasks to queue
[2026-04-05T22:12:13.730+0000] {logging_mixin.py:188} INFO - [2026-04-05T22:12:13.728+0000] {dagbag.py:540} INFO - Filling up the DagBag from /opt/airflow/dags/isr_pipeline.py
[2026-04-05T22:12:13.825+0000] {processor.py:840} INFO - DAG(s) 'isr_pipeline' retrieved from /opt/airflow/dags/isr_pipeline.py
[2026-04-05T22:12:14.001+0000] {logging_mixin.py:188} INFO - [2026-04-05T22:12:14.000+0000] {dag.py:3096} INFO - Sync 1 DAGs
[2026-04-05T22:12:14.204+0000] {processor.py:183} INFO - Processing /opt/airflow/dags/isr_pipeline.py took 0.524 seconds
[2026-04-05T22:12:44.755+0000] {processor.py:161} INFO - Started process (PID=61728) to work on /opt/airflow/dags/isr_pipeline.py
[2026-04-05T22:12:44.763+0000] {processor.py:830} INFO - Processing file /opt/airflow/dags/isr_pipeline.py for tasks to queue
[2026-04-05T22:12:44.770+0000] {logging_mixin.py:188} INFO - [2026-04-05T22:12:44.768+0000] {dagbag.py:540} INFO - Filling up the DagBag from /opt/airflow/dags/isr_pipeline.py
[2026-04-05T22:12:44.865+0000] {processor.py:840} INFO - DAG(s) 'isr_pipeline' retrieved from /opt/airflow/dags/isr_pipeline.py
[2026-04-05T22:12:45.057+0000] {logging_mixin.py:188} INFO - [2026-04-05T22:12:45.056+0000] {dag.py:3096} INFO - Sync 1 DAGs
[2026-04-05T22:12:45.260+0000] {processor.py:183} INFO - Processing /opt/airflow/dags/isr_pipeline.py took 0.551 seconds
[2026-04-05T22:43:09.473+0000] {processor.py:161} INFO - Started process (PID=61734) to work on /opt/airflow/dags/isr_pipeline.py
[2026-04-05T22:43:09.475+0000] {processor.py:830} INFO - Processing file /opt/airflow/dags/isr_pipeline.py for tasks to queue
[2026-04-05T22:43:09.477+0000] {logging_mixin.py:188} INFO - [2026-04-05T22:43:09.477+0000] {dagbag.py:540} INFO - Filling up the DagBag from /opt/airflow/dags/isr_pipeline.py
[2026-04-05T22:43:09.517+0000] {processor.py:840} INFO - DAG(s) 'isr_pipeline' retrieved from /opt/airflow/dags/isr_pipeline.py
[2026-04-05T22:43:09.566+0000] {logging_mixin.py:188} INFO - [2026-04-05T22:43:09.565+0000] {dag.py:3096} INFO - Sync 1 DAGs
[2026-04-05T22:43:09.709+0000] {processor.py:183} INFO - Processing /opt/airflow/dags/isr_pipeline.py took 0.247 seconds
[2026-04-05T22:43:40.577+0000] {processor.py:161} INFO - Started process (PID=61739) to work on /opt/airflow/dags/isr_pipeline.py
[2026-04-05T22:43:40.584+0000] {processor.py:830} INFO - Processing file /opt/airflow/dags/isr_pipeline.py for tasks to queue
[2026-04-05T22:43:40.593+0000] {logging_mixin.py:188} INFO - [2026-04-05T22:43:40.590+0000] {dagbag.py:540} INFO - Filling up the DagBag from /opt/airflow/dags/isr_pipeline.py
[2026-04-05T22:43:40.701+0000] {processor.py:840} INFO - DAG(s) 'isr_pipeline' retrieved from /opt/airflow/dags/isr_pipeline.py
[2026-04-05T22:43:40.888+0000] {logging_mixin.py:188} INFO - [2026-04-05T22:43:40.887+0000] {dag.py:3096} INFO - Sync 1 DAGs
[2026-04-05T22:43:41.086+0000] {processor.py:183} INFO - Processing /opt/airflow/dags/isr_pipeline.py took 0.549 seconds
[2026-04-05T22:44:11.604+0000] {processor.py:161} INFO - Started process (PID=61744) to work on /opt/airflow/dags/isr_pipeline.py
[2026-04-05T22:44:11.615+0000] {processor.py:830} INFO - Processing file /opt/airflow/dags/isr_pipeline.py for tasks to queue
[2026-04-05T22:44:11.634+0000] {logging_mixin.py:188} INFO - [2026-04-05T22:44:11.630+0000] {dagbag.py:540} INFO - Filling up the DagBag from /opt/airflow/dags/isr_pipeline.py
[2026-04-05T22:44:11.736+0000] {processor.py:840} INFO - DAG(s) 'isr_pipeline' retrieved from /opt/airflow/dags/isr_pipeline.py
[2026-04-05T22:44:11.930+0000] {logging_mixin.py:188} INFO - [2026-04-05T22:44:11.929+0000] {dag.py:3096} INFO - Sync 1 DAGs
[2026-04-05T22:44:12.132+0000] {processor.py:183} INFO - Processing /opt/airflow/dags/isr_pipeline.py took 0.566 seconds
[2026-04-05T22:44:42.447+0000] {processor.py:161} INFO - Started process (PID=61749) to work on /opt/airflow/dags/isr_pipeline.py
[2026-04-05T22:44:42.454+0000] {processor.py:830} INFO - Processing file /opt/airflow/dags/isr_pipeline.py for tasks to queue
[2026-04-05T22:44:42.462+0000] {logging_mixin.py:188} INFO - [2026-04-05T22:44:42.460+0000] {dagbag.py:540} INFO - Filling up the DagBag from /opt/airflow/dags/isr_pipeline.py
[2026-04-05T22:44:42.553+0000] {processor.py:840} INFO - DAG(s) 'isr_pipeline' retrieved from /opt/airflow/dags/isr_pipeline.py
[2026-04-05T22:44:42.752+0000] {logging_mixin.py:188} INFO - [2026-04-05T22:44:42.751+0000] {dag.py:3096} INFO - Sync 1 DAGs
[2026-04-05T22:44:42.953+0000] {processor.py:183} INFO - Processing /opt/airflow/dags/isr_pipeline.py took 0.544 seconds
[2026-04-05T22:45:13.512+0000] {processor.py:161} INFO - Started process (PID=61754) to work on /opt/airflow/dags/isr_pipeline.py
[2026-04-05T22:45:13.521+0000] {processor.py:830} INFO - Processing file /opt/airflow/dags/isr_pipeline.py for tasks to queue
[2026-04-05T22:45:13.534+0000] {logging_mixin.py:188} INFO - [2026-04-05T22:45:13.531+0000] {dagbag.py:540} INFO - Filling up the DagBag from /opt/airflow/dags/isr_pipeline.py
[2026-04-05T22:45:13.684+0000] {processor.py:840} INFO - DAG(s) 'isr_pipeline' retrieved from /opt/airflow/dags/isr_pipeline.py
[2026-04-05T22:45:13.891+0000] {logging_mixin.py:188} INFO - [2026-04-05T22:45:13.890+0000] {dag.py:3096} INFO - Sync 1 DAGs
[2026-04-05T22:45:14.094+0000] {processor.py:183} INFO - Processing /opt/airflow/dags/isr_pipeline.py took 0.644 seconds
[2026-04-05T22:45:44.428+0000] {processor.py:161} INFO - Started process (PID=61759) to work on /opt/airflow/dags/isr_pipeline.py
[2026-04-05T22:45:44.436+0000] {processor.py:830} INFO - Processing file /opt/airflow/dags/isr_pipeline.py for tasks to queue
[2026-04-05T22:45:44.444+0000] {logging_mixin.py:188} INFO - [2026-04-05T22:45:44.442+0000] {dagbag.py:540} INFO - Filling up the DagBag from /opt/airflow/dags/isr_pipeline.py
[2026-04-05T22:45:44.544+0000] {processor.py:840} INFO - DAG(s) 'isr_pipeline' retrieved from /opt/airflow/dags/isr_pipeline.py
[2026-04-05T22:45:44.742+0000] {logging_mixin.py:188} INFO - [2026-04-05T22:45:44.740+0000] {dag.py:3096} INFO - Sync 1 DAGs
[2026-04-05T22:45:44.941+0000] {processor.py:183} INFO - Processing /opt/airflow/dags/isr_pipeline.py took 0.555 seconds
[2026-04-05T22:46:15.479+0000] {processor.py:161} INFO - Started process (PID=61764) to work on /opt/airflow/dags/isr_pipeline.py
[2026-04-05T22:46:15.487+0000] {processor.py:830} INFO - Processing file /opt/airflow/dags/isr_pipeline.py for tasks to queue
[2026-04-05T22:46:15.495+0000] {logging_mixin.py:188} INFO - [2026-04-05T22:46:15.493+0000] {dagbag.py:540} INFO - Filling up the DagBag from /opt/airflow/dags/isr_pipeline.py
[2026-04-05T22:46:15.584+0000] {processor.py:840} INFO - DAG(s) 'isr_pipeline' retrieved from /opt/airflow/dags/isr_pipeline.py
[2026-04-05T22:46:15.776+0000] {logging_mixin.py:188} INFO - [2026-04-05T22:46:15.775+0000] {dag.py:3096} INFO - Sync 1 DAGs
[2026-04-05T22:46:15.972+0000] {processor.py:183} INFO - Processing /opt/airflow/dags/isr_pipeline.py took 0.531 seconds
[2026-04-05T22:46:46.247+0000] {processor.py:161} INFO - Started process (PID=61769) to work on /opt/airflow/dags/isr_pipeline.py
[2026-04-05T22:46:46.254+0000] {processor.py:830} INFO - Processing file /opt/airflow/dags/isr_pipeline.py for tasks to queue
[2026-04-05T22:46:46.262+0000] {logging_mixin.py:188} INFO - [2026-04-05T22:46:46.260+0000] {dagbag.py:540} INFO - Filling up the DagBag from /opt/airflow/dags/isr_pipeline.py
[2026-04-05T22:46:46.367+0000] {processor.py:840} INFO - DAG(s) 'isr_pipeline' retrieved from /opt/airflow/dags/isr_pipeline.py
[2026-04-05T22:46:46.557+0000] {logging_mixin.py:188} INFO - [2026-04-05T22:46:46.555+0000] {dag.py:3096} INFO - Sync 1 DAGs
[2026-04-05T22:46:46.789+0000] {processor.py:183} INFO - Processing /opt/airflow/dags/isr_pipeline.py took 0.578 seconds
[2026-04-05T22:47:17.301+0000] {processor.py:161} INFO - Started process (PID=61774) to work on /opt/airflow/dags/isr_pipeline.py
[2026-04-05T22:47:17.308+0000] {processor.py:830} INFO - Processing file /opt/airflow/dags/isr_pipeline.py for tasks to queue
[2026-04-05T22:47:17.317+0000] {logging_mixin.py:188} INFO - [2026-04-05T22:47:17.314+0000] {dagbag.py:540} INFO - Filling up the DagBag from /opt/airflow/dags/isr_pipeline.py
[2026-04-05T22:47:17.419+0000] {processor.py:840} INFO - DAG(s) 'isr_pipeline' retrieved from /opt/airflow/dags/isr_pipeline.py
[2026-04-05T22:47:17.629+0000] {logging_mixin.py:188} INFO - [2026-04-05T22:47:17.627+0000] {dag.py:3096} INFO - Sync 1 DAGs
[2026-04-05T22:47:17.829+0000] {processor.py:183} INFO - Processing /opt/airflow/dags/isr_pipeline.py took 0.564 seconds
[2026-04-05T22:47:48.227+0000] {processor.py:161} INFO - Started process (PID=61779) to work on /opt/airflow/dags/isr_pipeline.py
[2026-04-05T22:47:48.235+0000] {processor.py:830} INFO - Processing file /opt/airflow/dags/isr_pipeline.py for tasks to queue
[2026-04-05T22:47:48.241+0000] {logging_mixin.py:188} INFO - [2026-04-05T22:47:48.240+0000] {dagbag.py:540} INFO - Filling up the DagBag from /opt/airflow/dags/isr_pipeline.py
[2026-04-05T22:47:48.334+0000] {processor.py:840} INFO - DAG(s) 'isr_pipeline' retrieved from /opt/airflow/dags/isr_pipeline.py
[2026-04-05T22:47:48.522+0000] {logging_mixin.py:188} INFO - [2026-04-05T22:47:48.520+0000] {dag.py:3096} INFO - Sync 1 DAGs
[2026-04-05T22:47:48.735+0000] {processor.py:183} INFO - Processing /opt/airflow/dags/isr_pipeline.py took 0.541 seconds
[2026-04-05T22:48:19.235+0000] {processor.py:161} INFO - Started process (PID=61784) to work on /opt/airflow/dags/isr_pipeline.py
[2026-04-05T22:48:19.243+0000] {processor.py:830} INFO - Processing file /opt/airflow/dags/isr_pipeline.py for tasks to queue
[2026-04-05T22:48:19.250+0000] {logging_mixin.py:188} INFO - [2026-04-05T22:48:19.248+0000] {dagbag.py:540} INFO - Filling up the DagBag from /opt/airflow/dags/isr_pipeline.py
[2026-04-05T22:48:19.343+0000] {processor.py:840} INFO - DAG(s) 'isr_pipeline' retrieved from /opt/airflow/dags/isr_pipeline.py
[2026-04-05T22:48:19.546+0000] {logging_mixin.py:188} INFO - [2026-04-05T22:48:19.545+0000] {dag.py:3096} INFO - Sync 1 DAGs
[2026-04-05T22:48:19.754+0000] {processor.py:183} INFO - Processing /opt/airflow/dags/isr_pipeline.py took 0.571 seconds
[2026-04-05T22:48:50.065+0000] {processor.py:161} INFO - Started process (PID=61789) to work on /opt/airflow/dags/isr_pipeline.py
[2026-04-05T22:48:50.073+0000] {processor.py:830} INFO - Processing file /opt/airflow/dags/isr_pipeline.py for tasks to queue
[2026-04-05T22:48:50.080+0000] {logging_mixin.py:188} INFO - [2026-04-05T22:48:50.078+0000] {dagbag.py:540} INFO - Filling up the DagBag from /opt/airflow/dags/isr_pipeline.py
[2026-04-05T22:48:50.196+0000] {processor.py:840} INFO - DAG(s) 'isr_pipeline' retrieved from /opt/airflow/dags/isr_pipeline.py
[2026-04-05T22:48:50.374+0000] {logging_mixin.py:188} INFO - [2026-04-05T22:48:50.373+0000] {dag.py:3096} INFO - Sync 1 DAGs
[2026-04-05T22:48:50.613+0000] {processor.py:183} INFO - Processing /opt/airflow/dags/isr_pipeline.py took 0.585 seconds
[2026-04-05T22:49:21.106+0000] {processor.py:161} INFO - Started process (PID=61794) to work on /opt/airflow/dags/isr_pipeline.py
[2026-04-05T22:49:21.114+0000] {processor.py:830} INFO - Processing file /opt/airflow/dags/isr_pipeline.py for tasks to queue
[2026-04-05T22:49:21.122+0000] {logging_mixin.py:188} INFO - [2026-04-05T22:49:21.120+0000] {dagbag.py:540} INFO - Filling up the DagBag from /opt/airflow/dags/isr_pipeline.py
[2026-04-05T22:49:21.213+0000] {processor.py:840} INFO - DAG(s) 'isr_pipeline' retrieved from /opt/airflow/dags/isr_pipeline.py
[2026-04-05T22:49:21.402+0000] {logging_mixin.py:188} INFO - [2026-04-05T22:49:21.401+0000] {dag.py:3096} INFO - Sync 1 DAGs
[2026-04-05T22:49:21.624+0000] {processor.py:183} INFO - Processing /opt/airflow/dags/isr_pipeline.py took 0.555 seconds
[2026-04-05T22:49:51.933+0000] {processor.py:161} INFO - Started process (PID=61799) to work on /opt/airflow/dags/isr_pipeline.py
[2026-04-05T22:49:51.940+0000] {processor.py:830} INFO - Processing file /opt/airflow/dags/isr_pipeline.py for tasks to queue
[2026-04-05T22:49:51.947+0000] {logging_mixin.py:188} INFO - [2026-04-05T22:49:51.946+0000] {dagbag.py:540} INFO - Filling up the DagBag from /opt/airflow/dags/isr_pipeline.py
[2026-04-05T22:49:52.036+0000] {processor.py:840} INFO - DAG(s) 'isr_pipeline' retrieved from /opt/airflow/dags/isr_pipeline.py
[2026-04-05T22:49:52.225+0000] {logging_mixin.py:188} INFO - [2026-04-05T22:49:52.224+0000] {dag.py:3096} INFO - Sync 1 DAGs
[2026-04-05T22:49:52.475+0000] {processor.py:183} INFO - Processing /opt/airflow/dags/isr_pipeline.py took 0.579 seconds
[2026-04-05T22:50:23.029+0000] {processor.py:161} INFO - Started process (PID=61804) to work on /opt/airflow/dags/isr_pipeline.py
[2026-04-05T22:50:23.037+0000] {processor.py:830} INFO - Processing file /opt/airflow/dags/isr_pipeline.py for tasks to queue
[2026-04-05T22:50:23.043+0000] {logging_mixin.py:188} INFO - [2026-04-05T22:50:23.042+0000] {dagbag.py:540} INFO - Filling up the DagBag from /opt/airflow/dags/isr_pipeline.py
[2026-04-05T22:50:23.136+0000] {processor.py:840} INFO - DAG(s) 'isr_pipeline' retrieved from /opt/airflow/dags/isr_pipeline.py
[2026-04-05T22:50:23.340+0000] {logging_mixin.py:188} INFO - [2026-04-05T22:50:23.339+0000] {dag.py:3096} INFO - Sync 1 DAGs
[2026-04-05T22:50:23.564+0000] {processor.py:183} INFO - Processing /opt/airflow/dags/isr_pipeline.py took 0.584 seconds
[2026-04-05T22:50:54.138+0000] {processor.py:161} INFO - Started process (PID=61809) to work on /opt/airflow/dags/isr_pipeline.py
[2026-04-05T22:50:54.144+0000] {processor.py:830} INFO - Processing file /opt/airflow/dags/isr_pipeline.py for tasks to queue
[2026-04-05T22:50:54.152+0000] {logging_mixin.py:188} INFO - [2026-04-05T22:50:54.150+0000] {dagbag.py:540} INFO - Filling up the DagBag from /opt/airflow/dags/isr_pipeline.py
[2026-04-05T22:50:54.252+0000] {processor.py:840} INFO - DAG(s) 'isr_pipeline' retrieved from /opt/airflow/dags/isr_pipeline.py
[2026-04-05T22:50:54.442+0000] {logging_mixin.py:188} INFO - [2026-04-05T22:50:54.441+0000] {dag.py:3096} INFO - Sync 1 DAGs
[2026-04-05T22:50:54.653+0000] {processor.py:183} INFO - Processing /opt/airflow/dags/isr_pipeline.py took 0.553 seconds
[2026-04-05T22:51:25.108+0000] {processor.py:161} INFO - Started process (PID=61814) to work on /opt/airflow/dags/isr_pipeline.py
[2026-04-05T22:51:25.117+0000] {processor.py:830} INFO - Processing file /opt/airflow/dags/isr_pipeline.py for tasks to queue
[2026-04-05T22:51:25.130+0000] {logging_mixin.py:188} INFO - [2026-04-05T22:51:25.127+0000] {dagbag.py:540} INFO - Filling up the DagBag from /opt/airflow/dags/isr_pipeline.py
[2026-04-05T22:51:25.233+0000] {processor.py:840} INFO - DAG(s) 'isr_pipeline' retrieved from /opt/airflow/dags/isr_pipeline.py
[2026-04-05T22:51:25.562+0000] {logging_mixin.py:188} INFO - [2026-04-05T22:51:25.560+0000] {dag.py:3096} INFO - Sync 1 DAGs
[2026-04-05T22:51:25.838+0000] {processor.py:183} INFO - Processing /opt/airflow/dags/isr_pipeline.py took 0.767 seconds
[2026-04-05T22:51:56.378+0000] {processor.py:161} INFO - Started process (PID=61819) to work on /opt/airflow/dags/isr_pipeline.py
[2026-04-05T22:51:56.385+0000] {processor.py:830} INFO - Processing file /opt/airflow/dags/isr_pipeline.py for tasks to queue
[2026-04-05T22:51:56.392+0000] {logging_mixin.py:188} INFO - [2026-04-05T22:51:56.391+0000] {dagbag.py:540} INFO - Filling up the DagBag from /opt/airflow/dags/isr_pipeline.py
[2026-04-05T22:51:56.484+0000] {processor.py:840} INFO - DAG(s) 'isr_pipeline' retrieved from /opt/airflow/dags/isr_pipeline.py
[2026-04-05T22:51:56.668+0000] {logging_mixin.py:188} INFO - [2026-04-05T22:51:56.667+0000] {dag.py:3096} INFO - Sync 1 DAGs
[2026-04-05T22:51:56.864+0000] {processor.py:183} INFO - Processing /opt/airflow/dags/isr_pipeline.py took 0.524 seconds
[2026-04-05T22:52:27.369+0000] {processor.py:161} INFO - Started process (PID=61824) to work on /opt/airflow/dags/isr_pipeline.py
[2026-04-05T22:52:27.378+0000] {processor.py:830} INFO - Processing file /opt/airflow/dags/isr_pipeline.py for tasks to queue
[2026-04-05T22:52:27.385+0000] {logging_mixin.py:188} INFO - [2026-04-05T22:52:27.383+0000] {dagbag.py:540} INFO - Filling up the DagBag from /opt/airflow/dags/isr_pipeline.py
[2026-04-05T22:52:27.483+0000] {processor.py:840} INFO - DAG(s) 'isr_pipeline' retrieved from /opt/airflow/dags/isr_pipeline.py
[2026-04-05T22:52:27.678+0000] {logging_mixin.py:188} INFO - [2026-04-05T22:52:27.677+0000] {dag.py:3096} INFO - Sync 1 DAGs
[2026-04-05T22:52:27.889+0000] {processor.py:183} INFO - Processing /opt/airflow/dags/isr_pipeline.py took 0.567 seconds
[2026-04-05T22:52:58.242+0000] {processor.py:161} INFO - Started process (PID=61829) to work on /opt/airflow/dags/isr_pipeline.py
[2026-04-05T22:52:58.250+0000] {processor.py:830} INFO - Processing file /opt/airflow/dags/isr_pipeline.py for tasks to queue
[2026-04-05T22:52:58.262+0000] {logging_mixin.py:188} INFO - [2026-04-05T22:52:58.258+0000] {dagbag.py:540} INFO - Filling up the DagBag from /opt/airflow/dags/isr_pipeline.py
[2026-04-05T22:52:58.361+0000] {processor.py:840} INFO - DAG(s) 'isr_pipeline' retrieved from /opt/airflow/dags/isr_pipeline.py
[2026-04-05T22:52:58.551+0000] {logging_mixin.py:188} INFO - [2026-04-05T22:52:58.549+0000] {dag.py:3096} INFO - Sync 1 DAGs
[2026-04-05T22:52:58.753+0000] {processor.py:183} INFO - Processing /opt/airflow/dags/isr_pipeline.py took 0.548 seconds
[2026-04-05T22:53:29.288+0000] {processor.py:161} INFO - Started process (PID=61834) to work on /opt/airflow/dags/isr_pipeline.py
[2026-04-05T22:53:29.295+0000] {processor.py:830} INFO - Processing file /opt/airflow/dags/isr_pipeline.py for tasks to queue
[2026-04-05T22:53:29.302+0000] {logging_mixin.py:188} INFO - [2026-04-05T22:53:29.300+0000] {dagbag.py:540} INFO - Filling up the DagBag from /opt/airflow/dags/isr_pipeline.py
[2026-04-05T22:53:29.398+0000] {processor.py:840} INFO - DAG(s) 'isr_pipeline' retrieved from /opt/airflow/dags/isr_pipeline.py
[2026-04-05T22:53:29.587+0000] {logging_mixin.py:188} INFO - [2026-04-05T22:53:29.586+0000] {dag.py:3096} INFO - Sync 1 DAGs
[2026-04-05T22:53:29.788+0000] {processor.py:183} INFO - Processing /opt/airflow/dags/isr_pipeline.py took 0.536 seconds
[2026-04-05T22:54:00.407+0000] {processor.py:161} INFO - Started process (PID=61839) to work on /opt/airflow/dags/isr_pipeline.py
[2026-04-05T22:54:00.419+0000] {processor.py:830} INFO - Processing file /opt/airflow/dags/isr_pipeline.py for tasks to queue
[2026-04-05T22:54:00.427+0000] {logging_mixin.py:188} INFO - [2026-04-05T22:54:00.426+0000] {dagbag.py:540} INFO - Filling up the DagBag from /opt/airflow/dags/isr_pipeline.py
[2026-04-05T22:54:00.541+0000] {processor.py:840} INFO - DAG(s) 'isr_pipeline' retrieved from /opt/airflow/dags/isr_pipeline.py
[2026-04-05T22:54:00.755+0000] {logging_mixin.py:188} INFO - [2026-04-05T22:54:00.753+0000] {dag.py:3096} INFO - Sync 1 DAGs
[2026-04-05T22:54:00.983+0000] {processor.py:183} INFO - Processing /opt/airflow/dags/isr_pipeline.py took 0.621 seconds
[2026-04-05T23:00:23.173+0000] {processor.py:161} INFO - Started process (PID=61850) to work on /opt/airflow/dags/isr_pipeline.py
[2026-04-05T23:00:23.175+0000] {processor.py:830} INFO - Processing file /opt/airflow/dags/isr_pipeline.py for tasks to queue
[2026-04-05T23:00:23.176+0000] {logging_mixin.py:188} INFO - [2026-04-05T23:00:23.176+0000] {dagbag.py:540} INFO - Filling up the DagBag from /opt/airflow/dags/isr_pipeline.py
[2026-04-05T23:00:23.197+0000] {processor.py:840} INFO - DAG(s) 'isr_pipeline' retrieved from /opt/airflow/dags/isr_pipeline.py
[2026-04-05T23:00:23.236+0000] {logging_mixin.py:188} INFO - [2026-04-05T23:00:23.236+0000] {dag.py:3096} INFO - Sync 1 DAGs
[2026-04-05T23:00:23.281+0000] {processor.py:183} INFO - Processing /opt/airflow/dags/isr_pipeline.py took 0.115 seconds
[2026-04-05T23:00:53.825+0000] {processor.py:161} INFO - Started process (PID=61855) to work on /opt/airflow/dags/isr_pipeline.py
[2026-04-05T23:00:53.831+0000] {processor.py:830} INFO - Processing file /opt/airflow/dags/isr_pipeline.py for tasks to queue
[2026-04-05T23:00:53.838+0000] {logging_mixin.py:188} INFO - [2026-04-05T23:00:53.836+0000] {dagbag.py:540} INFO - Filling up the DagBag from /opt/airflow/dags/isr_pipeline.py
[2026-04-05T23:00:53.932+0000] {processor.py:840} INFO - DAG(s) 'isr_pipeline' retrieved from /opt/airflow/dags/isr_pipeline.py
[2026-04-05T23:00:54.110+0000] {logging_mixin.py:188} INFO - [2026-04-05T23:00:54.109+0000] {dag.py:3096} INFO - Sync 1 DAGs
[2026-04-05T23:00:54.327+0000] {processor.py:183} INFO - Processing /opt/airflow/dags/isr_pipeline.py took 0.535 seconds
[2026-04-05T23:24:17.358+0000] {processor.py:161} INFO - Started process (PID=61860) to work on /opt/airflow/dags/isr_pipeline.py
[2026-04-05T23:24:17.360+0000] {processor.py:830} INFO - Processing file /opt/airflow/dags/isr_pipeline.py for tasks to queue
[2026-04-05T23:24:17.362+0000] {logging_mixin.py:188} INFO - [2026-04-05T23:24:17.361+0000] {dagbag.py:540} INFO - Filling up the DagBag from /opt/airflow/dags/isr_pipeline.py
[2026-04-05T23:24:17.386+0000] {processor.py:840} INFO - DAG(s) 'isr_pipeline' retrieved from /opt/airflow/dags/isr_pipeline.py
[2026-04-05T23:24:17.437+0000] {logging_mixin.py:188} INFO - [2026-04-05T23:24:17.437+0000] {dag.py:3096} INFO - Sync 1 DAGs
[2026-04-05T23:24:17.620+0000] {processor.py:183} INFO - Processing /opt/airflow/dags/isr_pipeline.py took 0.270 seconds
[2026-04-05T23:24:48.030+0000] {processor.py:161} INFO - Started process (PID=61865) to work on /opt/airflow/dags/isr_pipeline.py
[2026-04-05T23:24:48.037+0000] {processor.py:830} INFO - Processing file /opt/airflow/dags/isr_pipeline.py for tasks to queue
[2026-04-05T23:24:48.046+0000] {logging_mixin.py:188} INFO - [2026-04-05T23:24:48.044+0000] {dagbag.py:540} INFO - Filling up the DagBag from /opt/airflow/dags/isr_pipeline.py
[2026-04-05T23:24:48.138+0000] {processor.py:840} INFO - DAG(s) 'isr_pipeline' retrieved from /opt/airflow/dags/isr_pipeline.py
[2026-04-05T23:24:48.322+0000] {logging_mixin.py:188} INFO - [2026-04-05T23:24:48.321+0000] {dag.py:3096} INFO - Sync 1 DAGs
[2026-04-05T23:24:48.537+0000] {processor.py:183} INFO - Processing /opt/airflow/dags/isr_pipeline.py took 0.543 seconds
[2026-04-05T23:25:19.066+0000] {processor.py:161} INFO - Started process (PID=61870) to work on /opt/airflow/dags/isr_pipeline.py
[2026-04-05T23:25:19.074+0000] {processor.py:830} INFO - Processing file /opt/airflow/dags/isr_pipeline.py for tasks to queue
[2026-04-05T23:25:19.082+0000] {logging_mixin.py:188} INFO - [2026-04-05T23:25:19.080+0000] {dagbag.py:540} INFO - Filling up the DagBag from /opt/airflow/dags/isr_pipeline.py
[2026-04-05T23:25:19.178+0000] {processor.py:840} INFO - DAG(s) 'isr_pipeline' retrieved from /opt/airflow/dags/isr_pipeline.py
[2026-04-05T23:25:19.389+0000] {logging_mixin.py:188} INFO - [2026-04-05T23:25:19.388+0000] {dag.py:3096} INFO - Sync 1 DAGs
[2026-04-05T23:25:19.595+0000] {processor.py:183} INFO - Processing /opt/airflow/dags/isr_pipeline.py took 0.570 seconds
[2026-04-05T23:25:49.896+0000] {processor.py:161} INFO - Started process (PID=61875) to work on /opt/airflow/dags/isr_pipeline.py
[2026-04-05T23:25:49.904+0000] {processor.py:830} INFO - Processing file /opt/airflow/dags/isr_pipeline.py for tasks to queue
[2026-04-05T23:25:49.911+0000] {logging_mixin.py:188} INFO - [2026-04-05T23:25:49.909+0000] {dagbag.py:540} INFO - Filling up the DagBag from /opt/airflow/dags/isr_pipeline.py
[2026-04-05T23:25:50.006+0000] {processor.py:840} INFO - DAG(s) 'isr_pipeline' retrieved from /opt/airflow/dags/isr_pipeline.py
[2026-04-05T23:25:50.198+0000] {logging_mixin.py:188} INFO - [2026-04-05T23:25:50.197+0000] {dag.py:3096} INFO - Sync 1 DAGs
[2026-04-05T23:25:50.418+0000] {processor.py:183} INFO - Processing /opt/airflow/dags/isr_pipeline.py took 0.577 seconds
[2026-04-05T23:26:20.944+0000] {processor.py:161} INFO - Started process (PID=61880) to work on /opt/airflow/dags/isr_pipeline.py
[2026-04-05T23:26:20.951+0000] {processor.py:830} INFO - Processing file /opt/airflow/dags/isr_pipeline.py for tasks to queue
[2026-04-05T23:26:20.957+0000] {logging_mixin.py:188} INFO - [2026-04-05T23:26:20.955+0000] {dagbag.py:540} INFO - Filling up the DagBag from /opt/airflow/dags/isr_pipeline.py
[2026-04-05T23:26:21.056+0000] {processor.py:840} INFO - DAG(s) 'isr_pipeline' retrieved from /opt/airflow/dags/isr_pipeline.py
[2026-04-05T23:26:21.241+0000] {logging_mixin.py:188} INFO - [2026-04-05T23:26:21.240+0000] {dag.py:3096} INFO - Sync 1 DAGs
[2026-04-05T23:26:21.464+0000] {processor.py:183} INFO - Processing /opt/airflow/dags/isr_pipeline.py took 0.558 seconds
[2026-04-05T23:26:51.772+0000] {processor.py:161} INFO - Started process (PID=61885) to work on /opt/airflow/dags/isr_pipeline.py
[2026-04-05T23:26:51.782+0000] {processor.py:830} INFO - Processing file /opt/airflow/dags/isr_pipeline.py for tasks to queue
[2026-04-05T23:26:51.789+0000] {logging_mixin.py:188} INFO - [2026-04-05T23:26:51.787+0000] {dagbag.py:540} INFO - Filling up the DagBag from /opt/airflow/dags/isr_pipeline.py
[2026-04-05T23:26:51.881+0000] {processor.py:840} INFO - DAG(s) 'isr_pipeline' retrieved from /opt/airflow/dags/isr_pipeline.py
[2026-04-05T23:26:52.060+0000] {logging_mixin.py:188} INFO - [2026-04-05T23:26:52.059+0000] {dag.py:3096} INFO - Sync 1 DAGs
[2026-04-05T23:26:52.279+0000] {processor.py:183} INFO - Processing /opt/airflow/dags/isr_pipeline.py took 0.544 seconds
[2026-04-05T23:27:22.773+0000] {processor.py:161} INFO - Started process (PID=61890) to work on /opt/airflow/dags/isr_pipeline.py
[2026-04-05T23:27:22.780+0000] {processor.py:830} INFO - Processing file /opt/airflow/dags/isr_pipeline.py for tasks to queue
[2026-04-05T23:27:22.788+0000] {logging_mixin.py:188} INFO - [2026-04-05T23:27:22.785+0000] {dagbag.py:540} INFO - Filling up the DagBag from /opt/airflow/dags/isr_pipeline.py
[2026-04-05T23:27:22.883+0000] {processor.py:840} INFO - DAG(s) 'isr_pipeline' retrieved from /opt/airflow/dags/isr_pipeline.py
[2026-04-05T23:27:23.063+0000] {logging_mixin.py:188} INFO - [2026-04-05T23:27:23.062+0000] {dag.py:3096} INFO - Sync 1 DAGs
[2026-04-05T23:27:23.278+0000] {processor.py:183} INFO - Processing /opt/airflow/dags/isr_pipeline.py took 0.543 seconds
[2026-04-05T23:27:53.670+0000] {processor.py:161} INFO - Started process (PID=61895) to work on /opt/airflow/dags/isr_pipeline.py
[2026-04-05T23:27:53.677+0000] {processor.py:830} INFO - Processing file /opt/airflow/dags/isr_pipeline.py for tasks to queue
[2026-04-05T23:27:53.684+0000] {logging_mixin.py:188} INFO - [2026-04-05T23:27:53.682+0000] {dagbag.py:540} INFO - Filling up the DagBag from /opt/airflow/dags/isr_pipeline.py
[2026-04-05T23:27:53.777+0000] {processor.py:840} INFO - DAG(s) 'isr_pipeline' retrieved from /opt/airflow/dags/isr_pipeline.py
[2026-04-05T23:27:53.953+0000] {logging_mixin.py:188} INFO - [2026-04-05T23:27:53.952+0000] {dag.py:3096} INFO - Sync 1 DAGs
[2026-04-05T23:27:54.148+0000] {processor.py:183} INFO - Processing /opt/airflow/dags/isr_pipeline.py took 0.516 seconds
[2026-04-05T23:28:24.646+0000] {processor.py:161} INFO - Started process (PID=61900) to work on /opt/airflow/dags/isr_pipeline.py
[2026-04-05T23:28:24.653+0000] {processor.py:830} INFO - Processing file /opt/airflow/dags/isr_pipeline.py for tasks to queue
[2026-04-05T23:28:24.661+0000] {logging_mixin.py:188} INFO - [2026-04-05T23:28:24.659+0000] {dagbag.py:540} INFO - Filling up the DagBag from /opt/airflow/dags/isr_pipeline.py
[2026-04-05T23:28:24.750+0000] {processor.py:840} INFO - DAG(s) 'isr_pipeline' retrieved from /opt/airflow/dags/isr_pipeline.py
[2026-04-05T23:28:24.928+0000] {logging_mixin.py:188} INFO - [2026-04-05T23:28:24.927+0000] {dag.py:3096} INFO - Sync 1 DAGs
[2026-04-05T23:28:25.141+0000] {processor.py:183} INFO - Processing /opt/airflow/dags/isr_pipeline.py took 0.532 seconds
[2026-04-05T23:28:55.443+0000] {processor.py:161} INFO - Started process (PID=61905) to work on /opt/airflow/dags/isr_pipeline.py
[2026-04-05T23:28:55.450+0000] {processor.py:830} INFO - Processing file /opt/airflow/dags/isr_pipeline.py for tasks to queue
[2026-04-05T23:28:55.458+0000] {logging_mixin.py:188} INFO - [2026-04-05T23:28:55.456+0000] {dagbag.py:540} INFO - Filling up the DagBag from /opt/airflow/dags/isr_pipeline.py
[2026-04-05T23:28:55.551+0000] {processor.py:840} INFO - DAG(s) 'isr_pipeline' retrieved from /opt/airflow/dags/isr_pipeline.py
[2026-04-05T23:28:55.727+0000] {logging_mixin.py:188} INFO - [2026-04-05T23:28:55.726+0000] {dag.py:3096} INFO - Sync 1 DAGs
[2026-04-05T23:28:55.933+0000] {processor.py:183} INFO - Processing /opt/airflow/dags/isr_pipeline.py took 0.527 seconds
[2026-04-05T23:29:26.138+0000] {processor.py:161} INFO - Started process (PID=61910) to work on /opt/airflow/dags/isr_pipeline.py
[2026-04-05T23:29:26.148+0000] {processor.py:830} INFO - Processing file /opt/airflow/dags/isr_pipeline.py for tasks to queue
[2026-04-05T23:29:26.156+0000] {logging_mixin.py:188} INFO - [2026-04-05T23:29:26.154+0000] {dagbag.py:540} INFO - Filling up the DagBag from /opt/airflow/dags/isr_pipeline.py
[2026-04-05T23:29:26.252+0000] {processor.py:840} INFO - DAG(s) 'isr_pipeline' retrieved from /opt/airflow/dags/isr_pipeline.py
[2026-04-05T23:29:26.446+0000] {logging_mixin.py:188} INFO - [2026-04-05T23:29:26.445+0000] {dag.py:3096} INFO - Sync 1 DAGs
[2026-04-05T23:29:26.663+0000] {processor.py:183} INFO - Processing /opt/airflow/dags/isr_pipeline.py took 0.567 seconds
[2026-04-05T23:29:57.191+0000] {processor.py:161} INFO - Started process (PID=61915) to work on /opt/airflow/dags/isr_pipeline.py
[2026-04-05T23:29:57.202+0000] {processor.py:830} INFO - Processing file /opt/airflow/dags/isr_pipeline.py for tasks to queue
[2026-04-05T23:29:57.211+0000] {logging_mixin.py:188} INFO - [2026-04-05T23:29:57.208+0000] {dagbag.py:540} INFO - Filling up the DagBag from /opt/airflow/dags/isr_pipeline.py
[2026-04-05T23:29:57.306+0000] {processor.py:840} INFO - DAG(s) 'isr_pipeline' retrieved from /opt/airflow/dags/isr_pipeline.py
[2026-04-05T23:29:57.529+0000] {logging_mixin.py:188} INFO - [2026-04-05T23:29:57.527+0000] {dag.py:3096} INFO - Sync 1 DAGs
[2026-04-05T23:29:57.766+0000] {processor.py:183} INFO - Processing /opt/airflow/dags/isr_pipeline.py took 0.632 seconds
[2026-04-05T23:30:28.072+0000] {processor.py:161} INFO - Started process (PID=61920) to work on /opt/airflow/dags/isr_pipeline.py
[2026-04-05T23:30:28.080+0000] {processor.py:830} INFO - Processing file /opt/airflow/dags/isr_pipeline.py for tasks to queue
[2026-04-05T23:30:28.086+0000] {logging_mixin.py:188} INFO - [2026-04-05T23:30:28.085+0000] {dagbag.py:540} INFO - Filling up the DagBag from /opt/airflow/dags/isr_pipeline.py
[2026-04-05T23:30:28.177+0000] {processor.py:840} INFO - DAG(s) 'isr_pipeline' retrieved from /opt/airflow/dags/isr_pipeline.py
[2026-04-05T23:30:28.365+0000] {logging_mixin.py:188} INFO - [2026-04-05T23:30:28.363+0000] {dag.py:3096} INFO - Sync 1 DAGs
[2026-04-05T23:30:28.574+0000] {processor.py:183} INFO - Processing /opt/airflow/dags/isr_pipeline.py took 0.540 seconds
[2026-04-05T23:30:59.182+0000] {processor.py:161} INFO - Started process (PID=61925) to work on /opt/airflow/dags/isr_pipeline.py
[2026-04-05T23:30:59.189+0000] {processor.py:830} INFO - Processing file /opt/airflow/dags/isr_pipeline.py for tasks to queue
[2026-04-05T23:30:59.197+0000] {logging_mixin.py:188} INFO - [2026-04-05T23:30:59.195+0000] {dagbag.py:540} INFO - Filling up the DagBag from /opt/airflow/dags/isr_pipeline.py
[2026-04-05T23:30:59.293+0000] {processor.py:840} INFO - DAG(s) 'isr_pipeline' retrieved from /opt/airflow/dags/isr_pipeline.py
[2026-04-05T23:30:59.479+0000] {logging_mixin.py:188} INFO - [2026-04-05T23:30:59.478+0000] {dag.py:3096} INFO - Sync 1 DAGs
[2026-04-05T23:30:59.682+0000] {processor.py:183} INFO - Processing /opt/airflow/dags/isr_pipeline.py took 0.540 seconds
[2026-04-05T23:31:30.003+0000] {processor.py:161} INFO - Started process (PID=61930) to work on /opt/airflow/dags/isr_pipeline.py
[2026-04-05T23:31:30.011+0000] {processor.py:830} INFO - Processing file /opt/airflow/dags/isr_pipeline.py for tasks to queue
[2026-04-05T23:31:30.018+0000] {logging_mixin.py:188} INFO - [2026-04-05T23:31:30.016+0000] {dagbag.py:540} INFO - Filling up the DagBag from /opt/airflow/dags/isr_pipeline.py
[2026-04-05T23:31:30.107+0000] {processor.py:840} INFO - DAG(s) 'isr_pipeline' retrieved from /opt/airflow/dags/isr_pipeline.py
[2026-04-05T23:31:30.290+0000] {logging_mixin.py:188} INFO - [2026-04-05T23:31:30.288+0000] {dag.py:3096} INFO - Sync 1 DAGs
[2026-04-05T23:31:30.508+0000] {processor.py:183} INFO - Processing /opt/airflow/dags/isr_pipeline.py took 0.542 seconds
[2026-04-05T23:32:00.989+0000] {processor.py:161} INFO - Started process (PID=61935) to work on /opt/airflow/dags/isr_pipeline.py
[2026-04-05T23:32:00.996+0000] {processor.py:830} INFO - Processing file /opt/airflow/dags/isr_pipeline.py for tasks to queue
[2026-04-05T23:32:01.006+0000] {logging_mixin.py:188} INFO - [2026-04-05T23:32:01.004+0000] {dagbag.py:540} INFO - Filling up the DagBag from /opt/airflow/dags/isr_pipeline.py
[2026-04-05T23:32:01.094+0000] {processor.py:840} INFO - DAG(s) 'isr_pipeline' retrieved from /opt/airflow/dags/isr_pipeline.py
[2026-04-05T23:32:01.280+0000] {logging_mixin.py:188} INFO - [2026-04-05T23:32:01.279+0000] {dag.py:3096} INFO - Sync 1 DAGs
[2026-04-05T23:32:01.481+0000] {processor.py:183} INFO - Processing /opt/airflow/dags/isr_pipeline.py took 0.529 seconds
[2026-04-05T23:32:31.891+0000] {processor.py:161} INFO - Started process (PID=61940) to work on /opt/airflow/dags/isr_pipeline.py
[2026-04-05T23:32:31.898+0000] {processor.py:830} INFO - Processing file /opt/airflow/dags/isr_pipeline.py for tasks to queue
[2026-04-05T23:32:31.905+0000] {logging_mixin.py:188} INFO - [2026-04-05T23:32:31.903+0000] {dagbag.py:540} INFO - Filling up the DagBag from /opt/airflow/dags/isr_pipeline.py
[2026-04-05T23:32:31.994+0000] {processor.py:840} INFO - DAG(s) 'isr_pipeline' retrieved from /opt/airflow/dags/isr_pipeline.py
[2026-04-05T23:32:32.172+0000] {logging_mixin.py:188} INFO - [2026-04-05T23:32:32.171+0000] {dag.py:3096} INFO - Sync 1 DAGs
[2026-04-05T23:32:32.384+0000] {processor.py:183} INFO - Processing /opt/airflow/dags/isr_pipeline.py took 0.529 seconds
[2026-04-05T23:33:03.030+0000] {processor.py:161} INFO - Started process (PID=61945) to work on /opt/airflow/dags/isr_pipeline.py
[2026-04-05T23:33:03.037+0000] {processor.py:830} INFO - Processing file /opt/airflow/dags/isr_pipeline.py for tasks to queue
[2026-04-05T23:33:03.044+0000] {logging_mixin.py:188} INFO - [2026-04-05T23:33:03.042+0000] {dagbag.py:540} INFO - Filling up the DagBag from /opt/airflow/dags/isr_pipeline.py
[2026-04-05T23:33:03.134+0000] {processor.py:840} INFO - DAG(s) 'isr_pipeline' retrieved from /opt/airflow/dags/isr_pipeline.py
[2026-04-05T23:33:03.339+0000] {logging_mixin.py:188} INFO - [2026-04-05T23:33:03.338+0000] {dag.py:3096} INFO - Sync 1 DAGs
[2026-04-05T23:33:03.554+0000] {processor.py:183} INFO - Processing /opt/airflow/dags/isr_pipeline.py took 0.565 seconds
[2026-04-05T23:33:34.112+0000] {processor.py:161} INFO - Started process (PID=61950) to work on /opt/airflow/dags/isr_pipeline.py
[2026-04-05T23:33:34.121+0000] {processor.py:830} INFO - Processing file /opt/airflow/dags/isr_pipeline.py for tasks to queue
[2026-04-05T23:33:34.129+0000] {logging_mixin.py:188} INFO - [2026-04-05T23:33:34.127+0000] {dagbag.py:540} INFO - Filling up the DagBag from /opt/airflow/dags/isr_pipeline.py
[2026-04-05T23:33:34.222+0000] {processor.py:840} INFO - DAG(s) 'isr_pipeline' retrieved from /opt/airflow/dags/isr_pipeline.py
[2026-04-05T23:33:34.426+0000] {logging_mixin.py:188} INFO - [2026-04-05T23:33:34.424+0000] {dag.py:3096} INFO - Sync 1 DAGs
[2026-04-05T23:33:34.627+0000] {processor.py:183} INFO - Processing /opt/airflow/dags/isr_pipeline.py took 0.565 seconds
[2026-04-05T23:50:28.473+0000] {processor.py:161} INFO - Started process (PID=61955) to work on /opt/airflow/dags/isr_pipeline.py
[2026-04-05T23:50:28.475+0000] {processor.py:830} INFO - Processing file /opt/airflow/dags/isr_pipeline.py for tasks to queue
[2026-04-05T23:50:28.477+0000] {logging_mixin.py:188} INFO - [2026-04-05T23:50:28.477+0000] {dagbag.py:540} INFO - Filling up the DagBag from /opt/airflow/dags/isr_pipeline.py
[2026-04-05T23:50:28.504+0000] {processor.py:840} INFO - DAG(s) 'isr_pipeline' retrieved from /opt/airflow/dags/isr_pipeline.py
[2026-04-05T23:50:28.567+0000] {logging_mixin.py:188} INFO - [2026-04-05T23:50:28.567+0000] {dag.py:3096} INFO - Sync 1 DAGs
[2026-04-05T23:50:28.630+0000] {processor.py:183} INFO - Processing /opt/airflow/dags/isr_pipeline.py took 0.169 seconds
[2026-04-05T23:50:59.014+0000] {processor.py:161} INFO - Started process (PID=61960) to work on /opt/airflow/dags/isr_pipeline.py
[2026-04-05T23:50:59.021+0000] {processor.py:830} INFO - Processing file /opt/airflow/dags/isr_pipeline.py for tasks to queue
[2026-04-05T23:50:59.032+0000] {logging_mixin.py:188} INFO - [2026-04-05T23:50:59.030+0000] {dagbag.py:540} INFO - Filling up the DagBag from /opt/airflow/dags/isr_pipeline.py
[2026-04-05T23:50:59.126+0000] {processor.py:840} INFO - DAG(s) 'isr_pipeline' retrieved from /opt/airflow/dags/isr_pipeline.py
[2026-04-05T23:50:59.316+0000] {logging_mixin.py:188} INFO - [2026-04-05T23:50:59.315+0000] {dag.py:3096} INFO - Sync 1 DAGs
[2026-04-05T23:50:59.529+0000] {processor.py:183} INFO - Processing /opt/airflow/dags/isr_pipeline.py took 0.551 seconds
