[2026-03-21T14:16:40.022+0000] {processor.py:161} INFO - Started process (PID=170) to work on /opt/airflow/dags/isr_pipeline.py
[2026-03-21T14:16:40.024+0000] {processor.py:830} INFO - Processing file /opt/airflow/dags/isr_pipeline.py for tasks to queue
[2026-03-21T14:16:40.031+0000] {logging_mixin.py:188} INFO - [2026-03-21T14:16:40.030+0000] {dagbag.py:540} INFO - Filling up the DagBag from /opt/airflow/dags/isr_pipeline.py
[2026-03-21T14:16:40.065+0000] {processor.py:840} INFO - DAG(s) 'isr_pipeline' retrieved from /opt/airflow/dags/isr_pipeline.py
[2026-03-21T14:16:40.365+0000] {logging_mixin.py:188} INFO - [2026-03-21T14:16:40.365+0000] {override.py:1829} INFO - Created Permission View: can read on DAG:isr_pipeline
[2026-03-21T14:16:40.376+0000] {logging_mixin.py:188} INFO - [2026-03-21T14:16:40.376+0000] {override.py:1829} INFO - Created Permission View: can delete on DAG:isr_pipeline
[2026-03-21T14:16:40.383+0000] {logging_mixin.py:188} INFO - [2026-03-21T14:16:40.382+0000] {override.py:1829} INFO - Created Permission View: can edit on DAG:isr_pipeline
[2026-03-21T14:16:40.384+0000] {logging_mixin.py:188} INFO - [2026-03-21T14:16:40.384+0000] {dag.py:3096} INFO - Sync 1 DAGs
[2026-03-21T14:16:40.398+0000] {logging_mixin.py:188} INFO - [2026-03-21T14:16:40.397+0000] {dag.py:3118} INFO - Creating ORM DAG for isr_pipeline
[2026-03-21T14:16:40.414+0000] {logging_mixin.py:188} INFO - [2026-03-21T14:16:40.413+0000] {dag.py:3954} INFO - Setting next_dagrun for isr_pipeline to 2026-03-20 06:00:00+00:00, run_after=2026-03-21 06:00:00+00:00
[2026-03-21T14:16:40.437+0000] {processor.py:183} INFO - Processing /opt/airflow/dags/isr_pipeline.py took 0.423 seconds
[2026-03-21T14:17:10.552+0000] {processor.py:161} INFO - Started process (PID=175) to work on /opt/airflow/dags/isr_pipeline.py
[2026-03-21T14:17:10.554+0000] {processor.py:830} INFO - Processing file /opt/airflow/dags/isr_pipeline.py for tasks to queue
[2026-03-21T14:17:10.556+0000] {logging_mixin.py:188} INFO - [2026-03-21T14:17:10.556+0000] {dagbag.py:540} INFO - Filling up the DagBag from /opt/airflow/dags/isr_pipeline.py
[2026-03-21T14:17:10.573+0000] {processor.py:840} INFO - DAG(s) 'isr_pipeline' retrieved from /opt/airflow/dags/isr_pipeline.py
[2026-03-21T14:17:10.612+0000] {logging_mixin.py:188} INFO - [2026-03-21T14:17:10.612+0000] {dag.py:3096} INFO - Sync 1 DAGs
[2026-03-21T14:17:10.640+0000] {logging_mixin.py:188} INFO - [2026-03-21T14:17:10.640+0000] {dag.py:3954} INFO - Setting next_dagrun for isr_pipeline to 2026-03-20 06:00:00+00:00, run_after=2026-03-21 06:00:00+00:00
[2026-03-21T14:17:10.721+0000] {processor.py:183} INFO - Processing /opt/airflow/dags/isr_pipeline.py took 0.177 seconds
[2026-03-21T14:17:40.866+0000] {processor.py:161} INFO - Started process (PID=180) to work on /opt/airflow/dags/isr_pipeline.py
[2026-03-21T14:17:40.869+0000] {processor.py:830} INFO - Processing file /opt/airflow/dags/isr_pipeline.py for tasks to queue
[2026-03-21T14:17:40.872+0000] {logging_mixin.py:188} INFO - [2026-03-21T14:17:40.871+0000] {dagbag.py:540} INFO - Filling up the DagBag from /opt/airflow/dags/isr_pipeline.py
[2026-03-21T14:17:40.889+0000] {processor.py:840} INFO - DAG(s) 'isr_pipeline' retrieved from /opt/airflow/dags/isr_pipeline.py
[2026-03-21T14:17:40.932+0000] {logging_mixin.py:188} INFO - [2026-03-21T14:17:40.932+0000] {dag.py:3096} INFO - Sync 1 DAGs
[2026-03-21T14:17:40.959+0000] {logging_mixin.py:188} INFO - [2026-03-21T14:17:40.959+0000] {dag.py:3954} INFO - Setting next_dagrun for isr_pipeline to 2026-03-20 06:00:00+00:00, run_after=2026-03-21 06:00:00+00:00
[2026-03-21T14:17:40.979+0000] {processor.py:183} INFO - Processing /opt/airflow/dags/isr_pipeline.py took 0.122 seconds
[2026-03-21T14:18:11.088+0000] {processor.py:161} INFO - Started process (PID=185) to work on /opt/airflow/dags/isr_pipeline.py
[2026-03-21T14:18:11.089+0000] {processor.py:830} INFO - Processing file /opt/airflow/dags/isr_pipeline.py for tasks to queue
[2026-03-21T14:18:11.092+0000] {logging_mixin.py:188} INFO - [2026-03-21T14:18:11.091+0000] {dagbag.py:540} INFO - Filling up the DagBag from /opt/airflow/dags/isr_pipeline.py
[2026-03-21T14:18:11.109+0000] {processor.py:840} INFO - DAG(s) 'isr_pipeline' retrieved from /opt/airflow/dags/isr_pipeline.py
[2026-03-21T14:18:11.146+0000] {logging_mixin.py:188} INFO - [2026-03-21T14:18:11.146+0000] {dag.py:3096} INFO - Sync 1 DAGs
[2026-03-21T14:18:11.176+0000] {logging_mixin.py:188} INFO - [2026-03-21T14:18:11.176+0000] {dag.py:3954} INFO - Setting next_dagrun for isr_pipeline to 2026-03-20 06:00:00+00:00, run_after=2026-03-21 06:00:00+00:00
[2026-03-21T14:18:11.197+0000] {processor.py:183} INFO - Processing /opt/airflow/dags/isr_pipeline.py took 0.118 seconds
[2026-03-21T14:18:41.301+0000] {processor.py:161} INFO - Started process (PID=190) to work on /opt/airflow/dags/isr_pipeline.py
[2026-03-21T14:18:41.303+0000] {processor.py:830} INFO - Processing file /opt/airflow/dags/isr_pipeline.py for tasks to queue
[2026-03-21T14:18:41.306+0000] {logging_mixin.py:188} INFO - [2026-03-21T14:18:41.306+0000] {dagbag.py:540} INFO - Filling up the DagBag from /opt/airflow/dags/isr_pipeline.py
[2026-03-21T14:18:41.325+0000] {processor.py:840} INFO - DAG(s) 'isr_pipeline' retrieved from /opt/airflow/dags/isr_pipeline.py
[2026-03-21T14:18:41.373+0000] {logging_mixin.py:188} INFO - [2026-03-21T14:18:41.373+0000] {dag.py:3096} INFO - Sync 1 DAGs
[2026-03-21T14:18:41.407+0000] {logging_mixin.py:188} INFO - [2026-03-21T14:18:41.407+0000] {dag.py:3954} INFO - Setting next_dagrun for isr_pipeline to 2026-03-20 06:00:00+00:00, run_after=2026-03-21 06:00:00+00:00
[2026-03-21T14:18:41.433+0000] {processor.py:183} INFO - Processing /opt/airflow/dags/isr_pipeline.py took 0.140 seconds
[2026-03-21T14:19:11.540+0000] {processor.py:161} INFO - Started process (PID=195) to work on /opt/airflow/dags/isr_pipeline.py
[2026-03-21T14:19:11.542+0000] {processor.py:830} INFO - Processing file /opt/airflow/dags/isr_pipeline.py for tasks to queue
[2026-03-21T14:19:11.544+0000] {logging_mixin.py:188} INFO - [2026-03-21T14:19:11.544+0000] {dagbag.py:540} INFO - Filling up the DagBag from /opt/airflow/dags/isr_pipeline.py
[2026-03-21T14:19:11.561+0000] {processor.py:840} INFO - DAG(s) 'isr_pipeline' retrieved from /opt/airflow/dags/isr_pipeline.py
[2026-03-21T14:19:11.601+0000] {logging_mixin.py:188} INFO - [2026-03-21T14:19:11.600+0000] {dag.py:3096} INFO - Sync 1 DAGs
[2026-03-21T14:19:11.638+0000] {logging_mixin.py:188} INFO - [2026-03-21T14:19:11.638+0000] {dag.py:3954} INFO - Setting next_dagrun for isr_pipeline to 2026-03-20 06:00:00+00:00, run_after=2026-03-21 06:00:00+00:00
[2026-03-21T14:19:11.660+0000] {processor.py:183} INFO - Processing /opt/airflow/dags/isr_pipeline.py took 0.128 seconds
[2026-03-21T14:19:41.766+0000] {processor.py:161} INFO - Started process (PID=200) to work on /opt/airflow/dags/isr_pipeline.py
[2026-03-21T14:19:41.767+0000] {processor.py:830} INFO - Processing file /opt/airflow/dags/isr_pipeline.py for tasks to queue
[2026-03-21T14:19:41.770+0000] {logging_mixin.py:188} INFO - [2026-03-21T14:19:41.770+0000] {dagbag.py:540} INFO - Filling up the DagBag from /opt/airflow/dags/isr_pipeline.py
[2026-03-21T14:19:41.786+0000] {processor.py:840} INFO - DAG(s) 'isr_pipeline' retrieved from /opt/airflow/dags/isr_pipeline.py
[2026-03-21T14:19:41.824+0000] {logging_mixin.py:188} INFO - [2026-03-21T14:19:41.824+0000] {dag.py:3096} INFO - Sync 1 DAGs
[2026-03-21T14:19:41.857+0000] {logging_mixin.py:188} INFO - [2026-03-21T14:19:41.857+0000] {dag.py:3954} INFO - Setting next_dagrun for isr_pipeline to 2026-03-20 06:00:00+00:00, run_after=2026-03-21 06:00:00+00:00
[2026-03-21T14:19:41.878+0000] {processor.py:183} INFO - Processing /opt/airflow/dags/isr_pipeline.py took 0.120 seconds
[2026-03-21T14:20:11.982+0000] {processor.py:161} INFO - Started process (PID=205) to work on /opt/airflow/dags/isr_pipeline.py
[2026-03-21T14:20:11.984+0000] {processor.py:830} INFO - Processing file /opt/airflow/dags/isr_pipeline.py for tasks to queue
[2026-03-21T14:20:11.987+0000] {logging_mixin.py:188} INFO - [2026-03-21T14:20:11.986+0000] {dagbag.py:540} INFO - Filling up the DagBag from /opt/airflow/dags/isr_pipeline.py
[2026-03-21T14:20:12.003+0000] {processor.py:840} INFO - DAG(s) 'isr_pipeline' retrieved from /opt/airflow/dags/isr_pipeline.py
[2026-03-21T14:20:12.055+0000] {logging_mixin.py:188} INFO - [2026-03-21T14:20:12.054+0000] {dag.py:3096} INFO - Sync 1 DAGs
[2026-03-21T14:20:12.083+0000] {logging_mixin.py:188} INFO - [2026-03-21T14:20:12.082+0000] {dag.py:3954} INFO - Setting next_dagrun for isr_pipeline to 2026-03-20 06:00:00+00:00, run_after=2026-03-21 06:00:00+00:00
[2026-03-21T14:20:12.107+0000] {processor.py:183} INFO - Processing /opt/airflow/dags/isr_pipeline.py took 0.132 seconds
[2026-03-21T14:20:42.214+0000] {processor.py:161} INFO - Started process (PID=210) to work on /opt/airflow/dags/isr_pipeline.py
[2026-03-21T14:20:42.216+0000] {processor.py:830} INFO - Processing file /opt/airflow/dags/isr_pipeline.py for tasks to queue
[2026-03-21T14:20:42.219+0000] {logging_mixin.py:188} INFO - [2026-03-21T14:20:42.218+0000] {dagbag.py:540} INFO - Filling up the DagBag from /opt/airflow/dags/isr_pipeline.py
[2026-03-21T14:20:42.235+0000] {processor.py:840} INFO - DAG(s) 'isr_pipeline' retrieved from /opt/airflow/dags/isr_pipeline.py
[2026-03-21T14:20:42.274+0000] {logging_mixin.py:188} INFO - [2026-03-21T14:20:42.274+0000] {dag.py:3096} INFO - Sync 1 DAGs
[2026-03-21T14:20:42.304+0000] {logging_mixin.py:188} INFO - [2026-03-21T14:20:42.303+0000] {dag.py:3954} INFO - Setting next_dagrun for isr_pipeline to 2026-03-20 06:00:00+00:00, run_after=2026-03-21 06:00:00+00:00
[2026-03-21T14:20:42.324+0000] {processor.py:183} INFO - Processing /opt/airflow/dags/isr_pipeline.py took 0.118 seconds
[2026-03-21T14:21:12.428+0000] {processor.py:161} INFO - Started process (PID=215) to work on /opt/airflow/dags/isr_pipeline.py
[2026-03-21T14:21:12.430+0000] {processor.py:830} INFO - Processing file /opt/airflow/dags/isr_pipeline.py for tasks to queue
[2026-03-21T14:21:12.433+0000] {logging_mixin.py:188} INFO - [2026-03-21T14:21:12.432+0000] {dagbag.py:540} INFO - Filling up the DagBag from /opt/airflow/dags/isr_pipeline.py
[2026-03-21T14:21:12.449+0000] {processor.py:840} INFO - DAG(s) 'isr_pipeline' retrieved from /opt/airflow/dags/isr_pipeline.py
[2026-03-21T14:21:12.490+0000] {logging_mixin.py:188} INFO - [2026-03-21T14:21:12.490+0000] {dag.py:3096} INFO - Sync 1 DAGs
[2026-03-21T14:21:12.523+0000] {logging_mixin.py:188} INFO - [2026-03-21T14:21:12.522+0000] {dag.py:3954} INFO - Setting next_dagrun for isr_pipeline to 2026-03-20 06:00:00+00:00, run_after=2026-03-21 06:00:00+00:00
[2026-03-21T14:21:12.543+0000] {processor.py:183} INFO - Processing /opt/airflow/dags/isr_pipeline.py took 0.123 seconds
[2026-03-21T14:21:42.645+0000] {processor.py:161} INFO - Started process (PID=220) to work on /opt/airflow/dags/isr_pipeline.py
[2026-03-21T14:21:42.647+0000] {processor.py:830} INFO - Processing file /opt/airflow/dags/isr_pipeline.py for tasks to queue
[2026-03-21T14:21:42.650+0000] {logging_mixin.py:188} INFO - [2026-03-21T14:21:42.649+0000] {dagbag.py:540} INFO - Filling up the DagBag from /opt/airflow/dags/isr_pipeline.py
[2026-03-21T14:21:42.667+0000] {processor.py:840} INFO - DAG(s) 'isr_pipeline' retrieved from /opt/airflow/dags/isr_pipeline.py
[2026-03-21T14:21:42.708+0000] {logging_mixin.py:188} INFO - [2026-03-21T14:21:42.708+0000] {dag.py:3096} INFO - Sync 1 DAGs
[2026-03-21T14:21:42.737+0000] {logging_mixin.py:188} INFO - [2026-03-21T14:21:42.737+0000] {dag.py:3954} INFO - Setting next_dagrun for isr_pipeline to 2026-03-20 06:00:00+00:00, run_after=2026-03-21 06:00:00+00:00
[2026-03-21T14:21:42.758+0000] {processor.py:183} INFO - Processing /opt/airflow/dags/isr_pipeline.py took 0.120 seconds
[2026-03-21T14:22:12.857+0000] {processor.py:161} INFO - Started process (PID=225) to work on /opt/airflow/dags/isr_pipeline.py
[2026-03-21T14:22:12.859+0000] {processor.py:830} INFO - Processing file /opt/airflow/dags/isr_pipeline.py for tasks to queue
[2026-03-21T14:22:12.862+0000] {logging_mixin.py:188} INFO - [2026-03-21T14:22:12.862+0000] {dagbag.py:540} INFO - Filling up the DagBag from /opt/airflow/dags/isr_pipeline.py
[2026-03-21T14:22:12.881+0000] {processor.py:840} INFO - DAG(s) 'isr_pipeline' retrieved from /opt/airflow/dags/isr_pipeline.py
[2026-03-21T14:22:12.921+0000] {logging_mixin.py:188} INFO - [2026-03-21T14:22:12.920+0000] {dag.py:3096} INFO - Sync 1 DAGs
[2026-03-21T14:22:12.948+0000] {logging_mixin.py:188} INFO - [2026-03-21T14:22:12.947+0000] {dag.py:3954} INFO - Setting next_dagrun for isr_pipeline to 2026-03-20 06:00:00+00:00, run_after=2026-03-21 06:00:00+00:00
[2026-03-21T14:22:12.968+0000] {processor.py:183} INFO - Processing /opt/airflow/dags/isr_pipeline.py took 0.119 seconds
[2026-03-21T14:22:43.078+0000] {processor.py:161} INFO - Started process (PID=230) to work on /opt/airflow/dags/isr_pipeline.py
[2026-03-21T14:22:43.080+0000] {processor.py:830} INFO - Processing file /opt/airflow/dags/isr_pipeline.py for tasks to queue
[2026-03-21T14:22:43.082+0000] {logging_mixin.py:188} INFO - [2026-03-21T14:22:43.082+0000] {dagbag.py:540} INFO - Filling up the DagBag from /opt/airflow/dags/isr_pipeline.py
[2026-03-21T14:22:43.098+0000] {processor.py:840} INFO - DAG(s) 'isr_pipeline' retrieved from /opt/airflow/dags/isr_pipeline.py
[2026-03-21T14:22:43.136+0000] {logging_mixin.py:188} INFO - [2026-03-21T14:22:43.136+0000] {dag.py:3096} INFO - Sync 1 DAGs
[2026-03-21T14:22:43.163+0000] {logging_mixin.py:188} INFO - [2026-03-21T14:22:43.163+0000] {dag.py:3954} INFO - Setting next_dagrun for isr_pipeline to 2026-03-20 06:00:00+00:00, run_after=2026-03-21 06:00:00+00:00
[2026-03-21T14:22:43.184+0000] {processor.py:183} INFO - Processing /opt/airflow/dags/isr_pipeline.py took 0.113 seconds
[2026-03-21T14:23:13.287+0000] {processor.py:161} INFO - Started process (PID=235) to work on /opt/airflow/dags/isr_pipeline.py
[2026-03-21T14:23:13.289+0000] {processor.py:830} INFO - Processing file /opt/airflow/dags/isr_pipeline.py for tasks to queue
[2026-03-21T14:23:13.291+0000] {logging_mixin.py:188} INFO - [2026-03-21T14:23:13.291+0000] {dagbag.py:540} INFO - Filling up the DagBag from /opt/airflow/dags/isr_pipeline.py
[2026-03-21T14:23:13.309+0000] {processor.py:840} INFO - DAG(s) 'isr_pipeline' retrieved from /opt/airflow/dags/isr_pipeline.py
[2026-03-21T14:23:13.349+0000] {logging_mixin.py:188} INFO - [2026-03-21T14:23:13.349+0000] {dag.py:3096} INFO - Sync 1 DAGs
[2026-03-21T14:23:13.378+0000] {logging_mixin.py:188} INFO - [2026-03-21T14:23:13.378+0000] {dag.py:3954} INFO - Setting next_dagrun for isr_pipeline to 2026-03-20 06:00:00+00:00, run_after=2026-03-21 06:00:00+00:00
[2026-03-21T14:23:13.400+0000] {processor.py:183} INFO - Processing /opt/airflow/dags/isr_pipeline.py took 0.121 seconds
[2026-03-21T14:23:43.512+0000] {processor.py:161} INFO - Started process (PID=240) to work on /opt/airflow/dags/isr_pipeline.py
[2026-03-21T14:23:43.513+0000] {processor.py:830} INFO - Processing file /opt/airflow/dags/isr_pipeline.py for tasks to queue
[2026-03-21T14:23:43.516+0000] {logging_mixin.py:188} INFO - [2026-03-21T14:23:43.516+0000] {dagbag.py:540} INFO - Filling up the DagBag from /opt/airflow/dags/isr_pipeline.py
[2026-03-21T14:23:43.533+0000] {processor.py:840} INFO - DAG(s) 'isr_pipeline' retrieved from /opt/airflow/dags/isr_pipeline.py
[2026-03-21T14:23:43.577+0000] {logging_mixin.py:188} INFO - [2026-03-21T14:23:43.576+0000] {dag.py:3096} INFO - Sync 1 DAGs
[2026-03-21T14:23:43.611+0000] {logging_mixin.py:188} INFO - [2026-03-21T14:23:43.611+0000] {dag.py:3954} INFO - Setting next_dagrun for isr_pipeline to 2026-03-20 06:00:00+00:00, run_after=2026-03-21 06:00:00+00:00
[2026-03-21T14:23:43.635+0000] {processor.py:183} INFO - Processing /opt/airflow/dags/isr_pipeline.py took 0.135 seconds
[2026-03-21T14:24:13.765+0000] {processor.py:161} INFO - Started process (PID=245) to work on /opt/airflow/dags/isr_pipeline.py
[2026-03-21T14:24:13.767+0000] {processor.py:830} INFO - Processing file /opt/airflow/dags/isr_pipeline.py for tasks to queue
[2026-03-21T14:24:13.769+0000] {logging_mixin.py:188} INFO - [2026-03-21T14:24:13.769+0000] {dagbag.py:540} INFO - Filling up the DagBag from /opt/airflow/dags/isr_pipeline.py
[2026-03-21T14:24:13.785+0000] {processor.py:840} INFO - DAG(s) 'isr_pipeline' retrieved from /opt/airflow/dags/isr_pipeline.py
[2026-03-21T14:24:13.829+0000] {logging_mixin.py:188} INFO - [2026-03-21T14:24:13.829+0000] {dag.py:3096} INFO - Sync 1 DAGs
[2026-03-21T14:24:13.863+0000] {logging_mixin.py:188} INFO - [2026-03-21T14:24:13.863+0000] {dag.py:3954} INFO - Setting next_dagrun for isr_pipeline to 2026-03-20 06:00:00+00:00, run_after=2026-03-21 06:00:00+00:00
[2026-03-21T14:24:13.884+0000] {processor.py:183} INFO - Processing /opt/airflow/dags/isr_pipeline.py took 0.128 seconds
[2026-03-21T14:24:44.012+0000] {processor.py:161} INFO - Started process (PID=250) to work on /opt/airflow/dags/isr_pipeline.py
[2026-03-21T14:24:44.013+0000] {processor.py:830} INFO - Processing file /opt/airflow/dags/isr_pipeline.py for tasks to queue
[2026-03-21T14:24:44.016+0000] {logging_mixin.py:188} INFO - [2026-03-21T14:24:44.016+0000] {dagbag.py:540} INFO - Filling up the DagBag from /opt/airflow/dags/isr_pipeline.py
[2026-03-21T14:24:44.032+0000] {processor.py:840} INFO - DAG(s) 'isr_pipeline' retrieved from /opt/airflow/dags/isr_pipeline.py
[2026-03-21T14:24:44.073+0000] {logging_mixin.py:188} INFO - [2026-03-21T14:24:44.073+0000] {dag.py:3096} INFO - Sync 1 DAGs
[2026-03-21T14:24:44.103+0000] {logging_mixin.py:188} INFO - [2026-03-21T14:24:44.102+0000] {dag.py:3954} INFO - Setting next_dagrun for isr_pipeline to 2026-03-20 06:00:00+00:00, run_after=2026-03-21 06:00:00+00:00
[2026-03-21T14:24:44.124+0000] {processor.py:183} INFO - Processing /opt/airflow/dags/isr_pipeline.py took 0.124 seconds
[2026-03-21T14:25:14.250+0000] {processor.py:161} INFO - Started process (PID=255) to work on /opt/airflow/dags/isr_pipeline.py
[2026-03-21T14:25:14.251+0000] {processor.py:830} INFO - Processing file /opt/airflow/dags/isr_pipeline.py for tasks to queue
[2026-03-21T14:25:14.254+0000] {logging_mixin.py:188} INFO - [2026-03-21T14:25:14.254+0000] {dagbag.py:540} INFO - Filling up the DagBag from /opt/airflow/dags/isr_pipeline.py
[2026-03-21T14:25:14.275+0000] {processor.py:840} INFO - DAG(s) 'isr_pipeline' retrieved from /opt/airflow/dags/isr_pipeline.py
[2026-03-21T14:25:14.318+0000] {logging_mixin.py:188} INFO - [2026-03-21T14:25:14.318+0000] {dag.py:3096} INFO - Sync 1 DAGs
[2026-03-21T14:25:14.345+0000] {logging_mixin.py:188} INFO - [2026-03-21T14:25:14.345+0000] {dag.py:3954} INFO - Setting next_dagrun for isr_pipeline to 2026-03-20 06:00:00+00:00, run_after=2026-03-21 06:00:00+00:00
[2026-03-21T14:25:14.372+0000] {processor.py:183} INFO - Processing /opt/airflow/dags/isr_pipeline.py took 0.131 seconds
[2026-03-21T14:25:44.538+0000] {processor.py:161} INFO - Started process (PID=260) to work on /opt/airflow/dags/isr_pipeline.py
[2026-03-21T14:25:44.540+0000] {processor.py:830} INFO - Processing file /opt/airflow/dags/isr_pipeline.py for tasks to queue
[2026-03-21T14:25:44.543+0000] {logging_mixin.py:188} INFO - [2026-03-21T14:25:44.542+0000] {dagbag.py:540} INFO - Filling up the DagBag from /opt/airflow/dags/isr_pipeline.py
[2026-03-21T14:25:44.565+0000] {processor.py:840} INFO - DAG(s) 'isr_pipeline' retrieved from /opt/airflow/dags/isr_pipeline.py
[2026-03-21T14:25:44.614+0000] {logging_mixin.py:188} INFO - [2026-03-21T14:25:44.613+0000] {dag.py:3096} INFO - Sync 1 DAGs
[2026-03-21T14:25:44.654+0000] {logging_mixin.py:188} INFO - [2026-03-21T14:25:44.654+0000] {dag.py:3954} INFO - Setting next_dagrun for isr_pipeline to 2026-03-20 06:00:00+00:00, run_after=2026-03-21 06:00:00+00:00
[2026-03-21T14:25:44.685+0000] {processor.py:183} INFO - Processing /opt/airflow/dags/isr_pipeline.py took 0.157 seconds
[2026-03-21T14:26:05.626+0000] {processor.py:161} INFO - Started process (PID=265) to work on /opt/airflow/dags/isr_pipeline.py
[2026-03-21T14:26:05.628+0000] {processor.py:830} INFO - Processing file /opt/airflow/dags/isr_pipeline.py for tasks to queue
[2026-03-21T14:26:05.632+0000] {logging_mixin.py:188} INFO - [2026-03-21T14:26:05.631+0000] {dagbag.py:540} INFO - Filling up the DagBag from /opt/airflow/dags/isr_pipeline.py
[2026-03-21T14:26:05.656+0000] {processor.py:840} INFO - DAG(s) 'isr_pipeline' retrieved from /opt/airflow/dags/isr_pipeline.py
[2026-03-21T14:26:05.838+0000] {logging_mixin.py:188} INFO - [2026-03-21T14:26:05.838+0000] {dag.py:3096} INFO - Sync 1 DAGs
[2026-03-21T14:26:05.868+0000] {logging_mixin.py:188} INFO - [2026-03-21T14:26:05.867+0000] {dag.py:3954} INFO - Setting next_dagrun for isr_pipeline to 2026-03-20 06:00:00+00:00, run_after=2026-03-21 06:00:00+00:00
[2026-03-21T14:26:05.898+0000] {processor.py:183} INFO - Processing /opt/airflow/dags/isr_pipeline.py took 0.285 seconds
[2026-03-21T14:26:36.017+0000] {processor.py:161} INFO - Started process (PID=270) to work on /opt/airflow/dags/isr_pipeline.py
[2026-03-21T14:26:36.019+0000] {processor.py:830} INFO - Processing file /opt/airflow/dags/isr_pipeline.py for tasks to queue
[2026-03-21T14:26:36.023+0000] {logging_mixin.py:188} INFO - [2026-03-21T14:26:36.023+0000] {dagbag.py:540} INFO - Filling up the DagBag from /opt/airflow/dags/isr_pipeline.py
[2026-03-21T14:26:36.043+0000] {processor.py:840} INFO - DAG(s) 'isr_pipeline' retrieved from /opt/airflow/dags/isr_pipeline.py
[2026-03-21T14:26:36.086+0000] {logging_mixin.py:188} INFO - [2026-03-21T14:26:36.086+0000] {dag.py:3096} INFO - Sync 1 DAGs
[2026-03-21T14:26:36.114+0000] {logging_mixin.py:188} INFO - [2026-03-21T14:26:36.114+0000] {dag.py:3954} INFO - Setting next_dagrun for isr_pipeline to 2026-03-20 06:00:00+00:00, run_after=2026-03-21 06:00:00+00:00
[2026-03-21T14:26:36.142+0000] {processor.py:183} INFO - Processing /opt/airflow/dags/isr_pipeline.py took 0.135 seconds
[2026-03-21T14:27:06.256+0000] {processor.py:161} INFO - Started process (PID=275) to work on /opt/airflow/dags/isr_pipeline.py
[2026-03-21T14:27:06.259+0000] {processor.py:830} INFO - Processing file /opt/airflow/dags/isr_pipeline.py for tasks to queue
[2026-03-21T14:27:06.263+0000] {logging_mixin.py:188} INFO - [2026-03-21T14:27:06.262+0000] {dagbag.py:540} INFO - Filling up the DagBag from /opt/airflow/dags/isr_pipeline.py
[2026-03-21T14:27:06.289+0000] {processor.py:840} INFO - DAG(s) 'isr_pipeline' retrieved from /opt/airflow/dags/isr_pipeline.py
[2026-03-21T14:27:06.335+0000] {logging_mixin.py:188} INFO - [2026-03-21T14:27:06.334+0000] {dag.py:3096} INFO - Sync 1 DAGs
[2026-03-21T14:27:06.363+0000] {logging_mixin.py:188} INFO - [2026-03-21T14:27:06.363+0000] {dag.py:3954} INFO - Setting next_dagrun for isr_pipeline to 2026-03-20 06:00:00+00:00, run_after=2026-03-21 06:00:00+00:00
[2026-03-21T14:27:06.391+0000] {processor.py:183} INFO - Processing /opt/airflow/dags/isr_pipeline.py took 0.145 seconds
[2026-03-21T14:27:36.507+0000] {processor.py:161} INFO - Started process (PID=280) to work on /opt/airflow/dags/isr_pipeline.py
[2026-03-21T14:27:36.509+0000] {processor.py:830} INFO - Processing file /opt/airflow/dags/isr_pipeline.py for tasks to queue
[2026-03-21T14:27:36.511+0000] {logging_mixin.py:188} INFO - [2026-03-21T14:27:36.511+0000] {dagbag.py:540} INFO - Filling up the DagBag from /opt/airflow/dags/isr_pipeline.py
[2026-03-21T14:27:36.528+0000] {processor.py:840} INFO - DAG(s) 'isr_pipeline' retrieved from /opt/airflow/dags/isr_pipeline.py
[2026-03-21T14:27:36.567+0000] {logging_mixin.py:188} INFO - [2026-03-21T14:27:36.567+0000] {dag.py:3096} INFO - Sync 1 DAGs
[2026-03-21T14:27:36.596+0000] {logging_mixin.py:188} INFO - [2026-03-21T14:27:36.595+0000] {dag.py:3954} INFO - Setting next_dagrun for isr_pipeline to 2026-03-20 06:00:00+00:00, run_after=2026-03-21 06:00:00+00:00
[2026-03-21T14:27:36.616+0000] {processor.py:183} INFO - Processing /opt/airflow/dags/isr_pipeline.py took 0.117 seconds
[2026-03-21T14:28:06.728+0000] {processor.py:161} INFO - Started process (PID=285) to work on /opt/airflow/dags/isr_pipeline.py
[2026-03-21T14:28:06.729+0000] {processor.py:830} INFO - Processing file /opt/airflow/dags/isr_pipeline.py for tasks to queue
[2026-03-21T14:28:06.732+0000] {logging_mixin.py:188} INFO - [2026-03-21T14:28:06.731+0000] {dagbag.py:540} INFO - Filling up the DagBag from /opt/airflow/dags/isr_pipeline.py
[2026-03-21T14:28:06.749+0000] {processor.py:840} INFO - DAG(s) 'isr_pipeline' retrieved from /opt/airflow/dags/isr_pipeline.py
[2026-03-21T14:28:06.790+0000] {logging_mixin.py:188} INFO - [2026-03-21T14:28:06.790+0000] {dag.py:3096} INFO - Sync 1 DAGs
[2026-03-21T14:28:06.823+0000] {logging_mixin.py:188} INFO - [2026-03-21T14:28:06.823+0000] {dag.py:3954} INFO - Setting next_dagrun for isr_pipeline to 2026-03-20 06:00:00+00:00, run_after=2026-03-21 06:00:00+00:00
[2026-03-21T14:28:06.847+0000] {processor.py:183} INFO - Processing /opt/airflow/dags/isr_pipeline.py took 0.127 seconds
[2026-03-21T14:28:36.955+0000] {processor.py:161} INFO - Started process (PID=290) to work on /opt/airflow/dags/isr_pipeline.py
[2026-03-21T14:28:36.957+0000] {processor.py:830} INFO - Processing file /opt/airflow/dags/isr_pipeline.py for tasks to queue
[2026-03-21T14:28:36.959+0000] {logging_mixin.py:188} INFO - [2026-03-21T14:28:36.959+0000] {dagbag.py:540} INFO - Filling up the DagBag from /opt/airflow/dags/isr_pipeline.py
[2026-03-21T14:28:36.979+0000] {processor.py:840} INFO - DAG(s) 'isr_pipeline' retrieved from /opt/airflow/dags/isr_pipeline.py
[2026-03-21T14:28:37.017+0000] {logging_mixin.py:188} INFO - [2026-03-21T14:28:37.016+0000] {dag.py:3096} INFO - Sync 1 DAGs
[2026-03-21T14:28:37.045+0000] {logging_mixin.py:188} INFO - [2026-03-21T14:28:37.044+0000] {dag.py:3954} INFO - Setting next_dagrun for isr_pipeline to 2026-03-20 06:00:00+00:00, run_after=2026-03-21 06:00:00+00:00
[2026-03-21T14:28:37.064+0000] {processor.py:183} INFO - Processing /opt/airflow/dags/isr_pipeline.py took 0.116 seconds
[2026-03-21T14:29:07.178+0000] {processor.py:161} INFO - Started process (PID=295) to work on /opt/airflow/dags/isr_pipeline.py
[2026-03-21T14:29:07.180+0000] {processor.py:830} INFO - Processing file /opt/airflow/dags/isr_pipeline.py for tasks to queue
[2026-03-21T14:29:07.183+0000] {logging_mixin.py:188} INFO - [2026-03-21T14:29:07.182+0000] {dagbag.py:540} INFO - Filling up the DagBag from /opt/airflow/dags/isr_pipeline.py
[2026-03-21T14:29:07.200+0000] {processor.py:840} INFO - DAG(s) 'isr_pipeline' retrieved from /opt/airflow/dags/isr_pipeline.py
[2026-03-21T14:29:07.240+0000] {logging_mixin.py:188} INFO - [2026-03-21T14:29:07.240+0000] {dag.py:3096} INFO - Sync 1 DAGs
[2026-03-21T14:29:07.269+0000] {logging_mixin.py:188} INFO - [2026-03-21T14:29:07.269+0000] {dag.py:3954} INFO - Setting next_dagrun for isr_pipeline to 2026-03-20 06:00:00+00:00, run_after=2026-03-21 06:00:00+00:00
[2026-03-21T14:29:07.295+0000] {processor.py:183} INFO - Processing /opt/airflow/dags/isr_pipeline.py took 0.130 seconds
[2026-03-21T14:29:37.407+0000] {processor.py:161} INFO - Started process (PID=300) to work on /opt/airflow/dags/isr_pipeline.py
[2026-03-21T14:29:37.409+0000] {processor.py:830} INFO - Processing file /opt/airflow/dags/isr_pipeline.py for tasks to queue
[2026-03-21T14:29:37.411+0000] {logging_mixin.py:188} INFO - [2026-03-21T14:29:37.411+0000] {dagbag.py:540} INFO - Filling up the DagBag from /opt/airflow/dags/isr_pipeline.py
[2026-03-21T14:29:37.430+0000] {processor.py:840} INFO - DAG(s) 'isr_pipeline' retrieved from /opt/airflow/dags/isr_pipeline.py
[2026-03-21T14:29:37.473+0000] {logging_mixin.py:188} INFO - [2026-03-21T14:29:37.472+0000] {dag.py:3096} INFO - Sync 1 DAGs
[2026-03-21T14:29:37.503+0000] {logging_mixin.py:188} INFO - [2026-03-21T14:29:37.503+0000] {dag.py:3954} INFO - Setting next_dagrun for isr_pipeline to 2026-03-20 06:00:00+00:00, run_after=2026-03-21 06:00:00+00:00
[2026-03-21T14:29:37.526+0000] {processor.py:183} INFO - Processing /opt/airflow/dags/isr_pipeline.py took 0.127 seconds
[2026-03-21T14:30:07.641+0000] {processor.py:161} INFO - Started process (PID=311) to work on /opt/airflow/dags/isr_pipeline.py
[2026-03-21T14:30:07.643+0000] {processor.py:830} INFO - Processing file /opt/airflow/dags/isr_pipeline.py for tasks to queue
[2026-03-21T14:30:07.646+0000] {logging_mixin.py:188} INFO - [2026-03-21T14:30:07.645+0000] {dagbag.py:540} INFO - Filling up the DagBag from /opt/airflow/dags/isr_pipeline.py
[2026-03-21T14:30:07.663+0000] {processor.py:840} INFO - DAG(s) 'isr_pipeline' retrieved from /opt/airflow/dags/isr_pipeline.py
[2026-03-21T14:30:07.707+0000] {logging_mixin.py:188} INFO - [2026-03-21T14:30:07.707+0000] {dag.py:3096} INFO - Sync 1 DAGs
[2026-03-21T14:30:07.742+0000] {logging_mixin.py:188} INFO - [2026-03-21T14:30:07.742+0000] {dag.py:3954} INFO - Setting next_dagrun for isr_pipeline to 2026-03-20 06:00:00+00:00, run_after=2026-03-21 06:00:00+00:00
[2026-03-21T14:30:07.764+0000] {processor.py:183} INFO - Processing /opt/airflow/dags/isr_pipeline.py took 0.132 seconds
[2026-03-21T14:30:37.885+0000] {processor.py:161} INFO - Started process (PID=322) to work on /opt/airflow/dags/isr_pipeline.py
[2026-03-21T14:30:37.887+0000] {processor.py:830} INFO - Processing file /opt/airflow/dags/isr_pipeline.py for tasks to queue
[2026-03-21T14:30:37.890+0000] {logging_mixin.py:188} INFO - [2026-03-21T14:30:37.889+0000] {dagbag.py:540} INFO - Filling up the DagBag from /opt/airflow/dags/isr_pipeline.py
[2026-03-21T14:30:37.909+0000] {processor.py:840} INFO - DAG(s) 'isr_pipeline' retrieved from /opt/airflow/dags/isr_pipeline.py
[2026-03-21T14:30:37.954+0000] {logging_mixin.py:188} INFO - [2026-03-21T14:30:37.953+0000] {dag.py:3096} INFO - Sync 1 DAGs
[2026-03-21T14:30:37.987+0000] {logging_mixin.py:188} INFO - [2026-03-21T14:30:37.987+0000] {dag.py:3954} INFO - Setting next_dagrun for isr_pipeline to 2026-03-20 06:00:00+00:00, run_after=2026-03-21 06:00:00+00:00
[2026-03-21T14:30:38.006+0000] {processor.py:183} INFO - Processing /opt/airflow/dags/isr_pipeline.py took 0.136 seconds
[2026-03-21T14:31:08.182+0000] {processor.py:161} INFO - Started process (PID=327) to work on /opt/airflow/dags/isr_pipeline.py
[2026-03-21T14:31:08.184+0000] {processor.py:830} INFO - Processing file /opt/airflow/dags/isr_pipeline.py for tasks to queue
[2026-03-21T14:31:08.187+0000] {logging_mixin.py:188} INFO - [2026-03-21T14:31:08.186+0000] {dagbag.py:540} INFO - Filling up the DagBag from /opt/airflow/dags/isr_pipeline.py
[2026-03-21T14:31:08.204+0000] {processor.py:840} INFO - DAG(s) 'isr_pipeline' retrieved from /opt/airflow/dags/isr_pipeline.py
[2026-03-21T14:31:08.243+0000] {logging_mixin.py:188} INFO - [2026-03-21T14:31:08.243+0000] {dag.py:3096} INFO - Sync 1 DAGs
[2026-03-21T14:31:08.271+0000] {logging_mixin.py:188} INFO - [2026-03-21T14:31:08.271+0000] {dag.py:3954} INFO - Setting next_dagrun for isr_pipeline to 2026-03-20 06:00:00+00:00, run_after=2026-03-21 06:00:00+00:00
[2026-03-21T14:31:08.293+0000] {processor.py:183} INFO - Processing /opt/airflow/dags/isr_pipeline.py took 0.119 seconds
[2026-03-21T14:31:38.411+0000] {processor.py:161} INFO - Started process (PID=332) to work on /opt/airflow/dags/isr_pipeline.py
[2026-03-21T14:31:38.412+0000] {processor.py:830} INFO - Processing file /opt/airflow/dags/isr_pipeline.py for tasks to queue
[2026-03-21T14:31:38.415+0000] {logging_mixin.py:188} INFO - [2026-03-21T14:31:38.414+0000] {dagbag.py:540} INFO - Filling up the DagBag from /opt/airflow/dags/isr_pipeline.py
[2026-03-21T14:31:38.435+0000] {processor.py:840} INFO - DAG(s) 'isr_pipeline' retrieved from /opt/airflow/dags/isr_pipeline.py
[2026-03-21T14:31:38.478+0000] {logging_mixin.py:188} INFO - [2026-03-21T14:31:38.477+0000] {dag.py:3096} INFO - Sync 1 DAGs
[2026-03-21T14:31:38.509+0000] {logging_mixin.py:188} INFO - [2026-03-21T14:31:38.509+0000] {dag.py:3954} INFO - Setting next_dagrun for isr_pipeline to 2026-03-20 06:00:00+00:00, run_after=2026-03-21 06:00:00+00:00
[2026-03-21T14:31:38.535+0000] {processor.py:183} INFO - Processing /opt/airflow/dags/isr_pipeline.py took 0.132 seconds
[2026-03-21T14:32:08.674+0000] {processor.py:161} INFO - Started process (PID=337) to work on /opt/airflow/dags/isr_pipeline.py
[2026-03-21T14:32:08.676+0000] {processor.py:830} INFO - Processing file /opt/airflow/dags/isr_pipeline.py for tasks to queue
[2026-03-21T14:32:08.680+0000] {logging_mixin.py:188} INFO - [2026-03-21T14:32:08.680+0000] {dagbag.py:540} INFO - Filling up the DagBag from /opt/airflow/dags/isr_pipeline.py
[2026-03-21T14:32:08.700+0000] {processor.py:840} INFO - DAG(s) 'isr_pipeline' retrieved from /opt/airflow/dags/isr_pipeline.py
[2026-03-21T14:32:08.749+0000] {logging_mixin.py:188} INFO - [2026-03-21T14:32:08.749+0000] {dag.py:3096} INFO - Sync 1 DAGs
[2026-03-21T14:32:08.787+0000] {logging_mixin.py:188} INFO - [2026-03-21T14:32:08.786+0000] {dag.py:3954} INFO - Setting next_dagrun for isr_pipeline to 2026-03-20 06:00:00+00:00, run_after=2026-03-21 06:00:00+00:00
[2026-03-21T14:32:08.809+0000] {processor.py:183} INFO - Processing /opt/airflow/dags/isr_pipeline.py took 0.147 seconds
[2026-03-21T14:32:38.931+0000] {processor.py:161} INFO - Started process (PID=355) to work on /opt/airflow/dags/isr_pipeline.py
[2026-03-21T14:32:38.933+0000] {processor.py:830} INFO - Processing file /opt/airflow/dags/isr_pipeline.py for tasks to queue
[2026-03-21T14:32:38.936+0000] {logging_mixin.py:188} INFO - [2026-03-21T14:32:38.935+0000] {dagbag.py:540} INFO - Filling up the DagBag from /opt/airflow/dags/isr_pipeline.py
[2026-03-21T14:32:38.953+0000] {processor.py:840} INFO - DAG(s) 'isr_pipeline' retrieved from /opt/airflow/dags/isr_pipeline.py
[2026-03-21T14:32:39.001+0000] {logging_mixin.py:188} INFO - [2026-03-21T14:32:39.000+0000] {dag.py:3096} INFO - Sync 1 DAGs
[2026-03-21T14:32:39.035+0000] {logging_mixin.py:188} INFO - [2026-03-21T14:32:39.035+0000] {dag.py:3954} INFO - Setting next_dagrun for isr_pipeline to 2026-03-20 06:00:00+00:00, run_after=2026-03-21 06:00:00+00:00
[2026-03-21T14:32:39.057+0000] {processor.py:183} INFO - Processing /opt/airflow/dags/isr_pipeline.py took 0.140 seconds
[2026-03-21T14:33:09.210+0000] {processor.py:161} INFO - Started process (PID=366) to work on /opt/airflow/dags/isr_pipeline.py
[2026-03-21T14:33:09.211+0000] {processor.py:830} INFO - Processing file /opt/airflow/dags/isr_pipeline.py for tasks to queue
[2026-03-21T14:33:09.214+0000] {logging_mixin.py:188} INFO - [2026-03-21T14:33:09.214+0000] {dagbag.py:540} INFO - Filling up the DagBag from /opt/airflow/dags/isr_pipeline.py
[2026-03-21T14:33:09.236+0000] {processor.py:840} INFO - DAG(s) 'isr_pipeline' retrieved from /opt/airflow/dags/isr_pipeline.py
[2026-03-21T14:33:09.281+0000] {logging_mixin.py:188} INFO - [2026-03-21T14:33:09.280+0000] {dag.py:3096} INFO - Sync 1 DAGs
[2026-03-21T14:33:09.315+0000] {logging_mixin.py:188} INFO - [2026-03-21T14:33:09.315+0000] {dag.py:3954} INFO - Setting next_dagrun for isr_pipeline to 2026-03-20 06:00:00+00:00, run_after=2026-03-21 06:00:00+00:00
[2026-03-21T14:33:09.346+0000] {processor.py:183} INFO - Processing /opt/airflow/dags/isr_pipeline.py took 0.146 seconds
[2026-03-21T14:33:39.497+0000] {processor.py:161} INFO - Started process (PID=409) to work on /opt/airflow/dags/isr_pipeline.py
[2026-03-21T14:33:39.499+0000] {processor.py:830} INFO - Processing file /opt/airflow/dags/isr_pipeline.py for tasks to queue
[2026-03-21T14:33:39.503+0000] {logging_mixin.py:188} INFO - [2026-03-21T14:33:39.502+0000] {dagbag.py:540} INFO - Filling up the DagBag from /opt/airflow/dags/isr_pipeline.py
[2026-03-21T14:33:39.531+0000] {processor.py:840} INFO - DAG(s) 'isr_pipeline' retrieved from /opt/airflow/dags/isr_pipeline.py
[2026-03-21T14:33:39.619+0000] {logging_mixin.py:188} INFO - [2026-03-21T14:33:39.618+0000] {dag.py:3096} INFO - Sync 1 DAGs
[2026-03-21T14:33:39.693+0000] {processor.py:183} INFO - Processing /opt/airflow/dags/isr_pipeline.py took 0.206 seconds
[2026-03-21T14:34:09.815+0000] {processor.py:161} INFO - Started process (PID=414) to work on /opt/airflow/dags/isr_pipeline.py
[2026-03-21T14:34:09.817+0000] {processor.py:830} INFO - Processing file /opt/airflow/dags/isr_pipeline.py for tasks to queue
[2026-03-21T14:34:09.820+0000] {logging_mixin.py:188} INFO - [2026-03-21T14:34:09.819+0000] {dagbag.py:540} INFO - Filling up the DagBag from /opt/airflow/dags/isr_pipeline.py
[2026-03-21T14:34:09.843+0000] {processor.py:840} INFO - DAG(s) 'isr_pipeline' retrieved from /opt/airflow/dags/isr_pipeline.py
[2026-03-21T14:34:09.892+0000] {logging_mixin.py:188} INFO - [2026-03-21T14:34:09.892+0000] {dag.py:3096} INFO - Sync 1 DAGs
[2026-03-21T14:34:09.949+0000] {processor.py:183} INFO - Processing /opt/airflow/dags/isr_pipeline.py took 0.143 seconds
[2026-03-21T14:34:40.093+0000] {processor.py:161} INFO - Started process (PID=419) to work on /opt/airflow/dags/isr_pipeline.py
[2026-03-21T14:34:40.096+0000] {processor.py:830} INFO - Processing file /opt/airflow/dags/isr_pipeline.py for tasks to queue
[2026-03-21T14:34:40.100+0000] {logging_mixin.py:188} INFO - [2026-03-21T14:34:40.099+0000] {dagbag.py:540} INFO - Filling up the DagBag from /opt/airflow/dags/isr_pipeline.py
[2026-03-21T14:34:40.128+0000] {processor.py:840} INFO - DAG(s) 'isr_pipeline' retrieved from /opt/airflow/dags/isr_pipeline.py
[2026-03-21T14:34:40.195+0000] {logging_mixin.py:188} INFO - [2026-03-21T14:34:40.195+0000] {dag.py:3096} INFO - Sync 1 DAGs
[2026-03-21T14:34:40.299+0000] {processor.py:183} INFO - Processing /opt/airflow/dags/isr_pipeline.py took 0.221 seconds
[2026-03-21T14:35:10.462+0000] {processor.py:161} INFO - Started process (PID=424) to work on /opt/airflow/dags/isr_pipeline.py
[2026-03-21T14:35:10.465+0000] {processor.py:830} INFO - Processing file /opt/airflow/dags/isr_pipeline.py for tasks to queue
[2026-03-21T14:35:10.469+0000] {logging_mixin.py:188} INFO - [2026-03-21T14:35:10.468+0000] {dagbag.py:540} INFO - Filling up the DagBag from /opt/airflow/dags/isr_pipeline.py
[2026-03-21T14:35:10.498+0000] {processor.py:840} INFO - DAG(s) 'isr_pipeline' retrieved from /opt/airflow/dags/isr_pipeline.py
[2026-03-21T14:35:10.560+0000] {logging_mixin.py:188} INFO - [2026-03-21T14:35:10.560+0000] {dag.py:3096} INFO - Sync 1 DAGs
[2026-03-21T14:35:10.636+0000] {processor.py:183} INFO - Processing /opt/airflow/dags/isr_pipeline.py took 0.185 seconds
[2026-03-21T14:35:40.794+0000] {processor.py:161} INFO - Started process (PID=429) to work on /opt/airflow/dags/isr_pipeline.py
[2026-03-21T14:35:40.796+0000] {processor.py:830} INFO - Processing file /opt/airflow/dags/isr_pipeline.py for tasks to queue
[2026-03-21T14:35:40.799+0000] {logging_mixin.py:188} INFO - [2026-03-21T14:35:40.799+0000] {dagbag.py:540} INFO - Filling up the DagBag from /opt/airflow/dags/isr_pipeline.py
[2026-03-21T14:35:40.820+0000] {processor.py:840} INFO - DAG(s) 'isr_pipeline' retrieved from /opt/airflow/dags/isr_pipeline.py
[2026-03-21T14:35:40.872+0000] {logging_mixin.py:188} INFO - [2026-03-21T14:35:40.871+0000] {dag.py:3096} INFO - Sync 1 DAGs
[2026-03-21T14:35:40.938+0000] {processor.py:183} INFO - Processing /opt/airflow/dags/isr_pipeline.py took 0.154 seconds
[2026-03-21T14:36:11.091+0000] {processor.py:161} INFO - Started process (PID=434) to work on /opt/airflow/dags/isr_pipeline.py
[2026-03-21T14:36:11.093+0000] {processor.py:830} INFO - Processing file /opt/airflow/dags/isr_pipeline.py for tasks to queue
[2026-03-21T14:36:11.097+0000] {logging_mixin.py:188} INFO - [2026-03-21T14:36:11.096+0000] {dagbag.py:540} INFO - Filling up the DagBag from /opt/airflow/dags/isr_pipeline.py
[2026-03-21T14:36:11.117+0000] {processor.py:840} INFO - DAG(s) 'isr_pipeline' retrieved from /opt/airflow/dags/isr_pipeline.py
[2026-03-21T14:36:11.168+0000] {logging_mixin.py:188} INFO - [2026-03-21T14:36:11.168+0000] {dag.py:3096} INFO - Sync 1 DAGs
[2026-03-21T14:36:11.234+0000] {processor.py:183} INFO - Processing /opt/airflow/dags/isr_pipeline.py took 0.154 seconds
[2026-03-21T14:36:41.365+0000] {processor.py:161} INFO - Started process (PID=439) to work on /opt/airflow/dags/isr_pipeline.py
[2026-03-21T14:36:41.367+0000] {processor.py:830} INFO - Processing file /opt/airflow/dags/isr_pipeline.py for tasks to queue
[2026-03-21T14:36:41.370+0000] {logging_mixin.py:188} INFO - [2026-03-21T14:36:41.370+0000] {dagbag.py:540} INFO - Filling up the DagBag from /opt/airflow/dags/isr_pipeline.py
[2026-03-21T14:36:41.397+0000] {processor.py:840} INFO - DAG(s) 'isr_pipeline' retrieved from /opt/airflow/dags/isr_pipeline.py
[2026-03-21T14:36:41.471+0000] {logging_mixin.py:188} INFO - [2026-03-21T14:36:41.470+0000] {dag.py:3096} INFO - Sync 1 DAGs
[2026-03-21T14:36:41.546+0000] {processor.py:183} INFO - Processing /opt/airflow/dags/isr_pipeline.py took 0.190 seconds
[2026-03-21T14:37:11.707+0000] {processor.py:161} INFO - Started process (PID=444) to work on /opt/airflow/dags/isr_pipeline.py
[2026-03-21T14:37:11.709+0000] {processor.py:830} INFO - Processing file /opt/airflow/dags/isr_pipeline.py for tasks to queue
[2026-03-21T14:37:11.712+0000] {logging_mixin.py:188} INFO - [2026-03-21T14:37:11.712+0000] {dagbag.py:540} INFO - Filling up the DagBag from /opt/airflow/dags/isr_pipeline.py
[2026-03-21T14:37:11.737+0000] {processor.py:840} INFO - DAG(s) 'isr_pipeline' retrieved from /opt/airflow/dags/isr_pipeline.py
[2026-03-21T14:37:11.795+0000] {logging_mixin.py:188} INFO - [2026-03-21T14:37:11.794+0000] {dag.py:3096} INFO - Sync 1 DAGs
[2026-03-21T14:37:11.855+0000] {processor.py:183} INFO - Processing /opt/airflow/dags/isr_pipeline.py took 0.157 seconds
[2026-03-21T14:37:41.973+0000] {processor.py:161} INFO - Started process (PID=449) to work on /opt/airflow/dags/isr_pipeline.py
[2026-03-21T14:37:41.974+0000] {processor.py:830} INFO - Processing file /opt/airflow/dags/isr_pipeline.py for tasks to queue
[2026-03-21T14:37:41.979+0000] {logging_mixin.py:188} INFO - [2026-03-21T14:37:41.978+0000] {dagbag.py:540} INFO - Filling up the DagBag from /opt/airflow/dags/isr_pipeline.py
[2026-03-21T14:37:42.004+0000] {processor.py:840} INFO - DAG(s) 'isr_pipeline' retrieved from /opt/airflow/dags/isr_pipeline.py
[2026-03-21T14:37:42.054+0000] {logging_mixin.py:188} INFO - [2026-03-21T14:37:42.053+0000] {dag.py:3096} INFO - Sync 1 DAGs
[2026-03-21T14:37:42.108+0000] {processor.py:183} INFO - Processing /opt/airflow/dags/isr_pipeline.py took 0.144 seconds
[2026-03-21T14:38:12.229+0000] {processor.py:161} INFO - Started process (PID=454) to work on /opt/airflow/dags/isr_pipeline.py
[2026-03-21T14:38:12.232+0000] {processor.py:830} INFO - Processing file /opt/airflow/dags/isr_pipeline.py for tasks to queue
[2026-03-21T14:38:12.235+0000] {logging_mixin.py:188} INFO - [2026-03-21T14:38:12.235+0000] {dagbag.py:540} INFO - Filling up the DagBag from /opt/airflow/dags/isr_pipeline.py
[2026-03-21T14:38:12.255+0000] {processor.py:840} INFO - DAG(s) 'isr_pipeline' retrieved from /opt/airflow/dags/isr_pipeline.py
[2026-03-21T14:38:12.309+0000] {logging_mixin.py:188} INFO - [2026-03-21T14:38:12.309+0000] {dag.py:3096} INFO - Sync 1 DAGs
[2026-03-21T14:38:12.372+0000] {processor.py:183} INFO - Processing /opt/airflow/dags/isr_pipeline.py took 0.153 seconds
[2026-03-21T14:38:42.498+0000] {processor.py:161} INFO - Started process (PID=459) to work on /opt/airflow/dags/isr_pipeline.py
[2026-03-21T14:38:42.500+0000] {processor.py:830} INFO - Processing file /opt/airflow/dags/isr_pipeline.py for tasks to queue
[2026-03-21T14:38:42.503+0000] {logging_mixin.py:188} INFO - [2026-03-21T14:38:42.503+0000] {dagbag.py:540} INFO - Filling up the DagBag from /opt/airflow/dags/isr_pipeline.py
[2026-03-21T14:38:42.524+0000] {processor.py:840} INFO - DAG(s) 'isr_pipeline' retrieved from /opt/airflow/dags/isr_pipeline.py
[2026-03-21T14:38:42.573+0000] {logging_mixin.py:188} INFO - [2026-03-21T14:38:42.573+0000] {dag.py:3096} INFO - Sync 1 DAGs
[2026-03-21T14:38:42.640+0000] {processor.py:183} INFO - Processing /opt/airflow/dags/isr_pipeline.py took 0.151 seconds
[2026-03-21T14:39:12.759+0000] {processor.py:161} INFO - Started process (PID=464) to work on /opt/airflow/dags/isr_pipeline.py
[2026-03-21T14:39:12.761+0000] {processor.py:830} INFO - Processing file /opt/airflow/dags/isr_pipeline.py for tasks to queue
[2026-03-21T14:39:12.764+0000] {logging_mixin.py:188} INFO - [2026-03-21T14:39:12.763+0000] {dagbag.py:540} INFO - Filling up the DagBag from /opt/airflow/dags/isr_pipeline.py
[2026-03-21T14:39:12.788+0000] {processor.py:840} INFO - DAG(s) 'isr_pipeline' retrieved from /opt/airflow/dags/isr_pipeline.py
[2026-03-21T14:39:12.840+0000] {logging_mixin.py:188} INFO - [2026-03-21T14:39:12.840+0000] {dag.py:3096} INFO - Sync 1 DAGs
[2026-03-21T14:39:12.902+0000] {processor.py:183} INFO - Processing /opt/airflow/dags/isr_pipeline.py took 0.152 seconds
[2026-03-21T14:39:43.024+0000] {processor.py:161} INFO - Started process (PID=482) to work on /opt/airflow/dags/isr_pipeline.py
[2026-03-21T14:39:43.026+0000] {processor.py:830} INFO - Processing file /opt/airflow/dags/isr_pipeline.py for tasks to queue
[2026-03-21T14:39:43.029+0000] {logging_mixin.py:188} INFO - [2026-03-21T14:39:43.029+0000] {dagbag.py:540} INFO - Filling up the DagBag from /opt/airflow/dags/isr_pipeline.py
[2026-03-21T14:39:43.052+0000] {processor.py:840} INFO - DAG(s) 'isr_pipeline' retrieved from /opt/airflow/dags/isr_pipeline.py
[2026-03-21T14:39:43.096+0000] {logging_mixin.py:188} INFO - [2026-03-21T14:39:43.096+0000] {dag.py:3096} INFO - Sync 1 DAGs
[2026-03-21T14:39:43.154+0000] {processor.py:183} INFO - Processing /opt/airflow/dags/isr_pipeline.py took 0.138 seconds
[2026-03-21T14:40:13.275+0000] {processor.py:161} INFO - Started process (PID=487) to work on /opt/airflow/dags/isr_pipeline.py
[2026-03-21T14:40:13.276+0000] {processor.py:830} INFO - Processing file /opt/airflow/dags/isr_pipeline.py for tasks to queue
[2026-03-21T14:40:13.281+0000] {logging_mixin.py:188} INFO - [2026-03-21T14:40:13.280+0000] {dagbag.py:540} INFO - Filling up the DagBag from /opt/airflow/dags/isr_pipeline.py
[2026-03-21T14:40:13.305+0000] {processor.py:840} INFO - DAG(s) 'isr_pipeline' retrieved from /opt/airflow/dags/isr_pipeline.py
[2026-03-21T14:40:13.355+0000] {logging_mixin.py:188} INFO - [2026-03-21T14:40:13.354+0000] {dag.py:3096} INFO - Sync 1 DAGs
[2026-03-21T14:40:13.419+0000] {processor.py:183} INFO - Processing /opt/airflow/dags/isr_pipeline.py took 0.155 seconds
[2026-03-21T14:40:43.601+0000] {processor.py:161} INFO - Started process (PID=492) to work on /opt/airflow/dags/isr_pipeline.py
[2026-03-21T14:40:43.603+0000] {processor.py:830} INFO - Processing file /opt/airflow/dags/isr_pipeline.py for tasks to queue
[2026-03-21T14:40:43.607+0000] {logging_mixin.py:188} INFO - [2026-03-21T14:40:43.606+0000] {dagbag.py:540} INFO - Filling up the DagBag from /opt/airflow/dags/isr_pipeline.py
[2026-03-21T14:40:43.627+0000] {processor.py:840} INFO - DAG(s) 'isr_pipeline' retrieved from /opt/airflow/dags/isr_pipeline.py
[2026-03-21T14:40:43.690+0000] {logging_mixin.py:188} INFO - [2026-03-21T14:40:43.690+0000] {dag.py:3096} INFO - Sync 1 DAGs
[2026-03-21T14:40:43.759+0000] {processor.py:183} INFO - Processing /opt/airflow/dags/isr_pipeline.py took 0.170 seconds
[2026-03-21T14:41:13.868+0000] {processor.py:161} INFO - Started process (PID=497) to work on /opt/airflow/dags/isr_pipeline.py
[2026-03-21T14:41:13.871+0000] {processor.py:830} INFO - Processing file /opt/airflow/dags/isr_pipeline.py for tasks to queue
[2026-03-21T14:41:13.876+0000] {logging_mixin.py:188} INFO - [2026-03-21T14:41:13.875+0000] {dagbag.py:540} INFO - Filling up the DagBag from /opt/airflow/dags/isr_pipeline.py
[2026-03-21T14:41:13.899+0000] {processor.py:840} INFO - DAG(s) 'isr_pipeline' retrieved from /opt/airflow/dags/isr_pipeline.py
[2026-03-21T14:41:13.947+0000] {logging_mixin.py:188} INFO - [2026-03-21T14:41:13.947+0000] {dag.py:3096} INFO - Sync 1 DAGs
[2026-03-21T14:41:14.007+0000] {processor.py:183} INFO - Processing /opt/airflow/dags/isr_pipeline.py took 0.150 seconds
[2026-03-21T14:41:44.130+0000] {processor.py:161} INFO - Started process (PID=502) to work on /opt/airflow/dags/isr_pipeline.py
[2026-03-21T14:41:44.132+0000] {processor.py:830} INFO - Processing file /opt/airflow/dags/isr_pipeline.py for tasks to queue
[2026-03-21T14:41:44.135+0000] {logging_mixin.py:188} INFO - [2026-03-21T14:41:44.134+0000] {dagbag.py:540} INFO - Filling up the DagBag from /opt/airflow/dags/isr_pipeline.py
[2026-03-21T14:41:44.153+0000] {processor.py:840} INFO - DAG(s) 'isr_pipeline' retrieved from /opt/airflow/dags/isr_pipeline.py
[2026-03-21T14:41:44.212+0000] {logging_mixin.py:188} INFO - [2026-03-21T14:41:44.211+0000] {dag.py:3096} INFO - Sync 1 DAGs
[2026-03-21T14:41:44.277+0000] {processor.py:183} INFO - Processing /opt/airflow/dags/isr_pipeline.py took 0.160 seconds
[2026-03-21T14:42:14.405+0000] {processor.py:161} INFO - Started process (PID=507) to work on /opt/airflow/dags/isr_pipeline.py
[2026-03-21T14:42:14.407+0000] {processor.py:830} INFO - Processing file /opt/airflow/dags/isr_pipeline.py for tasks to queue
[2026-03-21T14:42:14.412+0000] {logging_mixin.py:188} INFO - [2026-03-21T14:42:14.411+0000] {dagbag.py:540} INFO - Filling up the DagBag from /opt/airflow/dags/isr_pipeline.py
[2026-03-21T14:42:14.438+0000] {processor.py:840} INFO - DAG(s) 'isr_pipeline' retrieved from /opt/airflow/dags/isr_pipeline.py
[2026-03-21T14:42:14.487+0000] {logging_mixin.py:188} INFO - [2026-03-21T14:42:14.487+0000] {dag.py:3096} INFO - Sync 1 DAGs
[2026-03-21T14:42:14.542+0000] {processor.py:183} INFO - Processing /opt/airflow/dags/isr_pipeline.py took 0.148 seconds
[2026-03-21T14:42:44.677+0000] {processor.py:161} INFO - Started process (PID=546) to work on /opt/airflow/dags/isr_pipeline.py
[2026-03-21T14:42:44.679+0000] {processor.py:830} INFO - Processing file /opt/airflow/dags/isr_pipeline.py for tasks to queue
[2026-03-21T14:42:44.683+0000] {logging_mixin.py:188} INFO - [2026-03-21T14:42:44.682+0000] {dagbag.py:540} INFO - Filling up the DagBag from /opt/airflow/dags/isr_pipeline.py
[2026-03-21T14:42:44.703+0000] {processor.py:840} INFO - DAG(s) 'isr_pipeline' retrieved from /opt/airflow/dags/isr_pipeline.py
[2026-03-21T14:42:44.760+0000] {logging_mixin.py:188} INFO - [2026-03-21T14:42:44.760+0000] {dag.py:3096} INFO - Sync 1 DAGs
[2026-03-21T14:42:44.827+0000] {processor.py:183} INFO - Processing /opt/airflow/dags/isr_pipeline.py took 0.162 seconds
[2026-03-21T14:43:15.037+0000] {processor.py:161} INFO - Started process (PID=551) to work on /opt/airflow/dags/isr_pipeline.py
[2026-03-21T14:43:15.041+0000] {processor.py:830} INFO - Processing file /opt/airflow/dags/isr_pipeline.py for tasks to queue
[2026-03-21T14:43:15.045+0000] {logging_mixin.py:188} INFO - [2026-03-21T14:43:15.045+0000] {dagbag.py:540} INFO - Filling up the DagBag from /opt/airflow/dags/isr_pipeline.py
[2026-03-21T14:43:15.076+0000] {processor.py:840} INFO - DAG(s) 'isr_pipeline' retrieved from /opt/airflow/dags/isr_pipeline.py
[2026-03-21T14:43:15.146+0000] {logging_mixin.py:188} INFO - [2026-03-21T14:43:15.146+0000] {dag.py:3096} INFO - Sync 1 DAGs
[2026-03-21T14:43:15.234+0000] {processor.py:183} INFO - Processing /opt/airflow/dags/isr_pipeline.py took 0.224 seconds
[2026-03-21T14:43:45.402+0000] {processor.py:161} INFO - Started process (PID=556) to work on /opt/airflow/dags/isr_pipeline.py
[2026-03-21T14:43:45.406+0000] {processor.py:830} INFO - Processing file /opt/airflow/dags/isr_pipeline.py for tasks to queue
[2026-03-21T14:43:45.413+0000] {logging_mixin.py:188} INFO - [2026-03-21T14:43:45.412+0000] {dagbag.py:540} INFO - Filling up the DagBag from /opt/airflow/dags/isr_pipeline.py
[2026-03-21T14:43:45.448+0000] {processor.py:840} INFO - DAG(s) 'isr_pipeline' retrieved from /opt/airflow/dags/isr_pipeline.py
[2026-03-21T14:43:45.531+0000] {logging_mixin.py:188} INFO - [2026-03-21T14:43:45.531+0000] {dag.py:3096} INFO - Sync 1 DAGs
[2026-03-21T14:43:45.633+0000] {processor.py:183} INFO - Processing /opt/airflow/dags/isr_pipeline.py took 0.245 seconds
[2026-03-21T14:44:15.774+0000] {processor.py:161} INFO - Started process (PID=561) to work on /opt/airflow/dags/isr_pipeline.py
[2026-03-21T14:44:15.775+0000] {processor.py:830} INFO - Processing file /opt/airflow/dags/isr_pipeline.py for tasks to queue
[2026-03-21T14:44:15.778+0000] {logging_mixin.py:188} INFO - [2026-03-21T14:44:15.778+0000] {dagbag.py:540} INFO - Filling up the DagBag from /opt/airflow/dags/isr_pipeline.py
[2026-03-21T14:44:15.796+0000] {processor.py:840} INFO - DAG(s) 'isr_pipeline' retrieved from /opt/airflow/dags/isr_pipeline.py
[2026-03-21T14:44:15.836+0000] {logging_mixin.py:188} INFO - [2026-03-21T14:44:15.836+0000] {dag.py:3096} INFO - Sync 1 DAGs
[2026-03-21T14:44:15.885+0000] {processor.py:183} INFO - Processing /opt/airflow/dags/isr_pipeline.py took 0.120 seconds
[2026-03-21T14:44:45.989+0000] {processor.py:161} INFO - Started process (PID=578) to work on /opt/airflow/dags/isr_pipeline.py
[2026-03-21T14:44:45.990+0000] {processor.py:830} INFO - Processing file /opt/airflow/dags/isr_pipeline.py for tasks to queue
[2026-03-21T14:44:45.993+0000] {logging_mixin.py:188} INFO - [2026-03-21T14:44:45.993+0000] {dagbag.py:540} INFO - Filling up the DagBag from /opt/airflow/dags/isr_pipeline.py
[2026-03-21T14:44:46.013+0000] {processor.py:840} INFO - DAG(s) 'isr_pipeline' retrieved from /opt/airflow/dags/isr_pipeline.py
[2026-03-21T14:44:46.054+0000] {logging_mixin.py:188} INFO - [2026-03-21T14:44:46.054+0000] {dag.py:3096} INFO - Sync 1 DAGs
[2026-03-21T14:44:46.099+0000] {processor.py:183} INFO - Processing /opt/airflow/dags/isr_pipeline.py took 0.119 seconds
[2026-03-21T14:45:16.214+0000] {processor.py:161} INFO - Started process (PID=589) to work on /opt/airflow/dags/isr_pipeline.py
[2026-03-21T14:45:16.217+0000] {processor.py:830} INFO - Processing file /opt/airflow/dags/isr_pipeline.py for tasks to queue
[2026-03-21T14:45:16.220+0000] {logging_mixin.py:188} INFO - [2026-03-21T14:45:16.220+0000] {dagbag.py:540} INFO - Filling up the DagBag from /opt/airflow/dags/isr_pipeline.py
[2026-03-21T14:45:16.240+0000] {processor.py:840} INFO - DAG(s) 'isr_pipeline' retrieved from /opt/airflow/dags/isr_pipeline.py
[2026-03-21T14:45:16.282+0000] {logging_mixin.py:188} INFO - [2026-03-21T14:45:16.281+0000] {dag.py:3096} INFO - Sync 1 DAGs
[2026-03-21T14:45:16.330+0000] {processor.py:183} INFO - Processing /opt/airflow/dags/isr_pipeline.py took 0.124 seconds
[2026-03-21T14:45:46.502+0000] {processor.py:161} INFO - Started process (PID=600) to work on /opt/airflow/dags/isr_pipeline.py
[2026-03-21T14:45:46.504+0000] {processor.py:830} INFO - Processing file /opt/airflow/dags/isr_pipeline.py for tasks to queue
[2026-03-21T14:45:46.508+0000] {logging_mixin.py:188} INFO - [2026-03-21T14:45:46.507+0000] {dagbag.py:540} INFO - Filling up the DagBag from /opt/airflow/dags/isr_pipeline.py
[2026-03-21T14:45:46.526+0000] {processor.py:840} INFO - DAG(s) 'isr_pipeline' retrieved from /opt/airflow/dags/isr_pipeline.py
[2026-03-21T14:45:46.566+0000] {logging_mixin.py:188} INFO - [2026-03-21T14:45:46.565+0000] {dag.py:3096} INFO - Sync 1 DAGs
[2026-03-21T14:45:46.614+0000] {processor.py:183} INFO - Processing /opt/airflow/dags/isr_pipeline.py took 0.120 seconds
[2026-03-21T14:46:16.721+0000] {processor.py:161} INFO - Started process (PID=605) to work on /opt/airflow/dags/isr_pipeline.py
[2026-03-21T14:46:16.723+0000] {processor.py:830} INFO - Processing file /opt/airflow/dags/isr_pipeline.py for tasks to queue
[2026-03-21T14:46:16.726+0000] {logging_mixin.py:188} INFO - [2026-03-21T14:46:16.726+0000] {dagbag.py:540} INFO - Filling up the DagBag from /opt/airflow/dags/isr_pipeline.py
[2026-03-21T14:46:16.744+0000] {processor.py:840} INFO - DAG(s) 'isr_pipeline' retrieved from /opt/airflow/dags/isr_pipeline.py
[2026-03-21T14:46:16.783+0000] {logging_mixin.py:188} INFO - [2026-03-21T14:46:16.783+0000] {dag.py:3096} INFO - Sync 1 DAGs
[2026-03-21T14:46:16.835+0000] {processor.py:183} INFO - Processing /opt/airflow/dags/isr_pipeline.py took 0.123 seconds
[2026-03-21T14:46:46.940+0000] {processor.py:161} INFO - Started process (PID=610) to work on /opt/airflow/dags/isr_pipeline.py
[2026-03-21T14:46:46.941+0000] {processor.py:830} INFO - Processing file /opt/airflow/dags/isr_pipeline.py for tasks to queue
[2026-03-21T14:46:46.944+0000] {logging_mixin.py:188} INFO - [2026-03-21T14:46:46.944+0000] {dagbag.py:540} INFO - Filling up the DagBag from /opt/airflow/dags/isr_pipeline.py
[2026-03-21T14:46:46.960+0000] {processor.py:840} INFO - DAG(s) 'isr_pipeline' retrieved from /opt/airflow/dags/isr_pipeline.py
[2026-03-21T14:46:46.999+0000] {logging_mixin.py:188} INFO - [2026-03-21T14:46:46.999+0000] {dag.py:3096} INFO - Sync 1 DAGs
[2026-03-21T14:46:47.046+0000] {processor.py:183} INFO - Processing /opt/airflow/dags/isr_pipeline.py took 0.113 seconds
[2026-03-21T14:47:17.204+0000] {processor.py:161} INFO - Started process (PID=615) to work on /opt/airflow/dags/isr_pipeline.py
[2026-03-21T14:47:17.206+0000] {processor.py:830} INFO - Processing file /opt/airflow/dags/isr_pipeline.py for tasks to queue
[2026-03-21T14:47:17.208+0000] {logging_mixin.py:188} INFO - [2026-03-21T14:47:17.208+0000] {dagbag.py:540} INFO - Filling up the DagBag from /opt/airflow/dags/isr_pipeline.py
[2026-03-21T14:47:17.225+0000] {processor.py:840} INFO - DAG(s) 'isr_pipeline' retrieved from /opt/airflow/dags/isr_pipeline.py
[2026-03-21T14:47:17.265+0000] {logging_mixin.py:188} INFO - [2026-03-21T14:47:17.265+0000] {dag.py:3096} INFO - Sync 1 DAGs
[2026-03-21T14:47:17.313+0000] {processor.py:183} INFO - Processing /opt/airflow/dags/isr_pipeline.py took 0.118 seconds
[2026-03-21T14:47:47.419+0000] {processor.py:161} INFO - Started process (PID=620) to work on /opt/airflow/dags/isr_pipeline.py
[2026-03-21T14:47:47.420+0000] {processor.py:830} INFO - Processing file /opt/airflow/dags/isr_pipeline.py for tasks to queue
[2026-03-21T14:47:47.423+0000] {logging_mixin.py:188} INFO - [2026-03-21T14:47:47.423+0000] {dagbag.py:540} INFO - Filling up the DagBag from /opt/airflow/dags/isr_pipeline.py
[2026-03-21T14:47:47.440+0000] {processor.py:840} INFO - DAG(s) 'isr_pipeline' retrieved from /opt/airflow/dags/isr_pipeline.py
[2026-03-21T14:47:47.482+0000] {logging_mixin.py:188} INFO - [2026-03-21T14:47:47.482+0000] {dag.py:3096} INFO - Sync 1 DAGs
[2026-03-21T14:47:47.532+0000] {processor.py:183} INFO - Processing /opt/airflow/dags/isr_pipeline.py took 0.121 seconds
[2026-03-21T14:48:17.635+0000] {processor.py:161} INFO - Started process (PID=625) to work on /opt/airflow/dags/isr_pipeline.py
[2026-03-21T14:48:17.636+0000] {processor.py:830} INFO - Processing file /opt/airflow/dags/isr_pipeline.py for tasks to queue
[2026-03-21T14:48:17.639+0000] {logging_mixin.py:188} INFO - [2026-03-21T14:48:17.639+0000] {dagbag.py:540} INFO - Filling up the DagBag from /opt/airflow/dags/isr_pipeline.py
[2026-03-21T14:48:17.656+0000] {processor.py:840} INFO - DAG(s) 'isr_pipeline' retrieved from /opt/airflow/dags/isr_pipeline.py
[2026-03-21T14:48:17.696+0000] {logging_mixin.py:188} INFO - [2026-03-21T14:48:17.696+0000] {dag.py:3096} INFO - Sync 1 DAGs
[2026-03-21T14:48:17.744+0000] {processor.py:183} INFO - Processing /opt/airflow/dags/isr_pipeline.py took 0.117 seconds
[2026-03-21T14:48:47.846+0000] {processor.py:161} INFO - Started process (PID=630) to work on /opt/airflow/dags/isr_pipeline.py
[2026-03-21T14:48:47.848+0000] {processor.py:830} INFO - Processing file /opt/airflow/dags/isr_pipeline.py for tasks to queue
[2026-03-21T14:48:47.850+0000] {logging_mixin.py:188} INFO - [2026-03-21T14:48:47.850+0000] {dagbag.py:540} INFO - Filling up the DagBag from /opt/airflow/dags/isr_pipeline.py
[2026-03-21T14:48:47.868+0000] {processor.py:840} INFO - DAG(s) 'isr_pipeline' retrieved from /opt/airflow/dags/isr_pipeline.py
[2026-03-21T14:48:47.907+0000] {logging_mixin.py:188} INFO - [2026-03-21T14:48:47.907+0000] {dag.py:3096} INFO - Sync 1 DAGs
[2026-03-21T14:48:47.954+0000] {processor.py:183} INFO - Processing /opt/airflow/dags/isr_pipeline.py took 0.115 seconds
[2026-03-21T14:49:18.061+0000] {processor.py:161} INFO - Started process (PID=635) to work on /opt/airflow/dags/isr_pipeline.py
[2026-03-21T14:49:18.062+0000] {processor.py:830} INFO - Processing file /opt/airflow/dags/isr_pipeline.py for tasks to queue
[2026-03-21T14:49:18.065+0000] {logging_mixin.py:188} INFO - [2026-03-21T14:49:18.064+0000] {dagbag.py:540} INFO - Filling up the DagBag from /opt/airflow/dags/isr_pipeline.py
[2026-03-21T14:49:18.081+0000] {processor.py:840} INFO - DAG(s) 'isr_pipeline' retrieved from /opt/airflow/dags/isr_pipeline.py
[2026-03-21T14:49:18.119+0000] {logging_mixin.py:188} INFO - [2026-03-21T14:49:18.119+0000] {dag.py:3096} INFO - Sync 1 DAGs
[2026-03-21T14:49:18.166+0000] {processor.py:183} INFO - Processing /opt/airflow/dags/isr_pipeline.py took 0.113 seconds
[2026-03-21T14:49:48.271+0000] {processor.py:161} INFO - Started process (PID=640) to work on /opt/airflow/dags/isr_pipeline.py
[2026-03-21T14:49:48.273+0000] {processor.py:830} INFO - Processing file /opt/airflow/dags/isr_pipeline.py for tasks to queue
[2026-03-21T14:49:48.278+0000] {logging_mixin.py:188} INFO - [2026-03-21T14:49:48.277+0000] {dagbag.py:540} INFO - Filling up the DagBag from /opt/airflow/dags/isr_pipeline.py
[2026-03-21T14:49:48.297+0000] {processor.py:840} INFO - DAG(s) 'isr_pipeline' retrieved from /opt/airflow/dags/isr_pipeline.py
[2026-03-21T14:49:48.342+0000] {logging_mixin.py:188} INFO - [2026-03-21T14:49:48.341+0000] {dag.py:3096} INFO - Sync 1 DAGs
[2026-03-21T14:49:48.393+0000] {processor.py:183} INFO - Processing /opt/airflow/dags/isr_pipeline.py took 0.131 seconds
[2026-03-21T14:50:18.502+0000] {processor.py:161} INFO - Started process (PID=645) to work on /opt/airflow/dags/isr_pipeline.py
[2026-03-21T14:50:18.504+0000] {processor.py:830} INFO - Processing file /opt/airflow/dags/isr_pipeline.py for tasks to queue
[2026-03-21T14:50:18.507+0000] {logging_mixin.py:188} INFO - [2026-03-21T14:50:18.506+0000] {dagbag.py:540} INFO - Filling up the DagBag from /opt/airflow/dags/isr_pipeline.py
[2026-03-21T14:50:18.524+0000] {processor.py:840} INFO - DAG(s) 'isr_pipeline' retrieved from /opt/airflow/dags/isr_pipeline.py
[2026-03-21T14:50:18.565+0000] {logging_mixin.py:188} INFO - [2026-03-21T14:50:18.564+0000] {dag.py:3096} INFO - Sync 1 DAGs
[2026-03-21T14:50:18.615+0000] {processor.py:183} INFO - Processing /opt/airflow/dags/isr_pipeline.py took 0.121 seconds
[2026-03-21T14:50:48.721+0000] {processor.py:161} INFO - Started process (PID=650) to work on /opt/airflow/dags/isr_pipeline.py
[2026-03-21T14:50:48.723+0000] {processor.py:830} INFO - Processing file /opt/airflow/dags/isr_pipeline.py for tasks to queue
[2026-03-21T14:50:48.727+0000] {logging_mixin.py:188} INFO - [2026-03-21T14:50:48.726+0000] {dagbag.py:540} INFO - Filling up the DagBag from /opt/airflow/dags/isr_pipeline.py
[2026-03-21T14:50:48.749+0000] {processor.py:840} INFO - DAG(s) 'isr_pipeline' retrieved from /opt/airflow/dags/isr_pipeline.py
[2026-03-21T14:50:48.792+0000] {logging_mixin.py:188} INFO - [2026-03-21T14:50:48.792+0000] {dag.py:3096} INFO - Sync 1 DAGs
[2026-03-21T14:50:48.850+0000] {processor.py:183} INFO - Processing /opt/airflow/dags/isr_pipeline.py took 0.136 seconds
[2026-03-21T14:51:18.964+0000] {processor.py:161} INFO - Started process (PID=655) to work on /opt/airflow/dags/isr_pipeline.py
[2026-03-21T14:51:18.965+0000] {processor.py:830} INFO - Processing file /opt/airflow/dags/isr_pipeline.py for tasks to queue
[2026-03-21T14:51:18.968+0000] {logging_mixin.py:188} INFO - [2026-03-21T14:51:18.968+0000] {dagbag.py:540} INFO - Filling up the DagBag from /opt/airflow/dags/isr_pipeline.py
[2026-03-21T14:51:18.990+0000] {processor.py:840} INFO - DAG(s) 'isr_pipeline' retrieved from /opt/airflow/dags/isr_pipeline.py
[2026-03-21T14:51:19.036+0000] {logging_mixin.py:188} INFO - [2026-03-21T14:51:19.036+0000] {dag.py:3096} INFO - Sync 1 DAGs
[2026-03-21T14:51:19.090+0000] {processor.py:183} INFO - Processing /opt/airflow/dags/isr_pipeline.py took 0.134 seconds
[2026-03-21T14:51:49.212+0000] {processor.py:161} INFO - Started process (PID=660) to work on /opt/airflow/dags/isr_pipeline.py
[2026-03-21T14:51:49.214+0000] {processor.py:830} INFO - Processing file /opt/airflow/dags/isr_pipeline.py for tasks to queue
[2026-03-21T14:51:49.216+0000] {logging_mixin.py:188} INFO - [2026-03-21T14:51:49.216+0000] {dagbag.py:540} INFO - Filling up the DagBag from /opt/airflow/dags/isr_pipeline.py
[2026-03-21T14:51:49.239+0000] {processor.py:840} INFO - DAG(s) 'isr_pipeline' retrieved from /opt/airflow/dags/isr_pipeline.py
[2026-03-21T14:51:49.287+0000] {logging_mixin.py:188} INFO - [2026-03-21T14:51:49.287+0000] {dag.py:3096} INFO - Sync 1 DAGs
[2026-03-21T14:51:49.345+0000] {processor.py:183} INFO - Processing /opt/airflow/dags/isr_pipeline.py took 0.141 seconds
[2026-03-21T14:52:19.466+0000] {processor.py:161} INFO - Started process (PID=665) to work on /opt/airflow/dags/isr_pipeline.py
[2026-03-21T14:52:19.467+0000] {processor.py:830} INFO - Processing file /opt/airflow/dags/isr_pipeline.py for tasks to queue
[2026-03-21T14:52:19.470+0000] {logging_mixin.py:188} INFO - [2026-03-21T14:52:19.470+0000] {dagbag.py:540} INFO - Filling up the DagBag from /opt/airflow/dags/isr_pipeline.py
[2026-03-21T14:52:19.495+0000] {processor.py:840} INFO - DAG(s) 'isr_pipeline' retrieved from /opt/airflow/dags/isr_pipeline.py
[2026-03-21T14:52:19.542+0000] {logging_mixin.py:188} INFO - [2026-03-21T14:52:19.541+0000] {dag.py:3096} INFO - Sync 1 DAGs
[2026-03-21T14:52:19.597+0000] {processor.py:183} INFO - Processing /opt/airflow/dags/isr_pipeline.py took 0.139 seconds
[2026-03-21T14:52:49.717+0000] {processor.py:161} INFO - Started process (PID=670) to work on /opt/airflow/dags/isr_pipeline.py
[2026-03-21T14:52:49.719+0000] {processor.py:830} INFO - Processing file /opt/airflow/dags/isr_pipeline.py for tasks to queue
[2026-03-21T14:52:49.722+0000] {logging_mixin.py:188} INFO - [2026-03-21T14:52:49.721+0000] {dagbag.py:540} INFO - Filling up the DagBag from /opt/airflow/dags/isr_pipeline.py
[2026-03-21T14:52:49.746+0000] {processor.py:840} INFO - DAG(s) 'isr_pipeline' retrieved from /opt/airflow/dags/isr_pipeline.py
[2026-03-21T14:52:49.792+0000] {logging_mixin.py:188} INFO - [2026-03-21T14:52:49.792+0000] {dag.py:3096} INFO - Sync 1 DAGs
[2026-03-21T14:52:49.847+0000] {processor.py:183} INFO - Processing /opt/airflow/dags/isr_pipeline.py took 0.138 seconds
[2026-03-21T14:53:19.953+0000] {processor.py:161} INFO - Started process (PID=675) to work on /opt/airflow/dags/isr_pipeline.py
[2026-03-21T14:53:19.955+0000] {processor.py:830} INFO - Processing file /opt/airflow/dags/isr_pipeline.py for tasks to queue
[2026-03-21T14:53:19.958+0000] {logging_mixin.py:188} INFO - [2026-03-21T14:53:19.957+0000] {dagbag.py:540} INFO - Filling up the DagBag from /opt/airflow/dags/isr_pipeline.py
[2026-03-21T14:53:19.976+0000] {processor.py:840} INFO - DAG(s) 'isr_pipeline' retrieved from /opt/airflow/dags/isr_pipeline.py
[2026-03-21T14:53:20.020+0000] {logging_mixin.py:188} INFO - [2026-03-21T14:53:20.020+0000] {dag.py:3096} INFO - Sync 1 DAGs
[2026-03-21T14:53:20.082+0000] {processor.py:183} INFO - Processing /opt/airflow/dags/isr_pipeline.py took 0.136 seconds
[2026-03-21T14:53:50.206+0000] {processor.py:161} INFO - Started process (PID=680) to work on /opt/airflow/dags/isr_pipeline.py
[2026-03-21T14:53:50.207+0000] {processor.py:830} INFO - Processing file /opt/airflow/dags/isr_pipeline.py for tasks to queue
[2026-03-21T14:53:50.211+0000] {logging_mixin.py:188} INFO - [2026-03-21T14:53:50.210+0000] {dagbag.py:540} INFO - Filling up the DagBag from /opt/airflow/dags/isr_pipeline.py
[2026-03-21T14:53:50.233+0000] {processor.py:840} INFO - DAG(s) 'isr_pipeline' retrieved from /opt/airflow/dags/isr_pipeline.py
[2026-03-21T14:53:50.281+0000] {logging_mixin.py:188} INFO - [2026-03-21T14:53:50.280+0000] {dag.py:3096} INFO - Sync 1 DAGs
[2026-03-21T14:53:50.344+0000] {processor.py:183} INFO - Processing /opt/airflow/dags/isr_pipeline.py took 0.148 seconds
[2026-03-21T14:54:20.464+0000] {processor.py:161} INFO - Started process (PID=685) to work on /opt/airflow/dags/isr_pipeline.py
[2026-03-21T14:54:20.466+0000] {processor.py:830} INFO - Processing file /opt/airflow/dags/isr_pipeline.py for tasks to queue
[2026-03-21T14:54:20.469+0000] {logging_mixin.py:188} INFO - [2026-03-21T14:54:20.469+0000] {dagbag.py:540} INFO - Filling up the DagBag from /opt/airflow/dags/isr_pipeline.py
[2026-03-21T14:54:20.493+0000] {processor.py:840} INFO - DAG(s) 'isr_pipeline' retrieved from /opt/airflow/dags/isr_pipeline.py
[2026-03-21T14:54:20.543+0000] {logging_mixin.py:188} INFO - [2026-03-21T14:54:20.543+0000] {dag.py:3096} INFO - Sync 1 DAGs
[2026-03-21T14:54:20.608+0000] {processor.py:183} INFO - Processing /opt/airflow/dags/isr_pipeline.py took 0.153 seconds
[2026-03-21T14:54:50.736+0000] {processor.py:161} INFO - Started process (PID=690) to work on /opt/airflow/dags/isr_pipeline.py
[2026-03-21T14:54:50.739+0000] {processor.py:830} INFO - Processing file /opt/airflow/dags/isr_pipeline.py for tasks to queue
[2026-03-21T14:54:50.742+0000] {logging_mixin.py:188} INFO - [2026-03-21T14:54:50.741+0000] {dagbag.py:540} INFO - Filling up the DagBag from /opt/airflow/dags/isr_pipeline.py
[2026-03-21T14:54:50.761+0000] {processor.py:840} INFO - DAG(s) 'isr_pipeline' retrieved from /opt/airflow/dags/isr_pipeline.py
[2026-03-21T14:54:50.812+0000] {logging_mixin.py:188} INFO - [2026-03-21T14:54:50.812+0000] {dag.py:3096} INFO - Sync 1 DAGs
[2026-03-21T14:54:50.870+0000] {processor.py:183} INFO - Processing /opt/airflow/dags/isr_pipeline.py took 0.147 seconds
[2026-03-21T14:55:20.997+0000] {processor.py:161} INFO - Started process (PID=695) to work on /opt/airflow/dags/isr_pipeline.py
[2026-03-21T14:55:20.999+0000] {processor.py:830} INFO - Processing file /opt/airflow/dags/isr_pipeline.py for tasks to queue
[2026-03-21T14:55:21.003+0000] {logging_mixin.py:188} INFO - [2026-03-21T14:55:21.003+0000] {dagbag.py:540} INFO - Filling up the DagBag from /opt/airflow/dags/isr_pipeline.py
[2026-03-21T14:55:21.024+0000] {processor.py:840} INFO - DAG(s) 'isr_pipeline' retrieved from /opt/airflow/dags/isr_pipeline.py
[2026-03-21T14:55:21.073+0000] {logging_mixin.py:188} INFO - [2026-03-21T14:55:21.073+0000] {dag.py:3096} INFO - Sync 1 DAGs
[2026-03-21T14:55:21.141+0000] {processor.py:183} INFO - Processing /opt/airflow/dags/isr_pipeline.py took 0.155 seconds
[2026-03-21T14:55:51.265+0000] {processor.py:161} INFO - Started process (PID=700) to work on /opt/airflow/dags/isr_pipeline.py
[2026-03-21T14:55:51.267+0000] {processor.py:830} INFO - Processing file /opt/airflow/dags/isr_pipeline.py for tasks to queue
[2026-03-21T14:55:51.269+0000] {logging_mixin.py:188} INFO - [2026-03-21T14:55:51.269+0000] {dagbag.py:540} INFO - Filling up the DagBag from /opt/airflow/dags/isr_pipeline.py
[2026-03-21T14:55:51.293+0000] {processor.py:840} INFO - DAG(s) 'isr_pipeline' retrieved from /opt/airflow/dags/isr_pipeline.py
[2026-03-21T14:55:51.342+0000] {logging_mixin.py:188} INFO - [2026-03-21T14:55:51.341+0000] {dag.py:3096} INFO - Sync 1 DAGs
[2026-03-21T14:55:51.402+0000] {processor.py:183} INFO - Processing /opt/airflow/dags/isr_pipeline.py took 0.146 seconds
[2026-03-21T14:56:21.523+0000] {processor.py:161} INFO - Started process (PID=705) to work on /opt/airflow/dags/isr_pipeline.py
[2026-03-21T14:56:21.525+0000] {processor.py:830} INFO - Processing file /opt/airflow/dags/isr_pipeline.py for tasks to queue
[2026-03-21T14:56:21.529+0000] {logging_mixin.py:188} INFO - [2026-03-21T14:56:21.528+0000] {dagbag.py:540} INFO - Filling up the DagBag from /opt/airflow/dags/isr_pipeline.py
[2026-03-21T14:56:21.552+0000] {processor.py:840} INFO - DAG(s) 'isr_pipeline' retrieved from /opt/airflow/dags/isr_pipeline.py
[2026-03-21T14:56:21.597+0000] {logging_mixin.py:188} INFO - [2026-03-21T14:56:21.597+0000] {dag.py:3096} INFO - Sync 1 DAGs
[2026-03-21T14:56:21.651+0000] {processor.py:183} INFO - Processing /opt/airflow/dags/isr_pipeline.py took 0.137 seconds
[2026-03-21T14:56:51.765+0000] {processor.py:161} INFO - Started process (PID=716) to work on /opt/airflow/dags/isr_pipeline.py
[2026-03-21T14:56:51.767+0000] {processor.py:830} INFO - Processing file /opt/airflow/dags/isr_pipeline.py for tasks to queue
[2026-03-21T14:56:51.770+0000] {logging_mixin.py:188} INFO - [2026-03-21T14:56:51.769+0000] {dagbag.py:540} INFO - Filling up the DagBag from /opt/airflow/dags/isr_pipeline.py
[2026-03-21T14:56:51.793+0000] {processor.py:840} INFO - DAG(s) 'isr_pipeline' retrieved from /opt/airflow/dags/isr_pipeline.py
[2026-03-21T14:56:51.844+0000] {logging_mixin.py:188} INFO - [2026-03-21T14:56:51.844+0000] {dag.py:3096} INFO - Sync 1 DAGs
[2026-03-21T14:56:51.902+0000] {processor.py:183} INFO - Processing /opt/airflow/dags/isr_pipeline.py took 0.146 seconds
[2026-03-21T14:57:22.017+0000] {processor.py:161} INFO - Started process (PID=727) to work on /opt/airflow/dags/isr_pipeline.py
[2026-03-21T14:57:22.019+0000] {processor.py:830} INFO - Processing file /opt/airflow/dags/isr_pipeline.py for tasks to queue
[2026-03-21T14:57:22.021+0000] {logging_mixin.py:188} INFO - [2026-03-21T14:57:22.021+0000] {dagbag.py:540} INFO - Filling up the DagBag from /opt/airflow/dags/isr_pipeline.py
[2026-03-21T14:57:22.045+0000] {processor.py:840} INFO - DAG(s) 'isr_pipeline' retrieved from /opt/airflow/dags/isr_pipeline.py
[2026-03-21T14:57:22.092+0000] {logging_mixin.py:188} INFO - [2026-03-21T14:57:22.091+0000] {dag.py:3096} INFO - Sync 1 DAGs
[2026-03-21T14:57:22.148+0000] {processor.py:183} INFO - Processing /opt/airflow/dags/isr_pipeline.py took 0.140 seconds
[2026-03-21T14:57:52.309+0000] {processor.py:161} INFO - Started process (PID=732) to work on /opt/airflow/dags/isr_pipeline.py
[2026-03-21T14:57:52.311+0000] {processor.py:830} INFO - Processing file /opt/airflow/dags/isr_pipeline.py for tasks to queue
[2026-03-21T14:57:52.314+0000] {logging_mixin.py:188} INFO - [2026-03-21T14:57:52.313+0000] {dagbag.py:540} INFO - Filling up the DagBag from /opt/airflow/dags/isr_pipeline.py
[2026-03-21T14:57:52.337+0000] {processor.py:840} INFO - DAG(s) 'isr_pipeline' retrieved from /opt/airflow/dags/isr_pipeline.py
[2026-03-21T14:57:52.385+0000] {logging_mixin.py:188} INFO - [2026-03-21T14:57:52.385+0000] {dag.py:3096} INFO - Sync 1 DAGs
[2026-03-21T14:57:52.442+0000] {processor.py:183} INFO - Processing /opt/airflow/dags/isr_pipeline.py took 0.141 seconds
[2026-03-21T14:58:22.557+0000] {processor.py:161} INFO - Started process (PID=737) to work on /opt/airflow/dags/isr_pipeline.py
[2026-03-21T14:58:22.559+0000] {processor.py:830} INFO - Processing file /opt/airflow/dags/isr_pipeline.py for tasks to queue
[2026-03-21T14:58:22.561+0000] {logging_mixin.py:188} INFO - [2026-03-21T14:58:22.561+0000] {dagbag.py:540} INFO - Filling up the DagBag from /opt/airflow/dags/isr_pipeline.py
[2026-03-21T14:58:22.581+0000] {processor.py:840} INFO - DAG(s) 'isr_pipeline' retrieved from /opt/airflow/dags/isr_pipeline.py
[2026-03-21T14:58:22.624+0000] {logging_mixin.py:188} INFO - [2026-03-21T14:58:22.623+0000] {dag.py:3096} INFO - Sync 1 DAGs
[2026-03-21T14:58:22.674+0000] {processor.py:183} INFO - Processing /opt/airflow/dags/isr_pipeline.py took 0.125 seconds
[2026-03-21T14:58:52.796+0000] {processor.py:161} INFO - Started process (PID=742) to work on /opt/airflow/dags/isr_pipeline.py
[2026-03-21T14:58:52.798+0000] {processor.py:830} INFO - Processing file /opt/airflow/dags/isr_pipeline.py for tasks to queue
[2026-03-21T14:58:52.802+0000] {logging_mixin.py:188} INFO - [2026-03-21T14:58:52.801+0000] {dagbag.py:540} INFO - Filling up the DagBag from /opt/airflow/dags/isr_pipeline.py
[2026-03-21T14:58:52.822+0000] {processor.py:840} INFO - DAG(s) 'isr_pipeline' retrieved from /opt/airflow/dags/isr_pipeline.py
[2026-03-21T14:58:52.868+0000] {logging_mixin.py:188} INFO - [2026-03-21T14:58:52.868+0000] {dag.py:3096} INFO - Sync 1 DAGs
[2026-03-21T14:58:52.920+0000] {processor.py:183} INFO - Processing /opt/airflow/dags/isr_pipeline.py took 0.131 seconds
[2026-03-21T14:59:23.035+0000] {processor.py:161} INFO - Started process (PID=747) to work on /opt/airflow/dags/isr_pipeline.py
[2026-03-21T14:59:23.037+0000] {processor.py:830} INFO - Processing file /opt/airflow/dags/isr_pipeline.py for tasks to queue
[2026-03-21T14:59:23.040+0000] {logging_mixin.py:188} INFO - [2026-03-21T14:59:23.039+0000] {dagbag.py:540} INFO - Filling up the DagBag from /opt/airflow/dags/isr_pipeline.py
[2026-03-21T14:59:23.056+0000] {processor.py:840} INFO - DAG(s) 'isr_pipeline' retrieved from /opt/airflow/dags/isr_pipeline.py
[2026-03-21T14:59:23.099+0000] {logging_mixin.py:188} INFO - [2026-03-21T14:59:23.099+0000] {dag.py:3096} INFO - Sync 1 DAGs
[2026-03-21T14:59:23.150+0000] {processor.py:183} INFO - Processing /opt/airflow/dags/isr_pipeline.py took 0.127 seconds
[2026-03-21T14:59:53.270+0000] {processor.py:161} INFO - Started process (PID=752) to work on /opt/airflow/dags/isr_pipeline.py
[2026-03-21T14:59:53.272+0000] {processor.py:830} INFO - Processing file /opt/airflow/dags/isr_pipeline.py for tasks to queue
[2026-03-21T14:59:53.274+0000] {logging_mixin.py:188} INFO - [2026-03-21T14:59:53.274+0000] {dagbag.py:540} INFO - Filling up the DagBag from /opt/airflow/dags/isr_pipeline.py
[2026-03-21T14:59:53.296+0000] {processor.py:840} INFO - DAG(s) 'isr_pipeline' retrieved from /opt/airflow/dags/isr_pipeline.py
[2026-03-21T14:59:53.339+0000] {logging_mixin.py:188} INFO - [2026-03-21T14:59:53.339+0000] {dag.py:3096} INFO - Sync 1 DAGs
[2026-03-21T14:59:53.391+0000] {processor.py:183} INFO - Processing /opt/airflow/dags/isr_pipeline.py took 0.129 seconds
[2026-03-21T15:00:23.511+0000] {processor.py:161} INFO - Started process (PID=791) to work on /opt/airflow/dags/isr_pipeline.py
[2026-03-21T15:00:23.512+0000] {processor.py:830} INFO - Processing file /opt/airflow/dags/isr_pipeline.py for tasks to queue
[2026-03-21T15:00:23.515+0000] {logging_mixin.py:188} INFO - [2026-03-21T15:00:23.514+0000] {dagbag.py:540} INFO - Filling up the DagBag from /opt/airflow/dags/isr_pipeline.py
[2026-03-21T15:00:23.536+0000] {processor.py:840} INFO - DAG(s) 'isr_pipeline' retrieved from /opt/airflow/dags/isr_pipeline.py
[2026-03-21T15:00:23.577+0000] {logging_mixin.py:188} INFO - [2026-03-21T15:00:23.577+0000] {dag.py:3096} INFO - Sync 1 DAGs
[2026-03-21T15:00:23.626+0000] {processor.py:183} INFO - Processing /opt/airflow/dags/isr_pipeline.py took 0.123 seconds
[2026-03-21T15:00:53.741+0000] {processor.py:161} INFO - Started process (PID=796) to work on /opt/airflow/dags/isr_pipeline.py
[2026-03-21T15:00:53.742+0000] {processor.py:830} INFO - Processing file /opt/airflow/dags/isr_pipeline.py for tasks to queue
[2026-03-21T15:00:53.745+0000] {logging_mixin.py:188} INFO - [2026-03-21T15:00:53.745+0000] {dagbag.py:540} INFO - Filling up the DagBag from /opt/airflow/dags/isr_pipeline.py
[2026-03-21T15:00:53.762+0000] {processor.py:840} INFO - DAG(s) 'isr_pipeline' retrieved from /opt/airflow/dags/isr_pipeline.py
[2026-03-21T15:00:53.805+0000] {logging_mixin.py:188} INFO - [2026-03-21T15:00:53.804+0000] {dag.py:3096} INFO - Sync 1 DAGs
[2026-03-21T15:00:53.857+0000] {processor.py:183} INFO - Processing /opt/airflow/dags/isr_pipeline.py took 0.127 seconds
[2026-03-21T15:01:23.971+0000] {processor.py:161} INFO - Started process (PID=801) to work on /opt/airflow/dags/isr_pipeline.py
[2026-03-21T15:01:23.973+0000] {processor.py:830} INFO - Processing file /opt/airflow/dags/isr_pipeline.py for tasks to queue
[2026-03-21T15:01:23.975+0000] {logging_mixin.py:188} INFO - [2026-03-21T15:01:23.975+0000] {dagbag.py:540} INFO - Filling up the DagBag from /opt/airflow/dags/isr_pipeline.py
[2026-03-21T15:01:23.996+0000] {processor.py:840} INFO - DAG(s) 'isr_pipeline' retrieved from /opt/airflow/dags/isr_pipeline.py
[2026-03-21T15:01:24.038+0000] {logging_mixin.py:188} INFO - [2026-03-21T15:01:24.038+0000] {dag.py:3096} INFO - Sync 1 DAGs
[2026-03-21T15:01:24.087+0000] {processor.py:183} INFO - Processing /opt/airflow/dags/isr_pipeline.py took 0.123 seconds
[2026-03-21T15:01:54.202+0000] {processor.py:161} INFO - Started process (PID=806) to work on /opt/airflow/dags/isr_pipeline.py
[2026-03-21T15:01:54.204+0000] {processor.py:830} INFO - Processing file /opt/airflow/dags/isr_pipeline.py for tasks to queue
[2026-03-21T15:01:54.207+0000] {logging_mixin.py:188} INFO - [2026-03-21T15:01:54.206+0000] {dagbag.py:540} INFO - Filling up the DagBag from /opt/airflow/dags/isr_pipeline.py
[2026-03-21T15:01:54.224+0000] {processor.py:840} INFO - DAG(s) 'isr_pipeline' retrieved from /opt/airflow/dags/isr_pipeline.py
[2026-03-21T15:01:54.269+0000] {logging_mixin.py:188} INFO - [2026-03-21T15:01:54.269+0000] {dag.py:3096} INFO - Sync 1 DAGs
[2026-03-21T15:01:54.321+0000] {processor.py:183} INFO - Processing /opt/airflow/dags/isr_pipeline.py took 0.126 seconds
[2026-03-21T15:02:24.553+0000] {processor.py:161} INFO - Started process (PID=811) to work on /opt/airflow/dags/isr_pipeline.py
[2026-03-21T15:02:24.554+0000] {processor.py:830} INFO - Processing file /opt/airflow/dags/isr_pipeline.py for tasks to queue
[2026-03-21T15:02:24.557+0000] {logging_mixin.py:188} INFO - [2026-03-21T15:02:24.556+0000] {dagbag.py:540} INFO - Filling up the DagBag from /opt/airflow/dags/isr_pipeline.py
[2026-03-21T15:02:24.574+0000] {processor.py:840} INFO - DAG(s) 'isr_pipeline' retrieved from /opt/airflow/dags/isr_pipeline.py
[2026-03-21T15:02:24.620+0000] {logging_mixin.py:188} INFO - [2026-03-21T15:02:24.619+0000] {dag.py:3096} INFO - Sync 1 DAGs
[2026-03-21T15:02:24.674+0000] {processor.py:183} INFO - Processing /opt/airflow/dags/isr_pipeline.py took 0.130 seconds
[2026-03-21T15:02:54.796+0000] {processor.py:161} INFO - Started process (PID=816) to work on /opt/airflow/dags/isr_pipeline.py
[2026-03-21T15:02:54.797+0000] {processor.py:830} INFO - Processing file /opt/airflow/dags/isr_pipeline.py for tasks to queue
[2026-03-21T15:02:54.800+0000] {logging_mixin.py:188} INFO - [2026-03-21T15:02:54.800+0000] {dagbag.py:540} INFO - Filling up the DagBag from /opt/airflow/dags/isr_pipeline.py
[2026-03-21T15:02:54.817+0000] {processor.py:840} INFO - DAG(s) 'isr_pipeline' retrieved from /opt/airflow/dags/isr_pipeline.py
[2026-03-21T15:02:54.862+0000] {logging_mixin.py:188} INFO - [2026-03-21T15:02:54.861+0000] {dag.py:3096} INFO - Sync 1 DAGs
[2026-03-21T15:02:54.913+0000] {processor.py:183} INFO - Processing /opt/airflow/dags/isr_pipeline.py took 0.128 seconds
[2026-03-21T15:03:25.031+0000] {processor.py:161} INFO - Started process (PID=821) to work on /opt/airflow/dags/isr_pipeline.py
[2026-03-21T15:03:25.035+0000] {processor.py:830} INFO - Processing file /opt/airflow/dags/isr_pipeline.py for tasks to queue
[2026-03-21T15:03:25.040+0000] {logging_mixin.py:188} INFO - [2026-03-21T15:03:25.039+0000] {dagbag.py:540} INFO - Filling up the DagBag from /opt/airflow/dags/isr_pipeline.py
[2026-03-21T15:03:25.058+0000] {processor.py:840} INFO - DAG(s) 'isr_pipeline' retrieved from /opt/airflow/dags/isr_pipeline.py
[2026-03-21T15:03:25.100+0000] {logging_mixin.py:188} INFO - [2026-03-21T15:03:25.100+0000] {dag.py:3096} INFO - Sync 1 DAGs
[2026-03-21T15:03:25.152+0000] {processor.py:183} INFO - Processing /opt/airflow/dags/isr_pipeline.py took 0.130 seconds
[2026-03-21T15:03:55.272+0000] {processor.py:161} INFO - Started process (PID=826) to work on /opt/airflow/dags/isr_pipeline.py
[2026-03-21T15:03:55.274+0000] {processor.py:830} INFO - Processing file /opt/airflow/dags/isr_pipeline.py for tasks to queue
[2026-03-21T15:03:55.277+0000] {logging_mixin.py:188} INFO - [2026-03-21T15:03:55.276+0000] {dagbag.py:540} INFO - Filling up the DagBag from /opt/airflow/dags/isr_pipeline.py
[2026-03-21T15:03:55.300+0000] {processor.py:840} INFO - DAG(s) 'isr_pipeline' retrieved from /opt/airflow/dags/isr_pipeline.py
[2026-03-21T15:03:55.346+0000] {logging_mixin.py:188} INFO - [2026-03-21T15:03:55.346+0000] {dag.py:3096} INFO - Sync 1 DAGs
[2026-03-21T15:03:55.455+0000] {processor.py:183} INFO - Processing /opt/airflow/dags/isr_pipeline.py took 0.191 seconds
[2026-03-21T15:04:25.591+0000] {processor.py:161} INFO - Started process (PID=831) to work on /opt/airflow/dags/isr_pipeline.py
[2026-03-21T15:04:25.593+0000] {processor.py:830} INFO - Processing file /opt/airflow/dags/isr_pipeline.py for tasks to queue
[2026-03-21T15:04:25.596+0000] {logging_mixin.py:188} INFO - [2026-03-21T15:04:25.596+0000] {dagbag.py:540} INFO - Filling up the DagBag from /opt/airflow/dags/isr_pipeline.py
[2026-03-21T15:04:25.614+0000] {processor.py:840} INFO - DAG(s) 'isr_pipeline' retrieved from /opt/airflow/dags/isr_pipeline.py
[2026-03-21T15:04:25.658+0000] {logging_mixin.py:188} INFO - [2026-03-21T15:04:25.658+0000] {dag.py:3096} INFO - Sync 1 DAGs
[2026-03-21T15:04:25.713+0000] {processor.py:183} INFO - Processing /opt/airflow/dags/isr_pipeline.py took 0.134 seconds
[2026-03-21T15:04:55.826+0000] {processor.py:161} INFO - Started process (PID=836) to work on /opt/airflow/dags/isr_pipeline.py
[2026-03-21T15:04:55.828+0000] {processor.py:830} INFO - Processing file /opt/airflow/dags/isr_pipeline.py for tasks to queue
[2026-03-21T15:04:55.831+0000] {logging_mixin.py:188} INFO - [2026-03-21T15:04:55.830+0000] {dagbag.py:540} INFO - Filling up the DagBag from /opt/airflow/dags/isr_pipeline.py
[2026-03-21T15:04:55.849+0000] {processor.py:840} INFO - DAG(s) 'isr_pipeline' retrieved from /opt/airflow/dags/isr_pipeline.py
[2026-03-21T15:04:55.889+0000] {logging_mixin.py:188} INFO - [2026-03-21T15:04:55.889+0000] {dag.py:3096} INFO - Sync 1 DAGs
[2026-03-21T15:04:55.938+0000] {processor.py:183} INFO - Processing /opt/airflow/dags/isr_pipeline.py took 0.120 seconds
[2026-03-21T15:05:26.052+0000] {processor.py:161} INFO - Started process (PID=841) to work on /opt/airflow/dags/isr_pipeline.py
[2026-03-21T15:05:26.054+0000] {processor.py:830} INFO - Processing file /opt/airflow/dags/isr_pipeline.py for tasks to queue
[2026-03-21T15:05:26.057+0000] {logging_mixin.py:188} INFO - [2026-03-21T15:05:26.056+0000] {dagbag.py:540} INFO - Filling up the DagBag from /opt/airflow/dags/isr_pipeline.py
[2026-03-21T15:05:26.073+0000] {processor.py:840} INFO - DAG(s) 'isr_pipeline' retrieved from /opt/airflow/dags/isr_pipeline.py
[2026-03-21T15:05:26.116+0000] {logging_mixin.py:188} INFO - [2026-03-21T15:05:26.116+0000] {dag.py:3096} INFO - Sync 1 DAGs
[2026-03-21T15:05:26.165+0000] {processor.py:183} INFO - Processing /opt/airflow/dags/isr_pipeline.py took 0.121 seconds
[2026-03-21T15:05:56.283+0000] {processor.py:161} INFO - Started process (PID=846) to work on /opt/airflow/dags/isr_pipeline.py
[2026-03-21T15:05:56.285+0000] {processor.py:830} INFO - Processing file /opt/airflow/dags/isr_pipeline.py for tasks to queue
[2026-03-21T15:05:56.289+0000] {logging_mixin.py:188} INFO - [2026-03-21T15:05:56.288+0000] {dagbag.py:540} INFO - Filling up the DagBag from /opt/airflow/dags/isr_pipeline.py
[2026-03-21T15:05:56.308+0000] {processor.py:840} INFO - DAG(s) 'isr_pipeline' retrieved from /opt/airflow/dags/isr_pipeline.py
[2026-03-21T15:05:56.352+0000] {logging_mixin.py:188} INFO - [2026-03-21T15:05:56.352+0000] {dag.py:3096} INFO - Sync 1 DAGs
[2026-03-21T15:05:56.401+0000] {processor.py:183} INFO - Processing /opt/airflow/dags/isr_pipeline.py took 0.127 seconds
[2026-03-21T15:06:26.516+0000] {processor.py:161} INFO - Started process (PID=851) to work on /opt/airflow/dags/isr_pipeline.py
[2026-03-21T15:06:26.518+0000] {processor.py:830} INFO - Processing file /opt/airflow/dags/isr_pipeline.py for tasks to queue
[2026-03-21T15:06:26.520+0000] {logging_mixin.py:188} INFO - [2026-03-21T15:06:26.520+0000] {dagbag.py:540} INFO - Filling up the DagBag from /opt/airflow/dags/isr_pipeline.py
[2026-03-21T15:06:26.544+0000] {processor.py:840} INFO - DAG(s) 'isr_pipeline' retrieved from /opt/airflow/dags/isr_pipeline.py
[2026-03-21T15:06:26.585+0000] {logging_mixin.py:188} INFO - [2026-03-21T15:06:26.584+0000] {dag.py:3096} INFO - Sync 1 DAGs
[2026-03-21T15:06:26.636+0000] {processor.py:183} INFO - Processing /opt/airflow/dags/isr_pipeline.py took 0.128 seconds
[2026-03-21T15:06:56.753+0000] {processor.py:161} INFO - Started process (PID=856) to work on /opt/airflow/dags/isr_pipeline.py
[2026-03-21T15:06:56.754+0000] {processor.py:830} INFO - Processing file /opt/airflow/dags/isr_pipeline.py for tasks to queue
[2026-03-21T15:06:56.757+0000] {logging_mixin.py:188} INFO - [2026-03-21T15:06:56.756+0000] {dagbag.py:540} INFO - Filling up the DagBag from /opt/airflow/dags/isr_pipeline.py
[2026-03-21T15:06:56.774+0000] {processor.py:840} INFO - DAG(s) 'isr_pipeline' retrieved from /opt/airflow/dags/isr_pipeline.py
[2026-03-21T15:06:56.819+0000] {logging_mixin.py:188} INFO - [2026-03-21T15:06:56.818+0000] {dag.py:3096} INFO - Sync 1 DAGs
[2026-03-21T15:06:56.873+0000] {processor.py:183} INFO - Processing /opt/airflow/dags/isr_pipeline.py took 0.130 seconds
[2026-03-21T15:07:26.991+0000] {processor.py:161} INFO - Started process (PID=861) to work on /opt/airflow/dags/isr_pipeline.py
[2026-03-21T15:07:26.994+0000] {processor.py:830} INFO - Processing file /opt/airflow/dags/isr_pipeline.py for tasks to queue
[2026-03-21T15:07:26.997+0000] {logging_mixin.py:188} INFO - [2026-03-21T15:07:26.996+0000] {dagbag.py:540} INFO - Filling up the DagBag from /opt/airflow/dags/isr_pipeline.py
[2026-03-21T15:07:27.016+0000] {processor.py:840} INFO - DAG(s) 'isr_pipeline' retrieved from /opt/airflow/dags/isr_pipeline.py
[2026-03-21T15:07:27.059+0000] {logging_mixin.py:188} INFO - [2026-03-21T15:07:27.059+0000] {dag.py:3096} INFO - Sync 1 DAGs
[2026-03-21T15:07:27.110+0000] {processor.py:183} INFO - Processing /opt/airflow/dags/isr_pipeline.py took 0.130 seconds
[2026-03-21T15:07:57.250+0000] {processor.py:161} INFO - Started process (PID=866) to work on /opt/airflow/dags/isr_pipeline.py
[2026-03-21T15:07:57.252+0000] {processor.py:830} INFO - Processing file /opt/airflow/dags/isr_pipeline.py for tasks to queue
[2026-03-21T15:07:57.255+0000] {logging_mixin.py:188} INFO - [2026-03-21T15:07:57.254+0000] {dagbag.py:540} INFO - Filling up the DagBag from /opt/airflow/dags/isr_pipeline.py
[2026-03-21T15:07:57.272+0000] {processor.py:840} INFO - DAG(s) 'isr_pipeline' retrieved from /opt/airflow/dags/isr_pipeline.py
[2026-03-21T15:07:57.317+0000] {logging_mixin.py:188} INFO - [2026-03-21T15:07:57.316+0000] {dag.py:3096} INFO - Sync 1 DAGs
[2026-03-21T15:07:57.364+0000] {processor.py:183} INFO - Processing /opt/airflow/dags/isr_pipeline.py took 0.125 seconds
[2026-03-21T15:08:27.468+0000] {processor.py:161} INFO - Started process (PID=871) to work on /opt/airflow/dags/isr_pipeline.py
[2026-03-21T15:08:27.469+0000] {processor.py:830} INFO - Processing file /opt/airflow/dags/isr_pipeline.py for tasks to queue
[2026-03-21T15:08:27.472+0000] {logging_mixin.py:188} INFO - [2026-03-21T15:08:27.472+0000] {dagbag.py:540} INFO - Filling up the DagBag from /opt/airflow/dags/isr_pipeline.py
[2026-03-21T15:08:27.491+0000] {processor.py:840} INFO - DAG(s) 'isr_pipeline' retrieved from /opt/airflow/dags/isr_pipeline.py
[2026-03-21T15:08:27.533+0000] {logging_mixin.py:188} INFO - [2026-03-21T15:08:27.533+0000] {dag.py:3096} INFO - Sync 1 DAGs
[2026-03-21T15:08:27.584+0000] {processor.py:183} INFO - Processing /opt/airflow/dags/isr_pipeline.py took 0.124 seconds
[2026-03-21T15:08:57.693+0000] {processor.py:161} INFO - Started process (PID=876) to work on /opt/airflow/dags/isr_pipeline.py
[2026-03-21T15:08:57.695+0000] {processor.py:830} INFO - Processing file /opt/airflow/dags/isr_pipeline.py for tasks to queue
[2026-03-21T15:08:57.698+0000] {logging_mixin.py:188} INFO - [2026-03-21T15:08:57.698+0000] {dagbag.py:540} INFO - Filling up the DagBag from /opt/airflow/dags/isr_pipeline.py
[2026-03-21T15:08:57.716+0000] {processor.py:840} INFO - DAG(s) 'isr_pipeline' retrieved from /opt/airflow/dags/isr_pipeline.py
[2026-03-21T15:08:57.760+0000] {logging_mixin.py:188} INFO - [2026-03-21T15:08:57.759+0000] {dag.py:3096} INFO - Sync 1 DAGs
[2026-03-21T15:08:57.810+0000] {processor.py:183} INFO - Processing /opt/airflow/dags/isr_pipeline.py took 0.127 seconds
[2026-03-21T15:09:27.965+0000] {processor.py:161} INFO - Started process (PID=881) to work on /opt/airflow/dags/isr_pipeline.py
[2026-03-21T15:09:27.967+0000] {processor.py:830} INFO - Processing file /opt/airflow/dags/isr_pipeline.py for tasks to queue
[2026-03-21T15:09:27.970+0000] {logging_mixin.py:188} INFO - [2026-03-21T15:09:27.970+0000] {dagbag.py:540} INFO - Filling up the DagBag from /opt/airflow/dags/isr_pipeline.py
[2026-03-21T15:09:27.990+0000] {processor.py:840} INFO - DAG(s) 'isr_pipeline' retrieved from /opt/airflow/dags/isr_pipeline.py
[2026-03-21T15:09:28.039+0000] {logging_mixin.py:188} INFO - [2026-03-21T15:09:28.038+0000] {dag.py:3096} INFO - Sync 1 DAGs
[2026-03-21T15:09:28.100+0000] {processor.py:183} INFO - Processing /opt/airflow/dags/isr_pipeline.py took 0.144 seconds
[2026-03-21T15:09:58.232+0000] {processor.py:161} INFO - Started process (PID=886) to work on /opt/airflow/dags/isr_pipeline.py
[2026-03-21T15:09:58.234+0000] {processor.py:830} INFO - Processing file /opt/airflow/dags/isr_pipeline.py for tasks to queue
[2026-03-21T15:09:58.238+0000] {logging_mixin.py:188} INFO - [2026-03-21T15:09:58.237+0000] {dagbag.py:540} INFO - Filling up the DagBag from /opt/airflow/dags/isr_pipeline.py
[2026-03-21T15:09:58.261+0000] {processor.py:840} INFO - DAG(s) 'isr_pipeline' retrieved from /opt/airflow/dags/isr_pipeline.py
[2026-03-21T15:09:58.314+0000] {logging_mixin.py:188} INFO - [2026-03-21T15:09:58.314+0000] {dag.py:3096} INFO - Sync 1 DAGs
[2026-03-21T15:09:58.376+0000] {processor.py:183} INFO - Processing /opt/airflow/dags/isr_pipeline.py took 0.153 seconds
[2026-03-21T15:10:28.492+0000] {processor.py:161} INFO - Started process (PID=891) to work on /opt/airflow/dags/isr_pipeline.py
[2026-03-21T15:10:28.495+0000] {processor.py:830} INFO - Processing file /opt/airflow/dags/isr_pipeline.py for tasks to queue
[2026-03-21T15:10:28.500+0000] {logging_mixin.py:188} INFO - [2026-03-21T15:10:28.499+0000] {dagbag.py:540} INFO - Filling up the DagBag from /opt/airflow/dags/isr_pipeline.py
[2026-03-21T15:10:28.520+0000] {processor.py:840} INFO - DAG(s) 'isr_pipeline' retrieved from /opt/airflow/dags/isr_pipeline.py
[2026-03-21T15:10:28.569+0000] {logging_mixin.py:188} INFO - [2026-03-21T15:10:28.569+0000] {dag.py:3096} INFO - Sync 1 DAGs
[2026-03-21T15:10:28.626+0000] {processor.py:183} INFO - Processing /opt/airflow/dags/isr_pipeline.py took 0.144 seconds
[2026-03-21T15:10:58.751+0000] {processor.py:161} INFO - Started process (PID=896) to work on /opt/airflow/dags/isr_pipeline.py
[2026-03-21T15:10:58.753+0000] {processor.py:830} INFO - Processing file /opt/airflow/dags/isr_pipeline.py for tasks to queue
[2026-03-21T15:10:58.757+0000] {logging_mixin.py:188} INFO - [2026-03-21T15:10:58.756+0000] {dagbag.py:540} INFO - Filling up the DagBag from /opt/airflow/dags/isr_pipeline.py
[2026-03-21T15:10:58.777+0000] {processor.py:840} INFO - DAG(s) 'isr_pipeline' retrieved from /opt/airflow/dags/isr_pipeline.py
[2026-03-21T15:10:58.829+0000] {logging_mixin.py:188} INFO - [2026-03-21T15:10:58.829+0000] {dag.py:3096} INFO - Sync 1 DAGs
[2026-03-21T15:10:58.902+0000] {processor.py:183} INFO - Processing /opt/airflow/dags/isr_pipeline.py took 0.163 seconds
[2026-03-21T15:11:29.037+0000] {processor.py:161} INFO - Started process (PID=901) to work on /opt/airflow/dags/isr_pipeline.py
[2026-03-21T15:11:29.039+0000] {processor.py:830} INFO - Processing file /opt/airflow/dags/isr_pipeline.py for tasks to queue
[2026-03-21T15:11:29.044+0000] {logging_mixin.py:188} INFO - [2026-03-21T15:11:29.043+0000] {dagbag.py:540} INFO - Filling up the DagBag from /opt/airflow/dags/isr_pipeline.py
[2026-03-21T15:11:29.068+0000] {processor.py:840} INFO - DAG(s) 'isr_pipeline' retrieved from /opt/airflow/dags/isr_pipeline.py
[2026-03-21T15:11:29.122+0000] {logging_mixin.py:188} INFO - [2026-03-21T15:11:29.122+0000] {dag.py:3096} INFO - Sync 1 DAGs
[2026-03-21T15:11:29.185+0000] {processor.py:183} INFO - Processing /opt/airflow/dags/isr_pipeline.py took 0.159 seconds
[2026-03-21T15:11:59.335+0000] {processor.py:161} INFO - Started process (PID=906) to work on /opt/airflow/dags/isr_pipeline.py
[2026-03-21T15:11:59.337+0000] {processor.py:830} INFO - Processing file /opt/airflow/dags/isr_pipeline.py for tasks to queue
[2026-03-21T15:11:59.340+0000] {logging_mixin.py:188} INFO - [2026-03-21T15:11:59.339+0000] {dagbag.py:540} INFO - Filling up the DagBag from /opt/airflow/dags/isr_pipeline.py
[2026-03-21T15:11:59.359+0000] {processor.py:840} INFO - DAG(s) 'isr_pipeline' retrieved from /opt/airflow/dags/isr_pipeline.py
[2026-03-21T15:11:59.405+0000] {logging_mixin.py:188} INFO - [2026-03-21T15:11:59.405+0000] {dag.py:3096} INFO - Sync 1 DAGs
[2026-03-21T15:11:59.462+0000] {processor.py:183} INFO - Processing /opt/airflow/dags/isr_pipeline.py took 0.137 seconds
[2026-03-21T15:12:29.603+0000] {processor.py:161} INFO - Started process (PID=911) to work on /opt/airflow/dags/isr_pipeline.py
[2026-03-21T15:12:29.605+0000] {processor.py:830} INFO - Processing file /opt/airflow/dags/isr_pipeline.py for tasks to queue
[2026-03-21T15:12:29.608+0000] {logging_mixin.py:188} INFO - [2026-03-21T15:12:29.608+0000] {dagbag.py:540} INFO - Filling up the DagBag from /opt/airflow/dags/isr_pipeline.py
[2026-03-21T15:12:29.628+0000] {processor.py:840} INFO - DAG(s) 'isr_pipeline' retrieved from /opt/airflow/dags/isr_pipeline.py
[2026-03-21T15:12:29.676+0000] {logging_mixin.py:188} INFO - [2026-03-21T15:12:29.676+0000] {dag.py:3096} INFO - Sync 1 DAGs
[2026-03-21T15:12:29.737+0000] {processor.py:183} INFO - Processing /opt/airflow/dags/isr_pipeline.py took 0.144 seconds
[2026-03-21T15:12:59.891+0000] {processor.py:161} INFO - Started process (PID=916) to work on /opt/airflow/dags/isr_pipeline.py
[2026-03-21T15:12:59.894+0000] {processor.py:830} INFO - Processing file /opt/airflow/dags/isr_pipeline.py for tasks to queue
[2026-03-21T15:12:59.899+0000] {logging_mixin.py:188} INFO - [2026-03-21T15:12:59.898+0000] {dagbag.py:540} INFO - Filling up the DagBag from /opt/airflow/dags/isr_pipeline.py
[2026-03-21T15:12:59.926+0000] {processor.py:840} INFO - DAG(s) 'isr_pipeline' retrieved from /opt/airflow/dags/isr_pipeline.py
[2026-03-21T15:12:59.990+0000] {logging_mixin.py:188} INFO - [2026-03-21T15:12:59.990+0000] {dag.py:3096} INFO - Sync 1 DAGs
[2026-03-21T15:13:00.063+0000] {processor.py:183} INFO - Processing /opt/airflow/dags/isr_pipeline.py took 0.181 seconds
[2026-03-21T15:13:30.197+0000] {processor.py:161} INFO - Started process (PID=921) to work on /opt/airflow/dags/isr_pipeline.py
[2026-03-21T15:13:30.199+0000] {processor.py:830} INFO - Processing file /opt/airflow/dags/isr_pipeline.py for tasks to queue
[2026-03-21T15:13:30.202+0000] {logging_mixin.py:188} INFO - [2026-03-21T15:13:30.202+0000] {dagbag.py:540} INFO - Filling up the DagBag from /opt/airflow/dags/isr_pipeline.py
[2026-03-21T15:13:30.231+0000] {processor.py:840} INFO - DAG(s) 'isr_pipeline' retrieved from /opt/airflow/dags/isr_pipeline.py
[2026-03-21T15:13:30.286+0000] {logging_mixin.py:188} INFO - [2026-03-21T15:13:30.285+0000] {dag.py:3096} INFO - Sync 1 DAGs
[2026-03-21T15:13:30.347+0000] {processor.py:183} INFO - Processing /opt/airflow/dags/isr_pipeline.py took 0.162 seconds
[2026-03-21T15:14:00.470+0000] {processor.py:161} INFO - Started process (PID=926) to work on /opt/airflow/dags/isr_pipeline.py
[2026-03-21T15:14:00.473+0000] {processor.py:830} INFO - Processing file /opt/airflow/dags/isr_pipeline.py for tasks to queue
[2026-03-21T15:14:00.478+0000] {logging_mixin.py:188} INFO - [2026-03-21T15:14:00.477+0000] {dagbag.py:540} INFO - Filling up the DagBag from /opt/airflow/dags/isr_pipeline.py
[2026-03-21T15:14:00.500+0000] {processor.py:840} INFO - DAG(s) 'isr_pipeline' retrieved from /opt/airflow/dags/isr_pipeline.py
[2026-03-21T15:14:00.558+0000] {logging_mixin.py:188} INFO - [2026-03-21T15:14:00.558+0000] {dag.py:3096} INFO - Sync 1 DAGs
[2026-03-21T15:14:00.618+0000] {processor.py:183} INFO - Processing /opt/airflow/dags/isr_pipeline.py took 0.158 seconds
[2026-03-21T15:30:24.378+0000] {processor.py:161} INFO - Started process (PID=163) to work on /opt/airflow/dags/isr_pipeline.py
[2026-03-21T15:30:24.382+0000] {processor.py:830} INFO - Processing file /opt/airflow/dags/isr_pipeline.py for tasks to queue
[2026-03-21T15:30:24.386+0000] {logging_mixin.py:188} INFO - [2026-03-21T15:30:24.385+0000] {dagbag.py:540} INFO - Filling up the DagBag from /opt/airflow/dags/isr_pipeline.py
[2026-03-21T15:30:24.438+0000] {processor.py:840} INFO - DAG(s) 'isr_pipeline' retrieved from /opt/airflow/dags/isr_pipeline.py
[2026-03-21T15:30:24.949+0000] {logging_mixin.py:188} INFO - [2026-03-21T15:30:24.948+0000] {dag.py:3096} INFO - Sync 1 DAGs
[2026-03-21T15:30:25.012+0000] {processor.py:183} INFO - Processing /opt/airflow/dags/isr_pipeline.py took 0.644 seconds
[2026-03-21T15:30:55.156+0000] {processor.py:161} INFO - Started process (PID=169) to work on /opt/airflow/dags/isr_pipeline.py
[2026-03-21T15:30:55.157+0000] {processor.py:830} INFO - Processing file /opt/airflow/dags/isr_pipeline.py for tasks to queue
[2026-03-21T15:30:55.160+0000] {logging_mixin.py:188} INFO - [2026-03-21T15:30:55.160+0000] {dagbag.py:540} INFO - Filling up the DagBag from /opt/airflow/dags/isr_pipeline.py
[2026-03-21T15:30:55.177+0000] {processor.py:840} INFO - DAG(s) 'isr_pipeline' retrieved from /opt/airflow/dags/isr_pipeline.py
[2026-03-21T15:30:55.219+0000] {logging_mixin.py:188} INFO - [2026-03-21T15:30:55.219+0000] {dag.py:3096} INFO - Sync 1 DAGs
[2026-03-21T15:30:55.273+0000] {processor.py:183} INFO - Processing /opt/airflow/dags/isr_pipeline.py took 0.125 seconds
[2026-03-21T15:31:25.333+0000] {processor.py:161} INFO - Started process (PID=174) to work on /opt/airflow/dags/isr_pipeline.py
[2026-03-21T15:31:25.334+0000] {processor.py:830} INFO - Processing file /opt/airflow/dags/isr_pipeline.py for tasks to queue
[2026-03-21T15:31:25.337+0000] {logging_mixin.py:188} INFO - [2026-03-21T15:31:25.336+0000] {dagbag.py:540} INFO - Filling up the DagBag from /opt/airflow/dags/isr_pipeline.py
[2026-03-21T15:31:25.353+0000] {processor.py:840} INFO - DAG(s) 'isr_pipeline' retrieved from /opt/airflow/dags/isr_pipeline.py
[2026-03-21T15:31:25.394+0000] {logging_mixin.py:188} INFO - [2026-03-21T15:31:25.393+0000] {dag.py:3096} INFO - Sync 1 DAGs
[2026-03-21T15:31:25.439+0000] {processor.py:183} INFO - Processing /opt/airflow/dags/isr_pipeline.py took 0.113 seconds
[2026-03-21T15:31:55.543+0000] {processor.py:161} INFO - Started process (PID=179) to work on /opt/airflow/dags/isr_pipeline.py
[2026-03-21T15:31:55.545+0000] {processor.py:830} INFO - Processing file /opt/airflow/dags/isr_pipeline.py for tasks to queue
[2026-03-21T15:31:55.548+0000] {logging_mixin.py:188} INFO - [2026-03-21T15:31:55.547+0000] {dagbag.py:540} INFO - Filling up the DagBag from /opt/airflow/dags/isr_pipeline.py
[2026-03-21T15:31:55.566+0000] {processor.py:840} INFO - DAG(s) 'isr_pipeline' retrieved from /opt/airflow/dags/isr_pipeline.py
[2026-03-21T15:31:55.611+0000] {logging_mixin.py:188} INFO - [2026-03-21T15:31:55.611+0000] {dag.py:3096} INFO - Sync 1 DAGs
[2026-03-21T15:31:55.660+0000] {processor.py:183} INFO - Processing /opt/airflow/dags/isr_pipeline.py took 0.126 seconds
[2026-03-21T15:32:25.760+0000] {processor.py:161} INFO - Started process (PID=184) to work on /opt/airflow/dags/isr_pipeline.py
[2026-03-21T15:32:25.762+0000] {processor.py:830} INFO - Processing file /opt/airflow/dags/isr_pipeline.py for tasks to queue
[2026-03-21T15:32:25.765+0000] {logging_mixin.py:188} INFO - [2026-03-21T15:32:25.764+0000] {dagbag.py:540} INFO - Filling up the DagBag from /opt/airflow/dags/isr_pipeline.py
[2026-03-21T15:32:25.781+0000] {processor.py:840} INFO - DAG(s) 'isr_pipeline' retrieved from /opt/airflow/dags/isr_pipeline.py
[2026-03-21T15:32:25.823+0000] {logging_mixin.py:188} INFO - [2026-03-21T15:32:25.823+0000] {dag.py:3096} INFO - Sync 1 DAGs
[2026-03-21T15:32:25.880+0000] {processor.py:183} INFO - Processing /opt/airflow/dags/isr_pipeline.py took 0.127 seconds
[2026-03-21T15:32:55.982+0000] {processor.py:161} INFO - Started process (PID=189) to work on /opt/airflow/dags/isr_pipeline.py
[2026-03-21T15:32:55.983+0000] {processor.py:830} INFO - Processing file /opt/airflow/dags/isr_pipeline.py for tasks to queue
[2026-03-21T15:32:55.986+0000] {logging_mixin.py:188} INFO - [2026-03-21T15:32:55.985+0000] {dagbag.py:540} INFO - Filling up the DagBag from /opt/airflow/dags/isr_pipeline.py
[2026-03-21T15:32:56.002+0000] {processor.py:840} INFO - DAG(s) 'isr_pipeline' retrieved from /opt/airflow/dags/isr_pipeline.py
[2026-03-21T15:32:56.041+0000] {logging_mixin.py:188} INFO - [2026-03-21T15:32:56.041+0000] {dag.py:3096} INFO - Sync 1 DAGs
[2026-03-21T15:32:56.088+0000] {processor.py:183} INFO - Processing /opt/airflow/dags/isr_pipeline.py took 0.114 seconds
[2026-03-21T15:33:26.189+0000] {processor.py:161} INFO - Started process (PID=194) to work on /opt/airflow/dags/isr_pipeline.py
[2026-03-21T15:33:26.190+0000] {processor.py:830} INFO - Processing file /opt/airflow/dags/isr_pipeline.py for tasks to queue
[2026-03-21T15:33:26.193+0000] {logging_mixin.py:188} INFO - [2026-03-21T15:33:26.193+0000] {dagbag.py:540} INFO - Filling up the DagBag from /opt/airflow/dags/isr_pipeline.py
[2026-03-21T15:33:26.209+0000] {processor.py:840} INFO - DAG(s) 'isr_pipeline' retrieved from /opt/airflow/dags/isr_pipeline.py
[2026-03-21T15:33:26.246+0000] {logging_mixin.py:188} INFO - [2026-03-21T15:33:26.246+0000] {dag.py:3096} INFO - Sync 1 DAGs
[2026-03-21T15:33:26.300+0000] {processor.py:183} INFO - Processing /opt/airflow/dags/isr_pipeline.py took 0.119 seconds
[2026-03-21T15:33:56.401+0000] {processor.py:161} INFO - Started process (PID=199) to work on /opt/airflow/dags/isr_pipeline.py
[2026-03-21T15:33:56.402+0000] {processor.py:830} INFO - Processing file /opt/airflow/dags/isr_pipeline.py for tasks to queue
[2026-03-21T15:33:56.405+0000] {logging_mixin.py:188} INFO - [2026-03-21T15:33:56.405+0000] {dagbag.py:540} INFO - Filling up the DagBag from /opt/airflow/dags/isr_pipeline.py
[2026-03-21T15:33:56.424+0000] {processor.py:840} INFO - DAG(s) 'isr_pipeline' retrieved from /opt/airflow/dags/isr_pipeline.py
[2026-03-21T15:33:56.463+0000] {logging_mixin.py:188} INFO - [2026-03-21T15:33:56.463+0000] {dag.py:3096} INFO - Sync 1 DAGs
[2026-03-21T15:33:56.510+0000] {processor.py:183} INFO - Processing /opt/airflow/dags/isr_pipeline.py took 0.117 seconds
[2026-03-21T15:34:26.609+0000] {processor.py:161} INFO - Started process (PID=204) to work on /opt/airflow/dags/isr_pipeline.py
[2026-03-21T15:34:26.611+0000] {processor.py:830} INFO - Processing file /opt/airflow/dags/isr_pipeline.py for tasks to queue
[2026-03-21T15:34:26.614+0000] {logging_mixin.py:188} INFO - [2026-03-21T15:34:26.613+0000] {dagbag.py:540} INFO - Filling up the DagBag from /opt/airflow/dags/isr_pipeline.py
[2026-03-21T15:34:26.634+0000] {processor.py:840} INFO - DAG(s) 'isr_pipeline' retrieved from /opt/airflow/dags/isr_pipeline.py
[2026-03-21T15:34:26.673+0000] {logging_mixin.py:188} INFO - [2026-03-21T15:34:26.673+0000] {dag.py:3096} INFO - Sync 1 DAGs
[2026-03-21T15:34:26.719+0000] {processor.py:183} INFO - Processing /opt/airflow/dags/isr_pipeline.py took 0.117 seconds
[2026-03-21T15:34:56.816+0000] {processor.py:161} INFO - Started process (PID=209) to work on /opt/airflow/dags/isr_pipeline.py
[2026-03-21T15:34:56.817+0000] {processor.py:830} INFO - Processing file /opt/airflow/dags/isr_pipeline.py for tasks to queue
[2026-03-21T15:34:56.820+0000] {logging_mixin.py:188} INFO - [2026-03-21T15:34:56.819+0000] {dagbag.py:540} INFO - Filling up the DagBag from /opt/airflow/dags/isr_pipeline.py
[2026-03-21T15:34:56.836+0000] {processor.py:840} INFO - DAG(s) 'isr_pipeline' retrieved from /opt/airflow/dags/isr_pipeline.py
[2026-03-21T15:34:56.874+0000] {logging_mixin.py:188} INFO - [2026-03-21T15:34:56.873+0000] {dag.py:3096} INFO - Sync 1 DAGs
[2026-03-21T15:34:56.919+0000] {processor.py:183} INFO - Processing /opt/airflow/dags/isr_pipeline.py took 0.111 seconds
[2026-03-21T15:35:28.942+0000] {processor.py:161} INFO - Started process (PID=1377) to work on /opt/airflow/dags/isr_pipeline.py
[2026-03-21T15:35:28.955+0000] {processor.py:830} INFO - Processing file /opt/airflow/dags/isr_pipeline.py for tasks to queue
[2026-03-21T15:35:29.476+0000] {logging_mixin.py:188} INFO - [2026-03-21T15:35:29.358+0000] {dagbag.py:540} INFO - Filling up the DagBag from /opt/airflow/dags/isr_pipeline.py
[2026-03-21T15:35:33.422+0000] {processor.py:840} INFO - DAG(s) 'isr_pipeline' retrieved from /opt/airflow/dags/isr_pipeline.py
[2026-03-21T15:35:48.321+0000] {logging_mixin.py:188} INFO - [2026-03-21T15:35:48.245+0000] {dag.py:3096} INFO - Sync 1 DAGs
[2026-03-21T15:35:53.413+0000] {processor.py:183} INFO - Processing /opt/airflow/dags/isr_pipeline.py took 25.291 seconds
[2026-03-21T15:36:24.019+0000] {processor.py:161} INFO - Started process (PID=1521) to work on /opt/airflow/dags/isr_pipeline.py
[2026-03-21T15:36:24.020+0000] {processor.py:830} INFO - Processing file /opt/airflow/dags/isr_pipeline.py for tasks to queue
[2026-03-21T15:36:24.023+0000] {logging_mixin.py:188} INFO - [2026-03-21T15:36:24.022+0000] {dagbag.py:540} INFO - Filling up the DagBag from /opt/airflow/dags/isr_pipeline.py
[2026-03-21T15:36:24.045+0000] {processor.py:840} INFO - DAG(s) 'isr_pipeline' retrieved from /opt/airflow/dags/isr_pipeline.py
[2026-03-21T15:36:24.095+0000] {logging_mixin.py:188} INFO - [2026-03-21T15:36:24.095+0000] {dag.py:3096} INFO - Sync 1 DAGs
[2026-03-21T15:36:24.150+0000] {processor.py:183} INFO - Processing /opt/airflow/dags/isr_pipeline.py took 0.140 seconds
[2026-03-21T15:36:54.252+0000] {processor.py:161} INFO - Started process (PID=1544) to work on /opt/airflow/dags/isr_pipeline.py
[2026-03-21T15:36:54.254+0000] {processor.py:830} INFO - Processing file /opt/airflow/dags/isr_pipeline.py for tasks to queue
[2026-03-21T15:36:54.257+0000] {logging_mixin.py:188} INFO - [2026-03-21T15:36:54.256+0000] {dagbag.py:540} INFO - Filling up the DagBag from /opt/airflow/dags/isr_pipeline.py
[2026-03-21T15:36:54.276+0000] {processor.py:840} INFO - DAG(s) 'isr_pipeline' retrieved from /opt/airflow/dags/isr_pipeline.py
[2026-03-21T15:36:54.318+0000] {logging_mixin.py:188} INFO - [2026-03-21T15:36:54.318+0000] {dag.py:3096} INFO - Sync 1 DAGs
[2026-03-21T15:36:54.366+0000] {processor.py:183} INFO - Processing /opt/airflow/dags/isr_pipeline.py took 0.122 seconds
[2026-03-21T15:37:24.466+0000] {processor.py:161} INFO - Started process (PID=1561) to work on /opt/airflow/dags/isr_pipeline.py
[2026-03-21T15:37:24.468+0000] {processor.py:830} INFO - Processing file /opt/airflow/dags/isr_pipeline.py for tasks to queue
[2026-03-21T15:37:24.471+0000] {logging_mixin.py:188} INFO - [2026-03-21T15:37:24.470+0000] {dagbag.py:540} INFO - Filling up the DagBag from /opt/airflow/dags/isr_pipeline.py
[2026-03-21T15:37:24.488+0000] {processor.py:840} INFO - DAG(s) 'isr_pipeline' retrieved from /opt/airflow/dags/isr_pipeline.py
[2026-03-21T15:37:24.529+0000] {logging_mixin.py:188} INFO - [2026-03-21T15:37:24.529+0000] {dag.py:3096} INFO - Sync 1 DAGs
[2026-03-21T15:37:24.578+0000] {processor.py:183} INFO - Processing /opt/airflow/dags/isr_pipeline.py took 0.119 seconds
[2026-03-21T15:37:54.681+0000] {processor.py:161} INFO - Started process (PID=1576) to work on /opt/airflow/dags/isr_pipeline.py
[2026-03-21T15:37:54.682+0000] {processor.py:830} INFO - Processing file /opt/airflow/dags/isr_pipeline.py for tasks to queue
[2026-03-21T15:37:54.685+0000] {logging_mixin.py:188} INFO - [2026-03-21T15:37:54.685+0000] {dagbag.py:540} INFO - Filling up the DagBag from /opt/airflow/dags/isr_pipeline.py
[2026-03-21T15:37:54.702+0000] {processor.py:840} INFO - DAG(s) 'isr_pipeline' retrieved from /opt/airflow/dags/isr_pipeline.py
[2026-03-21T15:37:54.745+0000] {logging_mixin.py:188} INFO - [2026-03-21T15:37:54.745+0000] {dag.py:3096} INFO - Sync 1 DAGs
[2026-03-21T15:37:54.795+0000] {processor.py:183} INFO - Processing /opt/airflow/dags/isr_pipeline.py took 0.122 seconds
[2026-03-21T15:38:24.895+0000] {processor.py:161} INFO - Started process (PID=1592) to work on /opt/airflow/dags/isr_pipeline.py
[2026-03-21T15:38:24.896+0000] {processor.py:830} INFO - Processing file /opt/airflow/dags/isr_pipeline.py for tasks to queue
[2026-03-21T15:38:24.899+0000] {logging_mixin.py:188} INFO - [2026-03-21T15:38:24.898+0000] {dagbag.py:540} INFO - Filling up the DagBag from /opt/airflow/dags/isr_pipeline.py
[2026-03-21T15:38:24.917+0000] {processor.py:840} INFO - DAG(s) 'isr_pipeline' retrieved from /opt/airflow/dags/isr_pipeline.py
[2026-03-21T15:38:24.957+0000] {logging_mixin.py:188} INFO - [2026-03-21T15:38:24.957+0000] {dag.py:3096} INFO - Sync 1 DAGs
[2026-03-21T15:38:25.006+0000] {processor.py:183} INFO - Processing /opt/airflow/dags/isr_pipeline.py took 0.119 seconds
[2026-03-21T15:38:55.113+0000] {processor.py:161} INFO - Started process (PID=1611) to work on /opt/airflow/dags/isr_pipeline.py
[2026-03-21T15:38:55.115+0000] {processor.py:830} INFO - Processing file /opt/airflow/dags/isr_pipeline.py for tasks to queue
[2026-03-21T15:38:55.117+0000] {logging_mixin.py:188} INFO - [2026-03-21T15:38:55.117+0000] {dagbag.py:540} INFO - Filling up the DagBag from /opt/airflow/dags/isr_pipeline.py
[2026-03-21T15:38:55.135+0000] {processor.py:840} INFO - DAG(s) 'isr_pipeline' retrieved from /opt/airflow/dags/isr_pipeline.py
[2026-03-21T15:38:55.175+0000] {logging_mixin.py:188} INFO - [2026-03-21T15:38:55.174+0000] {dag.py:3096} INFO - Sync 1 DAGs
[2026-03-21T15:38:55.223+0000] {processor.py:183} INFO - Processing /opt/airflow/dags/isr_pipeline.py took 0.118 seconds
[2026-03-21T15:39:25.335+0000] {processor.py:161} INFO - Started process (PID=1630) to work on /opt/airflow/dags/isr_pipeline.py
[2026-03-21T15:39:25.336+0000] {processor.py:830} INFO - Processing file /opt/airflow/dags/isr_pipeline.py for tasks to queue
[2026-03-21T15:39:25.339+0000] {logging_mixin.py:188} INFO - [2026-03-21T15:39:25.338+0000] {dagbag.py:540} INFO - Filling up the DagBag from /opt/airflow/dags/isr_pipeline.py
[2026-03-21T15:39:25.357+0000] {processor.py:840} INFO - DAG(s) 'isr_pipeline' retrieved from /opt/airflow/dags/isr_pipeline.py
[2026-03-21T15:39:25.398+0000] {logging_mixin.py:188} INFO - [2026-03-21T15:39:25.398+0000] {dag.py:3096} INFO - Sync 1 DAGs
[2026-03-21T15:39:25.448+0000] {processor.py:183} INFO - Processing /opt/airflow/dags/isr_pipeline.py took 0.123 seconds
[2026-03-21T15:39:55.554+0000] {processor.py:161} INFO - Started process (PID=1646) to work on /opt/airflow/dags/isr_pipeline.py
[2026-03-21T15:39:55.555+0000] {processor.py:830} INFO - Processing file /opt/airflow/dags/isr_pipeline.py for tasks to queue
[2026-03-21T15:39:55.558+0000] {logging_mixin.py:188} INFO - [2026-03-21T15:39:55.558+0000] {dagbag.py:540} INFO - Filling up the DagBag from /opt/airflow/dags/isr_pipeline.py
[2026-03-21T15:39:55.578+0000] {processor.py:840} INFO - DAG(s) 'isr_pipeline' retrieved from /opt/airflow/dags/isr_pipeline.py
[2026-03-21T15:39:55.624+0000] {logging_mixin.py:188} INFO - [2026-03-21T15:39:55.623+0000] {dag.py:3096} INFO - Sync 1 DAGs
[2026-03-21T15:39:55.684+0000] {processor.py:183} INFO - Processing /opt/airflow/dags/isr_pipeline.py took 0.138 seconds
[2026-03-21T15:40:26.290+0000] {processor.py:161} INFO - Started process (PID=2711) to work on /opt/airflow/dags/isr_pipeline.py
[2026-03-21T15:40:26.293+0000] {processor.py:830} INFO - Processing file /opt/airflow/dags/isr_pipeline.py for tasks to queue
[2026-03-21T15:40:26.297+0000] {logging_mixin.py:188} INFO - [2026-03-21T15:40:26.296+0000] {dagbag.py:540} INFO - Filling up the DagBag from /opt/airflow/dags/isr_pipeline.py
[2026-03-21T15:40:26.345+0000] {processor.py:840} INFO - DAG(s) 'isr_pipeline' retrieved from /opt/airflow/dags/isr_pipeline.py
[2026-03-21T15:40:26.429+0000] {logging_mixin.py:188} INFO - [2026-03-21T15:40:26.428+0000] {dag.py:3096} INFO - Sync 1 DAGs
[2026-03-21T15:40:26.527+0000] {processor.py:183} INFO - Processing /opt/airflow/dags/isr_pipeline.py took 0.255 seconds
[2026-03-21T15:41:00.413+0000] {processor.py:161} INFO - Started process (PID=2763) to work on /opt/airflow/dags/isr_pipeline.py
[2026-03-21T15:41:00.555+0000] {processor.py:830} INFO - Processing file /opt/airflow/dags/isr_pipeline.py for tasks to queue
[2026-03-21T15:41:00.904+0000] {logging_mixin.py:188} INFO - [2026-03-21T15:41:00.852+0000] {dagbag.py:540} INFO - Filling up the DagBag from /opt/airflow/dags/isr_pipeline.py
[2026-03-21T15:41:07.794+0000] {processor.py:840} INFO - DAG(s) 'isr_pipeline' retrieved from /opt/airflow/dags/isr_pipeline.py
[2026-03-21T15:41:13.278+0000] {logging_mixin.py:188} INFO - [2026-03-21T15:41:13.191+0000] {dag.py:3096} INFO - Sync 1 DAGs
[2026-03-21T15:41:16.150+0000] {processor.py:183} INFO - Processing /opt/airflow/dags/isr_pipeline.py took 16.740 seconds
[2026-03-21T15:41:48.672+0000] {processor.py:161} INFO - Started process (PID=2791) to work on /opt/airflow/dags/isr_pipeline.py
[2026-03-21T15:41:48.695+0000] {processor.py:830} INFO - Processing file /opt/airflow/dags/isr_pipeline.py for tasks to queue
[2026-03-21T15:41:48.763+0000] {logging_mixin.py:188} INFO - [2026-03-21T15:41:48.753+0000] {dagbag.py:540} INFO - Filling up the DagBag from /opt/airflow/dags/isr_pipeline.py
[2026-03-21T15:41:51.320+0000] {processor.py:840} INFO - DAG(s) 'isr_pipeline' retrieved from /opt/airflow/dags/isr_pipeline.py
[2026-03-21T15:41:58.272+0000] {logging_mixin.py:188} INFO - [2026-03-21T15:41:57.789+0000] {dag.py:3096} INFO - Sync 1 DAGs
[2026-03-21T15:42:03.196+0000] {processor.py:183} INFO - Processing /opt/airflow/dags/isr_pipeline.py took 15.466 seconds
[2026-03-21T15:42:38.793+0000] {processor.py:161} INFO - Started process (PID=2800) to work on /opt/airflow/dags/isr_pipeline.py
[2026-03-21T15:42:39.021+0000] {processor.py:830} INFO - Processing file /opt/airflow/dags/isr_pipeline.py for tasks to queue
[2026-03-21T15:42:39.116+0000] {logging_mixin.py:188} INFO - [2026-03-21T15:42:39.039+0000] {dagbag.py:540} INFO - Filling up the DagBag from /opt/airflow/dags/isr_pipeline.py
[2026-03-21T15:42:41.706+0000] {processor.py:840} INFO - DAG(s) 'isr_pipeline' retrieved from /opt/airflow/dags/isr_pipeline.py
[2026-03-21T15:42:49.263+0000] {logging_mixin.py:188} INFO - [2026-03-21T15:42:49.208+0000] {dag.py:3096} INFO - Sync 1 DAGs
[2026-03-21T15:42:56.393+0000] {processor.py:183} INFO - Processing /opt/airflow/dags/isr_pipeline.py took 19.368 seconds
[2026-03-21T15:43:31.916+0000] {processor.py:161} INFO - Started process (PID=2810) to work on /opt/airflow/dags/isr_pipeline.py
[2026-03-21T15:43:31.945+0000] {processor.py:830} INFO - Processing file /opt/airflow/dags/isr_pipeline.py for tasks to queue
[2026-03-21T15:43:33.631+0000] {logging_mixin.py:188} INFO - [2026-03-21T15:43:32.011+0000] {dagbag.py:540} INFO - Filling up the DagBag from /opt/airflow/dags/isr_pipeline.py
[2026-03-21T15:43:37.623+0000] {processor.py:840} INFO - DAG(s) 'isr_pipeline' retrieved from /opt/airflow/dags/isr_pipeline.py
[2026-03-21T15:43:53.528+0000] {logging_mixin.py:188} INFO - [2026-03-21T15:43:53.438+0000] {dag.py:3096} INFO - Sync 1 DAGs
[2026-03-21T15:44:11.503+0000] {processor.py:183} INFO - Processing /opt/airflow/dags/isr_pipeline.py took 41.284 seconds
[2026-03-21T15:44:46.896+0000] {processor.py:161} INFO - Started process (PID=2817) to work on /opt/airflow/dags/isr_pipeline.py
[2026-03-21T15:44:47.160+0000] {processor.py:830} INFO - Processing file /opt/airflow/dags/isr_pipeline.py for tasks to queue
[2026-03-21T15:44:47.898+0000] {logging_mixin.py:188} INFO - [2026-03-21T15:44:47.842+0000] {dagbag.py:540} INFO - Filling up the DagBag from /opt/airflow/dags/isr_pipeline.py
[2026-03-21T15:44:52.767+0000] {processor.py:840} INFO - DAG(s) 'isr_pipeline' retrieved from /opt/airflow/dags/isr_pipeline.py
[2026-03-21T15:45:10.874+0000] {logging_mixin.py:188} INFO - [2026-03-21T15:45:10.215+0000] {dag.py:3096} INFO - Sync 1 DAGs
[2026-03-21T15:46:13.459+0000] {processor.py:161} INFO - Started process (PID=2821) to work on /opt/airflow/dags/isr_pipeline.py
[2026-03-21T15:46:13.786+0000] {processor.py:830} INFO - Processing file /opt/airflow/dags/isr_pipeline.py for tasks to queue
[2026-03-21T15:46:16.637+0000] {logging_mixin.py:188} INFO - [2026-03-21T15:46:14.912+0000] {dagbag.py:540} INFO - Filling up the DagBag from /opt/airflow/dags/isr_pipeline.py
[2026-03-21T15:46:28.599+0000] {processor.py:840} INFO - DAG(s) 'isr_pipeline' retrieved from /opt/airflow/dags/isr_pipeline.py
[2026-03-21T15:47:00.133+0000] {logging_mixin.py:188} INFO - [2026-03-21T15:46:57.930+0000] {dag.py:3096} INFO - Sync 1 DAGs
[2026-03-21T15:48:01.332+0000] {processor.py:161} INFO - Started process (PID=2829) to work on /opt/airflow/dags/isr_pipeline.py
[2026-03-21T15:48:02.209+0000] {processor.py:830} INFO - Processing file /opt/airflow/dags/isr_pipeline.py for tasks to queue
[2026-03-21T15:48:02.976+0000] {logging_mixin.py:188} INFO - [2026-03-21T15:48:02.839+0000] {dagbag.py:540} INFO - Filling up the DagBag from /opt/airflow/dags/isr_pipeline.py
[2026-03-21T15:48:16.737+0000] {processor.py:840} INFO - DAG(s) 'isr_pipeline' retrieved from /opt/airflow/dags/isr_pipeline.py
[2026-03-21T15:49:41.724+0000] {processor.py:161} INFO - Started process (PID=2835) to work on /opt/airflow/dags/isr_pipeline.py
[2026-03-21T15:49:45.689+0000] {processor.py:830} INFO - Processing file /opt/airflow/dags/isr_pipeline.py for tasks to queue
[2026-03-21T15:49:52.302+0000] {logging_mixin.py:188} INFO - [2026-03-21T15:49:49.259+0000] {dagbag.py:540} INFO - Filling up the DagBag from /opt/airflow/dags/isr_pipeline.py
[2026-03-21T15:53:02.625+0000] {processor.py:161} INFO - Started process (PID=3005) to work on /opt/airflow/dags/isr_pipeline.py
[2026-03-21T15:53:02.627+0000] {processor.py:830} INFO - Processing file /opt/airflow/dags/isr_pipeline.py for tasks to queue
[2026-03-21T15:53:02.629+0000] {logging_mixin.py:188} INFO - [2026-03-21T15:53:02.628+0000] {dagbag.py:540} INFO - Filling up the DagBag from /opt/airflow/dags/isr_pipeline.py
[2026-03-21T15:53:02.653+0000] {processor.py:840} INFO - DAG(s) 'isr_pipeline' retrieved from /opt/airflow/dags/isr_pipeline.py
[2026-03-21T15:53:02.870+0000] {logging_mixin.py:188} INFO - [2026-03-21T15:53:02.870+0000] {dag.py:3096} INFO - Sync 1 DAGs
[2026-03-21T15:53:02.924+0000] {processor.py:183} INFO - Processing /opt/airflow/dags/isr_pipeline.py took 0.307 seconds
[2026-03-21T15:53:33.030+0000] {processor.py:161} INFO - Started process (PID=3026) to work on /opt/airflow/dags/isr_pipeline.py
[2026-03-21T15:53:33.031+0000] {processor.py:830} INFO - Processing file /opt/airflow/dags/isr_pipeline.py for tasks to queue
[2026-03-21T15:53:33.033+0000] {logging_mixin.py:188} INFO - [2026-03-21T15:53:33.033+0000] {dagbag.py:540} INFO - Filling up the DagBag from /opt/airflow/dags/isr_pipeline.py
[2026-03-21T15:53:33.052+0000] {processor.py:840} INFO - DAG(s) 'isr_pipeline' retrieved from /opt/airflow/dags/isr_pipeline.py
[2026-03-21T15:53:33.092+0000] {logging_mixin.py:188} INFO - [2026-03-21T15:53:33.092+0000] {dag.py:3096} INFO - Sync 1 DAGs
[2026-03-21T15:53:33.139+0000] {processor.py:183} INFO - Processing /opt/airflow/dags/isr_pipeline.py took 0.117 seconds
[2026-03-21T15:54:03.255+0000] {processor.py:161} INFO - Started process (PID=3044) to work on /opt/airflow/dags/isr_pipeline.py
[2026-03-21T15:54:03.257+0000] {processor.py:830} INFO - Processing file /opt/airflow/dags/isr_pipeline.py for tasks to queue
[2026-03-21T15:54:03.260+0000] {logging_mixin.py:188} INFO - [2026-03-21T15:54:03.259+0000] {dagbag.py:540} INFO - Filling up the DagBag from /opt/airflow/dags/isr_pipeline.py
[2026-03-21T15:54:03.282+0000] {processor.py:840} INFO - DAG(s) 'isr_pipeline' retrieved from /opt/airflow/dags/isr_pipeline.py
[2026-03-21T15:54:03.320+0000] {logging_mixin.py:188} INFO - [2026-03-21T15:54:03.320+0000] {dag.py:3096} INFO - Sync 1 DAGs
[2026-03-21T15:54:03.373+0000] {processor.py:183} INFO - Processing /opt/airflow/dags/isr_pipeline.py took 0.126 seconds
[2026-03-21T15:54:33.489+0000] {processor.py:161} INFO - Started process (PID=3063) to work on /opt/airflow/dags/isr_pipeline.py
[2026-03-21T15:54:33.491+0000] {processor.py:830} INFO - Processing file /opt/airflow/dags/isr_pipeline.py for tasks to queue
[2026-03-21T15:54:33.492+0000] {logging_mixin.py:188} INFO - [2026-03-21T15:54:33.492+0000] {dagbag.py:540} INFO - Filling up the DagBag from /opt/airflow/dags/isr_pipeline.py
[2026-03-21T15:54:33.495+0000] {processor.py:840} INFO - DAG(s) 'isr_pipeline' retrieved from /opt/airflow/dags/isr_pipeline.py
[2026-03-21T15:54:33.540+0000] {logging_mixin.py:188} INFO - [2026-03-21T15:54:33.539+0000] {dag.py:3096} INFO - Sync 1 DAGs
[2026-03-21T15:54:33.589+0000] {processor.py:183} INFO - Processing /opt/airflow/dags/isr_pipeline.py took 0.129 seconds
